2026-07-09 10:39:10 Engine: started at phase 'mine'
2026-07-09 10:39:11 MinePhase: Found new vein at [1235, 713]
2026-07-09 10:39:11 MinePhase: Initial click to walk to vein at [1235, 713] (vein at [1235, 713])
2026-07-09 10:39:13 MinePhase: Clicked stable vein at [1235, 713] (vein at [1235, 713])
2026-07-09 10:39:14 MinePhase: Clicked stable vein at [1235, 713] (vein at [1235, 713])
2026-07-09 10:39:16 MinePhase: Clicked stable vein at [1235, 713] (vein at [1235, 713])
2026-07-09 10:39:18 MinePhase: Clicked stable vein at [1235, 713] (vein at [1235, 713])
2026-07-09 10:39:19 MinePhase: Clicked stable vein at [1235, 713] (vein at [1235, 713])
2026-07-09 10:39:21 MinePhase: Clicked stable vein at [1235, 713] (vein at [1235, 713])
2026-07-09 10:39:23 MinePhase: Clicked stable vein at [1235, 713] (vein at [1235, 713])
2026-07-09 10:39:24 MinePhase: Clicked stable vein at [1235, 713] (vein at [1235, 713])
2026-07-09 10:39:26 MinePhase: Clicked stable vein at [1235, 713] (vein at [1235, 713])
2026-07-09 10:39:28 MinePhase: Clicked stable vein at [1235, 713] (vein at [1235, 713])
2026-07-09 10:39:30 MinePhase: Clicked stable vein at [1235, 713] (vein at [1235, 713])
2026-07-09 10:39:31 MinePhase: Clicked stable vein at [1235, 713] (vein at [1235, 713])
2026-07-09 10:39:33 MinePhase: Clicked stable vein at [1235, 713] (vein at [1235, 713])
2026-07-09 10:39:35 MinePhase: Clicked stable vein at [1235, 713] (vein at [1235, 713])
2026-07-09 10:39:36 MinePhase: Clicked stable vein at [1235, 713] (vein at [1235, 713])
2026-07-09 10:39:38 MinePhase: Clicked stable vein at [1235, 713] (vein at [1235, 713])
2026-07-09 10:39:40 MinePhase: Clicked stable vein at [1235, 713] (vein at [1235, 713])
2026-07-09 10:39:42 MinePhase: Clicked stable vein at [1235, 713] (vein at [1235, 713])
2026-07-09 10:39:42 MinePhase: Lost track of vein or depleted. Finding new vein.
2026-07-09 10:39:42 MinePhase: Found new vein at [1307, 713]
2026-07-09 10:39:43 MinePhase: Initial click to walk to vein at [1307, 713] (vein at [1307, 713])
2026-07-09 10:39:45 MinePhase: Clicked stable vein at [1265, 713] (vein at [1265, 713])
2026-07-09 10:39:46 MinePhase: Clicked stable vein at [1259, 713] (vein at [1259, 713])
2026-07-09 10:39:48 MinePhase: Clicked stable vein at [1259, 713] (vein at [1259, 713])
2026-07-09 10:39:50 MinePhase: Clicked stable vein at [1259, 713] (vein at [1259, 713])
2026-07-09 10:39:51 MinePhase: Clicked stable vein at [1259, 713] (vein at [1259, 713])
2026-07-09 10:39:53 MinePhase: Clicked stable vein at [1259, 713] (vein at [1259, 713])
2026-07-09 10:39:55 MinePhase: Clicked stable vein at [1259, 713] (vein at [1259, 713])
2026-07-09 10:39:57 MinePhase: Clicked stable vein at [1259, 713] (vein at [1259, 713])
2026-07-09 10:39:58 MinePhase: Clicked stable vein at [1259, 713] (vein at [1259, 713])
2026-07-09 10:40:00 MinePhase: Clicked stable vein at [1259, 713] (vein at [1259, 713])
2026-07-09 10:40:02 MinePhase: Clicked stable vein at [1259, 713] (vein at [1259, 713])
2026-07-09 10:40:03 MinePhase: Clicked stable vein at [1259, 713] (vein at [1259, 713])
2026-07-09 10:40:05 MinePhase: Clicked stable vein at [1259, 713] (vein at [1259, 713])
2026-07-09 10:40:07 MinePhase: Clicked stable vein at [1259, 713] (vein at [1259, 713])
2026-07-09 10:40:08 MinePhase: Clicked stable vein at [1259, 713] (vein at [1259, 713])
2026-07-09 10:40:10 MinePhase: Clicked stable vein at [1259, 713] (vein at [1259, 713])
2026-07-09 10:40:12 MinePhase: Clicked stable vein at [1259, 713] (vein at [1259, 713])
2026-07-09 10:40:14 MinePhase: Clicked stable vein at [1355, 713] (vein at [1355, 713])
2026-07-09 10:40:16 MinePhase: Clicked stable vein at [1271, 713] (vein at [1271, 713])
2026-07-09 10:40:17 MinePhase: Clicked stable vein at [1259, 713] (vein at [1259, 713])
2026-07-09 10:40:19 MinePhase: Clicked stable vein at [1259, 713] (vein at [1259, 713])
2026-07-09 10:40:21 MinePhase: Clicked stable vein at [1259, 713] (vein at [1259, 713])
2026-07-09 10:40:23 MinePhase: Clicked stable vein at [1259, 713] (vein at [1259, 713])
2026-07-09 10:40:24 MinePhase: Clicked stable vein at [1259, 713] (vein at [1259, 713])
2026-07-09 10:40:26 MinePhase: Clicked stable vein at [1259, 713] (vein at [1259, 713])
2026-07-09 10:40:28 MinePhase: Clicked stable vein at [1259, 713] (vein at [1259, 713])
2026-07-09 10:40:30 MinePhase: Clicked stable vein at [1259, 713] (vein at [1259, 713])
2026-07-09 10:40:31 MinePhase: Clicked stable vein at [1259, 713] (vein at [1259, 713])
2026-07-09 10:40:31 MinePhase: Inventory full, transitioning to clearRed
2026-07-09 10:40:31 Engine: stopped - Unknown phase 'clearRed'
2026-07-09 10:58:19 Engine: started at phase 'mine'
2026-07-09 10:58:19 MinePhase: Inventory full, transitioning to clearRed
2026-07-09 10:58:19 ClearRedPhase: Found new red rockfall at [1447, 347]
2026-07-09 10:58:19 ClearRedPhase: Initial click on red rockfall at [1447, 347]
2026-07-09 10:58:27 ClearRedPhase: Rockfall cleared or lost. Scanning for another.
2026-07-09 10:58:27 ClearRedPhase: No red rockfalls found. Moving to hopper.
2026-07-09 10:58:29 ClearYellowPhase: Clicked hopper at [894, 440]
2026-07-09 10:58:36 ClearYellowPhase: Ore deposited - banking not yet implemented, stopping
2026-07-09 10:58:36 Engine: stopped - Ore deposited - banking not yet implemented
2026-07-09 10:58:38 Engine: stopped - Stopped (F6)
2026-07-09 10:59:38 Engine: started at phase 'mine'
2026-07-09 10:59:38 MinePhase: Found new vein at [1259, 713]
2026-07-09 10:59:38 MinePhase: Initial click to walk to vein at [1259, 713] (vein at [1259, 713])
2026-07-09 10:59:40 MinePhase: Clicked stable vein at [1259, 713] (vein at [1259, 713])
2026-07-09 10:59:42 MinePhase: Clicked stable vein at [1259, 713] (vein at [1259, 713])
2026-07-09 10:59:44 MinePhase: Clicked stable vein at [1259, 713] (vein at [1259, 713])
2026-07-09 10:59:45 MinePhase: Clicked stable vein at [1259, 713] (vein at [1259, 713])
2026-07-09 10:59:47 MinePhase: Clicked stable vein at [1259, 713] (vein at [1259, 713])
2026-07-09 10:59:49 MinePhase: Clicked stable vein at [1259, 713] (vein at [1259, 713])
2026-07-09 10:59:50 MinePhase: Clicked stable vein at [1259, 713] (vein at [1259, 713])
2026-07-09 10:59:52 MinePhase: Clicked stable vein at [1259, 713] (vein at [1259, 713])
2026-07-09 10:59:54 MinePhase: Clicked stable vein at [1259, 713] (vein at [1259, 713])
2026-07-09 10:59:55 MinePhase: Clicked stable vein at [1259, 713] (vein at [1259, 713])
2026-07-09 10:59:57 MinePhase: Clicked stable vein at [1259, 713] (vein at [1259, 713])
2026-07-09 10:59:59 MinePhase: Clicked stable vein at [1259, 713] (vein at [1259, 713])
2026-07-09 11:00:01 MinePhase: Clicked stable vein at [1259, 713] (vein at [1259, 713])
2026-07-09 11:00:02 MinePhase: Clicked stable vein at [1259, 713] (vein at [1259, 713])
2026-07-09 11:00:04 MinePhase: Clicked stable vein at [1259, 713] (vein at [1259, 713])
2026-07-09 11:00:06 MinePhase: Clicked stable vein at [1259, 713] (vein at [1259, 713])
2026-07-09 11:00:07 MinePhase: Clicked stable vein at [1259, 713] (vein at [1259, 713])
2026-07-09 11:00:09 MinePhase: Clicked stable vein at [1357, 713] (vein at [1357, 713])
2026-07-09 11:00:11 MinePhase: Clicked stable vein at [1263, 713] (vein at [1263, 713])
2026-07-09 11:00:13 MinePhase: Clicked stable vein at [1259, 713] (vein at [1259, 713])
2026-07-09 11:00:14 MinePhase: Clicked stable vein at [1259, 713] (vein at [1259, 713])
2026-07-09 11:00:16 MinePhase: Clicked stable vein at [1259, 713] (vein at [1259, 713])
2026-07-09 11:00:18 MinePhase: Clicked stable vein at [1259, 713] (vein at [1259, 713])
2026-07-09 11:00:19 MinePhase: Clicked stable vein at [1259, 713] (vein at [1259, 713])
2026-07-09 11:00:21 MinePhase: Clicked stable vein at [1259, 713] (vein at [1259, 713])
2026-07-09 11:00:23 MinePhase: Clicked stable vein at [1259, 713] (vein at [1259, 713])
2026-07-09 11:00:24 MinePhase: Clicked stable vein at [1259, 713] (vein at [1259, 713])
2026-07-09 11:00:26 MinePhase: Clicked stable vein at [1259, 713] (vein at [1259, 713])
2026-07-09 11:00:28 MinePhase: Clicked stable vein at [1259, 713] (vein at [1259, 713])
2026-07-09 11:00:30 MinePhase: Clicked stable vein at [1259, 713] (vein at [1259, 713])
2026-07-09 11:00:31 MinePhase: Clicked stable vein at [1259, 713] (vein at [1259, 713])
2026-07-09 11:00:33 MinePhase: Clicked stable vein at [1259, 713] (vein at [1259, 713])
2026-07-09 11:00:35 MinePhase: Clicked stable vein at [1259, 713] (vein at [1259, 713])
2026-07-09 11:00:36 MinePhase: Clicked stable vein at [1259, 713] (vein at [1259, 713])
2026-07-09 11:00:38 MinePhase: Clicked stable vein at [1259, 713] (vein at [1259, 713])
2026-07-09 11:00:40 MinePhase: Clicked stable vein at [1259, 713] (vein at [1259, 713])
2026-07-09 11:00:42 MinePhase: Clicked stable vein at [1259, 713] (vein at [1259, 713])
2026-07-09 11:00:43 MinePhase: Clicked stable vein at [1259, 713] (vein at [1259, 713])
2026-07-09 11:00:45 MinePhase: Clicked stable vein at [1259, 713] (vein at [1259, 713])
2026-07-09 11:00:46 MinePhase: Lost track of vein or depleted. Finding new vein.
2026-07-09 11:00:47 MinePhase: Found new vein at [1087, 713]
2026-07-09 11:00:47 MinePhase: Initial click to walk to vein at [1087, 713] (vein at [1087, 713])
2026-07-09 11:00:49 MinePhase: Clicked stable vein at [1231, 713] (vein at [1231, 713])
2026-07-09 11:00:51 MinePhase: Clicked stable vein at [1235, 713] (vein at [1235, 713])
2026-07-09 11:00:53 MinePhase: Clicked stable vein at [1235, 713] (vein at [1235, 713])
2026-07-09 11:00:54 MinePhase: Clicked stable vein at [1235, 713] (vein at [1235, 713])
2026-07-09 11:00:56 MinePhase: Clicked stable vein at [1235, 713] (vein at [1235, 713])
2026-07-09 11:00:58 MinePhase: Clicked stable vein at [1235, 713] (vein at [1235, 713])
2026-07-09 11:00:59 MinePhase: Clicked stable vein at [1235, 713] (vein at [1235, 713])
2026-07-09 11:01:01 MinePhase: Clicked stable vein at [1235, 713] (vein at [1235, 713])
2026-07-09 11:01:03 MinePhase: Clicked stable vein at [1235, 713] (vein at [1235, 713])
2026-07-09 11:01:05 MinePhase: Clicked stable vein at [1235, 713] (vein at [1235, 713])
2026-07-09 11:01:06 MinePhase: Clicked stable vein at [1235, 713] (vein at [1235, 713])
2026-07-09 11:01:08 MinePhase: Clicked stable vein at [1235, 713] (vein at [1235, 713])
2026-07-09 11:01:10 MinePhase: Clicked stable vein at [1235, 713] (vein at [1235, 713])
2026-07-09 11:01:11 MinePhase: Clicked stable vein at [1235, 713] (vein at [1235, 713])
2026-07-09 11:01:13 MinePhase: Clicked stable vein at [1235, 713] (vein at [1235, 713])
2026-07-09 11:01:14 MinePhase: Lost track of vein or depleted. Finding new vein.
2026-07-09 11:01:14 MinePhase: Found new vein at [1355, 713]
2026-07-09 11:01:14 MinePhase: Initial click to walk to vein at [1355, 713] (vein at [1355, 713])
2026-07-09 11:01:16 MinePhase: Clicked stable vein at [1265, 713] (vein at [1265, 713])
2026-07-09 11:01:18 MinePhase: Clicked stable vein at [1259, 713] (vein at [1259, 713])
2026-07-09 11:01:20 MinePhase: Clicked stable vein at [1259, 713] (vein at [1259, 713])
2026-07-09 11:01:21 MinePhase: Clicked stable vein at [1259, 713] (vein at [1259, 713])
2026-07-09 11:01:23 MinePhase: Clicked stable vein at [1259, 713] (vein at [1259, 713])
2026-07-09 11:01:25 MinePhase: Clicked stable vein at [1259, 713] (vein at [1259, 713])
2026-07-09 11:01:26 MinePhase: Clicked stable vein at [1259, 713] (vein at [1259, 713])
2026-07-09 11:01:28 MinePhase: Clicked stable vein at [1259, 713] (vein at [1259, 713])
2026-07-09 11:01:30 MinePhase: Clicked stable vein at [1259, 713] (vein at [1259, 713])
2026-07-09 11:01:32 MinePhase: Clicked stable vein at [1259, 713] (vein at [1259, 713])
2026-07-09 11:01:33 MinePhase: Clicked stable vein at [1259, 713] (vein at [1259, 713])
2026-07-09 11:01:35 MinePhase: Clicked stable vein at [1259, 713] (vein at [1259, 713])
2026-07-09 11:01:37 MinePhase: Clicked stable vein at [1259, 713] (vein at [1259, 713])
2026-07-09 11:01:38 MinePhase: Clicked stable vein at [1259, 713] (vein at [1259, 713])
2026-07-09 11:01:40 MinePhase: Clicked stable vein at [1259, 713] (vein at [1259, 713])
2026-07-09 11:01:42 MinePhase: Clicked stable vein at [1259, 713] (vein at [1259, 713])
2026-07-09 11:01:43 MinePhase: Clicked stable vein at [1259, 713] (vein at [1259, 713])
2026-07-09 11:01:45 MinePhase: Clicked stable vein at [1259, 713] (vein at [1259, 713])
2026-07-09 11:01:47 MinePhase: Clicked stable vein at [1259, 713] (vein at [1259, 713])
2026-07-09 11:01:48 MinePhase: Inventory full, transitioning to clearRed
2026-07-09 11:01:48 ClearRedPhase: Found new red rockfall at [1185, 347]
2026-07-09 11:01:49 ClearRedPhase: Initial click on red rockfall at [1185, 347]
2026-07-09 11:01:54 ClearRedPhase: Rockfall cleared or lost. Scanning for another.
2026-07-09 11:01:54 ClearRedPhase: Found new red rockfall at [1657, 633]
2026-07-09 11:01:55 ClearRedPhase: Initial click on red rockfall at [1645, 635]
2026-07-09 11:01:58 ClearRedPhase: Rockfall cleared or lost. Scanning for another.
2026-07-09 11:01:58 ClearRedPhase: No red rockfalls found. Moving to hopper.
2026-07-09 11:01:59 ClearYellowPhase: Clicked hopper at [894, 440]
2026-07-09 11:02:05 ClearYellowPhase: Ore deposited - banking not yet implemented, stopping
2026-07-09 11:02:05 Engine: stopped - Ore deposited - banking not yet implemented
2026-07-09 11:06:12 Engine: started at phase 'mine'
2026-07-09 11:06:12 MinePhase: Found new vein at [1235, 713]
2026-07-09 11:06:12 MinePhase: Initial click to walk to vein at [1235, 713] (vein at [1235, 713])
2026-07-09 11:06:14 MinePhase: Clicked stable vein at [1235, 713] (vein at [1235, 713])
2026-07-09 11:06:15 MinePhase: Clicked stable vein at [1235, 713] (vein at [1235, 713])
2026-07-09 11:06:17 MinePhase: Clicked stable vein at [1235, 713] (vein at [1235, 713])
2026-07-09 11:06:19 MinePhase: Clicked stable vein at [1235, 713] (vein at [1235, 713])
2026-07-09 11:06:21 MinePhase: Clicked stable vein at [1235, 713] (vein at [1235, 713])
2026-07-09 11:06:22 MinePhase: Clicked stable vein at [1235, 713] (vein at [1235, 713])
2026-07-09 11:06:24 MinePhase: Clicked stable vein at [1235, 713] (vein at [1235, 713])
2026-07-09 11:06:26 MinePhase: Clicked stable vein at [1235, 713] (vein at [1235, 713])
2026-07-09 11:06:28 MinePhase: Clicked stable vein at [1235, 713] (vein at [1235, 713])
2026-07-09 11:06:29 MinePhase: Clicked stable vein at [1235, 713] (vein at [1235, 713])
2026-07-09 11:06:31 MinePhase: Clicked stable vein at [1235, 713] (vein at [1235, 713])
2026-07-09 11:06:33 MinePhase: Clicked stable vein at [1235, 713] (vein at [1235, 713])
2026-07-09 11:06:34 MinePhase: Clicked stable vein at [1235, 713] (vein at [1235, 713])
2026-07-09 11:06:36 MinePhase: Clicked stable vein at [1235, 713] (vein at [1235, 713])
2026-07-09 11:06:38 MinePhase: Clicked stable vein at [1235, 713] (vein at [1235, 713])
2026-07-09 11:06:39 MinePhase: Clicked stable vein at [1235, 713] (vein at [1235, 713])
2026-07-09 11:06:41 MinePhase: Clicked stable vein at [1235, 713] (vein at [1235, 713])
2026-07-09 11:06:43 MinePhase: Clicked stable vein at [1235, 713] (vein at [1235, 713])
2026-07-09 11:06:45 MinePhase: Clicked stable vein at [1235, 713] (vein at [1235, 713])
2026-07-09 11:06:46 MinePhase: Clicked stable vein at [1235, 713] (vein at [1235, 713])
2026-07-09 11:06:48 MinePhase: Clicked stable vein at [1235, 713] (vein at [1235, 713])
2026-07-09 11:06:50 MinePhase: Clicked stable vein at [1235, 713] (vein at [1235, 713])
2026-07-09 11:06:51 MinePhase: Clicked stable vein at [1235, 713] (vein at [1235, 713])
2026-07-09 11:06:53 MinePhase: Clicked stable vein at [1235, 713] (vein at [1235, 713])
2026-07-09 11:06:55 MinePhase: Clicked stable vein at [1235, 713] (vein at [1235, 713])
2026-07-09 11:06:56 MinePhase: Lost track of vein or depleted. Finding new vein.
2026-07-09 11:06:56 MinePhase: Found new vein at [1307, 713]
2026-07-09 11:06:56 MinePhase: Initial click to walk to vein at [1307, 713] (vein at [1307, 713])
2026-07-09 11:06:58 MinePhase: Clicked stable vein at [1267, 713] (vein at [1267, 713])
2026-07-09 11:07:00 MinePhase: Clicked stable vein at [1259, 713] (vein at [1259, 713])
2026-07-09 11:07:01 MinePhase: Clicked stable vein at [1259, 713] (vein at [1259, 713])
2026-07-09 11:07:03 MinePhase: Clicked stable vein at [1259, 713] (vein at [1259, 713])
2026-07-09 11:07:05 MinePhase: Clicked stable vein at [1259, 713] (vein at [1259, 713])
2026-07-09 11:07:06 MinePhase: Clicked stable vein at [1259, 713] (vein at [1259, 713])
2026-07-09 11:07:08 MinePhase: Clicked stable vein at [1259, 713] (vein at [1259, 713])
2026-07-09 11:07:10 MinePhase: Clicked stable vein at [1259, 713] (vein at [1259, 713])
2026-07-09 11:07:12 MinePhase: Clicked stable vein at [1259, 713] (vein at [1259, 713])
2026-07-09 11:07:13 MinePhase: Clicked stable vein at [1259, 713] (vein at [1259, 713])
2026-07-09 11:07:15 MinePhase: Clicked stable vein at [1259, 713] (vein at [1259, 713])
2026-07-09 11:07:17 MinePhase: Clicked stable vein at [1259, 713] (vein at [1259, 713])
2026-07-09 11:07:18 MinePhase: Clicked stable vein at [1259, 713] (vein at [1259, 713])
2026-07-09 11:07:20 MinePhase: Clicked stable vein at [1259, 713] (vein at [1259, 713])
2026-07-09 11:07:22 MinePhase: Clicked stable vein at [1259, 713] (vein at [1259, 713])
2026-07-09 11:07:23 MinePhase: Clicked stable vein at [1259, 713] (vein at [1259, 713])
2026-07-09 11:07:25 MinePhase: Clicked stable vein at [1259, 713] (vein at [1259, 713])
2026-07-09 11:07:27 MinePhase: Clicked stable vein at [1259, 713] (vein at [1259, 713])
2026-07-09 11:07:27 MinePhase: Lost track of vein or depleted. Finding new vein.
2026-07-09 11:07:27 MinePhase: Found new vein at [1307, 713]
2026-07-09 11:07:27 MinePhase: Initial click to walk to vein at [1307, 713] (vein at [1307, 713])
2026-07-09 11:07:29 MinePhase: Clicked stable vein at [1267, 713] (vein at [1267, 713])
2026-07-09 11:07:31 MinePhase: Clicked stable vein at [1259, 713] (vein at [1259, 713])
2026-07-09 11:07:33 MinePhase: Clicked stable vein at [1259, 713] (vein at [1259, 713])
2026-07-09 11:07:34 MinePhase: Clicked stable vein at [1259, 713] (vein at [1259, 713])
2026-07-09 11:07:36 MinePhase: Clicked stable vein at [1259, 713] (vein at [1259, 713])
2026-07-09 11:07:38 MinePhase: Clicked stable vein at [1259, 713] (vein at [1259, 713])
2026-07-09 11:07:39 MinePhase: Clicked stable vein at [1259, 713] (vein at [1259, 713])
2026-07-09 11:07:41 MinePhase: Clicked stable vein at [1259, 713] (vein at [1259, 713])
2026-07-09 11:07:43 MinePhase: Clicked stable vein at [1259, 713] (vein at [1259, 713])
2026-07-09 11:07:45 MinePhase: Clicked stable vein at [1259, 713] (vein at [1259, 713])
2026-07-09 11:07:46 MinePhase: Clicked stable vein at [1259, 713] (vein at [1259, 713])
2026-07-09 11:07:48 MinePhase: Clicked stable vein at [1259, 713] (vein at [1259, 713])
2026-07-09 11:07:50 MinePhase: Clicked stable vein at [1259, 713] (vein at [1259, 713])
2026-07-09 11:07:51 MinePhase: Clicked stable vein at [1259, 713] (vein at [1259, 713])
2026-07-09 11:07:53 MinePhase: Clicked stable vein at [1259, 713] (vein at [1259, 713])
2026-07-09 11:07:55 MinePhase: Clicked stable vein at [1259, 713] (vein at [1259, 713])
2026-07-09 11:07:57 MinePhase: Clicked stable vein at [1259, 713] (vein at [1259, 713])
2026-07-09 11:07:58 MinePhase: Clicked stable vein at [1259, 713] (vein at [1259, 713])
2026-07-09 11:08:00 MinePhase: Clicked stable vein at [1259, 713] (vein at [1259, 713])
2026-07-09 11:08:02 MinePhase: Clicked stable vein at [1259, 713] (vein at [1259, 713])
2026-07-09 11:08:03 MinePhase: Clicked stable vein at [1259, 713] (vein at [1259, 713])
2026-07-09 11:08:05 MinePhase: Clicked stable vein at [1259, 713] (vein at [1259, 713])
2026-07-09 11:08:05 MinePhase: Lost track of vein or depleted. Finding new vein.
2026-07-09 11:08:06 MinePhase: Found new vein at [1307, 713]
2026-07-09 11:08:06 MinePhase: Initial click to walk to vein at [1307, 713] (vein at [1307, 713])
2026-07-09 11:08:08 MinePhase: Clicked stable vein at [1265, 713] (vein at [1265, 713])
2026-07-09 11:08:10 MinePhase: Clicked stable vein at [1259, 713] (vein at [1259, 713])
2026-07-09 11:08:12 MinePhase: Clicked stable vein at [1259, 713] (vein at [1259, 713])
2026-07-09 11:08:13 MinePhase: Clicked stable vein at [1259, 713] (vein at [1259, 713])
2026-07-09 11:08:15 MinePhase: Clicked stable vein at [1259, 713] (vein at [1259, 713])
2026-07-09 11:08:17 MinePhase: Clicked stable vein at [1259, 713] (vein at [1259, 713])
2026-07-09 11:08:18 MinePhase: Clicked stable vein at [1259, 713] (vein at [1259, 713])
2026-07-09 11:08:20 MinePhase: Clicked stable vein at [1259, 713] (vein at [1259, 713])
2026-07-09 11:08:22 MinePhase: Clicked stable vein at [1259, 713] (vein at [1259, 713])
2026-07-09 11:08:24 MinePhase: Clicked stable vein at [1259, 713] (vein at [1259, 713])
2026-07-09 11:08:25 MinePhase: Clicked stable vein at [1259, 713] (vein at [1259, 713])
2026-07-09 11:08:27 MinePhase: Clicked stable vein at [1259, 713] (vein at [1259, 713])
2026-07-09 11:08:29 MinePhase: Clicked stable vein at [1259, 713] (vein at [1259, 713])
2026-07-09 11:08:30 MinePhase: Clicked stable vein at [1259, 713] (vein at [1259, 713])
2026-07-09 11:08:32 MinePhase: Clicked stable vein at [1259, 713] (vein at [1259, 713])
2026-07-09 11:08:34 MinePhase: Clicked stable vein at [1259, 713] (vein at [1259, 713])
2026-07-09 11:08:35 MinePhase: Inventory full, transitioning to clearRed
2026-07-09 11:08:35 ClearRedPhase: Found new red rockfall at [1151, 347]
2026-07-09 11:08:36 ClearRedPhase: Initial click on red rockfall at [1151, 347]
2026-07-09 11:08:42 ClearRedPhase: Rockfall cleared or lost. Scanning for another.
2026-07-09 11:08:42 ClearRedPhase: No red rockfalls found. Moving to hopper.
2026-07-09 11:08:43 ClearYellowPhase: Clicked hopper at [1132, 448]
2026-07-09 11:08:55 Engine: stopped - Stopped (F6)
2026-07-09 11:16:19 Engine: started at phase 'mine'
2026-07-09 11:16:19 MinePhase: Found new vein at [1237, 713]
2026-07-09 11:16:19 MinePhase: Initial click to walk to vein at [1237, 713] (vein at [1237, 713])
2026-07-09 11:16:21 MinePhase: Clicked stable vein at [1237, 713] (vein at [1237, 713])
2026-07-09 11:16:23 MinePhase: Clicked stable vein at [1237, 713] (vein at [1237, 713])
2026-07-09 11:16:24 MinePhase: Clicked stable vein at [1237, 713] (vein at [1237, 713])
2026-07-09 11:16:26 MinePhase: Clicked stable vein at [1237, 713] (vein at [1237, 713])
2026-07-09 11:16:28 MinePhase: Clicked stable vein at [1237, 713] (vein at [1237, 713])
2026-07-09 11:16:30 MinePhase: Clicked stable vein at [1237, 713] (vein at [1237, 713])
2026-07-09 11:16:31 MinePhase: Clicked stable vein at [1237, 713] (vein at [1237, 713])
2026-07-09 11:16:33 MinePhase: Clicked stable vein at [1237, 713] (vein at [1237, 713])
2026-07-09 11:16:35 MinePhase: Clicked stable vein at [1237, 713] (vein at [1237, 713])
2026-07-09 11:16:36 MinePhase: Clicked stable vein at [1237, 713] (vein at [1237, 713])
2026-07-09 11:16:38 MinePhase: Clicked stable vein at [1237, 713] (vein at [1237, 713])
2026-07-09 11:16:40 MinePhase: Clicked stable vein at [1237, 713] (vein at [1237, 713])
2026-07-09 11:16:42 MinePhase: Clicked stable vein at [1237, 713] (vein at [1237, 713])
2026-07-09 11:16:43 MinePhase: Clicked stable vein at [1237, 713] (vein at [1237, 713])
2026-07-09 11:16:45 MinePhase: Clicked stable vein at [1237, 713] (vein at [1237, 713])
2026-07-09 11:16:47 MinePhase: Clicked stable vein at [1237, 713] (vein at [1237, 713])
2026-07-09 11:16:48 MinePhase: Clicked stable vein at [1237, 713] (vein at [1237, 713])
2026-07-09 11:16:50 MinePhase: Clicked stable vein at [1237, 713] (vein at [1237, 713])
2026-07-09 11:16:50 MinePhase: Lost track of vein or depleted. Finding new vein.
2026-07-09 11:16:51 MinePhase: Found new vein at [1307, 713]
2026-07-09 11:16:51 MinePhase: Initial click to walk to vein at [1307, 713] (vein at [1307, 713])
2026-07-09 11:16:53 MinePhase: Clicked stable vein at [1265, 713] (vein at [1265, 713])
2026-07-09 11:16:54 MinePhase: Clicked stable vein at [1259, 713] (vein at [1259, 713])
2026-07-09 11:16:56 MinePhase: Clicked stable vein at [1259, 713] (vein at [1259, 713])
2026-07-09 11:16:58 MinePhase: Clicked stable vein at [1259, 713] (vein at [1259, 713])
2026-07-09 11:17:00 MinePhase: Clicked stable vein at [1259, 713] (vein at [1259, 713])
2026-07-09 11:17:01 MinePhase: Clicked stable vein at [1259, 713] (vein at [1259, 713])
2026-07-09 11:17:03 MinePhase: Clicked stable vein at [1259, 713] (vein at [1259, 713])
2026-07-09 11:17:05 MinePhase: Clicked stable vein at [1259, 713] (vein at [1259, 713])
2026-07-09 11:17:06 MinePhase: Clicked stable vein at [1259, 713] (vein at [1259, 713])
2026-07-09 11:17:08 MinePhase: Clicked stable vein at [1259, 713] (vein at [1259, 713])
2026-07-09 11:17:10 MinePhase: Clicked stable vein at [1259, 713] (vein at [1259, 713])
2026-07-09 11:17:12 MinePhase: Clicked stable vein at [1259, 713] (vein at [1259, 713])
2026-07-09 11:17:13 MinePhase: Clicked stable vein at [1259, 713] (vein at [1259, 713])
2026-07-09 11:17:15 MinePhase: Clicked stable vein at [1259, 713] (vein at [1259, 713])
2026-07-09 11:17:17 MinePhase: Clicked stable vein at [1259, 713] (vein at [1259, 713])
2026-07-09 11:17:18 MinePhase: Lost track of vein or depleted. Finding new vein.
2026-07-09 11:17:18 MinePhase: Found new vein at [1307, 713]
2026-07-09 11:17:18 MinePhase: Initial click to walk to vein at [1307, 713] (vein at [1307, 713])
2026-07-09 11:17:20 MinePhase: Clicked stable vein at [1263, 713] (vein at [1263, 713])
2026-07-09 11:17:22 MinePhase: Clicked stable vein at [1259, 713] (vein at [1259, 713])
2026-07-09 11:17:23 MinePhase: Clicked stable vein at [1259, 713] (vein at [1259, 713])
2026-07-09 11:17:25 MinePhase: Clicked stable vein at [1259, 713] (vein at [1259, 713])
2026-07-09 11:17:27 MinePhase: Clicked stable vein at [1259, 713] (vein at [1259, 713])
2026-07-09 11:17:28 MinePhase: Clicked stable vein at [1259, 713] (vein at [1259, 713])
2026-07-09 11:17:30 MinePhase: Clicked stable vein at [1259, 713] (vein at [1259, 713])
2026-07-09 11:17:32 MinePhase: Clicked stable vein at [1259, 713] (vein at [1259, 713])
2026-07-09 11:17:34 MinePhase: Clicked stable vein at [1259, 713] (vein at [1259, 713])
2026-07-09 11:17:35 MinePhase: Clicked stable vein at [1259, 713] (vein at [1259, 713])
2026-07-09 11:17:37 MinePhase: Clicked stable vein at [1259, 713] (vein at [1259, 713])
2026-07-09 11:17:39 MinePhase: Clicked stable vein at [1259, 713] (vein at [1259, 713])
2026-07-09 11:17:40 MinePhase: Clicked stable vein at [1259, 713] (vein at [1259, 713])
2026-07-09 11:17:42 MinePhase: Clicked stable vein at [1259, 713] (vein at [1259, 713])
2026-07-09 11:17:44 MinePhase: Clicked stable vein at [1259, 713] (vein at [1259, 713])
2026-07-09 11:17:46 MinePhase: Clicked stable vein at [1259, 713] (vein at [1259, 713])
2026-07-09 11:17:47 MinePhase: Clicked stable vein at [1259, 713] (vein at [1259, 713])
2026-07-09 11:17:49 MinePhase: Clicked stable vein at [1259, 713] (vein at [1259, 713])
2026-07-09 11:17:51 MinePhase: Clicked stable vein at [1259, 713] (vein at [1259, 713])
2026-07-09 11:17:52 MinePhase: Clicked stable vein at [1259, 713] (vein at [1259, 713])
2026-07-09 11:17:54 MinePhase: Clicked stable vein at [1259, 713] (vein at [1259, 713])
2026-07-09 11:17:56 MinePhase: Clicked stable vein at [1259, 713] (vein at [1259, 713])
2026-07-09 11:17:57 MinePhase: Clicked stable vein at [1259, 713] (vein at [1259, 713])
2026-07-09 11:17:59 MinePhase: Clicked stable vein at [1259, 713] (vein at [1259, 713])
2026-07-09 11:18:01 MinePhase: Clicked stable vein at [1259, 713] (vein at [1259, 713])
2026-07-09 11:18:03 MinePhase: Clicked stable vein at [1259, 713] (vein at [1259, 713])
2026-07-09 11:18:04 MinePhase: Clicked stable vein at [1259, 713] (vein at [1259, 713])
2026-07-09 11:18:06 MinePhase: Clicked stable vein at [1259, 713] (vein at [1259, 713])
2026-07-09 11:18:08 MinePhase: Clicked stable vein at [1259, 713] (vein at [1259, 713])
2026-07-09 11:18:09 MinePhase: Clicked stable vein at [1259, 713] (vein at [1259, 713])
2026-07-09 11:18:10 MinePhase: Lost track of vein or depleted. Finding new vein.
2026-07-09 11:18:11 MinePhase: Found new vein at [1307, 713]
2026-07-09 11:18:11 MinePhase: Initial click to walk to vein at [1307, 713] (vein at [1307, 713])
2026-07-09 11:18:13 MinePhase: Clicked stable vein at [1265, 713] (vein at [1265, 713])
2026-07-09 11:18:15 MinePhase: Clicked stable vein at [1259, 713] (vein at [1259, 713])
2026-07-09 11:18:17 MinePhase: Clicked stable vein at [1259, 713] (vein at [1259, 713])
2026-07-09 11:18:18 MinePhase: Clicked stable vein at [1259, 713] (vein at [1259, 713])
2026-07-09 11:18:20 MinePhase: Clicked stable vein at [1259, 713] (vein at [1259, 713])
2026-07-09 11:18:22 MinePhase: Clicked stable vein at [1259, 713] (vein at [1259, 713])
2026-07-09 11:18:23 MinePhase: Clicked stable vein at [1259, 713] (vein at [1259, 713])
2026-07-09 11:18:25 MinePhase: Clicked stable vein at [1259, 713] (vein at [1259, 713])
2026-07-09 11:18:27 MinePhase: Clicked stable vein at [1259, 713] (vein at [1259, 713])
2026-07-09 11:18:29 MinePhase: Clicked stable vein at [1259, 713] (vein at [1259, 713])
2026-07-09 11:18:30 MinePhase: Clicked stable vein at [1259, 713] (vein at [1259, 713])
2026-07-09 11:18:32 MinePhase: Clicked stable vein at [1259, 713] (vein at [1259, 713])
2026-07-09 11:18:34 MinePhase: Clicked stable vein at [1259, 713] (vein at [1259, 713])
2026-07-09 11:18:35 MinePhase: Clicked stable vein at [1259, 713] (vein at [1259, 713])
2026-07-09 11:18:37 MinePhase: Clicked stable vein at [1259, 713] (vein at [1259, 713])
2026-07-09 11:18:39 MinePhase: Clicked stable vein at [1259, 713] (vein at [1259, 713])
2026-07-09 11:18:40 MinePhase: Clicked stable vein at [1259, 713] (vein at [1259, 713])
2026-07-09 11:18:42 MinePhase: Clicked stable vein at [1259, 713] (vein at [1259, 713])
2026-07-09 11:18:44 MinePhase: Clicked stable vein at [1259, 713] (vein at [1259, 713])
2026-07-09 11:18:46 MinePhase: Clicked stable vein at [1259, 713] (vein at [1259, 713])
2026-07-09 11:18:47 MinePhase: Clicked stable vein at [1259, 713] (vein at [1259, 713])
2026-07-09 11:18:48 MinePhase: Lost track of vein or depleted. Finding new vein.
2026-07-09 11:18:48 MinePhase: Found new vein at [1087, 713]
2026-07-09 11:18:49 MinePhase: Initial click to walk to vein at [1087, 713] (vein at [1087, 713])
2026-07-09 11:18:51 MinePhase: Clicked stable vein at [1229, 713] (vein at [1229, 713])
2026-07-09 11:18:53 MinePhase: Clicked stable vein at [1235, 713] (vein at [1235, 713])
2026-07-09 11:18:53 Engine: stopped - Stopped (F6)
2026-07-09 11:18:58 Engine: started at phase 'mine'
2026-07-09 11:18:58 MinePhase: Clicked stable vein at [1235, 713] (vein at [1235, 713])
2026-07-09 11:19:00 MinePhase: Clicked stable vein at [1235, 713] (vein at [1235, 713])
2026-07-09 11:19:01 MinePhase: Inventory full, transitioning to clearRed
2026-07-09 11:19:01 ClearRedPhase: Found new red rockfall at [1249, 347]
2026-07-09 11:19:01 ClearRedPhase: Initial click on red rockfall at [1249, 347]
2026-07-09 11:19:07 ClearRedPhase: Rockfall cleared or lost. Scanning for another.
2026-07-09 11:19:07 ClearRedPhase: Found new red rockfall at [1533, 639]
2026-07-09 11:19:07 ClearRedPhase: Initial click on red rockfall at [1529, 639]
2026-07-09 11:19:13 ClearRedPhase: Rockfall cleared or lost. Scanning for another.
2026-07-09 11:19:13 ClearRedPhase: No red rockfalls found. Moving to hopper.
2026-07-09 11:19:14 ClearYellowPhase: Clicked hopper at [894, 440]
2026-07-09 11:19:21 ClearYellowPhase: Ore deposited - banking not yet implemented, stopping
2026-07-09 11:19:21 Engine: stopped - Ore deposited - banking not yet implemented
2026-07-09 11:19:23 Engine: stopped - Stopped (F6)
2026-07-09 11:38:24 Engine: started at phase 'mine'
2026-07-09 11:38:24 MinePhase: Found new vein at [1087, 713]
2026-07-09 11:38:25 MinePhase: Initial click to walk to vein at [1087, 713] (vein at [1087, 713])
2026-07-09 11:38:28 MinePhase: Clicked stable vein at [1227, 713] (vein at [1227, 713])
2026-07-09 11:38:30 MinePhase: Clicked stable vein at [1235, 713] (vein at [1235, 713])
2026-07-09 11:38:31 MinePhase: Clicked stable vein at [1235, 713] (vein at [1235, 713])
2026-07-09 11:38:33 MinePhase: Clicked stable vein at [1235, 713] (vein at [1235, 713])
2026-07-09 11:38:35 MinePhase: Clicked stable vein at [1235, 713] (vein at [1235, 713])
2026-07-09 11:38:36 MinePhase: Clicked stable vein at [1235, 713] (vein at [1235, 713])
2026-07-09 11:38:38 MinePhase: Clicked stable vein at [1235, 713] (vein at [1235, 713])
2026-07-09 11:38:40 MinePhase: Clicked stable vein at [1235, 713] (vein at [1235, 713])
2026-07-09 11:38:41 MinePhase: Clicked stable vein at [1235, 713] (vein at [1235, 713])
2026-07-09 11:38:42 MinePhase: Inventory full, transitioning to clearRed
2026-07-09 11:38:42 ClearRedPhase: No red rockfalls found. Moving to hopper.
2026-07-09 11:38:43 ClearYellowPhase: Clicked hopper at [1158, 240]
2026-07-09 11:38:50 ClearYellowPhase: Ore deposited. Moving to sack.
2026-07-09 11:38:52 WithdrawSackPhase: Clicked sack at [1825, 724]
2026-07-09 11:38:58 WithdrawSackPhase: Items received from sack. Moving to bank.
2026-07-09 11:38:58 DepositBankPhase: Clicked deposit container at [1139, 355]
2026-07-09 11:38:58 DepositBankPhase: Waiting for deposit box to open...
2026-07-09 11:39:02 DepositBankPhase: Deposited all - banking complete, stopping (return-to-mine not yet implemented)
2026-07-09 11:39:02 Engine: stopped - Banking complete - return-to-mine not yet implemented
2026-07-09 11:41:14 Engine: started at phase 'mine'
2026-07-09 11:41:15 MinePhase: Found new vein at [1235, 713]
2026-07-09 11:41:15 MinePhase: Initial click to walk to vein at [1235, 713] (vein at [1235, 713])
2026-07-09 11:41:17 MinePhase: Clicked stable vein at [1235, 713] (vein at [1235, 713])
2026-07-09 11:41:18 MinePhase: Clicked stable vein at [1235, 713] (vein at [1235, 713])
2026-07-09 11:41:20 MinePhase: Clicked stable vein at [1235, 713] (vein at [1235, 713])
2026-07-09 11:41:22 MinePhase: Clicked stable vein at [1235, 713] (vein at [1235, 713])
2026-07-09 11:41:23 MinePhase: Clicked stable vein at [1235, 713] (vein at [1235, 713])
2026-07-09 11:41:25 MinePhase: Clicked stable vein at [1235, 713] (vein at [1235, 713])
2026-07-09 11:41:27 MinePhase: Clicked stable vein at [1235, 713] (vein at [1235, 713])
2026-07-09 11:41:28 MinePhase: Clicked stable vein at [1235, 713] (vein at [1235, 713])
2026-07-09 11:41:30 MinePhase: Clicked stable vein at [1235, 713] (vein at [1235, 713])
2026-07-09 11:41:32 MinePhase: Clicked stable vein at [1235, 713] (vein at [1235, 713])
2026-07-09 11:41:34 MinePhase: Clicked stable vein at [1235, 713] (vein at [1235, 713])
2026-07-09 11:41:35 MinePhase: Clicked stable vein at [1235, 713] (vein at [1235, 713])
2026-07-09 11:41:37 MinePhase: Clicked stable vein at [1235, 713] (vein at [1235, 713])
2026-07-09 11:41:39 MinePhase: Clicked stable vein at [1235, 713] (vein at [1235, 713])
2026-07-09 11:41:40 MinePhase: Clicked stable vein at [1235, 713] (vein at [1235, 713])
2026-07-09 11:41:42 MinePhase: Clicked stable vein at [1235, 713] (vein at [1235, 713])
2026-07-09 11:41:44 MinePhase: Clicked stable vein at [1235, 713] (vein at [1235, 713])
2026-07-09 11:41:45 MinePhase: Clicked stable vein at [1235, 713] (vein at [1235, 713])
2026-07-09 11:41:47 MinePhase: Clicked stable vein at [1235, 713] (vein at [1235, 713])
2026-07-09 11:41:48 MinePhase: Lost track of vein or depleted. Finding new vein.
2026-07-09 11:41:48 MinePhase: Found new vein at [1307, 713]
2026-07-09 11:41:48 MinePhase: Initial click to walk to vein at [1307, 713] (vein at [1307, 713])
2026-07-09 11:41:50 MinePhase: Clicked stable vein at [1265, 713] (vein at [1265, 713])
2026-07-09 11:41:52 MinePhase: Clicked stable vein at [1259, 713] (vein at [1259, 713])
2026-07-09 11:41:53 MinePhase: Clicked stable vein at [1259, 713] (vein at [1259, 713])
2026-07-09 11:41:55 MinePhase: Clicked stable vein at [1259, 713] (vein at [1259, 713])
2026-07-09 11:41:57 MinePhase: Clicked stable vein at [1259, 713] (vein at [1259, 713])
2026-07-09 11:41:59 MinePhase: Clicked stable vein at [1259, 713] (vein at [1259, 713])
2026-07-09 11:42:00 MinePhase: Clicked stable vein at [1259, 713] (vein at [1259, 713])
2026-07-09 11:42:02 MinePhase: Clicked stable vein at [1259, 713] (vein at [1259, 713])
2026-07-09 11:42:04 MinePhase: Clicked stable vein at [1259, 713] (vein at [1259, 713])
2026-07-09 11:42:05 MinePhase: Clicked stable vein at [1259, 713] (vein at [1259, 713])
2026-07-09 11:42:07 MinePhase: Clicked stable vein at [1259, 713] (vein at [1259, 713])
2026-07-09 11:42:09 MinePhase: Clicked stable vein at [1259, 713] (vein at [1259, 713])
2026-07-09 11:42:11 MinePhase: Clicked stable vein at [1259, 713] (vein at [1259, 713])
2026-07-09 11:42:12 MinePhase: Clicked stable vein at [1259, 713] (vein at [1259, 713])
2026-07-09 11:42:14 MinePhase: Clicked stable vein at [1259, 713] (vein at [1259, 713])
2026-07-09 11:42:16 MinePhase: Clicked stable vein at [1259, 713] (vein at [1259, 713])
2026-07-09 11:42:17 MinePhase: Clicked stable vein at [1259, 713] (vein at [1259, 713])
2026-07-09 11:42:19 MinePhase: Clicked stable vein at [1259, 713] (vein at [1259, 713])
2026-07-09 11:42:21 MinePhase: Clicked stable vein at [1259, 713] (vein at [1259, 713])
2026-07-09 11:42:23 MinePhase: Clicked stable vein at [1357, 713] (vein at [1357, 713])
2026-07-09 11:42:24 MinePhase: Clicked stable vein at [1265, 713] (vein at [1265, 713])
2026-07-09 11:42:26 MinePhase: Clicked stable vein at [1259, 713] (vein at [1259, 713])
2026-07-09 11:42:28 MinePhase: Clicked stable vein at [1259, 713] (vein at [1259, 713])
2026-07-09 11:42:30 MinePhase: Clicked stable vein at [1259, 713] (vein at [1259, 713])
2026-07-09 11:42:31 MinePhase: Clicked stable vein at [1259, 713] (vein at [1259, 713])
2026-07-09 11:42:33 MinePhase: Clicked stable vein at [1259, 713] (vein at [1259, 713])
2026-07-09 11:42:35 MinePhase: Clicked stable vein at [1259, 713] (vein at [1259, 713])
2026-07-09 11:42:36 MinePhase: Clicked stable vein at [1259, 713] (vein at [1259, 713])
2026-07-09 11:42:38 MinePhase: Clicked stable vein at [1259, 713] (vein at [1259, 713])
2026-07-09 11:42:40 MinePhase: Clicked stable vein at [1259, 713] (vein at [1259, 713])
2026-07-09 11:42:42 MinePhase: Clicked stable vein at [1259, 713] (vein at [1259, 713])
2026-07-09 11:42:43 MinePhase: Clicked stable vein at [1259, 713] (vein at [1259, 713])
2026-07-09 11:42:45 MinePhase: Clicked stable vein at [1259, 713] (vein at [1259, 713])
2026-07-09 11:42:47 MinePhase: Clicked stable vein at [1259, 713] (vein at [1259, 713])
2026-07-09 11:42:48 MinePhase: Clicked stable vein at [1259, 713] (vein at [1259, 713])
2026-07-09 11:42:50 MinePhase: Clicked stable vein at [1259, 713] (vein at [1259, 713])
2026-07-09 11:42:52 MinePhase: Clicked stable vein at [1259, 713] (vein at [1259, 713])
2026-07-09 11:42:53 MinePhase: Clicked stable vein at [1259, 713] (vein at [1259, 713])
2026-07-09 11:42:55 MinePhase: Lost track of vein or depleted. Finding new vein.
2026-07-09 11:42:55 MinePhase: Found new vein at [1209, 713]
2026-07-09 11:42:55 MinePhase: Initial click to walk to vein at [1209, 713] (vein at [1209, 713])
2026-07-09 11:42:57 MinePhase: Clicked stable vein at [1253, 713] (vein at [1253, 713])
2026-07-09 11:42:58 MinePhase: Clicked stable vein at [1259, 713] (vein at [1259, 713])
2026-07-09 11:43:00 MinePhase: Clicked stable vein at [1259, 713] (vein at [1259, 713])
2026-07-09 11:43:02 MinePhase: Clicked stable vein at [1259, 713] (vein at [1259, 713])
2026-07-09 11:43:04 MinePhase: Clicked stable vein at [1259, 713] (vein at [1259, 713])
2026-07-09 11:43:05 MinePhase: Clicked stable vein at [1259, 713] (vein at [1259, 713])
2026-07-09 11:43:07 MinePhase: Clicked stable vein at [1259, 713] (vein at [1259, 713])
2026-07-09 11:43:09 MinePhase: Clicked stable vein at [1259, 713] (vein at [1259, 713])
2026-07-09 11:43:10 MinePhase: Clicked stable vein at [1259, 713] (vein at [1259, 713])
2026-07-09 11:43:12 MinePhase: Clicked stable vein at [1259, 713] (vein at [1259, 713])
2026-07-09 11:43:14 MinePhase: Clicked stable vein at [1259, 713] (vein at [1259, 713])
2026-07-09 11:43:16 MinePhase: Clicked stable vein at [1259, 713] (vein at [1259, 713])
2026-07-09 11:43:17 MinePhase: Clicked stable vein at [1259, 713] (vein at [1259, 713])
2026-07-09 11:43:19 MinePhase: Clicked stable vein at [1259, 713] (vein at [1259, 713])
2026-07-09 11:43:20 MinePhase: Lost track of vein or depleted. Finding new vein.
2026-07-09 11:43:27 MinePhase: Found new vein at [1135, 713]
2026-07-09 11:43:27 MinePhase: Initial click to walk to vein at [1135, 713] (vein at [1135, 713])
2026-07-09 11:43:29 MinePhase: Clicked stable vein at [1227, 713] (vein at [1227, 713])
2026-07-09 11:43:31 MinePhase: Clicked stable vein at [1235, 713] (vein at [1235, 713])
2026-07-09 11:43:33 MinePhase: Clicked stable vein at [1235, 713] (vein at [1235, 713])
2026-07-09 11:43:34 MinePhase: Clicked stable vein at [1235, 713] (vein at [1235, 713])
2026-07-09 11:43:36 MinePhase: Clicked stable vein at [1235, 713] (vein at [1235, 713])
2026-07-09 11:43:38 MinePhase: Clicked stable vein at [1235, 713] (vein at [1235, 713])
2026-07-09 11:43:38 MinePhase: Inventory full, transitioning to clearRed
2026-07-09 11:43:38 ClearRedPhase: No red rockfalls found. Moving to hopper.
2026-07-09 11:43:39 ClearYellowPhase: Clicked hopper at [1158, 240]
2026-07-09 11:43:46 ClearYellowPhase: Ore deposited. Moving to sack.
2026-07-09 11:43:48 WithdrawSackPhase: Clicked sack at [1825, 724]
2026-07-09 11:43:54 WithdrawSackPhase: Items received from sack. Moving to bank.
2026-07-09 11:43:55 DepositBankPhase: Clicked deposit container at [1137, 355]
2026-07-09 11:43:55 DepositBankPhase: Waiting for deposit box to open...
2026-07-09 11:43:57 Engine: stopped - Stopped (F6)
2026-07-09 11:43:57 Engine: stopped - Stopped (F6)
2026-07-09 11:44:10 DepositBankPhase: Timed out waiting for deposit box - stopping
2026-07-09 11:44:10 Engine: stopped - Timed out waiting for deposit box
2026-07-09 11:56:04 Engine: started at phase 'mine'
2026-07-09 11:56:04 MinePhase: Inventory full, transitioning to clearRed
2026-07-09 11:56:04 ClearRedPhase: Found new red rockfall at [1217, 347]
2026-07-09 11:56:05 ClearRedPhase: Initial click on red rockfall at [1217, 347]
2026-07-09 11:56:06 Engine: stopped - Stopped (F6)
2026-07-09 11:56:12 Engine: started at phase 'mine'
2026-07-09 11:56:12 MinePhase: Found new vein at [1265, 719]
2026-07-09 11:56:12 MinePhase: Initial click to walk to vein at [1263, 717] (vein at [1263, 717])
2026-07-09 11:56:14 MinePhase: Clicked stable vein at [1259, 713] (vein at [1259, 713])
2026-07-09 11:56:15 MinePhase: Clicked stable vein at [1259, 713] (vein at [1259, 713])
2026-07-09 11:56:17 MinePhase: Clicked stable vein at [1259, 713] (vein at [1259, 713])
2026-07-09 11:56:19 MinePhase: Clicked stable vein at [1259, 713] (vein at [1259, 713])
2026-07-09 11:56:21 MinePhase: Clicked stable vein at [1259, 713] (vein at [1259, 713])
2026-07-09 11:56:22 MinePhase: Clicked stable vein at [1259, 713] (vein at [1259, 713])
2026-07-09 11:56:24 MinePhase: Clicked stable vein at [1259, 713] (vein at [1259, 713])
2026-07-09 11:56:26 MinePhase: Clicked stable vein at [1259, 713] (vein at [1259, 713])
2026-07-09 11:56:27 MinePhase: Clicked stable vein at [1259, 713] (vein at [1259, 713])
2026-07-09 11:56:29 MinePhase: Clicked stable vein at [1259, 713] (vein at [1259, 713])
2026-07-09 11:56:30 MinePhase: Lost track of vein or depleted. Finding new vein.
2026-07-09 11:56:30 MinePhase: Found new vein at [1307, 713]
2026-07-09 11:56:31 MinePhase: Initial click to walk to vein at [1307, 713] (vein at [1307, 713])
2026-07-09 11:56:32 MinePhase: Clicked stable vein at [1261, 713] (vein at [1261, 713])
2026-07-09 11:56:34 MinePhase: Clicked stable vein at [1259, 713] (vein at [1259, 713])
2026-07-09 11:56:36 MinePhase: Clicked stable vein at [1259, 713] (vein at [1259, 713])
2026-07-09 11:56:37 MinePhase: Clicked stable vein at [1259, 713] (vein at [1259, 713])
2026-07-09 11:56:39 MinePhase: Clicked stable vein at [1259, 713] (vein at [1259, 713])
2026-07-09 11:56:41 MinePhase: Clicked stable vein at [1259, 713] (vein at [1259, 713])
2026-07-09 11:56:43 MinePhase: Clicked stable vein at [1259, 713] (vein at [1259, 713])
2026-07-09 11:56:44 MinePhase: Clicked stable vein at [1259, 713] (vein at [1259, 713])
2026-07-09 11:56:46 MinePhase: Clicked stable vein at [1259, 713] (vein at [1259, 713])
2026-07-09 11:56:48 MinePhase: Clicked stable vein at [1259, 713] (vein at [1259, 713])
2026-07-09 11:56:49 MinePhase: Clicked stable vein at [1259, 713] (vein at [1259, 713])
2026-07-09 11:56:51 MinePhase: Clicked stable vein at [1259, 713] (vein at [1259, 713])
2026-07-09 11:56:53 MinePhase: Clicked stable vein at [1259, 713] (vein at [1259, 713])
2026-07-09 11:56:55 MinePhase: Clicked stable vein at [1259, 713] (vein at [1259, 713])
2026-07-09 11:56:56 MinePhase: Clicked stable vein at [1259, 713] (vein at [1259, 713])
2026-07-09 11:56:58 MinePhase: Clicked stable vein at [1259, 713] (vein at [1259, 713])
2026-07-09 11:57:00 MinePhase: Clicked stable vein at [1259, 713] (vein at [1259, 713])
2026-07-09 11:57:01 MinePhase: Clicked stable vein at [1259, 713] (vein at [1259, 713])
2026-07-09 11:57:03 MinePhase: Clicked stable vein at [1259, 713] (vein at [1259, 713])
2026-07-09 11:57:05 MinePhase: Clicked stable vein at [1259, 713] (vein at [1259, 713])
2026-07-09 11:57:06 MinePhase: Clicked stable vein at [1259, 713] (vein at [1259, 713])
2026-07-09 11:57:08 MinePhase: Clicked stable vein at [1259, 713] (vein at [1259, 713])
2026-07-09 11:57:10 MinePhase: Clicked stable vein at [1259, 713] (vein at [1259, 713])
2026-07-09 11:57:12 MinePhase: Clicked stable vein at [1259, 713] (vein at [1259, 713])
2026-07-09 11:57:13 MinePhase: Clicked stable vein at [1259, 713] (vein at [1259, 713])
2026-07-09 11:57:15 MinePhase: Clicked stable vein at [1259, 713] (vein at [1259, 713])
2026-07-09 11:57:17 MinePhase: Clicked stable vein at [1259, 713] (vein at [1259, 713])
2026-07-09 11:57:18 MinePhase: Clicked stable vein at [1259, 713] (vein at [1259, 713])
2026-07-09 11:57:20 MinePhase: Clicked stable vein at [1259, 713] (vein at [1259, 713])
2026-07-09 11:57:22 MinePhase: Clicked stable vein at [1259, 713] (vein at [1259, 713])
2026-07-09 11:57:24 MinePhase: Clicked stable vein at [1259, 713] (vein at [1259, 713])
2026-07-09 11:57:24 MinePhase: Lost track of vein or depleted. Finding new vein.
2026-07-09 11:57:25 MinePhase: Found new vein at [1135, 713]
2026-07-09 11:57:25 MinePhase: Initial click to walk to vein at [1135, 713] (vein at [1135, 713])
2026-07-09 11:57:27 MinePhase: Clicked stable vein at [1231, 713] (vein at [1231, 713])
2026-07-09 11:57:29 MinePhase: Clicked stable vein at [1235, 713] (vein at [1235, 713])
2026-07-09 11:57:30 MinePhase: Clicked stable vein at [1235, 713] (vein at [1235, 713])
2026-07-09 11:57:32 MinePhase: Clicked stable vein at [1235, 713] (vein at [1235, 713])
2026-07-09 11:57:34 MinePhase: Clicked stable vein at [1235, 713] (vein at [1235, 713])
2026-07-09 11:57:36 MinePhase: Clicked stable vein at [1235, 713] (vein at [1235, 713])
2026-07-09 11:57:37 MinePhase: Clicked stable vein at [1235, 713] (vein at [1235, 713])
2026-07-09 11:57:39 MinePhase: Clicked stable vein at [1235, 713] (vein at [1235, 713])
2026-07-09 11:57:41 MinePhase: Clicked stable vein at [1235, 713] (vein at [1235, 713])
2026-07-09 11:57:42 MinePhase: Clicked stable vein at [1235, 713] (vein at [1235, 713])
2026-07-09 11:57:44 MinePhase: Clicked stable vein at [1235, 713] (vein at [1235, 713])
2026-07-09 11:57:46 MinePhase: Clicked stable vein at [1235, 713] (vein at [1235, 713])
2026-07-09 11:57:47 MinePhase: Clicked stable vein at [1235, 713] (vein at [1235, 713])
2026-07-09 11:57:49 MinePhase: Clicked stable vein at [1235, 713] (vein at [1235, 713])
2026-07-09 11:57:51 MinePhase: Clicked stable vein at [1235, 713] (vein at [1235, 713])
2026-07-09 11:57:53 MinePhase: Clicked stable vein at [1235, 713] (vein at [1235, 713])
2026-07-09 11:57:54 MinePhase: Lost track of vein or depleted. Finding new vein.
2026-07-09 11:57:55 MinePhase: Found new vein at [1405, 713]
2026-07-09 11:57:55 MinePhase: Initial click to walk to vein at [1405, 713] (vein at [1405, 713])
2026-07-09 11:57:58 MinePhase: Clicked stable vein at [1265, 713] (vein at [1265, 713])
2026-07-09 11:58:00 MinePhase: Clicked stable vein at [1259, 713] (vein at [1259, 713])
2026-07-09 11:58:01 MinePhase: Clicked stable vein at [1259, 713] (vein at [1259, 713])
2026-07-09 11:58:03 MinePhase: Clicked stable vein at [1259, 713] (vein at [1259, 713])
2026-07-09 11:58:05 MinePhase: Clicked stable vein at [1259, 713] (vein at [1259, 713])
2026-07-09 11:58:07 MinePhase: Clicked stable vein at [1259, 713] (vein at [1259, 713])
2026-07-09 11:58:08 MinePhase: Clicked stable vein at [1259, 713] (vein at [1259, 713])
2026-07-09 11:58:10 MinePhase: Clicked stable vein at [1259, 713] (vein at [1259, 713])
2026-07-09 11:58:11 MinePhase: Inventory full, transitioning to clearRed
2026-07-09 11:58:11 ClearRedPhase: Found new red rockfall at [1349, 347]
2026-07-09 11:58:11 ClearRedPhase: Initial click on red rockfall at [1349, 347]
2026-07-09 11:58:20 ClearRedPhase: Failsafe click on red rockfall at [1259, 633]
2026-07-09 11:58:22 ClearRedPhase: Rockfall cleared or lost. Scanning for another.
2026-07-09 11:58:22 ClearRedPhase: No red rockfalls found. Moving to hopper.
2026-07-09 11:58:23 ClearYellowPhase: Clicked hopper at [892, 440]
2026-07-09 11:58:31 ClearYellowPhase: Ore deposited. Moving to sack.
2026-07-09 11:58:32 WithdrawSackPhase: Clicked sack at [1825, 724]
2026-07-09 11:58:38 WithdrawSackPhase: Items received from sack. Moving to bank.
2026-07-09 11:58:39 DepositBankPhase: Clicked deposit container at [1067, 351]
2026-07-09 11:58:39 DepositBankPhase: Waiting for deposit box to open...
2026-07-09 11:58:43 DepositBankPhase: Deposited all - banking complete, stopping (return-to-mine not yet implemented)
2026-07-09 11:58:43 Engine: stopped - Banking complete - return-to-mine not yet implemented
2026-07-09 12:00:19 Engine: started at phase 'mine'
2026-07-09 12:00:19 MinePhase: Found new vein at [1185, 713]
2026-07-09 12:00:20 MinePhase: Initial click to walk to vein at [1185, 713] (vein at [1185, 713])
2026-07-09 12:00:21 MinePhase: Clicked stable vein at [1229, 713] (vein at [1229, 713])
2026-07-09 12:00:23 MinePhase: Clicked stable vein at [1235, 713] (vein at [1235, 713])
2026-07-09 12:00:25 MinePhase: Clicked stable vein at [1235, 713] (vein at [1235, 713])
2026-07-09 12:00:25 Engine: stopped - Stopped (F6)
2026-07-09 12:00:25 Engine: started at phase 'mine'
2026-07-09 12:00:26 MinePhase: Clicked stable vein at [1235, 713] (vein at [1235, 713])
2026-07-09 12:00:28 MinePhase: Clicked stable vein at [1235, 713] (vein at [1235, 713])
2026-07-09 12:00:30 MinePhase: Inventory full, transitioning to clearRed
2026-07-09 12:00:30 ClearRedPhase: Found new red rockfall at [1249, 347]
2026-07-09 12:00:30 ClearRedPhase: Initial click on red rockfall at [1249, 347]
2026-07-09 12:00:31 Engine: stopped - Stopped (F6)
2026-07-09 12:00:36 Engine: started at phase 'mine'
2026-07-09 12:00:36 MinePhase: Found new vein at [1235, 713]
2026-07-09 12:00:36 MinePhase: Initial click to walk to vein at [1235, 713] (vein at [1235, 713])
2026-07-09 12:00:38 MinePhase: Clicked stable vein at [1235, 713] (vein at [1235, 713])
2026-07-09 12:00:40 MinePhase: Clicked stable vein at [1235, 713] (vein at [1235, 713])
2026-07-09 12:00:41 MinePhase: Clicked stable vein at [1235, 713] (vein at [1235, 713])
2026-07-09 12:00:43 MinePhase: Clicked stable vein at [1235, 713] (vein at [1235, 713])
2026-07-09 12:00:45 MinePhase: Clicked stable vein at [1235, 713] (vein at [1235, 713])
2026-07-09 12:00:47 MinePhase: Clicked stable vein at [1235, 713] (vein at [1235, 713])
2026-07-09 12:00:48 MinePhase: Clicked stable vein at [1235, 713] (vein at [1235, 713])
2026-07-09 12:00:50 MinePhase: Clicked stable vein at [1235, 713] (vein at [1235, 713])
2026-07-09 12:00:52 MinePhase: Clicked stable vein at [1235, 713] (vein at [1235, 713])
2026-07-09 12:00:53 MinePhase: Clicked stable vein at [1235, 713] (vein at [1235, 713])
2026-07-09 12:00:55 MinePhase: Clicked stable vein at [1235, 713] (vein at [1235, 713])
2026-07-09 12:00:57 MinePhase: Clicked stable vein at [1235, 713] (vein at [1235, 713])
2026-07-09 12:00:59 MinePhase: Clicked stable vein at [1235, 713] (vein at [1235, 713])
2026-07-09 12:01:00 MinePhase: Clicked stable vein at [1235, 713] (vein at [1235, 713])
2026-07-09 12:01:02 MinePhase: Clicked stable vein at [1235, 713] (vein at [1235, 713])
2026-07-09 12:01:04 MinePhase: Clicked stable vein at [1235, 713] (vein at [1235, 713])
2026-07-09 12:01:06 MinePhase: Clicked stable vein at [1235, 713] (vein at [1235, 713])
2026-07-09 12:01:07 MinePhase: Clicked stable vein at [1235, 713] (vein at [1235, 713])
2026-07-09 12:01:09 MinePhase: Clicked stable vein at [1235, 713] (vein at [1235, 713])
2026-07-09 12:01:11 MinePhase: Clicked stable vein at [1235, 713] (vein at [1235, 713])
2026-07-09 12:01:12 MinePhase: Lost track of vein or depleted. Finding new vein.
2026-07-09 12:01:12 MinePhase: Found new vein at [1355, 713]
2026-07-09 12:01:12 MinePhase: Initial click to walk to vein at [1355, 713] (vein at [1355, 713])
2026-07-09 12:01:14 MinePhase: Clicked stable vein at [1263, 713] (vein at [1263, 713])
2026-07-09 12:01:16 MinePhase: Clicked stable vein at [1259, 713] (vein at [1259, 713])
2026-07-09 12:01:17 MinePhase: Clicked stable vein at [1259, 713] (vein at [1259, 713])
2026-07-09 12:01:19 MinePhase: Clicked stable vein at [1259, 713] (vein at [1259, 713])
2026-07-09 12:01:20 MinePhase: Inventory full, transitioning to clearRed
2026-07-09 12:01:20 ClearRedPhase: Found new red rockfall at [1185, 347]
2026-07-09 12:01:20 ClearRedPhase: Initial click on red rockfall at [1185, 347]
2026-07-09 12:01:28 ClearRedPhase: Failsafe click on red rockfall at [1447, 1017]
2026-07-09 12:01:30 Engine: stopped - Stopped (F6)
2026-07-09 12:01:36 Engine: started at phase 'mine'
2026-07-09 12:01:36 MinePhase: Initial click to walk to vein at [1309, 745] (vein at [1309, 745])
2026-07-09 12:01:38 MinePhase: Clicked stable vein at [1263, 713] (vein at [1263, 713])
2026-07-09 12:01:39 MinePhase: Clicked stable vein at [1259, 713] (vein at [1259, 713])
2026-07-09 12:01:41 MinePhase: Clicked stable vein at [1259, 713] (vein at [1259, 713])
2026-07-09 12:01:43 MinePhase: Clicked stable vein at [1259, 713] (vein at [1259, 713])
2026-07-09 12:01:45 MinePhase: Clicked stable vein at [1259, 713] (vein at [1259, 713])
2026-07-09 12:01:46 MinePhase: Clicked stable vein at [1259, 713] (vein at [1259, 713])
2026-07-09 12:01:48 MinePhase: Clicked stable vein at [1259, 713] (vein at [1259, 713])
2026-07-09 12:01:50 MinePhase: Clicked stable vein at [1259, 713] (vein at [1259, 713])
2026-07-09 12:01:51 MinePhase: Clicked stable vein at [1259, 713] (vein at [1259, 713])
2026-07-09 12:01:53 MinePhase: Clicked stable vein at [1259, 713] (vein at [1259, 713])
2026-07-09 12:01:55 MinePhase: Clicked stable vein at [1259, 713] (vein at [1259, 713])
2026-07-09 12:01:57 MinePhase: Clicked stable vein at [1259, 713] (vein at [1259, 713])
2026-07-09 12:01:58 MinePhase: Clicked stable vein at [1259, 713] (vein at [1259, 713])
2026-07-09 12:02:00 MinePhase: Clicked stable vein at [1259, 713] (vein at [1259, 713])
2026-07-09 12:02:02 MinePhase: Clicked stable vein at [1259, 713] (vein at [1259, 713])
2026-07-09 12:02:03 MinePhase: Clicked stable vein at [1259, 713] (vein at [1259, 713])
2026-07-09 12:02:05 MinePhase: Clicked stable vein at [1259, 713] (vein at [1259, 713])
2026-07-09 12:02:07 MinePhase: Clicked stable vein at [1259, 713] (vein at [1259, 713])
2026-07-09 12:02:08 MinePhase: Clicked stable vein at [1259, 713] (vein at [1259, 713])
2026-07-09 12:02:10 MinePhase: Clicked stable vein at [1259, 713] (vein at [1259, 713])
2026-07-09 12:02:12 MinePhase: Clicked stable vein at [1259, 713] (vein at [1259, 713])
2026-07-09 12:02:12 MinePhase: Lost track of vein or depleted. Finding new vein.
2026-07-09 12:02:14 MinePhase: Found new vein at [1209, 713]
2026-07-09 12:02:14 MinePhase: Initial click to walk to vein at [1209, 713] (vein at [1209, 713])
2026-07-09 12:02:16 MinePhase: Clicked stable vein at [1253, 713] (vein at [1253, 713])
2026-07-09 12:02:18 MinePhase: Clicked stable vein at [1259, 713] (vein at [1259, 713])
2026-07-09 12:02:19 MinePhase: Clicked stable vein at [1259, 713] (vein at [1259, 713])
2026-07-09 12:02:21 MinePhase: Clicked stable vein at [1259, 713] (vein at [1259, 713])
2026-07-09 12:02:23 MinePhase: Clicked stable vein at [1259, 713] (vein at [1259, 713])
2026-07-09 12:02:25 MinePhase: Clicked stable vein at [1259, 713] (vein at [1259, 713])
2026-07-09 12:02:26 MinePhase: Clicked stable vein at [1259, 713] (vein at [1259, 713])
2026-07-09 12:02:28 MinePhase: Clicked stable vein at [1259, 713] (vein at [1259, 713])
2026-07-09 12:02:30 MinePhase: Clicked stable vein at [1259, 713] (vein at [1259, 713])
2026-07-09 12:02:31 MinePhase: Clicked stable vein at [1259, 713] (vein at [1259, 713])
2026-07-09 12:02:33 MinePhase: Clicked stable vein at [1259, 713] (vein at [1259, 713])
2026-07-09 12:02:35 MinePhase: Clicked stable vein at [1259, 713] (vein at [1259, 713])
2026-07-09 12:02:36 MinePhase: Clicked stable vein at [1259, 713] (vein at [1259, 713])
2026-07-09 12:02:38 MinePhase: Inventory full, transitioning to clearRed
2026-07-09 12:02:38 ClearRedPhase: Found new red rockfall at [1217, 347]
2026-07-09 12:02:38 ClearRedPhase: Initial click on red rockfall at [1217, 347]
2026-07-09 12:02:44 ClearRedPhase: Rockfall cleared or lost. Scanning for another.
2026-07-09 12:02:44 ClearRedPhase: Found new red rockfall at [1547, 639]
2026-07-09 12:02:45 ClearRedPhase: Initial click on red rockfall at [1541, 639]
2026-07-09 12:02:47 ClearRedPhase: Rockfall cleared or lost. Scanning for another.
2026-07-09 12:02:47 ClearRedPhase: No red rockfalls found. Moving to hopper.
2026-07-09 12:02:48 ClearYellowPhase: Clicked hopper at [896, 440]
2026-07-09 12:02:55 ClearYellowPhase: Ore deposited. Moving to sack.
2026-07-09 12:02:55 WithdrawSackPhase: Clicked sack at [1825, 724]
2026-07-09 12:03:02 WithdrawSackPhase: Items received from sack. Moving to bank.
2026-07-09 12:03:02 DepositBankPhase: Clicked deposit container at [1107, 355]
2026-07-09 12:03:02 DepositBankPhase: Waiting for deposit box to open...
2026-07-09 12:03:06 DepositBankPhase: Deposited all - banking complete, stopping (return-to-mine not yet implemented)
2026-07-09 12:03:06 Engine: stopped - Banking complete - return-to-mine not yet implemented
2026-07-09 12:03:08 Engine: stopped - Stopped (F6)
2026-07-09 12:08:49 Engine: started at phase 'mine'
2026-07-09 12:08:49 MinePhase: Found new vein at [1237, 713]
2026-07-09 12:08:49 MinePhase: Initial click to walk to vein at [1237, 713] (vein at [1237, 713])
2026-07-09 12:08:51 MinePhase: Clicked stable vein at [1237, 713] (vein at [1237, 713])
2026-07-09 12:08:52 MinePhase: Clicked stable vein at [1237, 713] (vein at [1237, 713])
2026-07-09 12:08:54 MinePhase: Clicked stable vein at [1237, 713] (vein at [1237, 713])
2026-07-09 12:08:56 MinePhase: Clicked stable vein at [1237, 713] (vein at [1237, 713])
2026-07-09 12:08:58 MinePhase: Clicked stable vein at [1237, 713] (vein at [1237, 713])
2026-07-09 12:08:59 MinePhase: Clicked stable vein at [1237, 713] (vein at [1237, 713])
2026-07-09 12:09:01 MinePhase: Clicked stable vein at [1237, 713] (vein at [1237, 713])
2026-07-09 12:09:03 MinePhase: Clicked stable vein at [1237, 713] (vein at [1237, 713])
2026-07-09 12:09:04 MinePhase: Clicked stable vein at [1237, 713] (vein at [1237, 713])
2026-07-09 12:09:06 MinePhase: Clicked stable vein at [1237, 713] (vein at [1237, 713])
2026-07-09 12:09:08 MinePhase: Clicked stable vein at [1237, 713] (vein at [1237, 713])
2026-07-09 12:09:09 MinePhase: Clicked stable vein at [1237, 713] (vein at [1237, 713])
2026-07-09 12:09:11 MinePhase: Clicked stable vein at [1237, 713] (vein at [1237, 713])
2026-07-09 12:09:13 MinePhase: Clicked stable vein at [1237, 713] (vein at [1237, 713])
2026-07-09 12:09:15 MinePhase: Clicked stable vein at [1237, 713] (vein at [1237, 713])
2026-07-09 12:09:16 MinePhase: Clicked stable vein at [1237, 713] (vein at [1237, 713])
2026-07-09 12:09:18 MinePhase: Clicked stable vein at [1237, 713] (vein at [1237, 713])
2026-07-09 12:09:19 MinePhase: Lost track of vein or depleted. Finding new vein.
2026-07-09 12:09:19 MinePhase: Found new vein at [1307, 713]
2026-07-09 12:09:19 MinePhase: Initial click to walk to vein at [1307, 713] (vein at [1307, 713])
2026-07-09 12:09:21 MinePhase: Clicked stable vein at [1265, 713] (vein at [1265, 713])
2026-07-09 12:09:23 MinePhase: Clicked stable vein at [1259, 713] (vein at [1259, 713])
2026-07-09 12:09:24 MinePhase: Clicked stable vein at [1259, 713] (vein at [1259, 713])
2026-07-09 12:09:26 MinePhase: Clicked stable vein at [1259, 713] (vein at [1259, 713])
2026-07-09 12:09:28 MinePhase: Clicked stable vein at [1259, 713] (vein at [1259, 713])
2026-07-09 12:09:29 MinePhase: Clicked stable vein at [1259, 713] (vein at [1259, 713])
2026-07-09 12:09:31 MinePhase: Clicked stable vein at [1259, 713] (vein at [1259, 713])
2026-07-09 12:09:33 MinePhase: Clicked stable vein at [1259, 713] (vein at [1259, 713])
2026-07-09 12:09:34 MinePhase: Clicked stable vein at [1259, 713] (vein at [1259, 713])
2026-07-09 12:09:36 MinePhase: Clicked stable vein at [1259, 713] (vein at [1259, 713])
2026-07-09 12:09:38 MinePhase: Clicked stable vein at [1259, 713] (vein at [1259, 713])
2026-07-09 12:09:40 MinePhase: Clicked stable vein at [1259, 713] (vein at [1259, 713])
2026-07-09 12:09:41 MinePhase: Clicked stable vein at [1259, 713] (vein at [1259, 713])
2026-07-09 12:09:43 MinePhase: Clicked stable vein at [1259, 713] (vein at [1259, 713])
2026-07-09 12:09:45 MinePhase: Clicked stable vein at [1259, 713] (vein at [1259, 713])
2026-07-09 12:09:46 MinePhase: Clicked stable vein at [1259, 713] (vein at [1259, 713])
2026-07-09 12:09:48 MinePhase: Lost track of vein or depleted. Finding new vein.
2026-07-09 12:09:48 MinePhase: Found new vein at [1307, 713]
2026-07-09 12:09:48 MinePhase: Initial click to walk to vein at [1307, 713] (vein at [1307, 713])
2026-07-09 12:09:50 MinePhase: Clicked stable vein at [1261, 713] (vein at [1261, 713])
2026-07-09 12:09:52 MinePhase: Clicked stable vein at [1259, 713] (vein at [1259, 713])
2026-07-09 12:09:53 MinePhase: Clicked stable vein at [1259, 713] (vein at [1259, 713])
2026-07-09 12:09:55 MinePhase: Clicked stable vein at [1259, 713] (vein at [1259, 713])
2026-07-09 12:09:57 MinePhase: Clicked stable vein at [1259, 713] (vein at [1259, 713])
2026-07-09 12:09:58 MinePhase: Clicked stable vein at [1259, 713] (vein at [1259, 713])
2026-07-09 12:10:00 MinePhase: Clicked stable vein at [1259, 713] (vein at [1259, 713])
2026-07-09 12:10:02 MinePhase: Clicked stable vein at [1259, 713] (vein at [1259, 713])
2026-07-09 12:10:03 MinePhase: Clicked stable vein at [1259, 713] (vein at [1259, 713])
2026-07-09 12:10:05 MinePhase: Clicked stable vein at [1259, 713] (vein at [1259, 713])
2026-07-09 12:10:07 MinePhase: Clicked stable vein at [1259, 713] (vein at [1259, 713])
2026-07-09 12:10:09 MinePhase: Clicked stable vein at [1259, 713] (vein at [1259, 713])
2026-07-09 12:10:10 MinePhase: Clicked stable vein at [1259, 713] (vein at [1259, 713])
2026-07-09 12:10:12 MinePhase: Clicked stable vein at [1259, 713] (vein at [1259, 713])
2026-07-09 12:10:14 MinePhase: Clicked stable vein at [1259, 713] (vein at [1259, 713])
2026-07-09 12:10:15 MinePhase: Clicked stable vein at [1259, 713] (vein at [1259, 713])
2026-07-09 12:10:17 MinePhase: Clicked stable vein at [1259, 713] (vein at [1259, 713])
2026-07-09 12:10:19 MinePhase: Lost track of vein or depleted. Finding new vein.
2026-07-09 12:10:19 MinePhase: Found new vein at [1307, 713]
2026-07-09 12:10:20 MinePhase: Initial click to walk to vein at [1307, 713] (vein at [1307, 713])
2026-07-09 12:10:21 MinePhase: Clicked stable vein at [1267, 713] (vein at [1267, 713])
2026-07-09 12:10:23 MinePhase: Clicked stable vein at [1259, 713] (vein at [1259, 713])
2026-07-09 12:10:25 MinePhase: Clicked stable vein at [1259, 713] (vein at [1259, 713])
2026-07-09 12:10:27 MinePhase: Clicked stable vein at [1259, 713] (vein at [1259, 713])
2026-07-09 12:10:28 MinePhase: Clicked stable vein at [1259, 713] (vein at [1259, 713])
2026-07-09 12:10:30 MinePhase: Clicked stable vein at [1259, 713] (vein at [1259, 713])
2026-07-09 12:10:32 MinePhase: Clicked stable vein at [1259, 713] (vein at [1259, 713])
2026-07-09 12:10:33 MinePhase: Clicked stable vein at [1259, 713] (vein at [1259, 713])
2026-07-09 12:10:35 MinePhase: Clicked stable vein at [1259, 713] (vein at [1259, 713])
2026-07-09 12:10:37 MinePhase: Clicked stable vein at [1259, 713] (vein at [1259, 713])
2026-07-09 12:10:39 MinePhase: Clicked stable vein at [1259, 713] (vein at [1259, 713])
2026-07-09 12:10:40 MinePhase: Clicked stable vein at [1259, 713] (vein at [1259, 713])
2026-07-09 12:10:42 MinePhase: Clicked stable vein at [1259, 713] (vein at [1259, 713])
2026-07-09 12:10:44 MinePhase: Clicked stable vein at [1259, 713] (vein at [1259, 713])
2026-07-09 12:10:45 MinePhase: Clicked stable vein at [1259, 713] (vein at [1259, 713])
2026-07-09 12:10:47 MinePhase: Clicked stable vein at [1259, 713] (vein at [1259, 713])
2026-07-09 12:10:49 MinePhase: Clicked stable vein at [1259, 713] (vein at [1259, 713])
2026-07-09 12:10:50 MinePhase: Lost track of vein or depleted. Finding new vein.
2026-07-09 12:11:00 MinePhase: Found new vein at [1087, 713]
2026-07-09 12:11:01 MinePhase: Initial click to walk to vein at [1087, 713] (vein at [1087, 713])
2026-07-09 12:11:03 MinePhase: Clicked stable vein at [1231, 713] (vein at [1231, 713])
2026-07-09 12:11:05 MinePhase: Clicked stable vein at [1235, 713] (vein at [1235, 713])
2026-07-09 12:11:07 MinePhase: Clicked stable vein at [1235, 713] (vein at [1235, 713])
2026-07-09 12:11:08 MinePhase: Clicked stable vein at [1235, 713] (vein at [1235, 713])
2026-07-09 12:11:10 MinePhase: Clicked stable vein at [1235, 713] (vein at [1235, 713])
2026-07-09 12:11:10 MinePhase: Inventory full, transitioning to clearRed
2026-07-09 12:11:10 ClearRedPhase: Found new red rockfall at [1249, 347]
2026-07-09 12:11:11 ClearRedPhase: Initial click on red rockfall at [1249, 347]
2026-07-09 12:11:11 ClearRedPhase: Rockfall cleared or lost. Scanning for another.
2026-07-09 12:11:12 ClearRedPhase: No red rockfalls found. Moving to hopper.
2026-07-09 12:11:13 ClearYellowPhase: Clicked hopper at [1210, 254]
2026-07-09 12:11:20 ClearYellowPhase: Ore deposited. Moving to sack.
2026-07-09 12:11:20 WithdrawSackPhase: Clicked sack at [1825, 724]
2026-07-09 12:11:27 WithdrawSackPhase: Items received from sack. Moving to bank.
2026-07-09 12:11:27 DepositBankPhase: Clicked deposit container at [1073, 351]
2026-07-09 12:11:27 DepositBankPhase: Waiting for deposit box to open...
2026-07-09 12:11:31 DepositBankPhase: Deposited all - banking complete, stopping (return-to-mine not yet implemented)
2026-07-09 12:11:31 Engine: stopped - Banking complete - return-to-mine not yet implemented
2026-07-09 12:26:52 Engine: started at phase 'mine'
2026-07-09 12:26:52 MinePhase: Found new vein at [1355, 713]
2026-07-09 12:26:52 MinePhase: Initial click to walk to vein at [1355, 713] (vein at [1355, 713])
2026-07-09 12:26:54 MinePhase: Clicked stable vein at [1265, 713] (vein at [1265, 713])
2026-07-09 12:26:56 MinePhase: Clicked stable vein at [1259, 713] (vein at [1259, 713])
2026-07-09 12:26:58 MinePhase: Clicked stable vein at [1259, 713] (vein at [1259, 713])
2026-07-09 12:26:59 MinePhase: Clicked stable vein at [1259, 713] (vein at [1259, 713])
2026-07-09 12:27:01 MinePhase: Clicked stable vein at [1259, 713] (vein at [1259, 713])
2026-07-09 12:27:03 MinePhase: Clicked stable vein at [1259, 713] (vein at [1259, 713])
2026-07-09 12:27:05 MinePhase: Clicked stable vein at [1259, 713] (vein at [1259, 713])
2026-07-09 12:27:05 MinePhase: Inventory full, transitioning to clearRed
2026-07-09 12:27:05 ClearRedPhase: Found new red rockfall at [1383, 347]
2026-07-09 12:27:05 ClearRedPhase: Initial click on red rockfall at [1383, 347]
2026-07-09 12:27:07 ClearRedPhase: Rockfall cleared or lost. Scanning for another.
2026-07-09 12:27:07 ClearRedPhase: No red rockfalls found. Moving to hopper.
2026-07-09 12:27:08 ClearYellowPhase: Clicked hopper at [1242, 266]
2026-07-09 12:27:15 ClearYellowPhase: Ore deposited. Moving to sack.
2026-07-09 12:27:15 WithdrawSackPhase: Clicked sack at [1825, 724]
2026-07-09 12:27:22 WithdrawSackPhase: Items received from sack. Moving to bank.
2026-07-09 12:27:22 DepositBankPhase: Clicked deposit container at [1065, 351]
2026-07-09 12:27:22 DepositBankPhase: Waiting for deposit box to open...
2026-07-09 12:27:26 DepositBankPhase: Deposited all - banking complete, returning to mine
2026-07-09 12:27:26 ReturnMine1Phase: Clicked waypoint 1 at [699, 1279]
2026-07-09 12:27:32 ReturnMine1Phase: Arrived at waypoint 1!
2026-07-09 12:27:32 ReturnMine2Phase: Clicked waypoint 2 at [1251, 1354]
2026-07-09 12:27:36 ReturnMine2Phase: Saw waypoint 2 marker. Moving to final approach.
2026-07-09 12:27:36 ReturnMine2Phase: Clicked final approach spot at [1491, 933]
2026-07-09 12:27:37 ReturnMine2Phase: Wait complete. Handing off to mine phase.
2026-07-09 12:27:38 MinePhase: Found new vein at [1438, 842]
2026-07-09 12:27:38 MinePhase: Initial click to walk to vein at [1438, 831] (vein at [1438, 831])
2026-07-09 12:27:41 MinePhase: Clicked stable vein at [1265, 717] (vein at [1265, 717])
2026-07-09 12:27:42 Engine: stopped - Stopped (F6)
2026-07-09 12:34:47 Engine: started at phase 'mine'
2026-07-09 12:34:47 MinePhase: Found new vein at [1307, 713]
2026-07-09 12:34:47 MinePhase: Initial click to walk to vein at [1307, 713] (vein at [1307, 713])
2026-07-09 12:34:49 MinePhase: Clicked stable vein at [1263, 713] (vein at [1263, 713])
2026-07-09 12:34:51 MinePhase: Clicked stable vein at [1259, 713] (vein at [1259, 713])
2026-07-09 12:34:52 MinePhase: Clicked stable vein at [1259, 713] (vein at [1259, 713])
2026-07-09 12:34:54 MinePhase: Clicked stable vein at [1259, 713] (vein at [1259, 713])
2026-07-09 12:34:56 MinePhase: Clicked stable vein at [1259, 713] (vein at [1259, 713])
2026-07-09 12:34:57 MinePhase: Clicked stable vein at [1259, 713] (vein at [1259, 713])
2026-07-09 12:34:59 MinePhase: Clicked stable vein at [1259, 713] (vein at [1259, 713])
2026-07-09 12:35:01 MinePhase: Clicked stable vein at [1259, 713] (vein at [1259, 713])
2026-07-09 12:35:02 MinePhase: Clicked stable vein at [1259, 713] (vein at [1259, 713])
2026-07-09 12:35:04 MinePhase: Clicked stable vein at [1259, 713] (vein at [1259, 713])
2026-07-09 12:35:06 MinePhase: Clicked stable vein at [1259, 713] (vein at [1259, 713])
2026-07-09 12:35:07 MinePhase: Clicked stable vein at [1259, 713] (vein at [1259, 713])
2026-07-09 12:35:09 MinePhase: Clicked stable vein at [1259, 713] (vein at [1259, 713])
2026-07-09 12:35:11 MinePhase: Clicked stable vein at [1259, 713] (vein at [1259, 713])
2026-07-09 12:35:13 MinePhase: Clicked stable vein at [1259, 713] (vein at [1259, 713])
2026-07-09 12:35:14 MinePhase: Clicked stable vein at [1259, 713] (vein at [1259, 713])
2026-07-09 12:35:16 MinePhase: Clicked stable vein at [1259, 713] (vein at [1259, 713])
2026-07-09 12:35:18 MinePhase: Clicked stable vein at [1259, 713] (vein at [1259, 713])
2026-07-09 12:35:19 MinePhase: Clicked stable vein at [1259, 713] (vein at [1259, 713])
2026-07-09 12:35:21 MinePhase: Clicked stable vein at [1259, 713] (vein at [1259, 713])
2026-07-09 12:35:23 MinePhase: Clicked stable vein at [1259, 713] (vein at [1259, 713])
2026-07-09 12:35:23 MinePhase: Inventory full, transitioning to clearRed
2026-07-09 12:35:23 ClearRedPhase: Found new red rockfall at [1217, 347]
2026-07-09 12:35:23 ClearRedPhase: Initial click on red rockfall at [1217, 347]
2026-07-09 12:35:30 ClearRedPhase: Failsafe click on red rockfall at [1257, 639]
2026-07-09 12:35:31 ClearRedPhase: Rockfall cleared or lost. Scanning for another.
2026-07-09 12:35:31 ClearRedPhase: Found new red rockfall at [1517, 639]
2026-07-09 12:35:31 ClearRedPhase: Initial click on red rockfall at [1517, 639]
2026-07-09 12:35:34 ClearRedPhase: Rockfall cleared or lost. Scanning for another.
2026-07-09 12:35:34 ClearRedPhase: No red rockfalls found. Moving to hopper.
2026-07-09 12:35:34 ClearYellowPhase: Clicked hopper at [896, 440]
2026-07-09 12:35:41 ClearYellowPhase: Ore deposited. Moving to sack.
2026-07-09 12:35:41 WithdrawSackPhase: Clicked sack at [1825, 724]
2026-07-09 12:35:48 Engine: stopped - Stopped (F6)
2026-07-09 12:36:25 Engine: started at phase 'mine'
2026-07-09 12:36:25 MinePhase: Found new vein at [1329, 761]
2026-07-09 12:36:25 MinePhase: Initial click to walk to vein at [1317, 757] (vein at [1317, 757])
2026-07-09 12:36:27 MinePhase: Clicked stable vein at [1237, 713] (vein at [1237, 713])
2026-07-09 12:36:28 MinePhase: Clicked stable vein at [1235, 713] (vein at [1235, 713])
2026-07-09 12:36:30 MinePhase: Clicked stable vein at [1235, 713] (vein at [1235, 713])
2026-07-09 12:36:32 MinePhase: Clicked stable vein at [1235, 713] (vein at [1235, 713])
2026-07-09 12:36:33 MinePhase: Clicked stable vein at [1235, 713] (vein at [1235, 713])
2026-07-09 12:36:35 MinePhase: Clicked stable vein at [1235, 713] (vein at [1235, 713])
2026-07-09 12:36:37 MinePhase: Clicked stable vein at [1235, 713] (vein at [1235, 713])
2026-07-09 12:36:39 MinePhase: Clicked stable vein at [1235, 713] (vein at [1235, 713])
2026-07-09 12:36:40 MinePhase: Clicked stable vein at [1235, 713] (vein at [1235, 713])
2026-07-09 12:36:42 MinePhase: Clicked stable vein at [1235, 713] (vein at [1235, 713])
2026-07-09 12:36:44 MinePhase: Clicked stable vein at [1235, 713] (vein at [1235, 713])
2026-07-09 12:36:45 MinePhase: Clicked stable vein at [1235, 713] (vein at [1235, 713])
2026-07-09 12:36:47 MinePhase: Clicked stable vein at [1235, 713] (vein at [1235, 713])
2026-07-09 12:36:49 MinePhase: Clicked stable vein at [1235, 713] (vein at [1235, 713])
2026-07-09 12:36:51 MinePhase: Clicked stable vein at [1235, 713] (vein at [1235, 713])
2026-07-09 12:36:52 MinePhase: Clicked stable vein at [1235, 713] (vein at [1235, 713])
2026-07-09 12:36:54 MinePhase: Clicked stable vein at [1235, 713] (vein at [1235, 713])
2026-07-09 12:36:56 MinePhase: Clicked stable vein at [1235, 713] (vein at [1235, 713])
2026-07-09 12:36:57 MinePhase: Clicked stable vein at [1235, 713] (vein at [1235, 713])
2026-07-09 12:36:59 MinePhase: Clicked stable vein at [1235, 713] (vein at [1235, 713])
2026-07-09 12:37:01 MinePhase: Clicked stable vein at [1235, 713] (vein at [1235, 713])
2026-07-09 12:37:02 MinePhase: Clicked stable vein at [1235, 713] (vein at [1235, 713])
2026-07-09 12:37:04 MinePhase: Clicked stable vein at [1235, 713] (vein at [1235, 713])
2026-07-09 12:37:06 MinePhase: Clicked stable vein at [1235, 713] (vein at [1235, 713])
2026-07-09 12:37:08 MinePhase: Clicked stable vein at [1235, 713] (vein at [1235, 713])
2026-07-09 12:37:09 MinePhase: Clicked stable vein at [1235, 713] (vein at [1235, 713])
2026-07-09 12:37:11 MinePhase: Clicked stable vein at [1235, 713] (vein at [1235, 713])
2026-07-09 12:37:12 MinePhase: Lost track of vein or depleted. Finding new vein.
2026-07-09 12:37:12 MinePhase: Found new vein at [1307, 713]
2026-07-09 12:37:13 MinePhase: Initial click to walk to vein at [1307, 713] (vein at [1307, 713])
2026-07-09 12:37:15 MinePhase: Clicked stable vein at [1263, 713] (vein at [1263, 713])
2026-07-09 12:37:16 MinePhase: Clicked stable vein at [1259, 713] (vein at [1259, 713])
2026-07-09 12:37:18 MinePhase: Clicked stable vein at [1259, 713] (vein at [1259, 713])
2026-07-09 12:37:20 MinePhase: Clicked stable vein at [1259, 713] (vein at [1259, 713])
2026-07-09 12:37:21 MinePhase: Clicked stable vein at [1259, 713] (vein at [1259, 713])
2026-07-09 12:37:23 MinePhase: Clicked stable vein at [1259, 713] (vein at [1259, 713])
2026-07-09 12:37:25 MinePhase: Clicked stable vein at [1259, 713] (vein at [1259, 713])
2026-07-09 12:37:27 MinePhase: Clicked stable vein at [1259, 713] (vein at [1259, 713])
2026-07-09 12:37:28 MinePhase: Clicked stable vein at [1259, 713] (vein at [1259, 713])
2026-07-09 12:37:30 MinePhase: Clicked stable vein at [1259, 713] (vein at [1259, 713])
2026-07-09 12:37:32 MinePhase: Clicked stable vein at [1259, 713] (vein at [1259, 713])
2026-07-09 12:37:33 MinePhase: Clicked stable vein at [1259, 713] (vein at [1259, 713])
2026-07-09 12:37:35 MinePhase: Clicked stable vein at [1259, 713] (vein at [1259, 713])
2026-07-09 12:37:37 MinePhase: Clicked stable vein at [1259, 713] (vein at [1259, 713])
2026-07-09 12:37:39 MinePhase: Clicked stable vein at [1259, 713] (vein at [1259, 713])
2026-07-09 12:37:40 MinePhase: Clicked stable vein at [1259, 713] (vein at [1259, 713])
2026-07-09 12:37:42 MinePhase: Clicked stable vein at [1259, 713] (vein at [1259, 713])
2026-07-09 12:37:44 MinePhase: Clicked stable vein at [1259, 713] (vein at [1259, 713])
2026-07-09 12:37:45 MinePhase: Clicked stable vein at [1259, 713] (vein at [1259, 713])
2026-07-09 12:37:47 MinePhase: Clicked stable vein at [1357, 713] (vein at [1357, 713])
2026-07-09 12:37:49 MinePhase: Clicked stable vein at [1265, 713] (vein at [1265, 713])
2026-07-09 12:37:51 MinePhase: Clicked stable vein at [1259, 713] (vein at [1259, 713])
2026-07-09 12:37:53 MinePhase: Clicked stable vein at [1259, 713] (vein at [1259, 713])
2026-07-09 12:37:54 MinePhase: Clicked stable vein at [1259, 713] (vein at [1259, 713])
2026-07-09 12:37:56 MinePhase: Clicked stable vein at [1259, 713] (vein at [1259, 713])
2026-07-09 12:37:58 MinePhase: Clicked stable vein at [1259, 713] (vein at [1259, 713])
2026-07-09 12:37:59 MinePhase: Clicked stable vein at [1259, 713] (vein at [1259, 713])
2026-07-09 12:38:01 MinePhase: Clicked stable vein at [1259, 713] (vein at [1259, 713])
2026-07-09 12:38:03 MinePhase: Clicked stable vein at [1259, 713] (vein at [1259, 713])
2026-07-09 12:38:04 MinePhase: Clicked stable vein at [1259, 713] (vein at [1259, 713])
2026-07-09 12:38:06 MinePhase: Clicked stable vein at [1259, 713] (vein at [1259, 713])
2026-07-09 12:38:08 MinePhase: Clicked stable vein at [1259, 713] (vein at [1259, 713])
2026-07-09 12:38:10 MinePhase: Clicked stable vein at [1259, 713] (vein at [1259, 713])
2026-07-09 12:38:11 MinePhase: Clicked stable vein at [1259, 713] (vein at [1259, 713])
2026-07-09 12:38:13 MinePhase: Clicked stable vein at [1259, 713] (vein at [1259, 713])
2026-07-09 12:38:15 MinePhase: Clicked stable vein at [1259, 713] (vein at [1259, 713])
2026-07-09 12:38:16 MinePhase: Clicked stable vein at [1259, 713] (vein at [1259, 713])
2026-07-09 12:38:18 MinePhase: Lost track of vein or depleted. Finding new vein.
2026-07-09 12:38:18 MinePhase: Found new vein at [1209, 713]
2026-07-09 12:38:18 MinePhase: Initial click to walk to vein at [1209, 713] (vein at [1209, 713])
2026-07-09 12:38:20 MinePhase: Clicked stable vein at [1253, 713] (vein at [1253, 713])
2026-07-09 12:38:21 MinePhase: Clicked stable vein at [1259, 713] (vein at [1259, 713])
2026-07-09 12:38:23 MinePhase: Clicked stable vein at [1259, 713] (vein at [1259, 713])
2026-07-09 12:38:25 MinePhase: Clicked stable vein at [1259, 713] (vein at [1259, 713])
2026-07-09 12:38:26 MinePhase: Clicked stable vein at [1259, 713] (vein at [1259, 713])
2026-07-09 12:38:28 MinePhase: Clicked stable vein at [1259, 713] (vein at [1259, 713])
2026-07-09 12:38:30 MinePhase: Clicked stable vein at [1259, 713] (vein at [1259, 713])
2026-07-09 12:38:32 MinePhase: Clicked stable vein at [1259, 713] (vein at [1259, 713])
2026-07-09 12:38:33 MinePhase: Clicked stable vein at [1259, 713] (vein at [1259, 713])
2026-07-09 12:38:35 MinePhase: Clicked stable vein at [1259, 713] (vein at [1259, 713])
2026-07-09 12:38:37 MinePhase: Clicked stable vein at [1259, 713] (vein at [1259, 713])
2026-07-09 12:38:38 MinePhase: Clicked stable vein at [1259, 713] (vein at [1259, 713])
2026-07-09 12:38:40 MinePhase: Clicked stable vein at [1259, 713] (vein at [1259, 713])
2026-07-09 12:38:42 MinePhase: Clicked stable vein at [1259, 713] (vein at [1259, 713])
2026-07-09 12:38:43 MinePhase: Clicked stable vein at [1259, 713] (vein at [1259, 713])
2026-07-09 12:38:45 MinePhase: Clicked stable vein at [1259, 713] (vein at [1259, 713])
2026-07-09 12:38:47 MinePhase: Clicked stable vein at [1259, 713] (vein at [1259, 713])
2026-07-09 12:38:49 MinePhase: Clicked stable vein at [1259, 713] (vein at [1259, 713])
2026-07-09 12:38:50 MinePhase: Inventory full, transitioning to clearRed
2026-07-09 12:38:50 ClearRedPhase: Found new red rockfall at [1185, 347]
2026-07-09 12:38:50 ClearRedPhase: Initial click on red rockfall at [1185, 347]
2026-07-09 12:38:58 ClearRedPhase: Failsafe click on red rockfall at [1257, 639]
2026-07-09 12:38:59 ClearRedPhase: Rockfall cleared or lost. Scanning for another.
2026-07-09 12:39:00 ClearRedPhase: Found new red rockfall at [1517, 639]
2026-07-09 12:39:00 ClearRedPhase: Initial click on red rockfall at [1517, 639]
2026-07-09 12:39:02 ClearRedPhase: Rockfall cleared or lost. Scanning for another.
2026-07-09 12:39:03 ClearRedPhase: No red rockfalls found. Moving to hopper.
2026-07-09 12:39:03 ClearYellowPhase: Clicked hopper at [894, 440]
2026-07-09 12:39:11 ClearYellowPhase: Ore deposited. Moving to sack.
2026-07-09 12:39:12 WithdrawSackPhase: Clicked sack at [1825, 724]
2026-07-09 12:39:18 WithdrawSackPhase: Items received from sack. Moving to bank.
2026-07-09 12:39:18 DepositBankPhase: Clicked deposit container at [1097, 355]
2026-07-09 12:39:18 DepositBankPhase: Waiting for deposit box to open...
2026-07-09 12:39:22 DepositBankPhase: Deposited all - banking complete, returning to mine
2026-07-09 12:39:22 ReturnMine1Phase: Clicked waypoint 1 at [699, 1279]
2026-07-09 12:39:28 ReturnMine1Phase: Arrived at waypoint 1!
2026-07-09 12:39:28 ReturnMine2Phase: Clicked waypoint 2 at [1251, 1354]
2026-07-09 12:39:32 ReturnMine2Phase: Saw waypoint 2 marker. Moving to final approach.
2026-07-09 12:39:33 ReturnMine2Phase: Clicked final approach spot at [1491, 933]
2026-07-09 12:39:34 ReturnMine2Phase: Wait complete. Handing off to mine phase.
2026-07-09 12:39:35 MinePhase: Found new vein at [1438, 839]
2026-07-09 12:39:35 MinePhase: Initial click to walk to vein at [1438, 817] (vein at [1438, 817])
2026-07-09 12:39:37 MinePhase: Clicked stable vein at [1237, 721] (vein at [1237, 721])
2026-07-09 12:39:39 MinePhase: Clicked stable vein at [1235, 713] (vein at [1235, 713])
2026-07-09 12:39:40 MinePhase: Clicked stable vein at [1235, 713] (vein at [1235, 713])
2026-07-09 12:39:42 MinePhase: Clicked stable vein at [1235, 713] (vein at [1235, 713])
2026-07-09 12:39:43 Engine: stopped - Stopped (F6)
2026-07-09 12:40:08 Engine: started at phase 'mine'
2026-07-09 12:40:09 MinePhase: Found new vein at [1235, 713]
2026-07-09 12:40:09 MinePhase: Initial click to walk to vein at [1235, 713] (vein at [1235, 713])
2026-07-09 12:40:11 MinePhase: Clicked stable vein at [1235, 713] (vein at [1235, 713])
2026-07-09 12:40:11 MinePhase: Lost track of vein or depleted. Finding new vein.
2026-07-09 12:40:11 MinePhase: Found new vein at [1307, 713]
2026-07-09 12:40:12 MinePhase: Initial click to walk to vein at [1307, 713] (vein at [1307, 713])
2026-07-09 12:40:13 MinePhase: Clicked stable vein at [1263, 713] (vein at [1263, 713])
2026-07-09 12:40:15 MinePhase: Clicked stable vein at [1259, 713] (vein at [1259, 713])
2026-07-09 12:40:17 MinePhase: Clicked stable vein at [1259, 713] (vein at [1259, 713])
2026-07-09 12:40:19 MinePhase: Clicked stable vein at [1259, 713] (vein at [1259, 713])
2026-07-09 12:40:20 MinePhase: Clicked stable vein at [1259, 713] (vein at [1259, 713])
2026-07-09 12:40:22 MinePhase: Clicked stable vein at [1259, 713] (vein at [1259, 713])
2026-07-09 12:40:24 MinePhase: Clicked stable vein at [1259, 713] (vein at [1259, 713])
2026-07-09 12:40:25 MinePhase: Clicked stable vein at [1259, 713] (vein at [1259, 713])
2026-07-09 12:40:27 MinePhase: Clicked stable vein at [1259, 713] (vein at [1259, 713])
2026-07-09 12:40:29 MinePhase: Clicked stable vein at [1259, 713] (vein at [1259, 713])
2026-07-09 12:40:31 MinePhase: Clicked stable vein at [1259, 713] (vein at [1259, 713])
2026-07-09 12:40:32 MinePhase: Clicked stable vein at [1259, 713] (vein at [1259, 713])
2026-07-09 12:40:34 MinePhase: Clicked stable vein at [1259, 713] (vein at [1259, 713])
2026-07-09 12:40:36 MinePhase: Clicked stable vein at [1259, 713] (vein at [1259, 713])
2026-07-09 12:40:37 MinePhase: Clicked stable vein at [1259, 713] (vein at [1259, 713])
2026-07-09 12:40:39 MinePhase: Clicked stable vein at [1259, 713] (vein at [1259, 713])
2026-07-09 12:40:41 MinePhase: Clicked stable vein at [1259, 713] (vein at [1259, 713])
2026-07-09 12:40:42 MinePhase: Clicked stable vein at [1259, 713] (vein at [1259, 713])
2026-07-09 12:40:44 MinePhase: Clicked stable vein at [1259, 713] (vein at [1259, 713])
2026-07-09 12:40:46 MinePhase: Clicked stable vein at [1259, 713] (vein at [1259, 713])
2026-07-09 12:40:48 MinePhase: Clicked stable vein at [1355, 713] (vein at [1355, 713])
2026-07-09 12:40:50 MinePhase: Clicked stable vein at [1265, 713] (vein at [1265, 713])
2026-07-09 12:40:51 MinePhase: Clicked stable vein at [1259, 713] (vein at [1259, 713])
2026-07-09 12:40:53 MinePhase: Clicked stable vein at [1259, 713] (vein at [1259, 713])
2026-07-09 12:40:55 MinePhase: Clicked stable vein at [1259, 713] (vein at [1259, 713])
2026-07-09 12:40:57 MinePhase: Clicked stable vein at [1259, 713] (vein at [1259, 713])
2026-07-09 12:40:58 MinePhase: Clicked stable vein at [1259, 713] (vein at [1259, 713])
2026-07-09 12:41:00 MinePhase: Clicked stable vein at [1259, 713] (vein at [1259, 713])
2026-07-09 12:41:02 MinePhase: Clicked stable vein at [1259, 713] (vein at [1259, 713])
2026-07-09 12:41:03 MinePhase: Clicked stable vein at [1259, 713] (vein at [1259, 713])
2026-07-09 12:41:05 MinePhase: Clicked stable vein at [1259, 713] (vein at [1259, 713])
2026-07-09 12:41:07 MinePhase: Clicked stable vein at [1259, 713] (vein at [1259, 713])
2026-07-09 12:41:08 MinePhase: Clicked stable vein at [1259, 713] (vein at [1259, 713])
2026-07-09 12:41:10 MinePhase: Clicked stable vein at [1259, 713] (vein at [1259, 713])
2026-07-09 12:41:12 MinePhase: Clicked stable vein at [1259, 713] (vein at [1259, 713])
2026-07-09 12:41:14 MinePhase: Clicked stable vein at [1259, 713] (vein at [1259, 713])
2026-07-09 12:41:15 MinePhase: Clicked stable vein at [1259, 713] (vein at [1259, 713])
2026-07-09 12:41:17 MinePhase: Clicked stable vein at [1259, 713] (vein at [1259, 713])
2026-07-09 12:41:18 MinePhase: Lost track of vein or depleted. Finding new vein.
2026-07-09 12:41:18 MinePhase: Found new vein at [1209, 713]
2026-07-09 12:41:18 MinePhase: Initial click to walk to vein at [1209, 713] (vein at [1209, 713])
2026-07-09 12:41:20 MinePhase: Clicked stable vein at [1255, 713] (vein at [1255, 713])
2026-07-09 12:41:22 MinePhase: Clicked stable vein at [1259, 713] (vein at [1259, 713])
2026-07-09 12:41:24 MinePhase: Clicked stable vein at [1259, 713] (vein at [1259, 713])
2026-07-09 12:41:25 MinePhase: Clicked stable vein at [1259, 713] (vein at [1259, 713])
2026-07-09 12:41:27 MinePhase: Clicked stable vein at [1259, 713] (vein at [1259, 713])
2026-07-09 12:41:29 MinePhase: Clicked stable vein at [1259, 713] (vein at [1259, 713])
2026-07-09 12:41:31 MinePhase: Clicked stable vein at [1259, 713] (vein at [1259, 713])
2026-07-09 12:41:32 MinePhase: Clicked stable vein at [1259, 713] (vein at [1259, 713])
2026-07-09 12:41:34 MinePhase: Clicked stable vein at [1259, 713] (vein at [1259, 713])
2026-07-09 12:41:36 MinePhase: Clicked stable vein at [1259, 713] (vein at [1259, 713])
2026-07-09 12:41:36 MinePhase: Inventory full, transitioning to clearRed
2026-07-09 12:41:36 ClearRedPhase: Found new red rockfall at [1185, 347]
2026-07-09 12:41:37 ClearRedPhase: Initial click on red rockfall at [1185, 347]
2026-07-09 12:41:43 ClearRedPhase: Rockfall cleared or lost. Scanning for another.
2026-07-09 12:41:43 ClearRedPhase: No red rockfalls found. Moving to hopper.
2026-07-09 12:41:44 ClearYellowPhase: Clicked hopper at [1126, 448]
2026-07-09 12:41:52 ClearYellowPhase: Ore deposited. Moving to sack.
2026-07-09 12:41:53 WithdrawSackPhase: Clicked sack at [1825, 724]
2026-07-09 12:41:58 WithdrawSackPhase: Items received from sack. Moving to bank.
2026-07-09 12:41:59 DepositBankPhase: Clicked deposit container at [1099, 355]
2026-07-09 12:41:59 DepositBankPhase: Waiting for deposit box to open...
2026-07-09 12:42:03 DepositBankPhase: Deposited all - banking complete, returning to mine
2026-07-09 12:42:03 ReturnMine1Phase: Clicked waypoint 1 at [699, 1279]
2026-07-09 12:42:08 ReturnMine1Phase: Arrived at waypoint 1!
2026-07-09 12:42:08 ReturnMine2Phase: Clicked waypoint 2 at [1251, 1354]
2026-07-09 12:42:12 ReturnMine2Phase: Saw waypoint 2 marker. Moving to final approach.
2026-07-09 12:42:12 ReturnMine2Phase: Clicked final approach spot at [1491, 933]
2026-07-09 12:42:13 ReturnMine2Phase: Wait complete. Handing off to mine phase.
2026-07-09 12:42:14 MinePhase: Found new vein at [1438, 842]
2026-07-09 12:42:14 MinePhase: Initial click to walk to vein at [1438, 819] (vein at [1438, 819])
2026-07-09 12:42:16 MinePhase: Clicked stable vein at [1243, 717] (vein at [1243, 717])
2026-07-09 12:42:18 MinePhase: Clicked stable vein at [1235, 713] (vein at [1235, 713])
2026-07-09 12:42:18 MinePhase: Inventory full, transitioning to clearRed
2026-07-09 12:42:18 ClearRedPhase: Found new red rockfall at [1447, 347]
2026-07-09 12:42:19 ClearRedPhase: Initial click on red rockfall at [1447, 347]
2026-07-09 12:42:20 Engine: stopped - Stopped (F6)
2026-07-09 12:42:20 Engine: stopped - Stopped (F6)
2026-07-09 12:42:20 Engine: stopped - Stopped (F6)
2026-07-09 12:51:58 Engine: started at phase 'mine'
2026-07-09 12:51:58 MinePhase: Inventory full, transitioning to clearRed
2026-07-09 12:51:58 ClearRedPhase: Found new red rockfall at [1447, 347]
2026-07-09 12:51:58 ClearRedPhase: Initial click on red rockfall at [1447, 347]
2026-07-09 12:52:06 ClearRedPhase: Rockfall cleared or lost. Scanning for another.
2026-07-09 12:52:06 ClearRedPhase: No red rockfalls found. Moving to hopper.
2026-07-09 12:52:08 ClearYellowPhase: Clicked hopper at [894, 440]
2026-07-09 12:52:14 ClearYellowPhase: Ore deposited. Moving to sack.
2026-07-09 12:52:15 WithdrawSackPhase: Clicked sack at [1825, 724]
2026-07-09 12:52:21 WithdrawSackPhase: Items received from sack. Moving to bank.
2026-07-09 12:52:22 DepositBankPhase: Clicked deposit container at [1065, 351]
2026-07-09 12:52:22 DepositBankPhase: Waiting for deposit box to open...
2026-07-09 12:52:26 DepositBankPhase: Deposited all - banking complete, returning to mine
2026-07-09 12:52:26 ReturnMine1Phase: Clicked waypoint 1 at [699, 1279]
2026-07-09 12:52:32 ReturnMine1Phase: Arrived at waypoint 1!
2026-07-09 12:52:32 ReturnMine2Phase: Clicked waypoint 2 at [1251, 1354]
2026-07-09 12:52:36 ReturnMine2Phase: Saw waypoint 2 marker. Moving to final approach.
2026-07-09 12:52:36 ReturnMine2Phase: Clicked final approach spot at [1491, 933]
2026-07-09 12:52:37 ReturnMine2Phase: Wait complete. Handing off to mine phase.
2026-07-09 12:52:38 MinePhase: Found new vein at [1438, 837]
2026-07-09 12:52:38 MinePhase: Initial click to walk to vein at [1438, 815] (vein at [1438, 815])
2026-07-09 12:52:40 MinePhase: Clicked stable vein at [1243, 717] (vein at [1243, 717])
2026-07-09 12:52:42 MinePhase: Clicked stable vein at [1235, 713] (vein at [1235, 713])
2026-07-09 12:52:44 MinePhase: Clicked stable vein at [1235, 713] (vein at [1235, 713])
2026-07-09 12:52:45 MinePhase: Clicked stable vein at [1235, 713] (vein at [1235, 713])
2026-07-09 12:52:47 MinePhase: Clicked stable vein at [1235, 713] (vein at [1235, 713])
2026-07-09 12:52:49 MinePhase: Clicked stable vein at [1235, 713] (vein at [1235, 713])
2026-07-09 12:52:50 MinePhase: Clicked stable vein at [1235, 713] (vein at [1235, 713])
2026-07-09 12:52:52 MinePhase: Clicked stable vein at [1235, 713] (vein at [1235, 713])
2026-07-09 12:52:54 MinePhase: Clicked stable vein at [1235, 713] (vein at [1235, 713])
2026-07-09 12:52:56 MinePhase: Clicked stable vein at [1235, 713] (vein at [1235, 713])
2026-07-09 12:52:57 MinePhase: Clicked stable vein at [1235, 713] (vein at [1235, 713])
2026-07-09 12:52:59 MinePhase: Clicked stable vein at [1235, 713] (vein at [1235, 713])
2026-07-09 12:53:01 MinePhase: Clicked stable vein at [1235, 713] (vein at [1235, 713])
2026-07-09 12:53:02 MinePhase: Clicked stable vein at [1235, 713] (vein at [1235, 713])
2026-07-09 12:53:04 MinePhase: Clicked stable vein at [1235, 713] (vein at [1235, 713])
2026-07-09 12:53:06 MinePhase: Clicked stable vein at [1235, 713] (vein at [1235, 713])
2026-07-09 12:53:08 MinePhase: Clicked stable vein at [1235, 713] (vein at [1235, 713])
2026-07-09 12:53:09 MinePhase: Clicked stable vein at [1235, 713] (vein at [1235, 713])
2026-07-09 12:53:11 MinePhase: Clicked stable vein at [1235, 713] (vein at [1235, 713])
2026-07-09 12:53:13 MinePhase: Clicked stable vein at [1235, 713] (vein at [1235, 713])
2026-07-09 12:53:14 MinePhase: Clicked stable vein at [1235, 713] (vein at [1235, 713])
2026-07-09 12:53:16 MinePhase: Clicked stable vein at [1235, 713] (vein at [1235, 713])
2026-07-09 12:53:18 MinePhase: Clicked stable vein at [1235, 713] (vein at [1235, 713])
2026-07-09 12:53:20 MinePhase: Clicked stable vein at [1235, 713] (vein at [1235, 713])
2026-07-09 12:53:21 MinePhase: Clicked stable vein at [1235, 713] (vein at [1235, 713])
2026-07-09 12:53:23 MinePhase: Clicked stable vein at [1235, 713] (vein at [1235, 713])
2026-07-09 12:53:25 MinePhase: Clicked stable vein at [1235, 713] (vein at [1235, 713])
2026-07-09 12:53:25 MinePhase: Lost track of vein or depleted. Finding new vein.
2026-07-09 12:53:25 MinePhase: Found new vein at [1307, 713]
2026-07-09 12:53:25 MinePhase: Initial click to walk to vein at [1307, 713] (vein at [1307, 713])
2026-07-09 12:53:27 MinePhase: Clicked stable vein at [1265, 713] (vein at [1265, 713])
2026-07-09 12:53:29 MinePhase: Clicked stable vein at [1259, 713] (vein at [1259, 713])
2026-07-09 12:53:31 MinePhase: Clicked stable vein at [1259, 713] (vein at [1259, 713])
2026-07-09 12:53:32 MinePhase: Clicked stable vein at [1259, 713] (vein at [1259, 713])
2026-07-09 12:53:34 MinePhase: Clicked stable vein at [1259, 713] (vein at [1259, 713])
2026-07-09 12:53:36 MinePhase: Clicked stable vein at [1259, 713] (vein at [1259, 713])
2026-07-09 12:53:38 MinePhase: Clicked stable vein at [1259, 713] (vein at [1259, 713])
2026-07-09 12:53:39 MinePhase: Clicked stable vein at [1259, 713] (vein at [1259, 713])
2026-07-09 12:53:41 MinePhase: Clicked stable vein at [1259, 713] (vein at [1259, 713])
2026-07-09 12:53:43 MinePhase: Clicked stable vein at [1259, 713] (vein at [1259, 713])
2026-07-09 12:53:44 MinePhase: Clicked stable vein at [1259, 713] (vein at [1259, 713])
2026-07-09 12:53:46 MinePhase: Clicked stable vein at [1259, 713] (vein at [1259, 713])
2026-07-09 12:53:48 MinePhase: Clicked stable vein at [1259, 713] (vein at [1259, 713])
2026-07-09 12:53:50 MinePhase: Clicked stable vein at [1259, 713] (vein at [1259, 713])
2026-07-09 12:53:51 MinePhase: Clicked stable vein at [1259, 713] (vein at [1259, 713])
2026-07-09 12:53:53 MinePhase: Clicked stable vein at [1259, 713] (vein at [1259, 713])
2026-07-09 12:53:55 MinePhase: Clicked stable vein at [1357, 713] (vein at [1357, 713])
2026-07-09 12:53:56 MinePhase: Clicked stable vein at [1263, 713] (vein at [1263, 713])
2026-07-09 12:53:58 MinePhase: Clicked stable vein at [1259, 713] (vein at [1259, 713])
2026-07-09 12:54:00 MinePhase: Clicked stable vein at [1259, 713] (vein at [1259, 713])
2026-07-09 12:54:02 MinePhase: Clicked stable vein at [1259, 713] (vein at [1259, 713])
2026-07-09 12:54:03 MinePhase: Clicked stable vein at [1259, 713] (vein at [1259, 713])
2026-07-09 12:54:05 MinePhase: Clicked stable vein at [1259, 713] (vein at [1259, 713])
2026-07-09 12:54:07 MinePhase: Clicked stable vein at [1259, 713] (vein at [1259, 713])
2026-07-09 12:54:08 MinePhase: Clicked stable vein at [1259, 713] (vein at [1259, 713])
2026-07-09 12:54:10 MinePhase: Clicked stable vein at [1259, 713] (vein at [1259, 713])
2026-07-09 12:54:12 MinePhase: Clicked stable vein at [1259, 713] (vein at [1259, 713])
2026-07-09 12:54:13 MinePhase: Clicked stable vein at [1259, 713] (vein at [1259, 713])
2026-07-09 12:54:15 MinePhase: Clicked stable vein at [1259, 713] (vein at [1259, 713])
2026-07-09 12:54:17 MinePhase: Clicked stable vein at [1259, 713] (vein at [1259, 713])
2026-07-09 12:54:19 MinePhase: Clicked stable vein at [1259, 713] (vein at [1259, 713])
2026-07-09 12:54:20 MinePhase: Clicked stable vein at [1259, 713] (vein at [1259, 713])
2026-07-09 12:54:22 MinePhase: Clicked stable vein at [1259, 713] (vein at [1259, 713])
2026-07-09 12:54:24 MinePhase: Clicked stable vein at [1259, 713] (vein at [1259, 713])
2026-07-09 12:54:25 MinePhase: Lost track of vein or depleted. Finding new vein.
2026-07-09 12:54:25 MinePhase: Found new vein at [1209, 713]
2026-07-09 12:54:25 MinePhase: Initial click to walk to vein at [1209, 713] (vein at [1209, 713])
2026-07-09 12:54:27 MinePhase: Clicked stable vein at [1253, 713] (vein at [1253, 713])
2026-07-09 12:54:29 MinePhase: Clicked stable vein at [1259, 713] (vein at [1259, 713])
2026-07-09 12:54:30 MinePhase: Clicked stable vein at [1259, 713] (vein at [1259, 713])
2026-07-09 12:54:32 MinePhase: Clicked stable vein at [1259, 713] (vein at [1259, 713])
2026-07-09 12:54:34 MinePhase: Clicked stable vein at [1259, 713] (vein at [1259, 713])
2026-07-09 12:54:35 MinePhase: Clicked stable vein at [1259, 713] (vein at [1259, 713])
2026-07-09 12:54:37 MinePhase: Clicked stable vein at [1259, 713] (vein at [1259, 713])
2026-07-09 12:54:39 MinePhase: Clicked stable vein at [1259, 713] (vein at [1259, 713])
2026-07-09 12:54:39 MinePhase: Inventory full, transitioning to clearRed
2026-07-09 12:54:39 ClearRedPhase: Found new red rockfall at [1185, 347]
2026-07-09 12:54:40 ClearRedPhase: Initial click on red rockfall at [1185, 347]
2026-07-09 12:54:47 ClearRedPhase: Failsafe click on red rockfall at [1257, 639]
2026-07-09 12:54:51 ClearRedPhase: Rockfall cleared or lost. Scanning for another.
2026-07-09 12:54:51 ClearRedPhase: No red rockfalls found. Moving to hopper.
2026-07-09 12:54:52 ClearYellowPhase: Clicked hopper at [1126, 448]
2026-07-09 12:54:57 ClearYellowPhase: Ore deposited. Moving to sack.
2026-07-09 12:54:58 WithdrawSackPhase: Clicked sack at [1825, 724]
2026-07-09 12:55:03 WithdrawSackPhase: Items received from sack. Moving to bank.
2026-07-09 12:55:04 DepositBankPhase: Clicked deposit container at [1101, 355]
2026-07-09 12:55:04 DepositBankPhase: Waiting for deposit box to open...
2026-07-09 12:55:08 DepositBankPhase: Deposited all - banking complete, returning to mine
2026-07-09 12:55:08 ReturnMine1Phase: Clicked waypoint 1 at [699, 1279]
2026-07-09 12:55:13 ReturnMine1Phase: Arrived at waypoint 1!
2026-07-09 12:55:13 ReturnMine2Phase: Clicked waypoint 2 at [1251, 1354]
2026-07-09 12:55:17 ReturnMine2Phase: Saw waypoint 2 marker. Moving to final approach.
2026-07-09 12:55:17 ReturnMine2Phase: Clicked final approach spot at [1491, 933]
2026-07-09 12:55:18 ReturnMine2Phase: Wait complete. Handing off to mine phase.
2026-07-09 12:55:19 MinePhase: Found new vein at [1438, 842]
2026-07-09 12:55:19 MinePhase: Initial click to walk to vein at [1438, 831] (vein at [1438, 831])
2026-07-09 12:55:21 MinePhase: Clicked stable vein at [1241, 717] (vein at [1241, 717])
2026-07-09 12:55:23 MinePhase: Clicked stable vein at [1235, 713] (vein at [1235, 713])
2026-07-09 12:55:25 MinePhase: Clicked stable vein at [1235, 713] (vein at [1235, 713])
2026-07-09 12:55:26 MinePhase: Clicked stable vein at [1235, 713] (vein at [1235, 713])
2026-07-09 12:55:28 MinePhase: Clicked stable vein at [1235, 713] (vein at [1235, 713])
2026-07-09 12:55:30 MinePhase: Clicked stable vein at [1235, 713] (vein at [1235, 713])
2026-07-09 12:55:31 MinePhase: Clicked stable vein at [1235, 713] (vein at [1235, 713])
2026-07-09 12:55:33 MinePhase: Clicked stable vein at [1235, 713] (vein at [1235, 713])
2026-07-09 12:55:35 MinePhase: Clicked stable vein at [1235, 713] (vein at [1235, 713])
2026-07-09 12:55:36 MinePhase: Clicked stable vein at [1235, 713] (vein at [1235, 713])
2026-07-09 12:55:38 MinePhase: Clicked stable vein at [1235, 713] (vein at [1235, 713])
2026-07-09 12:55:40 MinePhase: Clicked stable vein at [1235, 713] (vein at [1235, 713])
2026-07-09 12:55:41 MinePhase: Clicked stable vein at [1235, 713] (vein at [1235, 713])
2026-07-09 12:55:43 MinePhase: Clicked stable vein at [1235, 713] (vein at [1235, 713])
2026-07-09 12:55:45 MinePhase: Clicked stable vein at [1235, 713] (vein at [1235, 713])
2026-07-09 12:55:47 MinePhase: Clicked stable vein at [1235, 713] (vein at [1235, 713])
2026-07-09 12:55:48 MinePhase: Clicked stable vein at [1235, 713] (vein at [1235, 713])
2026-07-09 12:55:50 MinePhase: Clicked stable vein at [1235, 713] (vein at [1235, 713])
2026-07-09 12:55:52 MinePhase: Clicked stable vein at [1235, 713] (vein at [1235, 713])
2026-07-09 12:55:53 MinePhase: Lost track of vein or depleted. Finding new vein.
2026-07-09 12:55:53 MinePhase: Found new vein at [1307, 713]
2026-07-09 12:55:54 MinePhase: Initial click to walk to vein at [1307, 713] (vein at [1307, 713])
2026-07-09 12:55:56 MinePhase: Clicked stable vein at [1263, 713] (vein at [1263, 713])
2026-07-09 12:55:57 MinePhase: Clicked stable vein at [1259, 713] (vein at [1259, 713])
2026-07-09 12:55:59 MinePhase: Clicked stable vein at [1259, 713] (vein at [1259, 713])
2026-07-09 12:56:01 MinePhase: Clicked stable vein at [1259, 713] (vein at [1259, 713])
2026-07-09 12:56:03 MinePhase: Clicked stable vein at [1259, 713] (vein at [1259, 713])
2026-07-09 12:56:04 MinePhase: Clicked stable vein at [1259, 713] (vein at [1259, 713])
2026-07-09 12:56:06 MinePhase: Clicked stable vein at [1259, 713] (vein at [1259, 713])
2026-07-09 12:56:08 MinePhase: Clicked stable vein at [1259, 713] (vein at [1259, 713])
2026-07-09 12:56:09 MinePhase: Clicked stable vein at [1259, 713] (vein at [1259, 713])
2026-07-09 12:56:11 MinePhase: Clicked stable vein at [1259, 713] (vein at [1259, 713])
2026-07-09 12:56:13 MinePhase: Clicked stable vein at [1259, 713] (vein at [1259, 713])
2026-07-09 12:56:14 MinePhase: Clicked stable vein at [1259, 713] (vein at [1259, 713])
2026-07-09 12:56:16 MinePhase: Clicked stable vein at [1259, 713] (vein at [1259, 713])
2026-07-09 12:56:18 MinePhase: Clicked stable vein at [1259, 713] (vein at [1259, 713])
2026-07-09 12:56:20 MinePhase: Clicked stable vein at [1259, 713] (vein at [1259, 713])
2026-07-09 12:56:21 MinePhase: Clicked stable vein at [1259, 713] (vein at [1259, 713])
2026-07-09 12:56:23 MinePhase: Clicked stable vein at [1259, 713] (vein at [1259, 713])
2026-07-09 12:56:25 MinePhase: Clicked stable vein at [1259, 713] (vein at [1259, 713])
2026-07-09 12:56:26 MinePhase: Clicked stable vein at [1259, 713] (vein at [1259, 713])
2026-07-09 12:56:28 MinePhase: Clicked stable vein at [1357, 713] (vein at [1357, 713])
2026-07-09 12:56:31 MinePhase: Clicked stable vein at [1265, 713] (vein at [1265, 713])
2026-07-09 12:56:32 MinePhase: Clicked stable vein at [1259, 713] (vein at [1259, 713])
2026-07-09 12:56:34 MinePhase: Clicked stable vein at [1259, 713] (vein at [1259, 713])
2026-07-09 12:56:36 MinePhase: Clicked stable vein at [1259, 713] (vein at [1259, 713])
2026-07-09 12:56:37 MinePhase: Clicked stable vein at [1259, 713] (vein at [1259, 713])
2026-07-09 12:56:39 MinePhase: Clicked stable vein at [1259, 713] (vein at [1259, 713])
2026-07-09 12:56:41 MinePhase: Clicked stable vein at [1259, 713] (vein at [1259, 713])
2026-07-09 12:56:42 MinePhase: Clicked stable vein at [1259, 713] (vein at [1259, 713])
2026-07-09 12:56:44 MinePhase: Clicked stable vein at [1259, 713] (vein at [1259, 713])
2026-07-09 12:56:46 MinePhase: Clicked stable vein at [1259, 713] (vein at [1259, 713])
2026-07-09 12:56:48 MinePhase: Clicked stable vein at [1259, 713] (vein at [1259, 713])
2026-07-09 12:56:49 MinePhase: Clicked stable vein at [1259, 713] (vein at [1259, 713])
2026-07-09 12:56:51 MinePhase: Clicked stable vein at [1259, 713] (vein at [1259, 713])
2026-07-09 12:56:53 MinePhase: Clicked stable vein at [1259, 713] (vein at [1259, 713])
2026-07-09 12:56:54 MinePhase: Clicked stable vein at [1259, 713] (vein at [1259, 713])
2026-07-09 12:56:56 MinePhase: Clicked stable vein at [1259, 713] (vein at [1259, 713])
2026-07-09 12:56:58 MinePhase: Clicked stable vein at [1259, 713] (vein at [1259, 713])
2026-07-09 12:57:00 MinePhase: Clicked stable vein at [1259, 713] (vein at [1259, 713])
2026-07-09 12:57:01 MinePhase: Clicked stable vein at [1259, 713] (vein at [1259, 713])
2026-07-09 12:57:03 MinePhase: Clicked stable vein at [1259, 713] (vein at [1259, 713])
2026-07-09 12:57:05 MinePhase: Clicked stable vein at [1259, 713] (vein at [1259, 713])
2026-07-09 12:57:06 MinePhase: Clicked stable vein at [1259, 713] (vein at [1259, 713])
2026-07-09 12:57:08 MinePhase: Clicked stable vein at [1259, 713] (vein at [1259, 713])
2026-07-09 12:57:10 MinePhase: Clicked stable vein at [1259, 713] (vein at [1259, 713])
2026-07-09 12:57:10 MinePhase: Lost track of vein or depleted. Finding new vein.
2026-07-09 12:57:10 MinePhase: Found new vein at [1209, 713]
2026-07-09 12:57:10 MinePhase: Initial click to walk to vein at [1209, 713] (vein at [1209, 713])
2026-07-09 12:57:12 MinePhase: Clicked stable vein at [1255, 713] (vein at [1255, 713])
2026-07-09 12:57:14 MinePhase: Clicked stable vein at [1259, 713] (vein at [1259, 713])
2026-07-09 12:57:15 MinePhase: Clicked stable vein at [1259, 713] (vein at [1259, 713])
2026-07-09 12:57:17 MinePhase: Clicked stable vein at [1259, 713] (vein at [1259, 713])
2026-07-09 12:57:19 MinePhase: Clicked stable vein at [1259, 713] (vein at [1259, 713])
2026-07-09 12:57:20 MinePhase: Clicked stable vein at [1259, 713] (vein at [1259, 713])
2026-07-09 12:57:22 MinePhase: Clicked stable vein at [1259, 713] (vein at [1259, 713])
2026-07-09 12:57:24 MinePhase: Clicked stable vein at [1259, 713] (vein at [1259, 713])
2026-07-09 12:57:26 MinePhase: Clicked stable vein at [1259, 713] (vein at [1259, 713])
2026-07-09 12:57:27 MinePhase: Clicked stable vein at [1259, 713] (vein at [1259, 713])
2026-07-09 12:57:29 MinePhase: Clicked stable vein at [1259, 713] (vein at [1259, 713])
2026-07-09 12:57:31 MinePhase: Clicked stable vein at [1259, 713] (vein at [1259, 713])
2026-07-09 12:57:32 MinePhase: Clicked stable vein at [1259, 713] (vein at [1259, 713])
2026-07-09 12:57:34 MinePhase: Clicked stable vein at [1259, 713] (vein at [1259, 713])
2026-07-09 12:57:36 MinePhase: Clicked stable vein at [1259, 713] (vein at [1259, 713])
2026-07-09 12:57:37 MinePhase: Lost track of vein or depleted. Finding new vein.
2026-07-09 12:57:37 MinePhase: Found new vein at [1135, 713]
2026-07-09 12:57:37 MinePhase: Initial click to walk to vein at [1135, 713] (vein at [1135, 713])
2026-07-09 12:57:38 MinePhase: Inventory full, transitioning to clearRed
2026-07-09 12:57:38 ClearRedPhase: Found new red rockfall at [1385, 347]
2026-07-09 12:57:38 ClearRedPhase: Initial click on red rockfall at [1387, 347]
2026-07-09 12:57:44 ClearRedPhase: Failsafe click on red rockfall at [1579, 639]
2026-07-09 12:57:50 ClearRedPhase: Failsafe click on red rockfall at [1293, 691]
2026-07-09 12:57:53 ClearRedPhase: Rockfall cleared or lost. Scanning for another.
2026-07-09 12:57:53 ClearRedPhase: No red rockfalls found. Moving to hopper.
2026-07-09 12:57:53 ClearYellowPhase: Ore deposited. Moving to sack.
2026-07-09 12:57:53 WithdrawSackPhase: Items received from sack. Moving to bank.
2026-07-09 12:57:53 DepositBankPhase: Clicked deposit container at [1213, 143]
2026-07-09 12:57:53 DepositBankPhase: Waiting for deposit box to open...
2026-07-09 12:57:58 Engine: stopped - Stopped (F6)
2026-07-09 12:57:58 Engine: stopped - Stopped (F6)
2026-07-09 12:57:58 Engine: stopped - Stopped (F6)
2026-07-09 12:57:59 Engine: stopped - Stopped (F6)
2026-07-09 12:58:08 DepositBankPhase: Timed out waiting for deposit box - stopping
2026-07-09 12:58:08 Engine: stopped - Timed out waiting for deposit box
2026-07-09 13:00:07 Engine: started at phase 'mine'
2026-07-09 13:00:07 MinePhase: Found new vein at [1235, 713]
2026-07-09 13:00:07 MinePhase: Initial click to walk to vein at [1235, 713] (vein at [1235, 713])
2026-07-09 13:00:09 MinePhase: Clicked stable vein at [1235, 713] (vein at [1235, 713])
2026-07-09 13:00:10 MinePhase: Clicked stable vein at [1235, 713] (vein at [1235, 713])
2026-07-09 13:00:12 MinePhase: Clicked stable vein at [1235, 713] (vein at [1235, 713])
2026-07-09 13:00:14 MinePhase: Clicked stable vein at [1235, 713] (vein at [1235, 713])
2026-07-09 13:00:16 MinePhase: Clicked stable vein at [1235, 713] (vein at [1235, 713])
2026-07-09 13:00:17 MinePhase: Clicked stable vein at [1235, 713] (vein at [1235, 713])
2026-07-09 13:00:18 MinePhase: Inventory full, transitioning to clearRed
2026-07-09 13:00:19 ClearRedPhase: Found new red rockfall at [1249, 347]
2026-07-09 13:00:19 ClearRedPhase: Initial click on red rockfall at [1249, 347]
2026-07-09 13:00:25 ClearRedPhase: Failsafe click on red rockfall at [1257, 639]
2026-07-09 13:00:27 ClearRedPhase: Rockfall cleared or lost. Scanning for another.
2026-07-09 13:00:27 ClearRedPhase: No red rockfalls found. Moving to hopper.
2026-07-09 13:00:28 ClearYellowPhase: Clicked hopper at [1126, 448]
2026-07-09 13:00:33 ClearYellowPhase: Ore deposited. Moving to sack.
2026-07-09 13:00:34 WithdrawSackPhase: Clicked sack at [1825, 724]
2026-07-09 13:00:39 WithdrawSackPhase: Items received from sack. Moving to bank.
2026-07-09 13:00:40 DepositBankPhase: Clicked deposit container at [1101, 355]
2026-07-09 13:00:40 DepositBankPhase: Waiting for deposit box to open...
2026-07-09 13:00:44 DepositBankPhase: Deposited all - banking complete, returning to mine
2026-07-09 13:00:44 ReturnMine1Phase: Clicked waypoint 1 at [699, 1279]
2026-07-09 13:00:49 ReturnMine1Phase: Arrived at waypoint 1!
2026-07-09 13:00:49 ReturnMine2Phase: Clicked waypoint 2 at [1251, 1354]
2026-07-09 13:00:53 ReturnMine2Phase: Saw waypoint 2 marker. Moving to final approach.
2026-07-09 13:00:54 ReturnMine2Phase: Clicked final approach spot at [1491, 933]
2026-07-09 13:00:55 ReturnMine2Phase: Wait complete. Handing off to mine phase.
2026-07-09 13:00:56 MinePhase: Found new vein at [1438, 842]
2026-07-09 13:00:56 MinePhase: Initial click to walk to vein at [1438, 833] (vein at [1438, 833])
2026-07-09 13:00:58 MinePhase: Clicked stable vein at [1241, 717] (vein at [1241, 717])
2026-07-09 13:01:00 MinePhase: Clicked stable vein at [1235, 713] (vein at [1235, 713])
2026-07-09 13:01:01 MinePhase: Clicked stable vein at [1235, 713] (vein at [1235, 713])
2026-07-09 13:01:03 MinePhase: Clicked stable vein at [1235, 713] (vein at [1235, 713])
2026-07-09 13:01:05 MinePhase: Clicked stable vein at [1235, 713] (vein at [1235, 713])
2026-07-09 13:01:06 MinePhase: Clicked stable vein at [1235, 713] (vein at [1235, 713])
2026-07-09 13:01:08 MinePhase: Clicked stable vein at [1235, 713] (vein at [1235, 713])
2026-07-09 13:01:10 MinePhase: Clicked stable vein at [1235, 713] (vein at [1235, 713])
2026-07-09 13:01:12 MinePhase: Clicked stable vein at [1235, 713] (vein at [1235, 713])
2026-07-09 13:01:12 MinePhase: Lost track of vein or depleted. Finding new vein.
2026-07-09 13:01:12 MinePhase: Found new vein at [1307, 713]
2026-07-09 13:01:12 MinePhase: Initial click to walk to vein at [1307, 713] (vein at [1307, 713])
2026-07-09 13:01:14 MinePhase: Clicked stable vein at [1263, 713] (vein at [1263, 713])
2026-07-09 13:01:16 MinePhase: Clicked stable vein at [1259, 713] (vein at [1259, 713])
2026-07-09 13:01:18 MinePhase: Clicked stable vein at [1259, 713] (vein at [1259, 713])
2026-07-09 13:01:19 MinePhase: Clicked stable vein at [1259, 713] (vein at [1259, 713])
2026-07-09 13:01:21 MinePhase: Clicked stable vein at [1259, 713] (vein at [1259, 713])
2026-07-09 13:01:23 MinePhase: Clicked stable vein at [1259, 713] (vein at [1259, 713])
2026-07-09 13:01:24 MinePhase: Clicked stable vein at [1259, 713] (vein at [1259, 713])
2026-07-09 13:01:26 MinePhase: Clicked stable vein at [1259, 713] (vein at [1259, 713])
2026-07-09 13:01:28 MinePhase: Clicked stable vein at [1259, 713] (vein at [1259, 713])
2026-07-09 13:01:30 MinePhase: Clicked stable vein at [1259, 713] (vein at [1259, 713])
2026-07-09 13:01:31 MinePhase: Clicked stable vein at [1259, 713] (vein at [1259, 713])
2026-07-09 13:01:33 MinePhase: Clicked stable vein at [1259, 713] (vein at [1259, 713])
2026-07-09 13:01:35 MinePhase: Clicked stable vein at [1259, 713] (vein at [1259, 713])
2026-07-09 13:01:36 MinePhase: Clicked stable vein at [1259, 713] (vein at [1259, 713])
2026-07-09 13:01:38 MinePhase: Clicked stable vein at [1259, 713] (vein at [1259, 713])
2026-07-09 13:01:40 MinePhase: Clicked stable vein at [1259, 713] (vein at [1259, 713])
2026-07-09 13:01:41 MinePhase: Clicked stable vein at [1259, 713] (vein at [1259, 713])
2026-07-09 13:01:43 MinePhase: Clicked stable vein at [1259, 713] (vein at [1259, 713])
2026-07-09 13:01:45 MinePhase: Lost track of vein or depleted. Finding new vein.
2026-07-09 13:01:45 MinePhase: Found new vein at [1307, 713]
2026-07-09 13:01:45 MinePhase: Initial click to walk to vein at [1307, 713] (vein at [1307, 713])
2026-07-09 13:01:47 MinePhase: Clicked stable vein at [1263, 713] (vein at [1263, 713])
2026-07-09 13:01:49 MinePhase: Clicked stable vein at [1259, 713] (vein at [1259, 713])
2026-07-09 13:01:50 MinePhase: Clicked stable vein at [1259, 713] (vein at [1259, 713])
2026-07-09 13:01:52 MinePhase: Clicked stable vein at [1259, 713] (vein at [1259, 713])
2026-07-09 13:01:54 MinePhase: Clicked stable vein at [1259, 713] (vein at [1259, 713])
2026-07-09 13:01:55 MinePhase: Clicked stable vein at [1259, 713] (vein at [1259, 713])
2026-07-09 13:01:57 MinePhase: Clicked stable vein at [1259, 713] (vein at [1259, 713])
2026-07-09 13:01:59 MinePhase: Clicked stable vein at [1259, 713] (vein at [1259, 713])
2026-07-09 13:02:00 MinePhase: Clicked stable vein at [1259, 713] (vein at [1259, 713])
2026-07-09 13:02:02 MinePhase: Clicked stable vein at [1259, 713] (vein at [1259, 713])
2026-07-09 13:02:04 MinePhase: Clicked stable vein at [1259, 713] (vein at [1259, 713])
2026-07-09 13:02:05 MinePhase: Clicked stable vein at [1259, 713] (vein at [1259, 713])
2026-07-09 13:02:07 MinePhase: Clicked stable vein at [1259, 713] (vein at [1259, 713])
2026-07-09 13:02:09 MinePhase: Clicked stable vein at [1259, 713] (vein at [1259, 713])
2026-07-09 13:02:11 MinePhase: Clicked stable vein at [1259, 713] (vein at [1259, 713])
2026-07-09 13:02:12 MinePhase: Clicked stable vein at [1259, 713] (vein at [1259, 713])
2026-07-09 13:02:14 MinePhase: Clicked stable vein at [1259, 713] (vein at [1259, 713])
2026-07-09 13:02:16 MinePhase: Clicked stable vein at [1259, 713] (vein at [1259, 713])
2026-07-09 13:02:18 MinePhase: Clicked stable vein at [1259, 713] (vein at [1259, 713])
2026-07-09 13:02:19 MinePhase: Clicked stable vein at [1259, 713] (vein at [1259, 713])
2026-07-09 13:02:21 MinePhase: Lost track of vein or depleted. Finding new vein.
2026-07-09 13:02:22 MinePhase: Found new vein at [1307, 713]
2026-07-09 13:02:22 MinePhase: Initial click to walk to vein at [1307, 713] (vein at [1307, 713])
2026-07-09 13:02:24 MinePhase: Clicked stable vein at [1267, 713] (vein at [1267, 713])
2026-07-09 13:02:26 MinePhase: Clicked stable vein at [1259, 713] (vein at [1259, 713])
2026-07-09 13:02:27 MinePhase: Clicked stable vein at [1259, 713] (vein at [1259, 713])
2026-07-09 13:02:29 MinePhase: Clicked stable vein at [1259, 713] (vein at [1259, 713])
2026-07-09 13:02:31 MinePhase: Clicked stable vein at [1259, 713] (vein at [1259, 713])
2026-07-09 13:02:32 MinePhase: Clicked stable vein at [1259, 713] (vein at [1259, 713])
2026-07-09 13:02:34 MinePhase: Clicked stable vein at [1259, 713] (vein at [1259, 713])
2026-07-09 13:02:36 MinePhase: Clicked stable vein at [1259, 713] (vein at [1259, 713])
2026-07-09 13:02:38 MinePhase: Clicked stable vein at [1259, 713] (vein at [1259, 713])
2026-07-09 13:02:39 MinePhase: Clicked stable vein at [1259, 713] (vein at [1259, 713])
2026-07-09 13:02:41 MinePhase: Clicked stable vein at [1259, 713] (vein at [1259, 713])
2026-07-09 13:02:43 MinePhase: Clicked stable vein at [1259, 713] (vein at [1259, 713])
2026-07-09 13:02:44 MinePhase: Clicked stable vein at [1259, 713] (vein at [1259, 713])
2026-07-09 13:02:46 MinePhase: Clicked stable vein at [1259, 713] (vein at [1259, 713])
2026-07-09 13:02:48 MinePhase: Clicked stable vein at [1259, 713] (vein at [1259, 713])
2026-07-09 13:02:49 MinePhase: Clicked stable vein at [1259, 713] (vein at [1259, 713])
2026-07-09 13:02:51 MinePhase: Lost track of vein or depleted. Finding new vein.
2026-07-09 13:02:51 MinePhase: Found new vein at [1087, 713]
2026-07-09 13:02:51 MinePhase: Initial click to walk to vein at [1087, 713] (vein at [1087, 713])
2026-07-09 13:02:53 MinePhase: Clicked stable vein at [1227, 713] (vein at [1227, 713])
2026-07-09 13:02:55 MinePhase: Clicked stable vein at [1235, 713] (vein at [1235, 713])
2026-07-09 13:02:57 MinePhase: Clicked stable vein at [1235, 713] (vein at [1235, 713])
2026-07-09 13:02:58 MinePhase: Clicked stable vein at [1235, 713] (vein at [1235, 713])
2026-07-09 13:03:00 MinePhase: Clicked stable vein at [1235, 713] (vein at [1235, 713])
2026-07-09 13:03:02 MinePhase: Clicked stable vein at [1235, 713] (vein at [1235, 713])
2026-07-09 13:03:02 MinePhase: Inventory full, transitioning to clearRed
2026-07-09 13:03:02 ClearRedPhase: Found new red rockfall at [1447, 347]
2026-07-09 13:03:03 ClearRedPhase: Initial click on red rockfall at [1447, 347]
2026-07-09 13:03:11 ClearRedPhase: Failsafe click on red rockfall at [1259, 633]
2026-07-09 13:03:15 ClearRedPhase: Rockfall cleared or lost. Scanning for another.
2026-07-09 13:03:15 ClearRedPhase: No red rockfalls found. Moving to hopper.
2026-07-09 13:03:16 ClearYellowPhase: Clicked hopper at [892, 440]
2026-07-09 13:03:23 ClearYellowPhase: Ore deposited. Moving to sack.
2026-07-09 13:03:24 WithdrawSackPhase: Clicked sack at [1825, 724]
2026-07-09 13:03:30 WithdrawSackPhase: Items received from sack. Moving to bank.
2026-07-09 13:03:30 DepositBankPhase: Clicked deposit container at [1097, 355]
2026-07-09 13:03:30 DepositBankPhase: Waiting for deposit box to open...
2026-07-09 13:03:34 DepositBankPhase: Deposited all - banking complete, returning to mine
2026-07-09 13:03:34 ReturnMine1Phase: Clicked waypoint 1 at [699, 1279]
2026-07-09 13:03:40 ReturnMine1Phase: Arrived at waypoint 1!
2026-07-09 13:03:41 ReturnMine2Phase: Clicked waypoint 2 at [1251, 1354]
2026-07-09 13:03:45 ReturnMine2Phase: Saw waypoint 2 marker. Moving to final approach.
2026-07-09 13:03:45 ReturnMine2Phase: Clicked final approach spot at [1491, 933]
2026-07-09 13:03:46 ReturnMine2Phase: Wait complete. Handing off to mine phase.
2026-07-09 13:03:47 MinePhase: Found new vein at [1438, 842]
2026-07-09 13:03:47 MinePhase: Initial click to walk to vein at [1438, 833] (vein at [1438, 833])
2026-07-09 13:03:49 MinePhase: Clicked stable vein at [1245, 717] (vein at [1245, 717])
2026-07-09 13:03:50 MinePhase: Clicked stable vein at [1235, 713] (vein at [1235, 713])
2026-07-09 13:03:52 MinePhase: Clicked stable vein at [1235, 713] (vein at [1235, 713])
2026-07-09 13:03:54 MinePhase: Clicked stable vein at [1235, 713] (vein at [1235, 713])
2026-07-09 13:03:54 MinePhase: Lost track of vein or depleted. Finding new vein.
2026-07-09 13:03:55 MinePhase: Found new vein at [1307, 713]
2026-07-09 13:03:55 MinePhase: Initial click to walk to vein at [1307, 713] (vein at [1307, 713])
2026-07-09 13:03:57 MinePhase: Clicked stable vein at [1265, 713] (vein at [1265, 713])
2026-07-09 13:03:59 MinePhase: Clicked stable vein at [1259, 713] (vein at [1259, 713])
2026-07-09 13:04:00 MinePhase: Clicked stable vein at [1259, 713] (vein at [1259, 713])
2026-07-09 13:04:02 MinePhase: Clicked stable vein at [1259, 713] (vein at [1259, 713])
2026-07-09 13:04:04 MinePhase: Clicked stable vein at [1259, 713] (vein at [1259, 713])
2026-07-09 13:04:05 MinePhase: Clicked stable vein at [1259, 713] (vein at [1259, 713])
2026-07-09 13:04:07 MinePhase: Clicked stable vein at [1259, 713] (vein at [1259, 713])
2026-07-09 13:04:09 MinePhase: Clicked stable vein at [1259, 713] (vein at [1259, 713])
2026-07-09 13:04:11 MinePhase: Clicked stable vein at [1259, 713] (vein at [1259, 713])
2026-07-09 13:04:12 MinePhase: Clicked stable vein at [1259, 713] (vein at [1259, 713])
2026-07-09 13:04:14 MinePhase: Clicked stable vein at [1259, 713] (vein at [1259, 713])
2026-07-09 13:04:16 MinePhase: Clicked stable vein at [1259, 713] (vein at [1259, 713])
2026-07-09 13:04:17 MinePhase: Clicked stable vein at [1259, 713] (vein at [1259, 713])
2026-07-09 13:04:19 MinePhase: Clicked stable vein at [1259, 713] (vein at [1259, 713])
2026-07-09 13:04:21 MinePhase: Clicked stable vein at [1259, 713] (vein at [1259, 713])
2026-07-09 13:04:23 MinePhase: Clicked stable vein at [1259, 713] (vein at [1259, 713])
2026-07-09 13:04:24 MinePhase: Clicked stable vein at [1259, 713] (vein at [1259, 713])
2026-07-09 13:04:26 MinePhase: Clicked stable vein at [1259, 713] (vein at [1259, 713])
2026-07-09 13:04:28 MinePhase: Clicked stable vein at [1259, 713] (vein at [1259, 713])
2026-07-09 13:04:29 MinePhase: Clicked stable vein at [1259, 713] (vein at [1259, 713])
2026-07-09 13:04:31 MinePhase: Clicked stable vein at [1259, 713] (vein at [1259, 713])
2026-07-09 13:04:33 MinePhase: Clicked stable vein at [1259, 713] (vein at [1259, 713])
2026-07-09 13:04:33 MinePhase: Lost track of vein or depleted. Finding new vein.
2026-07-09 13:04:33 MinePhase: Found new vein at [1307, 713]
2026-07-09 13:04:33 MinePhase: Initial click to walk to vein at [1307, 713] (vein at [1307, 713])
2026-07-09 13:04:35 MinePhase: Clicked stable vein at [1261, 713] (vein at [1261, 713])
2026-07-09 13:04:37 MinePhase: Clicked stable vein at [1259, 713] (vein at [1259, 713])
2026-07-09 13:04:38 MinePhase: Clicked stable vein at [1259, 713] (vein at [1259, 713])
2026-07-09 13:04:40 MinePhase: Clicked stable vein at [1259, 713] (vein at [1259, 713])
2026-07-09 13:04:42 MinePhase: Clicked stable vein at [1259, 713] (vein at [1259, 713])
2026-07-09 13:04:43 MinePhase: Clicked stable vein at [1259, 713] (vein at [1259, 713])
2026-07-09 13:04:45 MinePhase: Clicked stable vein at [1259, 713] (vein at [1259, 713])
2026-07-09 13:04:47 MinePhase: Clicked stable vein at [1259, 713] (vein at [1259, 713])
2026-07-09 13:04:49 MinePhase: Clicked stable vein at [1259, 713] (vein at [1259, 713])
2026-07-09 13:04:50 MinePhase: Clicked stable vein at [1259, 713] (vein at [1259, 713])
2026-07-09 13:04:52 MinePhase: Clicked stable vein at [1259, 713] (vein at [1259, 713])
2026-07-09 13:04:54 MinePhase: Clicked stable vein at [1259, 713] (vein at [1259, 713])
2026-07-09 13:04:55 MinePhase: Clicked stable vein at [1259, 713] (vein at [1259, 713])
2026-07-09 13:04:57 MinePhase: Clicked stable vein at [1259, 713] (vein at [1259, 713])
2026-07-09 13:04:59 MinePhase: Clicked stable vein at [1259, 713] (vein at [1259, 713])
2026-07-09 13:05:01 MinePhase: Clicked stable vein at [1259, 713] (vein at [1259, 713])
2026-07-09 13:05:02 MinePhase: Clicked stable vein at [1259, 713] (vein at [1259, 713])
2026-07-09 13:05:04 MinePhase: Clicked stable vein at [1259, 713] (vein at [1259, 713])
2026-07-09 13:05:06 MinePhase: Clicked stable vein at [1259, 713] (vein at [1259, 713])
2026-07-09 13:05:07 MinePhase: Clicked stable vein at [1259, 713] (vein at [1259, 713])
2026-07-09 13:05:09 MinePhase: Clicked stable vein at [1259, 713] (vein at [1259, 713])
2026-07-09 13:05:11 MinePhase: Lost track of vein or depleted. Finding new vein.
2026-07-09 13:05:11 MinePhase: Found new vein at [1135, 713]
2026-07-09 13:05:11 MinePhase: Initial click to walk to vein at [1135, 713] (vein at [1135, 713])
2026-07-09 13:05:13 MinePhase: Clicked stable vein at [1227, 713] (vein at [1227, 713])
2026-07-09 13:05:15 MinePhase: Clicked stable vein at [1235, 713] (vein at [1235, 713])
2026-07-09 13:05:17 MinePhase: Clicked stable vein at [1235, 713] (vein at [1235, 713])
2026-07-09 13:05:18 MinePhase: Clicked stable vein at [1235, 713] (vein at [1235, 713])
2026-07-09 13:05:20 MinePhase: Clicked stable vein at [1235, 713] (vein at [1235, 713])
2026-07-09 13:05:22 MinePhase: Clicked stable vein at [1235, 713] (vein at [1235, 713])
2026-07-09 13:05:24 MinePhase: Clicked stable vein at [1235, 713] (vein at [1235, 713])
2026-07-09 13:05:25 MinePhase: Clicked stable vein at [1235, 713] (vein at [1235, 713])
2026-07-09 13:05:27 MinePhase: Clicked stable vein at [1235, 713] (vein at [1235, 713])
2026-07-09 13:05:29 MinePhase: Clicked stable vein at [1235, 713] (vein at [1235, 713])
2026-07-09 13:05:30 MinePhase: Clicked stable vein at [1235, 713] (vein at [1235, 713])
2026-07-09 13:05:32 MinePhase: Clicked stable vein at [1235, 713] (vein at [1235, 713])
2026-07-09 13:05:34 MinePhase: Clicked stable vein at [1235, 713] (vein at [1235, 713])
2026-07-09 13:05:35 MinePhase: Clicked stable vein at [1235, 713] (vein at [1235, 713])
2026-07-09 13:05:37 MinePhase: Clicked stable vein at [1235, 713] (vein at [1235, 713])
2026-07-09 13:05:39 MinePhase: Clicked stable vein at [1235, 713] (vein at [1235, 713])
2026-07-09 13:05:41 MinePhase: Clicked stable vein at [1235, 713] (vein at [1235, 713])
2026-07-09 13:05:42 MinePhase: Clicked stable vein at [1235, 713] (vein at [1235, 713])
2026-07-09 13:05:44 MinePhase: Clicked stable vein at [1235, 713] (vein at [1235, 713])
2026-07-09 13:05:46 MinePhase: Clicked stable vein at [1235, 713] (vein at [1235, 713])
2026-07-09 13:05:47 MinePhase: Lost track of vein or depleted. Finding new vein.
2026-07-09 13:05:49 MinePhase: Found new vein at [1405, 713]
2026-07-09 13:05:49 MinePhase: Initial click to walk to vein at [1405, 713] (vein at [1405, 713])
2026-07-09 13:05:52 MinePhase: Clicked stable vein at [1267, 713] (vein at [1267, 713])
2026-07-09 13:05:53 MinePhase: Clicked stable vein at [1259, 713] (vein at [1259, 713])
2026-07-09 13:05:55 MinePhase: Clicked stable vein at [1259, 713] (vein at [1259, 713])
2026-07-09 13:05:57 MinePhase: Clicked stable vein at [1259, 713] (vein at [1259, 713])
2026-07-09 13:05:58 MinePhase: Clicked stable vein at [1259, 713] (vein at [1259, 713])
2026-07-09 13:06:00 MinePhase: Clicked stable vein at [1259, 713] (vein at [1259, 713])
2026-07-09 13:06:02 MinePhase: Clicked stable vein at [1259, 713] (vein at [1259, 713])
2026-07-09 13:06:04 MinePhase: Clicked stable vein at [1259, 713] (vein at [1259, 713])
2026-07-09 13:06:05 MinePhase: Clicked stable vein at [1259, 713] (vein at [1259, 713])
2026-07-09 13:06:07 MinePhase: Clicked stable vein at [1259, 713] (vein at [1259, 713])
2026-07-09 13:06:09 MinePhase: Clicked stable vein at [1259, 713] (vein at [1259, 713])
2026-07-09 13:06:10 MinePhase: Clicked stable vein at [1259, 713] (vein at [1259, 713])
2026-07-09 13:06:12 MinePhase: Clicked stable vein at [1259, 713] (vein at [1259, 713])
2026-07-09 13:06:14 MinePhase: Clicked stable vein at [1259, 713] (vein at [1259, 713])
2026-07-09 13:06:16 MinePhase: Clicked stable vein at [1259, 713] (vein at [1259, 713])
2026-07-09 13:06:17 MinePhase: Clicked stable vein at [1259, 713] (vein at [1259, 713])
2026-07-09 13:06:19 MinePhase: Clicked stable vein at [1259, 713] (vein at [1259, 713])
2026-07-09 13:06:21 MinePhase: Clicked stable vein at [1259, 713] (vein at [1259, 713])
2026-07-09 13:06:22 MinePhase: Clicked stable vein at [1259, 713] (vein at [1259, 713])
2026-07-09 13:06:24 MinePhase: Clicked stable vein at [1259, 713] (vein at [1259, 713])
2026-07-09 13:06:26 MinePhase: Clicked stable vein at [1259, 713] (vein at [1259, 713])
2026-07-09 13:06:27 MinePhase: Clicked stable vein at [1259, 713] (vein at [1259, 713])
2026-07-09 13:06:29 MinePhase: Clicked stable vein at [1259, 713] (vein at [1259, 713])
2026-07-09 13:06:29 MinePhase: Lost track of vein or depleted. Finding new vein.
2026-07-09 13:06:30 MinePhase: Found new vein at [1161, 713]
2026-07-09 13:06:31 MinePhase: Initial click to walk to vein at [1161, 713] (vein at [1161, 713])
2026-07-09 13:06:33 MinePhase: Clicked stable vein at [1251, 713] (vein at [1251, 713])
2026-07-09 13:06:34 MinePhase: Clicked stable vein at [1259, 713] (vein at [1259, 713])
2026-07-09 13:06:36 MinePhase: Clicked stable vein at [1259, 713] (vein at [1259, 713])
2026-07-09 13:06:38 MinePhase: Clicked stable vein at [1259, 713] (vein at [1259, 713])
2026-07-09 13:06:39 MinePhase: Clicked stable vein at [1259, 713] (vein at [1259, 713])
2026-07-09 13:06:41 MinePhase: Clicked stable vein at [1259, 713] (vein at [1259, 713])
2026-07-09 13:06:41 MinePhase: Inventory full, transitioning to clearRed
2026-07-09 13:06:42 ClearRedPhase: Found new red rockfall at [1217, 347]
2026-07-09 13:06:42 ClearRedPhase: Initial click on red rockfall at [1217, 347]
2026-07-09 13:06:49 ClearRedPhase: Failsafe click on red rockfall at [1261, 639]
2026-07-09 13:06:52 ClearRedPhase: Rockfall cleared or lost. Scanning for another.
2026-07-09 13:06:52 ClearRedPhase: Found new red rockfall at [1517, 639]
2026-07-09 13:06:52 ClearRedPhase: Initial click on red rockfall at [1517, 639]
2026-07-09 13:06:55 ClearRedPhase: Rockfall cleared or lost. Scanning for another.
2026-07-09 13:06:55 ClearRedPhase: No red rockfalls found. Moving to hopper.
2026-07-09 13:06:56 ClearYellowPhase: Clicked hopper at [896, 440]
2026-07-09 13:07:04 ClearYellowPhase: Ore deposited. Moving to sack.
2026-07-09 13:07:04 WithdrawSackPhase: Clicked sack at [1825, 724]
2026-07-09 13:07:10 WithdrawSackPhase: Items received from sack. Moving to bank.
2026-07-09 13:07:11 DepositBankPhase: Clicked deposit container at [1097, 355]
2026-07-09 13:07:11 DepositBankPhase: Waiting for deposit box to open...
2026-07-09 13:07:15 DepositBankPhase: Deposited all - banking complete, returning to mine
2026-07-09 13:07:15 ReturnMine1Phase: Clicked waypoint 1 at [699, 1279]
2026-07-09 13:07:20 ReturnMine1Phase: Arrived at waypoint 1!
2026-07-09 13:07:20 ReturnMine2Phase: Clicked waypoint 2 at [1251, 1354]
2026-07-09 13:07:23 ReturnMine2Phase: Saw waypoint 2 marker. Moving to final approach.
2026-07-09 13:07:24 ReturnMine2Phase: Clicked final approach spot at [1491, 933]
2026-07-09 13:07:25 ReturnMine2Phase: Wait complete. Handing off to mine phase.
2026-07-09 13:07:26 MinePhase: Found new vein at [1438, 842]
2026-07-09 13:07:26 MinePhase: Initial click to walk to vein at [1438, 823] (vein at [1438, 823])
2026-07-09 13:07:28 MinePhase: Clicked stable vein at [1267, 717] (vein at [1267, 717])
2026-07-09 13:07:30 MinePhase: Clicked stable vein at [1259, 713] (vein at [1259, 713])
2026-07-09 13:07:31 MinePhase: Lost track of vein or depleted. Finding new vein.
2026-07-09 13:07:31 MinePhase: Found new vein at [1185, 713]
2026-07-09 13:07:31 MinePhase: Initial click to walk to vein at [1185, 713] (vein at [1185, 713])
2026-07-09 13:07:33 MinePhase: Clicked stable vein at [1231, 713] (vein at [1231, 713])
2026-07-09 13:07:35 MinePhase: Clicked stable vein at [1235, 713] (vein at [1235, 713])
2026-07-09 13:07:36 MinePhase: Clicked stable vein at [1235, 713] (vein at [1235, 713])
2026-07-09 13:07:38 MinePhase: Clicked stable vein at [1235, 713] (vein at [1235, 713])
2026-07-09 13:07:40 MinePhase: Clicked stable vein at [1235, 713] (vein at [1235, 713])
2026-07-09 13:07:42 MinePhase: Clicked stable vein at [1235, 713] (vein at [1235, 713])
2026-07-09 13:07:43 MinePhase: Clicked stable vein at [1235, 713] (vein at [1235, 713])
2026-07-09 13:07:45 MinePhase: Clicked stable vein at [1235, 713] (vein at [1235, 713])
2026-07-09 13:07:47 MinePhase: Clicked stable vein at [1235, 713] (vein at [1235, 713])
2026-07-09 13:07:48 MinePhase: Clicked stable vein at [1235, 713] (vein at [1235, 713])
2026-07-09 13:07:50 MinePhase: Clicked stable vein at [1235, 713] (vein at [1235, 713])
2026-07-09 13:07:52 MinePhase: Clicked stable vein at [1235, 713] (vein at [1235, 713])
2026-07-09 13:07:54 MinePhase: Clicked stable vein at [1235, 713] (vein at [1235, 713])
2026-07-09 13:07:55 MinePhase: Clicked stable vein at [1235, 713] (vein at [1235, 713])
2026-07-09 13:07:57 MinePhase: Clicked stable vein at [1235, 713] (vein at [1235, 713])
2026-07-09 13:07:59 MinePhase: Clicked stable vein at [1235, 713] (vein at [1235, 713])
2026-07-09 13:08:00 MinePhase: Clicked stable vein at [1235, 713] (vein at [1235, 713])
2026-07-09 13:08:02 MinePhase: Clicked stable vein at [1235, 713] (vein at [1235, 713])
2026-07-09 13:08:04 MinePhase: Clicked stable vein at [1235, 713] (vein at [1235, 713])
2026-07-09 13:08:05 MinePhase: Clicked stable vein at [1235, 713] (vein at [1235, 713])
2026-07-09 13:08:07 MinePhase: Clicked stable vein at [1235, 713] (vein at [1235, 713])
2026-07-09 13:08:07 MinePhase: Lost track of vein or depleted. Finding new vein.
2026-07-09 13:08:07 MinePhase: Found new vein at [1355, 713]
2026-07-09 13:08:08 MinePhase: Initial click to walk to vein at [1355, 713] (vein at [1355, 713])
2026-07-09 13:08:10 MinePhase: Clicked stable vein at [1265, 713] (vein at [1265, 713])
2026-07-09 13:08:11 MinePhase: Clicked stable vein at [1259, 713] (vein at [1259, 713])
2026-07-09 13:08:13 MinePhase: Clicked stable vein at [1259, 713] (vein at [1259, 713])
2026-07-09 13:08:15 MinePhase: Clicked stable vein at [1259, 713] (vein at [1259, 713])
2026-07-09 13:08:17 MinePhase: Clicked stable vein at [1259, 713] (vein at [1259, 713])
2026-07-09 13:08:18 MinePhase: Clicked stable vein at [1259, 713] (vein at [1259, 713])
2026-07-09 13:08:20 MinePhase: Clicked stable vein at [1259, 713] (vein at [1259, 713])
2026-07-09 13:08:22 MinePhase: Clicked stable vein at [1259, 713] (vein at [1259, 713])
2026-07-09 13:08:23 MinePhase: Clicked stable vein at [1259, 713] (vein at [1259, 713])
2026-07-09 13:08:25 MinePhase: Clicked stable vein at [1259, 713] (vein at [1259, 713])
2026-07-09 13:08:27 MinePhase: Clicked stable vein at [1259, 713] (vein at [1259, 713])
2026-07-09 13:08:29 MinePhase: Clicked stable vein at [1259, 713] (vein at [1259, 713])
2026-07-09 13:08:30 MinePhase: Clicked stable vein at [1259, 713] (vein at [1259, 713])
2026-07-09 13:08:32 MinePhase: Clicked stable vein at [1259, 713] (vein at [1259, 713])
2026-07-09 13:08:34 MinePhase: Clicked stable vein at [1259, 713] (vein at [1259, 713])
2026-07-09 13:08:35 MinePhase: Clicked stable vein at [1259, 713] (vein at [1259, 713])
2026-07-09 13:08:37 MinePhase: Clicked stable vein at [1259, 713] (vein at [1259, 713])
2026-07-09 13:08:39 MinePhase: Clicked stable vein at [1259, 713] (vein at [1259, 713])
2026-07-09 13:08:40 MinePhase: Lost track of vein or depleted. Finding new vein.
2026-07-09 13:08:41 MinePhase: Found new vein at [1307, 713]
2026-07-09 13:08:41 MinePhase: Initial click to walk to vein at [1307, 713] (vein at [1307, 713])
2026-07-09 13:08:43 MinePhase: Clicked stable vein at [1267, 713] (vein at [1267, 713])
2026-07-09 13:08:45 MinePhase: Clicked stable vein at [1259, 713] (vein at [1259, 713])
2026-07-09 13:08:46 MinePhase: Clicked stable vein at [1259, 713] (vein at [1259, 713])
2026-07-09 13:08:48 MinePhase: Clicked stable vein at [1259, 713] (vein at [1259, 713])
2026-07-09 13:08:50 MinePhase: Clicked stable vein at [1259, 713] (vein at [1259, 713])
2026-07-09 13:08:52 MinePhase: Clicked stable vein at [1259, 713] (vein at [1259, 713])
2026-07-09 13:08:53 MinePhase: Clicked stable vein at [1259, 713] (vein at [1259, 713])
2026-07-09 13:08:55 MinePhase: Clicked stable vein at [1259, 713] (vein at [1259, 713])
2026-07-09 13:08:57 MinePhase: Clicked stable vein at [1259, 713] (vein at [1259, 713])
2026-07-09 13:08:59 MinePhase: Clicked stable vein at [1259, 713] (vein at [1259, 713])
2026-07-09 13:09:00 MinePhase: Clicked stable vein at [1259, 713] (vein at [1259, 713])
2026-07-09 13:09:02 MinePhase: Clicked stable vein at [1259, 713] (vein at [1259, 713])
2026-07-09 13:09:04 MinePhase: Clicked stable vein at [1259, 713] (vein at [1259, 713])
2026-07-09 13:09:05 MinePhase: Clicked stable vein at [1259, 713] (vein at [1259, 713])
2026-07-09 13:09:07 MinePhase: Clicked stable vein at [1259, 713] (vein at [1259, 713])
2026-07-09 13:09:09 MinePhase: Clicked stable vein at [1259, 713] (vein at [1259, 713])
2026-07-09 13:09:10 MinePhase: Clicked stable vein at [1259, 713] (vein at [1259, 713])
2026-07-09 13:09:12 MinePhase: Clicked stable vein at [1259, 713] (vein at [1259, 713])
2026-07-09 13:09:14 MinePhase: Clicked stable vein at [1259, 713] (vein at [1259, 713])
2026-07-09 13:09:16 MinePhase: Clicked stable vein at [1259, 713] (vein at [1259, 713])
2026-07-09 13:09:16 MinePhase: Lost track of vein or depleted. Finding new vein.
2026-07-09 13:09:17 MinePhase: Found new vein at [1161, 713]
2026-07-09 13:09:17 MinePhase: Initial click to walk to vein at [1161, 713] (vein at [1161, 713])
2026-07-09 13:09:19 MinePhase: Clicked stable vein at [1253, 713] (vein at [1253, 713])
2026-07-09 13:09:21 MinePhase: Clicked stable vein at [1259, 713] (vein at [1259, 713])
2026-07-09 13:09:22 MinePhase: Clicked stable vein at [1259, 713] (vein at [1259, 713])
2026-07-09 13:09:24 MinePhase: Clicked stable vein at [1259, 713] (vein at [1259, 713])
2026-07-09 13:09:26 MinePhase: Clicked stable vein at [1259, 713] (vein at [1259, 713])
2026-07-09 13:09:27 MinePhase: Clicked stable vein at [1259, 713] (vein at [1259, 713])
2026-07-09 13:09:29 MinePhase: Clicked stable vein at [1259, 713] (vein at [1259, 713])
2026-07-09 13:09:31 MinePhase: Clicked stable vein at [1259, 713] (vein at [1259, 713])
2026-07-09 13:09:33 MinePhase: Clicked stable vein at [1259, 713] (vein at [1259, 713])
2026-07-09 13:09:34 MinePhase: Clicked stable vein at [1259, 713] (vein at [1259, 713])
2026-07-09 13:09:36 MinePhase: Clicked stable vein at [1259, 713] (vein at [1259, 713])
2026-07-09 13:09:38 MinePhase: Clicked stable vein at [1259, 713] (vein at [1259, 713])
2026-07-09 13:09:39 MinePhase: Clicked stable vein at [1259, 713] (vein at [1259, 713])
2026-07-09 13:09:41 MinePhase: Clicked stable vein at [1259, 713] (vein at [1259, 713])
2026-07-09 13:09:43 MinePhase: Clicked stable vein at [1259, 713] (vein at [1259, 713])
2026-07-09 13:09:44 MinePhase: Clicked stable vein at [1259, 713] (vein at [1259, 713])
2026-07-09 13:09:46 MinePhase: Inventory full, transitioning to clearRed
2026-07-09 13:09:46 ClearRedPhase: Found new red rockfall at [1217, 347]
2026-07-09 13:09:46 ClearRedPhase: Initial click on red rockfall at [1217, 347]
2026-07-09 13:09:53 ClearRedPhase: Failsafe click on red rockfall at [1261, 639]
2026-07-09 13:09:54 ClearRedPhase: Rockfall cleared or lost. Scanning for another.
2026-07-09 13:09:54 ClearRedPhase: No red rockfalls found. Moving to hopper.
2026-07-09 13:09:55 ClearYellowPhase: Clicked hopper at [1126, 448]
2026-07-09 13:10:00 ClearYellowPhase: Ore deposited. Moving to sack.
2026-07-09 13:10:00 WithdrawSackPhase: Clicked sack at [1825, 724]
2026-07-09 13:10:13 WithdrawSackPhase: Clicked sack at [1825, 724]
2026-07-09 13:10:25 WithdrawSackPhase: Clicked sack at [1825, 724]
2026-07-09 13:10:37 WithdrawSackPhase: Clicked sack at [1825, 724]
2026-07-09 13:10:49 WithdrawSackPhase: Clicked sack at [1825, 724]
2026-07-09 13:11:00 WithdrawSackPhase: Timed out waiting for the sack to give items - stopping
2026-07-09 13:11:00 Engine: stopped - Timed out waiting for sack items
2026-07-09 13:20:25 Engine: stopped - Stopped (F6)
2026-07-09 13:21:02 Engine: started at phase 'mine'
2026-07-09 13:21:02 MinePhase: Found new vein at [1309, 751]
2026-07-09 13:21:02 MinePhase: Initial click to walk to vein at [1299, 749] (vein at [1299, 749])
2026-07-09 13:21:04 MinePhase: Clicked stable vein at [1237, 713] (vein at [1237, 713])
2026-07-09 13:21:06 MinePhase: Clicked stable vein at [1235, 713] (vein at [1235, 713])
2026-07-09 13:21:07 MinePhase: Clicked stable vein at [1235, 713] (vein at [1235, 713])
2026-07-09 13:21:09 MinePhase: Clicked stable vein at [1235, 713] (vein at [1235, 713])
2026-07-09 13:21:11 MinePhase: Clicked stable vein at [1235, 713] (vein at [1235, 713])
2026-07-09 13:21:12 MinePhase: Clicked stable vein at [1235, 713] (vein at [1235, 713])
2026-07-09 13:21:14 MinePhase: Clicked stable vein at [1235, 713] (vein at [1235, 713])
2026-07-09 13:21:16 MinePhase: Clicked stable vein at [1235, 713] (vein at [1235, 713])
2026-07-09 13:21:18 MinePhase: Clicked stable vein at [1235, 713] (vein at [1235, 713])
2026-07-09 13:21:19 MinePhase: Clicked stable vein at [1235, 713] (vein at [1235, 713])
2026-07-09 13:21:21 MinePhase: Clicked stable vein at [1235, 713] (vein at [1235, 713])
2026-07-09 13:21:23 MinePhase: Clicked stable vein at [1235, 713] (vein at [1235, 713])
2026-07-09 13:21:25 MinePhase: Clicked stable vein at [1235, 713] (vein at [1235, 713])
2026-07-09 13:21:26 MinePhase: Lost track of vein or depleted. Finding new vein.
2026-07-09 13:21:26 MinePhase: Found new vein at [1307, 713]
2026-07-09 13:21:26 MinePhase: Initial click to walk to vein at [1307, 713] (vein at [1307, 713])
2026-07-09 13:21:28 MinePhase: Clicked stable vein at [1265, 713] (vein at [1265, 713])
2026-07-09 13:21:30 MinePhase: Clicked stable vein at [1259, 713] (vein at [1259, 713])
2026-07-09 13:21:32 MinePhase: Clicked stable vein at [1259, 713] (vein at [1259, 713])
2026-07-09 13:21:33 MinePhase: Clicked stable vein at [1259, 713] (vein at [1259, 713])
2026-07-09 13:21:35 MinePhase: Clicked stable vein at [1259, 713] (vein at [1259, 713])
2026-07-09 13:21:37 MinePhase: Clicked stable vein at [1259, 713] (vein at [1259, 713])
2026-07-09 13:21:39 MinePhase: Clicked stable vein at [1259, 713] (vein at [1259, 713])
2026-07-09 13:21:40 MinePhase: Clicked stable vein at [1259, 713] (vein at [1259, 713])
2026-07-09 13:21:42 MinePhase: Clicked stable vein at [1259, 713] (vein at [1259, 713])
2026-07-09 13:21:44 MinePhase: Clicked stable vein at [1259, 713] (vein at [1259, 713])
2026-07-09 13:21:46 MinePhase: Clicked stable vein at [1259, 713] (vein at [1259, 713])
2026-07-09 13:21:47 MinePhase: Clicked stable vein at [1259, 713] (vein at [1259, 713])
2026-07-09 13:21:49 MinePhase: Clicked stable vein at [1259, 713] (vein at [1259, 713])
2026-07-09 13:21:51 MinePhase: Clicked stable vein at [1259, 713] (vein at [1259, 713])
2026-07-09 13:21:52 MinePhase: Clicked stable vein at [1259, 713] (vein at [1259, 713])
2026-07-09 13:21:54 MinePhase: Clicked stable vein at [1259, 713] (vein at [1259, 713])
2026-07-09 13:21:56 MinePhase: Clicked stable vein at [1259, 713] (vein at [1259, 713])
2026-07-09 13:21:57 MinePhase: Clicked stable vein at [1259, 713] (vein at [1259, 713])
2026-07-09 13:21:59 MinePhase: Clicked stable vein at [1259, 713] (vein at [1259, 713])
2026-07-09 13:22:01 MinePhase: Clicked stable vein at [1355, 713] (vein at [1355, 713])
2026-07-09 13:22:03 MinePhase: Clicked stable vein at [1267, 713] (vein at [1267, 713])
2026-07-09 13:22:05 MinePhase: Clicked stable vein at [1259, 713] (vein at [1259, 713])
2026-07-09 13:22:07 MinePhase: Clicked stable vein at [1259, 713] (vein at [1259, 713])
2026-07-09 13:22:08 MinePhase: Clicked stable vein at [1259, 713] (vein at [1259, 713])
2026-07-09 13:22:10 MinePhase: Clicked stable vein at [1259, 713] (vein at [1259, 713])
2026-07-09 13:22:12 MinePhase: Clicked stable vein at [1259, 713] (vein at [1259, 713])
2026-07-09 13:22:13 MinePhase: Clicked stable vein at [1259, 713] (vein at [1259, 713])
2026-07-09 13:22:15 MinePhase: Clicked stable vein at [1259, 713] (vein at [1259, 713])
2026-07-09 13:22:17 MinePhase: Clicked stable vein at [1259, 713] (vein at [1259, 713])
2026-07-09 13:22:19 MinePhase: Clicked stable vein at [1259, 713] (vein at [1259, 713])
2026-07-09 13:22:20 MinePhase: Clicked stable vein at [1259, 713] (vein at [1259, 713])
2026-07-09 13:22:22 MinePhase: Clicked stable vein at [1259, 713] (vein at [1259, 713])
2026-07-09 13:22:24 MinePhase: Clicked stable vein at [1259, 713] (vein at [1259, 713])
2026-07-09 13:22:25 MinePhase: Clicked stable vein at [1259, 713] (vein at [1259, 713])
2026-07-09 13:22:27 MinePhase: Clicked stable vein at [1259, 713] (vein at [1259, 713])
2026-07-09 13:22:29 MinePhase: Clicked stable vein at [1259, 713] (vein at [1259, 713])
2026-07-09 13:22:31 MinePhase: Clicked stable vein at [1259, 713] (vein at [1259, 713])
2026-07-09 13:22:32 MinePhase: Clicked stable vein at [1259, 713] (vein at [1259, 713])
2026-07-09 13:22:34 MinePhase: Clicked stable vein at [1259, 713] (vein at [1259, 713])
2026-07-09 13:22:36 MinePhase: Clicked stable vein at [1259, 713] (vein at [1259, 713])
2026-07-09 13:22:37 MinePhase: Clicked stable vein at [1259, 713] (vein at [1259, 713])
2026-07-09 13:22:39 MinePhase: Clicked stable vein at [1259, 713] (vein at [1259, 713])
2026-07-09 13:22:41 MinePhase: Clicked stable vein at [1259, 713] (vein at [1259, 713])
2026-07-09 13:22:43 MinePhase: Clicked stable vein at [1259, 713] (vein at [1259, 713])
2026-07-09 13:22:44 MinePhase: Clicked stable vein at [1259, 713] (vein at [1259, 713])
2026-07-09 13:22:44 MinePhase: Lost track of vein or depleted. Finding new vein.
2026-07-09 13:22:44 MinePhase: Found new vein at [1209, 713]
2026-07-09 13:22:45 MinePhase: Initial click to walk to vein at [1209, 713] (vein at [1209, 713])
2026-07-09 13:22:46 MinePhase: Clicked stable vein at [1253, 713] (vein at [1253, 713])
2026-07-09 13:22:48 MinePhase: Clicked stable vein at [1259, 713] (vein at [1259, 713])
2026-07-09 13:22:50 MinePhase: Clicked stable vein at [1259, 713] (vein at [1259, 713])
2026-07-09 13:22:52 MinePhase: Clicked stable vein at [1259, 713] (vein at [1259, 713])
2026-07-09 13:22:53 MinePhase: Clicked stable vein at [1259, 713] (vein at [1259, 713])
2026-07-09 13:22:55 MinePhase: Clicked stable vein at [1259, 713] (vein at [1259, 713])
2026-07-09 13:22:57 MinePhase: Clicked stable vein at [1259, 713] (vein at [1259, 713])
2026-07-09 13:22:58 MinePhase: Clicked stable vein at [1259, 713] (vein at [1259, 713])
2026-07-09 13:23:00 MinePhase: Clicked stable vein at [1259, 713] (vein at [1259, 713])
2026-07-09 13:23:01 Engine: stopped - Stopped (F6)
2026-07-09 13:23:14 Engine: started at phase 'mine'
2026-07-09 13:23:14 MinePhase: Clicked stable vein at [1259, 713] (vein at [1259, 713])
2026-07-09 13:23:15 MinePhase: Inventory full, transitioning to clearRed
2026-07-09 13:23:15 ClearRedPhase: Found new red rockfall at [1185, 347]
2026-07-09 13:23:15 ClearRedPhase: Initial click on red rockfall at [1185, 347]
2026-07-09 13:23:23 ClearRedPhase: Failsafe click on red rockfall at [1257, 639]
2026-07-09 13:23:28 ClearRedPhase: Rockfall cleared or lost. Scanning for another.
2026-07-09 13:23:28 ClearRedPhase: Found new red rockfall at [1517, 639]
2026-07-09 13:23:28 ClearRedPhase: Initial click on red rockfall at [1517, 639]
2026-07-09 13:23:31 ClearRedPhase: Rockfall cleared or lost. Scanning for another.
2026-07-09 13:23:31 ClearRedPhase: No red rockfalls found. Moving to hopper.
2026-07-09 13:23:32 ClearYellowPhase: Clicked hopper at [896, 440]
2026-07-09 13:23:40 ClearYellowPhase: Ore deposited. Moving to sack.
2026-07-09 13:23:42 WithdrawSackPhase: Clicked sack at [1825, 724]
2026-07-09 13:23:47 WithdrawSackPhase: Items received from sack. Moving to bank.
2026-07-09 13:23:48 DepositBankPhase: Clicked deposit container at [1097, 355]
2026-07-09 13:23:48 DepositBankPhase: Waiting for deposit box to open...
2026-07-09 13:23:52 DepositBankPhase: Deposited all - banking complete, returning to mine
2026-07-09 13:23:52 ReturnMine1Phase: Clicked waypoint 1 at [699, 1279]
2026-07-09 13:23:58 ReturnMine1Phase: Arrived at waypoint 1!
2026-07-09 13:23:58 ReturnMine2Phase: Clicked waypoint 2 at [1251, 1354]
2026-07-09 13:24:02 ReturnMine2Phase: Saw waypoint 2 marker. Moving to final approach.
2026-07-09 13:24:02 ReturnMine2Phase: Clicked final approach spot at [1491, 933]
2026-07-09 13:24:03 ReturnMine2Phase: Wait complete. Handing off to mine phase.
2026-07-09 13:24:04 MinePhase: Found new vein at [1438, 839]
2026-07-09 13:24:04 MinePhase: Initial click to walk to vein at [1438, 819] (vein at [1438, 819])
2026-07-09 13:24:06 MinePhase: Clicked stable vein at [1243, 717] (vein at [1243, 717])
2026-07-09 13:24:08 MinePhase: Clicked stable vein at [1235, 713] (vein at [1235, 713])
2026-07-09 13:24:10 MinePhase: Clicked stable vein at [1235, 713] (vein at [1235, 713])
2026-07-09 13:24:11 MinePhase: Clicked stable vein at [1235, 713] (vein at [1235, 713])
2026-07-09 13:24:13 MinePhase: Clicked stable vein at [1235, 713] (vein at [1235, 713])
2026-07-09 13:24:15 MinePhase: Clicked stable vein at [1235, 713] (vein at [1235, 713])
2026-07-09 13:24:17 MinePhase: Clicked stable vein at [1235, 713] (vein at [1235, 713])
2026-07-09 13:24:18 MinePhase: Clicked stable vein at [1235, 713] (vein at [1235, 713])
2026-07-09 13:24:20 MinePhase: Clicked stable vein at [1235, 713] (vein at [1235, 713])
2026-07-09 13:24:22 MinePhase: Clicked stable vein at [1235, 713] (vein at [1235, 713])
2026-07-09 13:24:23 MinePhase: Clicked stable vein at [1235, 713] (vein at [1235, 713])
2026-07-09 13:24:25 MinePhase: Clicked stable vein at [1235, 713] (vein at [1235, 713])
2026-07-09 13:24:27 MinePhase: Clicked stable vein at [1235, 713] (vein at [1235, 713])
2026-07-09 13:24:29 MinePhase: Clicked stable vein at [1235, 713] (vein at [1235, 713])
2026-07-09 13:24:30 MinePhase: Clicked stable vein at [1235, 713] (vein at [1235, 713])
2026-07-09 13:24:31 MinePhase: Lost track of vein or depleted. Finding new vein.
2026-07-09 13:24:32 MinePhase: Found new vein at [1307, 713]
2026-07-09 13:24:32 MinePhase: Initial click to walk to vein at [1307, 713] (vein at [1307, 713])
2026-07-09 13:24:34 MinePhase: Clicked stable vein at [1267, 713] (vein at [1267, 713])
2026-07-09 13:24:35 MinePhase: Clicked stable vein at [1259, 713] (vein at [1259, 713])
2026-07-09 13:24:37 MinePhase: Clicked stable vein at [1259, 713] (vein at [1259, 713])
2026-07-09 13:24:39 MinePhase: Clicked stable vein at [1259, 713] (vein at [1259, 713])
2026-07-09 13:24:40 MinePhase: Clicked stable vein at [1259, 713] (vein at [1259, 713])
2026-07-09 13:24:42 MinePhase: Clicked stable vein at [1259, 713] (vein at [1259, 713])
2026-07-09 13:24:44 MinePhase: Clicked stable vein at [1259, 713] (vein at [1259, 713])
2026-07-09 13:24:46 MinePhase: Clicked stable vein at [1259, 713] (vein at [1259, 713])
2026-07-09 13:24:47 MinePhase: Clicked stable vein at [1259, 713] (vein at [1259, 713])
2026-07-09 13:24:49 MinePhase: Clicked stable vein at [1259, 713] (vein at [1259, 713])
2026-07-09 13:24:51 MinePhase: Clicked stable vein at [1259, 713] (vein at [1259, 713])
2026-07-09 13:24:52 MinePhase: Clicked stable vein at [1259, 713] (vein at [1259, 713])
2026-07-09 13:24:54 MinePhase: Clicked stable vein at [1259, 713] (vein at [1259, 713])
2026-07-09 13:24:56 MinePhase: Clicked stable vein at [1259, 713] (vein at [1259, 713])
2026-07-09 13:24:58 MinePhase: Clicked stable vein at [1259, 713] (vein at [1259, 713])
2026-07-09 13:24:59 MinePhase: Clicked stable vein at [1259, 713] (vein at [1259, 713])
2026-07-09 13:25:01 MinePhase: Clicked stable vein at [1259, 713] (vein at [1259, 713])
2026-07-09 13:25:03 MinePhase: Clicked stable vein at [1259, 713] (vein at [1259, 713])
2026-07-09 13:25:04 MinePhase: Clicked stable vein at [1259, 713] (vein at [1259, 713])
2026-07-09 13:25:06 MinePhase: Clicked stable vein at [1259, 713] (vein at [1259, 713])
2026-07-09 13:25:08 MinePhase: Clicked stable vein at [1357, 713] (vein at [1357, 713])
2026-07-09 13:25:10 MinePhase: Clicked stable vein at [1267, 713] (vein at [1267, 713])
2026-07-09 13:25:12 MinePhase: Clicked stable vein at [1259, 713] (vein at [1259, 713])
2026-07-09 13:25:13 MinePhase: Clicked stable vein at [1259, 713] (vein at [1259, 713])
2026-07-09 13:25:15 MinePhase: Clicked stable vein at [1259, 713] (vein at [1259, 713])
2026-07-09 13:25:17 MinePhase: Clicked stable vein at [1259, 713] (vein at [1259, 713])
2026-07-09 13:25:18 MinePhase: Clicked stable vein at [1259, 713] (vein at [1259, 713])
2026-07-09 13:25:20 MinePhase: Clicked stable vein at [1259, 713] (vein at [1259, 713])
2026-07-09 13:25:22 MinePhase: Clicked stable vein at [1259, 713] (vein at [1259, 713])
2026-07-09 13:25:23 MinePhase: Clicked stable vein at [1259, 713] (vein at [1259, 713])
2026-07-09 13:25:25 MinePhase: Clicked stable vein at [1259, 713] (vein at [1259, 713])
2026-07-09 13:25:27 MinePhase: Clicked stable vein at [1259, 713] (vein at [1259, 713])
2026-07-09 13:25:29 MinePhase: Clicked stable vein at [1259, 713] (vein at [1259, 713])
2026-07-09 13:25:30 MinePhase: Clicked stable vein at [1259, 713] (vein at [1259, 713])
2026-07-09 13:25:32 MinePhase: Clicked stable vein at [1259, 713] (vein at [1259, 713])
2026-07-09 13:25:34 MinePhase: Clicked stable vein at [1259, 713] (vein at [1259, 713])
2026-07-09 13:25:35 MinePhase: Clicked stable vein at [1259, 713] (vein at [1259, 713])
2026-07-09 13:25:37 MinePhase: Clicked stable vein at [1259, 713] (vein at [1259, 713])
2026-07-09 13:25:39 MinePhase: Clicked stable vein at [1259, 713] (vein at [1259, 713])
2026-07-09 13:25:40 MinePhase: Clicked stable vein at [1259, 713] (vein at [1259, 713])
2026-07-09 13:25:42 MinePhase: Clicked stable vein at [1259, 713] (vein at [1259, 713])
2026-07-09 13:25:44 MinePhase: Clicked stable vein at [1259, 713] (vein at [1259, 713])
2026-07-09 13:25:44 MinePhase: Lost track of vein or depleted. Finding new vein.
2026-07-09 13:25:44 MinePhase: Found new vein at [1209, 713]
2026-07-09 13:25:44 MinePhase: Initial click to walk to vein at [1209, 713] (vein at [1209, 713])
2026-07-09 13:25:46 MinePhase: Clicked stable vein at [1255, 713] (vein at [1255, 713])
2026-07-09 13:25:48 MinePhase: Clicked stable vein at [1259, 713] (vein at [1259, 713])
2026-07-09 13:25:49 MinePhase: Clicked stable vein at [1259, 713] (vein at [1259, 713])
2026-07-09 13:25:51 MinePhase: Clicked stable vein at [1259, 713] (vein at [1259, 713])
2026-07-09 13:25:53 MinePhase: Clicked stable vein at [1259, 713] (vein at [1259, 713])
2026-07-09 13:25:55 MinePhase: Clicked stable vein at [1259, 713] (vein at [1259, 713])
2026-07-09 13:25:56 MinePhase: Clicked stable vein at [1259, 713] (vein at [1259, 713])
2026-07-09 13:25:58 MinePhase: Clicked stable vein at [1259, 713] (vein at [1259, 713])
2026-07-09 13:26:00 MinePhase: Clicked stable vein at [1259, 713] (vein at [1259, 713])
2026-07-09 13:26:01 MinePhase: Clicked stable vein at [1259, 713] (vein at [1259, 713])
2026-07-09 13:26:03 MinePhase: Clicked stable vein at [1259, 713] (vein at [1259, 713])
2026-07-09 13:26:05 MinePhase: Clicked stable vein at [1259, 713] (vein at [1259, 713])
2026-07-09 13:26:07 MinePhase: Clicked stable vein at [1259, 713] (vein at [1259, 713])
2026-07-09 13:26:08 MinePhase: Clicked stable vein at [1259, 713] (vein at [1259, 713])
2026-07-09 13:26:10 MinePhase: Clicked stable vein at [1259, 713] (vein at [1259, 713])
2026-07-09 13:26:12 MinePhase: Clicked stable vein at [1259, 713] (vein at [1259, 713])
2026-07-09 13:26:13 MinePhase: Inventory full, transitioning to clearRed
2026-07-09 13:26:13 ClearRedPhase: Found new red rockfall at [1185, 347]
2026-07-09 13:26:13 ClearRedPhase: Initial click on red rockfall at [1185, 347]
2026-07-09 13:26:20 ClearRedPhase: Failsafe click on red rockfall at [1257, 639]
2026-07-09 13:26:26 ClearRedPhase: Rockfall cleared or lost. Scanning for another.
2026-07-09 13:26:26 ClearRedPhase: No red rockfalls found. Moving to hopper.
2026-07-09 13:26:27 ClearYellowPhase: Clicked hopper at [1126, 448]
2026-07-09 13:26:31 ClearYellowPhase: Ore deposited. Moving to sack.
2026-07-09 13:26:33 WithdrawSackPhase: Clicked sack at [1825, 724]
2026-07-09 13:26:39 WithdrawSackPhase: Items received from sack. Moving to bank.
2026-07-09 13:26:40 DepositBankPhase: Clicked deposit container at [1067, 351]
2026-07-09 13:26:40 DepositBankPhase: Waiting for deposit box to open...
2026-07-09 13:26:44 DepositBankPhase: Deposited all - banking complete, returning to mine
2026-07-09 13:26:44 ReturnMine1Phase: Clicked waypoint 1 at [699, 1279]
2026-07-09 13:26:49 ReturnMine1Phase: Arrived at waypoint 1!
2026-07-09 13:26:50 ReturnMine2Phase: Clicked waypoint 2 at [1251, 1354]
2026-07-09 13:26:54 ReturnMine2Phase: Saw waypoint 2 marker. Moving to final approach.
2026-07-09 13:26:54 ReturnMine2Phase: Clicked final approach spot at [1491, 933]
2026-07-09 13:26:55 ReturnMine2Phase: Wait complete. Handing off to mine phase.
2026-07-09 13:26:56 MinePhase: Found new vein at [1438, 842]
2026-07-09 13:26:56 MinePhase: Initial click to walk to vein at [1438, 831] (vein at [1438, 831])
2026-07-09 13:26:58 MinePhase: Clicked stable vein at [1241, 717] (vein at [1241, 717])
2026-07-09 13:27:00 MinePhase: Clicked stable vein at [1235, 713] (vein at [1235, 713])
2026-07-09 13:27:01 MinePhase: Clicked stable vein at [1235, 713] (vein at [1235, 713])
2026-07-09 13:27:03 MinePhase: Clicked stable vein at [1235, 713] (vein at [1235, 713])
2026-07-09 13:27:05 MinePhase: Clicked stable vein at [1235, 713] (vein at [1235, 713])
2026-07-09 13:27:07 MinePhase: Clicked stable vein at [1235, 713] (vein at [1235, 713])
2026-07-09 13:27:08 MinePhase: Clicked stable vein at [1235, 713] (vein at [1235, 713])
2026-07-09 13:27:10 MinePhase: Clicked stable vein at [1235, 713] (vein at [1235, 713])
2026-07-09 13:27:12 MinePhase: Clicked stable vein at [1235, 713] (vein at [1235, 713])
2026-07-09 13:27:14 MinePhase: Clicked stable vein at [1235, 713] (vein at [1235, 713])
2026-07-09 13:27:15 MinePhase: Clicked stable vein at [1235, 713] (vein at [1235, 713])
2026-07-09 13:27:17 MinePhase: Clicked stable vein at [1235, 713] (vein at [1235, 713])
2026-07-09 13:27:19 MinePhase: Clicked stable vein at [1235, 713] (vein at [1235, 713])
2026-07-09 13:27:20 MinePhase: Clicked stable vein at [1235, 713] (vein at [1235, 713])
2026-07-09 13:27:22 MinePhase: Clicked stable vein at [1235, 713] (vein at [1235, 713])
2026-07-09 13:27:24 MinePhase: Clicked stable vein at [1235, 713] (vein at [1235, 713])
2026-07-09 13:27:26 MinePhase: Clicked stable vein at [1235, 713] (vein at [1235, 713])
2026-07-09 13:27:27 MinePhase: Clicked stable vein at [1235, 713] (vein at [1235, 713])
2026-07-09 13:27:29 MinePhase: Clicked stable vein at [1235, 713] (vein at [1235, 713])
2026-07-09 13:27:31 MinePhase: Clicked stable vein at [1235, 713] (vein at [1235, 713])
2026-07-09 13:27:32 MinePhase: Clicked stable vein at [1235, 713] (vein at [1235, 713])
2026-07-09 13:27:34 MinePhase: Lost track of vein or depleted. Finding new vein.
2026-07-09 13:27:34 MinePhase: Found new vein at [1307, 713]
2026-07-09 13:27:34 MinePhase: Initial click to walk to vein at [1307, 713] (vein at [1307, 713])
2026-07-09 13:27:36 MinePhase: Clicked stable vein at [1265, 713] (vein at [1265, 713])
2026-07-09 13:27:38 MinePhase: Clicked stable vein at [1259, 713] (vein at [1259, 713])
2026-07-09 13:27:40 MinePhase: Clicked stable vein at [1259, 713] (vein at [1259, 713])
2026-07-09 13:27:41 MinePhase: Clicked stable vein at [1259, 713] (vein at [1259, 713])
2026-07-09 13:27:43 MinePhase: Clicked stable vein at [1259, 713] (vein at [1259, 713])
2026-07-09 13:27:45 MinePhase: Clicked stable vein at [1259, 713] (vein at [1259, 713])
2026-07-09 13:27:46 MinePhase: Clicked stable vein at [1259, 713] (vein at [1259, 713])
2026-07-09 13:27:48 MinePhase: Clicked stable vein at [1259, 713] (vein at [1259, 713])
2026-07-09 13:27:50 MinePhase: Clicked stable vein at [1259, 713] (vein at [1259, 713])
2026-07-09 13:27:52 MinePhase: Clicked stable vein at [1259, 713] (vein at [1259, 713])
2026-07-09 13:27:53 MinePhase: Clicked stable vein at [1259, 713] (vein at [1259, 713])
2026-07-09 13:27:55 MinePhase: Clicked stable vein at [1259, 713] (vein at [1259, 713])
2026-07-09 13:27:57 MinePhase: Clicked stable vein at [1259, 713] (vein at [1259, 713])
2026-07-09 13:27:58 MinePhase: Clicked stable vein at [1259, 713] (vein at [1259, 713])
2026-07-09 13:28:00 MinePhase: Clicked stable vein at [1259, 713] (vein at [1259, 713])
2026-07-09 13:28:02 MinePhase: Clicked stable vein at [1357, 713] (vein at [1357, 713])
2026-07-09 13:28:03 MinePhase: Clicked stable vein at [1265, 713] (vein at [1265, 713])
2026-07-09 13:28:05 MinePhase: Clicked stable vein at [1259, 713] (vein at [1259, 713])
2026-07-09 13:28:07 MinePhase: Clicked stable vein at [1259, 713] (vein at [1259, 713])
2026-07-09 13:28:09 MinePhase: Clicked stable vein at [1259, 713] (vein at [1259, 713])
2026-07-09 13:28:10 MinePhase: Clicked stable vein at [1259, 713] (vein at [1259, 713])
2026-07-09 13:28:12 MinePhase: Clicked stable vein at [1259, 713] (vein at [1259, 713])
2026-07-09 13:28:14 MinePhase: Clicked stable vein at [1259, 713] (vein at [1259, 713])
2026-07-09 13:28:15 MinePhase: Clicked stable vein at [1259, 713] (vein at [1259, 713])
2026-07-09 13:28:17 MinePhase: Clicked stable vein at [1259, 713] (vein at [1259, 713])
2026-07-09 13:28:19 MinePhase: Clicked stable vein at [1259, 713] (vein at [1259, 713])
2026-07-09 13:28:20 MinePhase: Clicked stable vein at [1259, 713] (vein at [1259, 713])
2026-07-09 13:28:22 MinePhase: Clicked stable vein at [1259, 713] (vein at [1259, 713])
2026-07-09 13:28:24 MinePhase: Clicked stable vein at [1259, 713] (vein at [1259, 713])
2026-07-09 13:28:26 MinePhase: Clicked stable vein at [1259, 713] (vein at [1259, 713])
2026-07-09 13:28:27 MinePhase: Clicked stable vein at [1259, 713] (vein at [1259, 713])
2026-07-09 13:28:29 MinePhase: Clicked stable vein at [1259, 713] (vein at [1259, 713])
2026-07-09 13:28:31 MinePhase: Clicked stable vein at [1259, 713] (vein at [1259, 713])
2026-07-09 13:28:33 MinePhase: Clicked stable vein at [1259, 713] (vein at [1259, 713])
2026-07-09 13:28:34 MinePhase: Clicked stable vein at [1259, 713] (vein at [1259, 713])
2026-07-09 13:28:36 MinePhase: Clicked stable vein at [1259, 713] (vein at [1259, 713])
2026-07-09 13:28:38 MinePhase: Clicked stable vein at [1259, 713] (vein at [1259, 713])
2026-07-09 13:28:39 MinePhase: Lost track of vein or depleted. Finding new vein.
2026-07-09 13:28:39 MinePhase: Found new vein at [1209, 713]
2026-07-09 13:28:39 MinePhase: Initial click to walk to vein at [1209, 713] (vein at [1209, 713])
2026-07-09 13:28:41 MinePhase: Clicked stable vein at [1253, 713] (vein at [1253, 713])
2026-07-09 13:28:43 MinePhase: Clicked stable vein at [1259, 713] (vein at [1259, 713])
2026-07-09 13:28:45 MinePhase: Clicked stable vein at [1259, 713] (vein at [1259, 713])
2026-07-09 13:28:46 MinePhase: Clicked stable vein at [1259, 713] (vein at [1259, 713])
2026-07-09 13:28:48 MinePhase: Clicked stable vein at [1259, 713] (vein at [1259, 713])
2026-07-09 13:28:50 MinePhase: Clicked stable vein at [1259, 713] (vein at [1259, 713])
2026-07-09 13:28:51 MinePhase: Clicked stable vein at [1259, 713] (vein at [1259, 713])
2026-07-09 13:28:53 MinePhase: Clicked stable vein at [1259, 713] (vein at [1259, 713])
2026-07-09 13:28:55 MinePhase: Clicked stable vein at [1259, 713] (vein at [1259, 713])
2026-07-09 13:28:56 MinePhase: Clicked stable vein at [1259, 713] (vein at [1259, 713])
2026-07-09 13:28:58 MinePhase: Clicked stable vein at [1259, 713] (vein at [1259, 713])
2026-07-09 13:29:00 MinePhase: Clicked stable vein at [1259, 713] (vein at [1259, 713])
2026-07-09 13:29:02 MinePhase: Clicked stable vein at [1259, 713] (vein at [1259, 713])
2026-07-09 13:29:03 MinePhase: Clicked stable vein at [1259, 713] (vein at [1259, 713])
2026-07-09 13:29:05 MinePhase: Clicked stable vein at [1259, 713] (vein at [1259, 713])
2026-07-09 13:29:06 MinePhase: Inventory full, transitioning to clearRed
2026-07-09 13:29:06 ClearRedPhase: Found new red rockfall at [1381, 347]
2026-07-09 13:29:06 ClearRedPhase: Initial click on red rockfall at [1381, 347]
2026-07-09 13:29:16 ClearRedPhase: Failsafe click on red rockfall at [1259, 633]
2026-07-09 13:29:19 ClearRedPhase: Rockfall cleared or lost. Scanning for another.
2026-07-09 13:29:19 ClearRedPhase: No red rockfalls found. Moving to hopper.
2026-07-09 13:29:20 ClearYellowPhase: Clicked hopper at [892, 440]
2026-07-09 13:29:26 ClearYellowPhase: Ore deposited. Moving to sack.
2026-07-09 13:29:27 WithdrawSackPhase: Clicked sack at [1825, 724]
2026-07-09 13:29:33 WithdrawSackPhase: Items received from sack. Moving to bank.
2026-07-09 13:29:34 DepositBankPhase: Clicked deposit container at [1067, 351]
2026-07-09 13:29:34 DepositBankPhase: Waiting for deposit box to open...
2026-07-09 13:29:37 DepositBankPhase: Deposited all - banking complete, returning to mine
2026-07-09 13:29:38 ReturnMine1Phase: Clicked waypoint 1 at [699, 1279]
2026-07-09 13:29:43 ReturnMine1Phase: Arrived at waypoint 1!
2026-07-09 13:29:43 ReturnMine2Phase: Clicked waypoint 2 at [1251, 1354]
2026-07-09 13:29:47 ReturnMine2Phase: Saw waypoint 2 marker. Moving to final approach.
2026-07-09 13:29:48 ReturnMine2Phase: Clicked final approach spot at [1491, 933]
2026-07-09 13:29:49 ReturnMine2Phase: Wait complete. Handing off to mine phase.
2026-07-09 13:29:49 MinePhase: Found new vein at [1438, 842]
2026-07-09 13:29:49 MinePhase: Initial click to walk to vein at [1438, 825] (vein at [1438, 825])
2026-07-09 13:29:51 MinePhase: Clicked stable vein at [1241, 717] (vein at [1241, 717])
2026-07-09 13:29:52 Engine: stopped - Stopped (F6)
2026-07-09 14:01:15 Engine: started at phase 'mine'
2026-07-09 14:01:15 MinePhase: Found new vein at [1135, 713]
2026-07-09 14:01:15 MinePhase: Initial click to walk to vein at [1135, 713] (vein at [1135, 713])
2026-07-09 14:01:17 MinePhase: Clicked stable vein at [1229, 713] (vein at [1229, 713])
2026-07-09 14:01:19 MinePhase: Inventory full, transitioning to clearRed
2026-07-09 14:01:19 ClearRedPhase: Found new red rockfall at [1249, 347]
2026-07-09 14:01:19 ClearRedPhase: Initial click on red rockfall at [1249, 347]
2026-07-09 14:01:26 ClearRedPhase: Rockfall cleared or lost. Scanning for another.
2026-07-09 14:01:26 ClearRedPhase: Found new red rockfall at [1531, 639]
2026-07-09 14:01:26 ClearRedPhase: Initial click on red rockfall at [1529, 639]
2026-07-09 14:01:29 ClearRedPhase: Rockfall cleared or lost. Scanning for another.
2026-07-09 14:01:29 ClearRedPhase: No red rockfalls found. Moving to hopper.
2026-07-09 14:01:31 ClearYellowPhase: Clicked hopper at [894, 440]
2026-07-09 14:01:39 ClearYellowPhase: Ore deposited. Moving to sack.
2026-07-09 14:01:40 WithdrawSackPhase: Clicked sack at [1825, 724]
2026-07-09 14:01:46 WithdrawSackPhase: Items received from sack. Moving to bank.
2026-07-09 14:01:47 DepositBankPhase: Clicked deposit container at [1097, 355]
2026-07-09 14:01:47 DepositBankPhase: Waiting for deposit box to open...
2026-07-09 14:01:51 DepositBankPhase: Deposited all - banking complete, returning to mine
2026-07-09 14:01:51 ReturnMine1Phase: Clicked waypoint 1 at [699, 1279]
2026-07-09 14:01:56 ReturnMine1Phase: Arrived at waypoint 1!
2026-07-09 14:01:57 ReturnMine2Phase: Clicked waypoint 2 at [1251, 1354]
2026-07-09 14:02:01 ReturnMine2Phase: Saw waypoint 2 marker. Moving to final approach.
2026-07-09 14:02:01 ReturnMine2Phase: Clicked final approach spot at [1491, 933]
2026-07-09 14:02:02 ReturnMine2Phase: Wait complete. Handing off to mine phase.
2026-07-09 14:02:03 MinePhase: Found new vein at [1438, 842]
2026-07-09 14:02:03 MinePhase: Initial click to walk to vein at [1438, 831] (vein at [1438, 831])
2026-07-09 14:02:05 MinePhase: Clicked stable vein at [1245, 717] (vein at [1245, 717])
2026-07-09 14:02:07 MinePhase: Clicked stable vein at [1237, 713] (vein at [1237, 713])
2026-07-09 14:02:08 MinePhase: Clicked stable vein at [1237, 713] (vein at [1237, 713])
2026-07-09 14:02:09 MinePhase: Lost track of vein or depleted. Finding new vein.
2026-07-09 14:02:09 MinePhase: Found new vein at [1307, 713]
2026-07-09 14:02:09 MinePhase: Initial click to walk to vein at [1307, 713] (vein at [1307, 713])
2026-07-09 14:02:11 MinePhase: Clicked stable vein at [1267, 713] (vein at [1267, 713])
2026-07-09 14:02:12 MinePhase: Clicked stable vein at [1259, 713] (vein at [1259, 713])
2026-07-09 14:02:14 MinePhase: Clicked stable vein at [1259, 713] (vein at [1259, 713])
2026-07-09 14:02:16 MinePhase: Clicked stable vein at [1259, 713] (vein at [1259, 713])
2026-07-09 14:02:17 MinePhase: Clicked stable vein at [1259, 713] (vein at [1259, 713])
2026-07-09 14:02:19 MinePhase: Clicked stable vein at [1259, 713] (vein at [1259, 713])
2026-07-09 14:02:21 MinePhase: Clicked stable vein at [1259, 713] (vein at [1259, 713])
2026-07-09 14:02:22 MinePhase: Clicked stable vein at [1259, 713] (vein at [1259, 713])
2026-07-09 14:02:24 MinePhase: Clicked stable vein at [1259, 713] (vein at [1259, 713])
2026-07-09 14:02:26 MinePhase: Clicked stable vein at [1259, 713] (vein at [1259, 713])
2026-07-09 14:02:28 MinePhase: Clicked stable vein at [1259, 713] (vein at [1259, 713])
2026-07-09 14:02:29 MinePhase: Clicked stable vein at [1259, 713] (vein at [1259, 713])
2026-07-09 14:02:31 MinePhase: Clicked stable vein at [1259, 713] (vein at [1259, 713])
2026-07-09 14:02:33 MinePhase: Clicked stable vein at [1259, 713] (vein at [1259, 713])
2026-07-09 14:02:34 MinePhase: Clicked stable vein at [1259, 713] (vein at [1259, 713])
2026-07-09 14:02:36 MinePhase: Clicked stable vein at [1259, 713] (vein at [1259, 713])
2026-07-09 14:02:38 MinePhase: Clicked stable vein at [1259, 713] (vein at [1259, 713])
2026-07-09 14:02:40 MinePhase: Clicked stable vein at [1259, 713] (vein at [1259, 713])
2026-07-09 14:02:41 MinePhase: Clicked stable vein at [1259, 713] (vein at [1259, 713])
2026-07-09 14:02:43 MinePhase: Clicked stable vein at [1259, 713] (vein at [1259, 713])
2026-07-09 14:02:45 MinePhase: Clicked stable vein at [1259, 713] (vein at [1259, 713])
2026-07-09 14:02:46 MinePhase: Clicked stable vein at [1259, 713] (vein at [1259, 713])
2026-07-09 14:02:48 MinePhase: Clicked stable vein at [1259, 713] (vein at [1259, 713])
2026-07-09 14:02:50 MinePhase: Clicked stable vein at [1259, 713] (vein at [1259, 713])
2026-07-09 14:02:50 MinePhase: Lost track of vein or depleted. Finding new vein.
2026-07-09 14:02:50 MinePhase: Found new vein at [1307, 713]
2026-07-09 14:02:51 MinePhase: Initial click to walk to vein at [1307, 713] (vein at [1307, 713])
2026-07-09 14:02:52 MinePhase: Clicked stable vein at [1261, 713] (vein at [1261, 713])
2026-07-09 14:02:54 MinePhase: Clicked stable vein at [1259, 713] (vein at [1259, 713])
2026-07-09 14:02:56 MinePhase: Clicked stable vein at [1259, 713] (vein at [1259, 713])
2026-07-09 14:02:57 MinePhase: Clicked stable vein at [1259, 713] (vein at [1259, 713])
2026-07-09 14:02:59 MinePhase: Clicked stable vein at [1259, 713] (vein at [1259, 713])
2026-07-09 14:03:01 MinePhase: Clicked stable vein at [1259, 713] (vein at [1259, 713])
2026-07-09 14:03:03 MinePhase: Clicked stable vein at [1259, 713] (vein at [1259, 713])
2026-07-09 14:03:04 MinePhase: Clicked stable vein at [1259, 713] (vein at [1259, 713])
2026-07-09 14:03:06 MinePhase: Clicked stable vein at [1259, 713] (vein at [1259, 713])
2026-07-09 14:03:08 MinePhase: Clicked stable vein at [1259, 713] (vein at [1259, 713])
2026-07-09 14:03:09 MinePhase: Clicked stable vein at [1259, 713] (vein at [1259, 713])
2026-07-09 14:03:11 MinePhase: Clicked stable vein at [1259, 713] (vein at [1259, 713])
2026-07-09 14:03:13 MinePhase: Clicked stable vein at [1259, 713] (vein at [1259, 713])
2026-07-09 14:03:15 MinePhase: Clicked stable vein at [1259, 713] (vein at [1259, 713])
2026-07-09 14:03:16 MinePhase: Clicked stable vein at [1259, 713] (vein at [1259, 713])
2026-07-09 14:03:18 MinePhase: Clicked stable vein at [1259, 713] (vein at [1259, 713])
2026-07-09 14:03:20 MinePhase: Clicked stable vein at [1259, 713] (vein at [1259, 713])
2026-07-09 14:03:21 MinePhase: Clicked stable vein at [1259, 713] (vein at [1259, 713])
2026-07-09 14:03:23 MinePhase: Clicked stable vein at [1259, 713] (vein at [1259, 713])
2026-07-09 14:03:25 MinePhase: Clicked stable vein at [1259, 713] (vein at [1259, 713])
2026-07-09 14:03:26 MinePhase: Lost track of vein or depleted. Finding new vein.
2026-07-09 14:03:27 MinePhase: Found new vein at [1307, 713]
2026-07-09 14:03:27 MinePhase: Initial click to walk to vein at [1307, 713] (vein at [1307, 713])
2026-07-09 14:03:29 MinePhase: Clicked stable vein at [1265, 713] (vein at [1265, 713])
2026-07-09 14:03:31 MinePhase: Clicked stable vein at [1259, 713] (vein at [1259, 713])
2026-07-09 14:03:33 MinePhase: Clicked stable vein at [1259, 713] (vein at [1259, 713])
2026-07-09 14:03:34 MinePhase: Clicked stable vein at [1259, 713] (vein at [1259, 713])
2026-07-09 14:03:36 MinePhase: Clicked stable vein at [1259, 713] (vein at [1259, 713])
2026-07-09 14:03:38 MinePhase: Clicked stable vein at [1259, 713] (vein at [1259, 713])
2026-07-09 14:03:40 MinePhase: Clicked stable vein at [1259, 713] (vein at [1259, 713])
2026-07-09 14:03:41 MinePhase: Clicked stable vein at [1259, 713] (vein at [1259, 713])
2026-07-09 14:03:43 MinePhase: Clicked stable vein at [1259, 713] (vein at [1259, 713])
2026-07-09 14:03:45 MinePhase: Clicked stable vein at [1259, 713] (vein at [1259, 713])
2026-07-09 14:03:46 MinePhase: Clicked stable vein at [1259, 713] (vein at [1259, 713])
2026-07-09 14:03:48 MinePhase: Clicked stable vein at [1259, 713] (vein at [1259, 713])
2026-07-09 14:03:50 MinePhase: Clicked stable vein at [1259, 713] (vein at [1259, 713])
2026-07-09 14:03:52 MinePhase: Clicked stable vein at [1259, 713] (vein at [1259, 713])
2026-07-09 14:03:53 MinePhase: Clicked stable vein at [1259, 713] (vein at [1259, 713])
2026-07-09 14:03:55 MinePhase: Clicked stable vein at [1259, 713] (vein at [1259, 713])
2026-07-09 14:03:57 MinePhase: Clicked stable vein at [1259, 713] (vein at [1259, 713])
2026-07-09 14:03:58 MinePhase: Clicked stable vein at [1259, 713] (vein at [1259, 713])
2026-07-09 14:04:00 MinePhase: Lost track of vein or depleted. Finding new vein.
2026-07-09 14:04:00 MinePhase: Found new vein at [1087, 713]
2026-07-09 14:04:00 MinePhase: Initial click to walk to vein at [1087, 713] (vein at [1087, 713])
2026-07-09 14:04:02 MinePhase: Clicked stable vein at [1229, 713] (vein at [1229, 713])
2026-07-09 14:04:04 MinePhase: Clicked stable vein at [1235, 713] (vein at [1235, 713])
2026-07-09 14:04:06 MinePhase: Clicked stable vein at [1235, 713] (vein at [1235, 713])
2026-07-09 14:04:08 MinePhase: Clicked stable vein at [1235, 713] (vein at [1235, 713])
2026-07-09 14:04:09 MinePhase: Clicked stable vein at [1235, 713] (vein at [1235, 713])
2026-07-09 14:04:11 MinePhase: Clicked stable vein at [1235, 713] (vein at [1235, 713])
2026-07-09 14:04:13 MinePhase: Clicked stable vein at [1235, 713] (vein at [1235, 713])
2026-07-09 14:04:14 MinePhase: Clicked stable vein at [1235, 713] (vein at [1235, 713])
2026-07-09 14:04:16 MinePhase: Clicked stable vein at [1235, 713] (vein at [1235, 713])
2026-07-09 14:04:18 MinePhase: Clicked stable vein at [1235, 713] (vein at [1235, 713])
2026-07-09 14:04:20 MinePhase: Clicked stable vein at [1235, 713] (vein at [1235, 713])
2026-07-09 14:04:21 MinePhase: Clicked stable vein at [1235, 713] (vein at [1235, 713])
2026-07-09 14:04:23 MinePhase: Clicked stable vein at [1235, 713] (vein at [1235, 713])
2026-07-09 14:04:25 MinePhase: Clicked stable vein at [1235, 713] (vein at [1235, 713])
2026-07-09 14:04:26 MinePhase: Clicked stable vein at [1235, 713] (vein at [1235, 713])
2026-07-09 14:04:28 MinePhase: Clicked stable vein at [1235, 713] (vein at [1235, 713])
2026-07-09 14:04:30 MinePhase: Clicked stable vein at [1235, 713] (vein at [1235, 713])
2026-07-09 14:04:32 MinePhase: Clicked stable vein at [1235, 713] (vein at [1235, 713])
2026-07-09 14:04:33 MinePhase: Clicked stable vein at [1235, 713] (vein at [1235, 713])
2026-07-09 14:04:35 MinePhase: Clicked stable vein at [1235, 713] (vein at [1235, 713])
2026-07-09 14:04:37 MinePhase: Lost track of vein or depleted. Finding new vein.
2026-07-09 14:04:37 MinePhase: Inventory full, transitioning to clearRed
2026-07-09 14:04:37 ClearRedPhase: Found new red rockfall at [1249, 347]
2026-07-09 14:04:37 ClearRedPhase: Initial click on red rockfall at [1249, 347]
2026-07-09 14:04:44 ClearRedPhase: Failsafe click on red rockfall at [1257, 639]
2026-07-09 14:04:46 ClearRedPhase: Rockfall cleared or lost. Scanning for another.
2026-07-09 14:04:46 ClearRedPhase: Found new red rockfall at [1517, 639]
2026-07-09 14:04:46 ClearRedPhase: Initial click on red rockfall at [1517, 639]
2026-07-09 14:04:49 ClearRedPhase: Rockfall cleared or lost. Scanning for another.
2026-07-09 14:04:49 ClearRedPhase: No red rockfalls found. Moving to hopper.
2026-07-09 14:04:50 ClearYellowPhase: Clicked hopper at [894, 440]
2026-07-09 14:04:57 ClearYellowPhase: Ore deposited. Moving to sack.
2026-07-09 14:04:58 WithdrawSackPhase: Clicked sack at [1825, 724]
2026-07-09 14:05:04 WithdrawSackPhase: Items received from sack. Moving to bank.
2026-07-09 14:05:05 DepositBankPhase: Clicked deposit container at [1065, 351]
2026-07-09 14:05:05 DepositBankPhase: Waiting for deposit box to open...
2026-07-09 14:05:09 DepositBankPhase: Deposited all - banking complete, returning to mine
2026-07-09 14:05:09 ReturnMine1Phase: Clicked waypoint 1 at [699, 1279]
2026-07-09 14:05:14 ReturnMine1Phase: Arrived at waypoint 1!
2026-07-09 14:05:15 ReturnMine2Phase: Clicked waypoint 2 at [1251, 1354]
2026-07-09 14:05:19 ReturnMine2Phase: Saw waypoint 2 marker. Moving to final approach.
2026-07-09 14:05:19 ReturnMine2Phase: Clicked final approach spot at [1491, 933]
2026-07-09 14:05:20 ReturnMine2Phase: Wait complete. Handing off to mine phase.
2026-07-09 14:05:21 MinePhase: Found new vein at [1438, 842]
2026-07-09 14:05:21 MinePhase: Initial click to walk to vein at [1438, 831] (vein at [1438, 831])
2026-07-09 14:05:24 MinePhase: Clicked stable vein at [1265, 717] (vein at [1265, 717])
2026-07-09 14:05:25 MinePhase: Clicked stable vein at [1259, 713] (vein at [1259, 713])
2026-07-09 14:05:27 MinePhase: Clicked stable vein at [1259, 713] (vein at [1259, 713])
2026-07-09 14:05:29 MinePhase: Clicked stable vein at [1259, 713] (vein at [1259, 713])
2026-07-09 14:05:30 MinePhase: Clicked stable vein at [1259, 713] (vein at [1259, 713])
2026-07-09 14:05:32 MinePhase: Clicked stable vein at [1259, 713] (vein at [1259, 713])
2026-07-09 14:05:34 MinePhase: Clicked stable vein at [1259, 713] (vein at [1259, 713])
2026-07-09 14:05:36 MinePhase: Clicked stable vein at [1259, 713] (vein at [1259, 713])
2026-07-09 14:05:37 MinePhase: Clicked stable vein at [1259, 713] (vein at [1259, 713])
2026-07-09 14:05:39 MinePhase: Clicked stable vein at [1259, 713] (vein at [1259, 713])
2026-07-09 14:05:41 MinePhase: Clicked stable vein at [1259, 713] (vein at [1259, 713])
2026-07-09 14:05:42 MinePhase: Clicked stable vein at [1259, 713] (vein at [1259, 713])
2026-07-09 14:05:44 MinePhase: Clicked stable vein at [1259, 713] (vein at [1259, 713])
2026-07-09 14:05:46 MinePhase: Clicked stable vein at [1259, 713] (vein at [1259, 713])
2026-07-09 14:05:48 MinePhase: Clicked stable vein at [1259, 713] (vein at [1259, 713])
2026-07-09 14:05:49 MinePhase: Clicked stable vein at [1259, 713] (vein at [1259, 713])
2026-07-09 14:05:51 MinePhase: Clicked stable vein at [1259, 713] (vein at [1259, 713])
2026-07-09 14:05:53 MinePhase: Clicked stable vein at [1259, 713] (vein at [1259, 713])
2026-07-09 14:05:55 MinePhase: Clicked stable vein at [1259, 713] (vein at [1259, 713])
2026-07-09 14:05:56 MinePhase: Clicked stable vein at [1357, 713] (vein at [1357, 713])
2026-07-09 14:05:58 MinePhase: Clicked stable vein at [1263, 713] (vein at [1263, 713])
2026-07-09 14:06:00 MinePhase: Clicked stable vein at [1259, 713] (vein at [1259, 713])
2026-07-09 14:06:02 MinePhase: Clicked stable vein at [1259, 713] (vein at [1259, 713])
2026-07-09 14:06:04 MinePhase: Clicked stable vein at [1259, 713] (vein at [1259, 713])
2026-07-09 14:06:05 MinePhase: Clicked stable vein at [1259, 713] (vein at [1259, 713])
2026-07-09 14:06:07 MinePhase: Clicked stable vein at [1259, 713] (vein at [1259, 713])
2026-07-09 14:06:09 MinePhase: Clicked stable vein at [1259, 713] (vein at [1259, 713])
2026-07-09 14:06:10 MinePhase: Clicked stable vein at [1259, 713] (vein at [1259, 713])
2026-07-09 14:06:12 MinePhase: Clicked stable vein at [1259, 713] (vein at [1259, 713])
2026-07-09 14:06:14 MinePhase: Clicked stable vein at [1259, 713] (vein at [1259, 713])
2026-07-09 14:06:15 MinePhase: Clicked stable vein at [1259, 713] (vein at [1259, 713])
2026-07-09 14:06:17 MinePhase: Clicked stable vein at [1259, 713] (vein at [1259, 713])
2026-07-09 14:06:19 MinePhase: Clicked stable vein at [1259, 713] (vein at [1259, 713])
2026-07-09 14:06:21 MinePhase: Clicked stable vein at [1259, 713] (vein at [1259, 713])
2026-07-09 14:06:22 MinePhase: Clicked stable vein at [1259, 713] (vein at [1259, 713])
2026-07-09 14:06:24 MinePhase: Clicked stable vein at [1259, 713] (vein at [1259, 713])
2026-07-09 14:06:26 MinePhase: Clicked stable vein at [1259, 713] (vein at [1259, 713])
2026-07-09 14:06:28 MinePhase: Clicked stable vein at [1259, 713] (vein at [1259, 713])
2026-07-09 14:06:29 MinePhase: Lost track of vein or depleted. Finding new vein.
2026-07-09 14:06:29 MinePhase: Found new vein at [1087, 713]
2026-07-09 14:06:29 MinePhase: Initial click to walk to vein at [1087, 713] (vein at [1087, 713])
2026-07-09 14:06:31 MinePhase: Clicked stable vein at [1227, 713] (vein at [1227, 713])
2026-07-09 14:06:33 MinePhase: Clicked stable vein at [1235, 713] (vein at [1235, 713])
2026-07-09 14:06:35 MinePhase: Clicked stable vein at [1235, 713] (vein at [1235, 713])
2026-07-09 14:06:36 MinePhase: Clicked stable vein at [1235, 713] (vein at [1235, 713])
2026-07-09 14:06:38 MinePhase: Clicked stable vein at [1235, 713] (vein at [1235, 713])
2026-07-09 14:06:40 MinePhase: Clicked stable vein at [1235, 713] (vein at [1235, 713])
2026-07-09 14:06:42 MinePhase: Clicked stable vein at [1235, 713] (vein at [1235, 713])
2026-07-09 14:06:43 MinePhase: Clicked stable vein at [1235, 713] (vein at [1235, 713])
2026-07-09 14:06:45 MinePhase: Clicked stable vein at [1235, 713] (vein at [1235, 713])
2026-07-09 14:06:47 MinePhase: Clicked stable vein at [1235, 713] (vein at [1235, 713])
2026-07-09 14:06:48 MinePhase: Clicked stable vein at [1235, 713] (vein at [1235, 713])
2026-07-09 14:06:50 MinePhase: Clicked stable vein at [1235, 713] (vein at [1235, 713])
2026-07-09 14:06:52 MinePhase: Clicked stable vein at [1235, 713] (vein at [1235, 713])
2026-07-09 14:06:53 MinePhase: Clicked stable vein at [1235, 713] (vein at [1235, 713])
2026-07-09 14:06:55 MinePhase: Clicked stable vein at [1235, 713] (vein at [1235, 713])
2026-07-09 14:06:57 MinePhase: Clicked stable vein at [1235, 713] (vein at [1235, 713])
2026-07-09 14:06:59 MinePhase: Clicked stable vein at [1235, 713] (vein at [1235, 713])
2026-07-09 14:07:00 MinePhase: Clicked stable vein at [1235, 713] (vein at [1235, 713])
2026-07-09 14:07:02 MinePhase: Clicked stable vein at [1235, 713] (vein at [1235, 713])
2026-07-09 14:07:04 MinePhase: Clicked stable vein at [1235, 713] (vein at [1235, 713])
2026-07-09 14:07:05 MinePhase: Clicked stable vein at [1235, 713] (vein at [1235, 713])
2026-07-09 14:07:07 MinePhase: Clicked stable vein at [1235, 713] (vein at [1235, 713])
2026-07-09 14:07:09 MinePhase: Clicked stable vein at [1235, 713] (vein at [1235, 713])
2026-07-09 14:07:11 MinePhase: Clicked stable vein at [1235, 713] (vein at [1235, 713])
2026-07-09 14:07:12 MinePhase: Clicked stable vein at [1235, 713] (vein at [1235, 713])
2026-07-09 14:07:14 MinePhase: Clicked stable vein at [1235, 713] (vein at [1235, 713])
2026-07-09 14:07:16 MinePhase: Clicked stable vein at [1235, 713] (vein at [1235, 713])
2026-07-09 14:07:17 MinePhase: Clicked stable vein at [1235, 713] (vein at [1235, 713])
2026-07-09 14:07:19 MinePhase: Clicked stable vein at [1235, 713] (vein at [1235, 713])
2026-07-09 14:07:21 MinePhase: Clicked stable vein at [1235, 713] (vein at [1235, 713])
2026-07-09 14:07:23 MinePhase: Clicked stable vein at [1235, 713] (vein at [1235, 713])
2026-07-09 14:07:24 MinePhase: Clicked stable vein at [1235, 713] (vein at [1235, 713])
2026-07-09 14:07:26 MinePhase: Clicked stable vein at [1235, 713] (vein at [1235, 713])
2026-07-09 14:07:28 MinePhase: Clicked stable vein at [1235, 713] (vein at [1235, 713])
2026-07-09 14:07:29 MinePhase: Clicked stable vein at [1235, 713] (vein at [1235, 713])
2026-07-09 14:07:31 MinePhase: Clicked stable vein at [1235, 713] (vein at [1235, 713])
2026-07-09 14:07:33 MinePhase: Clicked stable vein at [1235, 713] (vein at [1235, 713])
2026-07-09 14:07:34 MinePhase: Clicked stable vein at [1235, 713] (vein at [1235, 713])
2026-07-09 14:07:36 MinePhase: Lost track of vein or depleted. Finding new vein.
2026-07-09 14:07:36 MinePhase: Found new vein at [1355, 713]
2026-07-09 14:07:36 MinePhase: Initial click to walk to vein at [1355, 713] (vein at [1355, 713])
2026-07-09 14:07:38 MinePhase: Clicked stable vein at [1265, 713] (vein at [1265, 713])
2026-07-09 14:07:40 MinePhase: Clicked stable vein at [1259, 713] (vein at [1259, 713])
2026-07-09 14:07:41 MinePhase: Clicked stable vein at [1259, 713] (vein at [1259, 713])
2026-07-09 14:07:43 MinePhase: Clicked stable vein at [1259, 713] (vein at [1259, 713])
2026-07-09 14:07:45 MinePhase: Clicked stable vein at [1259, 713] (vein at [1259, 713])
2026-07-09 14:07:47 MinePhase: Clicked stable vein at [1259, 713] (vein at [1259, 713])
2026-07-09 14:07:48 MinePhase: Clicked stable vein at [1259, 713] (vein at [1259, 713])
2026-07-09 14:07:50 MinePhase: Clicked stable vein at [1259, 713] (vein at [1259, 713])
2026-07-09 14:07:52 MinePhase: Clicked stable vein at [1259, 713] (vein at [1259, 713])
2026-07-09 14:07:53 MinePhase: Clicked stable vein at [1259, 713] (vein at [1259, 713])
2026-07-09 14:07:55 MinePhase: Clicked stable vein at [1259, 713] (vein at [1259, 713])
2026-07-09 14:07:57 MinePhase: Clicked stable vein at [1259, 713] (vein at [1259, 713])
2026-07-09 14:07:58 MinePhase: Inventory full, transitioning to clearRed
2026-07-09 14:07:58 ClearRedPhase: Found new red rockfall at [1185, 347]
2026-07-09 14:07:58 ClearRedPhase: Initial click on red rockfall at [1185, 347]
2026-07-09 14:08:05 ClearRedPhase: Failsafe click on red rockfall at [1259, 639]
2026-07-09 14:08:06 ClearRedPhase: Rockfall cleared or lost. Scanning for another.
2026-07-09 14:08:06 ClearRedPhase: Found new red rockfall at [1517, 639]
2026-07-09 14:08:06 ClearRedPhase: Initial click on red rockfall at [1517, 639]
2026-07-09 14:08:09 ClearRedPhase: Rockfall cleared or lost. Scanning for another.
2026-07-09 14:08:10 ClearRedPhase: No red rockfalls found. Moving to hopper.
2026-07-09 14:08:11 ClearYellowPhase: Clicked hopper at [892, 440]
2026-07-09 14:08:18 ClearYellowPhase: Ore deposited. Moving to sack.
2026-07-09 14:08:19 WithdrawSackPhase: Clicked sack at [1825, 724]
2026-07-09 14:08:25 WithdrawSackPhase: Items received from sack. Moving to bank.
2026-07-09 14:08:26 DepositBankPhase: Clicked deposit container at [1099, 355]
2026-07-09 14:08:26 DepositBankPhase: Waiting for deposit box to open...
2026-07-09 14:08:30 DepositBankPhase: Deposited all - banking complete, returning to mine
2026-07-09 14:08:30 ReturnMine1Phase: Clicked waypoint 1 at [699, 1279]
2026-07-09 14:08:35 ReturnMine1Phase: Arrived at waypoint 1!
2026-07-09 14:08:36 ReturnMine2Phase: Clicked waypoint 2 at [1251, 1354]
2026-07-09 14:08:40 ReturnMine2Phase: Saw waypoint 2 marker. Moving to final approach.
2026-07-09 14:08:40 ReturnMine2Phase: Clicked final approach spot at [1491, 933]
2026-07-09 14:08:41 ReturnMine2Phase: Wait complete. Handing off to mine phase.
2026-07-09 14:08:42 MinePhase: Found new vein at [1438, 842]
2026-07-09 14:08:42 MinePhase: Initial click to walk to vein at [1438, 821] (vein at [1438, 821])
2026-07-09 14:08:45 MinePhase: Clicked stable vein at [1265, 717] (vein at [1265, 717])
2026-07-09 14:08:46 MinePhase: Clicked stable vein at [1259, 713] (vein at [1259, 713])
2026-07-09 14:08:48 MinePhase: Clicked stable vein at [1259, 713] (vein at [1259, 713])
2026-07-09 14:08:50 MinePhase: Clicked stable vein at [1259, 713] (vein at [1259, 713])
2026-07-09 14:08:51 MinePhase: Clicked stable vein at [1259, 713] (vein at [1259, 713])
2026-07-09 14:08:53 MinePhase: Clicked stable vein at [1259, 713] (vein at [1259, 713])
2026-07-09 14:08:55 MinePhase: Clicked stable vein at [1259, 713] (vein at [1259, 713])
2026-07-09 14:08:56 MinePhase: Clicked stable vein at [1259, 713] (vein at [1259, 713])
2026-07-09 14:08:58 MinePhase: Clicked stable vein at [1259, 713] (vein at [1259, 713])
2026-07-09 14:09:00 MinePhase: Clicked stable vein at [1259, 713] (vein at [1259, 713])
2026-07-09 14:09:02 MinePhase: Clicked stable vein at [1259, 713] (vein at [1259, 713])
2026-07-09 14:09:03 MinePhase: Clicked stable vein at [1259, 713] (vein at [1259, 713])
2026-07-09 14:09:05 MinePhase: Clicked stable vein at [1259, 713] (vein at [1259, 713])
2026-07-09 14:09:07 MinePhase: Clicked stable vein at [1259, 713] (vein at [1259, 713])
2026-07-09 14:09:08 MinePhase: Clicked stable vein at [1259, 713] (vein at [1259, 713])
2026-07-09 14:09:10 MinePhase: Clicked stable vein at [1259, 713] (vein at [1259, 713])
2026-07-09 14:09:12 MinePhase: Clicked stable vein at [1259, 713] (vein at [1259, 713])
2026-07-09 14:09:14 MinePhase: Clicked stable vein at [1357, 713] (vein at [1357, 713])
2026-07-09 14:09:16 MinePhase: Clicked stable vein at [1265, 713] (vein at [1265, 713])
2026-07-09 14:09:17 MinePhase: Clicked stable vein at [1259, 713] (vein at [1259, 713])
2026-07-09 14:09:19 MinePhase: Clicked stable vein at [1259, 713] (vein at [1259, 713])
2026-07-09 14:09:21 MinePhase: Clicked stable vein at [1259, 713] (vein at [1259, 713])
2026-07-09 14:09:23 MinePhase: Clicked stable vein at [1259, 713] (vein at [1259, 713])
2026-07-09 14:09:24 MinePhase: Clicked stable vein at [1259, 713] (vein at [1259, 713])
2026-07-09 14:09:26 MinePhase: Clicked stable vein at [1259, 713] (vein at [1259, 713])
2026-07-09 14:09:28 MinePhase: Clicked stable vein at [1259, 713] (vein at [1259, 713])
2026-07-09 14:09:29 MinePhase: Clicked stable vein at [1259, 713] (vein at [1259, 713])
2026-07-09 14:09:31 MinePhase: Clicked stable vein at [1259, 713] (vein at [1259, 713])
2026-07-09 14:09:33 MinePhase: Clicked stable vein at [1259, 713] (vein at [1259, 713])
2026-07-09 14:09:35 MinePhase: Clicked stable vein at [1259, 713] (vein at [1259, 713])
2026-07-09 14:09:36 MinePhase: Clicked stable vein at [1259, 713] (vein at [1259, 713])
2026-07-09 14:09:38 MinePhase: Clicked stable vein at [1259, 713] (vein at [1259, 713])
2026-07-09 14:09:40 MinePhase: Clicked stable vein at [1259, 713] (vein at [1259, 713])
2026-07-09 14:09:41 MinePhase: Clicked stable vein at [1259, 713] (vein at [1259, 713])
2026-07-09 14:09:43 MinePhase: Clicked stable vein at [1259, 713] (vein at [1259, 713])
2026-07-09 14:09:45 MinePhase: Clicked stable vein at [1259, 713] (vein at [1259, 713])
2026-07-09 14:09:46 MinePhase: Clicked stable vein at [1259, 713] (vein at [1259, 713])
2026-07-09 14:09:48 MinePhase: Clicked stable vein at [1259, 713] (vein at [1259, 713])
2026-07-09 14:09:50 MinePhase: Lost track of vein or depleted. Finding new vein.
2026-07-09 14:09:50 MinePhase: Found new vein at [1087, 713]
2026-07-09 14:09:50 MinePhase: Initial click to walk to vein at [1087, 713] (vein at [1087, 713])
2026-07-09 14:09:52 MinePhase: Clicked stable vein at [1231, 713] (vein at [1231, 713])
2026-07-09 14:09:54 MinePhase: Clicked stable vein at [1235, 713] (vein at [1235, 713])
2026-07-09 14:09:56 MinePhase: Clicked stable vein at [1235, 713] (vein at [1235, 713])
2026-07-09 14:09:57 MinePhase: Clicked stable vein at [1235, 713] (vein at [1235, 713])
2026-07-09 14:09:59 MinePhase: Clicked stable vein at [1235, 713] (vein at [1235, 713])
2026-07-09 14:10:01 MinePhase: Clicked stable vein at [1235, 713] (vein at [1235, 713])
2026-07-09 14:10:03 MinePhase: Clicked stable vein at [1235, 713] (vein at [1235, 713])
2026-07-09 14:10:04 MinePhase: Clicked stable vein at [1235, 713] (vein at [1235, 713])
2026-07-09 14:10:06 MinePhase: Clicked stable vein at [1235, 713] (vein at [1235, 713])
2026-07-09 14:10:08 MinePhase: Clicked stable vein at [1235, 713] (vein at [1235, 713])
2026-07-09 14:10:09 MinePhase: Clicked stable vein at [1235, 713] (vein at [1235, 713])
2026-07-09 14:10:11 MinePhase: Clicked stable vein at [1235, 713] (vein at [1235, 713])
2026-07-09 14:10:13 MinePhase: Clicked stable vein at [1235, 713] (vein at [1235, 713])
2026-07-09 14:10:15 MinePhase: Clicked stable vein at [1235, 713] (vein at [1235, 713])
2026-07-09 14:10:16 MinePhase: Clicked stable vein at [1235, 713] (vein at [1235, 713])
2026-07-09 14:10:18 MinePhase: Clicked stable vein at [1235, 713] (vein at [1235, 713])
2026-07-09 14:10:20 MinePhase: Clicked stable vein at [1235, 713] (vein at [1235, 713])
2026-07-09 14:10:21 MinePhase: Clicked stable vein at [1235, 713] (vein at [1235, 713])
2026-07-09 14:10:23 MinePhase: Clicked stable vein at [1235, 713] (vein at [1235, 713])
2026-07-09 14:10:25 MinePhase: Clicked stable vein at [1235, 713] (vein at [1235, 713])
2026-07-09 14:10:27 MinePhase: Clicked stable vein at [1235, 713] (vein at [1235, 713])
2026-07-09 14:10:28 MinePhase: Lost track of vein or depleted. Finding new vein.
2026-07-09 14:10:28 MinePhase: Found new vein at [1355, 713]
2026-07-09 14:10:28 MinePhase: Initial click to walk to vein at [1355, 713] (vein at [1355, 713])
2026-07-09 14:10:30 MinePhase: Clicked stable vein at [1263, 713] (vein at [1263, 713])
2026-07-09 14:10:32 MinePhase: Clicked stable vein at [1259, 713] (vein at [1259, 713])
2026-07-09 14:10:34 MinePhase: Clicked stable vein at [1259, 713] (vein at [1259, 713])
2026-07-09 14:10:35 MinePhase: Clicked stable vein at [1259, 713] (vein at [1259, 713])
2026-07-09 14:10:37 MinePhase: Clicked stable vein at [1259, 713] (vein at [1259, 713])
2026-07-09 14:10:39 MinePhase: Clicked stable vein at [1259, 713] (vein at [1259, 713])
2026-07-09 14:10:40 MinePhase: Clicked stable vein at [1259, 713] (vein at [1259, 713])
2026-07-09 14:10:42 MinePhase: Clicked stable vein at [1259, 713] (vein at [1259, 713])
2026-07-09 14:10:44 MinePhase: Clicked stable vein at [1259, 713] (vein at [1259, 713])
2026-07-09 14:10:46 MinePhase: Clicked stable vein at [1259, 713] (vein at [1259, 713])
2026-07-09 14:10:47 MinePhase: Clicked stable vein at [1259, 713] (vein at [1259, 713])
2026-07-09 14:10:49 MinePhase: Clicked stable vein at [1259, 713] (vein at [1259, 713])
2026-07-09 14:10:51 MinePhase: Clicked stable vein at [1259, 713] (vein at [1259, 713])
2026-07-09 14:10:52 MinePhase: Clicked stable vein at [1259, 713] (vein at [1259, 713])
2026-07-09 14:10:54 MinePhase: Clicked stable vein at [1259, 713] (vein at [1259, 713])
2026-07-09 14:10:56 MinePhase: Clicked stable vein at [1259, 713] (vein at [1259, 713])
2026-07-09 14:10:57 MinePhase: Lost track of vein or depleted. Finding new vein.
2026-07-09 14:10:57 MinePhase: Inventory full, transitioning to clearRed
2026-07-09 14:10:57 ClearRedPhase: Found new red rockfall at [1185, 347]
2026-07-09 14:10:57 ClearRedPhase: Initial click on red rockfall at [1185, 347]
2026-07-09 14:11:05 ClearRedPhase: Failsafe click on red rockfall at [1257, 639]
2026-07-09 14:11:06 ClearRedPhase: Rockfall cleared or lost. Scanning for another.
2026-07-09 14:11:06 ClearRedPhase: No red rockfalls found. Moving to hopper.
2026-07-09 14:11:07 ClearYellowPhase: Clicked hopper at [1126, 448]
2026-07-09 14:11:13 ClearYellowPhase: Ore deposited. Moving to sack.
2026-07-09 14:11:14 WithdrawSackPhase: Clicked sack at [1825, 724]
2026-07-09 14:11:20 WithdrawSackPhase: Items received from sack. Moving to bank.
2026-07-09 14:11:20 DepositBankPhase: Clicked deposit container at [1099, 355]
2026-07-09 14:11:20 DepositBankPhase: Waiting for deposit box to open...
2026-07-09 14:11:24 DepositBankPhase: Deposited all - banking complete, returning to mine
2026-07-09 14:11:24 ReturnMine1Phase: Clicked waypoint 1 at [699, 1279]
2026-07-09 14:11:30 ReturnMine1Phase: Arrived at waypoint 1!
2026-07-09 14:11:30 ReturnMine2Phase: Clicked waypoint 2 at [1251, 1354]
2026-07-09 14:11:35 ReturnMine2Phase: Saw waypoint 2 marker. Moving to final approach.
2026-07-09 14:11:35 ReturnMine2Phase: Clicked final approach spot at [1491, 933]
2026-07-09 14:11:36 ReturnMine2Phase: Wait complete. Handing off to mine phase.
2026-07-09 14:11:37 MinePhase: Found new vein at [1438, 842]
2026-07-09 14:11:37 MinePhase: Initial click to walk to vein at [1438, 809] (vein at [1438, 809])
2026-07-09 14:11:39 MinePhase: Clicked stable vein at [1267, 719] (vein at [1267, 719])
2026-07-09 14:11:41 MinePhase: Clicked stable vein at [1259, 713] (vein at [1259, 713])
2026-07-09 14:11:43 MinePhase: Clicked stable vein at [1259, 713] (vein at [1259, 713])
2026-07-09 14:11:44 MinePhase: Clicked stable vein at [1259, 713] (vein at [1259, 713])
2026-07-09 14:11:46 MinePhase: Clicked stable vein at [1259, 713] (vein at [1259, 713])
2026-07-09 14:11:48 MinePhase: Clicked stable vein at [1259, 713] (vein at [1259, 713])
2026-07-09 14:11:49 MinePhase: Clicked stable vein at [1259, 713] (vein at [1259, 713])
2026-07-09 14:11:51 MinePhase: Clicked stable vein at [1259, 713] (vein at [1259, 713])
2026-07-09 14:11:53 MinePhase: Clicked stable vein at [1259, 713] (vein at [1259, 713])
2026-07-09 14:11:55 MinePhase: Clicked stable vein at [1259, 713] (vein at [1259, 713])
2026-07-09 14:11:56 MinePhase: Clicked stable vein at [1259, 713] (vein at [1259, 713])
2026-07-09 14:11:58 MinePhase: Clicked stable vein at [1259, 713] (vein at [1259, 713])
2026-07-09 14:12:00 MinePhase: Clicked stable vein at [1357, 713] (vein at [1357, 713])
2026-07-09 14:12:01 MinePhase: Clicked stable vein at [1263, 713] (vein at [1263, 713])
2026-07-09 14:12:03 MinePhase: Clicked stable vein at [1259, 713] (vein at [1259, 713])
2026-07-09 14:12:05 MinePhase: Clicked stable vein at [1259, 713] (vein at [1259, 713])
2026-07-09 14:12:07 MinePhase: Clicked stable vein at [1259, 713] (vein at [1259, 713])
2026-07-09 14:12:08 MinePhase: Clicked stable vein at [1259, 713] (vein at [1259, 713])
2026-07-09 14:12:10 MinePhase: Clicked stable vein at [1259, 713] (vein at [1259, 713])
2026-07-09 14:12:12 MinePhase: Clicked stable vein at [1259, 713] (vein at [1259, 713])
2026-07-09 14:12:13 MinePhase: Clicked stable vein at [1259, 713] (vein at [1259, 713])
2026-07-09 14:12:15 MinePhase: Clicked stable vein at [1259, 713] (vein at [1259, 713])
2026-07-09 14:12:17 MinePhase: Clicked stable vein at [1259, 713] (vein at [1259, 713])
2026-07-09 14:12:19 MinePhase: Clicked stable vein at [1259, 713] (vein at [1259, 713])
2026-07-09 14:12:20 MinePhase: Clicked stable vein at [1259, 713] (vein at [1259, 713])
2026-07-09 14:12:22 MinePhase: Clicked stable vein at [1259, 713] (vein at [1259, 713])
2026-07-09 14:12:24 MinePhase: Clicked stable vein at [1259, 713] (vein at [1259, 713])
2026-07-09 14:12:25 MinePhase: Clicked stable vein at [1259, 713] (vein at [1259, 713])
2026-07-09 14:12:27 MinePhase: Clicked stable vein at [1259, 713] (vein at [1259, 713])
2026-07-09 14:12:28 MinePhase: Lost track of vein or depleted. Finding new vein.
2026-07-09 14:12:28 MinePhase: Found new vein at [1087, 713]
2026-07-09 14:12:28 MinePhase: Initial click to walk to vein at [1087, 713] (vein at [1087, 713])
2026-07-09 14:12:31 MinePhase: Clicked stable vein at [1229, 713] (vein at [1229, 713])
2026-07-09 14:12:32 MinePhase: Clicked stable vein at [1235, 713] (vein at [1235, 713])
2026-07-09 14:12:34 MinePhase: Clicked stable vein at [1235, 713] (vein at [1235, 713])
2026-07-09 14:12:36 MinePhase: Clicked stable vein at [1235, 713] (vein at [1235, 713])
2026-07-09 14:12:38 MinePhase: Clicked stable vein at [1235, 713] (vein at [1235, 713])
2026-07-09 14:12:39 MinePhase: Clicked stable vein at [1235, 713] (vein at [1235, 713])
2026-07-09 14:12:41 MinePhase: Clicked stable vein at [1235, 713] (vein at [1235, 713])
2026-07-09 14:12:43 MinePhase: Clicked stable vein at [1235, 713] (vein at [1235, 713])
2026-07-09 14:12:44 MinePhase: Clicked stable vein at [1235, 713] (vein at [1235, 713])
2026-07-09 14:12:46 MinePhase: Clicked stable vein at [1235, 713] (vein at [1235, 713])
2026-07-09 14:12:48 MinePhase: Clicked stable vein at [1235, 713] (vein at [1235, 713])
2026-07-09 14:12:49 MinePhase: Clicked stable vein at [1235, 713] (vein at [1235, 713])
2026-07-09 14:12:51 MinePhase: Clicked stable vein at [1235, 713] (vein at [1235, 713])
2026-07-09 14:12:53 MinePhase: Clicked stable vein at [1235, 713] (vein at [1235, 713])
2026-07-09 14:12:54 MinePhase: Clicked stable vein at [1235, 713] (vein at [1235, 713])
2026-07-09 14:12:56 MinePhase: Clicked stable vein at [1235, 713] (vein at [1235, 713])
2026-07-09 14:12:58 MinePhase: Clicked stable vein at [1235, 713] (vein at [1235, 713])
2026-07-09 14:13:00 MinePhase: Clicked stable vein at [1235, 713] (vein at [1235, 713])
2026-07-09 14:13:01 MinePhase: Clicked stable vein at [1235, 713] (vein at [1235, 713])
2026-07-09 14:13:03 MinePhase: Clicked stable vein at [1235, 713] (vein at [1235, 713])
2026-07-09 14:13:05 MinePhase: Clicked stable vein at [1235, 713] (vein at [1235, 713])
2026-07-09 14:13:06 MinePhase: Clicked stable vein at [1235, 713] (vein at [1235, 713])
2026-07-09 14:13:08 MinePhase: Clicked stable vein at [1235, 713] (vein at [1235, 713])
2026-07-09 14:13:10 MinePhase: Clicked stable vein at [1235, 713] (vein at [1235, 713])
2026-07-09 14:13:10 MinePhase: Lost track of vein or depleted. Finding new vein.
2026-07-09 14:13:10 MinePhase: Found new vein at [1355, 713]
2026-07-09 14:13:10 MinePhase: Initial click to walk to vein at [1355, 713] (vein at [1355, 713])
2026-07-09 14:13:12 MinePhase: Clicked stable vein at [1265, 713] (vein at [1265, 713])
2026-07-09 14:13:14 MinePhase: Clicked stable vein at [1259, 713] (vein at [1259, 713])
2026-07-09 14:13:16 MinePhase: Clicked stable vein at [1259, 713] (vein at [1259, 713])
2026-07-09 14:13:17 MinePhase: Clicked stable vein at [1259, 713] (vein at [1259, 713])
2026-07-09 14:13:19 MinePhase: Clicked stable vein at [1259, 713] (vein at [1259, 713])
2026-07-09 14:13:21 MinePhase: Clicked stable vein at [1259, 713] (vein at [1259, 713])
2026-07-09 14:13:22 MinePhase: Clicked stable vein at [1259, 713] (vein at [1259, 713])
2026-07-09 14:13:24 MinePhase: Clicked stable vein at [1259, 713] (vein at [1259, 713])
2026-07-09 14:13:26 MinePhase: Clicked stable vein at [1259, 713] (vein at [1259, 713])
2026-07-09 14:13:28 MinePhase: Clicked stable vein at [1259, 713] (vein at [1259, 713])
2026-07-09 14:13:29 MinePhase: Clicked stable vein at [1259, 713] (vein at [1259, 713])
2026-07-09 14:13:31 MinePhase: Clicked stable vein at [1259, 713] (vein at [1259, 713])
2026-07-09 14:13:33 MinePhase: Clicked stable vein at [1259, 713] (vein at [1259, 713])
2026-07-09 14:13:35 MinePhase: Clicked stable vein at [1259, 713] (vein at [1259, 713])
2026-07-09 14:13:36 MinePhase: Clicked stable vein at [1259, 713] (vein at [1259, 713])
2026-07-09 14:13:38 MinePhase: Clicked stable vein at [1259, 713] (vein at [1259, 713])
2026-07-09 14:13:40 MinePhase: Clicked stable vein at [1259, 713] (vein at [1259, 713])
2026-07-09 14:13:41 MinePhase: Clicked stable vein at [1259, 713] (vein at [1259, 713])
2026-07-09 14:13:43 MinePhase: Clicked stable vein at [1259, 713] (vein at [1259, 713])
2026-07-09 14:13:45 MinePhase: Clicked stable vein at [1259, 713] (vein at [1259, 713])
2026-07-09 14:13:46 MinePhase: Clicked stable vein at [1259, 713] (vein at [1259, 713])
2026-07-09 14:13:48 MinePhase: Clicked stable vein at [1259, 713] (vein at [1259, 713])
2026-07-09 14:13:50 MinePhase: Clicked stable vein at [1259, 713] (vein at [1259, 713])
2026-07-09 14:13:52 MinePhase: Clicked stable vein at [1259, 713] (vein at [1259, 713])
2026-07-09 14:13:53 MinePhase: Clicked stable vein at [1259, 713] (vein at [1259, 713])
2026-07-09 14:13:55 MinePhase: Clicked stable vein at [1259, 713] (vein at [1259, 713])
2026-07-09 14:13:57 MinePhase: Clicked stable vein at [1259, 713] (vein at [1259, 713])
2026-07-09 14:13:58 MinePhase: Clicked stable vein at [1259, 713] (vein at [1259, 713])
2026-07-09 14:14:00 MinePhase: Clicked stable vein at [1259, 713] (vein at [1259, 713])
2026-07-09 14:14:01 MinePhase: Lost track of vein or depleted. Finding new vein.
2026-07-09 14:14:02 MinePhase: Found new vein at [1209, 713]
2026-07-09 14:14:02 MinePhase: Initial click to walk to vein at [1209, 713] (vein at [1209, 713])
2026-07-09 14:14:04 MinePhase: Clicked stable vein at [1253, 713] (vein at [1253, 713])
2026-07-09 14:14:06 MinePhase: Clicked stable vein at [1259, 713] (vein at [1259, 713])
2026-07-09 14:14:08 MinePhase: Clicked stable vein at [1259, 713] (vein at [1259, 713])
2026-07-09 14:14:09 MinePhase: Clicked stable vein at [1259, 713] (vein at [1259, 713])
2026-07-09 14:14:11 MinePhase: Clicked stable vein at [1259, 713] (vein at [1259, 713])
2026-07-09 14:14:13 MinePhase: Clicked stable vein at [1259, 713] (vein at [1259, 713])
2026-07-09 14:14:14 MinePhase: Clicked stable vein at [1259, 713] (vein at [1259, 713])
2026-07-09 14:14:15 MinePhase: Inventory full, transitioning to clearRed
2026-07-09 14:14:15 ClearRedPhase: Found new red rockfall at [1415, 347]
2026-07-09 14:14:15 ClearRedPhase: Initial click on red rockfall at [1415, 347]
2026-07-09 14:14:23 ClearRedPhase: Rockfall cleared or lost. Scanning for another.
2026-07-09 14:14:23 ClearRedPhase: Found new red rockfall at [1023, 633]
2026-07-09 14:14:24 ClearRedPhase: Initial click on red rockfall at [1011, 633]
2026-07-09 14:14:28 ClearRedPhase: Rockfall cleared or lost. Scanning for another.
2026-07-09 14:14:28 ClearRedPhase: No red rockfalls found. Moving to hopper.
2026-07-09 14:14:29 ClearYellowPhase: Clicked hopper at [1126, 448]
2026-07-09 14:14:35 ClearYellowPhase: Ore deposited. Moving to sack.
2026-07-09 14:14:36 WithdrawSackPhase: Clicked sack at [1825, 724]
2026-07-09 14:14:41 WithdrawSackPhase: Items received from sack. Moving to bank.
2026-07-09 14:14:42 DepositBankPhase: Clicked deposit container at [1099, 355]
2026-07-09 14:14:42 DepositBankPhase: Waiting for deposit box to open...
2026-07-09 14:14:46 DepositBankPhase: Deposited all - banking complete, returning to mine
2026-07-09 14:14:46 ReturnMine1Phase: Clicked waypoint 1 at [699, 1279]
2026-07-09 14:14:56 ReturnMine1Phase: Arrived at waypoint 1!
2026-07-09 14:14:56 ReturnMine2Phase: Clicked waypoint 2 at [1251, 1354]
2026-07-09 14:15:00 ReturnMine2Phase: Saw waypoint 2 marker. Moving to final approach.
2026-07-09 14:15:01 ReturnMine2Phase: Clicked final approach spot at [1491, 933]
2026-07-09 14:15:02 ReturnMine2Phase: Wait complete. Handing off to mine phase.
2026-07-09 14:15:04 MinePhase: Found new vein at [1438, 842]
2026-07-09 14:15:04 MinePhase: Initial click to walk to vein at [1438, 842] (vein at [1438, 842])
2026-07-09 14:15:06 MinePhase: Clicked stable vein at [1241, 717] (vein at [1241, 717])
2026-07-09 14:15:08 MinePhase: Clicked stable vein at [1235, 713] (vein at [1235, 713])
2026-07-09 14:15:10 MinePhase: Clicked stable vein at [1235, 713] (vein at [1235, 713])
2026-07-09 14:15:12 MinePhase: Clicked stable vein at [1235, 713] (vein at [1235, 713])
2026-07-09 14:15:13 MinePhase: Clicked stable vein at [1235, 713] (vein at [1235, 713])
2026-07-09 14:15:15 MinePhase: Clicked stable vein at [1235, 713] (vein at [1235, 713])
2026-07-09 14:15:17 MinePhase: Clicked stable vein at [1235, 713] (vein at [1235, 713])
2026-07-09 14:15:18 MinePhase: Clicked stable vein at [1235, 713] (vein at [1235, 713])
2026-07-09 14:15:20 MinePhase: Clicked stable vein at [1235, 713] (vein at [1235, 713])
2026-07-09 14:15:22 MinePhase: Clicked stable vein at [1235, 713] (vein at [1235, 713])
2026-07-09 14:15:23 MinePhase: Clicked stable vein at [1235, 713] (vein at [1235, 713])
2026-07-09 14:15:25 MinePhase: Clicked stable vein at [1235, 713] (vein at [1235, 713])
2026-07-09 14:15:27 MinePhase: Clicked stable vein at [1235, 713] (vein at [1235, 713])
2026-07-09 14:15:29 MinePhase: Clicked stable vein at [1235, 713] (vein at [1235, 713])
2026-07-09 14:15:30 MinePhase: Clicked stable vein at [1235, 713] (vein at [1235, 713])
2026-07-09 14:15:31 MinePhase: Lost track of vein or depleted. Finding new vein.
2026-07-09 14:15:33 MinePhase: Found new vein at [1307, 713]
2026-07-09 14:15:34 MinePhase: Initial click to walk to vein at [1307, 713] (vein at [1307, 713])
2026-07-09 14:15:35 MinePhase: Clicked stable vein at [1265, 713] (vein at [1265, 713])
2026-07-09 14:15:37 MinePhase: Clicked stable vein at [1259, 713] (vein at [1259, 713])
2026-07-09 14:15:39 MinePhase: Clicked stable vein at [1259, 713] (vein at [1259, 713])
2026-07-09 14:15:39 MinePhase: Lost track of vein or depleted. Finding new vein.
2026-07-09 14:15:39 MinePhase: Found new vein at [1307, 713]
2026-07-09 14:15:39 MinePhase: Initial click to walk to vein at [1307, 713] (vein at [1307, 713])
2026-07-09 14:15:41 MinePhase: Clicked stable vein at [1263, 713] (vein at [1263, 713])
2026-07-09 14:15:43 MinePhase: Clicked stable vein at [1259, 713] (vein at [1259, 713])
2026-07-09 14:15:44 MinePhase: Clicked stable vein at [1259, 713] (vein at [1259, 713])
2026-07-09 14:15:46 MinePhase: Clicked stable vein at [1259, 713] (vein at [1259, 713])
2026-07-09 14:15:48 MinePhase: Clicked stable vein at [1259, 713] (vein at [1259, 713])
2026-07-09 14:15:49 MinePhase: Clicked stable vein at [1259, 713] (vein at [1259, 713])
2026-07-09 14:15:51 MinePhase: Clicked stable vein at [1259, 713] (vein at [1259, 713])
2026-07-09 14:15:53 MinePhase: Clicked stable vein at [1259, 713] (vein at [1259, 713])
2026-07-09 14:15:55 MinePhase: Clicked stable vein at [1259, 713] (vein at [1259, 713])
2026-07-09 14:15:56 MinePhase: Clicked stable vein at [1259, 713] (vein at [1259, 713])
2026-07-09 14:15:58 MinePhase: Clicked stable vein at [1259, 713] (vein at [1259, 713])
2026-07-09 14:16:00 MinePhase: Clicked stable vein at [1259, 713] (vein at [1259, 713])
2026-07-09 14:16:01 MinePhase: Clicked stable vein at [1259, 713] (vein at [1259, 713])
2026-07-09 14:16:03 MinePhase: Clicked stable vein at [1259, 713] (vein at [1259, 713])
2026-07-09 14:16:05 MinePhase: Clicked stable vein at [1259, 713] (vein at [1259, 713])
2026-07-09 14:16:06 MinePhase: Clicked stable vein at [1259, 713] (vein at [1259, 713])
2026-07-09 14:16:08 MinePhase: Clicked stable vein at [1259, 713] (vein at [1259, 713])
2026-07-09 14:16:10 MinePhase: Clicked stable vein at [1259, 713] (vein at [1259, 713])
2026-07-09 14:16:12 MinePhase: Lost track of vein or depleted. Finding new vein.
2026-07-09 14:16:12 MinePhase: Found new vein at [1307, 713]
2026-07-09 14:16:13 MinePhase: Initial click to walk to vein at [1307, 713] (vein at [1307, 713])
2026-07-09 14:16:14 MinePhase: Clicked stable vein at [1265, 713] (vein at [1265, 713])
2026-07-09 14:16:16 MinePhase: Clicked stable vein at [1259, 713] (vein at [1259, 713])
2026-07-09 14:16:18 MinePhase: Clicked stable vein at [1259, 713] (vein at [1259, 713])
2026-07-09 14:16:20 MinePhase: Clicked stable vein at [1259, 713] (vein at [1259, 713])
2026-07-09 14:16:21 MinePhase: Clicked stable vein at [1259, 713] (vein at [1259, 713])
2026-07-09 14:16:23 MinePhase: Clicked stable vein at [1259, 713] (vein at [1259, 713])
2026-07-09 14:16:25 MinePhase: Clicked stable vein at [1259, 713] (vein at [1259, 713])
2026-07-09 14:16:26 MinePhase: Clicked stable vein at [1259, 713] (vein at [1259, 713])
2026-07-09 14:16:28 MinePhase: Clicked stable vein at [1259, 713] (vein at [1259, 713])
2026-07-09 14:16:30 MinePhase: Clicked stable vein at [1259, 713] (vein at [1259, 713])
2026-07-09 14:16:32 MinePhase: Clicked stable vein at [1259, 713] (vein at [1259, 713])
2026-07-09 14:16:33 MinePhase: Clicked stable vein at [1259, 713] (vein at [1259, 713])
2026-07-09 14:16:35 MinePhase: Clicked stable vein at [1259, 713] (vein at [1259, 713])
2026-07-09 14:16:37 MinePhase: Clicked stable vein at [1259, 713] (vein at [1259, 713])
2026-07-09 14:16:38 MinePhase: Clicked stable vein at [1259, 713] (vein at [1259, 713])
2026-07-09 14:16:40 MinePhase: Clicked stable vein at [1259, 713] (vein at [1259, 713])
2026-07-09 14:16:42 MinePhase: Clicked stable vein at [1259, 713] (vein at [1259, 713])
2026-07-09 14:16:44 MinePhase: Clicked stable vein at [1259, 713] (vein at [1259, 713])
2026-07-09 14:16:45 MinePhase: Clicked stable vein at [1259, 713] (vein at [1259, 713])
2026-07-09 14:16:47 MinePhase: Clicked stable vein at [1259, 713] (vein at [1259, 713])
2026-07-09 14:16:49 MinePhase: Clicked stable vein at [1259, 713] (vein at [1259, 713])
2026-07-09 14:16:50 MinePhase: Clicked stable vein at [1259, 713] (vein at [1259, 713])
2026-07-09 14:16:52 MinePhase: Clicked stable vein at [1259, 713] (vein at [1259, 713])
2026-07-09 14:16:54 MinePhase: Clicked stable vein at [1259, 713] (vein at [1259, 713])
2026-07-09 14:16:54 MinePhase: Lost track of vein or depleted. Finding new vein.
2026-07-09 14:16:55 MinePhase: Found new vein at [1161, 713]
2026-07-09 14:16:55 MinePhase: Initial click to walk to vein at [1161, 713] (vein at [1161, 713])
2026-07-09 14:16:57 MinePhase: Clicked stable vein at [1251, 713] (vein at [1251, 713])
2026-07-09 14:16:59 MinePhase: Clicked stable vein at [1259, 713] (vein at [1259, 713])
2026-07-09 14:17:01 MinePhase: Clicked stable vein at [1259, 713] (vein at [1259, 713])
2026-07-09 14:17:02 MinePhase: Clicked stable vein at [1259, 713] (vein at [1259, 713])
2026-07-09 14:17:04 MinePhase: Clicked stable vein at [1259, 713] (vein at [1259, 713])
2026-07-09 14:17:06 MinePhase: Clicked stable vein at [1259, 713] (vein at [1259, 713])
2026-07-09 14:17:08 MinePhase: Clicked stable vein at [1259, 713] (vein at [1259, 713])
2026-07-09 14:17:09 MinePhase: Clicked stable vein at [1259, 713] (vein at [1259, 713])
2026-07-09 14:17:11 MinePhase: Clicked stable vein at [1259, 713] (vein at [1259, 713])
2026-07-09 14:17:13 MinePhase: Clicked stable vein at [1259, 713] (vein at [1259, 713])
2026-07-09 14:17:14 MinePhase: Clicked stable vein at [1259, 713] (vein at [1259, 713])
2026-07-09 14:17:16 MinePhase: Clicked stable vein at [1259, 713] (vein at [1259, 713])
2026-07-09 14:17:18 MinePhase: Clicked stable vein at [1259, 713] (vein at [1259, 713])
2026-07-09 14:17:20 MinePhase: Clicked stable vein at [1259, 713] (vein at [1259, 713])
2026-07-09 14:17:20 MinePhase: Inventory full, transitioning to clearRed
2026-07-09 14:17:20 ClearRedPhase: Found new red rockfall at [1415, 347]
2026-07-09 14:17:21 ClearRedPhase: Initial click on red rockfall at [1415, 347]
2026-07-09 14:17:30 ClearRedPhase: Failsafe click on red rockfall at [1259, 633]
2026-07-09 14:17:31 ClearRedPhase: Rockfall cleared or lost. Scanning for another.
2026-07-09 14:17:31 ClearRedPhase: No red rockfalls found. Moving to hopper.
2026-07-09 14:17:32 ClearYellowPhase: Clicked hopper at [892, 440]
2026-07-09 14:17:39 ClearYellowPhase: Ore deposited. Moving to sack.
2026-07-09 14:17:40 WithdrawSackPhase: Clicked sack at [1825, 724]
2026-07-09 14:17:46 WithdrawSackPhase: Items received from sack. Moving to bank.
2026-07-09 14:17:46 DepositBankPhase: Clicked deposit container at [1099, 355]
2026-07-09 14:17:46 DepositBankPhase: Waiting for deposit box to open...
2026-07-09 14:17:50 DepositBankPhase: Deposited all - banking complete, returning to mine
2026-07-09 14:17:50 ReturnMine1Phase: Clicked waypoint 1 at [699, 1279]
2026-07-09 14:17:56 ReturnMine1Phase: Arrived at waypoint 1!
2026-07-09 14:17:56 ReturnMine2Phase: Clicked waypoint 2 at [1251, 1354]
2026-07-09 14:18:00 ReturnMine2Phase: Saw waypoint 2 marker. Moving to final approach.
2026-07-09 14:18:01 ReturnMine2Phase: Clicked final approach spot at [1491, 933]
2026-07-09 14:18:02 ReturnMine2Phase: Wait complete. Handing off to mine phase.
2026-07-09 14:18:03 MinePhase: Found new vein at [1438, 842]
2026-07-09 14:18:03 MinePhase: Initial click to walk to vein at [1438, 827] (vein at [1438, 827])
2026-07-09 14:18:05 MinePhase: Clicked stable vein at [1241, 717] (vein at [1241, 717])
2026-07-09 14:18:06 MinePhase: Clicked stable vein at [1237, 713] (vein at [1237, 713])
2026-07-09 14:18:08 MinePhase: Clicked stable vein at [1235, 713] (vein at [1235, 713])
2026-07-09 14:18:10 MinePhase: Clicked stable vein at [1235, 713] (vein at [1235, 713])
2026-07-09 14:18:11 MinePhase: Clicked stable vein at [1235, 713] (vein at [1235, 713])
2026-07-09 14:18:13 MinePhase: Clicked stable vein at [1235, 713] (vein at [1235, 713])
2026-07-09 14:18:15 MinePhase: Clicked stable vein at [1235, 713] (vein at [1235, 713])
2026-07-09 14:18:17 MinePhase: Clicked stable vein at [1235, 713] (vein at [1235, 713])
2026-07-09 14:18:18 MinePhase: Clicked stable vein at [1235, 713] (vein at [1235, 713])
2026-07-09 14:18:20 MinePhase: Clicked stable vein at [1235, 713] (vein at [1235, 713])
2026-07-09 14:18:22 MinePhase: Clicked stable vein at [1235, 713] (vein at [1235, 713])
2026-07-09 14:18:23 MinePhase: Clicked stable vein at [1235, 713] (vein at [1235, 713])
2026-07-09 14:18:25 MinePhase: Clicked stable vein at [1235, 713] (vein at [1235, 713])
2026-07-09 14:18:27 MinePhase: Clicked stable vein at [1235, 713] (vein at [1235, 713])
2026-07-09 14:18:28 MinePhase: Clicked stable vein at [1235, 713] (vein at [1235, 713])
2026-07-09 14:18:30 MinePhase: Clicked stable vein at [1235, 713] (vein at [1235, 713])
2026-07-09 14:18:32 MinePhase: Clicked stable vein at [1235, 713] (vein at [1235, 713])
2026-07-09 14:18:34 MinePhase: Clicked stable vein at [1235, 713] (vein at [1235, 713])
2026-07-09 14:18:35 MinePhase: Clicked stable vein at [1235, 713] (vein at [1235, 713])
2026-07-09 14:18:37 MinePhase: Lost track of vein or depleted. Finding new vein.
2026-07-09 14:18:37 MinePhase: Found new vein at [1307, 713]
2026-07-09 14:18:37 MinePhase: Initial click to walk to vein at [1307, 713] (vein at [1307, 713])
2026-07-09 14:18:39 MinePhase: Clicked stable vein at [1265, 713] (vein at [1265, 713])
2026-07-09 14:18:41 MinePhase: Clicked stable vein at [1259, 713] (vein at [1259, 713])
2026-07-09 14:18:42 MinePhase: Clicked stable vein at [1357, 713] (vein at [1357, 713])
2026-07-09 14:18:44 MinePhase: Clicked stable vein at [1263, 713] (vein at [1263, 713])
2026-07-09 14:18:46 MinePhase: Clicked stable vein at [1259, 713] (vein at [1259, 713])
2026-07-09 14:18:48 MinePhase: Clicked stable vein at [1259, 713] (vein at [1259, 713])
2026-07-09 14:18:49 MinePhase: Clicked stable vein at [1259, 713] (vein at [1259, 713])
2026-07-09 14:18:51 MinePhase: Clicked stable vein at [1259, 713] (vein at [1259, 713])
2026-07-09 14:18:53 MinePhase: Clicked stable vein at [1259, 713] (vein at [1259, 713])
2026-07-09 14:18:54 MinePhase: Clicked stable vein at [1259, 713] (vein at [1259, 713])
2026-07-09 14:18:56 MinePhase: Clicked stable vein at [1259, 713] (vein at [1259, 713])
2026-07-09 14:18:58 MinePhase: Clicked stable vein at [1259, 713] (vein at [1259, 713])
2026-07-09 14:18:59 MinePhase: Clicked stable vein at [1259, 713] (vein at [1259, 713])
2026-07-09 14:19:01 MinePhase: Clicked stable vein at [1259, 713] (vein at [1259, 713])
2026-07-09 14:19:03 MinePhase: Clicked stable vein at [1259, 713] (vein at [1259, 713])
2026-07-09 14:19:05 MinePhase: Clicked stable vein at [1259, 713] (vein at [1259, 713])
2026-07-09 14:19:06 MinePhase: Clicked stable vein at [1259, 713] (vein at [1259, 713])
2026-07-09 14:19:08 MinePhase: Clicked stable vein at [1259, 713] (vein at [1259, 713])
2026-07-09 14:19:10 MinePhase: Clicked stable vein at [1259, 713] (vein at [1259, 713])
2026-07-09 14:19:11 MinePhase: Clicked stable vein at [1259, 713] (vein at [1259, 713])
2026-07-09 14:19:13 MinePhase: Clicked stable vein at [1259, 713] (vein at [1259, 713])
2026-07-09 14:19:15 MinePhase: Clicked stable vein at [1259, 713] (vein at [1259, 713])
2026-07-09 14:19:16 MinePhase: Clicked stable vein at [1259, 713] (vein at [1259, 713])
2026-07-09 14:19:18 MinePhase: Clicked stable vein at [1259, 713] (vein at [1259, 713])
2026-07-09 14:19:20 MinePhase: Clicked stable vein at [1259, 713] (vein at [1259, 713])
2026-07-09 14:19:20 MinePhase: Lost track of vein or depleted. Finding new vein.
2026-07-09 14:19:20 MinePhase: Found new vein at [1161, 713]
2026-07-09 14:19:20 MinePhase: Initial click to walk to vein at [1161, 713] (vein at [1161, 713])
2026-07-09 14:19:22 MinePhase: Clicked stable vein at [1249, 713] (vein at [1249, 713])
2026-07-09 14:19:24 MinePhase: Clicked stable vein at [1259, 713] (vein at [1259, 713])
2026-07-09 14:19:26 MinePhase: Clicked stable vein at [1259, 713] (vein at [1259, 713])
2026-07-09 14:19:28 MinePhase: Clicked stable vein at [1259, 713] (vein at [1259, 713])
2026-07-09 14:19:29 MinePhase: Clicked stable vein at [1259, 713] (vein at [1259, 713])
2026-07-09 14:19:31 MinePhase: Clicked stable vein at [1259, 713] (vein at [1259, 713])
2026-07-09 14:19:33 MinePhase: Clicked stable vein at [1259, 713] (vein at [1259, 713])
2026-07-09 14:19:35 MinePhase: Clicked stable vein at [1259, 713] (vein at [1259, 713])
2026-07-09 14:19:36 MinePhase: Clicked stable vein at [1259, 713] (vein at [1259, 713])
2026-07-09 14:19:38 MinePhase: Clicked stable vein at [1259, 713] (vein at [1259, 713])
2026-07-09 14:19:40 MinePhase: Clicked stable vein at [1259, 713] (vein at [1259, 713])
2026-07-09 14:19:41 MinePhase: Clicked stable vein at [1259, 713] (vein at [1259, 713])
2026-07-09 14:19:43 MinePhase: Clicked stable vein at [1259, 713] (vein at [1259, 713])
2026-07-09 14:19:44 MinePhase: Inventory full, transitioning to clearRed
2026-07-09 14:19:44 ClearRedPhase: Found new red rockfall at [1217, 347]
2026-07-09 14:19:44 ClearRedPhase: Initial click on red rockfall at [1217, 347]
2026-07-09 14:19:51 ClearRedPhase: Failsafe click on red rockfall at [1261, 639]
2026-07-09 14:19:53 ClearRedPhase: Rockfall cleared or lost. Scanning for another.
2026-07-09 14:19:53 ClearRedPhase: No red rockfalls found. Moving to hopper.
2026-07-09 14:19:55 ClearYellowPhase: Clicked hopper at [1126, 448]
2026-07-09 14:20:00 ClearYellowPhase: Ore deposited. Moving to sack.
2026-07-09 14:20:01 WithdrawSackPhase: Clicked sack at [1825, 724]
2026-07-09 14:20:07 WithdrawSackPhase: Items received from sack. Moving to bank.
2026-07-09 14:20:08 DepositBankPhase: Clicked deposit container at [1103, 355]
2026-07-09 14:20:08 DepositBankPhase: Waiting for deposit box to open...
2026-07-09 14:20:12 DepositBankPhase: Deposited all - banking complete, returning to mine
2026-07-09 14:20:12 ReturnMine1Phase: Clicked waypoint 1 at [699, 1279]
2026-07-09 14:20:18 ReturnMine1Phase: Arrived at waypoint 1!
2026-07-09 14:20:18 ReturnMine2Phase: Clicked waypoint 2 at [1251, 1354]
2026-07-09 14:20:22 ReturnMine2Phase: Saw waypoint 2 marker. Moving to final approach.
2026-07-09 14:20:22 ReturnMine2Phase: Clicked final approach spot at [1491, 933]
2026-07-09 14:20:23 ReturnMine2Phase: Wait complete. Handing off to mine phase.
2026-07-09 14:20:24 MinePhase: Found new vein at [1438, 842]
2026-07-09 14:20:24 MinePhase: Initial click to walk to vein at [1438, 821] (vein at [1438, 821])
2026-07-09 14:20:26 MinePhase: Clicked stable vein at [1241, 717] (vein at [1241, 717])
2026-07-09 14:20:28 MinePhase: Clicked stable vein at [1235, 713] (vein at [1235, 713])
2026-07-09 14:20:30 MinePhase: Clicked stable vein at [1235, 713] (vein at [1235, 713])
2026-07-09 14:20:31 MinePhase: Clicked stable vein at [1235, 713] (vein at [1235, 713])
2026-07-09 14:20:33 MinePhase: Clicked stable vein at [1235, 713] (vein at [1235, 713])
2026-07-09 14:20:35 MinePhase: Clicked stable vein at [1235, 713] (vein at [1235, 713])
2026-07-09 14:20:36 MinePhase: Clicked stable vein at [1235, 713] (vein at [1235, 713])
2026-07-09 14:20:38 MinePhase: Clicked stable vein at [1235, 713] (vein at [1235, 713])
2026-07-09 14:20:40 MinePhase: Clicked stable vein at [1235, 713] (vein at [1235, 713])
2026-07-09 14:20:41 MinePhase: Clicked stable vein at [1235, 713] (vein at [1235, 713])
2026-07-09 14:20:43 MinePhase: Clicked stable vein at [1235, 713] (vein at [1235, 713])
2026-07-09 14:20:45 MinePhase: Clicked stable vein at [1235, 713] (vein at [1235, 713])
2026-07-09 14:20:47 MinePhase: Clicked stable vein at [1235, 713] (vein at [1235, 713])
2026-07-09 14:20:48 MinePhase: Clicked stable vein at [1235, 713] (vein at [1235, 713])
2026-07-09 14:20:50 MinePhase: Clicked stable vein at [1235, 713] (vein at [1235, 713])
2026-07-09 14:20:52 MinePhase: Clicked stable vein at [1235, 713] (vein at [1235, 713])
2026-07-09 14:20:53 MinePhase: Lost track of vein or depleted. Finding new vein.
2026-07-09 14:20:53 MinePhase: Found new vein at [1307, 713]
2026-07-09 14:20:53 MinePhase: Initial click to walk to vein at [1307, 713] (vein at [1307, 713])
2026-07-09 14:20:55 MinePhase: Clicked stable vein at [1267, 713] (vein at [1267, 713])
2026-07-09 14:20:57 MinePhase: Clicked stable vein at [1259, 713] (vein at [1259, 713])
2026-07-09 14:20:59 MinePhase: Clicked stable vein at [1259, 713] (vein at [1259, 713])
2026-07-09 14:21:00 MinePhase: Clicked stable vein at [1259, 713] (vein at [1259, 713])
2026-07-09 14:21:01 MinePhase: Lost track of vein or depleted. Finding new vein.
2026-07-09 14:21:01 MinePhase: Found new vein at [1307, 713]
2026-07-09 14:21:01 MinePhase: Initial click to walk to vein at [1307, 713] (vein at [1307, 713])
2026-07-09 14:21:03 MinePhase: Clicked stable vein at [1263, 713] (vein at [1263, 713])
2026-07-09 14:21:04 MinePhase: Clicked stable vein at [1259, 713] (vein at [1259, 713])
2026-07-09 14:21:06 MinePhase: Clicked stable vein at [1259, 713] (vein at [1259, 713])
2026-07-09 14:21:08 MinePhase: Clicked stable vein at [1259, 713] (vein at [1259, 713])
2026-07-09 14:21:09 MinePhase: Clicked stable vein at [1259, 713] (vein at [1259, 713])
2026-07-09 14:21:11 MinePhase: Clicked stable vein at [1259, 713] (vein at [1259, 713])
2026-07-09 14:21:13 MinePhase: Clicked stable vein at [1259, 713] (vein at [1259, 713])
2026-07-09 14:21:15 MinePhase: Clicked stable vein at [1259, 713] (vein at [1259, 713])
2026-07-09 14:21:16 MinePhase: Clicked stable vein at [1259, 713] (vein at [1259, 713])
2026-07-09 14:21:18 MinePhase: Clicked stable vein at [1259, 713] (vein at [1259, 713])
2026-07-09 14:21:20 MinePhase: Clicked stable vein at [1259, 713] (vein at [1259, 713])
2026-07-09 14:21:21 MinePhase: Clicked stable vein at [1259, 713] (vein at [1259, 713])
2026-07-09 14:21:23 MinePhase: Clicked stable vein at [1259, 713] (vein at [1259, 713])
2026-07-09 14:21:25 MinePhase: Clicked stable vein at [1259, 713] (vein at [1259, 713])
2026-07-09 14:21:27 MinePhase: Clicked stable vein at [1259, 713] (vein at [1259, 713])
2026-07-09 14:21:28 MinePhase: Clicked stable vein at [1259, 713] (vein at [1259, 713])
2026-07-09 14:21:30 MinePhase: Lost track of vein or depleted. Finding new vein.
2026-07-09 14:21:30 MinePhase: Found new vein at [1307, 713]
2026-07-09 14:21:31 MinePhase: Initial click to walk to vein at [1307, 713] (vein at [1307, 713])
2026-07-09 14:21:33 MinePhase: Clicked stable vein at [1263, 713] (vein at [1263, 713])
2026-07-09 14:21:34 MinePhase: Clicked stable vein at [1259, 713] (vein at [1259, 713])
2026-07-09 14:21:36 MinePhase: Clicked stable vein at [1259, 713] (vein at [1259, 713])
2026-07-09 14:21:38 MinePhase: Clicked stable vein at [1259, 713] (vein at [1259, 713])
2026-07-09 14:21:39 MinePhase: Clicked stable vein at [1259, 713] (vein at [1259, 713])
2026-07-09 14:21:41 MinePhase: Clicked stable vein at [1259, 713] (vein at [1259, 713])
2026-07-09 14:21:43 MinePhase: Clicked stable vein at [1259, 713] (vein at [1259, 713])
2026-07-09 14:21:44 MinePhase: Clicked stable vein at [1259, 713] (vein at [1259, 713])
2026-07-09 14:21:46 MinePhase: Clicked stable vein at [1259, 713] (vein at [1259, 713])
2026-07-09 14:21:48 MinePhase: Clicked stable vein at [1259, 713] (vein at [1259, 713])
2026-07-09 14:21:49 Engine: stopped - Stopped (F6)
2026-07-09 14:22:00 Engine: stopped - Stopped (F6)
2026-07-09 14:22:04 Engine: started at phase 'mine'
2026-07-09 14:22:04 MinePhase: Lost track of vein or depleted. Finding new vein.
2026-07-09 14:22:05 MinePhase: Found new vein at [1161, 713]
2026-07-09 14:22:05 MinePhase: Initial click to walk to vein at [1161, 713] (vein at [1161, 713])
2026-07-09 14:22:08 MinePhase: Clicked stable vein at [1297, 713] (vein at [1297, 713])
2026-07-09 14:22:10 MinePhase: Clicked stable vein at [1265, 713] (vein at [1265, 713])
2026-07-09 14:22:12 MinePhase: Clicked stable vein at [1259, 713] (vein at [1259, 713])
2026-07-09 14:22:13 MinePhase: Clicked stable vein at [1259, 713] (vein at [1259, 713])
2026-07-09 14:22:15 MinePhase: Clicked stable vein at [1259, 713] (vein at [1259, 713])
2026-07-09 14:22:17 MinePhase: Clicked stable vein at [1259, 713] (vein at [1259, 713])
2026-07-09 14:22:18 MinePhase: Clicked stable vein at [1259, 713] (vein at [1259, 713])
2026-07-09 14:22:20 MinePhase: Clicked stable vein at [1259, 713] (vein at [1259, 713])
2026-07-09 14:22:22 MinePhase: Clicked stable vein at [1259, 713] (vein at [1259, 713])
2026-07-09 14:22:22 MinePhase: Inventory full, transitioning to clearRed
2026-07-09 14:22:22 ClearRedPhase: Found new red rockfall at [1415, 347]
2026-07-09 14:22:23 ClearRedPhase: Initial click on red rockfall at [1415, 347]
2026-07-09 14:22:31 ClearRedPhase: Rockfall cleared or lost. Scanning for another.
2026-07-09 14:22:31 ClearRedPhase: No red rockfalls found. Moving to hopper.
2026-07-09 14:22:32 ClearYellowPhase: Clicked hopper at [896, 440]
2026-07-09 14:22:39 ClearYellowPhase: Ore deposited. Moving to sack.
2026-07-09 14:22:40 WithdrawSackPhase: Clicked sack at [1825, 724]
2026-07-09 14:22:46 WithdrawSackPhase: Items received from sack. Moving to bank.
2026-07-09 14:22:47 DepositBankPhase: Clicked deposit container at [1101, 355]
2026-07-09 14:22:47 DepositBankPhase: Waiting for deposit box to open...
2026-07-09 14:22:51 DepositBankPhase: Deposited all - banking complete, returning to mine
2026-07-09 14:22:51 ReturnMine1Phase: Clicked waypoint 1 at [699, 1279]
2026-07-09 14:22:56 ReturnMine1Phase: Arrived at waypoint 1!
2026-07-09 14:22:56 ReturnMine2Phase: Clicked waypoint 2 at [1251, 1354]
2026-07-09 14:23:00 ReturnMine2Phase: Saw waypoint 2 marker. Moving to final approach.
2026-07-09 14:23:01 ReturnMine2Phase: Clicked final approach spot at [1491, 933]
2026-07-09 14:23:02 ReturnMine2Phase: Wait complete. Handing off to mine phase.
2026-07-09 14:23:02 MinePhase: Found new vein at [1438, 842]
2026-07-09 14:23:03 MinePhase: Initial click to walk to vein at [1438, 825] (vein at [1438, 825])
2026-07-09 14:23:05 MinePhase: Clicked stable vein at [1243, 717] (vein at [1243, 717])
2026-07-09 14:23:06 MinePhase: Clicked stable vein at [1235, 713] (vein at [1235, 713])
2026-07-09 14:23:08 MinePhase: Clicked stable vein at [1235, 713] (vein at [1235, 713])
2026-07-09 14:23:10 MinePhase: Clicked stable vein at [1235, 713] (vein at [1235, 713])
2026-07-09 14:23:11 MinePhase: Clicked stable vein at [1235, 713] (vein at [1235, 713])
2026-07-09 14:23:13 MinePhase: Clicked stable vein at [1235, 713] (vein at [1235, 713])
2026-07-09 14:23:15 MinePhase: Clicked stable vein at [1235, 713] (vein at [1235, 713])
2026-07-09 14:23:17 MinePhase: Clicked stable vein at [1235, 713] (vein at [1235, 713])
2026-07-09 14:23:18 MinePhase: Clicked stable vein at [1235, 713] (vein at [1235, 713])
2026-07-09 14:23:20 MinePhase: Clicked stable vein at [1235, 713] (vein at [1235, 713])
2026-07-09 14:23:22 MinePhase: Clicked stable vein at [1235, 713] (vein at [1235, 713])
2026-07-09 14:23:23 MinePhase: Clicked stable vein at [1235, 713] (vein at [1235, 713])
2026-07-09 14:23:25 MinePhase: Clicked stable vein at [1235, 713] (vein at [1235, 713])
2026-07-09 14:23:27 MinePhase: Clicked stable vein at [1235, 713] (vein at [1235, 713])
2026-07-09 14:23:29 MinePhase: Clicked stable vein at [1235, 713] (vein at [1235, 713])
2026-07-09 14:23:30 MinePhase: Clicked stable vein at [1235, 713] (vein at [1235, 713])
2026-07-09 14:23:32 MinePhase: Clicked stable vein at [1235, 713] (vein at [1235, 713])
2026-07-09 14:23:34 MinePhase: Clicked stable vein at [1235, 713] (vein at [1235, 713])
2026-07-09 14:23:35 MinePhase: Clicked stable vein at [1235, 713] (vein at [1235, 713])
2026-07-09 14:23:37 MinePhase: Clicked stable vein at [1235, 713] (vein at [1235, 713])
2026-07-09 14:23:39 MinePhase: Lost track of vein or depleted. Finding new vein.
2026-07-09 14:23:39 MinePhase: Found new vein at [1307, 713]
2026-07-09 14:23:39 MinePhase: Initial click to walk to vein at [1307, 713] (vein at [1307, 713])
2026-07-09 14:23:41 MinePhase: Clicked stable vein at [1269, 713] (vein at [1269, 713])
2026-07-09 14:23:43 MinePhase: Clicked stable vein at [1259, 713] (vein at [1259, 713])
2026-07-09 14:23:44 MinePhase: Clicked stable vein at [1259, 713] (vein at [1259, 713])
2026-07-09 14:23:46 MinePhase: Clicked stable vein at [1259, 713] (vein at [1259, 713])
2026-07-09 14:23:48 MinePhase: Clicked stable vein at [1259, 713] (vein at [1259, 713])
2026-07-09 14:23:49 MinePhase: Clicked stable vein at [1259, 713] (vein at [1259, 713])
2026-07-09 14:23:51 MinePhase: Clicked stable vein at [1259, 713] (vein at [1259, 713])
2026-07-09 14:23:53 MinePhase: Clicked stable vein at [1259, 713] (vein at [1259, 713])
2026-07-09 14:23:54 MinePhase: Clicked stable vein at [1355, 713] (vein at [1355, 713])
2026-07-09 14:23:56 MinePhase: Clicked stable vein at [1265, 713] (vein at [1265, 713])
2026-07-09 14:23:58 MinePhase: Clicked stable vein at [1259, 713] (vein at [1259, 713])
2026-07-09 14:24:00 MinePhase: Clicked stable vein at [1259, 713] (vein at [1259, 713])
2026-07-09 14:24:01 MinePhase: Clicked stable vein at [1259, 713] (vein at [1259, 713])
2026-07-09 14:24:03 MinePhase: Clicked stable vein at [1259, 713] (vein at [1259, 713])
2026-07-09 14:24:05 MinePhase: Clicked stable vein at [1259, 713] (vein at [1259, 713])
2026-07-09 14:24:06 MinePhase: Clicked stable vein at [1259, 713] (vein at [1259, 713])
2026-07-09 14:24:08 MinePhase: Clicked stable vein at [1259, 713] (vein at [1259, 713])
2026-07-09 14:24:10 MinePhase: Clicked stable vein at [1259, 713] (vein at [1259, 713])
2026-07-09 14:24:12 MinePhase: Clicked stable vein at [1259, 713] (vein at [1259, 713])
2026-07-09 14:24:13 MinePhase: Clicked stable vein at [1259, 713] (vein at [1259, 713])
2026-07-09 14:24:15 MinePhase: Clicked stable vein at [1259, 713] (vein at [1259, 713])
2026-07-09 14:24:17 MinePhase: Clicked stable vein at [1259, 713] (vein at [1259, 713])
2026-07-09 14:24:18 MinePhase: Clicked stable vein at [1259, 713] (vein at [1259, 713])
2026-07-09 14:24:20 MinePhase: Clicked stable vein at [1259, 713] (vein at [1259, 713])
2026-07-09 14:24:22 MinePhase: Clicked stable vein at [1259, 713] (vein at [1259, 713])
2026-07-09 14:24:24 MinePhase: Clicked stable vein at [1259, 713] (vein at [1259, 713])
2026-07-09 14:24:25 MinePhase: Clicked stable vein at [1259, 713] (vein at [1259, 713])
2026-07-09 14:24:27 MinePhase: Clicked stable vein at [1259, 713] (vein at [1259, 713])
2026-07-09 14:24:29 MinePhase: Clicked stable vein at [1259, 713] (vein at [1259, 713])
2026-07-09 14:24:30 MinePhase: Clicked stable vein at [1259, 713] (vein at [1259, 713])
2026-07-09 14:24:32 MinePhase: Clicked stable vein at [1259, 713] (vein at [1259, 713])
2026-07-09 14:24:34 MinePhase: Clicked stable vein at [1259, 713] (vein at [1259, 713])
2026-07-09 14:24:36 MinePhase: Clicked stable vein at [1259, 713] (vein at [1259, 713])
2026-07-09 14:24:37 MinePhase: Clicked stable vein at [1259, 713] (vein at [1259, 713])
2026-07-09 14:24:37 MinePhase: Lost track of vein or depleted. Finding new vein.
2026-07-09 14:24:37 MinePhase: Found new vein at [1161, 713]
2026-07-09 14:24:38 MinePhase: Initial click to walk to vein at [1161, 713] (vein at [1161, 713])
2026-07-09 14:24:39 MinePhase: Clicked stable vein at [1251, 713] (vein at [1251, 713])
2026-07-09 14:24:41 MinePhase: Clicked stable vein at [1259, 713] (vein at [1259, 713])
2026-07-09 14:24:43 MinePhase: Clicked stable vein at [1259, 713] (vein at [1259, 713])
2026-07-09 14:24:44 MinePhase: Clicked stable vein at [1259, 713] (vein at [1259, 713])
2026-07-09 14:24:46 MinePhase: Clicked stable vein at [1259, 713] (vein at [1259, 713])
2026-07-09 14:24:48 MinePhase: Clicked stable vein at [1259, 713] (vein at [1259, 713])
2026-07-09 14:24:50 MinePhase: Clicked stable vein at [1259, 713] (vein at [1259, 713])
2026-07-09 14:24:51 MinePhase: Clicked stable vein at [1259, 713] (vein at [1259, 713])
2026-07-09 14:24:53 MinePhase: Clicked stable vein at [1259, 713] (vein at [1259, 713])
2026-07-09 14:24:55 MinePhase: Clicked stable vein at [1259, 713] (vein at [1259, 713])
2026-07-09 14:24:56 MinePhase: Clicked stable vein at [1259, 713] (vein at [1259, 713])
2026-07-09 14:24:58 MinePhase: Clicked stable vein at [1259, 713] (vein at [1259, 713])
2026-07-09 14:25:00 MinePhase: Clicked stable vein at [1259, 713] (vein at [1259, 713])
2026-07-09 14:25:02 MinePhase: Clicked stable vein at [1259, 713] (vein at [1259, 713])
2026-07-09 14:25:03 MinePhase: Clicked stable vein at [1259, 713] (vein at [1259, 713])
2026-07-09 14:25:05 MinePhase: Clicked stable vein at [1259, 713] (vein at [1259, 713])
2026-07-09 14:25:06 MinePhase: Lost track of vein or depleted. Finding new vein.
2026-07-09 14:25:06 MinePhase: Found new vein at [1307, 713]
2026-07-09 14:25:06 MinePhase: Initial click to walk to vein at [1307, 713] (vein at [1307, 713])
2026-07-09 14:25:08 MinePhase: Clicked stable vein at [1263, 713] (vein at [1263, 713])
2026-07-09 14:25:10 MinePhase: Clicked stable vein at [1259, 713] (vein at [1259, 713])
2026-07-09 14:25:11 MinePhase: Clicked stable vein at [1259, 713] (vein at [1259, 713])
2026-07-09 14:25:13 MinePhase: Clicked stable vein at [1259, 713] (vein at [1259, 713])
2026-07-09 14:25:15 MinePhase: Clicked stable vein at [1259, 713] (vein at [1259, 713])
2026-07-09 14:25:17 MinePhase: Clicked stable vein at [1259, 713] (vein at [1259, 713])
2026-07-09 14:25:18 MinePhase: Clicked stable vein at [1259, 713] (vein at [1259, 713])
2026-07-09 14:25:20 MinePhase: Clicked stable vein at [1259, 713] (vein at [1259, 713])
2026-07-09 14:25:22 MinePhase: Clicked stable vein at [1259, 713] (vein at [1259, 713])
2026-07-09 14:25:23 MinePhase: Clicked stable vein at [1259, 713] (vein at [1259, 713])
2026-07-09 14:25:25 MinePhase: Clicked stable vein at [1259, 713] (vein at [1259, 713])
2026-07-09 14:25:27 MinePhase: Clicked stable vein at [1259, 713] (vein at [1259, 713])
2026-07-09 14:25:29 MinePhase: Clicked stable vein at [1259, 713] (vein at [1259, 713])
2026-07-09 14:25:30 MinePhase: Clicked stable vein at [1259, 713] (vein at [1259, 713])
2026-07-09 14:25:32 MinePhase: Clicked stable vein at [1259, 713] (vein at [1259, 713])
2026-07-09 14:25:34 MinePhase: Clicked stable vein at [1259, 713] (vein at [1259, 713])
2026-07-09 14:25:35 MinePhase: Clicked stable vein at [1259, 713] (vein at [1259, 713])
2026-07-09 14:25:37 MinePhase: Clicked stable vein at [1259, 713] (vein at [1259, 713])
2026-07-09 14:25:38 MinePhase: Lost track of vein or depleted. Finding new vein.
2026-07-09 14:25:39 MinePhase: Found new vein at [1135, 713]
2026-07-09 14:25:39 MinePhase: Initial click to walk to vein at [1135, 713] (vein at [1135, 713])
2026-07-09 14:25:41 MinePhase: Clicked stable vein at [1227, 713] (vein at [1227, 713])
2026-07-09 14:25:42 MinePhase: Clicked stable vein at [1235, 713] (vein at [1235, 713])
2026-07-09 14:25:42 MinePhase: Inventory full, transitioning to clearRed
2026-07-09 14:25:43 ClearRedPhase: Found new red rockfall at [1249, 347]
2026-07-09 14:25:43 ClearRedPhase: Initial click on red rockfall at [1249, 347]
2026-07-09 14:25:49 ClearRedPhase: Rockfall cleared or lost. Scanning for another.
2026-07-09 14:25:49 ClearRedPhase: Found new red rockfall at [1533, 639]
2026-07-09 14:25:50 ClearRedPhase: Initial click on red rockfall at [1529, 639]
2026-07-09 14:25:52 ClearRedPhase: Rockfall cleared or lost. Scanning for another.
2026-07-09 14:25:52 ClearRedPhase: No red rockfalls found. Moving to hopper.
2026-07-09 14:25:53 ClearYellowPhase: Clicked hopper at [896, 440]
2026-07-09 14:26:01 ClearYellowPhase: Ore deposited. Moving to sack.
2026-07-09 14:26:02 WithdrawSackPhase: Clicked sack at [1825, 724]
2026-07-09 14:26:07 WithdrawSackPhase: Items received from sack. Moving to bank.
2026-07-09 14:26:08 DepositBankPhase: Clicked deposit container at [1099, 355]
2026-07-09 14:26:08 DepositBankPhase: Waiting for deposit box to open...
2026-07-09 14:26:12 DepositBankPhase: Deposited all - banking complete, returning to mine
2026-07-09 14:26:12 ReturnMine1Phase: Clicked waypoint 1 at [699, 1279]
2026-07-09 14:26:17 ReturnMine1Phase: Arrived at waypoint 1!
2026-07-09 14:26:17 ReturnMine2Phase: Clicked waypoint 2 at [1251, 1354]
2026-07-09 14:26:21 ReturnMine2Phase: Saw waypoint 2 marker. Moving to final approach.
2026-07-09 14:26:22 ReturnMine2Phase: Clicked final approach spot at [1491, 933]
2026-07-09 14:26:23 ReturnMine2Phase: Wait complete. Handing off to mine phase.
2026-07-09 14:26:23 MinePhase: Found new vein at [1438, 842]
2026-07-09 14:26:24 MinePhase: Initial click to walk to vein at [1438, 831] (vein at [1438, 831])
2026-07-09 14:26:26 MinePhase: Clicked stable vein at [1243, 717] (vein at [1243, 717])
2026-07-09 14:26:27 MinePhase: Clicked stable vein at [1235, 713] (vein at [1235, 713])
2026-07-09 14:26:29 MinePhase: Clicked stable vein at [1235, 713] (vein at [1235, 713])
2026-07-09 14:26:31 MinePhase: Clicked stable vein at [1235, 713] (vein at [1235, 713])
2026-07-09 14:26:32 MinePhase: Clicked stable vein at [1235, 713] (vein at [1235, 713])
2026-07-09 14:26:34 MinePhase: Clicked stable vein at [1235, 713] (vein at [1235, 713])
2026-07-09 14:26:34 MinePhase: Lost track of vein or depleted. Finding new vein.
2026-07-09 14:26:36 MinePhase: Found new vein at [1405, 713]
2026-07-09 14:26:36 MinePhase: Initial click to walk to vein at [1405, 713] (vein at [1405, 713])
2026-07-09 14:26:39 MinePhase: Clicked stable vein at [1267, 713] (vein at [1267, 713])
2026-07-09 14:26:40 MinePhase: Clicked stable vein at [1259, 713] (vein at [1259, 713])
2026-07-09 14:26:42 MinePhase: Clicked stable vein at [1259, 713] (vein at [1259, 713])
2026-07-09 14:26:44 MinePhase: Clicked stable vein at [1259, 713] (vein at [1259, 713])
2026-07-09 14:26:45 MinePhase: Clicked stable vein at [1259, 713] (vein at [1259, 713])
2026-07-09 14:26:47 MinePhase: Clicked stable vein at [1259, 713] (vein at [1259, 713])
2026-07-09 14:26:49 MinePhase: Clicked stable vein at [1259, 713] (vein at [1259, 713])
2026-07-09 14:26:51 MinePhase: Clicked stable vein at [1259, 713] (vein at [1259, 713])
2026-07-09 14:26:52 MinePhase: Clicked stable vein at [1259, 713] (vein at [1259, 713])
2026-07-09 14:26:54 MinePhase: Clicked stable vein at [1259, 713] (vein at [1259, 713])
2026-07-09 14:26:56 MinePhase: Clicked stable vein at [1259, 713] (vein at [1259, 713])
2026-07-09 14:26:58 MinePhase: Clicked stable vein at [1259, 713] (vein at [1259, 713])
2026-07-09 14:26:59 MinePhase: Clicked stable vein at [1259, 713] (vein at [1259, 713])
2026-07-09 14:27:01 MinePhase: Clicked stable vein at [1259, 713] (vein at [1259, 713])
2026-07-09 14:27:03 MinePhase: Clicked stable vein at [1259, 713] (vein at [1259, 713])
2026-07-09 14:27:04 MinePhase: Clicked stable vein at [1259, 713] (vein at [1259, 713])
2026-07-09 14:27:06 MinePhase: Clicked stable vein at [1259, 713] (vein at [1259, 713])
2026-07-09 14:27:08 MinePhase: Clicked stable vein at [1259, 713] (vein at [1259, 713])
2026-07-09 14:27:10 MinePhase: Clicked stable vein at [1259, 713] (vein at [1259, 713])
2026-07-09 14:27:11 MinePhase: Lost track of vein or depleted. Finding new vein.
2026-07-09 14:27:12 MinePhase: Found new vein at [1161, 713]
2026-07-09 14:27:12 MinePhase: Initial click to walk to vein at [1161, 713] (vein at [1161, 713])
2026-07-09 14:27:14 MinePhase: Clicked stable vein at [1251, 713] (vein at [1251, 713])
2026-07-09 14:27:16 MinePhase: Clicked stable vein at [1259, 713] (vein at [1259, 713])
2026-07-09 14:27:18 MinePhase: Clicked stable vein at [1259, 713] (vein at [1259, 713])
2026-07-09 14:27:19 MinePhase: Clicked stable vein at [1259, 713] (vein at [1259, 713])
2026-07-09 14:27:21 MinePhase: Clicked stable vein at [1259, 713] (vein at [1259, 713])
2026-07-09 14:27:23 MinePhase: Clicked stable vein at [1259, 713] (vein at [1259, 713])
2026-07-09 14:27:24 MinePhase: Clicked stable vein at [1259, 713] (vein at [1259, 713])
2026-07-09 14:27:26 MinePhase: Clicked stable vein at [1259, 713] (vein at [1259, 713])
2026-07-09 14:27:28 MinePhase: Clicked stable vein at [1259, 713] (vein at [1259, 713])
2026-07-09 14:27:29 MinePhase: Clicked stable vein at [1259, 713] (vein at [1259, 713])
2026-07-09 14:27:31 MinePhase: Clicked stable vein at [1259, 713] (vein at [1259, 713])
2026-07-09 14:27:33 MinePhase: Clicked stable vein at [1259, 713] (vein at [1259, 713])
2026-07-09 14:27:35 MinePhase: Clicked stable vein at [1259, 713] (vein at [1259, 713])
2026-07-09 14:27:36 MinePhase: Clicked stable vein at [1259, 713] (vein at [1259, 713])
2026-07-09 14:27:38 MinePhase: Clicked stable vein at [1259, 713] (vein at [1259, 713])
2026-07-09 14:27:40 MinePhase: Clicked stable vein at [1259, 713] (vein at [1259, 713])
2026-07-09 14:27:41 MinePhase: Clicked stable vein at [1259, 713] (vein at [1259, 713])
2026-07-09 14:27:43 MinePhase: Clicked stable vein at [1259, 713] (vein at [1259, 713])
2026-07-09 14:27:45 MinePhase: Clicked stable vein at [1259, 713] (vein at [1259, 713])
2026-07-09 14:27:47 MinePhase: Clicked stable vein at [1259, 713] (vein at [1259, 713])
2026-07-09 14:27:48 MinePhase: Clicked stable vein at [1259, 713] (vein at [1259, 713])
2026-07-09 14:27:50 MinePhase: Clicked stable vein at [1259, 713] (vein at [1259, 713])
2026-07-09 14:27:52 MinePhase: Clicked stable vein at [1259, 713] (vein at [1259, 713])
2026-07-09 14:27:53 MinePhase: Clicked stable vein at [1259, 713] (vein at [1259, 713])
2026-07-09 14:27:54 MinePhase: Lost track of vein or depleted. Finding new vein.
2026-07-09 14:27:54 MinePhase: Found new vein at [1185, 713]
2026-07-09 14:27:54 MinePhase: Initial click to walk to vein at [1185, 713] (vein at [1185, 713])
2026-07-09 14:27:56 MinePhase: Clicked stable vein at [1233, 713] (vein at [1233, 713])
2026-07-09 14:27:57 MinePhase: Clicked stable vein at [1235, 713] (vein at [1235, 713])
2026-07-09 14:27:59 MinePhase: Clicked stable vein at [1235, 713] (vein at [1235, 713])
2026-07-09 14:28:01 MinePhase: Clicked stable vein at [1235, 713] (vein at [1235, 713])
2026-07-09 14:28:02 MinePhase: Clicked stable vein at [1235, 713] (vein at [1235, 713])
2026-07-09 14:28:04 MinePhase: Clicked stable vein at [1235, 713] (vein at [1235, 713])
2026-07-09 14:28:06 MinePhase: Clicked stable vein at [1235, 713] (vein at [1235, 713])
2026-07-09 14:28:08 MinePhase: Clicked stable vein at [1235, 713] (vein at [1235, 713])
2026-07-09 14:28:09 MinePhase: Clicked stable vein at [1235, 713] (vein at [1235, 713])
2026-07-09 14:28:11 MinePhase: Clicked stable vein at [1235, 713] (vein at [1235, 713])
2026-07-09 14:28:13 MinePhase: Clicked stable vein at [1235, 713] (vein at [1235, 713])
2026-07-09 14:28:14 MinePhase: Clicked stable vein at [1235, 713] (vein at [1235, 713])
2026-07-09 14:28:16 MinePhase: Clicked stable vein at [1235, 713] (vein at [1235, 713])
2026-07-09 14:28:18 MinePhase: Clicked stable vein at [1235, 713] (vein at [1235, 713])
2026-07-09 14:28:20 MinePhase: Clicked stable vein at [1235, 713] (vein at [1235, 713])
2026-07-09 14:28:21 MinePhase: Clicked stable vein at [1235, 713] (vein at [1235, 713])
2026-07-09 14:28:23 MinePhase: Clicked stable vein at [1235, 713] (vein at [1235, 713])
2026-07-09 14:28:24 MinePhase: Lost track of vein or depleted. Finding new vein.
2026-07-09 14:28:24 MinePhase: Found new vein at [1355, 713]
2026-07-09 14:28:24 MinePhase: Initial click to walk to vein at [1355, 713] (vein at [1355, 713])
2026-07-09 14:28:26 MinePhase: Clicked stable vein at [1265, 713] (vein at [1265, 713])
2026-07-09 14:28:28 MinePhase: Clicked stable vein at [1259, 713] (vein at [1259, 713])
2026-07-09 14:28:30 MinePhase: Clicked stable vein at [1259, 713] (vein at [1259, 713])
2026-07-09 14:28:31 MinePhase: Clicked stable vein at [1259, 713] (vein at [1259, 713])
2026-07-09 14:28:33 MinePhase: Clicked stable vein at [1259, 713] (vein at [1259, 713])
2026-07-09 14:28:35 MinePhase: Clicked stable vein at [1259, 713] (vein at [1259, 713])
2026-07-09 14:28:36 MinePhase: Clicked stable vein at [1259, 713] (vein at [1259, 713])
2026-07-09 14:28:38 MinePhase: Clicked stable vein at [1259, 713] (vein at [1259, 713])
2026-07-09 14:28:40 MinePhase: Clicked stable vein at [1259, 713] (vein at [1259, 713])
2026-07-09 14:28:41 MinePhase: Clicked stable vein at [1259, 713] (vein at [1259, 713])
2026-07-09 14:28:43 MinePhase: Clicked stable vein at [1259, 713] (vein at [1259, 713])
2026-07-09 14:28:45 MinePhase: Clicked stable vein at [1259, 713] (vein at [1259, 713])
2026-07-09 14:28:47 MinePhase: Clicked stable vein at [1259, 713] (vein at [1259, 713])
2026-07-09 14:28:48 MinePhase: Clicked stable vein at [1259, 713] (vein at [1259, 713])
2026-07-09 14:28:50 MinePhase: Clicked stable vein at [1259, 713] (vein at [1259, 713])
2026-07-09 14:28:52 MinePhase: Clicked stable vein at [1259, 713] (vein at [1259, 713])
2026-07-09 14:28:53 MinePhase: Lost track of vein or depleted. Finding new vein.
2026-07-09 14:28:54 MinePhase: Found new vein at [1307, 713]
2026-07-09 14:28:54 MinePhase: Initial click to walk to vein at [1307, 713] (vein at [1307, 713])
2026-07-09 14:28:56 MinePhase: Clicked stable vein at [1265, 713] (vein at [1265, 713])
2026-07-09 14:28:58 MinePhase: Clicked stable vein at [1259, 713] (vein at [1259, 713])
2026-07-09 14:28:59 MinePhase: Clicked stable vein at [1259, 713] (vein at [1259, 713])
2026-07-09 14:29:01 MinePhase: Clicked stable vein at [1259, 713] (vein at [1259, 713])
2026-07-09 14:29:03 MinePhase: Clicked stable vein at [1259, 713] (vein at [1259, 713])
2026-07-09 14:29:04 MinePhase: Clicked stable vein at [1259, 713] (vein at [1259, 713])
2026-07-09 14:29:05 MinePhase: Inventory full, transitioning to clearRed
2026-07-09 14:29:05 ClearRedPhase: Found new red rockfall at [1151, 347]
2026-07-09 14:29:05 ClearRedPhase: Initial click on red rockfall at [1151, 347]
2026-07-09 14:29:12 ClearRedPhase: Rockfall cleared or lost. Scanning for another.
2026-07-09 14:29:12 ClearRedPhase: Found new red rockfall at [1545, 639]
2026-07-09 14:29:12 ClearRedPhase: Initial click on red rockfall at [1539, 639]
2026-07-09 14:29:16 ClearRedPhase: Rockfall cleared or lost. Scanning for another.
2026-07-09 14:29:16 ClearRedPhase: No red rockfalls found. Moving to hopper.
2026-07-09 14:29:18 ClearYellowPhase: Clicked hopper at [894, 440]
2026-07-09 14:29:25 ClearYellowPhase: Ore deposited. Moving to sack.
2026-07-09 14:29:26 WithdrawSackPhase: Clicked sack at [1825, 724]
2026-07-09 14:29:32 WithdrawSackPhase: Items received from sack. Moving to bank.
2026-07-09 14:29:32 DepositBankPhase: Clicked deposit container at [1067, 351]
2026-07-09 14:29:33 DepositBankPhase: Waiting for deposit box to open...
2026-07-09 14:29:36 DepositBankPhase: Deposited all - banking complete, returning to mine
2026-07-09 14:29:37 ReturnMine1Phase: Clicked waypoint 1 at [699, 1279]
2026-07-09 14:29:42 ReturnMine1Phase: Arrived at waypoint 1!
2026-07-09 14:29:42 ReturnMine2Phase: Clicked waypoint 2 at [1251, 1354]
2026-07-09 14:29:46 ReturnMine2Phase: Saw waypoint 2 marker. Moving to final approach.
2026-07-09 14:29:46 ReturnMine2Phase: Clicked final approach spot at [1491, 933]
2026-07-09 14:29:47 ReturnMine2Phase: Wait complete. Handing off to mine phase.
2026-07-09 14:29:48 MinePhase: Found new vein at [1438, 842]
2026-07-09 14:29:48 MinePhase: Initial click to walk to vein at [1438, 825] (vein at [1438, 825])
2026-07-09 14:29:50 MinePhase: Clicked stable vein at [1265, 717] (vein at [1265, 717])
2026-07-09 14:29:52 MinePhase: Clicked stable vein at [1259, 713] (vein at [1259, 713])
2026-07-09 14:29:54 MinePhase: Clicked stable vein at [1259, 713] (vein at [1259, 713])
2026-07-09 14:29:55 MinePhase: Clicked stable vein at [1259, 713] (vein at [1259, 713])
2026-07-09 14:29:57 MinePhase: Clicked stable vein at [1259, 713] (vein at [1259, 713])
2026-07-09 14:29:59 MinePhase: Clicked stable vein at [1259, 713] (vein at [1259, 713])
2026-07-09 14:30:01 MinePhase: Clicked stable vein at [1259, 713] (vein at [1259, 713])
2026-07-09 14:30:02 MinePhase: Clicked stable vein at [1259, 713] (vein at [1259, 713])
2026-07-09 14:30:04 MinePhase: Clicked stable vein at [1259, 713] (vein at [1259, 713])
2026-07-09 14:30:06 MinePhase: Clicked stable vein at [1259, 713] (vein at [1259, 713])
2026-07-09 14:30:07 MinePhase: Clicked stable vein at [1259, 713] (vein at [1259, 713])
2026-07-09 14:30:09 MinePhase: Clicked stable vein at [1259, 713] (vein at [1259, 713])
2026-07-09 14:30:11 MinePhase: Clicked stable vein at [1259, 713] (vein at [1259, 713])
2026-07-09 14:30:13 MinePhase: Clicked stable vein at [1259, 713] (vein at [1259, 713])
2026-07-09 14:30:14 MinePhase: Clicked stable vein at [1259, 713] (vein at [1259, 713])
2026-07-09 14:30:16 MinePhase: Clicked stable vein at [1259, 713] (vein at [1259, 713])
2026-07-09 14:30:18 MinePhase: Clicked stable vein at [1259, 713] (vein at [1259, 713])
2026-07-09 14:30:19 MinePhase: Clicked stable vein at [1259, 713] (vein at [1259, 713])
2026-07-09 14:30:21 MinePhase: Clicked stable vein at [1259, 713] (vein at [1259, 713])
2026-07-09 14:30:23 MinePhase: Clicked stable vein at [1259, 713] (vein at [1259, 713])
2026-07-09 14:30:25 MinePhase: Clicked stable vein at [1259, 713] (vein at [1259, 713])
2026-07-09 14:30:26 MinePhase: Clicked stable vein at [1259, 713] (vein at [1259, 713])
2026-07-09 14:30:28 MinePhase: Clicked stable vein at [1259, 713] (vein at [1259, 713])
2026-07-09 14:30:30 MinePhase: Clicked stable vein at [1259, 713] (vein at [1259, 713])
2026-07-09 14:30:31 MinePhase: Clicked stable vein at [1259, 713] (vein at [1259, 713])
2026-07-09 14:30:33 MinePhase: Clicked stable vein at [1259, 713] (vein at [1259, 713])
2026-07-09 14:30:35 MinePhase: Clicked stable vein at [1259, 713] (vein at [1259, 713])
2026-07-09 14:30:36 MinePhase: Clicked stable vein at [1259, 713] (vein at [1259, 713])
2026-07-09 14:30:38 MinePhase: Clicked stable vein at [1259, 713] (vein at [1259, 713])
2026-07-09 14:30:40 MinePhase: Clicked stable vein at [1259, 713] (vein at [1259, 713])
2026-07-09 14:30:40 MinePhase: Lost track of vein or depleted. Finding new vein.
2026-07-09 14:30:40 MinePhase: Found new vein at [1185, 713]
2026-07-09 14:30:41 MinePhase: Initial click to walk to vein at [1185, 713] (vein at [1185, 713])
2026-07-09 14:30:42 MinePhase: Clicked stable vein at [1231, 713] (vein at [1231, 713])
2026-07-09 14:30:44 MinePhase: Clicked stable vein at [1235, 713] (vein at [1235, 713])
2026-07-09 14:30:46 MinePhase: Clicked stable vein at [1235, 713] (vein at [1235, 713])
2026-07-09 14:30:48 MinePhase: Clicked stable vein at [1235, 713] (vein at [1235, 713])
2026-07-09 14:30:49 MinePhase: Clicked stable vein at [1235, 713] (vein at [1235, 713])
2026-07-09 14:30:51 MinePhase: Clicked stable vein at [1235, 713] (vein at [1235, 713])
2026-07-09 14:30:53 MinePhase: Clicked stable vein at [1235, 713] (vein at [1235, 713])
2026-07-09 14:30:54 MinePhase: Clicked stable vein at [1235, 713] (vein at [1235, 713])
2026-07-09 14:30:56 MinePhase: Clicked stable vein at [1235, 713] (vein at [1235, 713])
2026-07-09 14:30:58 MinePhase: Clicked stable vein at [1235, 713] (vein at [1235, 713])
2026-07-09 14:31:00 MinePhase: Clicked stable vein at [1235, 713] (vein at [1235, 713])
2026-07-09 14:31:01 MinePhase: Clicked stable vein at [1235, 713] (vein at [1235, 713])
2026-07-09 14:31:03 MinePhase: Clicked stable vein at [1235, 713] (vein at [1235, 713])
2026-07-09 14:31:05 MinePhase: Clicked stable vein at [1235, 713] (vein at [1235, 713])
2026-07-09 14:31:06 MinePhase: Clicked stable vein at [1235, 713] (vein at [1235, 713])
2026-07-09 14:31:08 MinePhase: Clicked stable vein at [1235, 713] (vein at [1235, 713])
2026-07-09 14:31:10 MinePhase: Clicked stable vein at [1235, 713] (vein at [1235, 713])
2026-07-09 14:31:11 MinePhase: Lost track of vein or depleted. Finding new vein.
2026-07-09 14:31:11 MinePhase: Found new vein at [1355, 713]
2026-07-09 14:31:11 MinePhase: Initial click to walk to vein at [1355, 713] (vein at [1355, 713])
2026-07-09 14:31:13 MinePhase: Clicked stable vein at [1267, 713] (vein at [1267, 713])
2026-07-09 14:31:15 MinePhase: Clicked stable vein at [1259, 713] (vein at [1259, 713])
2026-07-09 14:31:16 MinePhase: Clicked stable vein at [1259, 713] (vein at [1259, 713])
2026-07-09 14:31:18 MinePhase: Clicked stable vein at [1259, 713] (vein at [1259, 713])
2026-07-09 14:31:20 MinePhase: Clicked stable vein at [1259, 713] (vein at [1259, 713])
2026-07-09 14:31:21 MinePhase: Clicked stable vein at [1259, 713] (vein at [1259, 713])
2026-07-09 14:31:23 MinePhase: Clicked stable vein at [1259, 713] (vein at [1259, 713])
2026-07-09 14:31:25 MinePhase: Clicked stable vein at [1259, 713] (vein at [1259, 713])
2026-07-09 14:31:27 MinePhase: Clicked stable vein at [1259, 713] (vein at [1259, 713])
2026-07-09 14:31:28 MinePhase: Clicked stable vein at [1259, 713] (vein at [1259, 713])
2026-07-09 14:31:30 MinePhase: Clicked stable vein at [1259, 713] (vein at [1259, 713])
2026-07-09 14:31:32 MinePhase: Clicked stable vein at [1259, 713] (vein at [1259, 713])
2026-07-09 14:31:33 MinePhase: Clicked stable vein at [1259, 713] (vein at [1259, 713])
2026-07-09 14:31:35 MinePhase: Clicked stable vein at [1259, 713] (vein at [1259, 713])
2026-07-09 14:31:37 MinePhase: Clicked stable vein at [1259, 713] (vein at [1259, 713])
2026-07-09 14:31:39 MinePhase: Clicked stable vein at [1259, 713] (vein at [1259, 713])
2026-07-09 14:31:40 MinePhase: Clicked stable vein at [1259, 713] (vein at [1259, 713])
2026-07-09 14:31:42 MinePhase: Clicked stable vein at [1259, 713] (vein at [1259, 713])
2026-07-09 14:31:44 MinePhase: Clicked stable vein at [1259, 713] (vein at [1259, 713])
2026-07-09 14:31:45 MinePhase: Clicked stable vein at [1259, 713] (vein at [1259, 713])
2026-07-09 14:31:47 MinePhase: Clicked stable vein at [1259, 713] (vein at [1259, 713])
2026-07-09 14:31:49 MinePhase: Clicked stable vein at [1259, 713] (vein at [1259, 713])
2026-07-09 14:31:49 MinePhase: Lost track of vein or depleted. Finding new vein.
2026-07-09 14:31:50 MinePhase: Found new vein at [1307, 713]
2026-07-09 14:31:50 MinePhase: Initial click to walk to vein at [1307, 713] (vein at [1307, 713])
2026-07-09 14:31:52 MinePhase: Clicked stable vein at [1265, 713] (vein at [1265, 713])
2026-07-09 14:31:54 MinePhase: Clicked stable vein at [1259, 713] (vein at [1259, 713])
2026-07-09 14:31:55 MinePhase: Clicked stable vein at [1259, 713] (vein at [1259, 713])
2026-07-09 14:31:57 MinePhase: Clicked stable vein at [1259, 713] (vein at [1259, 713])
2026-07-09 14:31:59 MinePhase: Clicked stable vein at [1259, 713] (vein at [1259, 713])
2026-07-09 14:32:00 MinePhase: Clicked stable vein at [1259, 713] (vein at [1259, 713])
2026-07-09 14:32:02 MinePhase: Clicked stable vein at [1259, 713] (vein at [1259, 713])
2026-07-09 14:32:04 MinePhase: Clicked stable vein at [1259, 713] (vein at [1259, 713])
2026-07-09 14:32:05 MinePhase: Clicked stable vein at [1259, 713] (vein at [1259, 713])
2026-07-09 14:32:07 MinePhase: Clicked stable vein at [1259, 713] (vein at [1259, 713])
2026-07-09 14:32:09 MinePhase: Clicked stable vein at [1259, 713] (vein at [1259, 713])
2026-07-09 14:32:10 MinePhase: Clicked stable vein at [1259, 713] (vein at [1259, 713])
2026-07-09 14:32:12 MinePhase: Clicked stable vein at [1259, 713] (vein at [1259, 713])
2026-07-09 14:32:14 MinePhase: Clicked stable vein at [1259, 713] (vein at [1259, 713])
2026-07-09 14:32:16 MinePhase: Clicked stable vein at [1259, 713] (vein at [1259, 713])
2026-07-09 14:32:17 MinePhase: Clicked stable vein at [1259, 713] (vein at [1259, 713])
2026-07-09 14:32:19 MinePhase: Clicked stable vein at [1259, 713] (vein at [1259, 713])
2026-07-09 14:32:21 MinePhase: Clicked stable vein at [1259, 713] (vein at [1259, 713])
2026-07-09 14:32:23 MinePhase: Clicked stable vein at [1259, 713] (vein at [1259, 713])
2026-07-09 14:32:24 MinePhase: Clicked stable vein at [1259, 713] (vein at [1259, 713])
2026-07-09 14:32:26 MinePhase: Clicked stable vein at [1259, 713] (vein at [1259, 713])
2026-07-09 14:32:28 MinePhase: Clicked stable vein at [1259, 713] (vein at [1259, 713])
2026-07-09 14:32:29 MinePhase: Clicked stable vein at [1259, 713] (vein at [1259, 713])
2026-07-09 14:32:31 MinePhase: Clicked stable vein at [1259, 713] (vein at [1259, 713])
2026-07-09 14:32:33 MinePhase: Clicked stable vein at [1259, 713] (vein at [1259, 713])
2026-07-09 14:32:33 MinePhase: Inventory full, transitioning to clearRed
2026-07-09 14:32:33 ClearRedPhase: Found new red rockfall at [1151, 347]
2026-07-09 14:32:34 ClearRedPhase: Initial click on red rockfall at [1151, 347]
2026-07-09 14:32:40 ClearRedPhase: Rockfall cleared or lost. Scanning for another.
2026-07-09 14:32:40 ClearRedPhase: Found new red rockfall at [1545, 639]
2026-07-09 14:32:41 ClearRedPhase: Initial click on red rockfall at [1539, 639]
2026-07-09 14:32:45 ClearRedPhase: Rockfall cleared or lost. Scanning for another.
2026-07-09 14:32:45 ClearRedPhase: No red rockfalls found. Moving to hopper.
2026-07-09 14:32:47 ClearYellowPhase: Clicked hopper at [892, 440]
2026-07-09 14:32:54 ClearYellowPhase: Ore deposited. Moving to sack.
2026-07-09 14:32:54 WithdrawSackPhase: Items received from sack. Moving to bank.
2026-07-09 14:32:54 DepositBankPhase: Clicked deposit container at [1563, 337]
2026-07-09 14:32:54 DepositBankPhase: Waiting for deposit box to open...
2026-07-09 14:33:00 DepositBankPhase: Deposited all - banking complete, returning to mine
2026-07-09 14:33:00 ReturnMine1Phase: Clicked waypoint 1 at [699, 1279]
2026-07-09 14:33:05 ReturnMine1Phase: Arrived at waypoint 1!
2026-07-09 14:33:06 ReturnMine2Phase: Clicked waypoint 2 at [1251, 1354]
2026-07-09 14:33:10 ReturnMine2Phase: Saw waypoint 2 marker. Moving to final approach.
2026-07-09 14:33:10 ReturnMine2Phase: Clicked final approach spot at [1491, 933]
2026-07-09 14:33:11 ReturnMine2Phase: Wait complete. Handing off to mine phase.
2026-07-09 14:33:12 MinePhase: Found new vein at [1438, 842]
2026-07-09 14:33:13 MinePhase: Initial click to walk to vein at [1438, 827] (vein at [1438, 827])
2026-07-09 14:33:14 MinePhase: Clicked stable vein at [1245, 717] (vein at [1245, 717])
2026-07-09 14:33:16 MinePhase: Clicked stable vein at [1237, 713] (vein at [1237, 713])
2026-07-09 14:33:18 MinePhase: Clicked stable vein at [1235, 713] (vein at [1235, 713])
2026-07-09 14:33:19 MinePhase: Clicked stable vein at [1235, 713] (vein at [1235, 713])
2026-07-09 14:33:21 MinePhase: Clicked stable vein at [1235, 713] (vein at [1235, 713])
2026-07-09 14:33:23 MinePhase: Clicked stable vein at [1235, 713] (vein at [1235, 713])
2026-07-09 14:33:25 MinePhase: Clicked stable vein at [1235, 713] (vein at [1235, 713])
2026-07-09 14:33:26 MinePhase: Clicked stable vein at [1235, 713] (vein at [1235, 713])
2026-07-09 14:33:28 MinePhase: Clicked stable vein at [1235, 713] (vein at [1235, 713])
2026-07-09 14:33:30 MinePhase: Clicked stable vein at [1235, 713] (vein at [1235, 713])
2026-07-09 14:33:31 MinePhase: Clicked stable vein at [1235, 713] (vein at [1235, 713])
2026-07-09 14:33:33 MinePhase: Clicked stable vein at [1235, 713] (vein at [1235, 713])
2026-07-09 14:33:35 MinePhase: Clicked stable vein at [1235, 713] (vein at [1235, 713])
2026-07-09 14:33:37 MinePhase: Clicked stable vein at [1235, 713] (vein at [1235, 713])
2026-07-09 14:33:38 MinePhase: Clicked stable vein at [1235, 713] (vein at [1235, 713])
2026-07-09 14:33:40 MinePhase: Clicked stable vein at [1235, 713] (vein at [1235, 713])
2026-07-09 14:33:42 MinePhase: Clicked stable vein at [1235, 713] (vein at [1235, 713])
2026-07-09 14:33:44 MinePhase: Clicked stable vein at [1235, 713] (vein at [1235, 713])
2026-07-09 14:33:45 MinePhase: Clicked stable vein at [1235, 713] (vein at [1235, 713])
2026-07-09 14:33:47 MinePhase: Lost track of vein or depleted. Finding new vein.
2026-07-09 14:33:47 MinePhase: Found new vein at [1307, 713]
2026-07-09 14:33:47 MinePhase: Initial click to walk to vein at [1307, 713] (vein at [1307, 713])
2026-07-09 14:33:49 MinePhase: Clicked stable vein at [1267, 713] (vein at [1267, 713])
2026-07-09 14:33:50 MinePhase: Clicked stable vein at [1259, 713] (vein at [1259, 713])
2026-07-09 14:33:52 MinePhase: Clicked stable vein at [1259, 713] (vein at [1259, 713])
2026-07-09 14:33:54 MinePhase: Clicked stable vein at [1259, 713] (vein at [1259, 713])
2026-07-09 14:33:56 MinePhase: Clicked stable vein at [1259, 713] (vein at [1259, 713])
2026-07-09 14:33:57 MinePhase: Clicked stable vein at [1259, 713] (vein at [1259, 713])
2026-07-09 14:33:59 MinePhase: Clicked stable vein at [1259, 713] (vein at [1259, 713])
2026-07-09 14:34:01 MinePhase: Clicked stable vein at [1259, 713] (vein at [1259, 713])
2026-07-09 14:34:02 MinePhase: Clicked stable vein at [1259, 713] (vein at [1259, 713])
2026-07-09 14:34:04 MinePhase: Clicked stable vein at [1259, 713] (vein at [1259, 713])
2026-07-09 14:34:06 MinePhase: Clicked stable vein at [1259, 713] (vein at [1259, 713])
2026-07-09 14:34:08 MinePhase: Clicked stable vein at [1259, 713] (vein at [1259, 713])
2026-07-09 14:34:09 MinePhase: Clicked stable vein at [1259, 713] (vein at [1259, 713])
2026-07-09 14:34:11 MinePhase: Clicked stable vein at [1259, 713] (vein at [1259, 713])
2026-07-09 14:34:13 MinePhase: Clicked stable vein at [1259, 713] (vein at [1259, 713])
2026-07-09 14:34:14 MinePhase: Clicked stable vein at [1259, 713] (vein at [1259, 713])
2026-07-09 14:34:16 MinePhase: Clicked stable vein at [1259, 713] (vein at [1259, 713])
2026-07-09 14:34:18 MinePhase: Clicked stable vein at [1259, 713] (vein at [1259, 713])
2026-07-09 14:34:19 MinePhase: Clicked stable vein at [1259, 713] (vein at [1259, 713])
2026-07-09 14:34:21 MinePhase: Clicked stable vein at [1259, 713] (vein at [1259, 713])
2026-07-09 14:34:21 MinePhase: Lost track of vein or depleted. Finding new vein.
2026-07-09 14:34:21 MinePhase: Found new vein at [1307, 713]
2026-07-09 14:34:22 MinePhase: Initial click to walk to vein at [1307, 713] (vein at [1307, 713])
2026-07-09 14:34:23 MinePhase: Clicked stable vein at [1261, 713] (vein at [1261, 713])
2026-07-09 14:34:25 MinePhase: Clicked stable vein at [1259, 713] (vein at [1259, 713])
2026-07-09 14:34:27 MinePhase: Clicked stable vein at [1259, 713] (vein at [1259, 713])
2026-07-09 14:34:28 MinePhase: Clicked stable vein at [1259, 713] (vein at [1259, 713])
2026-07-09 14:34:30 MinePhase: Clicked stable vein at [1259, 713] (vein at [1259, 713])
2026-07-09 14:34:32 MinePhase: Clicked stable vein at [1259, 713] (vein at [1259, 713])
2026-07-09 14:34:34 MinePhase: Clicked stable vein at [1259, 713] (vein at [1259, 713])
2026-07-09 14:34:35 MinePhase: Clicked stable vein at [1259, 713] (vein at [1259, 713])
2026-07-09 14:34:37 MinePhase: Clicked stable vein at [1259, 713] (vein at [1259, 713])
2026-07-09 14:34:39 MinePhase: Clicked stable vein at [1259, 713] (vein at [1259, 713])
2026-07-09 14:34:40 MinePhase: Clicked stable vein at [1259, 713] (vein at [1259, 713])
2026-07-09 14:34:42 MinePhase: Clicked stable vein at [1259, 713] (vein at [1259, 713])
2026-07-09 14:34:44 MinePhase: Clicked stable vein at [1259, 713] (vein at [1259, 713])
2026-07-09 14:34:45 MinePhase: Clicked stable vein at [1259, 713] (vein at [1259, 713])
2026-07-09 14:34:47 MinePhase: Clicked stable vein at [1259, 713] (vein at [1259, 713])
2026-07-09 14:34:49 MinePhase: Clicked stable vein at [1259, 713] (vein at [1259, 713])
2026-07-09 14:34:51 MinePhase: Clicked stable vein at [1259, 713] (vein at [1259, 713])
2026-07-09 14:34:52 MinePhase: Clicked stable vein at [1259, 713] (vein at [1259, 713])
2026-07-09 14:34:54 MinePhase: Clicked stable vein at [1259, 713] (vein at [1259, 713])
2026-07-09 14:34:56 MinePhase: Lost track of vein or depleted. Finding new vein.
2026-07-09 14:34:56 MinePhase: Found new vein at [1307, 713]
2026-07-09 14:34:57 MinePhase: Initial click to walk to vein at [1307, 713] (vein at [1307, 713])
2026-07-09 14:34:58 MinePhase: Clicked stable vein at [1267, 713] (vein at [1267, 713])
2026-07-09 14:35:00 MinePhase: Clicked stable vein at [1259, 713] (vein at [1259, 713])
2026-07-09 14:35:02 MinePhase: Clicked stable vein at [1259, 713] (vein at [1259, 713])
2026-07-09 14:35:03 MinePhase: Clicked stable vein at [1259, 713] (vein at [1259, 713])
2026-07-09 14:35:05 MinePhase: Clicked stable vein at [1259, 713] (vein at [1259, 713])
2026-07-09 14:35:07 MinePhase: Clicked stable vein at [1259, 713] (vein at [1259, 713])
2026-07-09 14:35:09 MinePhase: Clicked stable vein at [1259, 713] (vein at [1259, 713])
2026-07-09 14:35:10 MinePhase: Clicked stable vein at [1259, 713] (vein at [1259, 713])
2026-07-09 14:35:12 MinePhase: Clicked stable vein at [1259, 713] (vein at [1259, 713])
2026-07-09 14:35:14 MinePhase: Clicked stable vein at [1259, 713] (vein at [1259, 713])
2026-07-09 14:35:16 MinePhase: Clicked stable vein at [1259, 713] (vein at [1259, 713])
2026-07-09 14:35:17 MinePhase: Clicked stable vein at [1259, 713] (vein at [1259, 713])
2026-07-09 14:35:19 MinePhase: Clicked stable vein at [1259, 713] (vein at [1259, 713])
2026-07-09 14:35:21 MinePhase: Clicked stable vein at [1259, 713] (vein at [1259, 713])
2026-07-09 14:35:22 MinePhase: Clicked stable vein at [1259, 713] (vein at [1259, 713])
2026-07-09 14:35:24 MinePhase: Clicked stable vein at [1259, 713] (vein at [1259, 713])
2026-07-09 14:35:25 MinePhase: Lost track of vein or depleted. Finding new vein.
2026-07-09 14:35:25 MinePhase: Inventory full, transitioning to clearRed
2026-07-09 14:35:25 ClearRedPhase: Found new red rockfall at [1151, 347]
2026-07-09 14:35:26 ClearRedPhase: Initial click on red rockfall at [1151, 347]
2026-07-09 14:35:33 ClearRedPhase: Failsafe click on red rockfall at [1261, 639]
2026-07-09 14:35:34 ClearRedPhase: Rockfall cleared or lost. Scanning for another.
2026-07-09 14:35:34 ClearRedPhase: No red rockfalls found. Moving to hopper.
2026-07-09 14:35:35 ClearYellowPhase: Clicked hopper at [1126, 448]
2026-07-09 14:35:41 ClearYellowPhase: Ore deposited. Moving to sack.
2026-07-09 14:35:42 WithdrawSackPhase: Clicked sack at [1825, 724]
2026-07-09 14:35:48 WithdrawSackPhase: Items received from sack. Moving to bank.
2026-07-09 14:35:48 DepositBankPhase: Clicked deposit container at [1101, 355]
2026-07-09 14:35:48 DepositBankPhase: Waiting for deposit box to open...
2026-07-09 14:35:52 DepositBankPhase: Deposited all - banking complete, returning to mine
2026-07-09 14:35:52 ReturnMine1Phase: Clicked waypoint 1 at [699, 1279]
2026-07-09 14:35:57 ReturnMine1Phase: Arrived at waypoint 1!
2026-07-09 14:35:58 ReturnMine2Phase: Clicked waypoint 2 at [1251, 1354]
2026-07-09 14:36:02 ReturnMine2Phase: Saw waypoint 2 marker. Moving to final approach.
2026-07-09 14:36:02 ReturnMine2Phase: Clicked final approach spot at [1491, 933]
2026-07-09 14:36:03 ReturnMine2Phase: Wait complete. Handing off to mine phase.
2026-07-09 14:36:04 MinePhase: Found new vein at [1438, 842]
2026-07-09 14:36:04 MinePhase: Initial click to walk to vein at [1438, 825] (vein at [1438, 825])
2026-07-09 14:36:06 MinePhase: Clicked stable vein at [1241, 717] (vein at [1241, 717])
2026-07-09 14:36:08 MinePhase: Clicked stable vein at [1235, 713] (vein at [1235, 713])
2026-07-09 14:36:09 MinePhase: Clicked stable vein at [1235, 713] (vein at [1235, 713])
2026-07-09 14:36:11 MinePhase: Clicked stable vein at [1235, 713] (vein at [1235, 713])
2026-07-09 14:36:13 MinePhase: Clicked stable vein at [1235, 713] (vein at [1235, 713])
2026-07-09 14:36:14 MinePhase: Clicked stable vein at [1235, 713] (vein at [1235, 713])
2026-07-09 14:36:16 MinePhase: Clicked stable vein at [1235, 713] (vein at [1235, 713])
2026-07-09 14:36:18 MinePhase: Clicked stable vein at [1235, 713] (vein at [1235, 713])
2026-07-09 14:36:20 MinePhase: Clicked stable vein at [1235, 713] (vein at [1235, 713])
2026-07-09 14:36:21 MinePhase: Clicked stable vein at [1235, 713] (vein at [1235, 713])
2026-07-09 14:36:23 MinePhase: Clicked stable vein at [1235, 713] (vein at [1235, 713])
2026-07-09 14:36:25 MinePhase: Clicked stable vein at [1235, 713] (vein at [1235, 713])
2026-07-09 14:36:26 MinePhase: Clicked stable vein at [1235, 713] (vein at [1235, 713])
2026-07-09 14:36:28 MinePhase: Clicked stable vein at [1235, 713] (vein at [1235, 713])
2026-07-09 14:36:30 MinePhase: Clicked stable vein at [1235, 713] (vein at [1235, 713])
2026-07-09 14:36:32 MinePhase: Clicked stable vein at [1235, 713] (vein at [1235, 713])
2026-07-09 14:36:33 MinePhase: Lost track of vein or depleted. Finding new vein.
2026-07-09 14:36:33 MinePhase: Found new vein at [1307, 713]
2026-07-09 14:36:34 MinePhase: Initial click to walk to vein at [1307, 713] (vein at [1307, 713])
2026-07-09 14:36:36 MinePhase: Clicked stable vein at [1263, 713] (vein at [1263, 713])
2026-07-09 14:36:37 MinePhase: Clicked stable vein at [1259, 713] (vein at [1259, 713])
2026-07-09 14:36:39 MinePhase: Clicked stable vein at [1259, 713] (vein at [1259, 713])
2026-07-09 14:36:41 MinePhase: Clicked stable vein at [1259, 713] (vein at [1259, 713])
2026-07-09 14:36:43 MinePhase: Clicked stable vein at [1259, 713] (vein at [1259, 713])
2026-07-09 14:36:44 MinePhase: Clicked stable vein at [1259, 713] (vein at [1259, 713])
2026-07-09 14:36:46 MinePhase: Clicked stable vein at [1259, 713] (vein at [1259, 713])
2026-07-09 14:36:48 MinePhase: Clicked stable vein at [1259, 713] (vein at [1259, 713])
2026-07-09 14:36:49 MinePhase: Clicked stable vein at [1259, 713] (vein at [1259, 713])
2026-07-09 14:36:51 MinePhase: Clicked stable vein at [1259, 713] (vein at [1259, 713])
2026-07-09 14:36:53 MinePhase: Clicked stable vein at [1259, 713] (vein at [1259, 713])
2026-07-09 14:36:55 MinePhase: Clicked stable vein at [1259, 713] (vein at [1259, 713])
2026-07-09 14:36:56 MinePhase: Clicked stable vein at [1259, 713] (vein at [1259, 713])
2026-07-09 14:36:58 MinePhase: Clicked stable vein at [1259, 713] (vein at [1259, 713])
2026-07-09 14:37:00 MinePhase: Clicked stable vein at [1259, 713] (vein at [1259, 713])
2026-07-09 14:37:01 MinePhase: Clicked stable vein at [1259, 713] (vein at [1259, 713])
2026-07-09 14:37:03 MinePhase: Clicked stable vein at [1259, 713] (vein at [1259, 713])
2026-07-09 14:37:05 MinePhase: Clicked stable vein at [1259, 713] (vein at [1259, 713])
2026-07-09 14:37:07 MinePhase: Clicked stable vein at [1259, 713] (vein at [1259, 713])
2026-07-09 14:37:08 MinePhase: Clicked stable vein at [1259, 713] (vein at [1259, 713])
2026-07-09 14:37:10 MinePhase: Lost track of vein or depleted. Finding new vein.
2026-07-09 14:37:10 MinePhase: Found new vein at [1307, 713]
2026-07-09 14:37:10 MinePhase: Initial click to walk to vein at [1307, 713] (vein at [1307, 713])
2026-07-09 14:37:12 MinePhase: Clicked stable vein at [1263, 713] (vein at [1263, 713])
2026-07-09 14:37:13 MinePhase: Clicked stable vein at [1259, 713] (vein at [1259, 713])
2026-07-09 14:37:15 MinePhase: Clicked stable vein at [1259, 713] (vein at [1259, 713])
2026-07-09 14:37:17 MinePhase: Clicked stable vein at [1259, 713] (vein at [1259, 713])
2026-07-09 14:37:19 MinePhase: Clicked stable vein at [1259, 713] (vein at [1259, 713])
2026-07-09 14:37:20 MinePhase: Clicked stable vein at [1259, 713] (vein at [1259, 713])
2026-07-09 14:37:22 MinePhase: Clicked stable vein at [1259, 713] (vein at [1259, 713])
2026-07-09 14:37:24 MinePhase: Clicked stable vein at [1259, 713] (vein at [1259, 713])
2026-07-09 14:37:25 MinePhase: Clicked stable vein at [1259, 713] (vein at [1259, 713])
2026-07-09 14:37:27 MinePhase: Clicked stable vein at [1259, 713] (vein at [1259, 713])
2026-07-09 14:37:29 MinePhase: Clicked stable vein at [1259, 713] (vein at [1259, 713])
2026-07-09 14:37:31 MinePhase: Clicked stable vein at [1259, 713] (vein at [1259, 713])
2026-07-09 14:37:32 MinePhase: Clicked stable vein at [1259, 713] (vein at [1259, 713])
2026-07-09 14:37:34 MinePhase: Clicked stable vein at [1259, 713] (vein at [1259, 713])
2026-07-09 14:37:36 MinePhase: Clicked stable vein at [1259, 713] (vein at [1259, 713])
2026-07-09 14:37:37 MinePhase: Clicked stable vein at [1259, 713] (vein at [1259, 713])
2026-07-09 14:37:39 MinePhase: Clicked stable vein at [1259, 713] (vein at [1259, 713])
2026-07-09 14:37:41 MinePhase: Clicked stable vein at [1259, 713] (vein at [1259, 713])
2026-07-09 14:37:43 MinePhase: Clicked stable vein at [1259, 713] (vein at [1259, 713])
2026-07-09 14:37:44 MinePhase: Clicked stable vein at [1259, 713] (vein at [1259, 713])
2026-07-09 14:37:46 MinePhase: Clicked stable vein at [1259, 713] (vein at [1259, 713])
2026-07-09 14:37:48 MinePhase: Clicked stable vein at [1259, 713] (vein at [1259, 713])
2026-07-09 14:37:48 MinePhase: Lost track of vein or depleted. Finding new vein.
2026-07-09 14:37:49 MinePhase: Found new vein at [1307, 713]
2026-07-09 14:37:49 MinePhase: Initial click to walk to vein at [1307, 713] (vein at [1307, 713])
2026-07-09 14:37:51 MinePhase: Clicked stable vein at [1263, 713] (vein at [1263, 713])
2026-07-09 14:37:52 MinePhase: Clicked stable vein at [1259, 713] (vein at [1259, 713])
2026-07-09 14:37:54 MinePhase: Clicked stable vein at [1259, 713] (vein at [1259, 713])
2026-07-09 14:37:56 MinePhase: Clicked stable vein at [1259, 713] (vein at [1259, 713])
2026-07-09 14:37:58 MinePhase: Clicked stable vein at [1259, 713] (vein at [1259, 713])
2026-07-09 14:37:59 MinePhase: Clicked stable vein at [1259, 713] (vein at [1259, 713])
2026-07-09 14:38:01 MinePhase: Clicked stable vein at [1259, 713] (vein at [1259, 713])
2026-07-09 14:38:03 MinePhase: Clicked stable vein at [1259, 713] (vein at [1259, 713])
2026-07-09 14:38:04 MinePhase: Clicked stable vein at [1259, 713] (vein at [1259, 713])
2026-07-09 14:38:06 MinePhase: Clicked stable vein at [1259, 713] (vein at [1259, 713])
2026-07-09 14:38:08 MinePhase: Clicked stable vein at [1259, 713] (vein at [1259, 713])
2026-07-09 14:38:10 MinePhase: Clicked stable vein at [1259, 713] (vein at [1259, 713])
2026-07-09 14:38:11 MinePhase: Clicked stable vein at [1259, 713] (vein at [1259, 713])
2026-07-09 14:38:13 MinePhase: Clicked stable vein at [1259, 713] (vein at [1259, 713])
2026-07-09 14:38:15 MinePhase: Clicked stable vein at [1259, 713] (vein at [1259, 713])
2026-07-09 14:38:16 MinePhase: Clicked stable vein at [1259, 713] (vein at [1259, 713])
2026-07-09 14:38:18 MinePhase: Clicked stable vein at [1259, 713] (vein at [1259, 713])
2026-07-09 14:38:20 MinePhase: Clicked stable vein at [1259, 713] (vein at [1259, 713])
2026-07-09 14:38:21 MinePhase: Clicked stable vein at [1259, 713] (vein at [1259, 713])
2026-07-09 14:38:23 MinePhase: Clicked stable vein at [1259, 713] (vein at [1259, 713])
2026-07-09 14:38:23 MinePhase: Inventory full, transitioning to clearRed
2026-07-09 14:38:23 ClearRedPhase: Found new red rockfall at [1349, 347]
2026-07-09 14:38:23 ClearRedPhase: Initial click on red rockfall at [1349, 347]
2026-07-09 14:38:33 ClearRedPhase: Failsafe click on red rockfall at [1255, 633]
2026-07-09 14:38:36 ClearRedPhase: Rockfall cleared or lost. Scanning for another.
2026-07-09 14:38:36 ClearRedPhase: No red rockfalls found. Moving to hopper.
2026-07-09 14:38:37 ClearYellowPhase: Clicked hopper at [892, 440]
2026-07-09 14:38:44 ClearYellowPhase: Ore deposited. Moving to sack.
2026-07-09 14:38:46 WithdrawSackPhase: Clicked sack at [1825, 724]
2026-07-09 14:38:51 WithdrawSackPhase: Items received from sack. Moving to bank.
2026-07-09 14:38:52 DepositBankPhase: Clicked deposit container at [1101, 355]
2026-07-09 14:38:52 DepositBankPhase: Waiting for deposit box to open...
2026-07-09 14:38:56 DepositBankPhase: Deposited all - banking complete, returning to mine
2026-07-09 14:38:56 ReturnMine1Phase: Clicked waypoint 1 at [699, 1279]
2026-07-09 14:39:01 ReturnMine1Phase: Arrived at waypoint 1!
2026-07-09 14:39:01 ReturnMine2Phase: Clicked waypoint 2 at [1251, 1354]
2026-07-09 14:39:05 ReturnMine2Phase: Saw waypoint 2 marker. Moving to final approach.
2026-07-09 14:39:06 ReturnMine2Phase: Clicked final approach spot at [1491, 933]
2026-07-09 14:39:07 ReturnMine2Phase: Wait complete. Handing off to mine phase.
2026-07-09 14:39:07 MinePhase: Found new vein at [1438, 841]
2026-07-09 14:39:08 MinePhase: Initial click to walk to vein at [1438, 821] (vein at [1438, 821])
2026-07-09 14:39:10 MinePhase: Clicked stable vein at [1243, 717] (vein at [1243, 717])
2026-07-09 14:39:11 MinePhase: Clicked stable vein at [1235, 713] (vein at [1235, 713])
2026-07-09 14:39:13 MinePhase: Clicked stable vein at [1235, 713] (vein at [1235, 713])
2026-07-09 14:39:15 MinePhase: Clicked stable vein at [1235, 713] (vein at [1235, 713])
2026-07-09 14:39:16 MinePhase: Clicked stable vein at [1235, 713] (vein at [1235, 713])
2026-07-09 14:39:18 MinePhase: Clicked stable vein at [1235, 713] (vein at [1235, 713])
2026-07-09 14:39:20 MinePhase: Clicked stable vein at [1235, 713] (vein at [1235, 713])
2026-07-09 14:39:21 MinePhase: Clicked stable vein at [1235, 713] (vein at [1235, 713])
2026-07-09 14:39:23 MinePhase: Clicked stable vein at [1235, 713] (vein at [1235, 713])
2026-07-09 14:39:25 MinePhase: Clicked stable vein at [1235, 713] (vein at [1235, 713])
2026-07-09 14:39:27 MinePhase: Clicked stable vein at [1235, 713] (vein at [1235, 713])
2026-07-09 14:39:28 MinePhase: Clicked stable vein at [1235, 713] (vein at [1235, 713])
2026-07-09 14:39:30 MinePhase: Clicked stable vein at [1235, 713] (vein at [1235, 713])
2026-07-09 14:39:32 MinePhase: Clicked stable vein at [1235, 713] (vein at [1235, 713])
2026-07-09 14:39:33 MinePhase: Clicked stable vein at [1235, 713] (vein at [1235, 713])
2026-07-09 14:39:35 MinePhase: Clicked stable vein at [1235, 713] (vein at [1235, 713])
2026-07-09 14:39:37 MinePhase: Clicked stable vein at [1235, 713] (vein at [1235, 713])
2026-07-09 14:39:38 MinePhase: Clicked stable vein at [1235, 713] (vein at [1235, 713])
2026-07-09 14:39:40 MinePhase: Clicked stable vein at [1235, 713] (vein at [1235, 713])
2026-07-09 14:39:42 MinePhase: Clicked stable vein at [1235, 713] (vein at [1235, 713])
2026-07-09 14:39:43 MinePhase: Clicked stable vein at [1235, 713] (vein at [1235, 713])
2026-07-09 14:39:45 MinePhase: Clicked stable vein at [1235, 713] (vein at [1235, 713])
2026-07-09 14:39:45 MinePhase: Lost track of vein or depleted. Finding new vein.
2026-07-09 14:39:46 MinePhase: Found new vein at [1307, 713]
2026-07-09 14:39:46 MinePhase: Initial click to walk to vein at [1307, 713] (vein at [1307, 713])
2026-07-09 14:39:48 MinePhase: Clicked stable vein at [1265, 713] (vein at [1265, 713])
2026-07-09 14:39:49 MinePhase: Clicked stable vein at [1259, 713] (vein at [1259, 713])
2026-07-09 14:39:51 MinePhase: Clicked stable vein at [1259, 713] (vein at [1259, 713])
2026-07-09 14:39:53 MinePhase: Clicked stable vein at [1259, 713] (vein at [1259, 713])
2026-07-09 14:39:54 MinePhase: Clicked stable vein at [1259, 713] (vein at [1259, 713])
2026-07-09 14:39:56 MinePhase: Clicked stable vein at [1259, 713] (vein at [1259, 713])
2026-07-09 14:39:58 MinePhase: Clicked stable vein at [1259, 713] (vein at [1259, 713])
2026-07-09 14:40:00 MinePhase: Clicked stable vein at [1259, 713] (vein at [1259, 713])
2026-07-09 14:40:01 MinePhase: Clicked stable vein at [1259, 713] (vein at [1259, 713])
2026-07-09 14:40:03 MinePhase: Clicked stable vein at [1259, 713] (vein at [1259, 713])
2026-07-09 14:40:05 MinePhase: Clicked stable vein at [1259, 713] (vein at [1259, 713])
2026-07-09 14:40:06 MinePhase: Clicked stable vein at [1259, 713] (vein at [1259, 713])
2026-07-09 14:40:08 MinePhase: Clicked stable vein at [1259, 713] (vein at [1259, 713])
2026-07-09 14:40:10 MinePhase: Clicked stable vein at [1259, 713] (vein at [1259, 713])
2026-07-09 14:40:12 MinePhase: Clicked stable vein at [1259, 713] (vein at [1259, 713])
2026-07-09 14:40:13 MinePhase: Clicked stable vein at [1259, 713] (vein at [1259, 713])
2026-07-09 14:40:15 MinePhase: Clicked stable vein at [1259, 713] (vein at [1259, 713])
2026-07-09 14:40:17 MinePhase: Clicked stable vein at [1259, 713] (vein at [1259, 713])
2026-07-09 14:40:18 MinePhase: Clicked stable vein at [1259, 713] (vein at [1259, 713])
2026-07-09 14:40:20 MinePhase: Clicked stable vein at [1259, 713] (vein at [1259, 713])
2026-07-09 14:40:22 MinePhase: Clicked stable vein at [1259, 713] (vein at [1259, 713])
2026-07-09 14:40:24 MinePhase: Clicked stable vein at [1259, 713] (vein at [1259, 713])
2026-07-09 14:40:25 MinePhase: Clicked stable vein at [1357, 713] (vein at [1357, 713])
2026-07-09 14:40:27 MinePhase: Clicked stable vein at [1263, 713] (vein at [1263, 713])
2026-07-09 14:40:29 MinePhase: Clicked stable vein at [1259, 713] (vein at [1259, 713])
2026-07-09 14:40:30 MinePhase: Clicked stable vein at [1259, 713] (vein at [1259, 713])
2026-07-09 14:40:32 MinePhase: Clicked stable vein at [1259, 713] (vein at [1259, 713])
2026-07-09 14:40:34 MinePhase: Clicked stable vein at [1259, 713] (vein at [1259, 713])
2026-07-09 14:40:36 MinePhase: Clicked stable vein at [1259, 713] (vein at [1259, 713])
2026-07-09 14:40:37 MinePhase: Clicked stable vein at [1259, 713] (vein at [1259, 713])
2026-07-09 14:40:39 MinePhase: Clicked stable vein at [1259, 713] (vein at [1259, 713])
2026-07-09 14:40:41 MinePhase: Clicked stable vein at [1259, 713] (vein at [1259, 713])
2026-07-09 14:40:42 MinePhase: Clicked stable vein at [1259, 713] (vein at [1259, 713])
2026-07-09 14:40:44 MinePhase: Clicked stable vein at [1259, 713] (vein at [1259, 713])
2026-07-09 14:40:46 MinePhase: Clicked stable vein at [1259, 713] (vein at [1259, 713])
2026-07-09 14:40:48 MinePhase: Clicked stable vein at [1259, 713] (vein at [1259, 713])
2026-07-09 14:40:49 MinePhase: Clicked stable vein at [1259, 713] (vein at [1259, 713])
2026-07-09 14:40:51 MinePhase: Clicked stable vein at [1259, 713] (vein at [1259, 713])
2026-07-09 14:40:53 MinePhase: Clicked stable vein at [1259, 713] (vein at [1259, 713])
2026-07-09 14:40:54 MinePhase: Clicked stable vein at [1259, 713] (vein at [1259, 713])
2026-07-09 14:40:56 MinePhase: Clicked stable vein at [1259, 713] (vein at [1259, 713])
2026-07-09 14:40:57 MinePhase: Lost track of vein or depleted. Finding new vein.
2026-07-09 14:40:57 MinePhase: Found new vein at [1209, 713]
2026-07-09 14:40:57 MinePhase: Initial click to walk to vein at [1209, 713] (vein at [1209, 713])
2026-07-09 14:40:59 MinePhase: Clicked stable vein at [1253, 713] (vein at [1253, 713])
2026-07-09 14:41:01 MinePhase: Clicked stable vein at [1259, 713] (vein at [1259, 713])
2026-07-09 14:41:03 MinePhase: Clicked stable vein at [1259, 713] (vein at [1259, 713])
2026-07-09 14:41:04 MinePhase: Clicked stable vein at [1259, 713] (vein at [1259, 713])
2026-07-09 14:41:06 MinePhase: Clicked stable vein at [1259, 713] (vein at [1259, 713])
2026-07-09 14:41:08 MinePhase: Clicked stable vein at [1259, 713] (vein at [1259, 713])
2026-07-09 14:41:09 MinePhase: Clicked stable vein at [1259, 713] (vein at [1259, 713])
2026-07-09 14:41:11 MinePhase: Clicked stable vein at [1259, 713] (vein at [1259, 713])
2026-07-09 14:41:13 MinePhase: Clicked stable vein at [1259, 713] (vein at [1259, 713])
2026-07-09 14:41:13 MinePhase: Inventory full, transitioning to clearRed
2026-07-09 14:41:14 ClearRedPhase: Found new red rockfall at [1185, 347]
2026-07-09 14:41:14 ClearRedPhase: Initial click on red rockfall at [1185, 347]
2026-07-09 14:41:21 ClearRedPhase: Rockfall cleared or lost. Scanning for another.
2026-07-09 14:41:21 ClearRedPhase: No red rockfalls found. Moving to hopper.
2026-07-09 14:41:22 ClearYellowPhase: Clicked hopper at [1126, 448]
2026-07-09 14:41:26 ClearYellowPhase: Ore deposited. Moving to sack.
2026-07-09 14:41:27 WithdrawSackPhase: Clicked sack at [1825, 724]
2026-07-09 14:41:33 WithdrawSackPhase: Items received from sack. Moving to bank.
2026-07-09 14:41:34 DepositBankPhase: Clicked deposit container at [1099, 355]
2026-07-09 14:41:34 DepositBankPhase: Waiting for deposit box to open...
2026-07-09 14:41:38 DepositBankPhase: Deposited all - banking complete, returning to mine
2026-07-09 14:41:38 ReturnMine1Phase: Clicked waypoint 1 at [699, 1279]
2026-07-09 14:41:44 ReturnMine1Phase: Arrived at waypoint 1!
2026-07-09 14:41:44 ReturnMine2Phase: Clicked waypoint 2 at [1251, 1354]
2026-07-09 14:41:48 ReturnMine2Phase: Saw waypoint 2 marker. Moving to final approach.
2026-07-09 14:41:49 ReturnMine2Phase: Clicked final approach spot at [1491, 933]
2026-07-09 14:41:50 ReturnMine2Phase: Wait complete. Handing off to mine phase.
2026-07-09 14:41:50 MinePhase: Found new vein at [1438, 842]
2026-07-09 14:41:50 MinePhase: Initial click to walk to vein at [1438, 823] (vein at [1438, 823])
2026-07-09 14:41:52 MinePhase: Clicked stable vein at [1241, 717] (vein at [1241, 717])
2026-07-09 14:41:54 MinePhase: Clicked stable vein at [1235, 713] (vein at [1235, 713])
2026-07-09 14:41:56 MinePhase: Clicked stable vein at [1235, 713] (vein at [1235, 713])
2026-07-09 14:41:57 MinePhase: Clicked stable vein at [1235, 713] (vein at [1235, 713])
2026-07-09 14:41:59 MinePhase: Clicked stable vein at [1235, 713] (vein at [1235, 713])
2026-07-09 14:42:01 MinePhase: Clicked stable vein at [1235, 713] (vein at [1235, 713])
2026-07-09 14:42:02 MinePhase: Clicked stable vein at [1235, 713] (vein at [1235, 713])
2026-07-09 14:42:04 MinePhase: Clicked stable vein at [1235, 713] (vein at [1235, 713])
2026-07-09 14:42:06 MinePhase: Clicked stable vein at [1235, 713] (vein at [1235, 713])
2026-07-09 14:42:08 MinePhase: Clicked stable vein at [1235, 713] (vein at [1235, 713])
2026-07-09 14:42:09 MinePhase: Clicked stable vein at [1235, 713] (vein at [1235, 713])
2026-07-09 14:42:11 MinePhase: Clicked stable vein at [1235, 713] (vein at [1235, 713])
2026-07-09 14:42:13 MinePhase: Clicked stable vein at [1235, 713] (vein at [1235, 713])
2026-07-09 14:42:14 MinePhase: Clicked stable vein at [1235, 713] (vein at [1235, 713])
2026-07-09 14:42:16 MinePhase: Clicked stable vein at [1235, 713] (vein at [1235, 713])
2026-07-09 14:42:18 MinePhase: Clicked stable vein at [1235, 713] (vein at [1235, 713])
2026-07-09 14:42:19 MinePhase: Clicked stable vein at [1235, 713] (vein at [1235, 713])
2026-07-09 14:42:21 MinePhase: Clicked stable vein at [1235, 713] (vein at [1235, 713])
2026-07-09 14:42:23 MinePhase: Clicked stable vein at [1235, 713] (vein at [1235, 713])
2026-07-09 14:42:25 MinePhase: Clicked stable vein at [1235, 713] (vein at [1235, 713])
2026-07-09 14:42:26 MinePhase: Clicked stable vein at [1235, 713] (vein at [1235, 713])
2026-07-09 14:42:28 MinePhase: Clicked stable vein at [1235, 713] (vein at [1235, 713])
2026-07-09 14:42:30 MinePhase: Clicked stable vein at [1235, 713] (vein at [1235, 713])
2026-07-09 14:42:31 MinePhase: Clicked stable vein at [1235, 713] (vein at [1235, 713])
2026-07-09 14:42:33 MinePhase: Clicked stable vein at [1235, 713] (vein at [1235, 713])
2026-07-09 14:42:35 MinePhase: Clicked stable vein at [1235, 713] (vein at [1235, 713])
2026-07-09 14:42:35 MinePhase: Lost track of vein or depleted. Finding new vein.
2026-07-09 14:42:35 MinePhase: Found new vein at [1307, 713]
2026-07-09 14:42:36 MinePhase: Initial click to walk to vein at [1307, 713] (vein at [1307, 713])
2026-07-09 14:42:37 MinePhase: Clicked stable vein at [1265, 713] (vein at [1265, 713])
2026-07-09 14:42:39 MinePhase: Clicked stable vein at [1259, 713] (vein at [1259, 713])
2026-07-09 14:42:41 MinePhase: Clicked stable vein at [1259, 713] (vein at [1259, 713])
2026-07-09 14:42:43 MinePhase: Clicked stable vein at [1259, 713] (vein at [1259, 713])
2026-07-09 14:42:44 MinePhase: Clicked stable vein at [1259, 713] (vein at [1259, 713])
2026-07-09 14:42:46 MinePhase: Clicked stable vein at [1259, 713] (vein at [1259, 713])
2026-07-09 14:42:48 MinePhase: Clicked stable vein at [1259, 713] (vein at [1259, 713])
2026-07-09 14:42:50 MinePhase: Clicked stable vein at [1259, 713] (vein at [1259, 713])
2026-07-09 14:42:51 MinePhase: Clicked stable vein at [1259, 713] (vein at [1259, 713])
2026-07-09 14:42:53 MinePhase: Clicked stable vein at [1259, 713] (vein at [1259, 713])
2026-07-09 14:42:55 MinePhase: Clicked stable vein at [1259, 713] (vein at [1259, 713])
2026-07-09 14:42:56 MinePhase: Clicked stable vein at [1259, 713] (vein at [1259, 713])
2026-07-09 14:42:58 MinePhase: Clicked stable vein at [1259, 713] (vein at [1259, 713])
2026-07-09 14:43:00 MinePhase: Clicked stable vein at [1259, 713] (vein at [1259, 713])
2026-07-09 14:43:01 MinePhase: Clicked stable vein at [1259, 713] (vein at [1259, 713])
2026-07-09 14:43:03 MinePhase: Clicked stable vein at [1259, 713] (vein at [1259, 713])
2026-07-09 14:43:05 MinePhase: Clicked stable vein at [1259, 713] (vein at [1259, 713])
2026-07-09 14:43:07 MinePhase: Clicked stable vein at [1355, 713] (vein at [1355, 713])
2026-07-09 14:43:09 MinePhase: Clicked stable vein at [1267, 713] (vein at [1267, 713])
2026-07-09 14:43:11 MinePhase: Clicked stable vein at [1259, 713] (vein at [1259, 713])
2026-07-09 14:43:12 MinePhase: Clicked stable vein at [1259, 713] (vein at [1259, 713])
2026-07-09 14:43:14 MinePhase: Clicked stable vein at [1259, 713] (vein at [1259, 713])
2026-07-09 14:43:16 MinePhase: Clicked stable vein at [1259, 713] (vein at [1259, 713])
2026-07-09 14:43:17 MinePhase: Clicked stable vein at [1259, 713] (vein at [1259, 713])
2026-07-09 14:43:19 MinePhase: Clicked stable vein at [1259, 713] (vein at [1259, 713])
2026-07-09 14:43:21 MinePhase: Clicked stable vein at [1259, 713] (vein at [1259, 713])
2026-07-09 14:43:22 MinePhase: Clicked stable vein at [1259, 713] (vein at [1259, 713])
2026-07-09 14:43:24 MinePhase: Clicked stable vein at [1259, 713] (vein at [1259, 713])
2026-07-09 14:43:26 MinePhase: Clicked stable vein at [1259, 713] (vein at [1259, 713])
2026-07-09 14:43:28 MinePhase: Clicked stable vein at [1259, 713] (vein at [1259, 713])
2026-07-09 14:43:29 MinePhase: Clicked stable vein at [1259, 713] (vein at [1259, 713])
2026-07-09 14:43:31 MinePhase: Clicked stable vein at [1259, 713] (vein at [1259, 713])
2026-07-09 14:43:33 MinePhase: Clicked stable vein at [1259, 713] (vein at [1259, 713])
2026-07-09 14:43:34 MinePhase: Clicked stable vein at [1259, 713] (vein at [1259, 713])
2026-07-09 14:43:36 MinePhase: Clicked stable vein at [1259, 713] (vein at [1259, 713])
2026-07-09 14:43:38 MinePhase: Clicked stable vein at [1259, 713] (vein at [1259, 713])
2026-07-09 14:43:40 MinePhase: Clicked stable vein at [1259, 713] (vein at [1259, 713])
2026-07-09 14:43:41 MinePhase: Clicked stable vein at [1259, 713] (vein at [1259, 713])
2026-07-09 14:43:43 MinePhase: Clicked stable vein at [1259, 713] (vein at [1259, 713])
2026-07-09 14:43:45 MinePhase: Clicked stable vein at [1259, 713] (vein at [1259, 713])
2026-07-09 14:43:45 MinePhase: Lost track of vein or depleted. Finding new vein.
2026-07-09 14:43:45 MinePhase: Found new vein at [1209, 713]
2026-07-09 14:43:45 MinePhase: Initial click to walk to vein at [1209, 713] (vein at [1209, 713])
2026-07-09 14:43:47 MinePhase: Clicked stable vein at [1253, 713] (vein at [1253, 713])
2026-07-09 14:43:48 MinePhase: Lost track of vein or depleted. Finding new vein.
2026-07-09 14:44:08 MinePhase: Found new vein at [1135, 713]
2026-07-09 14:44:08 MinePhase: Initial click to walk to vein at [1135, 713] (vein at [1135, 713])
2026-07-09 14:44:10 MinePhase: Clicked stable vein at [1229, 713] (vein at [1229, 713])
2026-07-09 14:44:12 MinePhase: Clicked stable vein at [1235, 713] (vein at [1235, 713])
2026-07-09 14:44:14 MinePhase: Clicked stable vein at [1235, 713] (vein at [1235, 713])
2026-07-09 14:44:15 MinePhase: Clicked stable vein at [1235, 713] (vein at [1235, 713])
2026-07-09 14:44:17 MinePhase: Clicked stable vein at [1235, 713] (vein at [1235, 713])
2026-07-09 14:44:19 MinePhase: Clicked stable vein at [1235, 713] (vein at [1235, 713])
2026-07-09 14:44:20 MinePhase: Clicked stable vein at [1235, 713] (vein at [1235, 713])
2026-07-09 14:44:22 MinePhase: Clicked stable vein at [1235, 713] (vein at [1235, 713])
2026-07-09 14:44:24 MinePhase: Clicked stable vein at [1235, 713] (vein at [1235, 713])
2026-07-09 14:44:25 MinePhase: Clicked stable vein at [1235, 713] (vein at [1235, 713])
2026-07-09 14:44:27 MinePhase: Clicked stable vein at [1235, 713] (vein at [1235, 713])
2026-07-09 14:44:29 MinePhase: Clicked stable vein at [1235, 713] (vein at [1235, 713])
2026-07-09 14:44:31 MinePhase: Clicked stable vein at [1235, 713] (vein at [1235, 713])
2026-07-09 14:44:32 MinePhase: Clicked stable vein at [1235, 713] (vein at [1235, 713])
2026-07-09 14:44:34 MinePhase: Clicked stable vein at [1235, 713] (vein at [1235, 713])
2026-07-09 14:44:36 MinePhase: Clicked stable vein at [1235, 713] (vein at [1235, 713])
2026-07-09 14:44:37 MinePhase: Clicked stable vein at [1235, 713] (vein at [1235, 713])
2026-07-09 14:44:39 MinePhase: Clicked stable vein at [1235, 713] (vein at [1235, 713])
2026-07-09 14:44:40 MinePhase: Lost track of vein or depleted. Finding new vein.
2026-07-09 14:44:51 MinePhase: Found new vein at [1307, 713]
2026-07-09 14:44:51 MinePhase: Initial click to walk to vein at [1307, 713] (vein at [1307, 713])
2026-07-09 14:44:53 MinePhase: Clicked stable vein at [1263, 713] (vein at [1263, 713])
2026-07-09 14:44:54 MinePhase: Clicked stable vein at [1259, 713] (vein at [1259, 713])
2026-07-09 14:44:56 MinePhase: Clicked stable vein at [1259, 713] (vein at [1259, 713])
2026-07-09 14:44:58 MinePhase: Clicked stable vein at [1259, 713] (vein at [1259, 713])
2026-07-09 14:44:59 MinePhase: Clicked stable vein at [1259, 713] (vein at [1259, 713])
2026-07-09 14:45:01 MinePhase: Clicked stable vein at [1259, 713] (vein at [1259, 713])
2026-07-09 14:45:03 MinePhase: Clicked stable vein at [1259, 713] (vein at [1259, 713])
2026-07-09 14:45:05 MinePhase: Clicked stable vein at [1259, 713] (vein at [1259, 713])
2026-07-09 14:45:06 MinePhase: Clicked stable vein at [1259, 713] (vein at [1259, 713])
2026-07-09 14:45:08 MinePhase: Clicked stable vein at [1259, 713] (vein at [1259, 713])
2026-07-09 14:45:10 MinePhase: Clicked stable vein at [1259, 713] (vein at [1259, 713])
2026-07-09 14:45:10 MinePhase: Inventory full, transitioning to clearRed
2026-07-09 14:45:11 ClearRedPhase: Found new red rockfall at [1217, 347]
2026-07-09 14:45:11 ClearRedPhase: Initial click on red rockfall at [1217, 347]
2026-07-09 14:45:18 ClearRedPhase: Failsafe click on red rockfall at [1261, 639]
2026-07-09 14:45:20 ClearRedPhase: Rockfall cleared or lost. Scanning for another.
2026-07-09 14:45:20 ClearRedPhase: Found new red rockfall at [1517, 639]
2026-07-09 14:45:20 ClearRedPhase: Initial click on red rockfall at [1517, 639]
2026-07-09 14:45:24 ClearRedPhase: Rockfall cleared or lost. Scanning for another.
2026-07-09 14:45:24 ClearRedPhase: No red rockfalls found. Moving to hopper.
2026-07-09 14:45:25 ClearYellowPhase: Clicked hopper at [894, 440]
2026-07-09 14:45:31 ClearYellowPhase: Ore deposited. Moving to sack.
2026-07-09 14:45:32 WithdrawSackPhase: Clicked sack at [1825, 724]
2026-07-09 14:45:38 WithdrawSackPhase: Items received from sack. Moving to bank.
2026-07-09 14:45:39 DepositBankPhase: Clicked deposit container at [1101, 355]
2026-07-09 14:45:39 DepositBankPhase: Waiting for deposit box to open...
2026-07-09 14:45:43 DepositBankPhase: Deposited all - banking complete, returning to mine
2026-07-09 14:45:43 ReturnMine1Phase: Clicked waypoint 1 at [699, 1279]
2026-07-09 14:45:48 ReturnMine1Phase: Arrived at waypoint 1!
2026-07-09 14:45:49 ReturnMine2Phase: Clicked waypoint 2 at [1251, 1354]
2026-07-09 14:45:53 ReturnMine2Phase: Saw waypoint 2 marker. Moving to final approach.
2026-07-09 14:45:53 ReturnMine2Phase: Clicked final approach spot at [1491, 933]
2026-07-09 14:45:54 ReturnMine2Phase: Wait complete. Handing off to mine phase.
2026-07-09 14:45:55 MinePhase: Found new vein at [1438, 842]
2026-07-09 14:45:55 MinePhase: Initial click to walk to vein at [1438, 815] (vein at [1438, 815])
2026-07-09 14:45:58 MinePhase: Clicked stable vein at [1361, 717] (vein at [1361, 717])
2026-07-09 14:45:59 MinePhase: Clicked stable vein at [1265, 713] (vein at [1265, 713])
2026-07-09 14:46:01 MinePhase: Clicked stable vein at [1259, 713] (vein at [1259, 713])
2026-07-09 14:46:03 MinePhase: Clicked stable vein at [1259, 713] (vein at [1259, 713])
2026-07-09 14:46:04 MinePhase: Clicked stable vein at [1259, 713] (vein at [1259, 713])
2026-07-09 14:46:06 MinePhase: Clicked stable vein at [1259, 713] (vein at [1259, 713])
2026-07-09 14:46:08 MinePhase: Clicked stable vein at [1259, 713] (vein at [1259, 713])
2026-07-09 14:46:09 MinePhase: Clicked stable vein at [1259, 713] (vein at [1259, 713])
2026-07-09 14:46:11 MinePhase: Clicked stable vein at [1259, 713] (vein at [1259, 713])
2026-07-09 14:46:13 MinePhase: Clicked stable vein at [1259, 713] (vein at [1259, 713])
2026-07-09 14:46:15 MinePhase: Clicked stable vein at [1259, 713] (vein at [1259, 713])
2026-07-09 14:46:16 MinePhase: Clicked stable vein at [1259, 713] (vein at [1259, 713])
2026-07-09 14:46:18 MinePhase: Clicked stable vein at [1259, 713] (vein at [1259, 713])
2026-07-09 14:46:20 MinePhase: Clicked stable vein at [1259, 713] (vein at [1259, 713])
2026-07-09 14:46:21 MinePhase: Clicked stable vein at [1259, 713] (vein at [1259, 713])
2026-07-09 14:46:23 MinePhase: Clicked stable vein at [1259, 713] (vein at [1259, 713])
2026-07-09 14:46:25 MinePhase: Clicked stable vein at [1259, 713] (vein at [1259, 713])
2026-07-09 14:46:27 MinePhase: Clicked stable vein at [1259, 713] (vein at [1259, 713])
2026-07-09 14:46:28 MinePhase: Lost track of vein or depleted. Finding new vein.
2026-07-09 14:46:28 MinePhase: Found new vein at [1087, 713]
2026-07-09 14:46:28 MinePhase: Initial click to walk to vein at [1087, 713] (vein at [1087, 713])
2026-07-09 14:46:30 MinePhase: Clicked stable vein at [1229, 713] (vein at [1229, 713])
2026-07-09 14:46:32 MinePhase: Clicked stable vein at [1235, 713] (vein at [1235, 713])
2026-07-09 14:46:34 MinePhase: Clicked stable vein at [1235, 713] (vein at [1235, 713])
2026-07-09 14:46:36 MinePhase: Clicked stable vein at [1235, 713] (vein at [1235, 713])
2026-07-09 14:46:37 MinePhase: Clicked stable vein at [1235, 713] (vein at [1235, 713])
2026-07-09 14:46:39 MinePhase: Clicked stable vein at [1235, 713] (vein at [1235, 713])
2026-07-09 14:46:41 MinePhase: Clicked stable vein at [1235, 713] (vein at [1235, 713])
2026-07-09 14:46:42 MinePhase: Clicked stable vein at [1235, 713] (vein at [1235, 713])
2026-07-09 14:46:44 MinePhase: Clicked stable vein at [1235, 713] (vein at [1235, 713])
2026-07-09 14:46:46 MinePhase: Clicked stable vein at [1235, 713] (vein at [1235, 713])
2026-07-09 14:46:48 MinePhase: Clicked stable vein at [1235, 713] (vein at [1235, 713])
2026-07-09 14:46:49 MinePhase: Clicked stable vein at [1235, 713] (vein at [1235, 713])
2026-07-09 14:46:51 MinePhase: Clicked stable vein at [1235, 713] (vein at [1235, 713])
2026-07-09 14:46:53 MinePhase: Clicked stable vein at [1235, 713] (vein at [1235, 713])
2026-07-09 14:46:54 MinePhase: Clicked stable vein at [1235, 713] (vein at [1235, 713])
2026-07-09 14:46:56 MinePhase: Clicked stable vein at [1235, 713] (vein at [1235, 713])
2026-07-09 14:46:58 MinePhase: Clicked stable vein at [1235, 713] (vein at [1235, 713])
2026-07-09 14:47:00 MinePhase: Clicked stable vein at [1235, 713] (vein at [1235, 713])
2026-07-09 14:47:01 MinePhase: Lost track of vein or depleted. Finding new vein.
2026-07-09 14:47:01 MinePhase: Found new vein at [1307, 713]
2026-07-09 14:47:01 MinePhase: Initial click to walk to vein at [1307, 713] (vein at [1307, 713])
2026-07-09 14:47:03 MinePhase: Clicked stable vein at [1265, 713] (vein at [1265, 713])
2026-07-09 14:47:05 MinePhase: Clicked stable vein at [1259, 713] (vein at [1259, 713])
2026-07-09 14:47:07 MinePhase: Clicked stable vein at [1259, 713] (vein at [1259, 713])
2026-07-09 14:47:08 MinePhase: Clicked stable vein at [1259, 713] (vein at [1259, 713])
2026-07-09 14:47:10 MinePhase: Clicked stable vein at [1259, 713] (vein at [1259, 713])
2026-07-09 14:47:12 MinePhase: Clicked stable vein at [1259, 713] (vein at [1259, 713])
2026-07-09 14:47:14 MinePhase: Clicked stable vein at [1259, 713] (vein at [1259, 713])
2026-07-09 14:47:15 MinePhase: Clicked stable vein at [1259, 713] (vein at [1259, 713])
2026-07-09 14:47:17 MinePhase: Clicked stable vein at [1259, 713] (vein at [1259, 713])
2026-07-09 14:47:19 MinePhase: Clicked stable vein at [1259, 713] (vein at [1259, 713])
2026-07-09 14:47:20 MinePhase: Clicked stable vein at [1259, 713] (vein at [1259, 713])
2026-07-09 14:47:22 MinePhase: Clicked stable vein at [1259, 713] (vein at [1259, 713])
2026-07-09 14:47:24 MinePhase: Clicked stable vein at [1259, 713] (vein at [1259, 713])
2026-07-09 14:47:26 MinePhase: Clicked stable vein at [1259, 713] (vein at [1259, 713])
2026-07-09 14:47:27 MinePhase: Clicked stable vein at [1259, 713] (vein at [1259, 713])
2026-07-09 14:47:29 MinePhase: Clicked stable vein at [1259, 713] (vein at [1259, 713])
2026-07-09 14:47:31 MinePhase: Clicked stable vein at [1259, 713] (vein at [1259, 713])
2026-07-09 14:47:32 MinePhase: Clicked stable vein at [1259, 713] (vein at [1259, 713])
2026-07-09 14:47:34 MinePhase: Lost track of vein or depleted. Finding new vein.
2026-07-09 14:47:34 MinePhase: Found new vein at [1307, 713]
2026-07-09 14:47:34 MinePhase: Initial click to walk to vein at [1307, 713] (vein at [1307, 713])
2026-07-09 14:47:36 MinePhase: Clicked stable vein at [1263, 713] (vein at [1263, 713])
2026-07-09 14:47:38 MinePhase: Clicked stable vein at [1259, 713] (vein at [1259, 713])
2026-07-09 14:47:39 MinePhase: Clicked stable vein at [1259, 713] (vein at [1259, 713])
2026-07-09 14:47:41 MinePhase: Clicked stable vein at [1259, 713] (vein at [1259, 713])
2026-07-09 14:47:43 MinePhase: Clicked stable vein at [1259, 713] (vein at [1259, 713])
2026-07-09 14:47:44 MinePhase: Clicked stable vein at [1259, 713] (vein at [1259, 713])
2026-07-09 14:47:46 MinePhase: Clicked stable vein at [1259, 713] (vein at [1259, 713])
2026-07-09 14:47:48 MinePhase: Clicked stable vein at [1259, 713] (vein at [1259, 713])
2026-07-09 14:47:50 MinePhase: Clicked stable vein at [1259, 713] (vein at [1259, 713])
2026-07-09 14:47:51 MinePhase: Clicked stable vein at [1259, 713] (vein at [1259, 713])
2026-07-09 14:47:53 MinePhase: Clicked stable vein at [1259, 713] (vein at [1259, 713])
2026-07-09 14:47:55 MinePhase: Clicked stable vein at [1259, 713] (vein at [1259, 713])
2026-07-09 14:47:55 MinePhase: Inventory full, transitioning to clearRed
2026-07-09 14:47:56 ClearRedPhase: Found new red rockfall at [1185, 347]
2026-07-09 14:47:56 ClearRedPhase: Initial click on red rockfall at [1185, 347]
2026-07-09 14:48:03 ClearRedPhase: Failsafe click on red rockfall at [1257, 639]
2026-07-09 14:48:05 ClearRedPhase: Rockfall cleared or lost. Scanning for another.
2026-07-09 14:48:05 ClearRedPhase: No red rockfalls found. Moving to hopper.
2026-07-09 14:48:06 ClearYellowPhase: Clicked hopper at [1126, 448]
2026-07-09 14:48:11 ClearYellowPhase: Ore deposited. Moving to sack.
2026-07-09 14:48:12 WithdrawSackPhase: Clicked sack at [1825, 724]
2026-07-09 14:48:18 WithdrawSackPhase: Items received from sack. Moving to bank.
2026-07-09 14:48:18 DepositBankPhase: Clicked deposit container at [1101, 355]
2026-07-09 14:48:18 DepositBankPhase: Waiting for deposit box to open...
2026-07-09 14:48:22 DepositBankPhase: Deposited all - banking complete, returning to mine
2026-07-09 14:48:22 ReturnMine1Phase: Clicked waypoint 1 at [699, 1279]
2026-07-09 14:48:28 ReturnMine1Phase: Arrived at waypoint 1!
2026-07-09 14:48:28 ReturnMine2Phase: Clicked waypoint 2 at [1251, 1354]
2026-07-09 14:48:32 ReturnMine2Phase: Saw waypoint 2 marker. Moving to final approach.
2026-07-09 14:48:33 ReturnMine2Phase: Clicked final approach spot at [1491, 933]
2026-07-09 14:48:34 ReturnMine2Phase: Wait complete. Handing off to mine phase.
2026-07-09 14:48:35 MinePhase: Found new vein at [1438, 821]
2026-07-09 14:48:35 MinePhase: Initial click to walk to vein at [1438, 809] (vein at [1438, 809])
2026-07-09 14:48:37 MinePhase: Clicked stable vein at [1267, 717] (vein at [1267, 717])
2026-07-09 14:48:39 MinePhase: Lost track of vein or depleted. Finding new vein.
2026-07-09 14:48:40 MinePhase: Found new vein at [1307, 713]
2026-07-09 14:48:40 MinePhase: Initial click to walk to vein at [1307, 713] (vein at [1307, 713])
2026-07-09 14:48:42 MinePhase: Clicked stable vein at [1267, 713] (vein at [1267, 713])
2026-07-09 14:48:43 MinePhase: Clicked stable vein at [1259, 713] (vein at [1259, 713])
2026-07-09 14:48:45 MinePhase: Clicked stable vein at [1259, 713] (vein at [1259, 713])
2026-07-09 14:48:47 MinePhase: Clicked stable vein at [1259, 713] (vein at [1259, 713])
2026-07-09 14:48:49 MinePhase: Clicked stable vein at [1259, 713] (vein at [1259, 713])
2026-07-09 14:48:50 MinePhase: Clicked stable vein at [1259, 713] (vein at [1259, 713])
2026-07-09 14:48:52 MinePhase: Clicked stable vein at [1259, 713] (vein at [1259, 713])
2026-07-09 14:48:54 MinePhase: Clicked stable vein at [1259, 713] (vein at [1259, 713])
2026-07-09 14:48:55 MinePhase: Clicked stable vein at [1259, 713] (vein at [1259, 713])
2026-07-09 14:48:57 MinePhase: Clicked stable vein at [1259, 713] (vein at [1259, 713])
2026-07-09 14:48:59 MinePhase: Clicked stable vein at [1259, 713] (vein at [1259, 713])
2026-07-09 14:49:00 MinePhase: Clicked stable vein at [1259, 713] (vein at [1259, 713])
2026-07-09 14:49:02 MinePhase: Clicked stable vein at [1259, 713] (vein at [1259, 713])
2026-07-09 14:49:04 MinePhase: Clicked stable vein at [1259, 713] (vein at [1259, 713])
2026-07-09 14:49:06 MinePhase: Clicked stable vein at [1259, 713] (vein at [1259, 713])
2026-07-09 14:49:07 MinePhase: Clicked stable vein at [1259, 713] (vein at [1259, 713])
2026-07-09 14:49:09 MinePhase: Clicked stable vein at [1259, 713] (vein at [1259, 713])
2026-07-09 14:49:11 MinePhase: Clicked stable vein at [1259, 713] (vein at [1259, 713])
2026-07-09 14:49:12 MinePhase: Clicked stable vein at [1259, 713] (vein at [1259, 713])
2026-07-09 14:49:14 MinePhase: Clicked stable vein at [1259, 713] (vein at [1259, 713])
2026-07-09 14:49:16 MinePhase: Clicked stable vein at [1259, 713] (vein at [1259, 713])
2026-07-09 14:49:18 MinePhase: Clicked stable vein at [1259, 713] (vein at [1259, 713])
2026-07-09 14:49:19 MinePhase: Clicked stable vein at [1259, 713] (vein at [1259, 713])
2026-07-09 14:49:19 MinePhase: Lost track of vein or depleted. Finding new vein.
2026-07-09 14:49:20 MinePhase: Found new vein at [1087, 713]
2026-07-09 14:49:20 MinePhase: Initial click to walk to vein at [1087, 713] (vein at [1087, 713])
2026-07-09 14:49:22 MinePhase: Clicked stable vein at [1231, 713] (vein at [1231, 713])
2026-07-09 14:49:24 MinePhase: Clicked stable vein at [1235, 713] (vein at [1235, 713])
2026-07-09 14:49:26 MinePhase: Clicked stable vein at [1235, 713] (vein at [1235, 713])
2026-07-09 14:49:27 MinePhase: Clicked stable vein at [1235, 713] (vein at [1235, 713])
2026-07-09 14:49:29 MinePhase: Clicked stable vein at [1235, 713] (vein at [1235, 713])
2026-07-09 14:49:31 MinePhase: Clicked stable vein at [1235, 713] (vein at [1235, 713])
2026-07-09 14:49:32 MinePhase: Clicked stable vein at [1235, 713] (vein at [1235, 713])
2026-07-09 14:49:34 MinePhase: Clicked stable vein at [1235, 713] (vein at [1235, 713])
2026-07-09 14:49:36 MinePhase: Clicked stable vein at [1235, 713] (vein at [1235, 713])
2026-07-09 14:49:38 MinePhase: Clicked stable vein at [1235, 713] (vein at [1235, 713])
2026-07-09 14:49:39 MinePhase: Clicked stable vein at [1235, 713] (vein at [1235, 713])
2026-07-09 14:49:41 MinePhase: Clicked stable vein at [1235, 713] (vein at [1235, 713])
2026-07-09 14:49:43 MinePhase: Clicked stable vein at [1235, 713] (vein at [1235, 713])
2026-07-09 14:49:44 MinePhase: Clicked stable vein at [1235, 713] (vein at [1235, 713])
2026-07-09 14:49:46 MinePhase: Clicked stable vein at [1235, 713] (vein at [1235, 713])
2026-07-09 14:49:48 MinePhase: Clicked stable vein at [1235, 713] (vein at [1235, 713])
2026-07-09 14:49:50 MinePhase: Clicked stable vein at [1235, 713] (vein at [1235, 713])
2026-07-09 14:49:51 MinePhase: Clicked stable vein at [1235, 713] (vein at [1235, 713])
2026-07-09 14:49:53 MinePhase: Lost track of vein or depleted. Finding new vein.
2026-07-09 14:49:53 MinePhase: Found new vein at [1307, 713]
2026-07-09 14:49:53 MinePhase: Initial click to walk to vein at [1307, 713] (vein at [1307, 713])
2026-07-09 14:49:55 MinePhase: Clicked stable vein at [1267, 713] (vein at [1267, 713])
2026-07-09 14:49:57 MinePhase: Clicked stable vein at [1259, 713] (vein at [1259, 713])
2026-07-09 14:49:58 MinePhase: Clicked stable vein at [1259, 713] (vein at [1259, 713])
2026-07-09 14:50:00 MinePhase: Clicked stable vein at [1259, 713] (vein at [1259, 713])
2026-07-09 14:50:02 MinePhase: Clicked stable vein at [1259, 713] (vein at [1259, 713])
2026-07-09 14:50:03 MinePhase: Clicked stable vein at [1259, 713] (vein at [1259, 713])
2026-07-09 14:50:05 MinePhase: Clicked stable vein at [1259, 713] (vein at [1259, 713])
2026-07-09 14:50:07 MinePhase: Clicked stable vein at [1259, 713] (vein at [1259, 713])
2026-07-09 14:50:08 MinePhase: Clicked stable vein at [1259, 713] (vein at [1259, 713])
2026-07-09 14:50:10 MinePhase: Clicked stable vein at [1259, 713] (vein at [1259, 713])
2026-07-09 14:50:12 MinePhase: Clicked stable vein at [1259, 713] (vein at [1259, 713])
2026-07-09 14:50:14 MinePhase: Clicked stable vein at [1259, 713] (vein at [1259, 713])
2026-07-09 14:50:15 MinePhase: Clicked stable vein at [1259, 713] (vein at [1259, 713])
2026-07-09 14:50:17 MinePhase: Clicked stable vein at [1259, 713] (vein at [1259, 713])
2026-07-09 14:50:19 MinePhase: Clicked stable vein at [1259, 713] (vein at [1259, 713])
2026-07-09 14:50:20 MinePhase: Clicked stable vein at [1259, 713] (vein at [1259, 713])
2026-07-09 14:50:22 MinePhase: Clicked stable vein at [1259, 713] (vein at [1259, 713])
2026-07-09 14:50:24 MinePhase: Lost track of vein or depleted. Finding new vein.
2026-07-09 14:50:24 MinePhase: Found new vein at [1307, 713]
2026-07-09 14:50:24 MinePhase: Initial click to walk to vein at [1307, 713] (vein at [1307, 713])
2026-07-09 14:50:26 MinePhase: Clicked stable vein at [1263, 713] (vein at [1263, 713])
2026-07-09 14:50:27 MinePhase: Clicked stable vein at [1259, 713] (vein at [1259, 713])
2026-07-09 14:50:29 MinePhase: Clicked stable vein at [1259, 713] (vein at [1259, 713])
2026-07-09 14:50:29 MinePhase: Inventory full, transitioning to clearRed
2026-07-09 14:50:30 ClearRedPhase: Found new red rockfall at [1381, 347]
2026-07-09 14:50:30 ClearRedPhase: Initial click on red rockfall at [1381, 347]
2026-07-09 14:50:39 ClearRedPhase: Rockfall cleared or lost. Scanning for another.
2026-07-09 14:50:39 ClearRedPhase: No red rockfalls found. Moving to hopper.
2026-07-09 14:50:40 ClearYellowPhase: Clicked hopper at [894, 440]
2026-07-09 14:50:46 ClearYellowPhase: Ore deposited. Moving to sack.
2026-07-09 14:50:47 WithdrawSackPhase: Clicked sack at [1825, 724]
2026-07-09 14:50:53 WithdrawSackPhase: Items received from sack. Moving to bank.
2026-07-09 14:50:54 DepositBankPhase: Clicked deposit container at [1103, 355]
2026-07-09 14:50:54 DepositBankPhase: Waiting for deposit box to open...
2026-07-09 14:50:58 DepositBankPhase: Deposited all - banking complete, returning to mine
2026-07-09 14:50:58 ReturnMine1Phase: Clicked waypoint 1 at [699, 1279]
2026-07-09 14:51:03 ReturnMine1Phase: Arrived at waypoint 1!
2026-07-09 14:51:04 ReturnMine2Phase: Clicked waypoint 2 at [1251, 1354]
2026-07-09 14:51:08 ReturnMine2Phase: Saw waypoint 2 marker. Moving to final approach.
2026-07-09 14:51:08 ReturnMine2Phase: Clicked final approach spot at [1491, 933]
2026-07-09 14:51:09 ReturnMine2Phase: Wait complete. Handing off to mine phase.
2026-07-09 14:51:10 MinePhase: Found new vein at [1438, 819]
2026-07-09 14:51:11 MinePhase: Initial click to walk to vein at [1438, 809] (vein at [1438, 809])
2026-07-09 14:51:12 MinePhase: Lost track of vein or depleted. Finding new vein.
2026-07-09 14:51:12 MinePhase: Found new vein at [1309, 743]
2026-07-09 14:51:12 MinePhase: Initial click to walk to vein at [1297, 737] (vein at [1297, 737])
2026-07-09 14:51:14 MinePhase: Clicked stable vein at [1217, 713] (vein at [1217, 713])
2026-07-09 14:51:16 MinePhase: Clicked stable vein at [1253, 713] (vein at [1253, 713])
2026-07-09 14:51:18 MinePhase: Clicked stable vein at [1259, 713] (vein at [1259, 713])
2026-07-09 14:51:19 MinePhase: Clicked stable vein at [1259, 713] (vein at [1259, 713])
2026-07-09 14:51:21 MinePhase: Clicked stable vein at [1259, 713] (vein at [1259, 713])
2026-07-09 14:51:21 MinePhase: Lost track of vein or depleted. Finding new vein.
2026-07-09 14:51:22 MinePhase: Found new vein at [1307, 713]
2026-07-09 14:51:22 MinePhase: Initial click to walk to vein at [1307, 713] (vein at [1307, 713])
2026-07-09 14:51:24 MinePhase: Clicked stable vein at [1261, 713] (vein at [1261, 713])
2026-07-09 14:51:26 MinePhase: Clicked stable vein at [1259, 713] (vein at [1259, 713])
2026-07-09 14:51:27 MinePhase: Clicked stable vein at [1259, 713] (vein at [1259, 713])
2026-07-09 14:51:29 MinePhase: Clicked stable vein at [1259, 713] (vein at [1259, 713])
2026-07-09 14:51:31 MinePhase: Clicked stable vein at [1259, 713] (vein at [1259, 713])
2026-07-09 14:51:33 MinePhase: Clicked stable vein at [1259, 713] (vein at [1259, 713])
2026-07-09 14:51:34 MinePhase: Clicked stable vein at [1259, 713] (vein at [1259, 713])
2026-07-09 14:51:36 MinePhase: Clicked stable vein at [1259, 713] (vein at [1259, 713])
2026-07-09 14:51:38 MinePhase: Clicked stable vein at [1259, 713] (vein at [1259, 713])
2026-07-09 14:51:39 MinePhase: Clicked stable vein at [1259, 713] (vein at [1259, 713])
2026-07-09 14:51:41 MinePhase: Clicked stable vein at [1259, 713] (vein at [1259, 713])
2026-07-09 14:51:43 MinePhase: Clicked stable vein at [1259, 713] (vein at [1259, 713])
2026-07-09 14:51:44 MinePhase: Clicked stable vein at [1259, 713] (vein at [1259, 713])
2026-07-09 14:51:46 MinePhase: Clicked stable vein at [1259, 713] (vein at [1259, 713])
2026-07-09 14:51:48 MinePhase: Clicked stable vein at [1259, 713] (vein at [1259, 713])
2026-07-09 14:51:50 MinePhase: Clicked stable vein at [1259, 713] (vein at [1259, 713])
2026-07-09 14:51:51 MinePhase: Clicked stable vein at [1259, 713] (vein at [1259, 713])
2026-07-09 14:51:53 MinePhase: Clicked stable vein at [1259, 713] (vein at [1259, 713])
2026-07-09 14:51:55 MinePhase: Clicked stable vein at [1259, 713] (vein at [1259, 713])
2026-07-09 14:51:56 MinePhase: Clicked stable vein at [1259, 713] (vein at [1259, 713])
2026-07-09 14:51:58 MinePhase: Lost track of vein or depleted. Finding new vein.
2026-07-09 14:51:58 MinePhase: Found new vein at [1087, 713]
2026-07-09 14:51:58 MinePhase: Initial click to walk to vein at [1087, 713] (vein at [1087, 713])
2026-07-09 14:52:01 MinePhase: Clicked stable vein at [1231, 713] (vein at [1231, 713])
2026-07-09 14:52:02 MinePhase: Clicked stable vein at [1235, 713] (vein at [1235, 713])
2026-07-09 14:52:04 MinePhase: Clicked stable vein at [1235, 713] (vein at [1235, 713])
2026-07-09 14:52:06 MinePhase: Clicked stable vein at [1235, 713] (vein at [1235, 713])
2026-07-09 14:52:07 MinePhase: Clicked stable vein at [1235, 713] (vein at [1235, 713])
2026-07-09 14:52:09 MinePhase: Clicked stable vein at [1235, 713] (vein at [1235, 713])
2026-07-09 14:52:11 MinePhase: Clicked stable vein at [1235, 713] (vein at [1235, 713])
2026-07-09 14:52:12 MinePhase: Clicked stable vein at [1235, 713] (vein at [1235, 713])
2026-07-09 14:52:14 MinePhase: Clicked stable vein at [1235, 713] (vein at [1235, 713])
2026-07-09 14:52:16 MinePhase: Clicked stable vein at [1235, 713] (vein at [1235, 713])
2026-07-09 14:52:18 MinePhase: Clicked stable vein at [1235, 713] (vein at [1235, 713])
2026-07-09 14:52:19 MinePhase: Clicked stable vein at [1235, 713] (vein at [1235, 713])
2026-07-09 14:52:21 MinePhase: Clicked stable vein at [1235, 713] (vein at [1235, 713])
2026-07-09 14:52:23 MinePhase: Clicked stable vein at [1235, 713] (vein at [1235, 713])
2026-07-09 14:52:24 MinePhase: Lost track of vein or depleted. Finding new vein.
2026-07-09 14:52:25 MinePhase: Found new vein at [1307, 713]
2026-07-09 14:52:25 MinePhase: Initial click to walk to vein at [1307, 713] (vein at [1307, 713])
2026-07-09 14:52:27 MinePhase: Clicked stable vein at [1265, 713] (vein at [1265, 713])
2026-07-09 14:52:29 MinePhase: Clicked stable vein at [1259, 713] (vein at [1259, 713])
2026-07-09 14:52:30 MinePhase: Clicked stable vein at [1259, 713] (vein at [1259, 713])
2026-07-09 14:52:32 MinePhase: Clicked stable vein at [1259, 713] (vein at [1259, 713])
2026-07-09 14:52:34 MinePhase: Clicked stable vein at [1259, 713] (vein at [1259, 713])
2026-07-09 14:52:35 MinePhase: Clicked stable vein at [1259, 713] (vein at [1259, 713])
2026-07-09 14:52:37 MinePhase: Clicked stable vein at [1259, 713] (vein at [1259, 713])
2026-07-09 14:52:39 MinePhase: Clicked stable vein at [1259, 713] (vein at [1259, 713])
2026-07-09 14:52:41 MinePhase: Clicked stable vein at [1259, 713] (vein at [1259, 713])
2026-07-09 14:52:42 MinePhase: Clicked stable vein at [1259, 713] (vein at [1259, 713])
2026-07-09 14:52:44 MinePhase: Clicked stable vein at [1259, 713] (vein at [1259, 713])
2026-07-09 14:52:46 MinePhase: Clicked stable vein at [1259, 713] (vein at [1259, 713])
2026-07-09 14:52:47 MinePhase: Clicked stable vein at [1259, 713] (vein at [1259, 713])
2026-07-09 14:52:49 MinePhase: Clicked stable vein at [1259, 713] (vein at [1259, 713])
2026-07-09 14:52:51 MinePhase: Clicked stable vein at [1259, 713] (vein at [1259, 713])
2026-07-09 14:52:52 MinePhase: Clicked stable vein at [1259, 713] (vein at [1259, 713])
2026-07-09 14:52:54 MinePhase: Clicked stable vein at [1259, 713] (vein at [1259, 713])
2026-07-09 14:52:56 MinePhase: Clicked stable vein at [1259, 713] (vein at [1259, 713])
2026-07-09 14:52:58 MinePhase: Clicked stable vein at [1259, 713] (vein at [1259, 713])
2026-07-09 14:52:59 MinePhase: Clicked stable vein at [1259, 713] (vein at [1259, 713])
2026-07-09 14:53:01 MinePhase: Clicked stable vein at [1259, 713] (vein at [1259, 713])
2026-07-09 14:53:03 MinePhase: Clicked stable vein at [1259, 713] (vein at [1259, 713])
2026-07-09 14:53:03 MinePhase: Lost track of vein or depleted. Finding new vein.
2026-07-09 14:53:03 MinePhase: Found new vein at [1307, 713]
2026-07-09 14:53:03 MinePhase: Initial click to walk to vein at [1307, 713] (vein at [1307, 713])
2026-07-09 14:53:05 MinePhase: Clicked stable vein at [1261, 713] (vein at [1261, 713])
2026-07-09 14:53:07 MinePhase: Clicked stable vein at [1259, 713] (vein at [1259, 713])
2026-07-09 14:53:08 MinePhase: Clicked stable vein at [1259, 713] (vein at [1259, 713])
2026-07-09 14:53:10 MinePhase: Clicked stable vein at [1259, 713] (vein at [1259, 713])
2026-07-09 14:53:12 MinePhase: Clicked stable vein at [1259, 713] (vein at [1259, 713])
2026-07-09 14:53:13 MinePhase: Clicked stable vein at [1259, 713] (vein at [1259, 713])
2026-07-09 14:53:14 MinePhase: Inventory full, transitioning to clearRed
2026-07-09 14:53:14 ClearRedPhase: Found new red rockfall at [1185, 347]
2026-07-09 14:53:14 ClearRedPhase: Initial click on red rockfall at [1185, 347]
2026-07-09 14:53:21 ClearRedPhase: Rockfall cleared or lost. Scanning for another.
2026-07-09 14:53:21 ClearRedPhase: No red rockfalls found. Moving to hopper.
2026-07-09 14:53:22 ClearYellowPhase: Clicked hopper at [1126, 448]
2026-07-09 14:53:28 ClearYellowPhase: Ore deposited. Moving to sack.
2026-07-09 14:53:29 WithdrawSackPhase: Clicked sack at [1825, 724]
2026-07-09 14:53:35 WithdrawSackPhase: Items received from sack. Moving to bank.
2026-07-09 14:53:35 DepositBankPhase: Clicked deposit container at [1101, 355]
2026-07-09 14:53:35 DepositBankPhase: Waiting for deposit box to open...
2026-07-09 14:53:39 DepositBankPhase: Deposited all - banking complete, returning to mine
2026-07-09 14:53:39 ReturnMine1Phase: Clicked waypoint 1 at [699, 1279]
2026-07-09 14:53:44 ReturnMine1Phase: Arrived at waypoint 1!
2026-07-09 14:53:45 ReturnMine2Phase: Clicked waypoint 2 at [1251, 1354]
2026-07-09 14:53:48 ReturnMine2Phase: Saw waypoint 2 marker. Moving to final approach.
2026-07-09 14:53:49 ReturnMine2Phase: Clicked final approach spot at [1491, 933]
2026-07-09 14:53:50 ReturnMine2Phase: Wait complete. Handing off to mine phase.
2026-07-09 14:53:51 MinePhase: Found new vein at [1438, 823]
2026-07-09 14:53:51 MinePhase: Initial click to walk to vein at [1438, 811] (vein at [1438, 811])
2026-07-09 14:53:53 MinePhase: Clicked stable vein at [1269, 719] (vein at [1269, 719])
2026-07-09 14:53:55 MinePhase: Clicked stable vein at [1259, 713] (vein at [1259, 713])
2026-07-09 14:53:57 MinePhase: Clicked stable vein at [1259, 713] (vein at [1259, 713])
2026-07-09 14:53:57 MinePhase: Lost track of vein or depleted. Finding new vein.
2026-07-09 14:53:58 MinePhase: Found new vein at [1307, 713]
2026-07-09 14:53:58 MinePhase: Initial click to walk to vein at [1307, 713] (vein at [1307, 713])
2026-07-09 14:54:00 MinePhase: Clicked stable vein at [1267, 713] (vein at [1267, 713])
2026-07-09 14:54:01 MinePhase: Clicked stable vein at [1259, 713] (vein at [1259, 713])
2026-07-09 14:54:03 MinePhase: Clicked stable vein at [1259, 713] (vein at [1259, 713])
2026-07-09 14:54:05 MinePhase: Clicked stable vein at [1259, 713] (vein at [1259, 713])
2026-07-09 14:54:07 MinePhase: Clicked stable vein at [1259, 713] (vein at [1259, 713])
2026-07-09 14:54:08 MinePhase: Clicked stable vein at [1259, 713] (vein at [1259, 713])
2026-07-09 14:54:10 MinePhase: Clicked stable vein at [1259, 713] (vein at [1259, 713])
2026-07-09 14:54:12 MinePhase: Clicked stable vein at [1259, 713] (vein at [1259, 713])
2026-07-09 14:54:13 MinePhase: Clicked stable vein at [1259, 713] (vein at [1259, 713])
2026-07-09 14:54:15 MinePhase: Clicked stable vein at [1259, 713] (vein at [1259, 713])
2026-07-09 14:54:17 MinePhase: Clicked stable vein at [1259, 713] (vein at [1259, 713])
2026-07-09 14:54:19 MinePhase: Clicked stable vein at [1259, 713] (vein at [1259, 713])
2026-07-09 14:54:20 MinePhase: Clicked stable vein at [1259, 713] (vein at [1259, 713])
2026-07-09 14:54:22 MinePhase: Clicked stable vein at [1259, 713] (vein at [1259, 713])
2026-07-09 14:54:23 MinePhase: Lost track of vein or depleted. Finding new vein.
2026-07-09 14:54:23 MinePhase: Found new vein at [1087, 713]
2026-07-09 14:54:23 MinePhase: Initial click to walk to vein at [1087, 713] (vein at [1087, 713])
2026-07-09 14:54:26 MinePhase: Clicked stable vein at [1227, 713] (vein at [1227, 713])
2026-07-09 14:54:27 MinePhase: Clicked stable vein at [1235, 713] (vein at [1235, 713])
2026-07-09 14:54:29 MinePhase: Clicked stable vein at [1235, 713] (vein at [1235, 713])
2026-07-09 14:54:31 MinePhase: Clicked stable vein at [1235, 713] (vein at [1235, 713])
2026-07-09 14:54:33 MinePhase: Clicked stable vein at [1235, 713] (vein at [1235, 713])
2026-07-09 14:54:34 MinePhase: Clicked stable vein at [1235, 713] (vein at [1235, 713])
2026-07-09 14:54:36 MinePhase: Clicked stable vein at [1235, 713] (vein at [1235, 713])
2026-07-09 14:54:38 MinePhase: Clicked stable vein at [1235, 713] (vein at [1235, 713])
2026-07-09 14:54:39 MinePhase: Clicked stable vein at [1235, 713] (vein at [1235, 713])
2026-07-09 14:54:41 MinePhase: Clicked stable vein at [1235, 713] (vein at [1235, 713])
2026-07-09 14:54:43 MinePhase: Clicked stable vein at [1235, 713] (vein at [1235, 713])
2026-07-09 14:54:45 MinePhase: Clicked stable vein at [1235, 713] (vein at [1235, 713])
2026-07-09 14:54:46 MinePhase: Clicked stable vein at [1235, 713] (vein at [1235, 713])
2026-07-09 14:54:48 MinePhase: Clicked stable vein at [1235, 713] (vein at [1235, 713])
2026-07-09 14:54:49 MinePhase: Lost track of vein or depleted. Finding new vein.
2026-07-09 14:54:50 MinePhase: Found new vein at [1307, 713]
2026-07-09 14:54:50 MinePhase: Initial click to walk to vein at [1307, 713] (vein at [1307, 713])
2026-07-09 14:54:52 MinePhase: Clicked stable vein at [1263, 713] (vein at [1263, 713])
2026-07-09 14:54:54 MinePhase: Clicked stable vein at [1259, 713] (vein at [1259, 713])
2026-07-09 14:54:56 MinePhase: Clicked stable vein at [1259, 713] (vein at [1259, 713])
2026-07-09 14:54:57 MinePhase: Clicked stable vein at [1259, 713] (vein at [1259, 713])
2026-07-09 14:54:59 MinePhase: Clicked stable vein at [1259, 713] (vein at [1259, 713])
2026-07-09 14:55:01 MinePhase: Clicked stable vein at [1259, 713] (vein at [1259, 713])
2026-07-09 14:55:02 MinePhase: Clicked stable vein at [1259, 713] (vein at [1259, 713])
2026-07-09 14:55:04 MinePhase: Clicked stable vein at [1259, 713] (vein at [1259, 713])
2026-07-09 14:55:06 MinePhase: Clicked stable vein at [1259, 713] (vein at [1259, 713])
2026-07-09 14:55:08 MinePhase: Clicked stable vein at [1259, 713] (vein at [1259, 713])
2026-07-09 14:55:09 MinePhase: Clicked stable vein at [1259, 713] (vein at [1259, 713])
2026-07-09 14:55:11 MinePhase: Clicked stable vein at [1259, 713] (vein at [1259, 713])
2026-07-09 14:55:13 MinePhase: Clicked stable vein at [1259, 713] (vein at [1259, 713])
2026-07-09 14:55:14 MinePhase: Clicked stable vein at [1259, 713] (vein at [1259, 713])
2026-07-09 14:55:16 MinePhase: Clicked stable vein at [1259, 713] (vein at [1259, 713])
2026-07-09 14:55:18 MinePhase: Clicked stable vein at [1259, 713] (vein at [1259, 713])
2026-07-09 14:55:19 MinePhase: Clicked stable vein at [1259, 713] (vein at [1259, 713])
2026-07-09 14:55:21 MinePhase: Lost track of vein or depleted. Finding new vein.
2026-07-09 14:55:21 MinePhase: Found new vein at [1307, 713]
2026-07-09 14:55:21 MinePhase: Initial click to walk to vein at [1307, 713] (vein at [1307, 713])
2026-07-09 14:55:23 MinePhase: Clicked stable vein at [1263, 713] (vein at [1263, 713])
2026-07-09 14:55:25 MinePhase: Clicked stable vein at [1259, 713] (vein at [1259, 713])
2026-07-09 14:55:26 MinePhase: Clicked stable vein at [1259, 713] (vein at [1259, 713])
2026-07-09 14:55:28 MinePhase: Clicked stable vein at [1259, 713] (vein at [1259, 713])
2026-07-09 14:55:30 MinePhase: Clicked stable vein at [1259, 713] (vein at [1259, 713])
2026-07-09 14:55:31 MinePhase: Clicked stable vein at [1259, 713] (vein at [1259, 713])
2026-07-09 14:55:33 MinePhase: Clicked stable vein at [1259, 713] (vein at [1259, 713])
2026-07-09 14:55:35 MinePhase: Clicked stable vein at [1259, 713] (vein at [1259, 713])
2026-07-09 14:55:37 MinePhase: Clicked stable vein at [1259, 713] (vein at [1259, 713])
2026-07-09 14:55:38 MinePhase: Clicked stable vein at [1259, 713] (vein at [1259, 713])
2026-07-09 14:55:40 MinePhase: Clicked stable vein at [1259, 713] (vein at [1259, 713])
2026-07-09 14:55:42 MinePhase: Clicked stable vein at [1259, 713] (vein at [1259, 713])
2026-07-09 14:55:43 MinePhase: Clicked stable vein at [1259, 713] (vein at [1259, 713])
2026-07-09 14:55:45 MinePhase: Clicked stable vein at [1259, 713] (vein at [1259, 713])
2026-07-09 14:55:47 MinePhase: Clicked stable vein at [1259, 713] (vein at [1259, 713])
2026-07-09 14:55:48 MinePhase: Clicked stable vein at [1259, 713] (vein at [1259, 713])
2026-07-09 14:55:50 MinePhase: Clicked stable vein at [1259, 713] (vein at [1259, 713])
2026-07-09 14:55:51 MinePhase: Inventory full, transitioning to clearRed
2026-07-09 14:55:51 ClearRedPhase: Found new red rockfall at [1383, 347]
2026-07-09 14:55:52 ClearRedPhase: Initial click on red rockfall at [1383, 347]
2026-07-09 14:56:01 ClearRedPhase: Failsafe click on red rockfall at [1261, 633]
2026-07-09 14:56:03 ClearRedPhase: Rockfall cleared or lost. Scanning for another.
2026-07-09 14:56:03 ClearRedPhase: No red rockfalls found. Moving to hopper.
2026-07-09 14:56:05 ClearYellowPhase: Clicked hopper at [892, 440]
2026-07-09 14:56:11 ClearYellowPhase: Ore deposited. Moving to sack.
2026-07-09 14:56:13 WithdrawSackPhase: Clicked sack at [1825, 724]
2026-07-09 14:56:18 WithdrawSackPhase: Items received from sack. Moving to bank.
2026-07-09 14:56:19 DepositBankPhase: Clicked deposit container at [1097, 355]
2026-07-09 14:56:19 DepositBankPhase: Waiting for deposit box to open...
2026-07-09 14:56:23 DepositBankPhase: Deposited all - banking complete, returning to mine
2026-07-09 14:56:23 ReturnMine1Phase: Clicked waypoint 1 at [699, 1279]
2026-07-09 14:56:32 ReturnMine1Phase: Arrived at waypoint 1!
2026-07-09 14:56:33 ReturnMine2Phase: Clicked waypoint 2 at [1251, 1354]
2026-07-09 14:56:37 ReturnMine2Phase: Saw waypoint 2 marker. Moving to final approach.
2026-07-09 14:56:37 ReturnMine2Phase: Clicked final approach spot at [1491, 933]
2026-07-09 14:56:38 ReturnMine2Phase: Wait complete. Handing off to mine phase.
2026-07-09 14:56:39 MinePhase: Found new vein at [1438, 842]
2026-07-09 14:56:39 MinePhase: Initial click to walk to vein at [1438, 823] (vein at [1438, 823])
2026-07-09 14:56:41 MinePhase: Clicked stable vein at [1245, 717] (vein at [1245, 717])
2026-07-09 14:56:43 MinePhase: Clicked stable vein at [1237, 713] (vein at [1237, 713])
2026-07-09 14:56:44 MinePhase: Clicked stable vein at [1237, 713] (vein at [1237, 713])
2026-07-09 14:56:46 MinePhase: Clicked stable vein at [1237, 713] (vein at [1237, 713])
2026-07-09 14:56:48 MinePhase: Clicked stable vein at [1237, 713] (vein at [1237, 713])
2026-07-09 14:56:49 MinePhase: Clicked stable vein at [1237, 713] (vein at [1237, 713])
2026-07-09 14:56:51 MinePhase: Clicked stable vein at [1237, 713] (vein at [1237, 713])
2026-07-09 14:56:53 MinePhase: Clicked stable vein at [1237, 713] (vein at [1237, 713])
2026-07-09 14:56:55 MinePhase: Clicked stable vein at [1237, 713] (vein at [1237, 713])
2026-07-09 14:56:56 MinePhase: Clicked stable vein at [1237, 713] (vein at [1237, 713])
2026-07-09 14:56:58 MinePhase: Clicked stable vein at [1237, 713] (vein at [1237, 713])
2026-07-09 14:57:00 MinePhase: Clicked stable vein at [1237, 713] (vein at [1237, 713])
2026-07-09 14:57:01 MinePhase: Clicked stable vein at [1237, 713] (vein at [1237, 713])
2026-07-09 14:57:03 MinePhase: Clicked stable vein at [1237, 713] (vein at [1237, 713])
2026-07-09 14:57:05 MinePhase: Clicked stable vein at [1237, 713] (vein at [1237, 713])
2026-07-09 14:57:06 MinePhase: Clicked stable vein at [1237, 713] (vein at [1237, 713])
2026-07-09 14:57:08 MinePhase: Clicked stable vein at [1237, 713] (vein at [1237, 713])
2026-07-09 14:57:10 MinePhase: Clicked stable vein at [1237, 713] (vein at [1237, 713])
2026-07-09 14:57:12 MinePhase: Clicked stable vein at [1237, 713] (vein at [1237, 713])
2026-07-09 14:57:13 MinePhase: Clicked stable vein at [1237, 713] (vein at [1237, 713])
2026-07-09 14:57:15 MinePhase: Lost track of vein or depleted. Finding new vein.
2026-07-09 14:57:17 MinePhase: Found new vein at [1307, 713]
2026-07-09 14:57:17 MinePhase: Initial click to walk to vein at [1307, 713] (vein at [1307, 713])
2026-07-09 14:57:19 MinePhase: Clicked stable vein at [1267, 713] (vein at [1267, 713])
2026-07-09 14:57:21 MinePhase: Clicked stable vein at [1259, 713] (vein at [1259, 713])
2026-07-09 14:57:22 MinePhase: Clicked stable vein at [1259, 713] (vein at [1259, 713])
2026-07-09 14:57:24 MinePhase: Clicked stable vein at [1259, 713] (vein at [1259, 713])
2026-07-09 14:57:26 MinePhase: Clicked stable vein at [1259, 713] (vein at [1259, 713])
2026-07-09 14:57:28 MinePhase: Clicked stable vein at [1259, 713] (vein at [1259, 713])
2026-07-09 14:57:29 MinePhase: Clicked stable vein at [1259, 713] (vein at [1259, 713])
2026-07-09 14:57:31 MinePhase: Clicked stable vein at [1259, 713] (vein at [1259, 713])
2026-07-09 14:57:33 MinePhase: Clicked stable vein at [1259, 713] (vein at [1259, 713])
2026-07-09 14:57:34 MinePhase: Clicked stable vein at [1259, 713] (vein at [1259, 713])
2026-07-09 14:57:36 MinePhase: Clicked stable vein at [1259, 713] (vein at [1259, 713])
2026-07-09 14:57:38 MinePhase: Clicked stable vein at [1259, 713] (vein at [1259, 713])
2026-07-09 14:57:40 MinePhase: Clicked stable vein at [1259, 713] (vein at [1259, 713])
2026-07-09 14:57:41 MinePhase: Clicked stable vein at [1259, 713] (vein at [1259, 713])
2026-07-09 14:57:43 MinePhase: Clicked stable vein at [1259, 713] (vein at [1259, 713])
2026-07-09 14:57:45 MinePhase: Clicked stable vein at [1259, 713] (vein at [1259, 713])
2026-07-09 14:57:46 MinePhase: Clicked stable vein at [1259, 713] (vein at [1259, 713])
2026-07-09 14:57:48 MinePhase: Clicked stable vein at [1259, 713] (vein at [1259, 713])
2026-07-09 14:57:50 MinePhase: Lost track of vein or depleted. Finding new vein.
2026-07-09 14:57:50 MinePhase: Found new vein at [1307, 713]
2026-07-09 14:57:50 MinePhase: Initial click to walk to vein at [1307, 713] (vein at [1307, 713])
2026-07-09 14:57:52 MinePhase: Clicked stable vein at [1263, 713] (vein at [1263, 713])
2026-07-09 14:57:53 MinePhase: Clicked stable vein at [1259, 713] (vein at [1259, 713])
2026-07-09 14:57:55 MinePhase: Clicked stable vein at [1259, 713] (vein at [1259, 713])
2026-07-09 14:57:57 MinePhase: Clicked stable vein at [1259, 713] (vein at [1259, 713])
2026-07-09 14:57:58 MinePhase: Clicked stable vein at [1259, 713] (vein at [1259, 713])
2026-07-09 14:58:00 MinePhase: Clicked stable vein at [1259, 713] (vein at [1259, 713])
2026-07-09 14:58:02 MinePhase: Clicked stable vein at [1259, 713] (vein at [1259, 713])
2026-07-09 14:58:04 MinePhase: Clicked stable vein at [1259, 713] (vein at [1259, 713])
2026-07-09 14:58:05 MinePhase: Clicked stable vein at [1259, 713] (vein at [1259, 713])
2026-07-09 14:58:07 MinePhase: Clicked stable vein at [1259, 713] (vein at [1259, 713])
2026-07-09 14:58:09 MinePhase: Clicked stable vein at [1259, 713] (vein at [1259, 713])
2026-07-09 14:58:11 MinePhase: Clicked stable vein at [1259, 713] (vein at [1259, 713])
2026-07-09 14:58:12 MinePhase: Clicked stable vein at [1259, 713] (vein at [1259, 713])
2026-07-09 14:58:14 MinePhase: Clicked stable vein at [1259, 713] (vein at [1259, 713])
2026-07-09 14:58:16 MinePhase: Clicked stable vein at [1259, 713] (vein at [1259, 713])
2026-07-09 14:58:17 MinePhase: Clicked stable vein at [1259, 713] (vein at [1259, 713])
2026-07-09 14:58:19 MinePhase: Clicked stable vein at [1259, 713] (vein at [1259, 713])
2026-07-09 14:58:21 MinePhase: Clicked stable vein at [1259, 713] (vein at [1259, 713])
2026-07-09 14:58:23 MinePhase: Clicked stable vein at [1259, 713] (vein at [1259, 713])
2026-07-09 14:58:24 MinePhase: Clicked stable vein at [1259, 713] (vein at [1259, 713])
2026-07-09 14:58:26 MinePhase: Clicked stable vein at [1259, 713] (vein at [1259, 713])
2026-07-09 14:58:28 MinePhase: Lost track of vein or depleted. Finding new vein.
2026-07-09 14:58:28 MinePhase: Found new vein at [1307, 713]
2026-07-09 14:58:29 MinePhase: Initial click to walk to vein at [1307, 713] (vein at [1307, 713])
2026-07-09 14:58:30 MinePhase: Clicked stable vein at [1269, 713] (vein at [1269, 713])
2026-07-09 14:58:32 MinePhase: Clicked stable vein at [1259, 713] (vein at [1259, 713])
2026-07-09 14:58:34 MinePhase: Clicked stable vein at [1259, 713] (vein at [1259, 713])
2026-07-09 14:58:35 MinePhase: Clicked stable vein at [1259, 713] (vein at [1259, 713])
2026-07-09 14:58:37 MinePhase: Clicked stable vein at [1259, 713] (vein at [1259, 713])
2026-07-09 14:58:39 MinePhase: Clicked stable vein at [1259, 713] (vein at [1259, 713])
2026-07-09 14:58:41 MinePhase: Clicked stable vein at [1259, 713] (vein at [1259, 713])
2026-07-09 14:58:42 MinePhase: Clicked stable vein at [1259, 713] (vein at [1259, 713])
2026-07-09 14:58:44 MinePhase: Clicked stable vein at [1259, 713] (vein at [1259, 713])
2026-07-09 14:58:46 MinePhase: Clicked stable vein at [1259, 713] (vein at [1259, 713])
2026-07-09 14:58:47 MinePhase: Clicked stable vein at [1259, 713] (vein at [1259, 713])
2026-07-09 14:58:49 MinePhase: Clicked stable vein at [1259, 713] (vein at [1259, 713])
2026-07-09 14:58:51 MinePhase: Clicked stable vein at [1259, 713] (vein at [1259, 713])
2026-07-09 14:58:53 MinePhase: Clicked stable vein at [1259, 713] (vein at [1259, 713])
2026-07-09 14:58:54 MinePhase: Clicked stable vein at [1259, 713] (vein at [1259, 713])
2026-07-09 14:58:56 MinePhase: Clicked stable vein at [1259, 713] (vein at [1259, 713])
2026-07-09 14:58:58 MinePhase: Clicked stable vein at [1259, 713] (vein at [1259, 713])
2026-07-09 14:58:59 MinePhase: Clicked stable vein at [1259, 713] (vein at [1259, 713])
2026-07-09 14:59:01 MinePhase: Clicked stable vein at [1259, 713] (vein at [1259, 713])
2026-07-09 14:59:03 MinePhase: Clicked stable vein at [1259, 713] (vein at [1259, 713])
2026-07-09 14:59:05 MinePhase: Clicked stable vein at [1259, 713] (vein at [1259, 713])
2026-07-09 14:59:06 MinePhase: Clicked stable vein at [1259, 713] (vein at [1259, 713])
2026-07-09 14:59:08 MinePhase: Clicked stable vein at [1259, 713] (vein at [1259, 713])
2026-07-09 14:59:08 MinePhase: Lost track of vein or depleted. Finding new vein.
2026-07-09 14:59:08 MinePhase: Found new vein at [1087, 713]
2026-07-09 14:59:08 MinePhase: Initial click to walk to vein at [1087, 713] (vein at [1087, 713])
2026-07-09 14:59:11 MinePhase: Clicked stable vein at [1227, 713] (vein at [1227, 713])
2026-07-09 14:59:12 MinePhase: Clicked stable vein at [1235, 713] (vein at [1235, 713])
2026-07-09 14:59:14 MinePhase: Clicked stable vein at [1235, 713] (vein at [1235, 713])
2026-07-09 14:59:16 MinePhase: Clicked stable vein at [1235, 713] (vein at [1235, 713])
2026-07-09 14:59:18 MinePhase: Clicked stable vein at [1235, 713] (vein at [1235, 713])
2026-07-09 14:59:19 MinePhase: Clicked stable vein at [1235, 713] (vein at [1235, 713])
2026-07-09 14:59:21 MinePhase: Clicked stable vein at [1235, 713] (vein at [1235, 713])
2026-07-09 14:59:21 MinePhase: Inventory full, transitioning to clearRed
2026-07-09 14:59:22 ClearRedPhase: Found new red rockfall at [1249, 347]
2026-07-09 14:59:22 ClearRedPhase: Initial click on red rockfall at [1249, 347]
2026-07-09 14:59:28 ClearRedPhase: Rockfall cleared or lost. Scanning for another.
2026-07-09 14:59:28 ClearRedPhase: Found new red rockfall at [1533, 639]
2026-07-09 14:59:28 ClearRedPhase: Initial click on red rockfall at [1529, 639]
2026-07-09 14:59:33 ClearRedPhase: Rockfall cleared or lost. Scanning for another.
2026-07-09 14:59:33 ClearRedPhase: No red rockfalls found. Moving to hopper.
2026-07-09 14:59:35 ClearYellowPhase: Clicked hopper at [894, 440]
2026-07-09 14:59:42 ClearYellowPhase: Ore deposited. Moving to sack.
2026-07-09 14:59:43 WithdrawSackPhase: Clicked sack at [1825, 724]
2026-07-09 14:59:49 WithdrawSackPhase: Items received from sack. Moving to bank.
2026-07-09 14:59:50 DepositBankPhase: Clicked deposit container at [1099, 355]
2026-07-09 14:59:50 DepositBankPhase: Waiting for deposit box to open...
2026-07-09 14:59:53 DepositBankPhase: Deposited all - banking complete, returning to mine
2026-07-09 14:59:54 ReturnMine1Phase: Clicked waypoint 1 at [699, 1279]
2026-07-09 14:59:59 ReturnMine1Phase: Arrived at waypoint 1!
2026-07-09 14:59:59 ReturnMine2Phase: Clicked waypoint 2 at [1251, 1354]
2026-07-09 15:00:03 ReturnMine2Phase: Saw waypoint 2 marker. Moving to final approach.
2026-07-09 15:00:03 ReturnMine2Phase: Clicked final approach spot at [1491, 933]
2026-07-09 15:00:04 ReturnMine2Phase: Wait complete. Handing off to mine phase.
2026-07-09 15:00:05 MinePhase: Found new vein at [1438, 841]
2026-07-09 15:00:05 MinePhase: Initial click to walk to vein at [1438, 817] (vein at [1438, 817])
2026-07-09 15:00:07 MinePhase: Clicked stable vein at [1245, 719] (vein at [1245, 719])
2026-07-09 15:00:09 MinePhase: Clicked stable vein at [1235, 713] (vein at [1235, 713])
2026-07-09 15:00:11 MinePhase: Clicked stable vein at [1235, 713] (vein at [1235, 713])
2026-07-09 15:00:12 MinePhase: Clicked stable vein at [1235, 713] (vein at [1235, 713])
2026-07-09 15:00:14 MinePhase: Clicked stable vein at [1235, 713] (vein at [1235, 713])
2026-07-09 15:00:14 MinePhase: Lost track of vein or depleted. Finding new vein.
2026-07-09 15:00:15 MinePhase: Found new vein at [1307, 713]
2026-07-09 15:00:15 MinePhase: Initial click to walk to vein at [1307, 713] (vein at [1307, 713])
2026-07-09 15:00:17 MinePhase: Clicked stable vein at [1263, 713] (vein at [1263, 713])
2026-07-09 15:00:18 MinePhase: Clicked stable vein at [1259, 713] (vein at [1259, 713])
2026-07-09 15:00:20 MinePhase: Clicked stable vein at [1259, 713] (vein at [1259, 713])
2026-07-09 15:00:22 MinePhase: Clicked stable vein at [1259, 713] (vein at [1259, 713])
2026-07-09 15:00:24 MinePhase: Clicked stable vein at [1259, 713] (vein at [1259, 713])
2026-07-09 15:00:25 MinePhase: Clicked stable vein at [1259, 713] (vein at [1259, 713])
2026-07-09 15:00:27 MinePhase: Clicked stable vein at [1259, 713] (vein at [1259, 713])
2026-07-09 15:00:29 MinePhase: Clicked stable vein at [1259, 713] (vein at [1259, 713])
2026-07-09 15:00:30 MinePhase: Clicked stable vein at [1259, 713] (vein at [1259, 713])
2026-07-09 15:00:32 MinePhase: Clicked stable vein at [1259, 713] (vein at [1259, 713])
2026-07-09 15:00:34 MinePhase: Clicked stable vein at [1259, 713] (vein at [1259, 713])
2026-07-09 15:00:36 MinePhase: Clicked stable vein at [1259, 713] (vein at [1259, 713])
2026-07-09 15:00:37 MinePhase: Clicked stable vein at [1259, 713] (vein at [1259, 713])
2026-07-09 15:00:39 MinePhase: Clicked stable vein at [1259, 713] (vein at [1259, 713])
2026-07-09 15:00:41 MinePhase: Clicked stable vein at [1259, 713] (vein at [1259, 713])
2026-07-09 15:00:42 MinePhase: Clicked stable vein at [1259, 713] (vein at [1259, 713])
2026-07-09 15:00:44 MinePhase: Lost track of vein or depleted. Finding new vein.
2026-07-09 15:00:44 MinePhase: Found new vein at [1307, 713]
2026-07-09 15:00:44 MinePhase: Initial click to walk to vein at [1307, 713] (vein at [1307, 713])
2026-07-09 15:00:46 MinePhase: Clicked stable vein at [1263, 713] (vein at [1263, 713])
2026-07-09 15:00:47 MinePhase: Clicked stable vein at [1259, 713] (vein at [1259, 713])
2026-07-09 15:00:49 MinePhase: Clicked stable vein at [1259, 713] (vein at [1259, 713])
2026-07-09 15:00:51 MinePhase: Clicked stable vein at [1259, 713] (vein at [1259, 713])
2026-07-09 15:00:53 MinePhase: Clicked stable vein at [1259, 713] (vein at [1259, 713])
2026-07-09 15:00:54 MinePhase: Clicked stable vein at [1259, 713] (vein at [1259, 713])
2026-07-09 15:00:56 MinePhase: Clicked stable vein at [1259, 713] (vein at [1259, 713])
2026-07-09 15:00:58 MinePhase: Clicked stable vein at [1259, 713] (vein at [1259, 713])
2026-07-09 15:00:59 MinePhase: Clicked stable vein at [1259, 713] (vein at [1259, 713])
2026-07-09 15:01:01 MinePhase: Clicked stable vein at [1259, 713] (vein at [1259, 713])
2026-07-09 15:01:03 MinePhase: Clicked stable vein at [1259, 713] (vein at [1259, 713])
2026-07-09 15:01:04 MinePhase: Clicked stable vein at [1259, 713] (vein at [1259, 713])
2026-07-09 15:01:06 MinePhase: Clicked stable vein at [1259, 713] (vein at [1259, 713])
2026-07-09 15:01:08 MinePhase: Clicked stable vein at [1259, 713] (vein at [1259, 713])
2026-07-09 15:01:10 MinePhase: Clicked stable vein at [1259, 713] (vein at [1259, 713])
2026-07-09 15:01:11 MinePhase: Clicked stable vein at [1259, 713] (vein at [1259, 713])
2026-07-09 15:01:13 MinePhase: Lost track of vein or depleted. Finding new vein.
2026-07-09 15:01:13 MinePhase: Found new vein at [1307, 713]
2026-07-09 15:01:14 MinePhase: Initial click to walk to vein at [1307, 713] (vein at [1307, 713])
2026-07-09 15:01:16 MinePhase: Clicked stable vein at [1265, 713] (vein at [1265, 713])
2026-07-09 15:01:17 MinePhase: Clicked stable vein at [1259, 713] (vein at [1259, 713])
2026-07-09 15:01:19 MinePhase: Clicked stable vein at [1259, 713] (vein at [1259, 713])
2026-07-09 15:01:21 MinePhase: Clicked stable vein at [1259, 713] (vein at [1259, 713])
2026-07-09 15:01:22 MinePhase: Clicked stable vein at [1259, 713] (vein at [1259, 713])
2026-07-09 15:01:24 MinePhase: Clicked stable vein at [1259, 713] (vein at [1259, 713])
2026-07-09 15:01:26 MinePhase: Clicked stable vein at [1259, 713] (vein at [1259, 713])
2026-07-09 15:01:27 MinePhase: Clicked stable vein at [1259, 713] (vein at [1259, 713])
2026-07-09 15:01:29 MinePhase: Clicked stable vein at [1259, 713] (vein at [1259, 713])
2026-07-09 15:01:31 MinePhase: Clicked stable vein at [1259, 713] (vein at [1259, 713])
2026-07-09 15:01:32 MinePhase: Clicked stable vein at [1259, 713] (vein at [1259, 713])
2026-07-09 15:01:34 MinePhase: Clicked stable vein at [1259, 713] (vein at [1259, 713])
2026-07-09 15:01:36 MinePhase: Clicked stable vein at [1259, 713] (vein at [1259, 713])
2026-07-09 15:01:38 MinePhase: Clicked stable vein at [1259, 713] (vein at [1259, 713])
2026-07-09 15:01:39 MinePhase: Clicked stable vein at [1259, 713] (vein at [1259, 713])
2026-07-09 15:01:41 MinePhase: Clicked stable vein at [1259, 713] (vein at [1259, 713])
2026-07-09 15:01:43 MinePhase: Clicked stable vein at [1259, 713] (vein at [1259, 713])
2026-07-09 15:01:44 MinePhase: Clicked stable vein at [1259, 713] (vein at [1259, 713])
2026-07-09 15:01:46 MinePhase: Clicked stable vein at [1259, 713] (vein at [1259, 713])
2026-07-09 15:01:46 MinePhase: Lost track of vein or depleted. Finding new vein.
2026-07-09 15:01:46 MinePhase: Found new vein at [1087, 713]
2026-07-09 15:01:47 MinePhase: Initial click to walk to vein at [1087, 713] (vein at [1087, 713])
2026-07-09 15:01:49 MinePhase: Clicked stable vein at [1231, 713] (vein at [1231, 713])
2026-07-09 15:01:51 MinePhase: Clicked stable vein at [1235, 713] (vein at [1235, 713])
2026-07-09 15:01:53 MinePhase: Clicked stable vein at [1235, 713] (vein at [1235, 713])
2026-07-09 15:01:54 MinePhase: Clicked stable vein at [1235, 713] (vein at [1235, 713])
2026-07-09 15:01:56 MinePhase: Clicked stable vein at [1235, 713] (vein at [1235, 713])
2026-07-09 15:01:58 MinePhase: Clicked stable vein at [1235, 713] (vein at [1235, 713])
2026-07-09 15:02:00 MinePhase: Clicked stable vein at [1235, 713] (vein at [1235, 713])
2026-07-09 15:02:01 MinePhase: Clicked stable vein at [1235, 713] (vein at [1235, 713])
2026-07-09 15:02:03 MinePhase: Clicked stable vein at [1235, 713] (vein at [1235, 713])
2026-07-09 15:02:05 MinePhase: Clicked stable vein at [1235, 713] (vein at [1235, 713])
2026-07-09 15:02:06 MinePhase: Clicked stable vein at [1235, 713] (vein at [1235, 713])
2026-07-09 15:02:08 MinePhase: Clicked stable vein at [1235, 713] (vein at [1235, 713])
2026-07-09 15:02:10 MinePhase: Clicked stable vein at [1235, 713] (vein at [1235, 713])
2026-07-09 15:02:12 MinePhase: Clicked stable vein at [1235, 713] (vein at [1235, 713])
2026-07-09 15:02:13 MinePhase: Clicked stable vein at [1235, 713] (vein at [1235, 713])
2026-07-09 15:02:15 MinePhase: Clicked stable vein at [1235, 713] (vein at [1235, 713])
2026-07-09 15:02:17 MinePhase: Clicked stable vein at [1235, 713] (vein at [1235, 713])
2026-07-09 15:02:18 MinePhase: Lost track of vein or depleted. Finding new vein.
2026-07-09 15:02:31 MinePhase: Found new vein at [1307, 713]
2026-07-09 15:02:31 MinePhase: Initial click to walk to vein at [1307, 713] (vein at [1307, 713])
2026-07-09 15:02:32 MinePhase: Clicked stable vein at [1263, 713] (vein at [1263, 713])
2026-07-09 15:02:34 MinePhase: Clicked stable vein at [1259, 713] (vein at [1259, 713])
2026-07-09 15:02:36 MinePhase: Clicked stable vein at [1259, 713] (vein at [1259, 713])
2026-07-09 15:02:38 MinePhase: Clicked stable vein at [1259, 713] (vein at [1259, 713])
2026-07-09 15:02:39 MinePhase: Clicked stable vein at [1259, 713] (vein at [1259, 713])
2026-07-09 15:02:40 MinePhase: Inventory full, transitioning to clearRed
2026-07-09 15:02:40 ClearRedPhase: Found new red rockfall at [1217, 347]
2026-07-09 15:02:40 ClearRedPhase: Initial click on red rockfall at [1217, 347]
2026-07-09 15:02:47 ClearRedPhase: Failsafe click on red rockfall at [1261, 639]
2026-07-09 15:02:48 ClearRedPhase: Rockfall cleared or lost. Scanning for another.
2026-07-09 15:02:49 ClearRedPhase: Found new red rockfall at [1517, 639]
2026-07-09 15:02:49 ClearRedPhase: Initial click on red rockfall at [1517, 639]
2026-07-09 15:02:55 ClearRedPhase: Failsafe click on red rockfall at [1249, 633]
2026-07-09 15:02:57 ClearRedPhase: Rockfall cleared or lost. Scanning for another.
2026-07-09 15:02:58 ClearRedPhase: No red rockfalls found. Moving to hopper.
2026-07-09 15:02:58 ClearYellowPhase: Clicked hopper at [892, 440]
2026-07-09 15:03:05 ClearYellowPhase: Ore deposited. Moving to sack.
2026-07-09 15:03:06 WithdrawSackPhase: Clicked sack at [1825, 724]
2026-07-09 15:03:12 WithdrawSackPhase: Items received from sack. Moving to bank.
2026-07-09 15:03:13 DepositBankPhase: Clicked deposit container at [1099, 355]
2026-07-09 15:03:13 DepositBankPhase: Waiting for deposit box to open...
2026-07-09 15:03:17 DepositBankPhase: Deposited all - banking complete, returning to mine
2026-07-09 15:03:17 ReturnMine1Phase: Clicked waypoint 1 at [699, 1279]
2026-07-09 15:03:23 ReturnMine1Phase: Arrived at waypoint 1!
2026-07-09 15:03:23 ReturnMine2Phase: Clicked waypoint 2 at [1251, 1354]
2026-07-09 15:03:27 ReturnMine2Phase: Saw waypoint 2 marker. Moving to final approach.
2026-07-09 15:03:28 ReturnMine2Phase: Clicked final approach spot at [1491, 933]
2026-07-09 15:03:29 ReturnMine2Phase: Wait complete. Handing off to mine phase.
2026-07-09 15:03:30 MinePhase: Found new vein at [1438, 842]
2026-07-09 15:03:30 MinePhase: Initial click to walk to vein at [1438, 827] (vein at [1438, 827])
2026-07-09 15:03:32 MinePhase: Clicked stable vein at [1265, 717] (vein at [1265, 717])
2026-07-09 15:03:34 MinePhase: Clicked stable vein at [1357, 713] (vein at [1357, 713])
2026-07-09 15:03:36 MinePhase: Clicked stable vein at [1265, 713] (vein at [1265, 713])
2026-07-09 15:03:38 MinePhase: Clicked stable vein at [1259, 713] (vein at [1259, 713])
2026-07-09 15:03:39 MinePhase: Clicked stable vein at [1259, 713] (vein at [1259, 713])
2026-07-09 15:03:41 MinePhase: Clicked stable vein at [1259, 713] (vein at [1259, 713])
2026-07-09 15:03:43 MinePhase: Clicked stable vein at [1259, 713] (vein at [1259, 713])
2026-07-09 15:03:45 MinePhase: Clicked stable vein at [1259, 713] (vein at [1259, 713])
2026-07-09 15:03:46 MinePhase: Clicked stable vein at [1259, 713] (vein at [1259, 713])
2026-07-09 15:03:48 MinePhase: Clicked stable vein at [1259, 713] (vein at [1259, 713])
2026-07-09 15:03:50 MinePhase: Clicked stable vein at [1259, 713] (vein at [1259, 713])
2026-07-09 15:03:51 MinePhase: Clicked stable vein at [1259, 713] (vein at [1259, 713])
2026-07-09 15:03:53 MinePhase: Clicked stable vein at [1259, 713] (vein at [1259, 713])
2026-07-09 15:03:55 MinePhase: Clicked stable vein at [1259, 713] (vein at [1259, 713])
2026-07-09 15:03:57 MinePhase: Clicked stable vein at [1259, 713] (vein at [1259, 713])
2026-07-09 15:03:58 MinePhase: Clicked stable vein at [1259, 713] (vein at [1259, 713])
2026-07-09 15:04:00 MinePhase: Clicked stable vein at [1259, 713] (vein at [1259, 713])
2026-07-09 15:04:02 MinePhase: Clicked stable vein at [1259, 713] (vein at [1259, 713])
2026-07-09 15:04:03 MinePhase: Clicked stable vein at [1259, 713] (vein at [1259, 713])
2026-07-09 15:04:05 MinePhase: Clicked stable vein at [1259, 713] (vein at [1259, 713])
2026-07-09 15:04:06 MinePhase: Lost track of vein or depleted. Finding new vein.
2026-07-09 15:04:07 MinePhase: Found new vein at [1087, 713]
2026-07-09 15:04:07 MinePhase: Initial click to walk to vein at [1087, 713] (vein at [1087, 713])
2026-07-09 15:04:09 MinePhase: Clicked stable vein at [1227, 713] (vein at [1227, 713])
2026-07-09 15:04:11 MinePhase: Clicked stable vein at [1235, 713] (vein at [1235, 713])
2026-07-09 15:04:12 MinePhase: Clicked stable vein at [1235, 713] (vein at [1235, 713])
2026-07-09 15:04:14 MinePhase: Clicked stable vein at [1235, 713] (vein at [1235, 713])
2026-07-09 15:04:16 MinePhase: Clicked stable vein at [1235, 713] (vein at [1235, 713])
2026-07-09 15:04:17 MinePhase: Clicked stable vein at [1235, 713] (vein at [1235, 713])
2026-07-09 15:04:19 MinePhase: Clicked stable vein at [1235, 713] (vein at [1235, 713])
2026-07-09 15:04:21 MinePhase: Clicked stable vein at [1235, 713] (vein at [1235, 713])
2026-07-09 15:04:23 MinePhase: Clicked stable vein at [1235, 713] (vein at [1235, 713])
2026-07-09 15:04:24 MinePhase: Clicked stable vein at [1235, 713] (vein at [1235, 713])
2026-07-09 15:04:26 MinePhase: Clicked stable vein at [1235, 713] (vein at [1235, 713])
2026-07-09 15:04:28 MinePhase: Clicked stable vein at [1235, 713] (vein at [1235, 713])
2026-07-09 15:04:29 MinePhase: Clicked stable vein at [1235, 713] (vein at [1235, 713])
2026-07-09 15:04:31 MinePhase: Clicked stable vein at [1235, 713] (vein at [1235, 713])
2026-07-09 15:04:33 MinePhase: Clicked stable vein at [1235, 713] (vein at [1235, 713])
2026-07-09 15:04:34 MinePhase: Clicked stable vein at [1235, 713] (vein at [1235, 713])
2026-07-09 15:04:36 MinePhase: Clicked stable vein at [1235, 713] (vein at [1235, 713])
2026-07-09 15:04:38 MinePhase: Clicked stable vein at [1235, 713] (vein at [1235, 713])
2026-07-09 15:04:39 MinePhase: Clicked stable vein at [1235, 713] (vein at [1235, 713])
2026-07-09 15:04:40 MinePhase: Lost track of vein or depleted. Finding new vein.
2026-07-09 15:04:40 MinePhase: Found new vein at [1355, 713]
2026-07-09 15:04:40 MinePhase: Initial click to walk to vein at [1355, 713] (vein at [1355, 713])
2026-07-09 15:04:42 MinePhase: Clicked stable vein at [1263, 713] (vein at [1263, 713])
2026-07-09 15:04:43 MinePhase: Clicked stable vein at [1259, 713] (vein at [1259, 713])
2026-07-09 15:04:45 MinePhase: Clicked stable vein at [1259, 713] (vein at [1259, 713])
2026-07-09 15:04:47 MinePhase: Clicked stable vein at [1259, 713] (vein at [1259, 713])
2026-07-09 15:04:48 MinePhase: Clicked stable vein at [1259, 713] (vein at [1259, 713])
2026-07-09 15:04:49 MinePhase: Inventory full, transitioning to clearRed
2026-07-09 15:04:49 ClearRedPhase: Found new red rockfall at [1185, 347]
2026-07-09 15:04:50 ClearRedPhase: Initial click on red rockfall at [1185, 347]
2026-07-09 15:04:57 ClearRedPhase: Failsafe click on red rockfall at [1257, 639]
2026-07-09 15:04:57 ClearRedPhase: Rockfall cleared or lost. Scanning for another.
2026-07-09 15:04:58 ClearRedPhase: No red rockfalls found. Moving to hopper.
2026-07-09 15:04:58 ClearYellowPhase: Ore deposited. Moving to sack.
2026-07-09 15:04:58 WithdrawSackPhase: Items received from sack. Moving to bank.
2026-07-09 15:04:58 DepositBankPhase: Clicked deposit container at [1407, 153]
2026-07-09 15:04:58 DepositBankPhase: Waiting for deposit box to open...
2026-07-09 15:05:06 DepositBankPhase: Deposited all - banking complete, returning to mine
2026-07-09 15:05:06 ReturnMine1Phase: Clicked waypoint 1 at [699, 1279]
2026-07-09 15:05:12 ReturnMine1Phase: Arrived at waypoint 1!
2026-07-09 15:05:12 ReturnMine2Phase: Clicked waypoint 2 at [1251, 1354]
2026-07-09 15:05:16 ReturnMine2Phase: Saw waypoint 2 marker. Moving to final approach.
2026-07-09 15:05:16 ReturnMine2Phase: Clicked final approach spot at [1491, 933]
2026-07-09 15:05:17 ReturnMine2Phase: Wait complete. Handing off to mine phase.
2026-07-09 15:05:18 MinePhase: Found new vein at [1438, 842]
2026-07-09 15:05:18 MinePhase: Initial click to walk to vein at [1438, 821] (vein at [1438, 821])
2026-07-09 15:05:20 MinePhase: Clicked stable vein at [1269, 719] (vein at [1269, 719])
2026-07-09 15:05:22 MinePhase: Clicked stable vein at [1259, 713] (vein at [1259, 713])
2026-07-09 15:05:23 MinePhase: Clicked stable vein at [1259, 713] (vein at [1259, 713])
2026-07-09 15:05:25 MinePhase: Clicked stable vein at [1259, 713] (vein at [1259, 713])
2026-07-09 15:05:27 MinePhase: Clicked stable vein at [1259, 713] (vein at [1259, 713])
2026-07-09 15:05:29 MinePhase: Clicked stable vein at [1259, 713] (vein at [1259, 713])
2026-07-09 15:05:30 MinePhase: Clicked stable vein at [1259, 713] (vein at [1259, 713])
2026-07-09 15:05:32 MinePhase: Clicked stable vein at [1259, 713] (vein at [1259, 713])
2026-07-09 15:05:34 MinePhase: Clicked stable vein at [1259, 713] (vein at [1259, 713])
2026-07-09 15:05:35 MinePhase: Clicked stable vein at [1259, 713] (vein at [1259, 713])
2026-07-09 15:05:37 MinePhase: Clicked stable vein at [1259, 713] (vein at [1259, 713])
2026-07-09 15:05:39 MinePhase: Clicked stable vein at [1259, 713] (vein at [1259, 713])
2026-07-09 15:05:41 MinePhase: Clicked stable vein at [1259, 713] (vein at [1259, 713])
2026-07-09 15:05:42 MinePhase: Clicked stable vein at [1259, 713] (vein at [1259, 713])
2026-07-09 15:05:44 MinePhase: Clicked stable vein at [1259, 713] (vein at [1259, 713])
2026-07-09 15:05:46 MinePhase: Clicked stable vein at [1259, 713] (vein at [1259, 713])
2026-07-09 15:05:47 MinePhase: Clicked stable vein at [1259, 713] (vein at [1259, 713])
2026-07-09 15:05:49 MinePhase: Clicked stable vein at [1259, 713] (vein at [1259, 713])
2026-07-09 15:05:51 MinePhase: Clicked stable vein at [1259, 713] (vein at [1259, 713])
2026-07-09 15:05:53 MinePhase: Clicked stable vein at [1259, 713] (vein at [1259, 713])
2026-07-09 15:05:54 MinePhase: Clicked stable vein at [1259, 713] (vein at [1259, 713])
2026-07-09 15:05:56 MinePhase: Clicked stable vein at [1259, 713] (vein at [1259, 713])
2026-07-09 15:05:58 MinePhase: Clicked stable vein at [1259, 713] (vein at [1259, 713])
2026-07-09 15:05:59 MinePhase: Clicked stable vein at [1259, 713] (vein at [1259, 713])
2026-07-09 15:06:01 MinePhase: Clicked stable vein at [1259, 713] (vein at [1259, 713])
2026-07-09 15:06:03 MinePhase: Clicked stable vein at [1259, 713] (vein at [1259, 713])
2026-07-09 15:06:04 MinePhase: Clicked stable vein at [1259, 713] (vein at [1259, 713])
2026-07-09 15:06:06 MinePhase: Clicked stable vein at [1259, 713] (vein at [1259, 713])
2026-07-09 15:06:08 MinePhase: Clicked stable vein at [1259, 713] (vein at [1259, 713])
2026-07-09 15:06:10 MinePhase: Clicked stable vein at [1357, 713] (vein at [1357, 713])
2026-07-09 15:06:12 MinePhase: Clicked stable vein at [1265, 713] (vein at [1265, 713])
2026-07-09 15:06:13 MinePhase: Clicked stable vein at [1259, 713] (vein at [1259, 713])
2026-07-09 15:06:15 MinePhase: Clicked stable vein at [1259, 713] (vein at [1259, 713])
2026-07-09 15:06:17 MinePhase: Clicked stable vein at [1259, 713] (vein at [1259, 713])
2026-07-09 15:06:19 MinePhase: Clicked stable vein at [1259, 713] (vein at [1259, 713])
2026-07-09 15:06:20 MinePhase: Clicked stable vein at [1259, 713] (vein at [1259, 713])
2026-07-09 15:06:22 MinePhase: Clicked stable vein at [1259, 713] (vein at [1259, 713])
2026-07-09 15:06:24 MinePhase: Clicked stable vein at [1259, 713] (vein at [1259, 713])
2026-07-09 15:06:24 MinePhase: Inventory full, transitioning to clearRed
2026-07-09 15:06:24 ClearRedPhase: Found new red rockfall at [1349, 347]
2026-07-09 15:06:24 ClearRedPhase: Initial click on red rockfall at [1349, 347]
2026-07-09 15:06:33 ClearRedPhase: Rockfall cleared or lost. Scanning for another.
2026-07-09 15:06:34 ClearRedPhase: No red rockfalls found. Moving to hopper.
2026-07-09 15:06:34 ClearYellowPhase: Clicked hopper at [904, 440]
2026-07-09 15:06:42 ClearYellowPhase: Ore deposited. Moving to sack.
2026-07-09 15:06:43 WithdrawSackPhase: Clicked sack at [1825, 724]
2026-07-09 15:06:48 WithdrawSackPhase: Items received from sack. Moving to bank.
2026-07-09 15:06:49 DepositBankPhase: Clicked deposit container at [1097, 355]
2026-07-09 15:06:49 DepositBankPhase: Waiting for deposit box to open...
2026-07-09 15:06:53 DepositBankPhase: Deposited all - banking complete, returning to mine
2026-07-09 15:06:53 ReturnMine1Phase: Clicked waypoint 1 at [699, 1279]
2026-07-09 15:06:59 ReturnMine1Phase: Arrived at waypoint 1!
2026-07-09 15:06:59 ReturnMine2Phase: Clicked waypoint 2 at [1251, 1354]
2026-07-09 15:07:03 ReturnMine2Phase: Saw waypoint 2 marker. Moving to final approach.
2026-07-09 15:07:04 ReturnMine2Phase: Clicked final approach spot at [1491, 933]
2026-07-09 15:07:05 ReturnMine2Phase: Wait complete. Handing off to mine phase.
2026-07-09 15:07:06 MinePhase: Found new vein at [1438, 839]
2026-07-09 15:07:06 MinePhase: Initial click to walk to vein at [1438, 817] (vein at [1438, 817])
2026-07-09 15:07:07 MinePhase: Clicked stable vein at [1243, 717] (vein at [1243, 717])
2026-07-09 15:07:09 MinePhase: Clicked stable vein at [1235, 713] (vein at [1235, 713])
2026-07-09 15:07:11 MinePhase: Clicked stable vein at [1235, 713] (vein at [1235, 713])
2026-07-09 15:07:13 MinePhase: Clicked stable vein at [1235, 713] (vein at [1235, 713])
2026-07-09 15:07:14 MinePhase: Clicked stable vein at [1235, 713] (vein at [1235, 713])
2026-07-09 15:07:16 MinePhase: Clicked stable vein at [1235, 713] (vein at [1235, 713])
2026-07-09 15:07:18 MinePhase: Clicked stable vein at [1235, 713] (vein at [1235, 713])
2026-07-09 15:07:19 MinePhase: Clicked stable vein at [1235, 713] (vein at [1235, 713])
2026-07-09 15:07:21 MinePhase: Clicked stable vein at [1235, 713] (vein at [1235, 713])
2026-07-09 15:07:23 MinePhase: Clicked stable vein at [1235, 713] (vein at [1235, 713])
2026-07-09 15:07:25 MinePhase: Clicked stable vein at [1235, 713] (vein at [1235, 713])
2026-07-09 15:07:26 MinePhase: Clicked stable vein at [1235, 713] (vein at [1235, 713])
2026-07-09 15:07:28 MinePhase: Clicked stable vein at [1235, 713] (vein at [1235, 713])
2026-07-09 15:07:30 MinePhase: Clicked stable vein at [1235, 713] (vein at [1235, 713])
2026-07-09 15:07:31 MinePhase: Clicked stable vein at [1235, 713] (vein at [1235, 713])
2026-07-09 15:07:33 MinePhase: Clicked stable vein at [1235, 713] (vein at [1235, 713])
2026-07-09 15:07:35 MinePhase: Clicked stable vein at [1235, 713] (vein at [1235, 713])
2026-07-09 15:07:37 MinePhase: Clicked stable vein at [1235, 713] (vein at [1235, 713])
2026-07-09 15:07:38 MinePhase: Clicked stable vein at [1235, 713] (vein at [1235, 713])
2026-07-09 15:07:40 MinePhase: Lost track of vein or depleted. Finding new vein.
2026-07-09 15:07:40 MinePhase: Found new vein at [1307, 713]
2026-07-09 15:07:40 MinePhase: Initial click to walk to vein at [1307, 713] (vein at [1307, 713])
2026-07-09 15:07:42 MinePhase: Clicked stable vein at [1267, 713] (vein at [1267, 713])
2026-07-09 15:07:44 MinePhase: Clicked stable vein at [1259, 713] (vein at [1259, 713])
2026-07-09 15:07:45 MinePhase: Clicked stable vein at [1259, 713] (vein at [1259, 713])
2026-07-09 15:07:47 MinePhase: Clicked stable vein at [1259, 713] (vein at [1259, 713])
2026-07-09 15:07:49 MinePhase: Clicked stable vein at [1259, 713] (vein at [1259, 713])
2026-07-09 15:07:50 MinePhase: Clicked stable vein at [1259, 713] (vein at [1259, 713])
2026-07-09 15:07:52 MinePhase: Clicked stable vein at [1259, 713] (vein at [1259, 713])
2026-07-09 15:07:54 MinePhase: Clicked stable vein at [1259, 713] (vein at [1259, 713])
2026-07-09 15:07:56 MinePhase: Clicked stable vein at [1259, 713] (vein at [1259, 713])
2026-07-09 15:07:57 MinePhase: Clicked stable vein at [1259, 713] (vein at [1259, 713])
2026-07-09 15:07:59 MinePhase: Clicked stable vein at [1259, 713] (vein at [1259, 713])
2026-07-09 15:08:01 MinePhase: Clicked stable vein at [1259, 713] (vein at [1259, 713])
2026-07-09 15:08:02 MinePhase: Clicked stable vein at [1259, 713] (vein at [1259, 713])
2026-07-09 15:08:04 MinePhase: Clicked stable vein at [1259, 713] (vein at [1259, 713])
2026-07-09 15:08:06 MinePhase: Clicked stable vein at [1259, 713] (vein at [1259, 713])
2026-07-09 15:08:07 MinePhase: Clicked stable vein at [1259, 713] (vein at [1259, 713])
2026-07-09 15:08:09 MinePhase: Clicked stable vein at [1259, 713] (vein at [1259, 713])
2026-07-09 15:08:11 MinePhase: Clicked stable vein at [1259, 713] (vein at [1259, 713])
2026-07-09 15:08:13 MinePhase: Clicked stable vein at [1259, 713] (vein at [1259, 713])
2026-07-09 15:08:14 MinePhase: Clicked stable vein at [1259, 713] (vein at [1259, 713])
2026-07-09 15:08:16 MinePhase: Clicked stable vein at [1259, 713] (vein at [1259, 713])
2026-07-09 15:08:18 MinePhase: Clicked stable vein at [1259, 713] (vein at [1259, 713])
2026-07-09 15:08:19 MinePhase: Clicked stable vein at [1259, 713] (vein at [1259, 713])
2026-07-09 15:08:20 MinePhase: Lost track of vein or depleted. Finding new vein.
2026-07-09 15:08:20 MinePhase: Found new vein at [1307, 713]
2026-07-09 15:08:20 MinePhase: Initial click to walk to vein at [1307, 713] (vein at [1307, 713])
2026-07-09 15:08:22 MinePhase: Clicked stable vein at [1263, 713] (vein at [1263, 713])
2026-07-09 15:08:23 MinePhase: Clicked stable vein at [1259, 713] (vein at [1259, 713])
2026-07-09 15:08:25 MinePhase: Clicked stable vein at [1259, 713] (vein at [1259, 713])
2026-07-09 15:08:27 MinePhase: Clicked stable vein at [1259, 713] (vein at [1259, 713])
2026-07-09 15:08:29 MinePhase: Clicked stable vein at [1259, 713] (vein at [1259, 713])
2026-07-09 15:08:30 MinePhase: Clicked stable vein at [1259, 713] (vein at [1259, 713])
2026-07-09 15:08:32 MinePhase: Clicked stable vein at [1259, 713] (vein at [1259, 713])
2026-07-09 15:08:34 MinePhase: Clicked stable vein at [1259, 713] (vein at [1259, 713])
2026-07-09 15:08:35 MinePhase: Clicked stable vein at [1259, 713] (vein at [1259, 713])
2026-07-09 15:08:37 MinePhase: Clicked stable vein at [1259, 713] (vein at [1259, 713])
2026-07-09 15:08:39 MinePhase: Clicked stable vein at [1259, 713] (vein at [1259, 713])
2026-07-09 15:08:41 MinePhase: Clicked stable vein at [1259, 713] (vein at [1259, 713])
2026-07-09 15:08:42 MinePhase: Clicked stable vein at [1259, 713] (vein at [1259, 713])
2026-07-09 15:08:44 MinePhase: Clicked stable vein at [1259, 713] (vein at [1259, 713])
2026-07-09 15:08:46 MinePhase: Clicked stable vein at [1259, 713] (vein at [1259, 713])
2026-07-09 15:08:47 MinePhase: Clicked stable vein at [1259, 713] (vein at [1259, 713])
2026-07-09 15:08:49 MinePhase: Clicked stable vein at [1259, 713] (vein at [1259, 713])
2026-07-09 15:08:51 MinePhase: Clicked stable vein at [1259, 713] (vein at [1259, 713])
2026-07-09 15:08:53 MinePhase: Clicked stable vein at [1259, 713] (vein at [1259, 713])
2026-07-09 15:08:54 MinePhase: Lost track of vein or depleted. Finding new vein.
2026-07-09 15:08:55 MinePhase: Found new vein at [1307, 713]
2026-07-09 15:08:55 MinePhase: Initial click to walk to vein at [1307, 713] (vein at [1307, 713])
2026-07-09 15:08:57 MinePhase: Clicked stable vein at [1267, 713] (vein at [1267, 713])
2026-07-09 15:08:59 MinePhase: Clicked stable vein at [1259, 713] (vein at [1259, 713])
2026-07-09 15:09:00 MinePhase: Clicked stable vein at [1259, 713] (vein at [1259, 713])
2026-07-09 15:09:02 MinePhase: Clicked stable vein at [1259, 713] (vein at [1259, 713])
2026-07-09 15:09:04 MinePhase: Clicked stable vein at [1259, 713] (vein at [1259, 713])
2026-07-09 15:09:05 MinePhase: Clicked stable vein at [1259, 713] (vein at [1259, 713])
2026-07-09 15:09:07 MinePhase: Clicked stable vein at [1259, 713] (vein at [1259, 713])
2026-07-09 15:09:09 MinePhase: Clicked stable vein at [1259, 713] (vein at [1259, 713])
2026-07-09 15:09:11 MinePhase: Clicked stable vein at [1259, 713] (vein at [1259, 713])
2026-07-09 15:09:12 MinePhase: Clicked stable vein at [1259, 713] (vein at [1259, 713])
2026-07-09 15:09:14 MinePhase: Clicked stable vein at [1259, 713] (vein at [1259, 713])
2026-07-09 15:09:16 MinePhase: Clicked stable vein at [1259, 713] (vein at [1259, 713])
2026-07-09 15:09:17 MinePhase: Clicked stable vein at [1259, 713] (vein at [1259, 713])
2026-07-09 15:09:19 MinePhase: Clicked stable vein at [1259, 713] (vein at [1259, 713])
2026-07-09 15:09:21 MinePhase: Clicked stable vein at [1259, 713] (vein at [1259, 713])
2026-07-09 15:09:23 MinePhase: Clicked stable vein at [1259, 713] (vein at [1259, 713])
2026-07-09 15:09:24 MinePhase: Clicked stable vein at [1259, 713] (vein at [1259, 713])
2026-07-09 15:09:26 MinePhase: Clicked stable vein at [1259, 713] (vein at [1259, 713])
2026-07-09 15:09:28 MinePhase: Clicked stable vein at [1259, 713] (vein at [1259, 713])
2026-07-09 15:09:29 MinePhase: Clicked stable vein at [1259, 713] (vein at [1259, 713])
2026-07-09 15:09:31 MinePhase: Clicked stable vein at [1259, 713] (vein at [1259, 713])
2026-07-09 15:09:31 MinePhase: Lost track of vein or depleted. Finding new vein.
2026-07-09 15:09:31 MinePhase: Inventory full, transitioning to clearRed
2026-07-09 15:09:31 ClearRedPhase: No red rockfalls found. Moving to hopper.
2026-07-09 15:09:32 ClearYellowPhase: Clicked hopper at [1070, 240]
2026-07-09 15:09:40 ClearYellowPhase: Ore deposited. Moving to sack.
2026-07-09 15:09:41 WithdrawSackPhase: Clicked sack at [1825, 724]
2026-07-09 15:09:47 WithdrawSackPhase: Items received from sack. Moving to bank.
2026-07-09 15:09:48 DepositBankPhase: Clicked deposit container at [1099, 355]
2026-07-09 15:09:48 DepositBankPhase: Waiting for deposit box to open...
2026-07-09 15:09:52 DepositBankPhase: Deposited all - banking complete, returning to mine
2026-07-09 15:09:52 ReturnMine1Phase: Clicked waypoint 1 at [699, 1279]
2026-07-09 15:09:58 ReturnMine1Phase: Arrived at waypoint 1!
2026-07-09 15:09:58 ReturnMine2Phase: Clicked waypoint 2 at [1251, 1354]
2026-07-09 15:10:02 ReturnMine2Phase: Saw waypoint 2 marker. Moving to final approach.
2026-07-09 15:10:03 ReturnMine2Phase: Clicked final approach spot at [1491, 933]
2026-07-09 15:10:04 ReturnMine2Phase: Wait complete. Handing off to mine phase.
2026-07-09 15:10:04 MinePhase: Found new vein at [1438, 842]
2026-07-09 15:10:05 MinePhase: Initial click to walk to vein at [1438, 833] (vein at [1438, 833])
2026-07-09 15:10:06 MinePhase: Clicked stable vein at [1245, 719] (vein at [1245, 719])
2026-07-09 15:10:08 MinePhase: Clicked stable vein at [1235, 713] (vein at [1235, 713])
2026-07-09 15:10:10 MinePhase: Clicked stable vein at [1235, 713] (vein at [1235, 713])
2026-07-09 15:10:11 MinePhase: Clicked stable vein at [1235, 713] (vein at [1235, 713])
2026-07-09 15:10:13 MinePhase: Clicked stable vein at [1235, 713] (vein at [1235, 713])
2026-07-09 15:10:15 MinePhase: Clicked stable vein at [1235, 713] (vein at [1235, 713])
2026-07-09 15:10:17 MinePhase: Clicked stable vein at [1235, 713] (vein at [1235, 713])
2026-07-09 15:10:18 MinePhase: Clicked stable vein at [1235, 713] (vein at [1235, 713])
2026-07-09 15:10:20 MinePhase: Clicked stable vein at [1235, 713] (vein at [1235, 713])
2026-07-09 15:10:22 MinePhase: Clicked stable vein at [1235, 713] (vein at [1235, 713])
2026-07-09 15:10:23 MinePhase: Clicked stable vein at [1235, 713] (vein at [1235, 713])
2026-07-09 15:10:25 MinePhase: Clicked stable vein at [1235, 713] (vein at [1235, 713])
2026-07-09 15:10:27 MinePhase: Clicked stable vein at [1235, 713] (vein at [1235, 713])
2026-07-09 15:10:28 MinePhase: Clicked stable vein at [1235, 713] (vein at [1235, 713])
2026-07-09 15:10:30 MinePhase: Clicked stable vein at [1235, 713] (vein at [1235, 713])
2026-07-09 15:10:32 MinePhase: Clicked stable vein at [1235, 713] (vein at [1235, 713])
2026-07-09 15:10:34 MinePhase: Clicked stable vein at [1235, 713] (vein at [1235, 713])
2026-07-09 15:10:35 MinePhase: Clicked stable vein at [1235, 713] (vein at [1235, 713])
2026-07-09 15:10:37 MinePhase: Clicked stable vein at [1235, 713] (vein at [1235, 713])
2026-07-09 15:10:39 MinePhase: Clicked stable vein at [1235, 713] (vein at [1235, 713])
2026-07-09 15:10:40 MinePhase: Clicked stable vein at [1235, 713] (vein at [1235, 713])
2026-07-09 15:10:42 MinePhase: Lost track of vein or depleted. Finding new vein.
2026-07-09 15:10:42 MinePhase: Found new vein at [1307, 713]
2026-07-09 15:10:42 MinePhase: Initial click to walk to vein at [1307, 713] (vein at [1307, 713])
2026-07-09 15:10:44 MinePhase: Clicked stable vein at [1265, 713] (vein at [1265, 713])
2026-07-09 15:10:46 MinePhase: Clicked stable vein at [1259, 713] (vein at [1259, 713])
2026-07-09 15:10:48 MinePhase: Clicked stable vein at [1259, 713] (vein at [1259, 713])
2026-07-09 15:10:49 MinePhase: Clicked stable vein at [1259, 713] (vein at [1259, 713])
2026-07-09 15:10:51 MinePhase: Clicked stable vein at [1259, 713] (vein at [1259, 713])
2026-07-09 15:10:53 MinePhase: Clicked stable vein at [1259, 713] (vein at [1259, 713])
2026-07-09 15:10:55 MinePhase: Clicked stable vein at [1259, 713] (vein at [1259, 713])
2026-07-09 15:10:56 MinePhase: Clicked stable vein at [1259, 713] (vein at [1259, 713])
2026-07-09 15:10:58 MinePhase: Clicked stable vein at [1259, 713] (vein at [1259, 713])
2026-07-09 15:11:00 MinePhase: Clicked stable vein at [1259, 713] (vein at [1259, 713])
2026-07-09 15:11:01 MinePhase: Clicked stable vein at [1259, 713] (vein at [1259, 713])
2026-07-09 15:11:03 MinePhase: Clicked stable vein at [1259, 713] (vein at [1259, 713])
2026-07-09 15:11:05 MinePhase: Clicked stable vein at [1259, 713] (vein at [1259, 713])
2026-07-09 15:11:07 MinePhase: Clicked stable vein at [1259, 713] (vein at [1259, 713])
2026-07-09 15:11:08 MinePhase: Clicked stable vein at [1259, 713] (vein at [1259, 713])
2026-07-09 15:11:10 MinePhase: Clicked stable vein at [1259, 713] (vein at [1259, 713])
2026-07-09 15:11:12 MinePhase: Clicked stable vein at [1259, 713] (vein at [1259, 713])
2026-07-09 15:11:13 MinePhase: Clicked stable vein at [1259, 713] (vein at [1259, 713])
2026-07-09 15:11:15 MinePhase: Clicked stable vein at [1259, 713] (vein at [1259, 713])
2026-07-09 15:11:17 MinePhase: Clicked stable vein at [1259, 713] (vein at [1259, 713])
2026-07-09 15:11:19 MinePhase: Clicked stable vein at [1355, 713] (vein at [1355, 713])
2026-07-09 15:11:21 MinePhase: Clicked stable vein at [1267, 713] (vein at [1267, 713])
2026-07-09 15:11:22 MinePhase: Clicked stable vein at [1259, 713] (vein at [1259, 713])
2026-07-09 15:11:24 MinePhase: Clicked stable vein at [1259, 713] (vein at [1259, 713])
2026-07-09 15:11:26 MinePhase: Clicked stable vein at [1259, 713] (vein at [1259, 713])
2026-07-09 15:11:27 MinePhase: Clicked stable vein at [1259, 713] (vein at [1259, 713])
2026-07-09 15:11:29 MinePhase: Clicked stable vein at [1259, 713] (vein at [1259, 713])
2026-07-09 15:11:31 MinePhase: Clicked stable vein at [1259, 713] (vein at [1259, 713])
2026-07-09 15:11:32 MinePhase: Clicked stable vein at [1259, 713] (vein at [1259, 713])
2026-07-09 15:11:34 MinePhase: Clicked stable vein at [1259, 713] (vein at [1259, 713])
2026-07-09 15:11:36 MinePhase: Clicked stable vein at [1259, 713] (vein at [1259, 713])
2026-07-09 15:11:38 MinePhase: Clicked stable vein at [1259, 713] (vein at [1259, 713])
2026-07-09 15:11:39 MinePhase: Clicked stable vein at [1259, 713] (vein at [1259, 713])
2026-07-09 15:11:41 MinePhase: Clicked stable vein at [1259, 713] (vein at [1259, 713])
2026-07-09 15:11:43 MinePhase: Clicked stable vein at [1259, 713] (vein at [1259, 713])
2026-07-09 15:11:44 MinePhase: Clicked stable vein at [1259, 713] (vein at [1259, 713])
2026-07-09 15:11:46 MinePhase: Clicked stable vein at [1259, 713] (vein at [1259, 713])
2026-07-09 15:11:48 MinePhase: Clicked stable vein at [1259, 713] (vein at [1259, 713])
2026-07-09 15:11:50 MinePhase: Clicked stable vein at [1259, 713] (vein at [1259, 713])
2026-07-09 15:11:51 MinePhase: Clicked stable vein at [1259, 713] (vein at [1259, 713])
2026-07-09 15:11:53 MinePhase: Clicked stable vein at [1259, 713] (vein at [1259, 713])
2026-07-09 15:11:55 MinePhase: Clicked stable vein at [1259, 713] (vein at [1259, 713])
2026-07-09 15:11:56 MinePhase: Clicked stable vein at [1259, 713] (vein at [1259, 713])
2026-07-09 15:11:58 MinePhase: Clicked stable vein at [1259, 713] (vein at [1259, 713])
2026-07-09 15:12:00 MinePhase: Clicked stable vein at [1259, 713] (vein at [1259, 713])
2026-07-09 15:12:00 MinePhase: Lost track of vein or depleted. Finding new vein.
2026-07-09 15:12:00 MinePhase: Found new vein at [1209, 713]
2026-07-09 15:12:00 MinePhase: Initial click to walk to vein at [1209, 713] (vein at [1209, 713])
2026-07-09 15:12:02 MinePhase: Clicked stable vein at [1253, 713] (vein at [1253, 713])
2026-07-09 15:12:04 MinePhase: Clicked stable vein at [1259, 713] (vein at [1259, 713])
2026-07-09 15:12:05 MinePhase: Clicked stable vein at [1259, 713] (vein at [1259, 713])
2026-07-09 15:12:07 MinePhase: Clicked stable vein at [1259, 713] (vein at [1259, 713])
2026-07-09 15:12:09 MinePhase: Clicked stable vein at [1259, 713] (vein at [1259, 713])
2026-07-09 15:12:09 MinePhase: Inventory full, transitioning to clearRed
2026-07-09 15:12:09 ClearRedPhase: Found new red rockfall at [1185, 347]
2026-07-09 15:12:09 ClearRedPhase: Initial click on red rockfall at [1185, 347]
2026-07-09 15:12:16 ClearRedPhase: Rockfall cleared or lost. Scanning for another.
2026-07-09 15:12:16 ClearRedPhase: Found new red rockfall at [1531, 639]
2026-07-09 15:12:16 ClearRedPhase: Initial click on red rockfall at [1529, 639]
2026-07-09 15:12:23 ClearRedPhase: Failsafe click on red rockfall at [1249, 633]
2026-07-09 15:12:23 ClearRedPhase: Rockfall cleared or lost. Scanning for another.
2026-07-09 15:12:23 ClearRedPhase: No red rockfalls found. Moving to hopper.
2026-07-09 15:12:25 ClearYellowPhase: Clicked hopper at [892, 440]
2026-07-09 15:12:31 ClearYellowPhase: Ore deposited. Moving to sack.
2026-07-09 15:12:32 WithdrawSackPhase: Clicked sack at [1825, 724]
2026-07-09 15:12:38 WithdrawSackPhase: Items received from sack. Moving to bank.
2026-07-09 15:12:38 DepositBankPhase: Clicked deposit container at [1099, 355]
2026-07-09 15:12:38 DepositBankPhase: Waiting for deposit box to open...
2026-07-09 15:12:42 DepositBankPhase: Deposited all - banking complete, returning to mine
2026-07-09 15:12:42 ReturnMine1Phase: Clicked waypoint 1 at [699, 1279]
2026-07-09 15:12:47 ReturnMine1Phase: Arrived at waypoint 1!
2026-07-09 15:12:48 ReturnMine2Phase: Clicked waypoint 2 at [1251, 1354]
2026-07-09 15:12:51 ReturnMine2Phase: Saw waypoint 2 marker. Moving to final approach.
2026-07-09 15:12:52 ReturnMine2Phase: Clicked final approach spot at [1491, 933]
2026-07-09 15:12:53 ReturnMine2Phase: Wait complete. Handing off to mine phase.
2026-07-09 15:12:53 MinePhase: Found new vein at [1438, 842]
2026-07-09 15:12:53 MinePhase: Initial click to walk to vein at [1438, 831] (vein at [1438, 831])
2026-07-09 15:12:56 MinePhase: Clicked stable vein at [1243, 717] (vein at [1243, 717])
2026-07-09 15:12:57 MinePhase: Clicked stable vein at [1235, 713] (vein at [1235, 713])
2026-07-09 15:12:59 MinePhase: Clicked stable vein at [1235, 713] (vein at [1235, 713])
2026-07-09 15:13:01 MinePhase: Clicked stable vein at [1235, 713] (vein at [1235, 713])
2026-07-09 15:13:02 MinePhase: Clicked stable vein at [1235, 713] (vein at [1235, 713])
2026-07-09 15:13:04 MinePhase: Clicked stable vein at [1235, 713] (vein at [1235, 713])
2026-07-09 15:13:06 MinePhase: Clicked stable vein at [1235, 713] (vein at [1235, 713])
2026-07-09 15:13:08 MinePhase: Clicked stable vein at [1235, 713] (vein at [1235, 713])
2026-07-09 15:13:09 MinePhase: Clicked stable vein at [1235, 713] (vein at [1235, 713])
2026-07-09 15:13:11 MinePhase: Clicked stable vein at [1235, 713] (vein at [1235, 713])
2026-07-09 15:13:13 MinePhase: Clicked stable vein at [1235, 713] (vein at [1235, 713])
2026-07-09 15:13:14 MinePhase: Clicked stable vein at [1235, 713] (vein at [1235, 713])
2026-07-09 15:13:16 MinePhase: Clicked stable vein at [1235, 713] (vein at [1235, 713])
2026-07-09 15:13:18 MinePhase: Clicked stable vein at [1235, 713] (vein at [1235, 713])
2026-07-09 15:13:19 MinePhase: Clicked stable vein at [1235, 713] (vein at [1235, 713])
2026-07-09 15:13:21 MinePhase: Clicked stable vein at [1235, 713] (vein at [1235, 713])
2026-07-09 15:13:23 MinePhase: Clicked stable vein at [1235, 713] (vein at [1235, 713])
2026-07-09 15:13:24 MinePhase: Lost track of vein or depleted. Finding new vein.
2026-07-09 15:13:24 MinePhase: Found new vein at [1307, 713]
2026-07-09 15:13:24 MinePhase: Initial click to walk to vein at [1307, 713] (vein at [1307, 713])
2026-07-09 15:13:26 MinePhase: Clicked stable vein at [1267, 713] (vein at [1267, 713])
2026-07-09 15:13:28 MinePhase: Clicked stable vein at [1259, 713] (vein at [1259, 713])
2026-07-09 15:13:30 MinePhase: Clicked stable vein at [1259, 713] (vein at [1259, 713])
2026-07-09 15:13:32 MinePhase: Clicked stable vein at [1259, 713] (vein at [1259, 713])
2026-07-09 15:13:33 MinePhase: Clicked stable vein at [1259, 713] (vein at [1259, 713])
2026-07-09 15:13:35 MinePhase: Clicked stable vein at [1259, 713] (vein at [1259, 713])
2026-07-09 15:13:37 MinePhase: Clicked stable vein at [1259, 713] (vein at [1259, 713])
2026-07-09 15:13:38 MinePhase: Clicked stable vein at [1259, 713] (vein at [1259, 713])
2026-07-09 15:13:40 MinePhase: Clicked stable vein at [1259, 713] (vein at [1259, 713])
2026-07-09 15:13:42 MinePhase: Clicked stable vein at [1259, 713] (vein at [1259, 713])
2026-07-09 15:13:43 MinePhase: Clicked stable vein at [1259, 713] (vein at [1259, 713])
2026-07-09 15:13:45 MinePhase: Clicked stable vein at [1259, 713] (vein at [1259, 713])
2026-07-09 15:13:47 MinePhase: Clicked stable vein at [1259, 713] (vein at [1259, 713])
2026-07-09 15:13:49 MinePhase: Clicked stable vein at [1259, 713] (vein at [1259, 713])
2026-07-09 15:13:50 MinePhase: Clicked stable vein at [1259, 713] (vein at [1259, 713])
2026-07-09 15:13:52 MinePhase: Clicked stable vein at [1259, 713] (vein at [1259, 713])
2026-07-09 15:13:54 MinePhase: Clicked stable vein at [1259, 713] (vein at [1259, 713])
2026-07-09 15:13:55 MinePhase: Clicked stable vein at [1259, 713] (vein at [1259, 713])
2026-07-09 15:13:57 MinePhase: Clicked stable vein at [1259, 713] (vein at [1259, 713])
2026-07-09 15:13:59 MinePhase: Clicked stable vein at [1259, 713] (vein at [1259, 713])
2026-07-09 15:14:01 MinePhase: Clicked stable vein at [1357, 713] (vein at [1357, 713])
2026-07-09 15:14:03 MinePhase: Clicked stable vein at [1265, 713] (vein at [1265, 713])
2026-07-09 15:14:04 MinePhase: Clicked stable vein at [1259, 713] (vein at [1259, 713])
2026-07-09 15:14:06 MinePhase: Clicked stable vein at [1259, 713] (vein at [1259, 713])
2026-07-09 15:14:08 MinePhase: Clicked stable vein at [1259, 713] (vein at [1259, 713])
2026-07-09 15:14:10 MinePhase: Clicked stable vein at [1259, 713] (vein at [1259, 713])
2026-07-09 15:14:11 MinePhase: Clicked stable vein at [1259, 713] (vein at [1259, 713])
2026-07-09 15:14:13 MinePhase: Clicked stable vein at [1259, 713] (vein at [1259, 713])
2026-07-09 15:14:15 MinePhase: Clicked stable vein at [1259, 713] (vein at [1259, 713])
2026-07-09 15:14:16 MinePhase: Clicked stable vein at [1259, 713] (vein at [1259, 713])
2026-07-09 15:14:18 MinePhase: Clicked stable vein at [1259, 713] (vein at [1259, 713])
2026-07-09 15:14:20 MinePhase: Clicked stable vein at [1259, 713] (vein at [1259, 713])
2026-07-09 15:14:21 MinePhase: Clicked stable vein at [1259, 713] (vein at [1259, 713])
2026-07-09 15:14:23 MinePhase: Clicked stable vein at [1259, 713] (vein at [1259, 713])
2026-07-09 15:14:25 MinePhase: Clicked stable vein at [1259, 713] (vein at [1259, 713])
2026-07-09 15:14:27 MinePhase: Clicked stable vein at [1259, 713] (vein at [1259, 713])
2026-07-09 15:14:28 MinePhase: Clicked stable vein at [1259, 713] (vein at [1259, 713])
2026-07-09 15:14:30 MinePhase: Clicked stable vein at [1259, 713] (vein at [1259, 713])
2026-07-09 15:14:32 MinePhase: Clicked stable vein at [1259, 713] (vein at [1259, 713])
2026-07-09 15:14:33 MinePhase: Clicked stable vein at [1259, 713] (vein at [1259, 713])
2026-07-09 15:14:35 MinePhase: Clicked stable vein at [1259, 713] (vein at [1259, 713])
2026-07-09 15:14:37 MinePhase: Clicked stable vein at [1259, 713] (vein at [1259, 713])
2026-07-09 15:14:38 MinePhase: Clicked stable vein at [1259, 713] (vein at [1259, 713])
2026-07-09 15:14:38 MinePhase: Lost track of vein or depleted. Finding new vein.
2026-07-09 15:14:39 MinePhase: Found new vein at [1209, 713]
2026-07-09 15:14:39 MinePhase: Initial click to walk to vein at [1209, 713] (vein at [1209, 713])
2026-07-09 15:14:41 MinePhase: Clicked stable vein at [1255, 713] (vein at [1255, 713])
2026-07-09 15:14:42 MinePhase: Clicked stable vein at [1259, 713] (vein at [1259, 713])
2026-07-09 15:14:44 MinePhase: Clicked stable vein at [1259, 713] (vein at [1259, 713])
2026-07-09 15:14:46 MinePhase: Clicked stable vein at [1259, 713] (vein at [1259, 713])
2026-07-09 15:14:47 MinePhase: Clicked stable vein at [1259, 713] (vein at [1259, 713])
2026-07-09 15:14:49 MinePhase: Clicked stable vein at [1259, 713] (vein at [1259, 713])
2026-07-09 15:14:51 MinePhase: Clicked stable vein at [1259, 713] (vein at [1259, 713])
2026-07-09 15:14:53 MinePhase: Clicked stable vein at [1259, 713] (vein at [1259, 713])
2026-07-09 15:14:54 MinePhase: Clicked stable vein at [1259, 713] (vein at [1259, 713])
2026-07-09 15:14:56 MinePhase: Clicked stable vein at [1259, 713] (vein at [1259, 713])
2026-07-09 15:14:58 MinePhase: Clicked stable vein at [1259, 713] (vein at [1259, 713])
2026-07-09 15:14:59 MinePhase: Clicked stable vein at [1259, 713] (vein at [1259, 713])
2026-07-09 15:15:00 MinePhase: Inventory full, transitioning to clearRed
2026-07-09 15:15:00 ClearRedPhase: Found new red rockfall at [1185, 347]
2026-07-09 15:15:00 ClearRedPhase: Initial click on red rockfall at [1185, 347]
2026-07-09 15:15:07 ClearRedPhase: Rockfall cleared or lost. Scanning for another.
2026-07-09 15:15:07 ClearRedPhase: No red rockfalls found. Moving to hopper.
2026-07-09 15:15:08 ClearYellowPhase: Clicked hopper at [1126, 448]
2026-07-09 15:15:14 ClearYellowPhase: Ore deposited. Moving to sack.
2026-07-09 15:15:15 WithdrawSackPhase: Clicked sack at [1825, 724]
2026-07-09 15:15:21 WithdrawSackPhase: Items received from sack. Moving to bank.
2026-07-09 15:15:22 DepositBankPhase: Clicked deposit container at [1097, 355]
2026-07-09 15:15:22 DepositBankPhase: Waiting for deposit box to open...
2026-07-09 15:15:25 DepositBankPhase: Deposited all - banking complete, returning to mine
2026-07-09 15:15:26 ReturnMine1Phase: Clicked waypoint 1 at [699, 1279]
2026-07-09 15:15:31 ReturnMine1Phase: Arrived at waypoint 1!
2026-07-09 15:15:32 ReturnMine2Phase: Clicked waypoint 2 at [1251, 1354]
2026-07-09 15:15:36 ReturnMine2Phase: Saw waypoint 2 marker. Moving to final approach.
2026-07-09 15:15:36 ReturnMine2Phase: Clicked final approach spot at [1491, 933]
2026-07-09 15:15:37 ReturnMine2Phase: Wait complete. Handing off to mine phase.
2026-07-09 15:15:38 MinePhase: Found new vein at [1438, 842]
2026-07-09 15:15:38 MinePhase: Initial click to walk to vein at [1438, 819] (vein at [1438, 819])
2026-07-09 15:15:40 MinePhase: Clicked stable vein at [1243, 717] (vein at [1243, 717])
2026-07-09 15:15:42 MinePhase: Clicked stable vein at [1235, 713] (vein at [1235, 713])
2026-07-09 15:15:43 MinePhase: Clicked stable vein at [1235, 713] (vein at [1235, 713])
2026-07-09 15:15:45 MinePhase: Clicked stable vein at [1235, 713] (vein at [1235, 713])
2026-07-09 15:15:47 MinePhase: Clicked stable vein at [1235, 713] (vein at [1235, 713])
2026-07-09 15:15:49 MinePhase: Clicked stable vein at [1235, 713] (vein at [1235, 713])
2026-07-09 15:15:50 MinePhase: Clicked stable vein at [1235, 713] (vein at [1235, 713])
2026-07-09 15:15:52 MinePhase: Clicked stable vein at [1235, 713] (vein at [1235, 713])
2026-07-09 15:15:54 MinePhase: Clicked stable vein at [1235, 713] (vein at [1235, 713])
2026-07-09 15:15:55 MinePhase: Clicked stable vein at [1235, 713] (vein at [1235, 713])
2026-07-09 15:15:57 MinePhase: Clicked stable vein at [1235, 713] (vein at [1235, 713])
2026-07-09 15:15:59 MinePhase: Clicked stable vein at [1235, 713] (vein at [1235, 713])
2026-07-09 15:16:00 MinePhase: Clicked stable vein at [1235, 713] (vein at [1235, 713])
2026-07-09 15:16:02 MinePhase: Clicked stable vein at [1235, 713] (vein at [1235, 713])
2026-07-09 15:16:04 MinePhase: Clicked stable vein at [1235, 713] (vein at [1235, 713])
2026-07-09 15:16:06 MinePhase: Clicked stable vein at [1235, 713] (vein at [1235, 713])
2026-07-09 15:16:07 MinePhase: Clicked stable vein at [1235, 713] (vein at [1235, 713])
2026-07-09 15:16:09 MinePhase: Lost track of vein or depleted. Finding new vein.
2026-07-09 15:16:09 MinePhase: Found new vein at [1307, 713]
2026-07-09 15:16:09 MinePhase: Initial click to walk to vein at [1307, 713] (vein at [1307, 713])
2026-07-09 15:16:11 MinePhase: Clicked stable vein at [1265, 713] (vein at [1265, 713])
2026-07-09 15:16:13 MinePhase: Clicked stable vein at [1259, 713] (vein at [1259, 713])
2026-07-09 15:16:14 MinePhase: Clicked stable vein at [1259, 713] (vein at [1259, 713])
2026-07-09 15:16:16 MinePhase: Clicked stable vein at [1259, 713] (vein at [1259, 713])
2026-07-09 15:16:18 MinePhase: Clicked stable vein at [1259, 713] (vein at [1259, 713])
2026-07-09 15:16:19 MinePhase: Clicked stable vein at [1259, 713] (vein at [1259, 713])
2026-07-09 15:16:21 MinePhase: Clicked stable vein at [1259, 713] (vein at [1259, 713])
2026-07-09 15:16:23 MinePhase: Clicked stable vein at [1259, 713] (vein at [1259, 713])
2026-07-09 15:16:25 MinePhase: Clicked stable vein at [1259, 713] (vein at [1259, 713])
2026-07-09 15:16:26 MinePhase: Clicked stable vein at [1259, 713] (vein at [1259, 713])
2026-07-09 15:16:28 MinePhase: Clicked stable vein at [1259, 713] (vein at [1259, 713])
2026-07-09 15:16:30 MinePhase: Clicked stable vein at [1259, 713] (vein at [1259, 713])
2026-07-09 15:16:31 MinePhase: Clicked stable vein at [1259, 713] (vein at [1259, 713])
2026-07-09 15:16:33 MinePhase: Clicked stable vein at [1259, 713] (vein at [1259, 713])
2026-07-09 15:16:35 MinePhase: Clicked stable vein at [1259, 713] (vein at [1259, 713])
2026-07-09 15:16:37 MinePhase: Clicked stable vein at [1259, 713] (vein at [1259, 713])
2026-07-09 15:16:38 MinePhase: Clicked stable vein at [1259, 713] (vein at [1259, 713])
2026-07-09 15:16:40 MinePhase: Clicked stable vein at [1259, 713] (vein at [1259, 713])
2026-07-09 15:16:42 MinePhase: Clicked stable vein at [1259, 713] (vein at [1259, 713])
2026-07-09 15:16:43 MinePhase: Clicked stable vein at [1259, 713] (vein at [1259, 713])
2026-07-09 15:16:45 MinePhase: Clicked stable vein at [1259, 713] (vein at [1259, 713])
2026-07-09 15:16:47 MinePhase: Clicked stable vein at [1259, 713] (vein at [1259, 713])
2026-07-09 15:16:48 MinePhase: Clicked stable vein at [1259, 713] (vein at [1259, 713])
2026-07-09 15:16:50 MinePhase: Clicked stable vein at [1259, 713] (vein at [1259, 713])
2026-07-09 15:16:52 MinePhase: Clicked stable vein at [1355, 713] (vein at [1355, 713])
2026-07-09 15:16:54 MinePhase: Clicked stable vein at [1269, 713] (vein at [1269, 713])
2026-07-09 15:16:55 MinePhase: Clicked stable vein at [1259, 713] (vein at [1259, 713])
2026-07-09 15:16:57 MinePhase: Clicked stable vein at [1259, 713] (vein at [1259, 713])
2026-07-09 15:16:59 MinePhase: Clicked stable vein at [1259, 713] (vein at [1259, 713])
2026-07-09 15:17:00 MinePhase: Clicked stable vein at [1259, 713] (vein at [1259, 713])
2026-07-09 15:17:02 MinePhase: Clicked stable vein at [1259, 713] (vein at [1259, 713])
2026-07-09 15:17:04 MinePhase: Clicked stable vein at [1259, 713] (vein at [1259, 713])
2026-07-09 15:17:06 MinePhase: Clicked stable vein at [1259, 713] (vein at [1259, 713])
2026-07-09 15:17:07 MinePhase: Clicked stable vein at [1259, 713] (vein at [1259, 713])
2026-07-09 15:17:09 MinePhase: Clicked stable vein at [1259, 713] (vein at [1259, 713])
2026-07-09 15:17:11 MinePhase: Clicked stable vein at [1259, 713] (vein at [1259, 713])
2026-07-09 15:17:12 MinePhase: Clicked stable vein at [1259, 713] (vein at [1259, 713])
2026-07-09 15:17:14 MinePhase: Clicked stable vein at [1259, 713] (vein at [1259, 713])
2026-07-09 15:17:16 MinePhase: Clicked stable vein at [1259, 713] (vein at [1259, 713])
2026-07-09 15:17:17 MinePhase: Clicked stable vein at [1259, 713] (vein at [1259, 713])
2026-07-09 15:17:19 MinePhase: Clicked stable vein at [1259, 713] (vein at [1259, 713])
2026-07-09 15:17:21 MinePhase: Clicked stable vein at [1259, 713] (vein at [1259, 713])
2026-07-09 15:17:23 MinePhase: Clicked stable vein at [1259, 713] (vein at [1259, 713])
2026-07-09 15:17:24 MinePhase: Clicked stable vein at [1259, 713] (vein at [1259, 713])
2026-07-09 15:17:26 MinePhase: Clicked stable vein at [1259, 713] (vein at [1259, 713])
2026-07-09 15:17:28 MinePhase: Clicked stable vein at [1259, 713] (vein at [1259, 713])
2026-07-09 15:17:29 MinePhase: Clicked stable vein at [1259, 713] (vein at [1259, 713])
2026-07-09 15:17:29 MinePhase: Lost track of vein or depleted. Finding new vein.
2026-07-09 15:17:29 MinePhase: Found new vein at [1209, 713]
2026-07-09 15:17:30 MinePhase: Initial click to walk to vein at [1209, 713] (vein at [1209, 713])
2026-07-09 15:17:31 MinePhase: Clicked stable vein at [1253, 713] (vein at [1253, 713])
2026-07-09 15:17:33 MinePhase: Clicked stable vein at [1259, 713] (vein at [1259, 713])
2026-07-09 15:17:35 MinePhase: Clicked stable vein at [1259, 713] (vein at [1259, 713])
2026-07-09 15:17:37 MinePhase: Clicked stable vein at [1259, 713] (vein at [1259, 713])
2026-07-09 15:17:38 MinePhase: Clicked stable vein at [1259, 713] (vein at [1259, 713])
2026-07-09 15:17:40 MinePhase: Clicked stable vein at [1259, 713] (vein at [1259, 713])
2026-07-09 15:17:42 MinePhase: Clicked stable vein at [1259, 713] (vein at [1259, 713])
2026-07-09 15:17:43 MinePhase: Clicked stable vein at [1259, 713] (vein at [1259, 713])
2026-07-09 15:17:45 MinePhase: Clicked stable vein at [1259, 713] (vein at [1259, 713])
2026-07-09 15:17:47 MinePhase: Clicked stable vein at [1259, 713] (vein at [1259, 713])
2026-07-09 15:17:49 MinePhase: Clicked stable vein at [1259, 713] (vein at [1259, 713])
2026-07-09 15:17:50 MinePhase: Clicked stable vein at [1259, 713] (vein at [1259, 713])
2026-07-09 15:17:52 MinePhase: Clicked stable vein at [1259, 713] (vein at [1259, 713])
2026-07-09 15:17:54 MinePhase: Clicked stable vein at [1259, 713] (vein at [1259, 713])
2026-07-09 15:17:55 MinePhase: Clicked stable vein at [1259, 713] (vein at [1259, 713])
2026-07-09 15:17:57 MinePhase: Clicked stable vein at [1259, 713] (vein at [1259, 713])
2026-07-09 15:17:59 MinePhase: Clicked stable vein at [1259, 713] (vein at [1259, 713])
2026-07-09 15:18:00 MinePhase: Clicked stable vein at [1259, 713] (vein at [1259, 713])
2026-07-09 15:18:02 MinePhase: Clicked stable vein at [1259, 713] (vein at [1259, 713])
2026-07-09 15:18:04 MinePhase: Clicked stable vein at [1259, 713] (vein at [1259, 713])
2026-07-09 15:18:06 MinePhase: Clicked stable vein at [1259, 713] (vein at [1259, 713])
2026-07-09 15:18:07 MinePhase: Clicked stable vein at [1259, 713] (vein at [1259, 713])
2026-07-09 15:18:07 MinePhase: Inventory full, transitioning to clearRed
2026-07-09 15:18:07 ClearRedPhase: Found new red rockfall at [1381, 347]
2026-07-09 15:18:08 ClearRedPhase: Initial click on red rockfall at [1381, 347]
2026-07-09 15:18:16 ClearRedPhase: Rockfall cleared or lost. Scanning for another.
2026-07-09 15:18:16 ClearRedPhase: No red rockfalls found. Moving to hopper.
2026-07-09 15:18:17 ClearYellowPhase: Clicked hopper at [898, 440]
2026-07-09 15:18:23 ClearYellowPhase: Ore deposited. Moving to sack.
2026-07-09 15:18:24 WithdrawSackPhase: Clicked sack at [1825, 724]
2026-07-09 15:18:30 WithdrawSackPhase: Items received from sack. Moving to bank.
2026-07-09 15:18:31 DepositBankPhase: Clicked deposit container at [1101, 355]
2026-07-09 15:18:31 DepositBankPhase: Waiting for deposit box to open...
2026-07-09 15:18:35 DepositBankPhase: Deposited all - banking complete, returning to mine
2026-07-09 15:18:35 ReturnMine1Phase: Clicked waypoint 1 at [699, 1279]
2026-07-09 15:18:40 ReturnMine1Phase: Arrived at waypoint 1!
2026-07-09 15:18:41 ReturnMine2Phase: Clicked waypoint 2 at [1251, 1354]
2026-07-09 15:18:45 ReturnMine2Phase: Saw waypoint 2 marker. Moving to final approach.
2026-07-09 15:18:45 ReturnMine2Phase: Clicked final approach spot at [1491, 933]
2026-07-09 15:18:46 ReturnMine2Phase: Wait complete. Handing off to mine phase.
2026-07-09 15:18:47 MinePhase: Found new vein at [1438, 842]
2026-07-09 15:18:47 MinePhase: Initial click to walk to vein at [1438, 829] (vein at [1438, 829])
2026-07-09 15:18:49 MinePhase: Clicked stable vein at [1245, 719] (vein at [1245, 719])
2026-07-09 15:18:51 MinePhase: Clicked stable vein at [1235, 713] (vein at [1235, 713])
2026-07-09 15:18:52 MinePhase: Clicked stable vein at [1235, 713] (vein at [1235, 713])
2026-07-09 15:18:54 MinePhase: Clicked stable vein at [1235, 713] (vein at [1235, 713])
2026-07-09 15:18:56 MinePhase: Clicked stable vein at [1235, 713] (vein at [1235, 713])
2026-07-09 15:18:57 MinePhase: Clicked stable vein at [1235, 713] (vein at [1235, 713])
2026-07-09 15:18:59 MinePhase: Clicked stable vein at [1235, 713] (vein at [1235, 713])
2026-07-09 15:19:01 MinePhase: Clicked stable vein at [1235, 713] (vein at [1235, 713])
2026-07-09 15:19:03 MinePhase: Clicked stable vein at [1235, 713] (vein at [1235, 713])
2026-07-09 15:19:04 MinePhase: Clicked stable vein at [1235, 713] (vein at [1235, 713])
2026-07-09 15:19:06 MinePhase: Clicked stable vein at [1235, 713] (vein at [1235, 713])
2026-07-09 15:19:08 MinePhase: Clicked stable vein at [1235, 713] (vein at [1235, 713])
2026-07-09 15:19:09 MinePhase: Clicked stable vein at [1235, 713] (vein at [1235, 713])
2026-07-09 15:19:11 MinePhase: Clicked stable vein at [1235, 713] (vein at [1235, 713])
2026-07-09 15:19:13 MinePhase: Clicked stable vein at [1235, 713] (vein at [1235, 713])
2026-07-09 15:19:14 MinePhase: Clicked stable vein at [1235, 713] (vein at [1235, 713])
2026-07-09 15:19:16 MinePhase: Clicked stable vein at [1235, 713] (vein at [1235, 713])
2026-07-09 15:19:18 MinePhase: Clicked stable vein at [1235, 713] (vein at [1235, 713])
2026-07-09 15:19:20 MinePhase: Clicked stable vein at [1235, 713] (vein at [1235, 713])
2026-07-09 15:19:21 MinePhase: Clicked stable vein at [1235, 713] (vein at [1235, 713])
2026-07-09 15:19:23 MinePhase: Clicked stable vein at [1235, 713] (vein at [1235, 713])
2026-07-09 15:19:25 MinePhase: Clicked stable vein at [1235, 713] (vein at [1235, 713])
2026-07-09 15:19:26 MinePhase: Clicked stable vein at [1235, 713] (vein at [1235, 713])
2026-07-09 15:19:28 MinePhase: Clicked stable vein at [1235, 713] (vein at [1235, 713])
2026-07-09 15:19:30 MinePhase: Clicked stable vein at [1235, 713] (vein at [1235, 713])
2026-07-09 15:19:30 MinePhase: Lost track of vein or depleted. Finding new vein.
2026-07-09 15:19:32 MinePhase: Found new vein at [1307, 713]
2026-07-09 15:19:32 MinePhase: Initial click to walk to vein at [1307, 713] (vein at [1307, 713])
2026-07-09 15:19:34 MinePhase: Clicked stable vein at [1267, 713] (vein at [1267, 713])
2026-07-09 15:19:36 MinePhase: Clicked stable vein at [1259, 713] (vein at [1259, 713])
2026-07-09 15:19:38 MinePhase: Clicked stable vein at [1259, 713] (vein at [1259, 713])
2026-07-09 15:19:39 MinePhase: Clicked stable vein at [1259, 713] (vein at [1259, 713])
2026-07-09 15:19:41 MinePhase: Clicked stable vein at [1259, 713] (vein at [1259, 713])
2026-07-09 15:19:43 MinePhase: Clicked stable vein at [1259, 713] (vein at [1259, 713])
2026-07-09 15:19:45 MinePhase: Clicked stable vein at [1259, 713] (vein at [1259, 713])
2026-07-09 15:19:46 MinePhase: Clicked stable vein at [1259, 713] (vein at [1259, 713])
2026-07-09 15:19:48 MinePhase: Clicked stable vein at [1259, 713] (vein at [1259, 713])
2026-07-09 15:19:50 MinePhase: Clicked stable vein at [1259, 713] (vein at [1259, 713])
2026-07-09 15:19:51 MinePhase: Clicked stable vein at [1259, 713] (vein at [1259, 713])
2026-07-09 15:19:53 MinePhase: Clicked stable vein at [1259, 713] (vein at [1259, 713])
2026-07-09 15:19:55 MinePhase: Clicked stable vein at [1259, 713] (vein at [1259, 713])
2026-07-09 15:19:57 MinePhase: Clicked stable vein at [1259, 713] (vein at [1259, 713])
2026-07-09 15:19:58 MinePhase: Clicked stable vein at [1259, 713] (vein at [1259, 713])
2026-07-09 15:20:00 MinePhase: Clicked stable vein at [1259, 713] (vein at [1259, 713])
2026-07-09 15:20:01 MinePhase: Lost track of vein or depleted. Finding new vein.
2026-07-09 15:20:01 MinePhase: Found new vein at [1307, 713]
2026-07-09 15:20:02 MinePhase: Initial click to walk to vein at [1307, 713] (vein at [1307, 713])
2026-07-09 15:20:03 MinePhase: Clicked stable vein at [1263, 713] (vein at [1263, 713])
2026-07-09 15:20:05 MinePhase: Clicked stable vein at [1259, 713] (vein at [1259, 713])
2026-07-09 15:20:07 MinePhase: Clicked stable vein at [1259, 713] (vein at [1259, 713])
2026-07-09 15:20:08 MinePhase: Clicked stable vein at [1259, 713] (vein at [1259, 713])
2026-07-09 15:20:10 MinePhase: Clicked stable vein at [1259, 713] (vein at [1259, 713])
2026-07-09 15:20:12 MinePhase: Clicked stable vein at [1259, 713] (vein at [1259, 713])
2026-07-09 15:20:13 MinePhase: Clicked stable vein at [1259, 713] (vein at [1259, 713])
2026-07-09 15:20:15 MinePhase: Clicked stable vein at [1259, 713] (vein at [1259, 713])
2026-07-09 15:20:17 MinePhase: Clicked stable vein at [1259, 713] (vein at [1259, 713])
2026-07-09 15:20:19 MinePhase: Clicked stable vein at [1259, 713] (vein at [1259, 713])
2026-07-09 15:20:20 MinePhase: Clicked stable vein at [1259, 713] (vein at [1259, 713])
2026-07-09 15:20:22 MinePhase: Clicked stable vein at [1259, 713] (vein at [1259, 713])
2026-07-09 15:20:24 MinePhase: Clicked stable vein at [1259, 713] (vein at [1259, 713])
2026-07-09 15:20:25 MinePhase: Clicked stable vein at [1259, 713] (vein at [1259, 713])
2026-07-09 15:20:27 MinePhase: Clicked stable vein at [1259, 713] (vein at [1259, 713])
2026-07-09 15:20:29 MinePhase: Clicked stable vein at [1259, 713] (vein at [1259, 713])
2026-07-09 15:20:31 MinePhase: Clicked stable vein at [1259, 713] (vein at [1259, 713])
2026-07-09 15:20:32 MinePhase: Clicked stable vein at [1259, 713] (vein at [1259, 713])
2026-07-09 15:20:34 MinePhase: Clicked stable vein at [1259, 713] (vein at [1259, 713])
2026-07-09 15:20:36 MinePhase: Clicked stable vein at [1259, 713] (vein at [1259, 713])
2026-07-09 15:20:37 MinePhase: Clicked stable vein at [1259, 713] (vein at [1259, 713])
2026-07-09 15:20:38 MinePhase: Lost track of vein or depleted. Finding new vein.
2026-07-09 15:20:38 MinePhase: Found new vein at [1307, 713]
2026-07-09 15:20:38 MinePhase: Initial click to walk to vein at [1307, 713] (vein at [1307, 713])
2026-07-09 15:20:40 MinePhase: Clicked stable vein at [1265, 713] (vein at [1265, 713])
2026-07-09 15:20:42 MinePhase: Clicked stable vein at [1259, 713] (vein at [1259, 713])
2026-07-09 15:20:44 MinePhase: Clicked stable vein at [1259, 713] (vein at [1259, 713])
2026-07-09 15:20:46 MinePhase: Clicked stable vein at [1259, 713] (vein at [1259, 713])
2026-07-09 15:20:47 MinePhase: Clicked stable vein at [1259, 713] (vein at [1259, 713])
2026-07-09 15:20:49 MinePhase: Clicked stable vein at [1259, 713] (vein at [1259, 713])
2026-07-09 15:20:51 MinePhase: Clicked stable vein at [1259, 713] (vein at [1259, 713])
2026-07-09 15:20:52 MinePhase: Clicked stable vein at [1259, 713] (vein at [1259, 713])
2026-07-09 15:20:53 MinePhase: Inventory full, transitioning to clearRed
2026-07-09 15:20:53 ClearRedPhase: Found new red rockfall at [1151, 347]
2026-07-09 15:20:53 ClearRedPhase: Initial click on red rockfall at [1151, 347]
2026-07-09 15:21:01 ClearRedPhase: Failsafe click on red rockfall at [1261, 639]
2026-07-09 15:21:01 ClearRedPhase: Rockfall cleared or lost. Scanning for another.
2026-07-09 15:21:01 ClearRedPhase: No red rockfalls found. Moving to hopper.
2026-07-09 15:21:03 ClearYellowPhase: Clicked hopper at [1090, 490]
2026-07-09 15:21:09 ClearYellowPhase: Ore deposited. Moving to sack.
2026-07-09 15:21:10 WithdrawSackPhase: Clicked sack at [1825, 724]
2026-07-09 15:21:16 WithdrawSackPhase: Items received from sack. Moving to bank.
2026-07-09 15:21:16 DepositBankPhase: Clicked deposit container at [1101, 355]
2026-07-09 15:21:16 DepositBankPhase: Waiting for deposit box to open...
2026-07-09 15:21:20 DepositBankPhase: Deposited all - banking complete, returning to mine
2026-07-09 15:21:20 ReturnMine1Phase: Clicked waypoint 1 at [699, 1279]
2026-07-09 15:21:25 ReturnMine1Phase: Arrived at waypoint 1!
2026-07-09 15:21:26 ReturnMine2Phase: Clicked waypoint 2 at [1251, 1354]
2026-07-09 15:21:30 ReturnMine2Phase: Saw waypoint 2 marker. Moving to final approach.
2026-07-09 15:21:30 ReturnMine2Phase: Clicked final approach spot at [1491, 933]
2026-07-09 15:21:31 ReturnMine2Phase: Wait complete. Handing off to mine phase.
2026-07-09 15:21:32 MinePhase: Found new vein at [1438, 842]
2026-07-09 15:21:32 MinePhase: Initial click to walk to vein at [1438, 825] (vein at [1438, 825])
2026-07-09 15:21:34 MinePhase: Clicked stable vein at [1241, 717] (vein at [1241, 717])
2026-07-09 15:21:36 MinePhase: Clicked stable vein at [1235, 713] (vein at [1235, 713])
2026-07-09 15:21:37 MinePhase: Clicked stable vein at [1235, 713] (vein at [1235, 713])
2026-07-09 15:21:39 MinePhase: Clicked stable vein at [1235, 713] (vein at [1235, 713])
2026-07-09 15:21:41 MinePhase: Clicked stable vein at [1235, 713] (vein at [1235, 713])
2026-07-09 15:21:43 MinePhase: Clicked stable vein at [1235, 713] (vein at [1235, 713])
2026-07-09 15:21:44 MinePhase: Clicked stable vein at [1235, 713] (vein at [1235, 713])
2026-07-09 15:21:46 MinePhase: Clicked stable vein at [1235, 713] (vein at [1235, 713])
2026-07-09 15:21:48 MinePhase: Clicked stable vein at [1235, 713] (vein at [1235, 713])
2026-07-09 15:21:49 MinePhase: Clicked stable vein at [1235, 713] (vein at [1235, 713])
2026-07-09 15:21:51 MinePhase: Clicked stable vein at [1235, 713] (vein at [1235, 713])
2026-07-09 15:21:53 MinePhase: Clicked stable vein at [1235, 713] (vein at [1235, 713])
2026-07-09 15:21:54 MinePhase: Clicked stable vein at [1235, 713] (vein at [1235, 713])
2026-07-09 15:21:56 MinePhase: Clicked stable vein at [1235, 713] (vein at [1235, 713])
2026-07-09 15:21:58 MinePhase: Clicked stable vein at [1235, 713] (vein at [1235, 713])
2026-07-09 15:22:00 MinePhase: Clicked stable vein at [1235, 713] (vein at [1235, 713])
2026-07-09 15:22:01 MinePhase: Clicked stable vein at [1235, 713] (vein at [1235, 713])
2026-07-09 15:22:03 MinePhase: Lost track of vein or depleted. Finding new vein.
2026-07-09 15:22:05 MinePhase: Found new vein at [1307, 713]
2026-07-09 15:22:05 MinePhase: Initial click to walk to vein at [1307, 713] (vein at [1307, 713])
2026-07-09 15:22:07 MinePhase: Clicked stable vein at [1269, 713] (vein at [1269, 713])
2026-07-09 15:22:08 MinePhase: Clicked stable vein at [1259, 713] (vein at [1259, 713])
2026-07-09 15:22:10 MinePhase: Clicked stable vein at [1259, 713] (vein at [1259, 713])
2026-07-09 15:22:12 MinePhase: Clicked stable vein at [1259, 713] (vein at [1259, 713])
2026-07-09 15:22:13 MinePhase: Clicked stable vein at [1259, 713] (vein at [1259, 713])
2026-07-09 15:22:15 MinePhase: Clicked stable vein at [1259, 713] (vein at [1259, 713])
2026-07-09 15:22:17 MinePhase: Clicked stable vein at [1259, 713] (vein at [1259, 713])
2026-07-09 15:22:19 MinePhase: Clicked stable vein at [1259, 713] (vein at [1259, 713])
2026-07-09 15:22:20 MinePhase: Clicked stable vein at [1259, 713] (vein at [1259, 713])
2026-07-09 15:22:22 MinePhase: Clicked stable vein at [1259, 713] (vein at [1259, 713])
2026-07-09 15:22:24 MinePhase: Clicked stable vein at [1259, 713] (vein at [1259, 713])
2026-07-09 15:22:25 MinePhase: Clicked stable vein at [1259, 713] (vein at [1259, 713])
2026-07-09 15:22:27 MinePhase: Clicked stable vein at [1259, 713] (vein at [1259, 713])
2026-07-09 15:22:29 MinePhase: Clicked stable vein at [1259, 713] (vein at [1259, 713])
2026-07-09 15:22:30 MinePhase: Clicked stable vein at [1259, 713] (vein at [1259, 713])
2026-07-09 15:22:32 MinePhase: Clicked stable vein at [1259, 713] (vein at [1259, 713])
2026-07-09 15:22:34 MinePhase: Clicked stable vein at [1259, 713] (vein at [1259, 713])
2026-07-09 15:22:35 MinePhase: Lost track of vein or depleted. Finding new vein.
2026-07-09 15:22:36 MinePhase: Found new vein at [1307, 713]
2026-07-09 15:22:36 MinePhase: Initial click to walk to vein at [1307, 713] (vein at [1307, 713])
2026-07-09 15:22:38 MinePhase: Clicked stable vein at [1261, 713] (vein at [1261, 713])
2026-07-09 15:22:39 MinePhase: Clicked stable vein at [1259, 713] (vein at [1259, 713])
2026-07-09 15:22:41 MinePhase: Clicked stable vein at [1259, 713] (vein at [1259, 713])
2026-07-09 15:22:43 MinePhase: Clicked stable vein at [1259, 713] (vein at [1259, 713])
2026-07-09 15:22:44 MinePhase: Clicked stable vein at [1259, 713] (vein at [1259, 713])
2026-07-09 15:22:46 MinePhase: Clicked stable vein at [1259, 713] (vein at [1259, 713])
2026-07-09 15:22:48 MinePhase: Clicked stable vein at [1259, 713] (vein at [1259, 713])
2026-07-09 15:22:49 MinePhase: Clicked stable vein at [1259, 713] (vein at [1259, 713])
2026-07-09 15:22:51 MinePhase: Clicked stable vein at [1259, 713] (vein at [1259, 713])
2026-07-09 15:22:53 MinePhase: Clicked stable vein at [1259, 713] (vein at [1259, 713])
2026-07-09 15:22:54 MinePhase: Clicked stable vein at [1259, 713] (vein at [1259, 713])
2026-07-09 15:22:56 MinePhase: Clicked stable vein at [1259, 713] (vein at [1259, 713])
2026-07-09 15:22:58 MinePhase: Clicked stable vein at [1259, 713] (vein at [1259, 713])
2026-07-09 15:23:00 MinePhase: Clicked stable vein at [1259, 713] (vein at [1259, 713])
2026-07-09 15:23:01 MinePhase: Clicked stable vein at [1259, 713] (vein at [1259, 713])
2026-07-09 15:23:03 MinePhase: Clicked stable vein at [1259, 713] (vein at [1259, 713])
2026-07-09 15:23:05 MinePhase: Clicked stable vein at [1259, 713] (vein at [1259, 713])
2026-07-09 15:23:06 MinePhase: Clicked stable vein at [1259, 713] (vein at [1259, 713])
2026-07-09 15:23:08 MinePhase: Clicked stable vein at [1259, 713] (vein at [1259, 713])
2026-07-09 15:23:10 MinePhase: Lost track of vein or depleted. Finding new vein.
2026-07-09 15:23:11 MinePhase: Found new vein at [1307, 713]
2026-07-09 15:23:11 MinePhase: Initial click to walk to vein at [1307, 713] (vein at [1307, 713])
2026-07-09 15:23:13 MinePhase: Clicked stable vein at [1267, 713] (vein at [1267, 713])
2026-07-09 15:23:14 MinePhase: Clicked stable vein at [1259, 713] (vein at [1259, 713])
2026-07-09 15:23:16 MinePhase: Clicked stable vein at [1259, 713] (vein at [1259, 713])
2026-07-09 15:23:18 MinePhase: Clicked stable vein at [1259, 713] (vein at [1259, 713])
2026-07-09 15:23:18 MinePhase: Inventory full, transitioning to clearRed
2026-07-09 15:23:18 ClearRedPhase: Found new red rockfall at [1349, 347]
2026-07-09 15:23:19 ClearRedPhase: Initial click on red rockfall at [1349, 347]
2026-07-09 15:23:28 ClearRedPhase: Failsafe click on red rockfall at [1257, 633]
2026-07-09 15:23:28 ClearRedPhase: Rockfall cleared or lost. Scanning for another.
2026-07-09 15:23:28 ClearRedPhase: No red rockfalls found. Moving to hopper.
2026-07-09 15:23:30 ClearYellowPhase: Clicked hopper at [892, 440]
2026-07-09 15:23:36 ClearYellowPhase: Ore deposited. Moving to sack.
2026-07-09 15:23:37 WithdrawSackPhase: Clicked sack at [1825, 724]
2026-07-09 15:23:43 WithdrawSackPhase: Items received from sack. Moving to bank.
2026-07-09 15:23:43 DepositBankPhase: Clicked deposit container at [1101, 355]
2026-07-09 15:23:43 DepositBankPhase: Waiting for deposit box to open...
2026-07-09 15:23:47 DepositBankPhase: Deposited all - banking complete, returning to mine
2026-07-09 15:23:47 ReturnMine1Phase: Clicked waypoint 1 at [699, 1279]
2026-07-09 15:23:52 ReturnMine1Phase: Arrived at waypoint 1!
2026-07-09 15:23:53 ReturnMine2Phase: Clicked waypoint 2 at [1251, 1354]
2026-07-09 15:23:56 ReturnMine2Phase: Saw waypoint 2 marker. Moving to final approach.
2026-07-09 15:23:57 ReturnMine2Phase: Clicked final approach spot at [1491, 933]
2026-07-09 15:23:58 ReturnMine2Phase: Wait complete. Handing off to mine phase.
2026-07-09 15:23:58 MinePhase: Found new vein at [1438, 839]
2026-07-09 15:23:58 MinePhase: Initial click to walk to vein at [1438, 817] (vein at [1438, 817])
2026-07-09 15:24:00 MinePhase: Clicked stable vein at [1245, 719] (vein at [1245, 719])
2026-07-09 15:24:02 MinePhase: Clicked stable vein at [1235, 713] (vein at [1235, 713])
2026-07-09 15:24:04 MinePhase: Clicked stable vein at [1235, 713] (vein at [1235, 713])
2026-07-09 15:24:05 MinePhase: Clicked stable vein at [1235, 713] (vein at [1235, 713])
2026-07-09 15:24:07 MinePhase: Clicked stable vein at [1235, 713] (vein at [1235, 713])
2026-07-09 15:24:09 MinePhase: Clicked stable vein at [1235, 713] (vein at [1235, 713])
2026-07-09 15:24:11 MinePhase: Clicked stable vein at [1235, 713] (vein at [1235, 713])
2026-07-09 15:24:12 MinePhase: Clicked stable vein at [1235, 713] (vein at [1235, 713])
2026-07-09 15:24:14 MinePhase: Clicked stable vein at [1235, 713] (vein at [1235, 713])
2026-07-09 15:24:16 MinePhase: Clicked stable vein at [1235, 713] (vein at [1235, 713])
2026-07-09 15:24:17 MinePhase: Clicked stable vein at [1235, 713] (vein at [1235, 713])
2026-07-09 15:24:19 MinePhase: Clicked stable vein at [1235, 713] (vein at [1235, 713])
2026-07-09 15:24:21 MinePhase: Clicked stable vein at [1235, 713] (vein at [1235, 713])
2026-07-09 15:24:22 MinePhase: Clicked stable vein at [1235, 713] (vein at [1235, 713])
2026-07-09 15:24:24 MinePhase: Clicked stable vein at [1235, 713] (vein at [1235, 713])
2026-07-09 15:24:26 MinePhase: Clicked stable vein at [1235, 713] (vein at [1235, 713])
2026-07-09 15:24:28 MinePhase: Clicked stable vein at [1235, 713] (vein at [1235, 713])
2026-07-09 15:24:29 MinePhase: Clicked stable vein at [1235, 713] (vein at [1235, 713])
2026-07-09 15:24:31 MinePhase: Clicked stable vein at [1235, 713] (vein at [1235, 713])
2026-07-09 15:24:33 MinePhase: Clicked stable vein at [1235, 713] (vein at [1235, 713])
2026-07-09 15:24:34 MinePhase: Clicked stable vein at [1235, 713] (vein at [1235, 713])
2026-07-09 15:24:36 MinePhase: Clicked stable vein at [1235, 713] (vein at [1235, 713])
2026-07-09 15:24:36 MinePhase: Lost track of vein or depleted. Finding new vein.
2026-07-09 15:24:38 MinePhase: Found new vein at [1307, 713]
2026-07-09 15:24:39 MinePhase: Initial click to walk to vein at [1307, 713] (vein at [1307, 713])
2026-07-09 15:24:40 MinePhase: Clicked stable vein at [1265, 713] (vein at [1265, 713])
2026-07-09 15:24:42 MinePhase: Clicked stable vein at [1259, 713] (vein at [1259, 713])
2026-07-09 15:24:44 MinePhase: Clicked stable vein at [1259, 713] (vein at [1259, 713])
2026-07-09 15:24:45 MinePhase: Clicked stable vein at [1259, 713] (vein at [1259, 713])
2026-07-09 15:24:47 MinePhase: Clicked stable vein at [1259, 713] (vein at [1259, 713])
2026-07-09 15:24:49 MinePhase: Clicked stable vein at [1259, 713] (vein at [1259, 713])
2026-07-09 15:24:51 MinePhase: Clicked stable vein at [1259, 713] (vein at [1259, 713])
2026-07-09 15:24:52 MinePhase: Clicked stable vein at [1259, 713] (vein at [1259, 713])
2026-07-09 15:24:54 MinePhase: Clicked stable vein at [1259, 713] (vein at [1259, 713])
2026-07-09 15:24:56 MinePhase: Clicked stable vein at [1259, 713] (vein at [1259, 713])
2026-07-09 15:24:57 MinePhase: Clicked stable vein at [1259, 713] (vein at [1259, 713])
2026-07-09 15:24:59 MinePhase: Clicked stable vein at [1259, 713] (vein at [1259, 713])
2026-07-09 15:25:01 MinePhase: Clicked stable vein at [1259, 713] (vein at [1259, 713])
2026-07-09 15:25:03 MinePhase: Clicked stable vein at [1259, 713] (vein at [1259, 713])
2026-07-09 15:25:04 MinePhase: Clicked stable vein at [1259, 713] (vein at [1259, 713])
2026-07-09 15:25:05 MinePhase: Lost track of vein or depleted. Finding new vein.
2026-07-09 15:25:06 MinePhase: Found new vein at [1307, 713]
2026-07-09 15:25:06 MinePhase: Initial click to walk to vein at [1307, 713] (vein at [1307, 713])
2026-07-09 15:25:08 MinePhase: Clicked stable vein at [1261, 713] (vein at [1261, 713])
2026-07-09 15:25:09 MinePhase: Clicked stable vein at [1259, 713] (vein at [1259, 713])
2026-07-09 15:25:11 MinePhase: Clicked stable vein at [1259, 713] (vein at [1259, 713])
2026-07-09 15:25:13 MinePhase: Clicked stable vein at [1259, 713] (vein at [1259, 713])
2026-07-09 15:25:14 MinePhase: Clicked stable vein at [1259, 713] (vein at [1259, 713])
2026-07-09 15:25:16 MinePhase: Clicked stable vein at [1259, 713] (vein at [1259, 713])
2026-07-09 15:25:18 MinePhase: Clicked stable vein at [1259, 713] (vein at [1259, 713])
2026-07-09 15:25:20 MinePhase: Clicked stable vein at [1259, 713] (vein at [1259, 713])
2026-07-09 15:25:21 MinePhase: Clicked stable vein at [1259, 713] (vein at [1259, 713])
2026-07-09 15:25:23 MinePhase: Clicked stable vein at [1259, 713] (vein at [1259, 713])
2026-07-09 15:25:25 MinePhase: Clicked stable vein at [1259, 713] (vein at [1259, 713])
2026-07-09 15:25:26 MinePhase: Clicked stable vein at [1259, 713] (vein at [1259, 713])
2026-07-09 15:25:28 MinePhase: Clicked stable vein at [1259, 713] (vein at [1259, 713])
2026-07-09 15:25:30 MinePhase: Clicked stable vein at [1259, 713] (vein at [1259, 713])
2026-07-09 15:25:31 MinePhase: Clicked stable vein at [1259, 713] (vein at [1259, 713])
2026-07-09 15:25:33 MinePhase: Clicked stable vein at [1259, 713] (vein at [1259, 713])
2026-07-09 15:25:35 MinePhase: Clicked stable vein at [1259, 713] (vein at [1259, 713])
2026-07-09 15:25:36 MinePhase: Lost track of vein or depleted. Finding new vein.
2026-07-09 15:25:37 MinePhase: Found new vein at [1307, 713]
2026-07-09 15:25:37 MinePhase: Initial click to walk to vein at [1307, 713] (vein at [1307, 713])
2026-07-09 15:25:39 MinePhase: Clicked stable vein at [1265, 713] (vein at [1265, 713])
2026-07-09 15:25:41 MinePhase: Clicked stable vein at [1259, 713] (vein at [1259, 713])
2026-07-09 15:25:43 MinePhase: Clicked stable vein at [1259, 713] (vein at [1259, 713])
2026-07-09 15:25:44 MinePhase: Clicked stable vein at [1259, 713] (vein at [1259, 713])
2026-07-09 15:25:46 MinePhase: Clicked stable vein at [1259, 713] (vein at [1259, 713])
2026-07-09 15:25:48 MinePhase: Clicked stable vein at [1259, 713] (vein at [1259, 713])
2026-07-09 15:25:49 MinePhase: Clicked stable vein at [1259, 713] (vein at [1259, 713])
2026-07-09 15:25:51 MinePhase: Clicked stable vein at [1259, 713] (vein at [1259, 713])
2026-07-09 15:25:53 MinePhase: Clicked stable vein at [1259, 713] (vein at [1259, 713])
2026-07-09 15:25:55 MinePhase: Clicked stable vein at [1259, 713] (vein at [1259, 713])
2026-07-09 15:25:56 MinePhase: Clicked stable vein at [1259, 713] (vein at [1259, 713])
2026-07-09 15:25:58 MinePhase: Clicked stable vein at [1259, 713] (vein at [1259, 713])
2026-07-09 15:26:00 MinePhase: Clicked stable vein at [1259, 713] (vein at [1259, 713])
2026-07-09 15:26:01 MinePhase: Clicked stable vein at [1259, 713] (vein at [1259, 713])
2026-07-09 15:26:03 MinePhase: Clicked stable vein at [1259, 713] (vein at [1259, 713])
2026-07-09 15:26:05 MinePhase: Clicked stable vein at [1259, 713] (vein at [1259, 713])
2026-07-09 15:26:07 MinePhase: Clicked stable vein at [1259, 713] (vein at [1259, 713])
2026-07-09 15:26:08 MinePhase: Clicked stable vein at [1259, 713] (vein at [1259, 713])
2026-07-09 15:26:10 MinePhase: Clicked stable vein at [1259, 713] (vein at [1259, 713])
2026-07-09 15:26:12 MinePhase: Clicked stable vein at [1259, 713] (vein at [1259, 713])
2026-07-09 15:26:13 MinePhase: Clicked stable vein at [1259, 713] (vein at [1259, 713])
2026-07-09 15:26:15 MinePhase: Clicked stable vein at [1259, 713] (vein at [1259, 713])
2026-07-09 15:26:17 MinePhase: Clicked stable vein at [1259, 713] (vein at [1259, 713])
2026-07-09 15:26:19 MinePhase: Clicked stable vein at [1259, 713] (vein at [1259, 713])
2026-07-09 15:26:20 MinePhase: Clicked stable vein at [1259, 713] (vein at [1259, 713])
2026-07-09 15:26:22 MinePhase: Clicked stable vein at [1259, 713] (vein at [1259, 713])
2026-07-09 15:26:22 MinePhase: Lost track of vein or depleted. Finding new vein.
2026-07-09 15:26:22 MinePhase: Inventory full, transitioning to clearRed
2026-07-09 15:26:22 ClearRedPhase: Found new red rockfall at [1151, 347]
2026-07-09 15:26:23 ClearRedPhase: Initial click on red rockfall at [1151, 347]
2026-07-09 15:26:30 ClearRedPhase: Failsafe click on red rockfall at [1259, 639]
2026-07-09 15:26:36 ClearRedPhase: Failsafe click on red rockfall at [1249, 639]
2026-07-09 15:26:40 ClearRedPhase: Rockfall cleared or lost. Scanning for another.
2026-07-09 15:26:40 ClearRedPhase: No red rockfalls found. Moving to hopper.
2026-07-09 15:26:42 ClearYellowPhase: Clicked hopper at [1126, 448]
2026-07-09 15:26:47 ClearYellowPhase: Ore deposited. Moving to sack.
2026-07-09 15:26:48 WithdrawSackPhase: Clicked sack at [1825, 724]
2026-07-09 15:26:54 WithdrawSackPhase: Items received from sack. Moving to bank.
2026-07-09 15:26:55 DepositBankPhase: Clicked deposit container at [1097, 355]
2026-07-09 15:26:55 DepositBankPhase: Waiting for deposit box to open...
2026-07-09 15:26:58 DepositBankPhase: Deposited all - banking complete, returning to mine
2026-07-09 15:26:59 ReturnMine1Phase: Clicked waypoint 1 at [699, 1279]
2026-07-09 15:27:04 ReturnMine1Phase: Arrived at waypoint 1!
2026-07-09 15:27:04 ReturnMine2Phase: Clicked waypoint 2 at [1251, 1354]
2026-07-09 15:27:08 ReturnMine2Phase: Saw waypoint 2 marker. Moving to final approach.
2026-07-09 15:27:09 ReturnMine2Phase: Clicked final approach spot at [1491, 933]
2026-07-09 15:27:10 ReturnMine2Phase: Wait complete. Handing off to mine phase.
2026-07-09 15:27:10 MinePhase: Found new vein at [1438, 842]
2026-07-09 15:27:10 MinePhase: Initial click to walk to vein at [1438, 821] (vein at [1438, 821])
2026-07-09 15:27:12 MinePhase: Clicked stable vein at [1243, 717] (vein at [1243, 717])
2026-07-09 15:27:14 MinePhase: Clicked stable vein at [1235, 713] (vein at [1235, 713])
2026-07-09 15:27:16 MinePhase: Clicked stable vein at [1235, 713] (vein at [1235, 713])
2026-07-09 15:27:18 MinePhase: Clicked stable vein at [1235, 713] (vein at [1235, 713])
2026-07-09 15:27:19 MinePhase: Clicked stable vein at [1235, 713] (vein at [1235, 713])
2026-07-09 15:27:21 MinePhase: Clicked stable vein at [1235, 713] (vein at [1235, 713])
2026-07-09 15:27:23 MinePhase: Clicked stable vein at [1235, 713] (vein at [1235, 713])
2026-07-09 15:27:24 MinePhase: Clicked stable vein at [1235, 713] (vein at [1235, 713])
2026-07-09 15:27:26 MinePhase: Clicked stable vein at [1235, 713] (vein at [1235, 713])
2026-07-09 15:27:28 MinePhase: Clicked stable vein at [1235, 713] (vein at [1235, 713])
2026-07-09 15:27:30 MinePhase: Clicked stable vein at [1235, 713] (vein at [1235, 713])
2026-07-09 15:27:31 MinePhase: Clicked stable vein at [1235, 713] (vein at [1235, 713])
2026-07-09 15:27:33 MinePhase: Clicked stable vein at [1235, 713] (vein at [1235, 713])
2026-07-09 15:27:35 MinePhase: Clicked stable vein at [1235, 713] (vein at [1235, 713])
2026-07-09 15:27:36 MinePhase: Clicked stable vein at [1235, 713] (vein at [1235, 713])
2026-07-09 15:27:38 MinePhase: Clicked stable vein at [1235, 713] (vein at [1235, 713])
2026-07-09 15:27:40 MinePhase: Clicked stable vein at [1235, 713] (vein at [1235, 713])
2026-07-09 15:27:41 MinePhase: Lost track of vein or depleted. Finding new vein.
2026-07-09 15:27:41 MinePhase: Found new vein at [1307, 713]
2026-07-09 15:27:41 MinePhase: Initial click to walk to vein at [1307, 713] (vein at [1307, 713])
2026-07-09 15:27:43 MinePhase: Clicked stable vein at [1265, 713] (vein at [1265, 713])
2026-07-09 15:27:45 MinePhase: Clicked stable vein at [1259, 713] (vein at [1259, 713])
2026-07-09 15:27:47 MinePhase: Clicked stable vein at [1259, 713] (vein at [1259, 713])
2026-07-09 15:27:49 MinePhase: Clicked stable vein at [1259, 713] (vein at [1259, 713])
2026-07-09 15:27:50 MinePhase: Clicked stable vein at [1259, 713] (vein at [1259, 713])
2026-07-09 15:27:52 MinePhase: Clicked stable vein at [1259, 713] (vein at [1259, 713])
2026-07-09 15:27:54 MinePhase: Clicked stable vein at [1259, 713] (vein at [1259, 713])
2026-07-09 15:27:55 MinePhase: Clicked stable vein at [1259, 713] (vein at [1259, 713])
2026-07-09 15:27:57 MinePhase: Clicked stable vein at [1259, 713] (vein at [1259, 713])
2026-07-09 15:27:59 MinePhase: Clicked stable vein at [1259, 713] (vein at [1259, 713])
2026-07-09 15:28:01 MinePhase: Clicked stable vein at [1259, 713] (vein at [1259, 713])
2026-07-09 15:28:02 MinePhase: Clicked stable vein at [1259, 713] (vein at [1259, 713])
2026-07-09 15:28:04 MinePhase: Clicked stable vein at [1259, 713] (vein at [1259, 713])
2026-07-09 15:28:06 MinePhase: Clicked stable vein at [1259, 713] (vein at [1259, 713])
2026-07-09 15:28:07 MinePhase: Clicked stable vein at [1259, 713] (vein at [1259, 713])
2026-07-09 15:28:09 MinePhase: Clicked stable vein at [1259, 713] (vein at [1259, 713])
2026-07-09 15:28:11 MinePhase: Clicked stable vein at [1259, 713] (vein at [1259, 713])
2026-07-09 15:28:12 MinePhase: Clicked stable vein at [1259, 713] (vein at [1259, 713])
2026-07-09 15:28:14 MinePhase: Clicked stable vein at [1259, 713] (vein at [1259, 713])
2026-07-09 15:28:16 MinePhase: Clicked stable vein at [1259, 713] (vein at [1259, 713])
2026-07-09 15:28:18 MinePhase: Clicked stable vein at [1259, 713] (vein at [1259, 713])
2026-07-09 15:28:19 MinePhase: Clicked stable vein at [1357, 713] (vein at [1357, 713])
2026-07-09 15:28:21 MinePhase: Clicked stable vein at [1267, 713] (vein at [1267, 713])
2026-07-09 15:28:23 MinePhase: Clicked stable vein at [1259, 713] (vein at [1259, 713])
2026-07-09 15:28:25 MinePhase: Clicked stable vein at [1259, 713] (vein at [1259, 713])
2026-07-09 15:28:27 MinePhase: Clicked stable vein at [1259, 713] (vein at [1259, 713])
2026-07-09 15:28:28 MinePhase: Clicked stable vein at [1259, 713] (vein at [1259, 713])
2026-07-09 15:28:30 MinePhase: Clicked stable vein at [1259, 713] (vein at [1259, 713])
2026-07-09 15:28:32 MinePhase: Clicked stable vein at [1259, 713] (vein at [1259, 713])
2026-07-09 15:28:33 MinePhase: Clicked stable vein at [1259, 713] (vein at [1259, 713])
2026-07-09 15:28:35 MinePhase: Clicked stable vein at [1259, 713] (vein at [1259, 713])
2026-07-09 15:28:37 MinePhase: Clicked stable vein at [1259, 713] (vein at [1259, 713])
2026-07-09 15:28:39 MinePhase: Clicked stable vein at [1259, 713] (vein at [1259, 713])
2026-07-09 15:28:40 MinePhase: Clicked stable vein at [1259, 713] (vein at [1259, 713])
2026-07-09 15:28:42 MinePhase: Clicked stable vein at [1259, 713] (vein at [1259, 713])
2026-07-09 15:28:44 MinePhase: Clicked stable vein at [1259, 713] (vein at [1259, 713])
2026-07-09 15:28:45 MinePhase: Clicked stable vein at [1259, 713] (vein at [1259, 713])
2026-07-09 15:28:47 MinePhase: Clicked stable vein at [1259, 713] (vein at [1259, 713])
2026-07-09 15:28:49 MinePhase: Clicked stable vein at [1259, 713] (vein at [1259, 713])
2026-07-09 15:28:51 MinePhase: Clicked stable vein at [1259, 713] (vein at [1259, 713])
2026-07-09 15:28:52 MinePhase: Clicked stable vein at [1259, 713] (vein at [1259, 713])
2026-07-09 15:28:54 MinePhase: Clicked stable vein at [1259, 713] (vein at [1259, 713])
2026-07-09 15:28:55 MinePhase: Lost track of vein or depleted. Finding new vein.
2026-07-09 15:28:55 MinePhase: Found new vein at [1209, 713]
2026-07-09 15:28:56 MinePhase: Initial click to walk to vein at [1209, 713] (vein at [1209, 713])
2026-07-09 15:28:57 MinePhase: Clicked stable vein at [1255, 713] (vein at [1255, 713])
2026-07-09 15:28:59 MinePhase: Clicked stable vein at [1259, 713] (vein at [1259, 713])
2026-07-09 15:29:01 MinePhase: Clicked stable vein at [1259, 713] (vein at [1259, 713])
2026-07-09 15:29:02 MinePhase: Clicked stable vein at [1259, 713] (vein at [1259, 713])
2026-07-09 15:29:04 MinePhase: Clicked stable vein at [1259, 713] (vein at [1259, 713])
2026-07-09 15:29:06 MinePhase: Clicked stable vein at [1259, 713] (vein at [1259, 713])
2026-07-09 15:29:08 MinePhase: Clicked stable vein at [1259, 713] (vein at [1259, 713])
2026-07-09 15:29:09 MinePhase: Clicked stable vein at [1259, 713] (vein at [1259, 713])
2026-07-09 15:29:11 MinePhase: Clicked stable vein at [1259, 713] (vein at [1259, 713])
2026-07-09 15:29:13 MinePhase: Clicked stable vein at [1259, 713] (vein at [1259, 713])
2026-07-09 15:29:14 MinePhase: Clicked stable vein at [1259, 713] (vein at [1259, 713])
2026-07-09 15:29:16 MinePhase: Clicked stable vein at [1259, 713] (vein at [1259, 713])
2026-07-09 15:29:18 MinePhase: Clicked stable vein at [1259, 713] (vein at [1259, 713])
2026-07-09 15:29:20 MinePhase: Clicked stable vein at [1259, 713] (vein at [1259, 713])
2026-07-09 15:29:21 MinePhase: Clicked stable vein at [1259, 713] (vein at [1259, 713])
2026-07-09 15:29:23 MinePhase: Clicked stable vein at [1259, 713] (vein at [1259, 713])
2026-07-09 15:29:25 MinePhase: Clicked stable vein at [1259, 713] (vein at [1259, 713])
2026-07-09 15:29:26 MinePhase: Clicked stable vein at [1259, 713] (vein at [1259, 713])
2026-07-09 15:29:28 MinePhase: Clicked stable vein at [1259, 713] (vein at [1259, 713])
2026-07-09 15:29:30 MinePhase: Lost track of vein or depleted. Finding new vein.
2026-07-09 15:29:30 MinePhase: Found new vein at [1135, 713]
2026-07-09 15:29:30 MinePhase: Initial click to walk to vein at [1135, 713] (vein at [1135, 713])
2026-07-09 15:29:32 MinePhase: Clicked stable vein at [1227, 713] (vein at [1227, 713])
2026-07-09 15:29:33 MinePhase: Clicked stable vein at [1235, 713] (vein at [1235, 713])
2026-07-09 15:29:35 MinePhase: Clicked stable vein at [1235, 713] (vein at [1235, 713])
2026-07-09 15:29:35 MinePhase: Inventory full, transitioning to clearRed
2026-07-09 15:29:36 ClearRedPhase: Found new red rockfall at [1447, 347]
2026-07-09 15:29:36 ClearRedPhase: Initial click on red rockfall at [1447, 347]
2026-07-09 15:29:44 ClearRedPhase: Rockfall cleared or lost. Scanning for another.
2026-07-09 15:29:44 ClearRedPhase: No red rockfalls found. Moving to hopper.
2026-07-09 15:29:45 ClearYellowPhase: Clicked hopper at [898, 440]
2026-07-09 15:29:51 ClearYellowPhase: Ore deposited. Moving to sack.
2026-07-09 15:29:52 WithdrawSackPhase: Clicked sack at [1825, 724]
2026-07-09 15:29:58 WithdrawSackPhase: Items received from sack. Moving to bank.
2026-07-09 15:29:58 DepositBankPhase: Clicked deposit container at [1101, 355]
2026-07-09 15:29:58 DepositBankPhase: Waiting for deposit box to open...
2026-07-09 15:30:02 DepositBankPhase: Deposited all - banking complete, returning to mine
2026-07-09 15:30:02 ReturnMine1Phase: Clicked waypoint 1 at [699, 1279]
2026-07-09 15:30:07 ReturnMine1Phase: Arrived at waypoint 1!
2026-07-09 15:30:08 ReturnMine2Phase: Clicked waypoint 2 at [1251, 1354]
2026-07-09 15:30:11 ReturnMine2Phase: Saw waypoint 2 marker. Moving to final approach.
2026-07-09 15:30:12 ReturnMine2Phase: Clicked final approach spot at [1491, 933]
2026-07-09 15:30:13 ReturnMine2Phase: Wait complete. Handing off to mine phase.
2026-07-09 15:30:13 MinePhase: Found new vein at [1438, 842]
2026-07-09 15:30:13 MinePhase: Initial click to walk to vein at [1438, 839] (vein at [1438, 839])
2026-07-09 15:30:16 MinePhase: Clicked stable vein at [1243, 717] (vein at [1243, 717])
2026-07-09 15:30:17 MinePhase: Clicked stable vein at [1235, 713] (vein at [1235, 713])
2026-07-09 15:30:19 MinePhase: Clicked stable vein at [1235, 713] (vein at [1235, 713])
2026-07-09 15:30:21 MinePhase: Clicked stable vein at [1235, 713] (vein at [1235, 713])
2026-07-09 15:30:22 MinePhase: Clicked stable vein at [1235, 713] (vein at [1235, 713])
2026-07-09 15:30:23 MinePhase: Lost track of vein or depleted. Finding new vein.
2026-07-09 15:30:23 MinePhase: Found new vein at [1307, 713]
2026-07-09 15:30:24 MinePhase: Initial click to walk to vein at [1307, 713] (vein at [1307, 713])
2026-07-09 15:30:25 MinePhase: Clicked stable vein at [1267, 713] (vein at [1267, 713])
2026-07-09 15:30:27 MinePhase: Clicked stable vein at [1259, 713] (vein at [1259, 713])
2026-07-09 15:30:29 MinePhase: Clicked stable vein at [1259, 713] (vein at [1259, 713])
2026-07-09 15:30:30 MinePhase: Clicked stable vein at [1259, 713] (vein at [1259, 713])
2026-07-09 15:30:32 MinePhase: Clicked stable vein at [1259, 713] (vein at [1259, 713])
2026-07-09 15:30:34 MinePhase: Clicked stable vein at [1259, 713] (vein at [1259, 713])
2026-07-09 15:30:36 MinePhase: Clicked stable vein at [1259, 713] (vein at [1259, 713])
2026-07-09 15:30:37 MinePhase: Clicked stable vein at [1259, 713] (vein at [1259, 713])
2026-07-09 15:30:39 MinePhase: Clicked stable vein at [1259, 713] (vein at [1259, 713])
2026-07-09 15:30:41 MinePhase: Clicked stable vein at [1259, 713] (vein at [1259, 713])
2026-07-09 15:30:42 MinePhase: Clicked stable vein at [1259, 713] (vein at [1259, 713])
2026-07-09 15:30:44 MinePhase: Clicked stable vein at [1259, 713] (vein at [1259, 713])
2026-07-09 15:30:46 MinePhase: Clicked stable vein at [1259, 713] (vein at [1259, 713])
2026-07-09 15:30:48 MinePhase: Clicked stable vein at [1259, 713] (vein at [1259, 713])
2026-07-09 15:30:49 MinePhase: Clicked stable vein at [1259, 713] (vein at [1259, 713])
2026-07-09 15:30:51 MinePhase: Clicked stable vein at [1357, 713] (vein at [1357, 713])
2026-07-09 15:30:53 MinePhase: Clicked stable vein at [1265, 713] (vein at [1265, 713])
2026-07-09 15:30:55 MinePhase: Clicked stable vein at [1259, 713] (vein at [1259, 713])
2026-07-09 15:30:57 MinePhase: Clicked stable vein at [1259, 713] (vein at [1259, 713])
2026-07-09 15:30:58 MinePhase: Clicked stable vein at [1259, 713] (vein at [1259, 713])
2026-07-09 15:31:00 MinePhase: Clicked stable vein at [1259, 713] (vein at [1259, 713])
2026-07-09 15:31:02 MinePhase: Clicked stable vein at [1259, 713] (vein at [1259, 713])
2026-07-09 15:31:03 MinePhase: Clicked stable vein at [1259, 713] (vein at [1259, 713])
2026-07-09 15:31:05 MinePhase: Clicked stable vein at [1259, 713] (vein at [1259, 713])
2026-07-09 15:31:07 MinePhase: Clicked stable vein at [1259, 713] (vein at [1259, 713])
2026-07-09 15:31:09 MinePhase: Clicked stable vein at [1259, 713] (vein at [1259, 713])
2026-07-09 15:31:10 MinePhase: Clicked stable vein at [1259, 713] (vein at [1259, 713])
2026-07-09 15:31:12 MinePhase: Clicked stable vein at [1259, 713] (vein at [1259, 713])
2026-07-09 15:31:14 MinePhase: Clicked stable vein at [1259, 713] (vein at [1259, 713])
2026-07-09 15:31:15 MinePhase: Clicked stable vein at [1259, 713] (vein at [1259, 713])
2026-07-09 15:31:17 MinePhase: Clicked stable vein at [1259, 713] (vein at [1259, 713])
2026-07-09 15:31:19 MinePhase: Clicked stable vein at [1259, 713] (vein at [1259, 713])
2026-07-09 15:31:20 MinePhase: Clicked stable vein at [1259, 713] (vein at [1259, 713])
2026-07-09 15:31:22 MinePhase: Clicked stable vein at [1259, 713] (vein at [1259, 713])
2026-07-09 15:31:24 MinePhase: Clicked stable vein at [1259, 713] (vein at [1259, 713])
2026-07-09 15:31:26 MinePhase: Clicked stable vein at [1259, 713] (vein at [1259, 713])
2026-07-09 15:31:27 MinePhase: Clicked stable vein at [1259, 713] (vein at [1259, 713])
2026-07-09 15:31:29 MinePhase: Clicked stable vein at [1259, 713] (vein at [1259, 713])
2026-07-09 15:31:31 MinePhase: Clicked stable vein at [1259, 713] (vein at [1259, 713])
2026-07-09 15:31:32 MinePhase: Clicked stable vein at [1259, 713] (vein at [1259, 713])
2026-07-09 15:31:34 MinePhase: Clicked stable vein at [1259, 713] (vein at [1259, 713])
2026-07-09 15:31:36 MinePhase: Clicked stable vein at [1259, 713] (vein at [1259, 713])
2026-07-09 15:31:36 MinePhase: Lost track of vein or depleted. Finding new vein.
2026-07-09 15:31:36 MinePhase: Found new vein at [1209, 713]
2026-07-09 15:31:36 MinePhase: Initial click to walk to vein at [1209, 713] (vein at [1209, 713])
2026-07-09 15:31:38 MinePhase: Clicked stable vein at [1255, 713] (vein at [1255, 713])
2026-07-09 15:31:40 MinePhase: Clicked stable vein at [1259, 713] (vein at [1259, 713])
2026-07-09 15:31:42 MinePhase: Clicked stable vein at [1259, 713] (vein at [1259, 713])
2026-07-09 15:31:43 MinePhase: Clicked stable vein at [1259, 713] (vein at [1259, 713])
2026-07-09 15:31:45 MinePhase: Clicked stable vein at [1259, 713] (vein at [1259, 713])
2026-07-09 15:31:47 MinePhase: Clicked stable vein at [1259, 713] (vein at [1259, 713])
2026-07-09 15:31:48 MinePhase: Clicked stable vein at [1259, 713] (vein at [1259, 713])
2026-07-09 15:31:50 MinePhase: Clicked stable vein at [1259, 713] (vein at [1259, 713])
2026-07-09 15:31:52 MinePhase: Clicked stable vein at [1259, 713] (vein at [1259, 713])
2026-07-09 15:31:54 MinePhase: Clicked stable vein at [1259, 713] (vein at [1259, 713])
2026-07-09 15:31:55 MinePhase: Clicked stable vein at [1259, 713] (vein at [1259, 713])
2026-07-09 15:31:57 MinePhase: Clicked stable vein at [1259, 713] (vein at [1259, 713])
2026-07-09 15:31:59 MinePhase: Clicked stable vein at [1259, 713] (vein at [1259, 713])
2026-07-09 15:32:00 MinePhase: Clicked stable vein at [1259, 713] (vein at [1259, 713])
2026-07-09 15:32:02 MinePhase: Clicked stable vein at [1259, 713] (vein at [1259, 713])
2026-07-09 15:32:04 MinePhase: Clicked stable vein at [1259, 713] (vein at [1259, 713])
2026-07-09 15:32:06 MinePhase: Clicked stable vein at [1259, 713] (vein at [1259, 713])
2026-07-09 15:32:07 MinePhase: Clicked stable vein at [1259, 713] (vein at [1259, 713])
2026-07-09 15:32:09 MinePhase: Clicked stable vein at [1259, 713] (vein at [1259, 713])
2026-07-09 15:32:11 MinePhase: Clicked stable vein at [1259, 713] (vein at [1259, 713])
2026-07-09 15:32:12 MinePhase: Clicked stable vein at [1259, 713] (vein at [1259, 713])
2026-07-09 15:32:14 MinePhase: Clicked stable vein at [1259, 713] (vein at [1259, 713])
2026-07-09 15:32:14 MinePhase: Lost track of vein or depleted. Finding new vein.
2026-07-09 15:32:14 MinePhase: Found new vein at [1135, 713]
2026-07-09 15:32:14 MinePhase: Initial click to walk to vein at [1135, 713] (vein at [1135, 713])
2026-07-09 15:32:16 MinePhase: Clicked stable vein at [1229, 713] (vein at [1229, 713])
2026-07-09 15:32:18 MinePhase: Clicked stable vein at [1235, 713] (vein at [1235, 713])
2026-07-09 15:32:20 MinePhase: Clicked stable vein at [1235, 713] (vein at [1235, 713])
2026-07-09 15:32:21 MinePhase: Clicked stable vein at [1235, 713] (vein at [1235, 713])
2026-07-09 15:32:23 MinePhase: Clicked stable vein at [1235, 713] (vein at [1235, 713])
2026-07-09 15:32:25 MinePhase: Clicked stable vein at [1235, 713] (vein at [1235, 713])
2026-07-09 15:32:26 MinePhase: Clicked stable vein at [1235, 713] (vein at [1235, 713])
2026-07-09 15:32:28 MinePhase: Clicked stable vein at [1235, 713] (vein at [1235, 713])
2026-07-09 15:32:30 MinePhase: Clicked stable vein at [1235, 713] (vein at [1235, 713])
2026-07-09 15:32:31 MinePhase: Clicked stable vein at [1235, 713] (vein at [1235, 713])
2026-07-09 15:32:33 MinePhase: Clicked stable vein at [1235, 713] (vein at [1235, 713])
2026-07-09 15:32:35 MinePhase: Clicked stable vein at [1235, 713] (vein at [1235, 713])
2026-07-09 15:32:37 MinePhase: Clicked stable vein at [1235, 713] (vein at [1235, 713])
2026-07-09 15:32:38 MinePhase: Clicked stable vein at [1235, 713] (vein at [1235, 713])
2026-07-09 15:32:40 MinePhase: Clicked stable vein at [1235, 713] (vein at [1235, 713])
2026-07-09 15:32:42 MinePhase: Clicked stable vein at [1235, 713] (vein at [1235, 713])
2026-07-09 15:32:43 MinePhase: Clicked stable vein at [1235, 713] (vein at [1235, 713])
2026-07-09 15:32:45 MinePhase: Inventory full, transitioning to clearRed
2026-07-09 15:32:45 ClearRedPhase: Found new red rockfall at [1249, 347]
2026-07-09 15:32:45 ClearRedPhase: Initial click on red rockfall at [1249, 347]
2026-07-09 15:32:51 ClearRedPhase: Rockfall cleared or lost. Scanning for another.
2026-07-09 15:32:51 ClearRedPhase: No red rockfalls found. Moving to hopper.
2026-07-09 15:32:52 ClearYellowPhase: Clicked hopper at [1128, 448]
2026-07-09 15:32:57 ClearYellowPhase: Ore deposited. Moving to sack.
2026-07-09 15:32:58 WithdrawSackPhase: Clicked sack at [1825, 724]
2026-07-09 15:33:04 WithdrawSackPhase: Items received from sack. Moving to bank.
2026-07-09 15:33:04 DepositBankPhase: Clicked deposit container at [1101, 355]
2026-07-09 15:33:04 DepositBankPhase: Waiting for deposit box to open...
2026-07-09 15:33:08 DepositBankPhase: Deposited all - banking complete, returning to mine
2026-07-09 15:33:08 ReturnMine1Phase: Clicked waypoint 1 at [699, 1279]
2026-07-09 15:33:14 ReturnMine1Phase: Arrived at waypoint 1!
2026-07-09 15:33:15 ReturnMine2Phase: Clicked waypoint 2 at [1251, 1354]
2026-07-09 15:33:19 ReturnMine2Phase: Saw waypoint 2 marker. Moving to final approach.
2026-07-09 15:33:19 ReturnMine2Phase: Clicked final approach spot at [1491, 933]
2026-07-09 15:33:20 ReturnMine2Phase: Wait complete. Handing off to mine phase.
2026-07-09 15:33:21 MinePhase: Found new vein at [1438, 842]
2026-07-09 15:33:21 MinePhase: Initial click to walk to vein at [1438, 831] (vein at [1438, 831])
2026-07-09 15:33:23 MinePhase: Clicked stable vein at [1245, 717] (vein at [1245, 717])
2026-07-09 15:33:24 MinePhase: Clicked stable vein at [1237, 713] (vein at [1237, 713])
2026-07-09 15:33:26 MinePhase: Clicked stable vein at [1237, 713] (vein at [1237, 713])
2026-07-09 15:33:28 MinePhase: Clicked stable vein at [1237, 713] (vein at [1237, 713])
2026-07-09 15:33:29 MinePhase: Clicked stable vein at [1237, 713] (vein at [1237, 713])
2026-07-09 15:33:30 MinePhase: Lost track of vein or depleted. Finding new vein.
2026-07-09 15:33:32 MinePhase: Found new vein at [1307, 713]
2026-07-09 15:33:32 MinePhase: Initial click to walk to vein at [1307, 713] (vein at [1307, 713])
2026-07-09 15:33:34 MinePhase: Clicked stable vein at [1267, 713] (vein at [1267, 713])
2026-07-09 15:33:36 MinePhase: Clicked stable vein at [1259, 713] (vein at [1259, 713])
2026-07-09 15:33:37 MinePhase: Clicked stable vein at [1259, 713] (vein at [1259, 713])
2026-07-09 15:33:39 MinePhase: Clicked stable vein at [1259, 713] (vein at [1259, 713])
2026-07-09 15:33:41 MinePhase: Clicked stable vein at [1259, 713] (vein at [1259, 713])
2026-07-09 15:33:42 MinePhase: Clicked stable vein at [1259, 713] (vein at [1259, 713])
2026-07-09 15:33:44 MinePhase: Clicked stable vein at [1259, 713] (vein at [1259, 713])
2026-07-09 15:33:46 MinePhase: Clicked stable vein at [1259, 713] (vein at [1259, 713])
2026-07-09 15:33:47 MinePhase: Clicked stable vein at [1259, 713] (vein at [1259, 713])
2026-07-09 15:33:49 MinePhase: Clicked stable vein at [1259, 713] (vein at [1259, 713])
2026-07-09 15:33:51 MinePhase: Clicked stable vein at [1259, 713] (vein at [1259, 713])
2026-07-09 15:33:53 MinePhase: Clicked stable vein at [1259, 713] (vein at [1259, 713])
2026-07-09 15:33:54 MinePhase: Clicked stable vein at [1259, 713] (vein at [1259, 713])
2026-07-09 15:33:56 MinePhase: Clicked stable vein at [1259, 713] (vein at [1259, 713])
2026-07-09 15:33:58 MinePhase: Clicked stable vein at [1259, 713] (vein at [1259, 713])
2026-07-09 15:33:59 MinePhase: Clicked stable vein at [1259, 713] (vein at [1259, 713])
2026-07-09 15:34:01 MinePhase: Clicked stable vein at [1259, 713] (vein at [1259, 713])
2026-07-09 15:34:03 MinePhase: Lost track of vein or depleted. Finding new vein.
2026-07-09 15:34:03 MinePhase: Found new vein at [1307, 713]
2026-07-09 15:34:03 MinePhase: Initial click to walk to vein at [1307, 713] (vein at [1307, 713])
2026-07-09 15:34:05 MinePhase: Clicked stable vein at [1261, 713] (vein at [1261, 713])
2026-07-09 15:34:06 MinePhase: Clicked stable vein at [1259, 713] (vein at [1259, 713])
2026-07-09 15:34:08 MinePhase: Clicked stable vein at [1259, 713] (vein at [1259, 713])
2026-07-09 15:34:10 MinePhase: Clicked stable vein at [1259, 713] (vein at [1259, 713])
2026-07-09 15:34:12 MinePhase: Clicked stable vein at [1259, 713] (vein at [1259, 713])
2026-07-09 15:34:13 MinePhase: Clicked stable vein at [1259, 713] (vein at [1259, 713])
2026-07-09 15:34:15 MinePhase: Clicked stable vein at [1259, 713] (vein at [1259, 713])
2026-07-09 15:34:17 MinePhase: Clicked stable vein at [1259, 713] (vein at [1259, 713])
2026-07-09 15:34:18 MinePhase: Clicked stable vein at [1259, 713] (vein at [1259, 713])
2026-07-09 15:34:20 MinePhase: Clicked stable vein at [1259, 713] (vein at [1259, 713])
2026-07-09 15:34:22 MinePhase: Clicked stable vein at [1259, 713] (vein at [1259, 713])
2026-07-09 15:34:24 MinePhase: Clicked stable vein at [1259, 713] (vein at [1259, 713])
2026-07-09 15:34:25 MinePhase: Clicked stable vein at [1259, 713] (vein at [1259, 713])
2026-07-09 15:34:27 MinePhase: Clicked stable vein at [1259, 713] (vein at [1259, 713])
2026-07-09 15:34:29 MinePhase: Clicked stable vein at [1259, 713] (vein at [1259, 713])
2026-07-09 15:34:30 MinePhase: Clicked stable vein at [1259, 713] (vein at [1259, 713])
2026-07-09 15:34:32 MinePhase: Clicked stable vein at [1259, 713] (vein at [1259, 713])
2026-07-09 15:34:34 MinePhase: Clicked stable vein at [1259, 713] (vein at [1259, 713])
2026-07-09 15:34:35 MinePhase: Lost track of vein or depleted. Finding new vein.
2026-07-09 15:34:35 MinePhase: Found new vein at [1135, 713]
2026-07-09 15:34:36 MinePhase: Initial click to walk to vein at [1135, 713] (vein at [1135, 713])
2026-07-09 15:34:38 MinePhase: Clicked stable vein at [1227, 713] (vein at [1227, 713])
2026-07-09 15:34:39 MinePhase: Clicked stable vein at [1235, 713] (vein at [1235, 713])
2026-07-09 15:34:41 MinePhase: Clicked stable vein at [1235, 713] (vein at [1235, 713])
2026-07-09 15:34:42 Engine: stopped - Stopped (F6)
2026-07-09 15:34:42 Engine: stopped - Stopped (F6)
2026-07-09 15:34:42 Engine: stopped - Stopped (F6)
2026-07-09 15:34:42 Engine: stopped - Stopped (F6)
2026-07-09 15:34:43 Engine: stopped - Stopped (F6)
