2026-07-18 13:40:56 Engine: started at phase 'mine'
2026-07-18 13:40:56 MinePhase: Found new vein at [1235, 713]
2026-07-18 13:40:57 MinePhase: Initial click to walk to vein at [1235, 713] (vein at [1235, 713])
2026-07-18 13:40:58 MinePhase: Clicked stable vein at [1235, 713] (vein at [1235, 713])
2026-07-18 13:41:00 MinePhase: Clicked stable vein at [1235, 713] (vein at [1235, 713])
2026-07-18 13:41:02 MinePhase: Clicked stable vein at [1235, 713] (vein at [1235, 713])
2026-07-18 13:41:04 MinePhase: Clicked stable vein at [1235, 713] (vein at [1235, 713])
2026-07-18 13:41:05 MinePhase: Clicked stable vein at [1235, 713] (vein at [1235, 713])
2026-07-18 13:41:07 MinePhase: Clicked stable vein at [1235, 713] (vein at [1235, 713])
2026-07-18 13:41:09 MinePhase: Clicked stable vein at [1235, 713] (vein at [1235, 713])
2026-07-18 13:41:11 MinePhase: Clicked stable vein at [1235, 713] (vein at [1235, 713])
2026-07-18 13:41:13 MinePhase: Clicked stable vein at [1235, 713] (vein at [1235, 713])
2026-07-18 13:41:14 MinePhase: Clicked stable vein at [1235, 713] (vein at [1235, 713])
2026-07-18 13:41:16 MinePhase: Clicked stable vein at [1235, 713] (vein at [1235, 713])
2026-07-18 13:41:18 MinePhase: Clicked stable vein at [1235, 713] (vein at [1235, 713])
2026-07-18 13:41:20 MinePhase: Clicked stable vein at [1235, 713] (vein at [1235, 713])
2026-07-18 13:41:21 MinePhase: Clicked stable vein at [1235, 713] (vein at [1235, 713])
2026-07-18 13:41:23 MinePhase: Clicked stable vein at [1235, 713] (vein at [1235, 713])
2026-07-18 13:41:25 MinePhase: Clicked stable vein at [1235, 713] (vein at [1235, 713])
2026-07-18 13:41:27 MinePhase: Clicked stable vein at [1235, 713] (vein at [1235, 713])
2026-07-18 13:41:29 MinePhase: Clicked stable vein at [1235, 713] (vein at [1235, 713])
2026-07-18 13:41:30 MinePhase: Clicked stable vein at [1235, 713] (vein at [1235, 713])
2026-07-18 13:41:32 MinePhase: Clicked stable vein at [1235, 713] (vein at [1235, 713])
2026-07-18 13:41:34 MinePhase: Clicked stable vein at [1235, 713] (vein at [1235, 713])
2026-07-18 13:41:36 MinePhase: Clicked stable vein at [1235, 713] (vein at [1235, 713])
2026-07-18 13:41:38 MinePhase: Clicked stable vein at [1235, 713] (vein at [1235, 713])
2026-07-18 13:41:39 MinePhase: Clicked stable vein at [1235, 713] (vein at [1235, 713])
2026-07-18 13:41:41 MinePhase: Clicked stable vein at [1235, 713] (vein at [1235, 713])
2026-07-18 13:41:43 MinePhase: Clicked stable vein at [1235, 713] (vein at [1235, 713])
2026-07-18 13:41:45 MinePhase: Clicked stable vein at [1235, 713] (vein at [1235, 713])
2026-07-18 13:41:46 MinePhase: Clicked stable vein at [1235, 713] (vein at [1235, 713])
2026-07-18 13:41:48 MinePhase: Clicked stable vein at [1235, 713] (vein at [1235, 713])
2026-07-18 13:41:50 MinePhase: Clicked stable vein at [1235, 713] (vein at [1235, 713])
2026-07-18 13:41:52 MinePhase: Clicked stable vein at [1235, 713] (vein at [1235, 713])
2026-07-18 13:41:53 MinePhase: Clicked stable vein at [1235, 713] (vein at [1235, 713])
2026-07-18 13:41:55 MinePhase: Lost track of vein or depleted. Finding new vein.
2026-07-18 13:41:55 MinePhase: Found new vein at [1307, 713]
2026-07-18 13:41:55 MinePhase: Initial click to walk to vein at [1307, 713] (vein at [1307, 713])
2026-07-18 13:41:57 MinePhase: Clicked stable vein at [1267, 713] (vein at [1267, 713])
2026-07-18 13:41:59 MinePhase: Clicked stable vein at [1259, 713] (vein at [1259, 713])
2026-07-18 13:42:00 MinePhase: Clicked stable vein at [1259, 713] (vein at [1259, 713])
2026-07-18 13:42:02 MinePhase: Clicked stable vein at [1259, 713] (vein at [1259, 713])
2026-07-18 13:42:04 MinePhase: Clicked stable vein at [1259, 713] (vein at [1259, 713])
2026-07-18 13:42:06 MinePhase: Clicked stable vein at [1259, 713] (vein at [1259, 713])
2026-07-18 13:42:07 MinePhase: Clicked stable vein at [1259, 713] (vein at [1259, 713])
2026-07-18 13:42:09 MinePhase: Clicked stable vein at [1259, 713] (vein at [1259, 713])
2026-07-18 13:42:11 MinePhase: Clicked stable vein at [1259, 713] (vein at [1259, 713])
2026-07-18 13:42:13 MinePhase: Clicked stable vein at [1259, 713] (vein at [1259, 713])
2026-07-18 13:42:14 MinePhase: Clicked stable vein at [1259, 713] (vein at [1259, 713])
2026-07-18 13:42:16 MinePhase: Clicked stable vein at [1259, 713] (vein at [1259, 713])
2026-07-18 13:42:18 MinePhase: Clicked stable vein at [1259, 713] (vein at [1259, 713])
2026-07-18 13:42:20 MinePhase: Clicked stable vein at [1259, 713] (vein at [1259, 713])
2026-07-18 13:42:21 MinePhase: Clicked stable vein at [1259, 713] (vein at [1259, 713])
2026-07-18 13:42:22 MinePhase: Lost track of vein or depleted. Finding new vein.
2026-07-18 13:42:22 MinePhase: Found new vein at [1307, 713]
2026-07-18 13:42:22 MinePhase: Initial click to walk to vein at [1307, 713] (vein at [1307, 713])
2026-07-18 13:42:24 MinePhase: Clicked stable vein at [1261, 713] (vein at [1261, 713])
2026-07-18 13:42:26 MinePhase: Clicked stable vein at [1259, 713] (vein at [1259, 713])
2026-07-18 13:42:28 MinePhase: Clicked stable vein at [1259, 713] (vein at [1259, 713])
2026-07-18 13:42:29 MinePhase: Clicked stable vein at [1259, 713] (vein at [1259, 713])
2026-07-18 13:42:31 MinePhase: Clicked stable vein at [1259, 713] (vein at [1259, 713])
2026-07-18 13:42:33 MinePhase: Clicked stable vein at [1259, 713] (vein at [1259, 713])
2026-07-18 13:42:35 MinePhase: Clicked stable vein at [1259, 713] (vein at [1259, 713])
2026-07-18 13:42:37 MinePhase: Clicked stable vein at [1259, 713] (vein at [1259, 713])
2026-07-18 13:42:38 MinePhase: Clicked stable vein at [1259, 713] (vein at [1259, 713])
2026-07-18 13:42:40 MinePhase: Clicked stable vein at [1259, 713] (vein at [1259, 713])
2026-07-18 13:42:42 MinePhase: Clicked stable vein at [1259, 713] (vein at [1259, 713])
2026-07-18 13:42:44 MinePhase: Clicked stable vein at [1259, 713] (vein at [1259, 713])
2026-07-18 13:42:46 MinePhase: Clicked stable vein at [1259, 713] (vein at [1259, 713])
2026-07-18 13:42:47 MinePhase: Clicked stable vein at [1259, 713] (vein at [1259, 713])
2026-07-18 13:42:49 MinePhase: Clicked stable vein at [1259, 713] (vein at [1259, 713])
2026-07-18 13:42:51 MinePhase: Clicked stable vein at [1259, 713] (vein at [1259, 713])
2026-07-18 13:42:53 MinePhase: Clicked stable vein at [1259, 713] (vein at [1259, 713])
2026-07-18 13:42:53 MinePhase: Lost track of vein or depleted. Finding new vein.
2026-07-18 13:42:54 MinePhase: Found new vein at [1307, 713]
2026-07-18 13:42:54 MinePhase: Initial click to walk to vein at [1307, 713] (vein at [1307, 713])
2026-07-18 13:42:56 MinePhase: Clicked stable vein at [1263, 713] (vein at [1263, 713])
2026-07-18 13:42:58 MinePhase: Clicked stable vein at [1259, 713] (vein at [1259, 713])
2026-07-18 13:42:59 MinePhase: Clicked stable vein at [1259, 713] (vein at [1259, 713])
2026-07-18 13:43:01 MinePhase: Clicked stable vein at [1259, 713] (vein at [1259, 713])
2026-07-18 13:43:03 MinePhase: Clicked stable vein at [1259, 713] (vein at [1259, 713])
2026-07-18 13:43:05 MinePhase: Clicked stable vein at [1259, 713] (vein at [1259, 713])
2026-07-18 13:43:07 MinePhase: Clicked stable vein at [1259, 713] (vein at [1259, 713])
2026-07-18 13:43:08 MinePhase: Clicked stable vein at [1259, 713] (vein at [1259, 713])
2026-07-18 13:43:10 MinePhase: Clicked stable vein at [1259, 713] (vein at [1259, 713])
2026-07-18 13:43:12 MinePhase: Clicked stable vein at [1259, 713] (vein at [1259, 713])
2026-07-18 13:43:14 MinePhase: Clicked stable vein at [1259, 713] (vein at [1259, 713])
2026-07-18 13:43:15 MinePhase: Clicked stable vein at [1259, 713] (vein at [1259, 713])
2026-07-18 13:43:17 MinePhase: Clicked stable vein at [1259, 713] (vein at [1259, 713])
2026-07-18 13:43:19 MinePhase: Clicked stable vein at [1259, 713] (vein at [1259, 713])
2026-07-18 13:43:21 MinePhase: Clicked stable vein at [1259, 713] (vein at [1259, 713])
2026-07-18 13:43:22 MinePhase: Clicked stable vein at [1259, 713] (vein at [1259, 713])
2026-07-18 13:43:24 MinePhase: Clicked stable vein at [1259, 713] (vein at [1259, 713])
2026-07-18 13:43:26 MinePhase: Clicked stable vein at [1259, 713] (vein at [1259, 713])
2026-07-18 13:43:28 MinePhase: Clicked stable vein at [1259, 713] (vein at [1259, 713])
2026-07-18 13:43:30 MinePhase: Clicked stable vein at [1259, 713] (vein at [1259, 713])
2026-07-18 13:43:30 MinePhase: Lost track of vein or depleted. Finding new vein.
2026-07-18 13:43:30 MinePhase: Found new vein at [1087, 713]
2026-07-18 13:43:30 MinePhase: Initial click to walk to vein at [1087, 713] (vein at [1087, 713])
2026-07-18 13:43:32 MinePhase: Clicked stable vein at [1227, 713] (vein at [1227, 713])
2026-07-18 13:43:34 MinePhase: Clicked stable vein at [1235, 713] (vein at [1235, 713])
2026-07-18 13:43:36 MinePhase: Clicked stable vein at [1235, 713] (vein at [1235, 713])
2026-07-18 13:43:38 MinePhase: Clicked stable vein at [1235, 713] (vein at [1235, 713])
2026-07-18 13:43:39 MinePhase: Clicked stable vein at [1235, 713] (vein at [1235, 713])
2026-07-18 13:43:41 MinePhase: Clicked stable vein at [1235, 713] (vein at [1235, 713])
2026-07-18 13:43:43 MinePhase: Clicked stable vein at [1235, 713] (vein at [1235, 713])
2026-07-18 13:43:43 MinePhase: Inventory full, transitioning to clearRed
2026-07-18 13:43:44 ClearRedPhase: Found new red rockfall at [1249, 347]
2026-07-18 13:43:44 ClearRedPhase: Initial click on red rockfall at [1249, 347]
2026-07-18 13:43:51 ClearRedPhase: Failsafe click on red rockfall at [1257, 639]
2026-07-18 13:43:51 ClearRedPhase: Rockfall cleared or lost. Scanning for another.
2026-07-18 13:43:51 ClearRedPhase: No red rockfalls found. Moving to hopper.
2026-07-18 13:43:53 ClearYellowPhase: Clicked hopper at [1126, 448]
2026-07-18 13:43:57 ClearYellowPhase: Ore deposited. Moving to sack.
2026-07-18 13:43:58 WithdrawSackPhase: Clicked sack at [1825, 724]
2026-07-18 13:44:04 WithdrawSackPhase: Items received from sack. Moving to bank.
2026-07-18 13:44:04 DepositBankPhase: Clicked deposit container at [1109, 355]
2026-07-18 13:44:05 DepositBankPhase: Waiting for deposit box to open...
2026-07-18 13:44:08 DepositBankPhase: Deposited all - banking complete, returning to mine
2026-07-18 13:44:09 ReturnMine1Phase: Clicked waypoint 1 at [699, 1279]
2026-07-18 13:44:13 ReturnMine1Phase: Arrived at waypoint 1!
2026-07-18 13:44:13 ReturnMine2Phase: Clicked waypoint 2 at [1251, 1354]
2026-07-18 13:44:16 ReturnMine2Phase: Saw waypoint 2 marker. Moving to final approach.
2026-07-18 13:44:17 ReturnMine2Phase: Clicked final approach spot at [1491, 1023]
2026-07-18 13:44:20 ReturnMine2Phase: Wait complete. Handing off to mine phase.
2026-07-18 13:44:20 MinePhase: Found new vein at [1349, 759]
2026-07-18 13:44:20 MinePhase: Initial click to walk to vein at [1335, 759] (vein at [1335, 759])
2026-07-18 13:44:22 MinePhase: Clicked stable vein at [1237, 721] (vein at [1237, 721])
2026-07-18 13:44:24 MinePhase: Clicked stable vein at [1235, 713] (vein at [1235, 713])
2026-07-18 13:44:24 MinePhase: Lost track of vein or depleted. Finding new vein.
2026-07-18 13:44:25 MinePhase: Found new vein at [1307, 713]
2026-07-18 13:44:25 MinePhase: Initial click to walk to vein at [1307, 713] (vein at [1307, 713])
2026-07-18 13:44:27 MinePhase: Clicked stable vein at [1265, 713] (vein at [1265, 713])
2026-07-18 13:44:29 MinePhase: Clicked stable vein at [1259, 713] (vein at [1259, 713])
2026-07-18 13:44:30 MinePhase: Clicked stable vein at [1259, 713] (vein at [1259, 713])
2026-07-18 13:44:32 MinePhase: Clicked stable vein at [1259, 713] (vein at [1259, 713])
2026-07-18 13:44:34 MinePhase: Clicked stable vein at [1259, 713] (vein at [1259, 713])
2026-07-18 13:44:36 MinePhase: Clicked stable vein at [1259, 713] (vein at [1259, 713])
2026-07-18 13:44:37 MinePhase: Clicked stable vein at [1259, 713] (vein at [1259, 713])
2026-07-18 13:44:39 MinePhase: Clicked stable vein at [1259, 713] (vein at [1259, 713])
2026-07-18 13:44:41 MinePhase: Clicked stable vein at [1259, 713] (vein at [1259, 713])
2026-07-18 13:44:43 MinePhase: Clicked stable vein at [1259, 713] (vein at [1259, 713])
2026-07-18 13:44:45 MinePhase: Clicked stable vein at [1259, 713] (vein at [1259, 713])
2026-07-18 13:44:46 MinePhase: Clicked stable vein at [1259, 713] (vein at [1259, 713])
2026-07-18 13:44:48 MinePhase: Clicked stable vein at [1259, 713] (vein at [1259, 713])
2026-07-18 13:44:50 MinePhase: Clicked stable vein at [1259, 713] (vein at [1259, 713])
2026-07-18 13:44:52 MinePhase: Clicked stable vein at [1259, 713] (vein at [1259, 713])
2026-07-18 13:44:53 MinePhase: Clicked stable vein at [1259, 713] (vein at [1259, 713])
2026-07-18 13:44:55 MinePhase: Clicked stable vein at [1259, 713] (vein at [1259, 713])
2026-07-18 13:44:57 MinePhase: Clicked stable vein at [1259, 713] (vein at [1259, 713])
2026-07-18 13:44:59 MinePhase: Clicked stable vein at [1259, 713] (vein at [1259, 713])
2026-07-18 13:44:59 MinePhase: Lost track of vein or depleted. Finding new vein.
2026-07-18 13:44:59 MinePhase: Found new vein at [1307, 713]
2026-07-18 13:45:00 MinePhase: Initial click to walk to vein at [1307, 713] (vein at [1307, 713])
2026-07-18 13:45:01 MinePhase: Clicked stable vein at [1263, 713] (vein at [1263, 713])
2026-07-18 13:45:03 MinePhase: Clicked stable vein at [1259, 713] (vein at [1259, 713])
2026-07-18 13:45:05 MinePhase: Clicked stable vein at [1259, 713] (vein at [1259, 713])
2026-07-18 13:45:07 MinePhase: Clicked stable vein at [1259, 713] (vein at [1259, 713])
2026-07-18 13:45:08 MinePhase: Clicked stable vein at [1259, 713] (vein at [1259, 713])
2026-07-18 13:45:10 MinePhase: Clicked stable vein at [1259, 713] (vein at [1259, 713])
2026-07-18 13:45:12 MinePhase: Clicked stable vein at [1259, 713] (vein at [1259, 713])
2026-07-18 13:45:14 MinePhase: Clicked stable vein at [1259, 713] (vein at [1259, 713])
2026-07-18 13:45:15 MinePhase: Clicked stable vein at [1259, 713] (vein at [1259, 713])
2026-07-18 13:45:17 MinePhase: Clicked stable vein at [1259, 713] (vein at [1259, 713])
2026-07-18 13:45:19 MinePhase: Clicked stable vein at [1259, 713] (vein at [1259, 713])
2026-07-18 13:45:21 MinePhase: Clicked stable vein at [1259, 713] (vein at [1259, 713])
2026-07-18 13:45:23 MinePhase: Clicked stable vein at [1259, 713] (vein at [1259, 713])
2026-07-18 13:45:24 MinePhase: Clicked stable vein at [1259, 713] (vein at [1259, 713])
2026-07-18 13:45:26 MinePhase: Clicked stable vein at [1259, 713] (vein at [1259, 713])
2026-07-18 13:45:28 MinePhase: Clicked stable vein at [1259, 713] (vein at [1259, 713])
2026-07-18 13:45:30 MinePhase: Clicked stable vein at [1259, 713] (vein at [1259, 713])
2026-07-18 13:45:32 MinePhase: Clicked stable vein at [1259, 713] (vein at [1259, 713])
2026-07-18 13:45:33 MinePhase: Clicked stable vein at [1259, 713] (vein at [1259, 713])
2026-07-18 13:45:35 MinePhase: Clicked stable vein at [1259, 713] (vein at [1259, 713])
2026-07-18 13:45:37 MinePhase: Clicked stable vein at [1259, 713] (vein at [1259, 713])
2026-07-18 13:45:39 MinePhase: Clicked stable vein at [1259, 713] (vein at [1259, 713])
2026-07-18 13:45:40 MinePhase: Clicked stable vein at [1259, 713] (vein at [1259, 713])
2026-07-18 13:45:42 MinePhase: Clicked stable vein at [1259, 713] (vein at [1259, 713])
2026-07-18 13:45:44 MinePhase: Clicked stable vein at [1259, 713] (vein at [1259, 713])
2026-07-18 13:45:46 MinePhase: Clicked stable vein at [1259, 713] (vein at [1259, 713])
2026-07-18 13:45:46 MinePhase: Lost track of vein or depleted. Finding new vein.
2026-07-18 13:45:47 MinePhase: Found new vein at [1307, 713]
2026-07-18 13:45:47 MinePhase: Initial click to walk to vein at [1307, 713] (vein at [1307, 713])
2026-07-18 13:45:49 MinePhase: Clicked stable vein at [1265, 713] (vein at [1265, 713])
2026-07-18 13:45:51 MinePhase: Clicked stable vein at [1259, 713] (vein at [1259, 713])
2026-07-18 13:45:53 MinePhase: Clicked stable vein at [1259, 713] (vein at [1259, 713])
2026-07-18 13:45:54 MinePhase: Clicked stable vein at [1259, 713] (vein at [1259, 713])
2026-07-18 13:45:56 MinePhase: Clicked stable vein at [1259, 713] (vein at [1259, 713])
2026-07-18 13:45:58 MinePhase: Clicked stable vein at [1259, 713] (vein at [1259, 713])
2026-07-18 13:46:00 MinePhase: Clicked stable vein at [1259, 713] (vein at [1259, 713])
2026-07-18 13:46:01 MinePhase: Clicked stable vein at [1259, 713] (vein at [1259, 713])
2026-07-18 13:46:03 MinePhase: Clicked stable vein at [1259, 713] (vein at [1259, 713])
2026-07-18 13:46:05 MinePhase: Clicked stable vein at [1259, 713] (vein at [1259, 713])
2026-07-18 13:46:07 MinePhase: Clicked stable vein at [1259, 713] (vein at [1259, 713])
2026-07-18 13:46:08 MinePhase: Clicked stable vein at [1259, 713] (vein at [1259, 713])
2026-07-18 13:46:10 MinePhase: Clicked stable vein at [1259, 713] (vein at [1259, 713])
2026-07-18 13:46:12 MinePhase: Clicked stable vein at [1259, 713] (vein at [1259, 713])
2026-07-18 13:46:14 MinePhase: Clicked stable vein at [1259, 713] (vein at [1259, 713])
2026-07-18 13:46:16 MinePhase: Clicked stable vein at [1259, 713] (vein at [1259, 713])
2026-07-18 13:46:17 MinePhase: Clicked stable vein at [1259, 713] (vein at [1259, 713])
2026-07-18 13:46:19 MinePhase: Clicked stable vein at [1259, 713] (vein at [1259, 713])
2026-07-18 13:46:21 MinePhase: Clicked stable vein at [1259, 713] (vein at [1259, 713])
2026-07-18 13:46:21 MinePhase: Lost track of vein or depleted. Finding new vein.
2026-07-18 13:46:21 MinePhase: Found new vein at [1087, 713]
2026-07-18 13:46:22 MinePhase: Initial click to walk to vein at [1087, 713] (vein at [1087, 713])
2026-07-18 13:46:24 MinePhase: Clicked stable vein at [1227, 713] (vein at [1227, 713])
2026-07-18 13:46:26 MinePhase: Clicked stable vein at [1235, 713] (vein at [1235, 713])
2026-07-18 13:46:26 MinePhase: Inventory full, transitioning to clearRed
2026-07-18 13:46:26 ClearRedPhase: Found new red rockfall at [1447, 347]
2026-07-18 13:46:27 ClearRedPhase: Initial click on red rockfall at [1447, 347]
2026-07-18 13:46:35 ClearRedPhase: Failsafe click on red rockfall at [1261, 633]
2026-07-18 13:46:36 ClearRedPhase: Rockfall cleared or lost. Scanning for another.
2026-07-18 13:46:36 ClearRedPhase: No red rockfalls found. Moving to hopper.
2026-07-18 13:46:38 ClearYellowPhase: Clicked hopper at [894, 440]
2026-07-18 13:46:44 ClearYellowPhase: Ore deposited. Moving to sack.
2026-07-18 13:46:45 WithdrawSackPhase: Clicked sack at [1825, 724]
2026-07-18 13:46:51 WithdrawSackPhase: Items received from sack. Moving to bank.
2026-07-18 13:46:51 DepositBankPhase: Clicked deposit container at [1109, 355]
2026-07-18 13:46:51 DepositBankPhase: Waiting for deposit box to open...
2026-07-18 13:46:55 DepositBankPhase: Deposited all - banking complete, returning to mine
2026-07-18 13:46:55 ReturnMine1Phase: Clicked waypoint 1 at [699, 1279]
2026-07-18 13:47:00 ReturnMine1Phase: Arrived at waypoint 1!
2026-07-18 13:47:00 ReturnMine2Phase: Clicked waypoint 2 at [1251, 1354]
2026-07-18 13:47:03 ReturnMine2Phase: Saw waypoint 2 marker. Moving to final approach.
2026-07-18 13:47:04 ReturnMine2Phase: Clicked final approach spot at [1491, 1023]
2026-07-18 13:47:06 ReturnMine2Phase: Wait complete. Handing off to mine phase.
2026-07-18 13:47:07 MinePhase: Found new vein at [1351, 761]
2026-07-18 13:47:07 MinePhase: Initial click to walk to vein at [1339, 759] (vein at [1339, 759])
2026-07-18 13:47:09 MinePhase: Clicked stable vein at [1237, 717] (vein at [1237, 717])
2026-07-18 13:47:11 MinePhase: Lost track of vein or depleted. Finding new vein.
2026-07-18 13:47:12 MinePhase: Found new vein at [1307, 713]
2026-07-18 13:47:12 MinePhase: Initial click to walk to vein at [1307, 713] (vein at [1307, 713])
2026-07-18 13:47:14 MinePhase: Clicked stable vein at [1265, 713] (vein at [1265, 713])
2026-07-18 13:47:15 MinePhase: Clicked stable vein at [1259, 713] (vein at [1259, 713])
2026-07-18 13:47:17 MinePhase: Clicked stable vein at [1259, 713] (vein at [1259, 713])
2026-07-18 13:47:19 MinePhase: Clicked stable vein at [1259, 713] (vein at [1259, 713])
2026-07-18 13:47:21 MinePhase: Clicked stable vein at [1259, 713] (vein at [1259, 713])
2026-07-18 13:47:23 MinePhase: Clicked stable vein at [1259, 713] (vein at [1259, 713])
2026-07-18 13:47:24 MinePhase: Clicked stable vein at [1259, 713] (vein at [1259, 713])
2026-07-18 13:47:26 MinePhase: Clicked stable vein at [1259, 713] (vein at [1259, 713])
2026-07-18 13:47:28 MinePhase: Clicked stable vein at [1259, 713] (vein at [1259, 713])
2026-07-18 13:47:30 MinePhase: Clicked stable vein at [1259, 713] (vein at [1259, 713])
2026-07-18 13:47:31 MinePhase: Clicked stable vein at [1259, 713] (vein at [1259, 713])
2026-07-18 13:47:33 MinePhase: Clicked stable vein at [1259, 713] (vein at [1259, 713])
2026-07-18 13:47:35 MinePhase: Clicked stable vein at [1259, 713] (vein at [1259, 713])
2026-07-18 13:47:37 MinePhase: Clicked stable vein at [1259, 713] (vein at [1259, 713])
2026-07-18 13:47:39 MinePhase: Clicked stable vein at [1259, 713] (vein at [1259, 713])
2026-07-18 13:47:40 MinePhase: Clicked stable vein at [1259, 713] (vein at [1259, 713])
2026-07-18 13:47:42 MinePhase: Clicked stable vein at [1259, 713] (vein at [1259, 713])
2026-07-18 13:47:44 MinePhase: Clicked stable vein at [1259, 713] (vein at [1259, 713])
2026-07-18 13:47:46 MinePhase: Clicked stable vein at [1259, 713] (vein at [1259, 713])
2026-07-18 13:47:47 MinePhase: Clicked stable vein at [1259, 713] (vein at [1259, 713])
2026-07-18 13:47:48 MinePhase: Lost track of vein or depleted. Finding new vein.
2026-07-18 13:47:48 MinePhase: Found new vein at [1307, 713]
2026-07-18 13:47:48 MinePhase: Initial click to walk to vein at [1307, 713] (vein at [1307, 713])
2026-07-18 13:47:50 MinePhase: Clicked stable vein at [1261, 713] (vein at [1261, 713])
2026-07-18 13:47:52 MinePhase: Clicked stable vein at [1259, 713] (vein at [1259, 713])
2026-07-18 13:47:54 MinePhase: Clicked stable vein at [1259, 713] (vein at [1259, 713])
2026-07-18 13:47:55 MinePhase: Clicked stable vein at [1259, 713] (vein at [1259, 713])
2026-07-18 13:47:57 MinePhase: Clicked stable vein at [1259, 713] (vein at [1259, 713])
2026-07-18 13:47:59 MinePhase: Clicked stable vein at [1259, 713] (vein at [1259, 713])
2026-07-18 13:48:01 MinePhase: Clicked stable vein at [1259, 713] (vein at [1259, 713])
2026-07-18 13:48:02 MinePhase: Clicked stable vein at [1259, 713] (vein at [1259, 713])
2026-07-18 13:48:04 MinePhase: Clicked stable vein at [1259, 713] (vein at [1259, 713])
2026-07-18 13:48:06 MinePhase: Clicked stable vein at [1259, 713] (vein at [1259, 713])
2026-07-18 13:48:08 MinePhase: Clicked stable vein at [1259, 713] (vein at [1259, 713])
2026-07-18 13:48:09 MinePhase: Clicked stable vein at [1259, 713] (vein at [1259, 713])
2026-07-18 13:48:11 MinePhase: Clicked stable vein at [1259, 713] (vein at [1259, 713])
2026-07-18 13:48:13 MinePhase: Clicked stable vein at [1259, 713] (vein at [1259, 713])
2026-07-18 13:48:15 MinePhase: Clicked stable vein at [1259, 713] (vein at [1259, 713])
2026-07-18 13:48:16 MinePhase: Clicked stable vein at [1259, 713] (vein at [1259, 713])
2026-07-18 13:48:18 MinePhase: Clicked stable vein at [1259, 713] (vein at [1259, 713])
2026-07-18 13:48:19 MinePhase: Lost track of vein or depleted. Finding new vein.
2026-07-18 13:48:19 MinePhase: Found new vein at [1307, 713]
2026-07-18 13:48:20 MinePhase: Initial click to walk to vein at [1307, 713] (vein at [1307, 713])
2026-07-18 13:48:22 MinePhase: Clicked stable vein at [1265, 713] (vein at [1265, 713])
2026-07-18 13:48:23 MinePhase: Clicked stable vein at [1259, 713] (vein at [1259, 713])
2026-07-18 13:48:25 MinePhase: Clicked stable vein at [1259, 713] (vein at [1259, 713])
2026-07-18 13:48:27 MinePhase: Clicked stable vein at [1259, 713] (vein at [1259, 713])
2026-07-18 13:48:29 MinePhase: Clicked stable vein at [1259, 713] (vein at [1259, 713])
2026-07-18 13:48:30 MinePhase: Clicked stable vein at [1259, 713] (vein at [1259, 713])
2026-07-18 13:48:32 MinePhase: Clicked stable vein at [1259, 713] (vein at [1259, 713])
2026-07-18 13:48:34 MinePhase: Clicked stable vein at [1259, 713] (vein at [1259, 713])
2026-07-18 13:48:36 MinePhase: Clicked stable vein at [1259, 713] (vein at [1259, 713])
2026-07-18 13:48:38 MinePhase: Clicked stable vein at [1259, 713] (vein at [1259, 713])
2026-07-18 13:48:39 MinePhase: Clicked stable vein at [1259, 713] (vein at [1259, 713])
2026-07-18 13:48:41 MinePhase: Clicked stable vein at [1259, 713] (vein at [1259, 713])
2026-07-18 13:48:43 MinePhase: Clicked stable vein at [1259, 713] (vein at [1259, 713])
2026-07-18 13:48:45 MinePhase: Clicked stable vein at [1259, 713] (vein at [1259, 713])
2026-07-18 13:48:46 MinePhase: Clicked stable vein at [1259, 713] (vein at [1259, 713])
2026-07-18 13:48:48 MinePhase: Clicked stable vein at [1259, 713] (vein at [1259, 713])
2026-07-18 13:48:50 MinePhase: Clicked stable vein at [1259, 713] (vein at [1259, 713])
2026-07-18 13:48:52 MinePhase: Clicked stable vein at [1259, 713] (vein at [1259, 713])
2026-07-18 13:48:53 MinePhase: Clicked stable vein at [1259, 713] (vein at [1259, 713])
2026-07-18 13:48:55 MinePhase: Clicked stable vein at [1259, 713] (vein at [1259, 713])
2026-07-18 13:48:56 MinePhase: Lost track of vein or depleted. Finding new vein.
2026-07-18 13:48:56 MinePhase: Found new vein at [1087, 713]
2026-07-18 13:48:56 MinePhase: Initial click to walk to vein at [1087, 713] (vein at [1087, 713])
2026-07-18 13:48:58 MinePhase: Clicked stable vein at [1231, 713] (vein at [1231, 713])
2026-07-18 13:49:00 MinePhase: Clicked stable vein at [1235, 713] (vein at [1235, 713])
2026-07-18 13:49:02 MinePhase: Clicked stable vein at [1235, 713] (vein at [1235, 713])
2026-07-18 13:49:04 MinePhase: Clicked stable vein at [1235, 713] (vein at [1235, 713])
2026-07-18 13:49:05 MinePhase: Clicked stable vein at [1235, 713] (vein at [1235, 713])
2026-07-18 13:49:07 MinePhase: Clicked stable vein at [1235, 713] (vein at [1235, 713])
2026-07-18 13:49:09 MinePhase: Clicked stable vein at [1235, 713] (vein at [1235, 713])
2026-07-18 13:49:11 MinePhase: Clicked stable vein at [1235, 713] (vein at [1235, 713])
2026-07-18 13:49:12 MinePhase: Clicked stable vein at [1235, 713] (vein at [1235, 713])
2026-07-18 13:49:14 MinePhase: Clicked stable vein at [1235, 713] (vein at [1235, 713])
2026-07-18 13:49:16 MinePhase: Clicked stable vein at [1235, 713] (vein at [1235, 713])
2026-07-18 13:49:18 MinePhase: Clicked stable vein at [1235, 713] (vein at [1235, 713])
2026-07-18 13:49:18 MinePhase: Inventory full, transitioning to clearRed
2026-07-18 13:49:18 ClearRedPhase: Found new red rockfall at [1249, 347]
2026-07-18 13:49:18 ClearRedPhase: Initial click on red rockfall at [1249, 347]
2026-07-18 13:49:24 ClearRedPhase: Rockfall cleared or lost. Scanning for another.
2026-07-18 13:49:24 ClearRedPhase: No red rockfalls found. Moving to hopper.
2026-07-18 13:49:26 ClearYellowPhase: Clicked hopper at [1126, 448]
2026-07-18 13:49:30 ClearYellowPhase: Ore deposited. Moving to sack.
2026-07-18 13:49:31 WithdrawSackPhase: Clicked sack at [1825, 724]
2026-07-18 13:49:37 WithdrawSackPhase: Items received from sack. Moving to bank.
2026-07-18 13:49:37 DepositBankPhase: Clicked deposit container at [1105, 355]
2026-07-18 13:49:38 DepositBankPhase: Waiting for deposit box to open...
2026-07-18 13:49:42 DepositBankPhase: Deposited all - banking complete, returning to mine
2026-07-18 13:49:42 ReturnMine1Phase: Clicked waypoint 1 at [699, 1279]
2026-07-18 13:49:47 ReturnMine1Phase: Arrived at waypoint 1!
2026-07-18 13:49:47 ReturnMine2Phase: Clicked waypoint 2 at [1251, 1354]
2026-07-18 13:49:50 ReturnMine2Phase: Saw waypoint 2 marker. Moving to final approach.
2026-07-18 13:49:51 ReturnMine2Phase: Clicked final approach spot at [1491, 1023]
2026-07-18 13:49:54 ReturnMine2Phase: Wait complete. Handing off to mine phase.
2026-07-18 13:49:54 MinePhase: Found new vein at [1373, 767]
2026-07-18 13:49:54 MinePhase: Initial click to walk to vein at [1363, 765] (vein at [1363, 765])
2026-07-18 13:49:56 MinePhase: Clicked stable vein at [1237, 719] (vein at [1237, 719])
2026-07-18 13:49:58 MinePhase: Lost track of vein or depleted. Finding new vein.
2026-07-18 13:49:58 MinePhase: Found new vein at [1307, 713]
2026-07-18 13:49:59 MinePhase: Initial click to walk to vein at [1307, 713] (vein at [1307, 713])
2026-07-18 13:50:01 MinePhase: Clicked stable vein at [1267, 713] (vein at [1267, 713])
2026-07-18 13:50:02 MinePhase: Clicked stable vein at [1259, 713] (vein at [1259, 713])
2026-07-18 13:50:04 MinePhase: Clicked stable vein at [1259, 713] (vein at [1259, 713])
2026-07-18 13:50:06 MinePhase: Clicked stable vein at [1259, 713] (vein at [1259, 713])
2026-07-18 13:50:08 MinePhase: Clicked stable vein at [1259, 713] (vein at [1259, 713])
2026-07-18 13:50:09 MinePhase: Clicked stable vein at [1259, 713] (vein at [1259, 713])
2026-07-18 13:50:11 MinePhase: Clicked stable vein at [1259, 713] (vein at [1259, 713])
2026-07-18 13:50:13 MinePhase: Clicked stable vein at [1259, 713] (vein at [1259, 713])
2026-07-18 13:50:15 MinePhase: Clicked stable vein at [1259, 713] (vein at [1259, 713])
2026-07-18 13:50:16 MinePhase: Clicked stable vein at [1259, 713] (vein at [1259, 713])
2026-07-18 13:50:18 MinePhase: Clicked stable vein at [1259, 713] (vein at [1259, 713])
2026-07-18 13:50:20 MinePhase: Clicked stable vein at [1259, 713] (vein at [1259, 713])
2026-07-18 13:50:22 MinePhase: Clicked stable vein at [1259, 713] (vein at [1259, 713])
2026-07-18 13:50:24 MinePhase: Clicked stable vein at [1259, 713] (vein at [1259, 713])
2026-07-18 13:50:25 MinePhase: Clicked stable vein at [1259, 713] (vein at [1259, 713])
2026-07-18 13:50:27 MinePhase: Clicked stable vein at [1259, 713] (vein at [1259, 713])
2026-07-18 13:50:29 MinePhase: Clicked stable vein at [1259, 713] (vein at [1259, 713])
2026-07-18 13:50:31 MinePhase: Clicked stable vein at [1259, 713] (vein at [1259, 713])
2026-07-18 13:50:32 MinePhase: Clicked stable vein at [1259, 713] (vein at [1259, 713])
2026-07-18 13:50:33 MinePhase: Lost track of vein or depleted. Finding new vein.
2026-07-18 13:50:33 MinePhase: Found new vein at [1307, 713]
2026-07-18 13:50:33 MinePhase: Initial click to walk to vein at [1307, 713] (vein at [1307, 713])
2026-07-18 13:50:35 MinePhase: Clicked stable vein at [1261, 713] (vein at [1261, 713])
2026-07-18 13:50:37 MinePhase: Clicked stable vein at [1259, 713] (vein at [1259, 713])
2026-07-18 13:50:38 MinePhase: Clicked stable vein at [1259, 713] (vein at [1259, 713])
2026-07-18 13:50:40 MinePhase: Clicked stable vein at [1259, 713] (vein at [1259, 713])
2026-07-18 13:50:42 MinePhase: Clicked stable vein at [1259, 713] (vein at [1259, 713])
2026-07-18 13:50:44 MinePhase: Clicked stable vein at [1259, 713] (vein at [1259, 713])
2026-07-18 13:50:46 MinePhase: Clicked stable vein at [1259, 713] (vein at [1259, 713])
2026-07-18 13:50:47 MinePhase: Clicked stable vein at [1259, 713] (vein at [1259, 713])
2026-07-18 13:50:49 MinePhase: Clicked stable vein at [1259, 713] (vein at [1259, 713])
2026-07-18 13:50:51 MinePhase: Clicked stable vein at [1259, 713] (vein at [1259, 713])
2026-07-18 13:50:53 MinePhase: Clicked stable vein at [1259, 713] (vein at [1259, 713])
2026-07-18 13:50:54 MinePhase: Clicked stable vein at [1259, 713] (vein at [1259, 713])
2026-07-18 13:50:56 MinePhase: Clicked stable vein at [1259, 713] (vein at [1259, 713])
2026-07-18 13:50:58 MinePhase: Clicked stable vein at [1259, 713] (vein at [1259, 713])
2026-07-18 13:51:00 MinePhase: Clicked stable vein at [1259, 713] (vein at [1259, 713])
2026-07-18 13:51:02 MinePhase: Clicked stable vein at [1259, 713] (vein at [1259, 713])
2026-07-18 13:51:03 MinePhase: Clicked stable vein at [1259, 713] (vein at [1259, 713])
2026-07-18 13:51:05 MinePhase: Clicked stable vein at [1259, 713] (vein at [1259, 713])
2026-07-18 13:51:07 MinePhase: Clicked stable vein at [1259, 713] (vein at [1259, 713])
2026-07-18 13:51:09 MinePhase: Clicked stable vein at [1259, 713] (vein at [1259, 713])
2026-07-18 13:51:11 MinePhase: Clicked stable vein at [1259, 713] (vein at [1259, 713])
2026-07-18 13:51:12 MinePhase: Clicked stable vein at [1259, 713] (vein at [1259, 713])
2026-07-18 13:51:13 MinePhase: Lost track of vein or depleted. Finding new vein.
2026-07-18 13:51:13 MinePhase: Found new vein at [1135, 713]
2026-07-18 13:51:14 MinePhase: Initial click to walk to vein at [1135, 713] (vein at [1135, 713])
2026-07-18 13:51:16 MinePhase: Clicked stable vein at [1227, 713] (vein at [1227, 713])
2026-07-18 13:51:18 MinePhase: Clicked stable vein at [1235, 713] (vein at [1235, 713])
2026-07-18 13:51:19 MinePhase: Clicked stable vein at [1235, 713] (vein at [1235, 713])
2026-07-18 13:51:21 MinePhase: Clicked stable vein at [1235, 713] (vein at [1235, 713])
2026-07-18 13:51:23 MinePhase: Clicked stable vein at [1235, 713] (vein at [1235, 713])
2026-07-18 13:51:25 MinePhase: Clicked stable vein at [1235, 713] (vein at [1235, 713])
2026-07-18 13:51:26 MinePhase: Clicked stable vein at [1235, 713] (vein at [1235, 713])
2026-07-18 13:51:28 MinePhase: Clicked stable vein at [1235, 713] (vein at [1235, 713])
2026-07-18 13:51:30 MinePhase: Clicked stable vein at [1235, 713] (vein at [1235, 713])
2026-07-18 13:51:32 MinePhase: Clicked stable vein at [1235, 713] (vein at [1235, 713])
2026-07-18 13:51:33 MinePhase: Clicked stable vein at [1235, 713] (vein at [1235, 713])
2026-07-18 13:51:35 MinePhase: Clicked stable vein at [1235, 713] (vein at [1235, 713])
2026-07-18 13:51:37 MinePhase: Clicked stable vein at [1235, 713] (vein at [1235, 713])
2026-07-18 13:51:39 MinePhase: Clicked stable vein at [1235, 713] (vein at [1235, 713])
2026-07-18 13:51:40 MinePhase: Clicked stable vein at [1235, 713] (vein at [1235, 713])
2026-07-18 13:51:42 MinePhase: Clicked stable vein at [1235, 713] (vein at [1235, 713])
2026-07-18 13:51:44 MinePhase: Clicked stable vein at [1235, 713] (vein at [1235, 713])
2026-07-18 13:51:44 MinePhase: Lost track of vein or depleted. Finding new vein.
2026-07-18 13:51:46 MinePhase: Found new vein at [1405, 713]
2026-07-18 13:51:46 MinePhase: Initial click to walk to vein at [1405, 713] (vein at [1405, 713])
2026-07-18 13:51:49 MinePhase: Clicked stable vein at [1267, 713] (vein at [1267, 713])
2026-07-18 13:51:50 MinePhase: Clicked stable vein at [1259, 713] (vein at [1259, 713])
2026-07-18 13:51:50 MinePhase: Inventory full, transitioning to clearRed
2026-07-18 13:51:51 ClearRedPhase: Found new red rockfall at [1349, 347]
2026-07-18 13:51:51 ClearRedPhase: Initial click on red rockfall at [1349, 347]
2026-07-18 13:52:00 ClearRedPhase: Rockfall cleared or lost. Scanning for another.
2026-07-18 13:52:01 ClearRedPhase: No red rockfalls found. Moving to hopper.
2026-07-18 13:52:02 ClearYellowPhase: Clicked hopper at [894, 440]
2026-07-18 13:52:08 ClearYellowPhase: Ore deposited. Moving to sack.
2026-07-18 13:52:09 WithdrawSackPhase: Clicked sack at [1825, 724]
2026-07-18 13:52:15 WithdrawSackPhase: Items received from sack. Moving to bank.
2026-07-18 13:52:15 DepositBankPhase: Clicked deposit container at [1107, 355]
2026-07-18 13:52:15 DepositBankPhase: Waiting for deposit box to open...
2026-07-18 13:52:19 DepositBankPhase: Deposited all - banking complete, returning to mine
2026-07-18 13:52:20 ReturnMine1Phase: Clicked waypoint 1 at [699, 1279]
2026-07-18 13:52:25 ReturnMine1Phase: Arrived at waypoint 1!
2026-07-18 13:52:25 ReturnMine2Phase: Clicked waypoint 2 at [1251, 1354]
2026-07-18 13:52:27 ReturnMine2Phase: Saw waypoint 2 marker. Moving to final approach.
2026-07-18 13:52:28 ReturnMine2Phase: Clicked final approach spot at [1491, 1023]
2026-07-18 13:52:31 ReturnMine2Phase: Wait complete. Handing off to mine phase.
2026-07-18 13:52:32 MinePhase: Found new vein at [1423, 761]
2026-07-18 13:52:32 MinePhase: Initial click to walk to vein at [1427, 755] (vein at [1427, 755])
2026-07-18 13:52:35 MinePhase: Clicked stable vein at [1265, 719] (vein at [1265, 719])
2026-07-18 13:52:37 MinePhase: Clicked stable vein at [1259, 713] (vein at [1259, 713])
2026-07-18 13:52:38 MinePhase: Clicked stable vein at [1259, 713] (vein at [1259, 713])
2026-07-18 13:52:40 MinePhase: Clicked stable vein at [1259, 713] (vein at [1259, 713])
2026-07-18 13:52:40 MinePhase: Lost track of vein or depleted. Finding new vein.
2026-07-18 13:52:41 MinePhase: Found new vein at [1161, 713]
2026-07-18 13:52:42 MinePhase: Initial click to walk to vein at [1161, 713] (vein at [1161, 713])
2026-07-18 13:52:43 MinePhase: Clicked stable vein at [1253, 713] (vein at [1253, 713])
2026-07-18 13:52:45 MinePhase: Clicked stable vein at [1259, 713] (vein at [1259, 713])
2026-07-18 13:52:47 MinePhase: Clicked stable vein at [1259, 713] (vein at [1259, 713])
2026-07-18 13:52:49 MinePhase: Clicked stable vein at [1259, 713] (vein at [1259, 713])
2026-07-18 13:52:51 MinePhase: Clicked stable vein at [1259, 713] (vein at [1259, 713])
2026-07-18 13:52:52 MinePhase: Clicked stable vein at [1259, 713] (vein at [1259, 713])
2026-07-18 13:52:54 MinePhase: Clicked stable vein at [1259, 713] (vein at [1259, 713])
2026-07-18 13:52:56 MinePhase: Clicked stable vein at [1259, 713] (vein at [1259, 713])
2026-07-18 13:52:58 MinePhase: Clicked stable vein at [1259, 713] (vein at [1259, 713])
2026-07-18 13:52:59 MinePhase: Clicked stable vein at [1259, 713] (vein at [1259, 713])
2026-07-18 13:53:01 MinePhase: Clicked stable vein at [1259, 713] (vein at [1259, 713])
2026-07-18 13:53:03 MinePhase: Clicked stable vein at [1259, 713] (vein at [1259, 713])
2026-07-18 13:53:05 MinePhase: Clicked stable vein at [1259, 713] (vein at [1259, 713])
2026-07-18 13:53:06 MinePhase: Clicked stable vein at [1259, 713] (vein at [1259, 713])
2026-07-18 13:53:08 MinePhase: Clicked stable vein at [1259, 713] (vein at [1259, 713])
2026-07-18 13:53:10 MinePhase: Clicked stable vein at [1259, 713] (vein at [1259, 713])
2026-07-18 13:53:12 MinePhase: Clicked stable vein at [1259, 713] (vein at [1259, 713])
2026-07-18 13:53:14 MinePhase: Clicked stable vein at [1259, 713] (vein at [1259, 713])
2026-07-18 13:53:15 MinePhase: Clicked stable vein at [1259, 713] (vein at [1259, 713])
2026-07-18 13:53:17 MinePhase: Clicked stable vein at [1259, 713] (vein at [1259, 713])
2026-07-18 13:53:19 MinePhase: Clicked stable vein at [1259, 713] (vein at [1259, 713])
2026-07-18 13:53:21 MinePhase: Clicked stable vein at [1259, 713] (vein at [1259, 713])
2026-07-18 13:53:21 MinePhase: Lost track of vein or depleted. Finding new vein.
2026-07-18 13:53:21 MinePhase: Found new vein at [1307, 713]
2026-07-18 13:53:21 MinePhase: Initial click to walk to vein at [1307, 713] (vein at [1307, 713])
2026-07-18 13:53:23 MinePhase: Clicked stable vein at [1261, 713] (vein at [1261, 713])
2026-07-18 13:53:25 MinePhase: Clicked stable vein at [1259, 713] (vein at [1259, 713])
2026-07-18 13:53:26 MinePhase: Clicked stable vein at [1259, 713] (vein at [1259, 713])
2026-07-18 13:53:28 MinePhase: Clicked stable vein at [1259, 713] (vein at [1259, 713])
2026-07-18 13:53:30 MinePhase: Clicked stable vein at [1259, 713] (vein at [1259, 713])
2026-07-18 13:53:32 MinePhase: Clicked stable vein at [1259, 713] (vein at [1259, 713])
2026-07-18 13:53:34 MinePhase: Clicked stable vein at [1259, 713] (vein at [1259, 713])
2026-07-18 13:53:35 MinePhase: Clicked stable vein at [1259, 713] (vein at [1259, 713])
2026-07-18 13:53:37 MinePhase: Clicked stable vein at [1259, 713] (vein at [1259, 713])
2026-07-18 13:53:39 MinePhase: Clicked stable vein at [1259, 713] (vein at [1259, 713])
2026-07-18 13:53:41 MinePhase: Clicked stable vein at [1259, 713] (vein at [1259, 713])
2026-07-18 13:53:42 MinePhase: Clicked stable vein at [1259, 713] (vein at [1259, 713])
2026-07-18 13:53:44 MinePhase: Clicked stable vein at [1259, 713] (vein at [1259, 713])
2026-07-18 13:53:46 MinePhase: Clicked stable vein at [1259, 713] (vein at [1259, 713])
2026-07-18 13:53:48 MinePhase: Clicked stable vein at [1259, 713] (vein at [1259, 713])
2026-07-18 13:53:50 MinePhase: Clicked stable vein at [1259, 713] (vein at [1259, 713])
2026-07-18 13:53:51 MinePhase: Clicked stable vein at [1259, 713] (vein at [1259, 713])
2026-07-18 13:53:51 MinePhase: Lost track of vein or depleted. Finding new vein.
2026-07-18 13:53:52 MinePhase: Found new vein at [1135, 713]
2026-07-18 13:53:52 MinePhase: Initial click to walk to vein at [1135, 713] (vein at [1135, 713])
2026-07-18 13:53:54 MinePhase: Clicked stable vein at [1231, 714] (vein at [1231, 714])
2026-07-18 13:53:55 MinePhase: Clicked stable vein at [1235, 713] (vein at [1235, 713])
2026-07-18 13:53:57 MinePhase: Clicked stable vein at [1235, 713] (vein at [1235, 713])
2026-07-18 13:53:59 MinePhase: Clicked stable vein at [1235, 713] (vein at [1235, 713])
2026-07-18 13:54:01 MinePhase: Clicked stable vein at [1235, 713] (vein at [1235, 713])
2026-07-18 13:54:03 MinePhase: Clicked stable vein at [1235, 713] (vein at [1235, 713])
2026-07-18 13:54:04 MinePhase: Clicked stable vein at [1235, 713] (vein at [1235, 713])
2026-07-18 13:54:06 MinePhase: Clicked stable vein at [1235, 713] (vein at [1235, 713])
2026-07-18 13:54:08 MinePhase: Clicked stable vein at [1235, 713] (vein at [1235, 713])
2026-07-18 13:54:10 MinePhase: Clicked stable vein at [1235, 713] (vein at [1235, 713])
2026-07-18 13:54:11 MinePhase: Clicked stable vein at [1235, 713] (vein at [1235, 713])
2026-07-18 13:54:13 MinePhase: Clicked stable vein at [1235, 713] (vein at [1235, 713])
2026-07-18 13:54:15 MinePhase: Clicked stable vein at [1235, 713] (vein at [1235, 713])
2026-07-18 13:54:17 MinePhase: Clicked stable vein at [1235, 713] (vein at [1235, 713])
2026-07-18 13:54:18 MinePhase: Clicked stable vein at [1235, 713] (vein at [1235, 713])
2026-07-18 13:54:20 MinePhase: Clicked stable vein at [1235, 713] (vein at [1235, 713])
2026-07-18 13:54:22 MinePhase: Clicked stable vein at [1235, 713] (vein at [1235, 713])
2026-07-18 13:54:22 MinePhase: Lost track of vein or depleted. Finding new vein.
2026-07-18 13:54:24 MinePhase: Found new vein at [1405, 713]
2026-07-18 13:54:24 MinePhase: Initial click to walk to vein at [1405, 713] (vein at [1405, 713])
2026-07-18 13:54:26 MinePhase: Clicked stable vein at [1267, 713] (vein at [1267, 713])
2026-07-18 13:54:28 MinePhase: Clicked stable vein at [1259, 713] (vein at [1259, 713])
2026-07-18 13:54:28 MinePhase: Inventory full, transitioning to clearRed
2026-07-18 13:54:29 ClearRedPhase: Found new red rockfall at [1151, 347]
2026-07-18 13:54:29 ClearRedPhase: Initial click on red rockfall at [1151, 347]
2026-07-18 13:54:36 ClearRedPhase: Failsafe click on red rockfall at [1261, 639]
2026-07-18 13:54:37 ClearRedPhase: Rockfall cleared or lost. Scanning for another.
2026-07-18 13:54:37 ClearRedPhase: No red rockfalls found. Moving to hopper.
2026-07-18 13:54:38 ClearYellowPhase: Clicked hopper at [1126, 448]
2026-07-18 13:54:42 ClearYellowPhase: Ore deposited. Moving to sack.
2026-07-18 13:54:43 WithdrawSackPhase: Clicked sack at [1825, 724]
2026-07-18 13:54:49 WithdrawSackPhase: Items received from sack. Moving to bank.
2026-07-18 13:54:49 DepositBankPhase: Clicked deposit container at [1111, 355]
2026-07-18 13:54:50 DepositBankPhase: Waiting for deposit box to open...
2026-07-18 13:54:54 DepositBankPhase: Deposited all - banking complete, returning to mine
2026-07-18 13:54:54 ReturnMine1Phase: Clicked waypoint 1 at [699, 1279]
2026-07-18 13:54:59 ReturnMine1Phase: Arrived at waypoint 1!
2026-07-18 13:54:59 ReturnMine2Phase: Clicked waypoint 2 at [1251, 1354]
2026-07-18 13:55:01 ReturnMine2Phase: Saw waypoint 2 marker. Moving to final approach.
2026-07-18 13:55:03 ReturnMine2Phase: Clicked final approach spot at [1491, 1023]
2026-07-18 13:55:05 ReturnMine2Phase: Wait complete. Handing off to mine phase.
2026-07-18 13:55:07 MinePhase: Found new vein at [1429, 761]
2026-07-18 13:55:07 MinePhase: Initial click to walk to vein at [1417, 753] (vein at [1417, 753])
2026-07-18 13:55:10 MinePhase: Clicked stable vein at [1265, 717] (vein at [1265, 717])
2026-07-18 13:55:11 MinePhase: Clicked stable vein at [1259, 713] (vein at [1259, 713])
2026-07-18 13:55:13 MinePhase: Clicked stable vein at [1259, 713] (vein at [1259, 713])
2026-07-18 13:55:15 MinePhase: Clicked stable vein at [1259, 713] (vein at [1259, 713])
2026-07-18 13:55:15 MinePhase: Lost track of vein or depleted. Finding new vein.
2026-07-18 13:55:16 MinePhase: Found new vein at [1161, 713]
2026-07-18 13:55:16 MinePhase: Initial click to walk to vein at [1161, 713] (vein at [1161, 713])
2026-07-18 13:55:18 MinePhase: Clicked stable vein at [1251, 713] (vein at [1251, 713])
2026-07-18 13:55:20 MinePhase: Clicked stable vein at [1259, 713] (vein at [1259, 713])
2026-07-18 13:55:22 MinePhase: Clicked stable vein at [1259, 713] (vein at [1259, 713])
2026-07-18 13:55:24 MinePhase: Clicked stable vein at [1259, 713] (vein at [1259, 713])
2026-07-18 13:55:25 MinePhase: Clicked stable vein at [1259, 713] (vein at [1259, 713])
2026-07-18 13:55:27 MinePhase: Clicked stable vein at [1259, 713] (vein at [1259, 713])
2026-07-18 13:55:29 MinePhase: Clicked stable vein at [1259, 713] (vein at [1259, 713])
2026-07-18 13:55:31 MinePhase: Clicked stable vein at [1259, 713] (vein at [1259, 713])
2026-07-18 13:55:32 MinePhase: Clicked stable vein at [1259, 713] (vein at [1259, 713])
2026-07-18 13:55:34 MinePhase: Clicked stable vein at [1259, 713] (vein at [1259, 713])
2026-07-18 13:55:36 MinePhase: Clicked stable vein at [1259, 713] (vein at [1259, 713])
2026-07-18 13:55:38 MinePhase: Clicked stable vein at [1259, 713] (vein at [1259, 713])
2026-07-18 13:55:39 MinePhase: Clicked stable vein at [1259, 713] (vein at [1259, 713])
2026-07-18 13:55:41 MinePhase: Clicked stable vein at [1259, 713] (vein at [1259, 713])
2026-07-18 13:55:43 MinePhase: Clicked stable vein at [1259, 713] (vein at [1259, 713])
2026-07-18 13:55:45 MinePhase: Clicked stable vein at [1259, 713] (vein at [1259, 713])
2026-07-18 13:55:47 MinePhase: Clicked stable vein at [1259, 713] (vein at [1259, 713])
2026-07-18 13:55:48 MinePhase: Clicked stable vein at [1259, 713] (vein at [1259, 713])
2026-07-18 13:55:50 MinePhase: Clicked stable vein at [1259, 713] (vein at [1259, 713])
2026-07-18 13:55:50 MinePhase: Lost track of vein or depleted. Finding new vein.
2026-07-18 13:55:50 MinePhase: Found new vein at [1307, 713]
2026-07-18 13:55:51 MinePhase: Initial click to walk to vein at [1307, 713] (vein at [1307, 713])
2026-07-18 13:55:52 MinePhase: Clicked stable vein at [1263, 713] (vein at [1263, 713])
2026-07-18 13:55:54 MinePhase: Clicked stable vein at [1259, 713] (vein at [1259, 713])
2026-07-18 13:55:56 MinePhase: Clicked stable vein at [1259, 713] (vein at [1259, 713])
2026-07-18 13:55:58 MinePhase: Clicked stable vein at [1259, 713] (vein at [1259, 713])
2026-07-18 13:55:59 MinePhase: Clicked stable vein at [1259, 713] (vein at [1259, 713])
2026-07-18 13:56:01 MinePhase: Clicked stable vein at [1259, 713] (vein at [1259, 713])
2026-07-18 13:56:03 MinePhase: Clicked stable vein at [1259, 713] (vein at [1259, 713])
2026-07-18 13:56:05 MinePhase: Clicked stable vein at [1259, 713] (vein at [1259, 713])
2026-07-18 13:56:07 MinePhase: Clicked stable vein at [1259, 713] (vein at [1259, 713])
2026-07-18 13:56:08 MinePhase: Clicked stable vein at [1259, 713] (vein at [1259, 713])
2026-07-18 13:56:10 MinePhase: Clicked stable vein at [1259, 713] (vein at [1259, 713])
2026-07-18 13:56:12 MinePhase: Clicked stable vein at [1259, 713] (vein at [1259, 713])
2026-07-18 13:56:14 MinePhase: Clicked stable vein at [1259, 713] (vein at [1259, 713])
2026-07-18 13:56:15 MinePhase: Clicked stable vein at [1259, 713] (vein at [1259, 713])
2026-07-18 13:56:17 MinePhase: Clicked stable vein at [1259, 713] (vein at [1259, 713])
2026-07-18 13:56:19 MinePhase: Clicked stable vein at [1259, 713] (vein at [1259, 713])
2026-07-18 13:56:21 MinePhase: Clicked stable vein at [1259, 713] (vein at [1259, 713])
2026-07-18 13:56:22 MinePhase: Clicked stable vein at [1259, 713] (vein at [1259, 713])
2026-07-18 13:56:24 MinePhase: Clicked stable vein at [1259, 713] (vein at [1259, 713])
2026-07-18 13:56:25 MinePhase: Lost track of vein or depleted. Finding new vein.
2026-07-18 13:56:25 MinePhase: Found new vein at [1135, 713]
2026-07-18 13:56:26 MinePhase: Initial click to walk to vein at [1135, 713] (vein at [1135, 713])
2026-07-18 13:56:27 MinePhase: Clicked stable vein at [1231, 713] (vein at [1231, 713])
2026-07-18 13:56:29 MinePhase: Clicked stable vein at [1235, 713] (vein at [1235, 713])
2026-07-18 13:56:31 MinePhase: Clicked stable vein at [1235, 713] (vein at [1235, 713])
2026-07-18 13:56:33 MinePhase: Clicked stable vein at [1235, 713] (vein at [1235, 713])
2026-07-18 13:56:34 MinePhase: Clicked stable vein at [1235, 713] (vein at [1235, 713])
2026-07-18 13:56:36 MinePhase: Clicked stable vein at [1235, 713] (vein at [1235, 713])
2026-07-18 13:56:38 MinePhase: Clicked stable vein at [1235, 713] (vein at [1235, 713])
2026-07-18 13:56:40 MinePhase: Clicked stable vein at [1235, 713] (vein at [1235, 713])
2026-07-18 13:56:42 MinePhase: Clicked stable vein at [1235, 713] (vein at [1235, 713])
2026-07-18 13:56:43 MinePhase: Clicked stable vein at [1235, 713] (vein at [1235, 713])
2026-07-18 13:56:45 MinePhase: Clicked stable vein at [1235, 713] (vein at [1235, 713])
2026-07-18 13:56:47 MinePhase: Clicked stable vein at [1235, 713] (vein at [1235, 713])
2026-07-18 13:56:49 MinePhase: Clicked stable vein at [1235, 713] (vein at [1235, 713])
2026-07-18 13:56:50 MinePhase: Clicked stable vein at [1235, 713] (vein at [1235, 713])
2026-07-18 13:56:52 MinePhase: Clicked stable vein at [1235, 713] (vein at [1235, 713])
2026-07-18 13:56:54 MinePhase: Clicked stable vein at [1235, 713] (vein at [1235, 713])
2026-07-18 13:56:56 MinePhase: Clicked stable vein at [1235, 713] (vein at [1235, 713])
2026-07-18 13:56:57 MinePhase: Clicked stable vein at [1235, 713] (vein at [1235, 713])
2026-07-18 13:56:59 MinePhase: Clicked stable vein at [1235, 713] (vein at [1235, 713])
2026-07-18 13:57:01 MinePhase: Clicked stable vein at [1235, 713] (vein at [1235, 713])
2026-07-18 13:57:03 MinePhase: Clicked stable vein at [1235, 713] (vein at [1235, 713])
2026-07-18 13:57:04 MinePhase: Clicked stable vein at [1235, 713] (vein at [1235, 713])
2026-07-18 13:57:06 MinePhase: Clicked stable vein at [1235, 713] (vein at [1235, 713])
2026-07-18 13:57:08 MinePhase: Clicked stable vein at [1235, 713] (vein at [1235, 713])
2026-07-18 13:57:10 MinePhase: Clicked stable vein at [1235, 713] (vein at [1235, 713])
2026-07-18 13:57:12 MinePhase: Clicked stable vein at [1235, 713] (vein at [1235, 713])
2026-07-18 13:57:13 MinePhase: Clicked stable vein at [1235, 713] (vein at [1235, 713])
2026-07-18 13:57:15 MinePhase: Clicked stable vein at [1235, 713] (vein at [1235, 713])
2026-07-18 13:57:15 MinePhase: Lost track of vein or depleted. Finding new vein.
2026-07-18 13:57:17 MinePhase: Found new vein at [1405, 713]
2026-07-18 13:57:17 MinePhase: Initial click to walk to vein at [1405, 713] (vein at [1405, 713])
2026-07-18 13:57:20 MinePhase: Clicked stable vein at [1267, 713] (vein at [1267, 713])
2026-07-18 13:57:22 MinePhase: Clicked stable vein at [1259, 713] (vein at [1259, 713])
2026-07-18 13:57:23 MinePhase: Clicked stable vein at [1259, 713] (vein at [1259, 713])
2026-07-18 13:57:25 MinePhase: Clicked stable vein at [1259, 713] (vein at [1259, 713])
2026-07-18 13:57:27 MinePhase: Clicked stable vein at [1259, 713] (vein at [1259, 713])
2026-07-18 13:57:29 MinePhase: Clicked stable vein at [1259, 713] (vein at [1259, 713])
2026-07-18 13:57:30 MinePhase: Clicked stable vein at [1259, 713] (vein at [1259, 713])
2026-07-18 13:57:32 MinePhase: Clicked stable vein at [1259, 713] (vein at [1259, 713])
2026-07-18 13:57:34 MinePhase: Clicked stable vein at [1259, 713] (vein at [1259, 713])
2026-07-18 13:57:36 MinePhase: Clicked stable vein at [1259, 713] (vein at [1259, 713])
2026-07-18 13:57:37 MinePhase: Clicked stable vein at [1259, 713] (vein at [1259, 713])
2026-07-18 13:57:39 MinePhase: Clicked stable vein at [1259, 713] (vein at [1259, 713])
2026-07-18 13:57:41 MinePhase: Clicked stable vein at [1259, 713] (vein at [1259, 713])
2026-07-18 13:57:43 MinePhase: Clicked stable vein at [1259, 713] (vein at [1259, 713])
2026-07-18 13:57:43 MinePhase: Inventory full, transitioning to clearRed
2026-07-18 13:57:43 ClearRedPhase: Found new red rockfall at [1349, 347]
2026-07-18 13:57:43 ClearRedPhase: Initial click on red rockfall at [1349, 347]
2026-07-18 13:57:52 ClearRedPhase: Rockfall cleared or lost. Scanning for another.
2026-07-18 13:57:52 ClearRedPhase: No red rockfalls found. Moving to hopper.
2026-07-18 13:57:54 ClearYellowPhase: Clicked hopper at [898, 440]
2026-07-18 13:57:59 ClearYellowPhase: Ore deposited. Moving to sack.
2026-07-18 13:58:01 WithdrawSackPhase: Clicked sack at [1825, 724]
2026-07-18 13:58:06 WithdrawSackPhase: Items received from sack. Moving to bank.
2026-07-18 13:58:07 DepositBankPhase: Clicked deposit container at [1109, 355]
2026-07-18 13:58:07 DepositBankPhase: Waiting for deposit box to open...
2026-07-18 13:58:11 DepositBankPhase: Deposited all - banking complete, returning to mine
2026-07-18 13:58:11 ReturnMine1Phase: Clicked waypoint 1 at [699, 1279]
2026-07-18 13:58:16 ReturnMine1Phase: Arrived at waypoint 1!
2026-07-18 13:58:17 ReturnMine2Phase: Clicked waypoint 2 at [1251, 1354]
2026-07-18 13:58:19 ReturnMine2Phase: Saw waypoint 2 marker. Moving to final approach.
2026-07-18 13:58:20 ReturnMine2Phase: Clicked final approach spot at [1491, 1023]
2026-07-18 13:58:23 ReturnMine2Phase: Wait complete. Handing off to mine phase.
2026-07-18 13:58:24 MinePhase: Found new vein at [1385, 764]
2026-07-18 13:58:24 MinePhase: Initial click to walk to vein at [1361, 759] (vein at [1361, 759])
2026-07-18 13:58:26 MinePhase: Clicked stable vein at [1267, 719] (vein at [1267, 719])
2026-07-18 13:58:28 MinePhase: Clicked stable vein at [1259, 713] (vein at [1259, 713])
2026-07-18 13:58:29 MinePhase: Clicked stable vein at [1259, 713] (vein at [1259, 713])
2026-07-18 13:58:31 MinePhase: Clicked stable vein at [1259, 713] (vein at [1259, 713])
2026-07-18 13:58:33 MinePhase: Clicked stable vein at [1259, 713] (vein at [1259, 713])
2026-07-18 13:58:35 MinePhase: Clicked stable vein at [1259, 713] (vein at [1259, 713])
2026-07-18 13:58:36 MinePhase: Clicked stable vein at [1259, 713] (vein at [1259, 713])
2026-07-18 13:58:38 MinePhase: Clicked stable vein at [1259, 713] (vein at [1259, 713])
2026-07-18 13:58:40 MinePhase: Clicked stable vein at [1259, 713] (vein at [1259, 713])
2026-07-18 13:58:42 MinePhase: Clicked stable vein at [1259, 713] (vein at [1259, 713])
2026-07-18 13:58:44 MinePhase: Clicked stable vein at [1259, 713] (vein at [1259, 713])
2026-07-18 13:58:45 MinePhase: Clicked stable vein at [1259, 713] (vein at [1259, 713])
2026-07-18 13:58:47 MinePhase: Clicked stable vein at [1259, 713] (vein at [1259, 713])
2026-07-18 13:58:49 MinePhase: Clicked stable vein at [1259, 713] (vein at [1259, 713])
2026-07-18 13:58:51 MinePhase: Clicked stable vein at [1259, 713] (vein at [1259, 713])
2026-07-18 13:58:52 MinePhase: Clicked stable vein at [1259, 713] (vein at [1259, 713])
2026-07-18 13:58:54 MinePhase: Clicked stable vein at [1259, 713] (vein at [1259, 713])
2026-07-18 13:58:56 MinePhase: Clicked stable vein at [1259, 713] (vein at [1259, 713])
2026-07-18 13:58:56 MinePhase: Lost track of vein or depleted. Finding new vein.
2026-07-18 13:58:56 MinePhase: Found new vein at [1307, 713]
2026-07-18 13:58:57 MinePhase: Initial click to walk to vein at [1307, 713] (vein at [1307, 713])
2026-07-18 13:58:58 MinePhase: Clicked stable vein at [1261, 713] (vein at [1261, 713])
2026-07-18 13:59:00 MinePhase: Clicked stable vein at [1259, 713] (vein at [1259, 713])
2026-07-18 13:59:02 MinePhase: Clicked stable vein at [1259, 713] (vein at [1259, 713])
2026-07-18 13:59:04 MinePhase: Clicked stable vein at [1259, 713] (vein at [1259, 713])
2026-07-18 13:59:06 MinePhase: Clicked stable vein at [1259, 713] (vein at [1259, 713])
2026-07-18 13:59:07 MinePhase: Clicked stable vein at [1259, 713] (vein at [1259, 713])
2026-07-18 13:59:09 MinePhase: Clicked stable vein at [1259, 713] (vein at [1259, 713])
2026-07-18 13:59:11 MinePhase: Clicked stable vein at [1259, 713] (vein at [1259, 713])
2026-07-18 13:59:13 MinePhase: Clicked stable vein at [1259, 713] (vein at [1259, 713])
2026-07-18 13:59:14 MinePhase: Clicked stable vein at [1259, 713] (vein at [1259, 713])
2026-07-18 13:59:16 MinePhase: Clicked stable vein at [1259, 713] (vein at [1259, 713])
2026-07-18 13:59:18 MinePhase: Clicked stable vein at [1259, 713] (vein at [1259, 713])
2026-07-18 13:59:20 MinePhase: Clicked stable vein at [1259, 713] (vein at [1259, 713])
2026-07-18 13:59:21 MinePhase: Clicked stable vein at [1259, 713] (vein at [1259, 713])
2026-07-18 13:59:23 MinePhase: Clicked stable vein at [1259, 713] (vein at [1259, 713])
2026-07-18 13:59:25 MinePhase: Clicked stable vein at [1259, 713] (vein at [1259, 713])
2026-07-18 13:59:27 MinePhase: Clicked stable vein at [1259, 713] (vein at [1259, 713])
2026-07-18 13:59:29 MinePhase: Clicked stable vein at [1259, 713] (vein at [1259, 713])
2026-07-18 13:59:30 MinePhase: Clicked stable vein at [1259, 713] (vein at [1259, 713])
2026-07-18 13:59:32 MinePhase: Clicked stable vein at [1259, 713] (vein at [1259, 713])
2026-07-18 13:59:34 MinePhase: Clicked stable vein at [1259, 713] (vein at [1259, 713])
2026-07-18 13:59:36 MinePhase: Clicked stable vein at [1259, 713] (vein at [1259, 713])
2026-07-18 13:59:38 MinePhase: Clicked stable vein at [1259, 713] (vein at [1259, 713])
2026-07-18 13:59:39 MinePhase: Clicked stable vein at [1259, 713] (vein at [1259, 713])
2026-07-18 13:59:41 MinePhase: Clicked stable vein at [1259, 713] (vein at [1259, 713])
2026-07-18 13:59:43 MinePhase: Clicked stable vein at [1259, 713] (vein at [1259, 713])
2026-07-18 13:59:45 MinePhase: Clicked stable vein at [1259, 713] (vein at [1259, 713])
2026-07-18 13:59:46 MinePhase: Lost track of vein or depleted. Finding new vein.
2026-07-18 13:59:46 MinePhase: Found new vein at [1135, 713]
2026-07-18 13:59:46 MinePhase: Initial click to walk to vein at [1135, 713] (vein at [1135, 713])
2026-07-18 13:59:48 MinePhase: Clicked stable vein at [1229, 713] (vein at [1229, 713])
2026-07-18 13:59:50 MinePhase: Clicked stable vein at [1235, 713] (vein at [1235, 713])
2026-07-18 13:59:52 MinePhase: Clicked stable vein at [1235, 713] (vein at [1235, 713])
2026-07-18 13:59:53 MinePhase: Clicked stable vein at [1235, 713] (vein at [1235, 713])
2026-07-18 13:59:55 MinePhase: Clicked stable vein at [1235, 713] (vein at [1235, 713])
2026-07-18 13:59:57 MinePhase: Clicked stable vein at [1235, 713] (vein at [1235, 713])
2026-07-18 13:59:59 MinePhase: Clicked stable vein at [1235, 713] (vein at [1235, 713])
2026-07-18 14:00:01 MinePhase: Clicked stable vein at [1235, 713] (vein at [1235, 713])
2026-07-18 14:00:02 MinePhase: Clicked stable vein at [1235, 713] (vein at [1235, 713])
2026-07-18 14:00:04 MinePhase: Clicked stable vein at [1235, 713] (vein at [1235, 713])
2026-07-18 14:00:06 MinePhase: Clicked stable vein at [1235, 713] (vein at [1235, 713])
2026-07-18 14:00:08 MinePhase: Clicked stable vein at [1235, 713] (vein at [1235, 713])
2026-07-18 14:00:09 MinePhase: Clicked stable vein at [1235, 713] (vein at [1235, 713])
2026-07-18 14:00:11 MinePhase: Clicked stable vein at [1235, 713] (vein at [1235, 713])
2026-07-18 14:00:13 MinePhase: Clicked stable vein at [1235, 713] (vein at [1235, 713])
2026-07-18 14:00:15 MinePhase: Clicked stable vein at [1235, 713] (vein at [1235, 713])
2026-07-18 14:00:15 MinePhase: Lost track of vein or depleted. Finding new vein.
2026-07-18 14:00:16 MinePhase: Found new vein at [1405, 713]
2026-07-18 14:00:17 MinePhase: Initial click to walk to vein at [1405, 713] (vein at [1405, 713])
2026-07-18 14:00:19 MinePhase: Clicked stable vein at [1265, 713] (vein at [1265, 713])
2026-07-18 14:00:21 MinePhase: Clicked stable vein at [1259, 713] (vein at [1259, 713])
2026-07-18 14:00:23 MinePhase: Clicked stable vein at [1259, 713] (vein at [1259, 713])
2026-07-18 14:00:25 MinePhase: Clicked stable vein at [1259, 713] (vein at [1259, 713])
2026-07-18 14:00:26 MinePhase: Clicked stable vein at [1259, 713] (vein at [1259, 713])
2026-07-18 14:00:28 MinePhase: Clicked stable vein at [1259, 713] (vein at [1259, 713])
2026-07-18 14:00:30 MinePhase: Clicked stable vein at [1259, 713] (vein at [1259, 713])
2026-07-18 14:00:32 MinePhase: Clicked stable vein at [1259, 713] (vein at [1259, 713])
2026-07-18 14:00:34 MinePhase: Clicked stable vein at [1259, 713] (vein at [1259, 713])
2026-07-18 14:00:35 MinePhase: Clicked stable vein at [1259, 713] (vein at [1259, 713])
2026-07-18 14:00:37 MinePhase: Clicked stable vein at [1259, 713] (vein at [1259, 713])
2026-07-18 14:00:39 MinePhase: Clicked stable vein at [1259, 713] (vein at [1259, 713])
2026-07-18 14:00:41 MinePhase: Clicked stable vein at [1259, 713] (vein at [1259, 713])
2026-07-18 14:00:42 MinePhase: Clicked stable vein at [1259, 713] (vein at [1259, 713])
2026-07-18 14:00:44 MinePhase: Clicked stable vein at [1259, 713] (vein at [1259, 713])
2026-07-18 14:00:46 MinePhase: Clicked stable vein at [1259, 713] (vein at [1259, 713])
2026-07-18 14:00:48 MinePhase: Clicked stable vein at [1259, 713] (vein at [1259, 713])
2026-07-18 14:00:49 MinePhase: Clicked stable vein at [1259, 713] (vein at [1259, 713])
2026-07-18 14:00:51 MinePhase: Clicked stable vein at [1259, 713] (vein at [1259, 713])
2026-07-18 14:00:53 MinePhase: Clicked stable vein at [1259, 713] (vein at [1259, 713])
2026-07-18 14:00:55 MinePhase: Clicked stable vein at [1259, 713] (vein at [1259, 713])
2026-07-18 14:00:57 MinePhase: Clicked stable vein at [1259, 713] (vein at [1259, 713])
2026-07-18 14:00:58 MinePhase: Clicked stable vein at [1259, 713] (vein at [1259, 713])
2026-07-18 14:01:00 MinePhase: Clicked stable vein at [1259, 713] (vein at [1259, 713])
2026-07-18 14:01:02 MinePhase: Clicked stable vein at [1259, 713] (vein at [1259, 713])
2026-07-18 14:01:02 MinePhase: Lost track of vein or depleted. Finding new vein.
2026-07-18 14:01:03 MinePhase: Found new vein at [1161, 713]
2026-07-18 14:01:04 MinePhase: Initial click to walk to vein at [1161, 713] (vein at [1161, 713])
2026-07-18 14:01:06 MinePhase: Clicked stable vein at [1249, 713] (vein at [1249, 713])
2026-07-18 14:01:07 MinePhase: Clicked stable vein at [1259, 713] (vein at [1259, 713])
2026-07-18 14:01:09 MinePhase: Clicked stable vein at [1259, 713] (vein at [1259, 713])
2026-07-18 14:01:11 MinePhase: Clicked stable vein at [1259, 713] (vein at [1259, 713])
2026-07-18 14:01:13 MinePhase: Clicked stable vein at [1259, 713] (vein at [1259, 713])
2026-07-18 14:01:14 MinePhase: Clicked stable vein at [1259, 713] (vein at [1259, 713])
2026-07-18 14:01:16 MinePhase: Clicked stable vein at [1259, 713] (vein at [1259, 713])
2026-07-18 14:01:18 MinePhase: Clicked stable vein at [1259, 713] (vein at [1259, 713])
2026-07-18 14:01:20 MinePhase: Clicked stable vein at [1259, 713] (vein at [1259, 713])
2026-07-18 14:01:20 MinePhase: Inventory full, transitioning to clearRed
2026-07-18 14:01:20 ClearRedPhase: Found new red rockfall at [1217, 347]
2026-07-18 14:01:21 ClearRedPhase: Initial click on red rockfall at [1217, 347]
2026-07-18 14:01:27 ClearRedPhase: Rockfall cleared or lost. Scanning for another.
2026-07-18 14:01:27 ClearRedPhase: Found new red rockfall at [1543, 639]
2026-07-18 14:01:27 ClearRedPhase: Initial click on red rockfall at [1539, 639]
2026-07-18 14:01:32 ClearRedPhase: Rockfall cleared or lost. Scanning for another.
2026-07-18 14:01:32 ClearRedPhase: No red rockfalls found. Moving to hopper.
2026-07-18 14:01:33 ClearYellowPhase: Clicked hopper at [892, 440]
2026-07-18 14:01:39 ClearYellowPhase: Ore deposited. Moving to sack.
2026-07-18 14:01:40 WithdrawSackPhase: Clicked sack at [1825, 724]
2026-07-18 14:01:46 WithdrawSackPhase: Items received from sack. Moving to bank.
2026-07-18 14:01:46 DepositBankPhase: Clicked deposit container at [1111, 355]
2026-07-18 14:01:47 DepositBankPhase: Waiting for deposit box to open...
2026-07-18 14:01:51 DepositBankPhase: Deposited all - banking complete, returning to mine
2026-07-18 14:01:51 ReturnMine1Phase: Clicked waypoint 1 at [699, 1279]
2026-07-18 14:01:56 ReturnMine1Phase: Arrived at waypoint 1!
2026-07-18 14:01:56 ReturnMine2Phase: Clicked waypoint 2 at [1251, 1354]
2026-07-18 14:01:59 ReturnMine2Phase: Saw waypoint 2 marker. Moving to final approach.
2026-07-18 14:02:00 ReturnMine2Phase: Clicked final approach spot at [1491, 1023]
2026-07-18 14:02:03 ReturnMine2Phase: Wait complete. Handing off to mine phase.
2026-07-18 14:02:03 MinePhase: Found new vein at [1267, 755]
2026-07-18 14:02:04 MinePhase: Initial click to walk to vein at [1261, 755] (vein at [1261, 755])
2026-07-18 14:02:05 MinePhase: Clicked stable vein at [1235, 719] (vein at [1235, 719])
2026-07-18 14:02:07 MinePhase: Clicked stable vein at [1235, 713] (vein at [1235, 713])
2026-07-18 14:02:09 MinePhase: Clicked stable vein at [1235, 713] (vein at [1235, 713])
2026-07-18 14:02:11 MinePhase: Clicked stable vein at [1235, 713] (vein at [1235, 713])
2026-07-18 14:02:13 MinePhase: Clicked stable vein at [1235, 713] (vein at [1235, 713])
2026-07-18 14:02:14 MinePhase: Clicked stable vein at [1235, 713] (vein at [1235, 713])
2026-07-18 14:02:16 MinePhase: Clicked stable vein at [1235, 713] (vein at [1235, 713])
2026-07-18 14:02:18 MinePhase: Clicked stable vein at [1235, 713] (vein at [1235, 713])
2026-07-18 14:02:20 MinePhase: Clicked stable vein at [1235, 713] (vein at [1235, 713])
2026-07-18 14:02:21 MinePhase: Clicked stable vein at [1235, 713] (vein at [1235, 713])
2026-07-18 14:02:23 MinePhase: Clicked stable vein at [1235, 713] (vein at [1235, 713])
2026-07-18 14:02:25 MinePhase: Clicked stable vein at [1235, 713] (vein at [1235, 713])
2026-07-18 14:02:27 MinePhase: Clicked stable vein at [1235, 713] (vein at [1235, 713])
2026-07-18 14:02:28 MinePhase: Clicked stable vein at [1235, 713] (vein at [1235, 713])
2026-07-18 14:02:30 MinePhase: Clicked stable vein at [1235, 713] (vein at [1235, 713])
2026-07-18 14:02:32 MinePhase: Clicked stable vein at [1235, 713] (vein at [1235, 713])
2026-07-18 14:02:34 MinePhase: Clicked stable vein at [1235, 713] (vein at [1235, 713])
2026-07-18 14:02:36 MinePhase: Clicked stable vein at [1235, 713] (vein at [1235, 713])
2026-07-18 14:02:36 MinePhase: Lost track of vein or depleted. Finding new vein.
2026-07-18 14:02:36 MinePhase: Found new vein at [1307, 713]
2026-07-18 14:02:37 MinePhase: Initial click to walk to vein at [1307, 713] (vein at [1307, 713])
2026-07-18 14:02:38 MinePhase: Clicked stable vein at [1265, 713] (vein at [1265, 713])
2026-07-18 14:02:40 MinePhase: Clicked stable vein at [1259, 713] (vein at [1259, 713])
2026-07-18 14:02:42 MinePhase: Clicked stable vein at [1259, 713] (vein at [1259, 713])
2026-07-18 14:02:44 MinePhase: Clicked stable vein at [1355, 713] (vein at [1355, 713])
2026-07-18 14:02:46 MinePhase: Clicked stable vein at [1265, 713] (vein at [1265, 713])
2026-07-18 14:02:48 MinePhase: Clicked stable vein at [1259, 713] (vein at [1259, 713])
2026-07-18 14:02:49 MinePhase: Clicked stable vein at [1259, 713] (vein at [1259, 713])
2026-07-18 14:02:51 MinePhase: Clicked stable vein at [1259, 713] (vein at [1259, 713])
2026-07-18 14:02:53 MinePhase: Clicked stable vein at [1259, 713] (vein at [1259, 713])
2026-07-18 14:02:55 MinePhase: Clicked stable vein at [1259, 713] (vein at [1259, 713])
2026-07-18 14:02:57 MinePhase: Clicked stable vein at [1259, 713] (vein at [1259, 713])
2026-07-18 14:02:58 MinePhase: Clicked stable vein at [1259, 713] (vein at [1259, 713])
2026-07-18 14:03:00 MinePhase: Clicked stable vein at [1259, 713] (vein at [1259, 713])
2026-07-18 14:03:02 MinePhase: Clicked stable vein at [1259, 713] (vein at [1259, 713])
2026-07-18 14:03:04 MinePhase: Clicked stable vein at [1259, 713] (vein at [1259, 713])
2026-07-18 14:03:05 MinePhase: Clicked stable vein at [1259, 713] (vein at [1259, 713])
2026-07-18 14:03:07 MinePhase: Clicked stable vein at [1259, 713] (vein at [1259, 713])
2026-07-18 14:03:09 MinePhase: Clicked stable vein at [1259, 713] (vein at [1259, 713])
2026-07-18 14:03:11 MinePhase: Clicked stable vein at [1259, 713] (vein at [1259, 713])
2026-07-18 14:03:12 MinePhase: Clicked stable vein at [1259, 713] (vein at [1259, 713])
2026-07-18 14:03:13 MinePhase: Lost track of vein or depleted. Finding new vein.
2026-07-18 14:03:13 MinePhase: Found new vein at [1209, 713]
2026-07-18 14:03:13 MinePhase: Initial click to walk to vein at [1209, 713] (vein at [1209, 713])
2026-07-18 14:03:15 MinePhase: Clicked stable vein at [1255, 713] (vein at [1255, 713])
2026-07-18 14:03:17 MinePhase: Clicked stable vein at [1259, 713] (vein at [1259, 713])
2026-07-18 14:03:18 MinePhase: Clicked stable vein at [1259, 713] (vein at [1259, 713])
2026-07-18 14:03:20 MinePhase: Clicked stable vein at [1259, 713] (vein at [1259, 713])
2026-07-18 14:03:22 MinePhase: Clicked stable vein at [1259, 713] (vein at [1259, 713])
2026-07-18 14:03:24 MinePhase: Clicked stable vein at [1259, 713] (vein at [1259, 713])
2026-07-18 14:03:25 MinePhase: Clicked stable vein at [1259, 713] (vein at [1259, 713])
2026-07-18 14:03:27 MinePhase: Clicked stable vein at [1259, 713] (vein at [1259, 713])
2026-07-18 14:03:29 MinePhase: Clicked stable vein at [1259, 713] (vein at [1259, 713])
2026-07-18 14:03:31 MinePhase: Clicked stable vein at [1259, 713] (vein at [1259, 713])
2026-07-18 14:03:32 MinePhase: Clicked stable vein at [1259, 713] (vein at [1259, 713])
2026-07-18 14:03:34 MinePhase: Clicked stable vein at [1259, 713] (vein at [1259, 713])
2026-07-18 14:03:36 MinePhase: Clicked stable vein at [1259, 713] (vein at [1259, 713])
2026-07-18 14:03:38 MinePhase: Clicked stable vein at [1259, 713] (vein at [1259, 713])
2026-07-18 14:03:40 MinePhase: Clicked stable vein at [1259, 713] (vein at [1259, 713])
2026-07-18 14:03:41 MinePhase: Clicked stable vein at [1259, 713] (vein at [1259, 713])
2026-07-18 14:03:42 MinePhase: Lost track of vein or depleted. Finding new vein.
2026-07-18 14:03:42 MinePhase: Found new vein at [1209, 713]
2026-07-18 14:03:43 MinePhase: Initial click to walk to vein at [1209, 713] (vein at [1209, 713])
2026-07-18 14:03:45 MinePhase: Clicked stable vein at [1253, 713] (vein at [1253, 713])
2026-07-18 14:03:46 MinePhase: Clicked stable vein at [1259, 713] (vein at [1259, 713])
2026-07-18 14:03:48 MinePhase: Clicked stable vein at [1259, 713] (vein at [1259, 713])
2026-07-18 14:03:50 MinePhase: Clicked stable vein at [1259, 713] (vein at [1259, 713])
2026-07-18 14:03:52 MinePhase: Clicked stable vein at [1259, 713] (vein at [1259, 713])
2026-07-18 14:03:53 MinePhase: Clicked stable vein at [1259, 713] (vein at [1259, 713])
2026-07-18 14:03:55 MinePhase: Clicked stable vein at [1259, 713] (vein at [1259, 713])
2026-07-18 14:03:57 MinePhase: Clicked stable vein at [1259, 713] (vein at [1259, 713])
2026-07-18 14:03:59 MinePhase: Clicked stable vein at [1259, 713] (vein at [1259, 713])
2026-07-18 14:04:01 MinePhase: Clicked stable vein at [1259, 713] (vein at [1259, 713])
2026-07-18 14:04:02 MinePhase: Clicked stable vein at [1259, 713] (vein at [1259, 713])
2026-07-18 14:04:04 MinePhase: Clicked stable vein at [1259, 713] (vein at [1259, 713])
2026-07-18 14:04:06 MinePhase: Clicked stable vein at [1259, 713] (vein at [1259, 713])
2026-07-18 14:04:08 MinePhase: Clicked stable vein at [1259, 713] (vein at [1259, 713])
2026-07-18 14:04:09 MinePhase: Clicked stable vein at [1259, 713] (vein at [1259, 713])
2026-07-18 14:04:10 MinePhase: Lost track of vein or depleted. Finding new vein.
2026-07-18 14:04:23 MinePhase: Found new vein at [1185, 713]
2026-07-18 14:04:24 MinePhase: Initial click to walk to vein at [1185, 713] (vein at [1185, 713])
2026-07-18 14:04:25 MinePhase: Clicked stable vein at [1231, 713] (vein at [1231, 713])
2026-07-18 14:04:27 MinePhase: Clicked stable vein at [1235, 713] (vein at [1235, 713])
2026-07-18 14:04:29 MinePhase: Clicked stable vein at [1235, 713] (vein at [1235, 713])
2026-07-18 14:04:31 MinePhase: Clicked stable vein at [1235, 713] (vein at [1235, 713])
2026-07-18 14:04:33 MinePhase: Clicked stable vein at [1235, 713] (vein at [1235, 713])
2026-07-18 14:04:34 MinePhase: Clicked stable vein at [1235, 713] (vein at [1235, 713])
2026-07-18 14:04:36 MinePhase: Clicked stable vein at [1235, 713] (vein at [1235, 713])
2026-07-18 14:04:36 MinePhase: Inventory full, transitioning to clearRed
2026-07-18 14:04:37 ClearRedPhase: Found new red rockfall at [1249, 347]
2026-07-18 14:04:37 ClearRedPhase: Initial click on red rockfall at [1249, 347]
2026-07-18 14:04:43 ClearRedPhase: Failsafe click on red rockfall at [1263, 639]
2026-07-18 14:04:45 ClearRedPhase: Rockfall cleared or lost. Scanning for another.
2026-07-18 14:04:45 ClearRedPhase: No red rockfalls found. Moving to hopper.
2026-07-18 14:04:46 ClearYellowPhase: Clicked hopper at [1126, 448]
2026-07-18 14:04:50 ClearYellowPhase: Ore deposited. Moving to sack.
2026-07-18 14:04:51 WithdrawSackPhase: Clicked sack at [1825, 724]
2026-07-18 14:04:57 WithdrawSackPhase: Items received from sack. Moving to bank.
2026-07-18 14:04:57 DepositBankPhase: Clicked deposit container at [1107, 355]
2026-07-18 14:04:58 DepositBankPhase: Waiting for deposit box to open...
2026-07-18 14:05:01 DepositBankPhase: Deposited all - banking complete, returning to mine
2026-07-18 14:05:02 ReturnMine1Phase: Clicked waypoint 1 at [699, 1279]
2026-07-18 14:05:06 ReturnMine1Phase: Arrived at waypoint 1!
2026-07-18 14:05:06 ReturnMine2Phase: Clicked waypoint 2 at [1251, 1354]
2026-07-18 14:05:09 ReturnMine2Phase: Saw waypoint 2 marker. Moving to final approach.
2026-07-18 14:05:10 ReturnMine2Phase: Clicked final approach spot at [1491, 1023]
2026-07-18 14:05:13 ReturnMine2Phase: Wait complete. Handing off to mine phase.
2026-07-18 14:05:13 MinePhase: Found new vein at [1349, 761]
2026-07-18 14:05:13 MinePhase: Initial click to walk to vein at [1337, 759] (vein at [1337, 759])
2026-07-18 14:05:15 MinePhase: Clicked stable vein at [1237, 721] (vein at [1237, 721])
2026-07-18 14:05:17 MinePhase: Clicked stable vein at [1235, 713] (vein at [1235, 713])
2026-07-18 14:05:17 MinePhase: Lost track of vein or depleted. Finding new vein.
2026-07-18 14:05:18 MinePhase: Found new vein at [1405, 713]
2026-07-18 14:05:19 MinePhase: Initial click to walk to vein at [1405, 713] (vein at [1405, 713])
2026-07-18 14:05:21 MinePhase: Clicked stable vein at [1267, 713] (vein at [1267, 713])
2026-07-18 14:05:23 MinePhase: Clicked stable vein at [1259, 713] (vein at [1259, 713])
2026-07-18 14:05:25 MinePhase: Clicked stable vein at [1259, 713] (vein at [1259, 713])
2026-07-18 14:05:26 MinePhase: Clicked stable vein at [1259, 713] (vein at [1259, 713])
2026-07-18 14:05:28 MinePhase: Clicked stable vein at [1259, 713] (vein at [1259, 713])
2026-07-18 14:05:30 MinePhase: Clicked stable vein at [1259, 713] (vein at [1259, 713])
2026-07-18 14:05:32 MinePhase: Clicked stable vein at [1259, 713] (vein at [1259, 713])
2026-07-18 14:05:33 MinePhase: Clicked stable vein at [1259, 713] (vein at [1259, 713])
2026-07-18 14:05:35 MinePhase: Clicked stable vein at [1259, 713] (vein at [1259, 713])
2026-07-18 14:05:37 MinePhase: Clicked stable vein at [1259, 713] (vein at [1259, 713])
2026-07-18 14:05:39 MinePhase: Clicked stable vein at [1259, 713] (vein at [1259, 713])
2026-07-18 14:05:40 MinePhase: Clicked stable vein at [1259, 713] (vein at [1259, 713])
2026-07-18 14:05:42 MinePhase: Clicked stable vein at [1259, 713] (vein at [1259, 713])
2026-07-18 14:05:44 MinePhase: Clicked stable vein at [1259, 713] (vein at [1259, 713])
2026-07-18 14:05:46 MinePhase: Clicked stable vein at [1259, 713] (vein at [1259, 713])
2026-07-18 14:05:48 MinePhase: Clicked stable vein at [1259, 713] (vein at [1259, 713])
2026-07-18 14:05:49 MinePhase: Clicked stable vein at [1259, 713] (vein at [1259, 713])
2026-07-18 14:05:51 MinePhase: Clicked stable vein at [1259, 713] (vein at [1259, 713])
2026-07-18 14:05:53 MinePhase: Clicked stable vein at [1259, 713] (vein at [1259, 713])
2026-07-18 14:05:53 MinePhase: Lost track of vein or depleted. Finding new vein.
2026-07-18 14:05:53 MinePhase: Found new vein at [1209, 713]
2026-07-18 14:05:54 MinePhase: Initial click to walk to vein at [1209, 713] (vein at [1209, 713])
2026-07-18 14:05:55 MinePhase: Clicked stable vein at [1255, 713] (vein at [1255, 713])
2026-07-18 14:05:57 MinePhase: Clicked stable vein at [1259, 713] (vein at [1259, 713])
2026-07-18 14:05:59 MinePhase: Clicked stable vein at [1259, 713] (vein at [1259, 713])
2026-07-18 14:06:01 MinePhase: Clicked stable vein at [1259, 713] (vein at [1259, 713])
2026-07-18 14:06:03 MinePhase: Clicked stable vein at [1259, 713] (vein at [1259, 713])
2026-07-18 14:06:04 MinePhase: Clicked stable vein at [1259, 713] (vein at [1259, 713])
2026-07-18 14:06:06 MinePhase: Clicked stable vein at [1259, 713] (vein at [1259, 713])
2026-07-18 14:06:08 MinePhase: Clicked stable vein at [1259, 713] (vein at [1259, 713])
2026-07-18 14:06:10 MinePhase: Clicked stable vein at [1259, 713] (vein at [1259, 713])
2026-07-18 14:06:11 MinePhase: Clicked stable vein at [1259, 713] (vein at [1259, 713])
2026-07-18 14:06:13 MinePhase: Clicked stable vein at [1259, 713] (vein at [1259, 713])
2026-07-18 14:06:15 MinePhase: Clicked stable vein at [1259, 713] (vein at [1259, 713])
2026-07-18 14:06:17 MinePhase: Clicked stable vein at [1259, 713] (vein at [1259, 713])
2026-07-18 14:06:19 MinePhase: Clicked stable vein at [1259, 713] (vein at [1259, 713])
2026-07-18 14:06:20 MinePhase: Clicked stable vein at [1259, 713] (vein at [1259, 713])
2026-07-18 14:06:22 MinePhase: Clicked stable vein at [1259, 713] (vein at [1259, 713])
2026-07-18 14:06:24 MinePhase: Clicked stable vein at [1259, 713] (vein at [1259, 713])
2026-07-18 14:06:26 MinePhase: Clicked stable vein at [1259, 713] (vein at [1259, 713])
2026-07-18 14:06:27 MinePhase: Clicked stable vein at [1259, 713] (vein at [1259, 713])
2026-07-18 14:06:29 MinePhase: Clicked stable vein at [1259, 713] (vein at [1259, 713])
2026-07-18 14:06:30 MinePhase: Lost track of vein or depleted. Finding new vein.
2026-07-18 14:06:30 MinePhase: Found new vein at [1209, 713]
2026-07-18 14:06:31 MinePhase: Initial click to walk to vein at [1209, 713] (vein at [1209, 713])
2026-07-18 14:06:32 MinePhase: Clicked stable vein at [1251, 713] (vein at [1251, 713])
2026-07-18 14:06:34 MinePhase: Clicked stable vein at [1259, 713] (vein at [1259, 713])
2026-07-18 14:06:36 MinePhase: Clicked stable vein at [1259, 713] (vein at [1259, 713])
2026-07-18 14:06:38 MinePhase: Clicked stable vein at [1259, 713] (vein at [1259, 713])
2026-07-18 14:06:40 MinePhase: Clicked stable vein at [1259, 713] (vein at [1259, 713])
2026-07-18 14:06:41 MinePhase: Clicked stable vein at [1259, 713] (vein at [1259, 713])
2026-07-18 14:06:43 MinePhase: Clicked stable vein at [1259, 713] (vein at [1259, 713])
2026-07-18 14:06:45 MinePhase: Clicked stable vein at [1259, 713] (vein at [1259, 713])
2026-07-18 14:06:47 MinePhase: Clicked stable vein at [1259, 713] (vein at [1259, 713])
2026-07-18 14:06:48 MinePhase: Clicked stable vein at [1259, 713] (vein at [1259, 713])
2026-07-18 14:06:50 MinePhase: Clicked stable vein at [1259, 713] (vein at [1259, 713])
2026-07-18 14:06:52 MinePhase: Clicked stable vein at [1259, 713] (vein at [1259, 713])
2026-07-18 14:06:54 MinePhase: Clicked stable vein at [1259, 713] (vein at [1259, 713])
2026-07-18 14:06:55 MinePhase: Clicked stable vein at [1259, 713] (vein at [1259, 713])
2026-07-18 14:06:57 MinePhase: Clicked stable vein at [1259, 713] (vein at [1259, 713])
2026-07-18 14:06:59 MinePhase: Clicked stable vein at [1259, 713] (vein at [1259, 713])
2026-07-18 14:07:01 MinePhase: Clicked stable vein at [1259, 713] (vein at [1259, 713])
2026-07-18 14:07:02 MinePhase: Clicked stable vein at [1259, 713] (vein at [1259, 713])
2026-07-18 14:07:04 MinePhase: Clicked stable vein at [1259, 713] (vein at [1259, 713])
2026-07-18 14:07:05 MinePhase: Lost track of vein or depleted. Finding new vein.
2026-07-18 14:07:05 MinePhase: Found new vein at [1185, 713]
2026-07-18 14:07:05 MinePhase: Initial click to walk to vein at [1185, 713] (vein at [1185, 713])
2026-07-18 14:07:07 MinePhase: Clicked stable vein at [1233, 713] (vein at [1233, 713])
2026-07-18 14:07:09 MinePhase: Clicked stable vein at [1235, 713] (vein at [1235, 713])
2026-07-18 14:07:10 MinePhase: Clicked stable vein at [1235, 713] (vein at [1235, 713])
2026-07-18 14:07:12 MinePhase: Clicked stable vein at [1235, 713] (vein at [1235, 713])
2026-07-18 14:07:14 MinePhase: Clicked stable vein at [1235, 713] (vein at [1235, 713])
2026-07-18 14:07:16 MinePhase: Clicked stable vein at [1235, 713] (vein at [1235, 713])
2026-07-18 14:07:17 MinePhase: Clicked stable vein at [1235, 713] (vein at [1235, 713])
2026-07-18 14:07:19 MinePhase: Clicked stable vein at [1235, 713] (vein at [1235, 713])
2026-07-18 14:07:21 MinePhase: Clicked stable vein at [1235, 713] (vein at [1235, 713])
2026-07-18 14:07:23 MinePhase: Clicked stable vein at [1235, 713] (vein at [1235, 713])
2026-07-18 14:07:24 MinePhase: Clicked stable vein at [1235, 713] (vein at [1235, 713])
2026-07-18 14:07:26 MinePhase: Clicked stable vein at [1235, 713] (vein at [1235, 713])
2026-07-18 14:07:28 MinePhase: Clicked stable vein at [1235, 713] (vein at [1235, 713])
2026-07-18 14:07:28 MinePhase: Inventory full, transitioning to clearRed
2026-07-18 14:07:28 ClearRedPhase: Found new red rockfall at [1447, 347]
2026-07-18 14:07:29 ClearRedPhase: Initial click on red rockfall at [1447, 347]
2026-07-18 14:07:37 ClearRedPhase: Failsafe click on red rockfall at [1261, 633]
2026-07-18 14:07:41 ClearRedPhase: Rockfall cleared or lost. Scanning for another.
2026-07-18 14:07:41 ClearRedPhase: No red rockfalls found. Moving to hopper.
2026-07-18 14:07:43 ClearYellowPhase: Clicked hopper at [894, 440]
2026-07-18 14:07:49 ClearYellowPhase: Ore deposited. Moving to sack.
2026-07-18 14:07:50 WithdrawSackPhase: Clicked sack at [1825, 724]
2026-07-18 14:07:56 WithdrawSackPhase: Items received from sack. Moving to bank.
2026-07-18 14:07:56 DepositBankPhase: Clicked deposit container at [1103, 355]
2026-07-18 14:07:56 DepositBankPhase: Waiting for deposit box to open...
2026-07-18 14:08:00 DepositBankPhase: Deposited all - banking complete, returning to mine
2026-07-18 14:08:00 ReturnMine1Phase: Clicked waypoint 1 at [699, 1279]
2026-07-18 14:08:05 ReturnMine1Phase: Arrived at waypoint 1!
2026-07-18 14:08:06 ReturnMine2Phase: Clicked waypoint 2 at [1251, 1354]
2026-07-18 14:08:08 ReturnMine2Phase: Saw waypoint 2 marker. Moving to final approach.
2026-07-18 14:08:09 ReturnMine2Phase: Clicked final approach spot at [1491, 1023]
2026-07-18 14:08:12 ReturnMine2Phase: Wait complete. Handing off to mine phase.
2026-07-18 14:08:12 MinePhase: Found new vein at [1353, 761]
2026-07-18 14:08:12 MinePhase: Initial click to walk to vein at [1341, 759] (vein at [1341, 759])
2026-07-18 14:08:14 MinePhase: Clicked stable vein at [1237, 719] (vein at [1237, 719])
2026-07-18 14:08:16 MinePhase: Clicked stable vein at [1235, 713] (vein at [1235, 713])
2026-07-18 14:08:18 MinePhase: Clicked stable vein at [1235, 713] (vein at [1235, 713])
2026-07-18 14:08:20 MinePhase: Clicked stable vein at [1235, 713] (vein at [1235, 713])
2026-07-18 14:08:21 MinePhase: Clicked stable vein at [1235, 713] (vein at [1235, 713])
2026-07-18 14:08:23 MinePhase: Clicked stable vein at [1235, 713] (vein at [1235, 713])
2026-07-18 14:08:25 MinePhase: Clicked stable vein at [1235, 713] (vein at [1235, 713])
2026-07-18 14:08:26 MinePhase: Lost track of vein or depleted. Finding new vein.
2026-07-18 14:08:26 MinePhase: Found new vein at [1355, 713]
2026-07-18 14:08:27 MinePhase: Initial click to walk to vein at [1355, 713] (vein at [1355, 713])
2026-07-18 14:08:29 MinePhase: Clicked stable vein at [1265, 713] (vein at [1265, 713])
2026-07-18 14:08:30 MinePhase: Clicked stable vein at [1259, 713] (vein at [1259, 713])
2026-07-18 14:08:32 MinePhase: Clicked stable vein at [1259, 713] (vein at [1259, 713])
2026-07-18 14:08:34 MinePhase: Clicked stable vein at [1259, 713] (vein at [1259, 713])
2026-07-18 14:08:36 MinePhase: Clicked stable vein at [1259, 713] (vein at [1259, 713])
2026-07-18 14:08:37 MinePhase: Clicked stable vein at [1259, 713] (vein at [1259, 713])
2026-07-18 14:08:39 MinePhase: Clicked stable vein at [1259, 713] (vein at [1259, 713])
2026-07-18 14:08:41 MinePhase: Clicked stable vein at [1259, 713] (vein at [1259, 713])
2026-07-18 14:08:43 MinePhase: Clicked stable vein at [1259, 713] (vein at [1259, 713])
2026-07-18 14:08:44 MinePhase: Clicked stable vein at [1259, 713] (vein at [1259, 713])
2026-07-18 14:08:46 MinePhase: Clicked stable vein at [1259, 713] (vein at [1259, 713])
2026-07-18 14:08:48 MinePhase: Clicked stable vein at [1259, 713] (vein at [1259, 713])
2026-07-18 14:08:50 MinePhase: Clicked stable vein at [1259, 713] (vein at [1259, 713])
2026-07-18 14:08:52 MinePhase: Clicked stable vein at [1259, 713] (vein at [1259, 713])
2026-07-18 14:08:53 MinePhase: Clicked stable vein at [1259, 713] (vein at [1259, 713])
2026-07-18 14:08:55 MinePhase: Clicked stable vein at [1259, 713] (vein at [1259, 713])
2026-07-18 14:08:57 MinePhase: Clicked stable vein at [1259, 713] (vein at [1259, 713])
2026-07-18 14:08:59 MinePhase: Clicked stable vein at [1259, 713] (vein at [1259, 713])
2026-07-18 14:09:00 MinePhase: Clicked stable vein at [1259, 713] (vein at [1259, 713])
2026-07-18 14:09:02 MinePhase: Clicked stable vein at [1259, 713] (vein at [1259, 713])
2026-07-18 14:09:03 MinePhase: Lost track of vein or depleted. Finding new vein.
2026-07-18 14:09:04 MinePhase: Found new vein at [1209, 713]
2026-07-18 14:09:05 MinePhase: Initial click to walk to vein at [1209, 713] (vein at [1209, 713])
2026-07-18 14:09:06 MinePhase: Clicked stable vein at [1255, 713] (vein at [1255, 713])
2026-07-18 14:09:08 MinePhase: Clicked stable vein at [1259, 713] (vein at [1259, 713])
2026-07-18 14:09:10 MinePhase: Clicked stable vein at [1259, 713] (vein at [1259, 713])
2026-07-18 14:09:12 MinePhase: Clicked stable vein at [1259, 713] (vein at [1259, 713])
2026-07-18 14:09:13 MinePhase: Clicked stable vein at [1259, 713] (vein at [1259, 713])
2026-07-18 14:09:15 MinePhase: Clicked stable vein at [1259, 713] (vein at [1259, 713])
2026-07-18 14:09:17 MinePhase: Clicked stable vein at [1259, 713] (vein at [1259, 713])
2026-07-18 14:09:19 MinePhase: Clicked stable vein at [1259, 713] (vein at [1259, 713])
2026-07-18 14:09:21 MinePhase: Clicked stable vein at [1259, 713] (vein at [1259, 713])
2026-07-18 14:09:22 MinePhase: Clicked stable vein at [1259, 713] (vein at [1259, 713])
2026-07-18 14:09:24 MinePhase: Clicked stable vein at [1259, 713] (vein at [1259, 713])
2026-07-18 14:09:26 MinePhase: Clicked stable vein at [1259, 713] (vein at [1259, 713])
2026-07-18 14:09:28 MinePhase: Clicked stable vein at [1259, 713] (vein at [1259, 713])
2026-07-18 14:09:29 MinePhase: Clicked stable vein at [1259, 713] (vein at [1259, 713])
2026-07-18 14:09:31 MinePhase: Clicked stable vein at [1259, 713] (vein at [1259, 713])
2026-07-18 14:09:33 MinePhase: Clicked stable vein at [1259, 713] (vein at [1259, 713])
2026-07-18 14:09:35 MinePhase: Clicked stable vein at [1355, 713] (vein at [1355, 713])
2026-07-18 14:09:36 MinePhase: Clicked stable vein at [1263, 713] (vein at [1263, 713])
2026-07-18 14:09:38 MinePhase: Clicked stable vein at [1259, 713] (vein at [1259, 713])
2026-07-18 14:09:40 MinePhase: Clicked stable vein at [1259, 713] (vein at [1259, 713])
2026-07-18 14:09:42 MinePhase: Clicked stable vein at [1259, 713] (vein at [1259, 713])
2026-07-18 14:09:43 MinePhase: Clicked stable vein at [1259, 713] (vein at [1259, 713])
2026-07-18 14:09:45 MinePhase: Clicked stable vein at [1259, 713] (vein at [1259, 713])
2026-07-18 14:09:47 MinePhase: Clicked stable vein at [1259, 713] (vein at [1259, 713])
2026-07-18 14:09:49 MinePhase: Clicked stable vein at [1259, 713] (vein at [1259, 713])
2026-07-18 14:09:51 MinePhase: Clicked stable vein at [1259, 713] (vein at [1259, 713])
2026-07-18 14:09:52 MinePhase: Clicked stable vein at [1259, 713] (vein at [1259, 713])
2026-07-18 14:09:54 MinePhase: Clicked stable vein at [1259, 713] (vein at [1259, 713])
2026-07-18 14:09:56 MinePhase: Clicked stable vein at [1259, 713] (vein at [1259, 713])
2026-07-18 14:09:58 MinePhase: Clicked stable vein at [1259, 713] (vein at [1259, 713])
2026-07-18 14:09:59 MinePhase: Clicked stable vein at [1259, 713] (vein at [1259, 713])
2026-07-18 14:10:01 MinePhase: Clicked stable vein at [1259, 713] (vein at [1259, 713])
2026-07-18 14:10:03 MinePhase: Clicked stable vein at [1259, 713] (vein at [1259, 713])
2026-07-18 14:10:05 MinePhase: Clicked stable vein at [1259, 713] (vein at [1259, 713])
2026-07-18 14:10:07 MinePhase: Clicked stable vein at [1259, 713] (vein at [1259, 713])
2026-07-18 14:10:07 MinePhase: Lost track of vein or depleted. Finding new vein.
2026-07-18 14:10:07 MinePhase: Found new vein at [1087, 713]
2026-07-18 14:10:07 MinePhase: Initial click to walk to vein at [1087, 713] (vein at [1087, 713])
2026-07-18 14:10:09 MinePhase: Clicked stable vein at [1227, 713] (vein at [1227, 713])
2026-07-18 14:10:11 MinePhase: Clicked stable vein at [1235, 713] (vein at [1235, 713])
2026-07-18 14:10:13 MinePhase: Clicked stable vein at [1235, 713] (vein at [1235, 713])
2026-07-18 14:10:13 MinePhase: Inventory full, transitioning to clearRed
2026-07-18 14:10:13 ClearRedPhase: Found new red rockfall at [1249, 347]
2026-07-18 14:10:14 ClearRedPhase: Initial click on red rockfall at [1249, 347]
2026-07-18 14:10:20 ClearRedPhase: Failsafe click on red rockfall at [1257, 639]
2026-07-18 14:10:23 ClearRedPhase: Rockfall cleared or lost. Scanning for another.
2026-07-18 14:10:23 ClearRedPhase: No red rockfalls found. Moving to hopper.
2026-07-18 14:10:24 ClearYellowPhase: Clicked hopper at [1126, 448]
2026-07-18 14:10:28 ClearYellowPhase: Ore deposited. Moving to sack.
2026-07-18 14:10:29 WithdrawSackPhase: Clicked sack at [1825, 724]
2026-07-18 14:10:35 WithdrawSackPhase: Items received from sack. Moving to bank.
2026-07-18 14:10:36 DepositBankPhase: Clicked deposit container at [1109, 355]
2026-07-18 14:10:36 DepositBankPhase: Waiting for deposit box to open...
2026-07-18 14:10:40 DepositBankPhase: Deposited all - banking complete, returning to mine
2026-07-18 14:10:40 ReturnMine1Phase: Clicked waypoint 1 at [699, 1279]
2026-07-18 14:10:45 ReturnMine1Phase: Arrived at waypoint 1!
2026-07-18 14:10:45 ReturnMine2Phase: Clicked waypoint 2 at [1251, 1354]
2026-07-18 14:10:48 ReturnMine2Phase: Saw waypoint 2 marker. Moving to final approach.
2026-07-18 14:10:49 ReturnMine2Phase: Clicked final approach spot at [1491, 1023]
2026-07-18 14:10:52 ReturnMine2Phase: Wait complete. Handing off to mine phase.
2026-07-18 14:10:52 MinePhase: Found new vein at [1349, 761]
2026-07-18 14:10:52 MinePhase: Initial click to walk to vein at [1339, 759] (vein at [1339, 759])
2026-07-18 14:10:54 MinePhase: Clicked stable vein at [1237, 719] (vein at [1237, 719])
2026-07-18 14:10:56 MinePhase: Clicked stable vein at [1235, 713] (vein at [1235, 713])
2026-07-18 14:10:58 MinePhase: Clicked stable vein at [1235, 713] (vein at [1235, 713])
2026-07-18 14:10:59 MinePhase: Clicked stable vein at [1235, 713] (vein at [1235, 713])
2026-07-18 14:10:59 MinePhase: Lost track of vein or depleted. Finding new vein.
2026-07-18 14:11:00 MinePhase: Found new vein at [1355, 713]
2026-07-18 14:11:00 MinePhase: Initial click to walk to vein at [1355, 713] (vein at [1355, 713])
2026-07-18 14:11:02 MinePhase: Clicked stable vein at [1263, 713] (vein at [1263, 713])
2026-07-18 14:11:03 MinePhase: Clicked stable vein at [1259, 713] (vein at [1259, 713])
2026-07-18 14:11:05 MinePhase: Clicked stable vein at [1259, 713] (vein at [1259, 713])
2026-07-18 14:11:07 MinePhase: Clicked stable vein at [1259, 713] (vein at [1259, 713])
2026-07-18 14:11:09 MinePhase: Clicked stable vein at [1259, 713] (vein at [1259, 713])
2026-07-18 14:11:11 MinePhase: Clicked stable vein at [1259, 713] (vein at [1259, 713])
2026-07-18 14:11:12 MinePhase: Clicked stable vein at [1259, 713] (vein at [1259, 713])
2026-07-18 14:11:14 MinePhase: Clicked stable vein at [1259, 713] (vein at [1259, 713])
2026-07-18 14:11:16 MinePhase: Clicked stable vein at [1259, 713] (vein at [1259, 713])
2026-07-18 14:11:18 MinePhase: Clicked stable vein at [1259, 713] (vein at [1259, 713])
2026-07-18 14:11:19 MinePhase: Clicked stable vein at [1259, 713] (vein at [1259, 713])
2026-07-18 14:11:21 MinePhase: Clicked stable vein at [1259, 713] (vein at [1259, 713])
2026-07-18 14:11:23 MinePhase: Clicked stable vein at [1259, 713] (vein at [1259, 713])
2026-07-18 14:11:25 MinePhase: Clicked stable vein at [1259, 713] (vein at [1259, 713])
2026-07-18 14:11:26 MinePhase: Clicked stable vein at [1259, 713] (vein at [1259, 713])
2026-07-18 14:11:28 MinePhase: Clicked stable vein at [1259, 713] (vein at [1259, 713])
2026-07-18 14:11:30 MinePhase: Clicked stable vein at [1259, 713] (vein at [1259, 713])
2026-07-18 14:11:32 MinePhase: Clicked stable vein at [1259, 713] (vein at [1259, 713])
2026-07-18 14:11:33 MinePhase: Clicked stable vein at [1259, 713] (vein at [1259, 713])
2026-07-18 14:11:35 MinePhase: Clicked stable vein at [1259, 713] (vein at [1259, 713])
2026-07-18 14:11:37 MinePhase: Clicked stable vein at [1259, 713] (vein at [1259, 713])
2026-07-18 14:11:38 MinePhase: Lost track of vein or depleted. Finding new vein.
2026-07-18 14:11:38 MinePhase: Found new vein at [1209, 713]
2026-07-18 14:11:39 MinePhase: Initial click to walk to vein at [1209, 713] (vein at [1209, 713])
2026-07-18 14:11:40 MinePhase: Clicked stable vein at [1251, 713] (vein at [1251, 713])
2026-07-18 14:11:42 MinePhase: Clicked stable vein at [1259, 713] (vein at [1259, 713])
2026-07-18 14:11:44 MinePhase: Clicked stable vein at [1259, 713] (vein at [1259, 713])
2026-07-18 14:11:46 MinePhase: Clicked stable vein at [1259, 713] (vein at [1259, 713])
2026-07-18 14:11:47 MinePhase: Clicked stable vein at [1259, 713] (vein at [1259, 713])
2026-07-18 14:11:49 MinePhase: Clicked stable vein at [1259, 713] (vein at [1259, 713])
2026-07-18 14:11:51 MinePhase: Clicked stable vein at [1259, 713] (vein at [1259, 713])
2026-07-18 14:11:53 MinePhase: Clicked stable vein at [1259, 713] (vein at [1259, 713])
2026-07-18 14:11:54 MinePhase: Clicked stable vein at [1259, 713] (vein at [1259, 713])
2026-07-18 14:11:56 MinePhase: Clicked stable vein at [1259, 713] (vein at [1259, 713])
2026-07-18 14:11:58 MinePhase: Clicked stable vein at [1259, 713] (vein at [1259, 713])
2026-07-18 14:12:00 MinePhase: Clicked stable vein at [1259, 713] (vein at [1259, 713])
2026-07-18 14:12:02 MinePhase: Clicked stable vein at [1259, 713] (vein at [1259, 713])
2026-07-18 14:12:03 MinePhase: Clicked stable vein at [1259, 713] (vein at [1259, 713])
2026-07-18 14:12:05 MinePhase: Clicked stable vein at [1259, 713] (vein at [1259, 713])
2026-07-18 14:12:07 MinePhase: Clicked stable vein at [1259, 713] (vein at [1259, 713])
2026-07-18 14:12:09 MinePhase: Clicked stable vein at [1259, 713] (vein at [1259, 713])
2026-07-18 14:12:11 MinePhase: Clicked stable vein at [1259, 713] (vein at [1259, 713])
2026-07-18 14:12:12 MinePhase: Clicked stable vein at [1259, 713] (vein at [1259, 713])
2026-07-18 14:12:14 MinePhase: Clicked stable vein at [1259, 713] (vein at [1259, 713])
2026-07-18 14:12:16 MinePhase: Clicked stable vein at [1259, 713] (vein at [1259, 713])
2026-07-18 14:12:18 MinePhase: Clicked stable vein at [1355, 713] (vein at [1355, 713])
2026-07-18 14:12:19 MinePhase: Clicked stable vein at [1267, 713] (vein at [1267, 713])
2026-07-18 14:12:21 MinePhase: Clicked stable vein at [1259, 713] (vein at [1259, 713])
2026-07-18 14:12:23 MinePhase: Clicked stable vein at [1259, 713] (vein at [1259, 713])
2026-07-18 14:12:25 MinePhase: Clicked stable vein at [1259, 713] (vein at [1259, 713])
2026-07-18 14:12:27 MinePhase: Clicked stable vein at [1259, 713] (vein at [1259, 713])
2026-07-18 14:12:28 MinePhase: Clicked stable vein at [1259, 713] (vein at [1259, 713])
2026-07-18 14:12:30 MinePhase: Clicked stable vein at [1259, 713] (vein at [1259, 713])
2026-07-18 14:12:32 MinePhase: Clicked stable vein at [1259, 713] (vein at [1259, 713])
2026-07-18 14:12:34 MinePhase: Clicked stable vein at [1259, 713] (vein at [1259, 713])
2026-07-18 14:12:35 MinePhase: Clicked stable vein at [1259, 713] (vein at [1259, 713])
2026-07-18 14:12:37 MinePhase: Clicked stable vein at [1259, 713] (vein at [1259, 713])
2026-07-18 14:12:39 MinePhase: Clicked stable vein at [1259, 713] (vein at [1259, 713])
2026-07-18 14:12:41 MinePhase: Clicked stable vein at [1259, 713] (vein at [1259, 713])
2026-07-18 14:12:42 MinePhase: Clicked stable vein at [1259, 713] (vein at [1259, 713])
2026-07-18 14:12:44 MinePhase: Clicked stable vein at [1259, 713] (vein at [1259, 713])
2026-07-18 14:12:46 MinePhase: Clicked stable vein at [1259, 713] (vein at [1259, 713])
2026-07-18 14:12:48 MinePhase: Clicked stable vein at [1259, 713] (vein at [1259, 713])
2026-07-18 14:12:50 MinePhase: Clicked stable vein at [1259, 713] (vein at [1259, 713])
2026-07-18 14:12:51 MinePhase: Clicked stable vein at [1259, 713] (vein at [1259, 713])
2026-07-18 14:12:53 MinePhase: Clicked stable vein at [1259, 713] (vein at [1259, 713])
2026-07-18 14:12:55 MinePhase: Clicked stable vein at [1259, 713] (vein at [1259, 713])
2026-07-18 14:12:55 MinePhase: Lost track of vein or depleted. Finding new vein.
2026-07-18 14:12:55 MinePhase: Found new vein at [1087, 713]
2026-07-18 14:12:56 MinePhase: Initial click to walk to vein at [1087, 713] (vein at [1087, 713])
2026-07-18 14:12:58 MinePhase: Clicked stable vein at [1229, 713] (vein at [1229, 713])
2026-07-18 14:13:00 MinePhase: Clicked stable vein at [1235, 713] (vein at [1235, 713])
2026-07-18 14:13:01 MinePhase: Clicked stable vein at [1235, 713] (vein at [1235, 713])
2026-07-18 14:13:03 MinePhase: Clicked stable vein at [1235, 713] (vein at [1235, 713])
2026-07-18 14:13:05 MinePhase: Clicked stable vein at [1235, 713] (vein at [1235, 713])
2026-07-18 14:13:07 MinePhase: Clicked stable vein at [1235, 713] (vein at [1235, 713])
2026-07-18 14:13:07 MinePhase: Inventory full, transitioning to clearRed
2026-07-18 14:13:07 ClearRedPhase: Found new red rockfall at [1447, 347]
2026-07-18 14:13:08 ClearRedPhase: Initial click on red rockfall at [1447, 347]
2026-07-18 14:13:16 ClearRedPhase: Failsafe click on red rockfall at [1261, 633]
2026-07-18 14:13:22 ClearRedPhase: Failsafe click on red rockfall at [1249, 633]
2026-07-18 14:13:23 ClearRedPhase: Rockfall cleared or lost. Scanning for another.
2026-07-18 14:13:23 ClearRedPhase: No red rockfalls found. Moving to hopper.
2026-07-18 14:13:25 ClearYellowPhase: Clicked hopper at [892, 440]
2026-07-18 14:13:31 ClearYellowPhase: Ore deposited. Moving to sack.
2026-07-18 14:13:32 WithdrawSackPhase: Clicked sack at [1825, 724]
2026-07-18 14:13:38 WithdrawSackPhase: Items received from sack. Moving to bank.
2026-07-18 14:13:38 DepositBankPhase: Clicked deposit container at [1109, 355]
2026-07-18 14:13:38 DepositBankPhase: Waiting for deposit box to open...
2026-07-18 14:13:42 DepositBankPhase: Deposited all - banking complete, returning to mine
2026-07-18 14:13:42 ReturnMine1Phase: Clicked waypoint 1 at [699, 1279]
2026-07-18 14:13:47 ReturnMine1Phase: Arrived at waypoint 1!
2026-07-18 14:13:47 ReturnMine2Phase: Clicked waypoint 2 at [1251, 1354]
2026-07-18 14:13:50 ReturnMine2Phase: Saw waypoint 2 marker. Moving to final approach.
2026-07-18 14:13:51 ReturnMine2Phase: Clicked final approach spot at [1491, 1023]
2026-07-18 14:13:53 ReturnMine2Phase: Wait complete. Handing off to mine phase.
2026-07-18 14:13:54 MinePhase: Found new vein at [1351, 761]
2026-07-18 14:13:54 MinePhase: Initial click to walk to vein at [1339, 759] (vein at [1339, 759])
2026-07-18 14:13:56 MinePhase: Clicked stable vein at [1237, 723] (vein at [1237, 723])
2026-07-18 14:13:58 MinePhase: Clicked stable vein at [1235, 713] (vein at [1235, 713])
2026-07-18 14:13:58 MinePhase: Lost track of vein or depleted. Finding new vein.
2026-07-18 14:13:58 MinePhase: Found new vein at [1355, 713]
2026-07-18 14:13:58 MinePhase: Initial click to walk to vein at [1355, 713] (vein at [1355, 713])
2026-07-18 14:14:00 MinePhase: Clicked stable vein at [1265, 713] (vein at [1265, 713])
2026-07-18 14:14:02 MinePhase: Clicked stable vein at [1259, 713] (vein at [1259, 713])
2026-07-18 14:14:03 MinePhase: Clicked stable vein at [1259, 713] (vein at [1259, 713])
2026-07-18 14:14:05 MinePhase: Clicked stable vein at [1259, 713] (vein at [1259, 713])
2026-07-18 14:14:07 MinePhase: Clicked stable vein at [1259, 713] (vein at [1259, 713])
2026-07-18 14:14:09 MinePhase: Clicked stable vein at [1259, 713] (vein at [1259, 713])
2026-07-18 14:14:10 MinePhase: Clicked stable vein at [1259, 713] (vein at [1259, 713])
2026-07-18 14:14:12 MinePhase: Clicked stable vein at [1259, 713] (vein at [1259, 713])
2026-07-18 14:14:14 MinePhase: Clicked stable vein at [1259, 713] (vein at [1259, 713])
2026-07-18 14:14:16 MinePhase: Clicked stable vein at [1259, 713] (vein at [1259, 713])
2026-07-18 14:14:18 MinePhase: Clicked stable vein at [1259, 713] (vein at [1259, 713])
2026-07-18 14:14:19 MinePhase: Clicked stable vein at [1259, 713] (vein at [1259, 713])
2026-07-18 14:14:21 MinePhase: Clicked stable vein at [1259, 713] (vein at [1259, 713])
2026-07-18 14:14:23 MinePhase: Clicked stable vein at [1259, 713] (vein at [1259, 713])
2026-07-18 14:14:25 MinePhase: Clicked stable vein at [1259, 713] (vein at [1259, 713])
2026-07-18 14:14:26 MinePhase: Clicked stable vein at [1259, 713] (vein at [1259, 713])
2026-07-18 14:14:28 MinePhase: Clicked stable vein at [1259, 713] (vein at [1259, 713])
2026-07-18 14:14:30 MinePhase: Clicked stable vein at [1259, 713] (vein at [1259, 713])
2026-07-18 14:14:30 MinePhase: Lost track of vein or depleted. Finding new vein.
2026-07-18 14:14:31 MinePhase: Found new vein at [1209, 713]
2026-07-18 14:14:31 MinePhase: Initial click to walk to vein at [1209, 713] (vein at [1209, 713])
2026-07-18 14:14:33 MinePhase: Clicked stable vein at [1253, 713] (vein at [1253, 713])
2026-07-18 14:14:35 MinePhase: Clicked stable vein at [1259, 713] (vein at [1259, 713])
2026-07-18 14:14:37 MinePhase: Clicked stable vein at [1259, 713] (vein at [1259, 713])
2026-07-18 14:14:39 MinePhase: Clicked stable vein at [1259, 713] (vein at [1259, 713])
2026-07-18 14:14:40 MinePhase: Clicked stable vein at [1259, 713] (vein at [1259, 713])
2026-07-18 14:14:42 MinePhase: Clicked stable vein at [1259, 713] (vein at [1259, 713])
2026-07-18 14:14:44 MinePhase: Clicked stable vein at [1259, 713] (vein at [1259, 713])
2026-07-18 14:14:46 MinePhase: Clicked stable vein at [1259, 713] (vein at [1259, 713])
2026-07-18 14:14:47 MinePhase: Clicked stable vein at [1259, 713] (vein at [1259, 713])
2026-07-18 14:14:49 MinePhase: Clicked stable vein at [1259, 713] (vein at [1259, 713])
2026-07-18 14:14:51 MinePhase: Clicked stable vein at [1259, 713] (vein at [1259, 713])
2026-07-18 14:14:53 MinePhase: Clicked stable vein at [1259, 713] (vein at [1259, 713])
2026-07-18 14:14:54 MinePhase: Clicked stable vein at [1259, 713] (vein at [1259, 713])
2026-07-18 14:14:56 MinePhase: Clicked stable vein at [1259, 713] (vein at [1259, 713])
2026-07-18 14:14:58 MinePhase: Clicked stable vein at [1259, 713] (vein at [1259, 713])
2026-07-18 14:15:00 MinePhase: Clicked stable vein at [1259, 713] (vein at [1259, 713])
2026-07-18 14:15:01 MinePhase: Clicked stable vein at [1259, 713] (vein at [1259, 713])
2026-07-18 14:15:03 MinePhase: Clicked stable vein at [1355, 713] (vein at [1355, 713])
2026-07-18 14:15:05 MinePhase: Clicked stable vein at [1267, 713] (vein at [1267, 713])
2026-07-18 14:15:07 MinePhase: Clicked stable vein at [1259, 713] (vein at [1259, 713])
2026-07-18 14:15:09 MinePhase: Clicked stable vein at [1259, 713] (vein at [1259, 713])
2026-07-18 14:15:11 MinePhase: Clicked stable vein at [1259, 713] (vein at [1259, 713])
2026-07-18 14:15:12 MinePhase: Clicked stable vein at [1259, 713] (vein at [1259, 713])
2026-07-18 14:15:14 MinePhase: Clicked stable vein at [1259, 713] (vein at [1259, 713])
2026-07-18 14:15:16 MinePhase: Clicked stable vein at [1259, 713] (vein at [1259, 713])
2026-07-18 14:15:18 MinePhase: Clicked stable vein at [1259, 713] (vein at [1259, 713])
2026-07-18 14:15:19 MinePhase: Clicked stable vein at [1259, 713] (vein at [1259, 713])
2026-07-18 14:15:21 MinePhase: Clicked stable vein at [1259, 713] (vein at [1259, 713])
2026-07-18 14:15:23 MinePhase: Clicked stable vein at [1259, 713] (vein at [1259, 713])
2026-07-18 14:15:25 MinePhase: Clicked stable vein at [1259, 713] (vein at [1259, 713])
2026-07-18 14:15:26 MinePhase: Clicked stable vein at [1259, 713] (vein at [1259, 713])
2026-07-18 14:15:28 MinePhase: Clicked stable vein at [1259, 713] (vein at [1259, 713])
2026-07-18 14:15:30 MinePhase: Clicked stable vein at [1259, 713] (vein at [1259, 713])
2026-07-18 14:15:32 MinePhase: Clicked stable vein at [1259, 713] (vein at [1259, 713])
2026-07-18 14:15:34 MinePhase: Clicked stable vein at [1259, 713] (vein at [1259, 713])
2026-07-18 14:15:35 MinePhase: Clicked stable vein at [1259, 713] (vein at [1259, 713])
2026-07-18 14:15:37 MinePhase: Clicked stable vein at [1259, 713] (vein at [1259, 713])
2026-07-18 14:15:39 MinePhase: Clicked stable vein at [1259, 713] (vein at [1259, 713])
2026-07-18 14:15:41 MinePhase: Clicked stable vein at [1259, 713] (vein at [1259, 713])
2026-07-18 14:15:41 MinePhase: Lost track of vein or depleted. Finding new vein.
2026-07-18 14:15:41 MinePhase: Found new vein at [1087, 713]
2026-07-18 14:15:41 MinePhase: Initial click to walk to vein at [1087, 713] (vein at [1087, 713])
2026-07-18 14:15:44 MinePhase: Clicked stable vein at [1231, 714] (vein at [1231, 714])
2026-07-18 14:15:45 MinePhase: Clicked stable vein at [1235, 713] (vein at [1235, 713])
2026-07-18 14:15:47 MinePhase: Clicked stable vein at [1235, 713] (vein at [1235, 713])
2026-07-18 14:15:49 MinePhase: Clicked stable vein at [1235, 713] (vein at [1235, 713])
2026-07-18 14:15:51 MinePhase: Clicked stable vein at [1235, 713] (vein at [1235, 713])
2026-07-18 14:15:52 MinePhase: Clicked stable vein at [1235, 713] (vein at [1235, 713])
2026-07-18 14:15:54 MinePhase: Clicked stable vein at [1235, 713] (vein at [1235, 713])
2026-07-18 14:15:56 MinePhase: Clicked stable vein at [1235, 713] (vein at [1235, 713])
2026-07-18 14:15:58 MinePhase: Clicked stable vein at [1235, 713] (vein at [1235, 713])
2026-07-18 14:15:59 MinePhase: Clicked stable vein at [1235, 713] (vein at [1235, 713])
2026-07-18 14:16:01 MinePhase: Clicked stable vein at [1235, 713] (vein at [1235, 713])
2026-07-18 14:16:03 MinePhase: Clicked stable vein at [1235, 713] (vein at [1235, 713])
2026-07-18 14:16:05 MinePhase: Clicked stable vein at [1235, 713] (vein at [1235, 713])
2026-07-18 14:16:06 MinePhase: Clicked stable vein at [1235, 713] (vein at [1235, 713])
2026-07-18 14:16:08 MinePhase: Clicked stable vein at [1235, 713] (vein at [1235, 713])
2026-07-18 14:16:10 MinePhase: Clicked stable vein at [1235, 713] (vein at [1235, 713])
2026-07-18 14:16:12 MinePhase: Clicked stable vein at [1235, 713] (vein at [1235, 713])
2026-07-18 14:16:13 MinePhase: Clicked stable vein at [1235, 713] (vein at [1235, 713])
2026-07-18 14:16:15 MinePhase: Clicked stable vein at [1235, 713] (vein at [1235, 713])
2026-07-18 14:16:16 MinePhase: Lost track of vein or depleted. Finding new vein.
2026-07-18 14:16:16 MinePhase: Found new vein at [1355, 713]
2026-07-18 14:16:16 MinePhase: Initial click to walk to vein at [1355, 713] (vein at [1355, 713])
2026-07-18 14:16:18 MinePhase: Clicked stable vein at [1265, 713] (vein at [1265, 713])
2026-07-18 14:16:20 MinePhase: Clicked stable vein at [1259, 713] (vein at [1259, 713])
2026-07-18 14:16:21 MinePhase: Clicked stable vein at [1259, 713] (vein at [1259, 713])
2026-07-18 14:16:23 MinePhase: Clicked stable vein at [1259, 713] (vein at [1259, 713])
2026-07-18 14:16:25 MinePhase: Inventory full, transitioning to clearRed
2026-07-18 14:16:25 ClearRedPhase: No red rockfalls found. Moving to hopper.
2026-07-18 14:16:25 ClearYellowPhase: Clicked hopper at [1100, 240]
2026-07-18 14:16:33 ClearYellowPhase: Ore deposited. Moving to sack.
2026-07-18 14:16:34 WithdrawSackPhase: Clicked sack at [1825, 724]
2026-07-18 14:16:40 WithdrawSackPhase: Items received from sack. Moving to bank.
2026-07-18 14:16:41 DepositBankPhase: Clicked deposit container at [1107, 355]
2026-07-18 14:16:41 DepositBankPhase: Waiting for deposit box to open...
2026-07-18 14:16:45 DepositBankPhase: Deposited all - banking complete, returning to mine
2026-07-18 14:16:45 ReturnMine1Phase: Clicked waypoint 1 at [699, 1279]
2026-07-18 14:16:49 ReturnMine1Phase: Arrived at waypoint 1!
2026-07-18 14:16:50 ReturnMine2Phase: Clicked waypoint 2 at [1251, 1354]
2026-07-18 14:16:52 ReturnMine2Phase: Saw waypoint 2 marker. Moving to final approach.
2026-07-18 14:16:53 ReturnMine2Phase: Clicked final approach spot at [1491, 1023]
2026-07-18 14:16:56 ReturnMine2Phase: Wait complete. Handing off to mine phase.
2026-07-18 14:16:56 MinePhase: Found new vein at [1421, 759]
2026-07-18 14:16:56 MinePhase: Initial click to walk to vein at [1401, 757] (vein at [1401, 757])
2026-07-18 14:16:59 MinePhase: Clicked stable vein at [1215, 717] (vein at [1215, 717])
2026-07-18 14:17:00 MinePhase: Clicked stable vein at [1253, 713] (vein at [1253, 713])
2026-07-18 14:17:02 MinePhase: Clicked stable vein at [1259, 713] (vein at [1259, 713])
2026-07-18 14:17:04 MinePhase: Clicked stable vein at [1259, 713] (vein at [1259, 713])
2026-07-18 14:17:06 MinePhase: Clicked stable vein at [1259, 713] (vein at [1259, 713])
2026-07-18 14:17:07 MinePhase: Clicked stable vein at [1259, 713] (vein at [1259, 713])
2026-07-18 14:17:09 MinePhase: Clicked stable vein at [1259, 713] (vein at [1259, 713])
2026-07-18 14:17:11 MinePhase: Clicked stable vein at [1259, 713] (vein at [1259, 713])
2026-07-18 14:17:13 MinePhase: Clicked stable vein at [1259, 713] (vein at [1259, 713])
2026-07-18 14:17:14 MinePhase: Clicked stable vein at [1259, 713] (vein at [1259, 713])
2026-07-18 14:17:16 MinePhase: Clicked stable vein at [1259, 713] (vein at [1259, 713])
2026-07-18 14:17:18 MinePhase: Clicked stable vein at [1259, 713] (vein at [1259, 713])
2026-07-18 14:17:20 MinePhase: Clicked stable vein at [1259, 713] (vein at [1259, 713])
2026-07-18 14:17:21 MinePhase: Clicked stable vein at [1259, 713] (vein at [1259, 713])
2026-07-18 14:17:23 MinePhase: Clicked stable vein at [1259, 713] (vein at [1259, 713])
2026-07-18 14:17:25 MinePhase: Clicked stable vein at [1259, 713] (vein at [1259, 713])
2026-07-18 14:17:27 MinePhase: Clicked stable vein at [1259, 713] (vein at [1259, 713])
2026-07-18 14:17:29 MinePhase: Clicked stable vein at [1355, 713] (vein at [1355, 713])
2026-07-18 14:17:30 MinePhase: Clicked stable vein at [1265, 713] (vein at [1265, 713])
2026-07-18 14:17:32 MinePhase: Clicked stable vein at [1259, 713] (vein at [1259, 713])
2026-07-18 14:17:34 MinePhase: Clicked stable vein at [1259, 713] (vein at [1259, 713])
2026-07-18 14:17:36 MinePhase: Clicked stable vein at [1259, 713] (vein at [1259, 713])
2026-07-18 14:17:37 MinePhase: Clicked stable vein at [1259, 713] (vein at [1259, 713])
2026-07-18 14:17:39 MinePhase: Clicked stable vein at [1259, 713] (vein at [1259, 713])
2026-07-18 14:17:41 MinePhase: Clicked stable vein at [1259, 713] (vein at [1259, 713])
2026-07-18 14:17:43 MinePhase: Clicked stable vein at [1259, 713] (vein at [1259, 713])
2026-07-18 14:17:45 MinePhase: Clicked stable vein at [1259, 713] (vein at [1259, 713])
2026-07-18 14:17:46 MinePhase: Clicked stable vein at [1259, 713] (vein at [1259, 713])
2026-07-18 14:17:48 MinePhase: Clicked stable vein at [1259, 713] (vein at [1259, 713])
2026-07-18 14:17:50 MinePhase: Clicked stable vein at [1259, 713] (vein at [1259, 713])
2026-07-18 14:17:52 MinePhase: Clicked stable vein at [1259, 713] (vein at [1259, 713])
2026-07-18 14:17:54 MinePhase: Clicked stable vein at [1259, 713] (vein at [1259, 713])
2026-07-18 14:17:55 MinePhase: Clicked stable vein at [1259, 713] (vein at [1259, 713])
2026-07-18 14:17:57 MinePhase: Clicked stable vein at [1259, 713] (vein at [1259, 713])
2026-07-18 14:17:59 MinePhase: Clicked stable vein at [1259, 713] (vein at [1259, 713])
2026-07-18 14:18:01 MinePhase: Clicked stable vein at [1259, 713] (vein at [1259, 713])
2026-07-18 14:18:02 MinePhase: Clicked stable vein at [1259, 713] (vein at [1259, 713])
2026-07-18 14:18:04 MinePhase: Clicked stable vein at [1259, 713] (vein at [1259, 713])
2026-07-18 14:18:06 MinePhase: Clicked stable vein at [1259, 713] (vein at [1259, 713])
2026-07-18 14:18:06 MinePhase: Lost track of vein or depleted. Finding new vein.
2026-07-18 14:18:06 MinePhase: Found new vein at [1087, 713]
2026-07-18 14:18:06 MinePhase: Initial click to walk to vein at [1087, 713] (vein at [1087, 713])
2026-07-18 14:18:09 MinePhase: Clicked stable vein at [1231, 713] (vein at [1231, 713])
2026-07-18 14:18:11 MinePhase: Clicked stable vein at [1235, 713] (vein at [1235, 713])
2026-07-18 14:18:12 MinePhase: Clicked stable vein at [1235, 713] (vein at [1235, 713])
2026-07-18 14:18:14 MinePhase: Clicked stable vein at [1235, 713] (vein at [1235, 713])
2026-07-18 14:18:16 MinePhase: Clicked stable vein at [1235, 713] (vein at [1235, 713])
2026-07-18 14:18:18 MinePhase: Clicked stable vein at [1235, 713] (vein at [1235, 713])
2026-07-18 14:18:19 MinePhase: Clicked stable vein at [1235, 713] (vein at [1235, 713])
2026-07-18 14:18:21 MinePhase: Clicked stable vein at [1235, 713] (vein at [1235, 713])
2026-07-18 14:18:23 MinePhase: Clicked stable vein at [1235, 713] (vein at [1235, 713])
2026-07-18 14:18:25 MinePhase: Clicked stable vein at [1235, 713] (vein at [1235, 713])
2026-07-18 14:18:27 MinePhase: Clicked stable vein at [1235, 713] (vein at [1235, 713])
2026-07-18 14:18:28 MinePhase: Clicked stable vein at [1235, 713] (vein at [1235, 713])
2026-07-18 14:18:30 MinePhase: Clicked stable vein at [1235, 713] (vein at [1235, 713])
2026-07-18 14:18:32 MinePhase: Clicked stable vein at [1235, 713] (vein at [1235, 713])
2026-07-18 14:18:34 MinePhase: Clicked stable vein at [1235, 713] (vein at [1235, 713])
2026-07-18 14:18:35 MinePhase: Clicked stable vein at [1235, 713] (vein at [1235, 713])
2026-07-18 14:18:35 MinePhase: Lost track of vein or depleted. Finding new vein.
2026-07-18 14:18:36 MinePhase: Found new vein at [1355, 713]
2026-07-18 14:18:36 MinePhase: Initial click to walk to vein at [1355, 713] (vein at [1355, 713])
2026-07-18 14:18:38 MinePhase: Clicked stable vein at [1265, 713] (vein at [1265, 713])
2026-07-18 14:18:39 MinePhase: Clicked stable vein at [1259, 713] (vein at [1259, 713])
2026-07-18 14:18:41 MinePhase: Clicked stable vein at [1259, 713] (vein at [1259, 713])
2026-07-18 14:18:43 MinePhase: Clicked stable vein at [1259, 713] (vein at [1259, 713])
2026-07-18 14:18:45 MinePhase: Clicked stable vein at [1259, 713] (vein at [1259, 713])
2026-07-18 14:18:47 MinePhase: Clicked stable vein at [1259, 713] (vein at [1259, 713])
2026-07-18 14:18:48 MinePhase: Clicked stable vein at [1259, 713] (vein at [1259, 713])
2026-07-18 14:18:50 MinePhase: Clicked stable vein at [1259, 713] (vein at [1259, 713])
2026-07-18 14:18:52 MinePhase: Clicked stable vein at [1259, 713] (vein at [1259, 713])
2026-07-18 14:18:54 MinePhase: Clicked stable vein at [1259, 713] (vein at [1259, 713])
2026-07-18 14:18:55 MinePhase: Clicked stable vein at [1259, 713] (vein at [1259, 713])
2026-07-18 14:18:57 MinePhase: Clicked stable vein at [1259, 713] (vein at [1259, 713])
2026-07-18 14:18:59 MinePhase: Clicked stable vein at [1259, 713] (vein at [1259, 713])
2026-07-18 14:19:01 MinePhase: Clicked stable vein at [1259, 713] (vein at [1259, 713])
2026-07-18 14:19:02 MinePhase: Clicked stable vein at [1259, 713] (vein at [1259, 713])
2026-07-18 14:19:04 MinePhase: Clicked stable vein at [1259, 713] (vein at [1259, 713])
2026-07-18 14:19:06 MinePhase: Clicked stable vein at [1259, 713] (vein at [1259, 713])
2026-07-18 14:19:08 MinePhase: Clicked stable vein at [1259, 713] (vein at [1259, 713])
2026-07-18 14:19:08 MinePhase: Inventory full, transitioning to clearRed
2026-07-18 14:19:08 ClearRedPhase: Found new red rockfall at [1185, 347]
2026-07-18 14:19:08 ClearRedPhase: Initial click on red rockfall at [1185, 347]
2026-07-18 14:19:15 ClearRedPhase: Rockfall cleared or lost. Scanning for another.
2026-07-18 14:19:15 ClearRedPhase: Found new red rockfall at [1533, 639]
2026-07-18 14:19:15 ClearRedPhase: Initial click on red rockfall at [1529, 639]
2026-07-18 14:19:21 ClearRedPhase: Rockfall cleared or lost. Scanning for another.
2026-07-18 14:19:21 ClearRedPhase: No red rockfalls found. Moving to hopper.
2026-07-18 14:19:22 ClearYellowPhase: Clicked hopper at [892, 440]
2026-07-18 14:19:28 ClearYellowPhase: Ore deposited. Moving to sack.
2026-07-18 14:19:30 WithdrawSackPhase: Clicked sack at [1825, 724]
2026-07-18 14:19:35 WithdrawSackPhase: Items received from sack. Moving to bank.
2026-07-18 14:19:36 DepositBankPhase: Clicked deposit container at [1107, 355]
2026-07-18 14:19:36 DepositBankPhase: Waiting for deposit box to open...
2026-07-18 14:19:40 DepositBankPhase: Deposited all - banking complete, returning to mine
2026-07-18 14:19:40 ReturnMine1Phase: Clicked waypoint 1 at [699, 1279]
2026-07-18 14:19:45 ReturnMine1Phase: Arrived at waypoint 1!
2026-07-18 14:19:45 ReturnMine2Phase: Clicked waypoint 2 at [1251, 1354]
2026-07-18 14:19:48 ReturnMine2Phase: Saw waypoint 2 marker. Moving to final approach.
2026-07-18 14:19:49 ReturnMine2Phase: Clicked final approach spot at [1491, 1023]
2026-07-18 14:19:52 ReturnMine2Phase: Wait complete. Handing off to mine phase.
2026-07-18 14:19:53 MinePhase: Found new vein at [1429, 771]
2026-07-18 14:19:53 MinePhase: Initial click to walk to vein at [1438, 758] (vein at [1438, 758])
2026-07-18 14:19:55 MinePhase: Clicked stable vein at [1267, 719] (vein at [1267, 719])
2026-07-18 14:19:57 MinePhase: Clicked stable vein at [1259, 713] (vein at [1259, 713])
2026-07-18 14:19:59 MinePhase: Clicked stable vein at [1259, 713] (vein at [1259, 713])
2026-07-18 14:20:01 MinePhase: Clicked stable vein at [1259, 713] (vein at [1259, 713])
2026-07-18 14:20:02 MinePhase: Clicked stable vein at [1259, 713] (vein at [1259, 713])
2026-07-18 14:20:04 MinePhase: Clicked stable vein at [1259, 713] (vein at [1259, 713])
2026-07-18 14:20:06 MinePhase: Clicked stable vein at [1259, 713] (vein at [1259, 713])
2026-07-18 14:20:08 MinePhase: Clicked stable vein at [1259, 713] (vein at [1259, 713])
2026-07-18 14:20:09 MinePhase: Clicked stable vein at [1259, 713] (vein at [1259, 713])
2026-07-18 14:20:11 MinePhase: Clicked stable vein at [1259, 713] (vein at [1259, 713])
2026-07-18 14:20:13 MinePhase: Clicked stable vein at [1259, 713] (vein at [1259, 713])
2026-07-18 14:20:15 MinePhase: Clicked stable vein at [1259, 713] (vein at [1259, 713])
2026-07-18 14:20:17 MinePhase: Clicked stable vein at [1259, 713] (vein at [1259, 713])
2026-07-18 14:20:18 MinePhase: Clicked stable vein at [1259, 713] (vein at [1259, 713])
2026-07-18 14:20:20 MinePhase: Clicked stable vein at [1259, 713] (vein at [1259, 713])
2026-07-18 14:20:22 MinePhase: Clicked stable vein at [1259, 713] (vein at [1259, 713])
2026-07-18 14:20:24 MinePhase: Clicked stable vein at [1259, 713] (vein at [1259, 713])
2026-07-18 14:20:25 MinePhase: Clicked stable vein at [1259, 713] (vein at [1259, 713])
2026-07-18 14:20:27 MinePhase: Clicked stable vein at [1259, 713] (vein at [1259, 713])
2026-07-18 14:20:29 MinePhase: Clicked stable vein at [1259, 713] (vein at [1259, 713])
2026-07-18 14:20:31 MinePhase: Clicked stable vein at [1259, 713] (vein at [1259, 713])
2026-07-18 14:20:32 MinePhase: Clicked stable vein at [1259, 713] (vein at [1259, 713])
2026-07-18 14:20:33 MinePhase: Lost track of vein or depleted. Finding new vein.
2026-07-18 14:20:33 MinePhase: Found new vein at [1087, 713]
2026-07-18 14:20:33 MinePhase: Initial click to walk to vein at [1087, 713] (vein at [1087, 713])
2026-07-18 14:20:36 MinePhase: Clicked stable vein at [1231, 713] (vein at [1231, 713])
2026-07-18 14:20:38 MinePhase: Clicked stable vein at [1235, 713] (vein at [1235, 713])
2026-07-18 14:20:39 MinePhase: Clicked stable vein at [1235, 713] (vein at [1235, 713])
2026-07-18 14:20:41 MinePhase: Clicked stable vein at [1235, 713] (vein at [1235, 713])
2026-07-18 14:20:43 MinePhase: Clicked stable vein at [1235, 713] (vein at [1235, 713])
2026-07-18 14:20:45 MinePhase: Clicked stable vein at [1235, 713] (vein at [1235, 713])
2026-07-18 14:20:46 MinePhase: Clicked stable vein at [1235, 713] (vein at [1235, 713])
2026-07-18 14:20:48 MinePhase: Clicked stable vein at [1235, 713] (vein at [1235, 713])
2026-07-18 14:20:50 MinePhase: Clicked stable vein at [1235, 713] (vein at [1235, 713])
2026-07-18 14:20:52 MinePhase: Clicked stable vein at [1235, 713] (vein at [1235, 713])
2026-07-18 14:20:54 MinePhase: Clicked stable vein at [1235, 713] (vein at [1235, 713])
2026-07-18 14:20:55 MinePhase: Clicked stable vein at [1235, 713] (vein at [1235, 713])
2026-07-18 14:20:57 MinePhase: Clicked stable vein at [1235, 713] (vein at [1235, 713])
2026-07-18 14:20:59 MinePhase: Clicked stable vein at [1235, 713] (vein at [1235, 713])
2026-07-18 14:21:01 MinePhase: Clicked stable vein at [1235, 713] (vein at [1235, 713])
2026-07-18 14:21:02 MinePhase: Clicked stable vein at [1235, 713] (vein at [1235, 713])
2026-07-18 14:21:04 MinePhase: Clicked stable vein at [1235, 713] (vein at [1235, 713])
2026-07-18 14:21:06 MinePhase: Clicked stable vein at [1235, 713] (vein at [1235, 713])
2026-07-18 14:21:08 MinePhase: Clicked stable vein at [1235, 713] (vein at [1235, 713])
2026-07-18 14:21:09 MinePhase: Clicked stable vein at [1235, 713] (vein at [1235, 713])
2026-07-18 14:21:11 MinePhase: Clicked stable vein at [1235, 713] (vein at [1235, 713])
2026-07-18 14:21:12 MinePhase: Lost track of vein or depleted. Finding new vein.
2026-07-18 14:21:12 MinePhase: Found new vein at [1307, 713]
2026-07-18 14:21:12 MinePhase: Initial click to walk to vein at [1307, 713] (vein at [1307, 713])
2026-07-18 14:21:14 MinePhase: Clicked stable vein at [1267, 713] (vein at [1267, 713])
2026-07-18 14:21:16 MinePhase: Clicked stable vein at [1259, 713] (vein at [1259, 713])
2026-07-18 14:21:17 MinePhase: Clicked stable vein at [1259, 713] (vein at [1259, 713])
2026-07-18 14:21:19 MinePhase: Clicked stable vein at [1259, 713] (vein at [1259, 713])
2026-07-18 14:21:21 MinePhase: Clicked stable vein at [1259, 713] (vein at [1259, 713])
2026-07-18 14:21:23 MinePhase: Clicked stable vein at [1259, 713] (vein at [1259, 713])
2026-07-18 14:21:24 MinePhase: Clicked stable vein at [1259, 713] (vein at [1259, 713])
2026-07-18 14:21:26 MinePhase: Clicked stable vein at [1259, 713] (vein at [1259, 713])
2026-07-18 14:21:28 MinePhase: Clicked stable vein at [1259, 713] (vein at [1259, 713])
2026-07-18 14:21:30 MinePhase: Clicked stable vein at [1259, 713] (vein at [1259, 713])
2026-07-18 14:21:32 MinePhase: Clicked stable vein at [1259, 713] (vein at [1259, 713])
2026-07-18 14:21:33 MinePhase: Clicked stable vein at [1259, 713] (vein at [1259, 713])
2026-07-18 14:21:35 MinePhase: Clicked stable vein at [1259, 713] (vein at [1259, 713])
2026-07-18 14:21:37 MinePhase: Clicked stable vein at [1259, 713] (vein at [1259, 713])
2026-07-18 14:21:39 MinePhase: Clicked stable vein at [1259, 713] (vein at [1259, 713])
2026-07-18 14:21:41 MinePhase: Clicked stable vein at [1259, 713] (vein at [1259, 713])
2026-07-18 14:21:41 MinePhase: Lost track of vein or depleted. Finding new vein.
2026-07-18 14:21:41 MinePhase: Found new vein at [1307, 713]
2026-07-18 14:21:41 MinePhase: Initial click to walk to vein at [1307, 713] (vein at [1307, 713])
2026-07-18 14:21:43 MinePhase: Clicked stable vein at [1263, 713] (vein at [1263, 713])
2026-07-18 14:21:45 MinePhase: Clicked stable vein at [1259, 713] (vein at [1259, 713])
2026-07-18 14:21:47 MinePhase: Clicked stable vein at [1259, 713] (vein at [1259, 713])
2026-07-18 14:21:48 MinePhase: Clicked stable vein at [1259, 713] (vein at [1259, 713])
2026-07-18 14:21:50 MinePhase: Clicked stable vein at [1259, 713] (vein at [1259, 713])
2026-07-18 14:21:50 MinePhase: Inventory full, transitioning to clearRed
2026-07-18 14:21:51 ClearRedPhase: Found new red rockfall at [1185, 347]
2026-07-18 14:21:51 ClearRedPhase: Initial click on red rockfall at [1185, 347]
2026-07-18 14:21:58 ClearRedPhase: Rockfall cleared or lost. Scanning for another.
2026-07-18 14:21:58 ClearRedPhase: No red rockfalls found. Moving to hopper.
2026-07-18 14:21:59 ClearYellowPhase: Clicked hopper at [1126, 448]
2026-07-18 14:22:03 ClearYellowPhase: Ore deposited. Moving to sack.
2026-07-18 14:22:04 WithdrawSackPhase: Clicked sack at [1825, 724]
2026-07-18 14:22:10 WithdrawSackPhase: Items received from sack. Moving to bank.
2026-07-18 14:22:11 DepositBankPhase: Clicked deposit container at [1107, 355]
2026-07-18 14:22:11 DepositBankPhase: Waiting for deposit box to open...
2026-07-18 14:22:15 DepositBankPhase: Deposited all - banking complete, returning to mine
2026-07-18 14:22:15 ReturnMine1Phase: Clicked waypoint 1 at [699, 1279]
2026-07-18 14:22:19 ReturnMine1Phase: Arrived at waypoint 1!
2026-07-18 14:22:20 ReturnMine2Phase: Clicked waypoint 2 at [1251, 1354]
2026-07-18 14:22:22 ReturnMine2Phase: Saw waypoint 2 marker. Moving to final approach.
2026-07-18 14:22:23 ReturnMine2Phase: Clicked final approach spot at [1491, 1023]
2026-07-18 14:22:26 ReturnMine2Phase: Wait complete. Handing off to mine phase.
2026-07-18 14:22:26 MinePhase: Found new vein at [1438, 769]
2026-07-18 14:22:26 MinePhase: Initial click to walk to vein at [1438, 763] (vein at [1438, 763])
2026-07-18 14:22:28 MinePhase: Clicked stable vein at [1267, 717] (vein at [1267, 717])
2026-07-18 14:22:30 MinePhase: Lost track of vein or depleted. Finding new vein.
2026-07-18 14:22:30 MinePhase: Found new vein at [1307, 713]
2026-07-18 14:22:31 MinePhase: Initial click to walk to vein at [1307, 713] (vein at [1307, 713])
2026-07-18 14:22:33 MinePhase: Clicked stable vein at [1267, 713] (vein at [1267, 713])
2026-07-18 14:22:34 MinePhase: Clicked stable vein at [1259, 713] (vein at [1259, 713])
2026-07-18 14:22:36 MinePhase: Clicked stable vein at [1259, 713] (vein at [1259, 713])
2026-07-18 14:22:38 MinePhase: Clicked stable vein at [1259, 713] (vein at [1259, 713])
2026-07-18 14:22:40 MinePhase: Clicked stable vein at [1259, 713] (vein at [1259, 713])
2026-07-18 14:22:41 MinePhase: Clicked stable vein at [1259, 713] (vein at [1259, 713])
2026-07-18 14:22:43 MinePhase: Clicked stable vein at [1259, 713] (vein at [1259, 713])
2026-07-18 14:22:45 MinePhase: Clicked stable vein at [1259, 713] (vein at [1259, 713])
2026-07-18 14:22:47 MinePhase: Clicked stable vein at [1259, 713] (vein at [1259, 713])
2026-07-18 14:22:49 MinePhase: Clicked stable vein at [1259, 713] (vein at [1259, 713])
2026-07-18 14:22:50 MinePhase: Clicked stable vein at [1259, 713] (vein at [1259, 713])
2026-07-18 14:22:52 MinePhase: Clicked stable vein at [1259, 713] (vein at [1259, 713])
2026-07-18 14:22:54 MinePhase: Clicked stable vein at [1259, 713] (vein at [1259, 713])
2026-07-18 14:22:56 MinePhase: Clicked stable vein at [1259, 713] (vein at [1259, 713])
2026-07-18 14:22:58 MinePhase: Clicked stable vein at [1259, 713] (vein at [1259, 713])
2026-07-18 14:22:59 MinePhase: Clicked stable vein at [1259, 713] (vein at [1259, 713])
2026-07-18 14:23:01 MinePhase: Clicked stable vein at [1259, 713] (vein at [1259, 713])
2026-07-18 14:23:03 MinePhase: Clicked stable vein at [1259, 713] (vein at [1259, 713])
2026-07-18 14:23:05 MinePhase: Clicked stable vein at [1259, 713] (vein at [1259, 713])
2026-07-18 14:23:06 MinePhase: Clicked stable vein at [1259, 713] (vein at [1259, 713])
2026-07-18 14:23:08 MinePhase: Clicked stable vein at [1259, 713] (vein at [1259, 713])
2026-07-18 14:23:10 MinePhase: Clicked stable vein at [1259, 713] (vein at [1259, 713])
2026-07-18 14:23:12 MinePhase: Clicked stable vein at [1259, 713] (vein at [1259, 713])
2026-07-18 14:23:13 MinePhase: Clicked stable vein at [1259, 713] (vein at [1259, 713])
2026-07-18 14:23:15 MinePhase: Clicked stable vein at [1259, 713] (vein at [1259, 713])
2026-07-18 14:23:16 MinePhase: Lost track of vein or depleted. Finding new vein.
2026-07-18 14:23:16 MinePhase: Found new vein at [1087, 713]
2026-07-18 14:23:16 MinePhase: Initial click to walk to vein at [1087, 713] (vein at [1087, 713])
2026-07-18 14:23:18 MinePhase: Clicked stable vein at [1231, 714] (vein at [1231, 714])
2026-07-18 14:23:20 MinePhase: Clicked stable vein at [1235, 713] (vein at [1235, 713])
2026-07-18 14:23:22 MinePhase: Clicked stable vein at [1235, 713] (vein at [1235, 713])
2026-07-18 14:23:24 MinePhase: Clicked stable vein at [1235, 713] (vein at [1235, 713])
2026-07-18 14:23:25 MinePhase: Clicked stable vein at [1235, 713] (vein at [1235, 713])
2026-07-18 14:23:27 MinePhase: Clicked stable vein at [1235, 713] (vein at [1235, 713])
2026-07-18 14:23:29 MinePhase: Clicked stable vein at [1235, 713] (vein at [1235, 713])
2026-07-18 14:23:31 MinePhase: Clicked stable vein at [1235, 713] (vein at [1235, 713])
2026-07-18 14:23:33 MinePhase: Clicked stable vein at [1235, 713] (vein at [1235, 713])
2026-07-18 14:23:34 MinePhase: Clicked stable vein at [1235, 713] (vein at [1235, 713])
2026-07-18 14:23:36 MinePhase: Clicked stable vein at [1235, 713] (vein at [1235, 713])
2026-07-18 14:23:38 MinePhase: Clicked stable vein at [1235, 713] (vein at [1235, 713])
2026-07-18 14:23:40 MinePhase: Clicked stable vein at [1235, 713] (vein at [1235, 713])
2026-07-18 14:23:41 MinePhase: Clicked stable vein at [1235, 713] (vein at [1235, 713])
2026-07-18 14:23:43 MinePhase: Clicked stable vein at [1235, 713] (vein at [1235, 713])
2026-07-18 14:23:44 MinePhase: Lost track of vein or depleted. Finding new vein.
2026-07-18 14:23:44 MinePhase: Found new vein at [1307, 713]
2026-07-18 14:23:45 MinePhase: Initial click to walk to vein at [1307, 713] (vein at [1307, 713])
2026-07-18 14:23:46 MinePhase: Clicked stable vein at [1263, 713] (vein at [1263, 713])
2026-07-18 14:23:48 MinePhase: Clicked stable vein at [1259, 713] (vein at [1259, 713])
2026-07-18 14:23:50 MinePhase: Clicked stable vein at [1259, 713] (vein at [1259, 713])
2026-07-18 14:23:52 MinePhase: Clicked stable vein at [1259, 713] (vein at [1259, 713])
2026-07-18 14:23:54 MinePhase: Clicked stable vein at [1259, 713] (vein at [1259, 713])
2026-07-18 14:23:55 MinePhase: Clicked stable vein at [1259, 713] (vein at [1259, 713])
2026-07-18 14:23:57 MinePhase: Clicked stable vein at [1259, 713] (vein at [1259, 713])
2026-07-18 14:23:59 MinePhase: Clicked stable vein at [1259, 713] (vein at [1259, 713])
2026-07-18 14:24:01 MinePhase: Clicked stable vein at [1259, 713] (vein at [1259, 713])
2026-07-18 14:24:02 MinePhase: Clicked stable vein at [1259, 713] (vein at [1259, 713])
2026-07-18 14:24:04 MinePhase: Clicked stable vein at [1259, 713] (vein at [1259, 713])
2026-07-18 14:24:06 MinePhase: Clicked stable vein at [1259, 713] (vein at [1259, 713])
2026-07-18 14:24:08 MinePhase: Clicked stable vein at [1259, 713] (vein at [1259, 713])
2026-07-18 14:24:09 MinePhase: Clicked stable vein at [1259, 713] (vein at [1259, 713])
2026-07-18 14:24:11 MinePhase: Clicked stable vein at [1259, 713] (vein at [1259, 713])
2026-07-18 14:24:13 MinePhase: Clicked stable vein at [1259, 713] (vein at [1259, 713])
2026-07-18 14:24:15 MinePhase: Clicked stable vein at [1259, 713] (vein at [1259, 713])
2026-07-18 14:24:17 MinePhase: Clicked stable vein at [1259, 713] (vein at [1259, 713])
2026-07-18 14:24:18 MinePhase: Clicked stable vein at [1259, 713] (vein at [1259, 713])
2026-07-18 14:24:19 MinePhase: Lost track of vein or depleted. Finding new vein.
2026-07-18 14:24:19 MinePhase: Found new vein at [1307, 713]
2026-07-18 14:24:19 MinePhase: Initial click to walk to vein at [1307, 713] (vein at [1307, 713])
2026-07-18 14:24:21 MinePhase: Clicked stable vein at [1263, 713] (vein at [1263, 713])
2026-07-18 14:24:23 MinePhase: Clicked stable vein at [1259, 713] (vein at [1259, 713])
2026-07-18 14:24:24 MinePhase: Clicked stable vein at [1259, 713] (vein at [1259, 713])
2026-07-18 14:24:26 MinePhase: Clicked stable vein at [1259, 713] (vein at [1259, 713])
2026-07-18 14:24:28 MinePhase: Clicked stable vein at [1259, 713] (vein at [1259, 713])
2026-07-18 14:24:30 MinePhase: Clicked stable vein at [1259, 713] (vein at [1259, 713])
2026-07-18 14:24:31 MinePhase: Clicked stable vein at [1259, 713] (vein at [1259, 713])
2026-07-18 14:24:33 MinePhase: Clicked stable vein at [1259, 713] (vein at [1259, 713])
2026-07-18 14:24:35 MinePhase: Clicked stable vein at [1259, 713] (vein at [1259, 713])
2026-07-18 14:24:37 MinePhase: Clicked stable vein at [1259, 713] (vein at [1259, 713])
2026-07-18 14:24:38 MinePhase: Clicked stable vein at [1259, 713] (vein at [1259, 713])
2026-07-18 14:24:40 MinePhase: Clicked stable vein at [1259, 713] (vein at [1259, 713])
2026-07-18 14:24:42 MinePhase: Clicked stable vein at [1259, 713] (vein at [1259, 713])
2026-07-18 14:24:44 MinePhase: Clicked stable vein at [1259, 713] (vein at [1259, 713])
2026-07-18 14:24:45 MinePhase: Clicked stable vein at [1259, 713] (vein at [1259, 713])
2026-07-18 14:24:47 MinePhase: Clicked stable vein at [1259, 713] (vein at [1259, 713])
2026-07-18 14:24:48 MinePhase: Inventory full, transitioning to clearRed
2026-07-18 14:24:48 ClearRedPhase: Found new red rockfall at [1381, 347]
2026-07-18 14:24:48 ClearRedPhase: Initial click on red rockfall at [1381, 347]
2026-07-18 14:24:56 ClearRedPhase: Rockfall cleared or lost. Scanning for another.
2026-07-18 14:24:57 ClearRedPhase: No red rockfalls found. Moving to hopper.
2026-07-18 14:24:58 ClearYellowPhase: Clicked hopper at [894, 440]
2026-07-18 14:25:04 ClearYellowPhase: Ore deposited. Moving to sack.
2026-07-18 14:25:05 WithdrawSackPhase: Clicked sack at [1825, 724]
2026-07-18 14:25:11 WithdrawSackPhase: Items received from sack. Moving to bank.
2026-07-18 14:25:11 DepositBankPhase: Clicked deposit container at [1107, 355]
2026-07-18 14:25:12 DepositBankPhase: Waiting for deposit box to open...
2026-07-18 14:25:15 DepositBankPhase: Deposited all - banking complete, returning to mine
2026-07-18 14:25:16 ReturnMine1Phase: Clicked waypoint 1 at [699, 1279]
2026-07-18 14:25:21 ReturnMine1Phase: Arrived at waypoint 1!
2026-07-18 14:25:21 ReturnMine2Phase: Clicked waypoint 2 at [1251, 1354]
2026-07-18 14:25:24 ReturnMine2Phase: Saw waypoint 2 marker. Moving to final approach.
2026-07-18 14:25:25 ReturnMine2Phase: Clicked final approach spot at [1491, 1023]
2026-07-18 14:25:28 ReturnMine2Phase: Wait complete. Handing off to mine phase.
2026-07-18 14:25:28 MinePhase: Found new vein at [1438, 795]
2026-07-18 14:25:28 MinePhase: Initial click to walk to vein at [1438, 779] (vein at [1438, 779])
2026-07-18 14:25:30 MinePhase: Clicked stable vein at [1267, 717] (vein at [1267, 717])
2026-07-18 14:25:32 MinePhase: Lost track of vein or depleted. Finding new vein.
2026-07-18 14:25:32 MinePhase: Found new vein at [1137, 713]
2026-07-18 14:25:32 MinePhase: Initial click to walk to vein at [1137, 713] (vein at [1137, 713])
2026-07-18 14:25:34 MinePhase: Clicked stable vein at [1227, 713] (vein at [1227, 713])
2026-07-18 14:25:36 MinePhase: Clicked stable vein at [1235, 713] (vein at [1235, 713])
2026-07-18 14:25:38 MinePhase: Clicked stable vein at [1235, 713] (vein at [1235, 713])
2026-07-18 14:25:39 MinePhase: Clicked stable vein at [1235, 713] (vein at [1235, 713])
2026-07-18 14:25:41 MinePhase: Clicked stable vein at [1235, 713] (vein at [1235, 713])
2026-07-18 14:25:43 MinePhase: Clicked stable vein at [1235, 713] (vein at [1235, 713])
2026-07-18 14:25:45 MinePhase: Clicked stable vein at [1235, 713] (vein at [1235, 713])
2026-07-18 14:25:47 MinePhase: Clicked stable vein at [1235, 713] (vein at [1235, 713])
2026-07-18 14:25:48 MinePhase: Clicked stable vein at [1235, 713] (vein at [1235, 713])
2026-07-18 14:25:50 MinePhase: Clicked stable vein at [1235, 713] (vein at [1235, 713])
2026-07-18 14:25:52 MinePhase: Clicked stable vein at [1235, 713] (vein at [1235, 713])
2026-07-18 14:25:54 MinePhase: Clicked stable vein at [1235, 713] (vein at [1235, 713])
2026-07-18 14:25:55 MinePhase: Clicked stable vein at [1235, 713] (vein at [1235, 713])
2026-07-18 14:25:57 MinePhase: Clicked stable vein at [1235, 713] (vein at [1235, 713])
2026-07-18 14:25:59 MinePhase: Clicked stable vein at [1235, 713] (vein at [1235, 713])
2026-07-18 14:26:01 MinePhase: Clicked stable vein at [1235, 713] (vein at [1235, 713])
2026-07-18 14:26:02 MinePhase: Clicked stable vein at [1235, 713] (vein at [1235, 713])
2026-07-18 14:26:04 MinePhase: Clicked stable vein at [1235, 713] (vein at [1235, 713])
2026-07-18 14:26:06 MinePhase: Clicked stable vein at [1235, 713] (vein at [1235, 713])
2026-07-18 14:26:08 MinePhase: Clicked stable vein at [1235, 713] (vein at [1235, 713])
2026-07-18 14:26:08 MinePhase: Lost track of vein or depleted. Finding new vein.
2026-07-18 14:26:10 MinePhase: Found new vein at [1307, 713]
2026-07-18 14:26:11 MinePhase: Initial click to walk to vein at [1307, 713] (vein at [1307, 713])
2026-07-18 14:26:12 MinePhase: Clicked stable vein at [1263, 713] (vein at [1263, 713])
2026-07-18 14:26:14 MinePhase: Clicked stable vein at [1259, 713] (vein at [1259, 713])
2026-07-18 14:26:16 MinePhase: Clicked stable vein at [1259, 713] (vein at [1259, 713])
2026-07-18 14:26:18 MinePhase: Clicked stable vein at [1259, 713] (vein at [1259, 713])
2026-07-18 14:26:20 MinePhase: Clicked stable vein at [1259, 713] (vein at [1259, 713])
2026-07-18 14:26:21 MinePhase: Clicked stable vein at [1259, 713] (vein at [1259, 713])
2026-07-18 14:26:23 MinePhase: Clicked stable vein at [1259, 713] (vein at [1259, 713])
2026-07-18 14:26:25 MinePhase: Clicked stable vein at [1259, 713] (vein at [1259, 713])
2026-07-18 14:26:27 MinePhase: Clicked stable vein at [1259, 713] (vein at [1259, 713])
2026-07-18 14:26:28 MinePhase: Clicked stable vein at [1259, 713] (vein at [1259, 713])
2026-07-18 14:26:30 MinePhase: Clicked stable vein at [1259, 713] (vein at [1259, 713])
2026-07-18 14:26:32 MinePhase: Clicked stable vein at [1259, 713] (vein at [1259, 713])
2026-07-18 14:26:34 MinePhase: Clicked stable vein at [1259, 713] (vein at [1259, 713])
2026-07-18 14:26:35 MinePhase: Clicked stable vein at [1259, 713] (vein at [1259, 713])
2026-07-18 14:26:37 MinePhase: Clicked stable vein at [1259, 713] (vein at [1259, 713])
2026-07-18 14:26:39 MinePhase: Clicked stable vein at [1259, 713] (vein at [1259, 713])
2026-07-18 14:26:41 MinePhase: Clicked stable vein at [1355, 713] (vein at [1355, 713])
2026-07-18 14:26:43 MinePhase: Clicked stable vein at [1263, 713] (vein at [1263, 713])
2026-07-18 14:26:44 MinePhase: Clicked stable vein at [1259, 713] (vein at [1259, 713])
2026-07-18 14:26:46 MinePhase: Clicked stable vein at [1259, 713] (vein at [1259, 713])
2026-07-18 14:26:48 MinePhase: Clicked stable vein at [1259, 713] (vein at [1259, 713])
2026-07-18 14:26:50 MinePhase: Clicked stable vein at [1259, 713] (vein at [1259, 713])
2026-07-18 14:26:51 MinePhase: Clicked stable vein at [1259, 713] (vein at [1259, 713])
2026-07-18 14:26:53 MinePhase: Clicked stable vein at [1259, 713] (vein at [1259, 713])
2026-07-18 14:26:55 MinePhase: Clicked stable vein at [1259, 713] (vein at [1259, 713])
2026-07-18 14:26:57 MinePhase: Clicked stable vein at [1259, 713] (vein at [1259, 713])
2026-07-18 14:26:58 MinePhase: Clicked stable vein at [1259, 713] (vein at [1259, 713])
2026-07-18 14:27:00 MinePhase: Clicked stable vein at [1259, 713] (vein at [1259, 713])
2026-07-18 14:27:02 MinePhase: Clicked stable vein at [1259, 713] (vein at [1259, 713])
2026-07-18 14:27:04 MinePhase: Clicked stable vein at [1259, 713] (vein at [1259, 713])
2026-07-18 14:27:06 MinePhase: Clicked stable vein at [1259, 713] (vein at [1259, 713])
2026-07-18 14:27:07 MinePhase: Clicked stable vein at [1259, 713] (vein at [1259, 713])
2026-07-18 14:27:09 MinePhase: Clicked stable vein at [1259, 713] (vein at [1259, 713])
2026-07-18 14:27:11 MinePhase: Clicked stable vein at [1259, 713] (vein at [1259, 713])
2026-07-18 14:27:13 MinePhase: Clicked stable vein at [1259, 713] (vein at [1259, 713])
2026-07-18 14:27:13 MinePhase: Lost track of vein or depleted. Finding new vein.
2026-07-18 14:27:13 MinePhase: Found new vein at [1209, 713]
2026-07-18 14:27:13 MinePhase: Initial click to walk to vein at [1209, 713] (vein at [1209, 713])
2026-07-18 14:27:15 MinePhase: Clicked stable vein at [1255, 713] (vein at [1255, 713])
2026-07-18 14:27:17 MinePhase: Clicked stable vein at [1259, 713] (vein at [1259, 713])
2026-07-18 14:27:18 MinePhase: Clicked stable vein at [1259, 713] (vein at [1259, 713])
2026-07-18 14:27:20 MinePhase: Clicked stable vein at [1259, 713] (vein at [1259, 713])
2026-07-18 14:27:22 MinePhase: Clicked stable vein at [1259, 713] (vein at [1259, 713])
2026-07-18 14:27:24 MinePhase: Clicked stable vein at [1259, 713] (vein at [1259, 713])
2026-07-18 14:27:26 MinePhase: Clicked stable vein at [1259, 713] (vein at [1259, 713])
2026-07-18 14:27:27 MinePhase: Clicked stable vein at [1259, 713] (vein at [1259, 713])
2026-07-18 14:27:29 MinePhase: Clicked stable vein at [1259, 713] (vein at [1259, 713])
2026-07-18 14:27:31 MinePhase: Clicked stable vein at [1259, 713] (vein at [1259, 713])
2026-07-18 14:27:33 MinePhase: Clicked stable vein at [1259, 713] (vein at [1259, 713])
2026-07-18 14:27:34 MinePhase: Clicked stable vein at [1259, 713] (vein at [1259, 713])
2026-07-18 14:27:36 MinePhase: Clicked stable vein at [1259, 713] (vein at [1259, 713])
2026-07-18 14:27:38 MinePhase: Clicked stable vein at [1259, 713] (vein at [1259, 713])
2026-07-18 14:27:40 MinePhase: Clicked stable vein at [1259, 713] (vein at [1259, 713])
2026-07-18 14:27:42 MinePhase: Clicked stable vein at [1259, 713] (vein at [1259, 713])
2026-07-18 14:27:43 MinePhase: Clicked stable vein at [1259, 713] (vein at [1259, 713])
2026-07-18 14:27:43 MinePhase: Lost track of vein or depleted. Finding new vein.
2026-07-18 14:27:48 MinePhase: Found new vein at [1135, 713]
2026-07-18 14:27:48 MinePhase: Initial click to walk to vein at [1135, 713] (vein at [1135, 713])
2026-07-18 14:27:50 MinePhase: Clicked stable vein at [1231, 714] (vein at [1231, 714])
2026-07-18 14:27:51 MinePhase: Inventory full, transitioning to clearRed
2026-07-18 14:27:51 ClearRedPhase: Found new red rockfall at [1249, 347]
2026-07-18 14:27:52 ClearRedPhase: Initial click on red rockfall at [1249, 347]
2026-07-18 14:27:58 ClearRedPhase: Failsafe click on red rockfall at [1257, 639]
2026-07-18 14:27:59 ClearRedPhase: Rockfall cleared or lost. Scanning for another.
2026-07-18 14:28:00 ClearRedPhase: No red rockfalls found. Moving to hopper.
2026-07-18 14:28:01 ClearYellowPhase: Clicked hopper at [1126, 448]
2026-07-18 14:28:05 ClearYellowPhase: Ore deposited. Moving to sack.
2026-07-18 14:28:06 WithdrawSackPhase: Clicked sack at [1825, 724]
2026-07-18 14:28:12 WithdrawSackPhase: Items received from sack. Moving to bank.
2026-07-18 14:28:12 DepositBankPhase: Clicked deposit container at [1109, 355]
2026-07-18 14:28:13 DepositBankPhase: Waiting for deposit box to open...
2026-07-18 14:28:17 DepositBankPhase: Deposited all - banking complete, returning to mine
2026-07-18 14:28:17 ReturnMine1Phase: Clicked waypoint 1 at [699, 1279]
2026-07-18 14:28:22 ReturnMine1Phase: Arrived at waypoint 1!
2026-07-18 14:28:22 ReturnMine2Phase: Clicked waypoint 2 at [1251, 1354]
2026-07-18 14:28:25 ReturnMine2Phase: Saw waypoint 2 marker. Moving to final approach.
2026-07-18 14:28:26 ReturnMine2Phase: Clicked final approach spot at [1491, 1023]
2026-07-18 14:28:29 ReturnMine2Phase: Wait complete. Handing off to mine phase.
2026-07-18 14:28:29 MinePhase: Found new vein at [1373, 767]
2026-07-18 14:28:29 MinePhase: Initial click to walk to vein at [1363, 763] (vein at [1363, 763])
2026-07-18 14:28:31 MinePhase: Clicked stable vein at [1237, 721] (vein at [1237, 721])
2026-07-18 14:28:33 MinePhase: Lost track of vein or depleted. Finding new vein.
2026-07-18 14:28:34 MinePhase: Found new vein at [1307, 713]
2026-07-18 14:28:34 MinePhase: Initial click to walk to vein at [1307, 713] (vein at [1307, 713])
2026-07-18 14:28:36 MinePhase: Clicked stable vein at [1267, 713] (vein at [1267, 713])
2026-07-18 14:28:37 MinePhase: Clicked stable vein at [1259, 713] (vein at [1259, 713])
2026-07-18 14:28:39 MinePhase: Clicked stable vein at [1259, 713] (vein at [1259, 713])
2026-07-18 14:28:41 MinePhase: Clicked stable vein at [1259, 713] (vein at [1259, 713])
2026-07-18 14:28:43 MinePhase: Clicked stable vein at [1259, 713] (vein at [1259, 713])
2026-07-18 14:28:44 MinePhase: Clicked stable vein at [1259, 713] (vein at [1259, 713])
2026-07-18 14:28:46 MinePhase: Clicked stable vein at [1259, 713] (vein at [1259, 713])
2026-07-18 14:28:48 MinePhase: Clicked stable vein at [1259, 713] (vein at [1259, 713])
2026-07-18 14:28:50 MinePhase: Clicked stable vein at [1259, 745] (vein at [1259, 745])
2026-07-18 14:28:52 MinePhase: Clicked stable vein at [1259, 721] (vein at [1259, 721])
2026-07-18 14:28:54 MinePhase: Clicked stable vein at [1259, 713] (vein at [1259, 713])
2026-07-18 14:28:55 MinePhase: Clicked stable vein at [1259, 713] (vein at [1259, 713])
2026-07-18 14:28:57 MinePhase: Clicked stable vein at [1259, 713] (vein at [1259, 713])
2026-07-18 14:28:59 MinePhase: Clicked stable vein at [1259, 713] (vein at [1259, 713])
2026-07-18 14:29:01 MinePhase: Clicked stable vein at [1259, 713] (vein at [1259, 713])
2026-07-18 14:29:03 MinePhase: Clicked stable vein at [1259, 713] (vein at [1259, 713])
2026-07-18 14:29:04 MinePhase: Clicked stable vein at [1259, 713] (vein at [1259, 713])
2026-07-18 14:29:06 MinePhase: Clicked stable vein at [1259, 713] (vein at [1259, 713])
2026-07-18 14:29:08 MinePhase: Clicked stable vein at [1259, 713] (vein at [1259, 713])
2026-07-18 14:29:10 MinePhase: Clicked stable vein at [1355, 713] (vein at [1355, 713])
2026-07-18 14:29:12 MinePhase: Clicked stable vein at [1269, 713] (vein at [1269, 713])
2026-07-18 14:29:14 MinePhase: Clicked stable vein at [1259, 713] (vein at [1259, 713])
2026-07-18 14:29:15 MinePhase: Clicked stable vein at [1259, 713] (vein at [1259, 713])
2026-07-18 14:29:17 MinePhase: Clicked stable vein at [1259, 713] (vein at [1259, 713])
2026-07-18 14:29:19 MinePhase: Clicked stable vein at [1259, 713] (vein at [1259, 713])
2026-07-18 14:29:21 MinePhase: Clicked stable vein at [1259, 713] (vein at [1259, 713])
2026-07-18 14:29:22 MinePhase: Clicked stable vein at [1259, 713] (vein at [1259, 713])
2026-07-18 14:29:24 MinePhase: Clicked stable vein at [1259, 713] (vein at [1259, 713])
2026-07-18 14:29:26 MinePhase: Clicked stable vein at [1259, 713] (vein at [1259, 713])
2026-07-18 14:29:28 MinePhase: Clicked stable vein at [1259, 713] (vein at [1259, 713])
2026-07-18 14:29:29 MinePhase: Clicked stable vein at [1259, 713] (vein at [1259, 713])
2026-07-18 14:29:31 MinePhase: Clicked stable vein at [1259, 713] (vein at [1259, 713])
2026-07-18 14:29:33 MinePhase: Clicked stable vein at [1259, 713] (vein at [1259, 713])
2026-07-18 14:29:35 MinePhase: Clicked stable vein at [1259, 713] (vein at [1259, 713])
2026-07-18 14:29:37 MinePhase: Clicked stable vein at [1259, 713] (vein at [1259, 713])
2026-07-18 14:29:38 MinePhase: Clicked stable vein at [1259, 713] (vein at [1259, 713])
2026-07-18 14:29:40 MinePhase: Clicked stable vein at [1259, 713] (vein at [1259, 713])
2026-07-18 14:29:42 MinePhase: Clicked stable vein at [1259, 713] (vein at [1259, 713])
2026-07-18 14:29:44 MinePhase: Clicked stable vein at [1259, 713] (vein at [1259, 713])
2026-07-18 14:29:45 MinePhase: Clicked stable vein at [1259, 713] (vein at [1259, 713])
2026-07-18 14:29:47 MinePhase: Clicked stable vein at [1259, 713] (vein at [1259, 713])
2026-07-18 14:29:49 MinePhase: Clicked stable vein at [1259, 713] (vein at [1259, 713])
2026-07-18 14:29:51 MinePhase: Clicked stable vein at [1259, 713] (vein at [1259, 713])
2026-07-18 14:29:51 MinePhase: Lost track of vein or depleted. Finding new vein.
2026-07-18 14:29:51 MinePhase: Found new vein at [1209, 713]
2026-07-18 14:29:52 MinePhase: Initial click to walk to vein at [1209, 713] (vein at [1209, 713])
2026-07-18 14:29:53 MinePhase: Clicked stable vein at [1255, 713] (vein at [1255, 713])
2026-07-18 14:29:55 MinePhase: Clicked stable vein at [1259, 713] (vein at [1259, 713])
2026-07-18 14:29:57 MinePhase: Clicked stable vein at [1259, 713] (vein at [1259, 713])
2026-07-18 14:29:59 MinePhase: Clicked stable vein at [1259, 713] (vein at [1259, 713])
2026-07-18 14:30:00 MinePhase: Clicked stable vein at [1259, 713] (vein at [1259, 713])
2026-07-18 14:30:02 MinePhase: Clicked stable vein at [1259, 713] (vein at [1259, 713])
2026-07-18 14:30:04 MinePhase: Clicked stable vein at [1259, 713] (vein at [1259, 713])
2026-07-18 14:30:06 MinePhase: Clicked stable vein at [1259, 713] (vein at [1259, 713])
2026-07-18 14:30:08 MinePhase: Clicked stable vein at [1259, 713] (vein at [1259, 713])
2026-07-18 14:30:09 MinePhase: Clicked stable vein at [1259, 713] (vein at [1259, 713])
2026-07-18 14:30:11 MinePhase: Clicked stable vein at [1259, 713] (vein at [1259, 713])
2026-07-18 14:30:13 MinePhase: Clicked stable vein at [1259, 713] (vein at [1259, 713])
2026-07-18 14:30:15 MinePhase: Clicked stable vein at [1259, 713] (vein at [1259, 713])
2026-07-18 14:30:16 MinePhase: Clicked stable vein at [1259, 713] (vein at [1259, 713])
2026-07-18 14:30:16 MinePhase: Lost track of vein or depleted. Finding new vein.
2026-07-18 14:30:17 MinePhase: Found new vein at [1135, 713]
2026-07-18 14:30:17 MinePhase: Initial click to walk to vein at [1135, 713] (vein at [1135, 713])
2026-07-18 14:30:19 MinePhase: Clicked stable vein at [1227, 713] (vein at [1227, 713])
2026-07-18 14:30:21 MinePhase: Clicked stable vein at [1235, 713] (vein at [1235, 713])
2026-07-18 14:30:23 MinePhase: Clicked stable vein at [1235, 713] (vein at [1235, 713])
2026-07-18 14:30:24 MinePhase: Clicked stable vein at [1235, 713] (vein at [1235, 713])
2026-07-18 14:30:26 MinePhase: Clicked stable vein at [1235, 713] (vein at [1235, 713])
2026-07-18 14:30:28 MinePhase: Clicked stable vein at [1235, 713] (vein at [1235, 713])
2026-07-18 14:30:30 MinePhase: Clicked stable vein at [1235, 713] (vein at [1235, 713])
2026-07-18 14:30:31 MinePhase: Clicked stable vein at [1235, 713] (vein at [1235, 713])
2026-07-18 14:30:33 MinePhase: Inventory full, transitioning to clearRed
2026-07-18 14:30:33 ClearRedPhase: Found new red rockfall at [1447, 347]
2026-07-18 14:30:33 ClearRedPhase: Initial click on red rockfall at [1447, 347]
2026-07-18 14:30:41 ClearRedPhase: Rockfall cleared or lost. Scanning for another.
2026-07-18 14:30:41 ClearRedPhase: No red rockfalls found. Moving to hopper.
2026-07-18 14:30:42 ClearYellowPhase: Clicked hopper at [894, 440]
2026-07-18 14:30:49 ClearYellowPhase: Ore deposited. Moving to sack.
2026-07-18 14:30:50 WithdrawSackPhase: Clicked sack at [1825, 724]
2026-07-18 14:30:55 WithdrawSackPhase: Items received from sack. Moving to bank.
2026-07-18 14:30:56 DepositBankPhase: Clicked deposit container at [1107, 355]
2026-07-18 14:30:56 DepositBankPhase: Waiting for deposit box to open...
2026-07-18 14:31:00 DepositBankPhase: Deposited all - banking complete, returning to mine
2026-07-18 14:31:00 ReturnMine1Phase: Clicked waypoint 1 at [699, 1279]
2026-07-18 14:31:04 ReturnMine1Phase: Arrived at waypoint 1!
2026-07-18 14:31:05 ReturnMine2Phase: Clicked waypoint 2 at [1251, 1354]
2026-07-18 14:31:07 ReturnMine2Phase: Saw waypoint 2 marker. Moving to final approach.
2026-07-18 14:31:08 ReturnMine2Phase: Clicked final approach spot at [1491, 1023]
2026-07-18 14:31:11 ReturnMine2Phase: Wait complete. Handing off to mine phase.
2026-07-18 14:31:11 MinePhase: Found new vein at [1347, 759]
2026-07-18 14:31:12 MinePhase: Initial click to walk to vein at [1333, 759] (vein at [1333, 759])
2026-07-18 14:31:13 MinePhase: Clicked stable vein at [1237, 719] (vein at [1237, 719])
2026-07-18 14:31:15 MinePhase: Clicked stable vein at [1235, 713] (vein at [1235, 713])
2026-07-18 14:31:17 MinePhase: Clicked stable vein at [1235, 713] (vein at [1235, 713])
2026-07-18 14:31:19 MinePhase: Clicked stable vein at [1235, 713] (vein at [1235, 713])
2026-07-18 14:31:21 MinePhase: Clicked stable vein at [1235, 713] (vein at [1235, 713])
2026-07-18 14:31:22 MinePhase: Clicked stable vein at [1235, 713] (vein at [1235, 713])
2026-07-18 14:31:24 MinePhase: Clicked stable vein at [1235, 713] (vein at [1235, 713])
2026-07-18 14:31:24 MinePhase: Lost track of vein or depleted. Finding new vein.
2026-07-18 14:31:25 MinePhase: Found new vein at [1307, 713]
2026-07-18 14:31:25 MinePhase: Initial click to walk to vein at [1307, 713] (vein at [1307, 713])
2026-07-18 14:31:27 MinePhase: Clicked stable vein at [1263, 713] (vein at [1263, 713])
2026-07-18 14:31:29 MinePhase: Clicked stable vein at [1259, 713] (vein at [1259, 713])
2026-07-18 14:31:31 MinePhase: Clicked stable vein at [1259, 713] (vein at [1259, 713])
2026-07-18 14:31:33 MinePhase: Clicked stable vein at [1259, 713] (vein at [1259, 713])
2026-07-18 14:31:34 MinePhase: Clicked stable vein at [1259, 713] (vein at [1259, 713])
2026-07-18 14:31:36 MinePhase: Clicked stable vein at [1259, 713] (vein at [1259, 713])
2026-07-18 14:31:38 MinePhase: Clicked stable vein at [1259, 713] (vein at [1259, 713])
2026-07-18 14:31:40 MinePhase: Clicked stable vein at [1259, 713] (vein at [1259, 713])
2026-07-18 14:31:41 MinePhase: Clicked stable vein at [1259, 713] (vein at [1259, 713])
2026-07-18 14:31:43 MinePhase: Clicked stable vein at [1259, 713] (vein at [1259, 713])
2026-07-18 14:31:45 MinePhase: Clicked stable vein at [1259, 713] (vein at [1259, 713])
2026-07-18 14:31:47 MinePhase: Clicked stable vein at [1259, 713] (vein at [1259, 713])
2026-07-18 14:31:49 MinePhase: Clicked stable vein at [1259, 713] (vein at [1259, 713])
2026-07-18 14:31:50 MinePhase: Clicked stable vein at [1259, 713] (vein at [1259, 713])
2026-07-18 14:31:52 MinePhase: Clicked stable vein at [1259, 713] (vein at [1259, 713])
2026-07-18 14:31:54 MinePhase: Clicked stable vein at [1259, 713] (vein at [1259, 713])
2026-07-18 14:31:56 MinePhase: Clicked stable vein at [1259, 713] (vein at [1259, 713])
2026-07-18 14:31:57 MinePhase: Clicked stable vein at [1357, 713] (vein at [1357, 713])
2026-07-18 14:31:59 MinePhase: Clicked stable vein at [1267, 713] (vein at [1267, 713])
2026-07-18 14:32:01 MinePhase: Clicked stable vein at [1259, 713] (vein at [1259, 713])
2026-07-18 14:32:03 MinePhase: Clicked stable vein at [1259, 713] (vein at [1259, 713])
2026-07-18 14:32:05 MinePhase: Clicked stable vein at [1259, 713] (vein at [1259, 713])
2026-07-18 14:32:06 MinePhase: Clicked stable vein at [1259, 713] (vein at [1259, 713])
2026-07-18 14:32:08 MinePhase: Clicked stable vein at [1259, 713] (vein at [1259, 713])
2026-07-18 14:32:10 MinePhase: Clicked stable vein at [1259, 713] (vein at [1259, 713])
2026-07-18 14:32:12 MinePhase: Clicked stable vein at [1259, 713] (vein at [1259, 713])
2026-07-18 14:32:13 MinePhase: Clicked stable vein at [1259, 713] (vein at [1259, 713])
2026-07-18 14:32:15 MinePhase: Clicked stable vein at [1259, 713] (vein at [1259, 713])
2026-07-18 14:32:17 MinePhase: Clicked stable vein at [1259, 713] (vein at [1259, 713])
2026-07-18 14:32:19 MinePhase: Clicked stable vein at [1259, 713] (vein at [1259, 713])
2026-07-18 14:32:20 MinePhase: Clicked stable vein at [1259, 713] (vein at [1259, 713])
2026-07-18 14:32:22 MinePhase: Clicked stable vein at [1259, 713] (vein at [1259, 713])
2026-07-18 14:32:23 Engine: stopped - Stopped (F6)
2026-07-18 14:32:24 Engine: stopped - Stopped (F6)
2026-07-18 22:02:42 Engine: started at phase 'mine'
2026-07-18 22:02:42 MinePhase: Inventory full, transitioning to clearRed
2026-07-18 22:02:43 ClearRedPhase: Found new red rockfall at [1447, 353]
2026-07-18 22:02:43 ClearRedPhase: Initial click on red rockfall at [1447, 353]
2026-07-18 22:02:44 Engine: stopped - Stopped (F6)
2026-07-18 22:02:53 Engine: started at phase 'mine'
2026-07-18 22:02:53 MinePhase: Found new vein at [1235, 709]
2026-07-18 22:02:53 MinePhase: Initial click to walk to vein at [1235, 709] (vein at [1235, 709])
2026-07-18 22:02:55 MinePhase: Clicked stable vein at [1235, 709] (vein at [1235, 709])
2026-07-18 22:02:57 MinePhase: Clicked stable vein at [1235, 709] (vein at [1235, 709])
2026-07-18 22:02:59 MinePhase: Clicked stable vein at [1235, 709] (vein at [1235, 709])
2026-07-18 22:03:00 MinePhase: Clicked stable vein at [1235, 709] (vein at [1235, 709])
2026-07-18 22:03:02 MinePhase: Clicked stable vein at [1235, 709] (vein at [1235, 709])
2026-07-18 22:03:04 MinePhase: Clicked stable vein at [1235, 709] (vein at [1235, 709])
2026-07-18 22:03:06 MinePhase: Clicked stable vein at [1235, 709] (vein at [1235, 709])
2026-07-18 22:03:07 MinePhase: Clicked stable vein at [1235, 709] (vein at [1235, 709])
2026-07-18 22:03:09 MinePhase: Clicked stable vein at [1235, 709] (vein at [1235, 709])
2026-07-18 22:03:11 MinePhase: Clicked stable vein at [1235, 709] (vein at [1235, 709])
2026-07-18 22:03:13 MinePhase: Clicked stable vein at [1235, 709] (vein at [1235, 709])
2026-07-18 22:03:15 MinePhase: Clicked stable vein at [1235, 709] (vein at [1235, 709])
2026-07-18 22:03:16 MinePhase: Clicked stable vein at [1235, 709] (vein at [1235, 709])
2026-07-18 22:03:18 MinePhase: Clicked stable vein at [1235, 709] (vein at [1235, 709])
2026-07-18 22:03:20 MinePhase: Clicked stable vein at [1235, 709] (vein at [1235, 709])
2026-07-18 22:03:22 MinePhase: Clicked stable vein at [1235, 709] (vein at [1235, 709])
2026-07-18 22:03:23 MinePhase: Lost track of vein or depleted. Finding new vein.
2026-07-18 22:03:23 MinePhase: Found new vein at [1309, 709]
2026-07-18 22:03:23 MinePhase: Initial click to walk to vein at [1309, 709] (vein at [1309, 709])
2026-07-18 22:03:25 MinePhase: Clicked stable vein at [1263, 709] (vein at [1263, 709])
2026-07-18 22:03:27 MinePhase: Clicked stable vein at [1259, 709] (vein at [1259, 709])
2026-07-18 22:03:28 MinePhase: Clicked stable vein at [1259, 709] (vein at [1259, 709])
2026-07-18 22:03:30 MinePhase: Clicked stable vein at [1259, 709] (vein at [1259, 709])
2026-07-18 22:03:32 MinePhase: Clicked stable vein at [1259, 709] (vein at [1259, 709])
2026-07-18 22:03:32 Engine: stopped - Stopped (F6)
2026-07-18 22:03:32 Engine: stopped - Stopped (F6)
2026-07-18 22:59:54 Engine: started at phase 'mine'
2026-07-18 22:59:57 MinePhase: Found new vein at [1219, 769]
2026-07-18 23:00:00 Engine: started at phase 'mine'
2026-07-18 23:00:00 MinePhase: Found new vein at [1219, 769]
2026-07-18 23:00:01 MinePhase: Initial click to walk to vein at [1219, 769] (vein at [1219, 769])
2026-07-18 23:00:01 MinePhase: Lost track of vein or depleted. Finding new vein.
2026-07-18 23:00:02 MinePhase: Found new vein at [1219, 769]
2026-07-18 23:00:03 MinePhase: Initial click to walk to vein at [1219, 769] (vein at [1219, 769])
2026-07-18 23:00:03 MinePhase: Inventory full, transitioning to clearRed
2026-07-18 23:00:03 ClearRedPhase: No red rockfalls found. Moving to hopper.
2026-07-18 23:00:03 ClearYellowPhase: Ore deposited. Moving to sack.
2026-07-18 23:00:04 WithdrawSackPhase: Items received from sack. Moving to bank.
2026-07-18 23:00:04 DepositBankPhase: Clicked deposit container at [885, 517]
2026-07-18 23:00:04 DepositBankPhase: Waiting for deposit box to open...
2026-07-18 23:00:11 Engine: started at phase 'mine'
2026-07-18 23:00:11 MinePhase: Found new vein at [1231, 779]
2026-07-18 23:00:11 MinePhase: Initial click to walk to vein at [1227, 775] (vein at [1227, 775])
2026-07-18 23:00:13 MinePhase: Clicked stable vein at [1221, 729] (vein at [1221, 729])
2026-07-18 23:00:15 MinePhase: Clicked stable vein at [1221, 725] (vein at [1221, 725])
2026-07-18 23:00:16 MinePhase: Clicked stable vein at [1221, 725] (vein at [1221, 725])
2026-07-18 23:00:18 MinePhase: Clicked stable vein at [1221, 725] (vein at [1221, 725])
2026-07-18 23:00:19 Engine: stopped - Stopped (F6)
2026-07-18 23:00:30 Engine: started at phase 'mine'
2026-07-18 23:00:30 MinePhase: Found new vein at [1307, 819]
2026-07-18 23:00:31 MinePhase: Initial click to walk to vein at [1293, 817] (vein at [1293, 817])
2026-07-18 23:00:32 MinePhase: Clicked stable vein at [1221, 731] (vein at [1221, 731])
2026-07-18 23:00:34 MinePhase: Clicked stable vein at [1221, 725] (vein at [1221, 725])
2026-07-18 23:00:36 MinePhase: Clicked stable vein at [1221, 725] (vein at [1221, 725])
2026-07-18 23:00:38 MinePhase: Clicked stable vein at [1221, 725] (vein at [1221, 725])
2026-07-18 23:00:40 MinePhase: Clicked stable vein at [1221, 725] (vein at [1221, 725])
2026-07-18 23:00:41 MinePhase: Clicked stable vein at [1221, 725] (vein at [1221, 725])
2026-07-18 23:00:43 MinePhase: Clicked stable vein at [1221, 725] (vein at [1221, 725])
2026-07-18 23:00:45 MinePhase: Clicked stable vein at [1221, 725] (vein at [1221, 725])
2026-07-18 23:00:47 MinePhase: Clicked stable vein at [1221, 725] (vein at [1221, 725])
2026-07-18 23:00:48 MinePhase: Clicked stable vein at [1221, 725] (vein at [1221, 725])
2026-07-18 23:00:50 MinePhase: Clicked stable vein at [1221, 725] (vein at [1221, 725])
2026-07-18 23:00:52 MinePhase: Clicked stable vein at [1221, 725] (vein at [1221, 725])
2026-07-18 23:00:54 MinePhase: Clicked stable vein at [1221, 725] (vein at [1221, 725])
2026-07-18 23:00:55 MinePhase: Clicked stable vein at [1221, 725] (vein at [1221, 725])
2026-07-18 23:00:57 MinePhase: Clicked stable vein at [1221, 725] (vein at [1221, 725])
2026-07-18 23:00:59 MinePhase: Clicked stable vein at [1221, 725] (vein at [1221, 725])
2026-07-18 23:01:01 MinePhase: Clicked stable vein at [1221, 725] (vein at [1221, 725])
2026-07-18 23:01:02 MinePhase: Clicked stable vein at [1221, 725] (vein at [1221, 725])
2026-07-18 23:01:04 MinePhase: Clicked stable vein at [1221, 725] (vein at [1221, 725])
2026-07-18 23:01:06 MinePhase: Clicked stable vein at [1221, 725] (vein at [1221, 725])
2026-07-18 23:01:08 MinePhase: Clicked stable vein at [1221, 725] (vein at [1221, 725])
2026-07-18 23:01:10 MinePhase: Clicked stable vein at [1221, 725] (vein at [1221, 725])
2026-07-18 23:01:11 MinePhase: Clicked stable vein at [1221, 725] (vein at [1221, 725])
2026-07-18 23:01:13 MinePhase: Clicked stable vein at [1221, 725] (vein at [1221, 725])
2026-07-18 23:01:15 MinePhase: Clicked stable vein at [1221, 725] (vein at [1221, 725])
2026-07-18 23:01:17 MinePhase: Clicked stable vein at [1221, 725] (vein at [1221, 725])
2026-07-18 23:01:18 MinePhase: Clicked stable vein at [1221, 725] (vein at [1221, 725])
2026-07-18 23:01:20 MinePhase: Clicked stable vein at [1221, 725] (vein at [1221, 725])
2026-07-18 23:01:22 MinePhase: Clicked stable vein at [1221, 725] (vein at [1221, 725])
2026-07-18 23:01:24 MinePhase: Clicked stable vein at [1221, 725] (vein at [1221, 725])
2026-07-18 23:01:26 MinePhase: Clicked stable vein at [1221, 725] (vein at [1221, 725])
2026-07-18 23:01:27 MinePhase: Clicked stable vein at [1221, 725] (vein at [1221, 725])
2026-07-18 23:01:29 MinePhase: Clicked stable vein at [1221, 725] (vein at [1221, 725])
2026-07-18 23:01:31 MinePhase: Clicked stable vein at [1221, 725] (vein at [1221, 725])
2026-07-18 23:01:33 MinePhase: Clicked stable vein at [1221, 725] (vein at [1221, 725])
2026-07-18 23:01:34 MinePhase: Clicked stable vein at [1221, 725] (vein at [1221, 725])
2026-07-18 23:01:36 MinePhase: Clicked stable vein at [1221, 725] (vein at [1221, 725])
2026-07-18 23:01:38 MinePhase: Clicked stable vein at [1221, 725] (vein at [1221, 725])
2026-07-18 23:01:40 MinePhase: Clicked stable vein at [1221, 725] (vein at [1221, 725])
2026-07-18 23:01:41 MinePhase: Lost track of vein or depleted. Finding new vein.
2026-07-18 23:01:41 MinePhase: Found new vein at [1421, 737]
2026-07-18 23:01:41 MinePhase: Initial click to walk to vein at [1421, 737] (vein at [1421, 737])
2026-07-18 23:01:44 MinePhase: Clicked stable vein at [1317, 684] (vein at [1317, 684])
2026-07-18 23:01:46 MinePhase: Clicked stable vein at [1309, 684] (vein at [1309, 684])
2026-07-18 23:01:48 MinePhase: Clicked stable vein at [1309, 684] (vein at [1309, 684])
2026-07-18 23:01:49 MinePhase: Clicked stable vein at [1309, 684] (vein at [1309, 684])
2026-07-18 23:01:51 MinePhase: Clicked stable vein at [1309, 684] (vein at [1309, 684])
2026-07-18 23:01:53 MinePhase: Clicked stable vein at [1309, 684] (vein at [1309, 684])
2026-07-18 23:01:55 MinePhase: Clicked stable vein at [1309, 684] (vein at [1309, 684])
2026-07-18 23:01:56 MinePhase: Clicked stable vein at [1309, 684] (vein at [1309, 684])
2026-07-18 23:01:58 MinePhase: Clicked stable vein at [1309, 684] (vein at [1309, 684])
2026-07-18 23:02:00 MinePhase: Clicked stable vein at [1309, 684] (vein at [1309, 684])
2026-07-18 23:02:02 MinePhase: Clicked stable vein at [1309, 684] (vein at [1309, 684])
2026-07-18 23:02:04 MinePhase: Clicked stable vein at [1309, 684] (vein at [1309, 684])
2026-07-18 23:02:05 MinePhase: Clicked stable vein at [1309, 684] (vein at [1309, 684])
2026-07-18 23:02:07 MinePhase: Clicked stable vein at [1309, 684] (vein at [1309, 684])
2026-07-18 23:02:09 MinePhase: Clicked stable vein at [1309, 684] (vein at [1309, 684])
2026-07-18 23:02:11 MinePhase: Clicked stable vein at [1309, 684] (vein at [1309, 684])
2026-07-18 23:02:12 MinePhase: Clicked stable vein at [1309, 684] (vein at [1309, 684])
2026-07-18 23:02:14 MinePhase: Clicked stable vein at [1309, 684] (vein at [1309, 684])
2026-07-18 23:02:16 MinePhase: Clicked stable vein at [1309, 684] (vein at [1309, 684])
2026-07-18 23:02:18 MinePhase: Clicked stable vein at [1309, 684] (vein at [1309, 684])
2026-07-18 23:02:19 Engine: stopped - Stopped (F6)
2026-07-18 23:02:19 Engine: stopped - Stopped (F6)
2026-07-18 23:02:30 Engine: started at phase 'mine'
2026-07-18 23:02:30 MinePhase: Clicked stable vein at [1309, 684] (vein at [1309, 684])
2026-07-18 23:02:32 MinePhase: Clicked stable vein at [1309, 684] (vein at [1309, 684])
2026-07-18 23:02:34 MinePhase: Clicked stable vein at [1309, 684] (vein at [1309, 684])
2026-07-18 23:02:42 MinePhase: Clicked stable vein at [1309, 684] (vein at [1309, 684])
2026-07-18 23:02:44 MinePhase: Clicked stable vein at [1309, 684] (vein at [1309, 684])
2026-07-18 23:02:51 Engine: started at phase 'mine'
2026-07-18 23:02:52 Engine: started at phase 'mine'
2026-07-18 23:02:58 Engine: started at phase 'mine'
2026-07-18 23:03:05 Engine: started at phase 'mine'
2026-07-18 23:03:06 Engine: started at phase 'mine'
2026-07-18 23:03:06 Engine: started at phase 'mine'
2026-07-18 23:03:07 Engine: started at phase 'mine'
2026-07-18 23:03:07 Engine: started at phase 'mine'
2026-07-18 23:03:12 Engine: started at phase 'mine'
2026-07-18 23:03:12 Engine: started at phase 'mine'
2026-07-18 23:03:12 Engine: started at phase 'mine'
2026-07-18 23:03:12 Engine: started at phase 'mine'
2026-07-18 23:03:12 Engine: started at phase 'mine'
2026-07-18 23:03:12 Engine: started at phase 'mine'
2026-07-18 23:03:13 Engine: started at phase 'mine'
2026-07-18 23:03:13 Engine: stopped - Stopped (F6)
2026-07-18 23:04:23 Engine: started at phase 'mine'
2026-07-18 23:04:26 MinePhase: Found new vein at [1219, 767]
2026-07-18 23:04:27 MinePhase: Initial click to walk to vein at [1219, 757] (vein at [1219, 757])
2026-07-18 23:04:28 Engine: stopped - Stopped (F6)
2026-07-18 23:04:28 Engine: started at phase 'mine'
2026-07-18 23:04:29 MinePhase: Clicked stable vein at [1221, 725] (vein at [1221, 725])
2026-07-18 23:04:29 Engine: stopped - Stopped (F6)
2026-07-18 23:04:33 Engine: started at phase 'mine'
2026-07-18 23:04:37 MinePhase: Found new vein at [1421, 755]
2026-07-18 23:04:37 MinePhase: Initial click to walk to vein at [1397, 755] (vein at [1397, 755])
2026-07-18 23:04:39 MinePhase: Clicked stable vein at [1319, 684] (vein at [1319, 684])
2026-07-18 23:04:52 Engine: started at phase 'mine'
2026-07-18 23:04:52 MinePhase: Found new vein at [1411, 817]
2026-07-18 23:04:52 MinePhase: Initial click to walk to vein at [1411, 817] (vein at [1411, 817])
2026-07-18 23:04:58 Engine: started at phase 'mine'
2026-07-18 23:05:36 Engine: started at phase 'mine'
2026-07-18 23:05:37 Engine: started at phase 'mine'
2026-07-18 23:05:38 Engine: started at phase 'mine'
2026-07-18 23:05:38 Engine: started at phase 'mine'
2026-07-18 23:05:38 Engine: started at phase 'mine'
2026-07-18 23:05:38 Engine: started at phase 'mine'
2026-07-18 23:05:39 Engine: started at phase 'mine'
2026-07-18 23:05:40 Engine: started at phase 'mine'
2026-07-18 23:05:40 Engine: started at phase 'mine'
2026-07-18 23:05:41 MinePhase: Found new vein at [1219, 769]
2026-07-18 23:05:42 Engine: started at phase 'mine'
2026-07-18 23:05:42 Engine: started at phase 'mine'
2026-07-18 23:05:42 MinePhase: Found new vein at [1219, 769]
2026-07-18 23:05:42 MinePhase: Initial click to walk to vein at [1219, 769] (vein at [1219, 769])
2026-07-18 23:05:44 MinePhase: Clicked stable vein at [1221, 729] (vein at [1221, 729])
2026-07-18 23:05:50 Engine: started at phase 'mine'
2026-07-18 23:05:50 MinePhase: Found new vein at [1265, 769]
2026-07-18 23:05:50 MinePhase: Initial click to walk to vein at [1265, 769] (vein at [1265, 769])
2026-07-18 23:05:52 MinePhase: Clicked stable vein at [1265, 729] (vein at [1265, 729])
2026-07-18 23:05:58 Engine: started at phase 'mine'
2026-07-18 23:05:58 MinePhase: Found new vein at [1213, 769]
2026-07-18 23:05:58 MinePhase: Initial click to walk to vein at [1217, 769] (vein at [1217, 769])
2026-07-18 23:06:00 MinePhase: Clicked stable vein at [1221, 727] (vein at [1221, 727])
2026-07-18 23:06:01 Engine: stopped - Stopped (F6)
2026-07-18 23:06:21 Engine: started at phase 'mine'
2026-07-18 23:06:21 MinePhase: Found new vein at [1221, 725]
2026-07-18 23:06:22 MinePhase: Initial click to walk to vein at [1221, 725] (vein at [1221, 725])
2026-07-18 23:06:23 MinePhase: Clicked stable vein at [1221, 725] (vein at [1221, 725])
2026-07-18 23:06:25 MinePhase: Clicked stable vein at [1221, 725] (vein at [1221, 725])
2026-07-18 23:06:27 MinePhase: Clicked stable vein at [1221, 725] (vein at [1221, 725])
2026-07-18 23:06:29 MinePhase: Clicked stable vein at [1221, 725] (vein at [1221, 725])
2026-07-18 23:06:31 MinePhase: Clicked stable vein at [1221, 725] (vein at [1221, 725])
2026-07-18 23:06:32 MinePhase: Clicked stable vein at [1221, 725] (vein at [1221, 725])
2026-07-18 23:06:34 MinePhase: Clicked stable vein at [1221, 725] (vein at [1221, 725])
2026-07-18 23:06:36 MinePhase: Clicked stable vein at [1221, 725] (vein at [1221, 725])
2026-07-18 23:06:38 MinePhase: Clicked stable vein at [1221, 725] (vein at [1221, 725])
2026-07-18 23:06:39 MinePhase: Clicked stable vein at [1221, 725] (vein at [1221, 725])
2026-07-18 23:06:41 MinePhase: Clicked stable vein at [1221, 725] (vein at [1221, 725])
2026-07-18 23:06:43 MinePhase: Clicked stable vein at [1221, 725] (vein at [1221, 725])
2026-07-18 23:06:45 MinePhase: Clicked stable vein at [1221, 725] (vein at [1221, 725])
2026-07-18 23:06:47 MinePhase: Clicked stable vein at [1221, 725] (vein at [1221, 725])
2026-07-18 23:06:48 MinePhase: Clicked stable vein at [1221, 725] (vein at [1221, 725])
2026-07-18 23:06:50 MinePhase: Clicked stable vein at [1221, 725] (vein at [1221, 725])
2026-07-18 23:06:52 MinePhase: Clicked stable vein at [1221, 725] (vein at [1221, 725])
2026-07-18 23:06:54 MinePhase: Clicked stable vein at [1221, 725] (vein at [1221, 725])
2026-07-18 23:06:55 MinePhase: Clicked stable vein at [1221, 725] (vein at [1221, 725])
2026-07-18 23:06:57 MinePhase: Clicked stable vein at [1221, 725] (vein at [1221, 725])
2026-07-18 23:06:59 MinePhase: Clicked stable vein at [1221, 725] (vein at [1221, 725])
2026-07-18 23:07:01 MinePhase: Clicked stable vein at [1221, 725] (vein at [1221, 725])
2026-07-18 23:07:02 MinePhase: Clicked stable vein at [1221, 725] (vein at [1221, 725])
2026-07-18 23:07:04 MinePhase: Clicked stable vein at [1221, 725] (vein at [1221, 725])
2026-07-18 23:07:06 MinePhase: Clicked stable vein at [1221, 725] (vein at [1221, 725])
2026-07-18 23:07:08 MinePhase: Clicked stable vein at [1221, 725] (vein at [1221, 725])
2026-07-18 23:07:10 MinePhase: Clicked stable vein at [1221, 725] (vein at [1221, 725])
2026-07-18 23:07:11 MinePhase: Clicked stable vein at [1221, 725] (vein at [1221, 725])
2026-07-18 23:07:13 MinePhase: Clicked stable vein at [1221, 725] (vein at [1221, 725])
2026-07-18 23:07:15 MinePhase: Clicked stable vein at [1221, 725] (vein at [1221, 725])
2026-07-18 23:07:17 MinePhase: Clicked stable vein at [1221, 725] (vein at [1221, 725])
2026-07-18 23:07:18 MinePhase: Clicked stable vein at [1221, 725] (vein at [1221, 725])
2026-07-18 23:07:20 MinePhase: Clicked stable vein at [1221, 725] (vein at [1221, 725])
2026-07-18 23:07:22 MinePhase: Clicked stable vein at [1221, 725] (vein at [1221, 725])
2026-07-18 23:07:24 MinePhase: Clicked stable vein at [1221, 725] (vein at [1221, 725])
2026-07-18 23:07:26 MinePhase: Clicked stable vein at [1221, 725] (vein at [1221, 725])
2026-07-18 23:07:27 MinePhase: Clicked stable vein at [1221, 725] (vein at [1221, 725])
2026-07-18 23:07:29 MinePhase: Clicked stable vein at [1221, 725] (vein at [1221, 725])
2026-07-18 23:07:31 MinePhase: Clicked stable vein at [1221, 725] (vein at [1221, 725])
2026-07-18 23:07:33 MinePhase: Clicked stable vein at [1221, 725] (vein at [1221, 725])
2026-07-18 23:07:34 MinePhase: Clicked stable vein at [1221, 725] (vein at [1221, 725])
2026-07-18 23:07:36 MinePhase: Clicked stable vein at [1221, 725] (vein at [1221, 725])
2026-07-18 23:07:38 MinePhase: Clicked stable vein at [1221, 725] (vein at [1221, 725])
2026-07-18 23:07:40 MinePhase: Clicked stable vein at [1221, 725] (vein at [1221, 725])
2026-07-18 23:07:41 MinePhase: Clicked stable vein at [1221, 725] (vein at [1221, 725])
2026-07-18 23:07:43 MinePhase: Clicked stable vein at [1221, 725] (vein at [1221, 725])
2026-07-18 23:07:45 MinePhase: Clicked stable vein at [1221, 725] (vein at [1221, 725])
2026-07-18 23:07:47 MinePhase: Clicked stable vein at [1221, 725] (vein at [1221, 725])
2026-07-18 23:07:49 MinePhase: Clicked stable vein at [1221, 725] (vein at [1221, 725])
2026-07-18 23:07:50 MinePhase: Clicked stable vein at [1221, 725] (vein at [1221, 725])
2026-07-18 23:07:52 MinePhase: Clicked stable vein at [1221, 725] (vein at [1221, 725])
2026-07-18 23:07:53 MinePhase: Lost track of vein or depleted. Finding new vein.
2026-07-18 23:07:54 MinePhase: Found new vein at [1421, 737]
2026-07-18 23:07:54 MinePhase: Initial click to walk to vein at [1421, 737] (vein at [1421, 737])
2026-07-18 23:07:57 MinePhase: Clicked stable vein at [1317, 684] (vein at [1317, 684])
2026-07-18 23:07:59 MinePhase: Clicked stable vein at [1309, 684] (vein at [1309, 684])
2026-07-18 23:08:00 MinePhase: Clicked stable vein at [1309, 684] (vein at [1309, 684])
2026-07-18 23:08:02 MinePhase: Clicked stable vein at [1309, 684] (vein at [1309, 684])
2026-07-18 23:08:04 MinePhase: Clicked stable vein at [1309, 684] (vein at [1309, 684])
2026-07-18 23:08:06 MinePhase: Clicked stable vein at [1309, 684] (vein at [1309, 684])
2026-07-18 23:08:07 MinePhase: Clicked stable vein at [1309, 684] (vein at [1309, 684])
2026-07-18 23:08:09 MinePhase: Clicked stable vein at [1309, 684] (vein at [1309, 684])
2026-07-18 23:08:11 MinePhase: Clicked stable vein at [1309, 684] (vein at [1309, 684])
2026-07-18 23:08:13 MinePhase: Clicked stable vein at [1309, 684] (vein at [1309, 684])
2026-07-18 23:08:14 MinePhase: Clicked stable vein at [1309, 684] (vein at [1309, 684])
2026-07-18 23:08:16 MinePhase: Clicked stable vein at [1309, 684] (vein at [1309, 684])
2026-07-18 23:08:18 MinePhase: Clicked stable vein at [1309, 684] (vein at [1309, 684])
2026-07-18 23:08:20 MinePhase: Clicked stable vein at [1309, 684] (vein at [1309, 684])
2026-07-18 23:08:21 Engine: stopped - Stopped (F6)
2026-07-18 23:09:18 Engine: started at phase 'mine'
2026-07-18 23:09:18 MinePhase: Clicked stable vein at [1309, 684] (vein at [1309, 684])
2026-07-18 23:09:20 MinePhase: Clicked stable vein at [1309, 684] (vein at [1309, 684])
2026-07-18 23:09:22 MinePhase: Clicked stable vein at [1309, 684] (vein at [1309, 684])
2026-07-18 23:09:23 MinePhase: Clicked stable vein at [1309, 684] (vein at [1309, 684])
2026-07-18 23:09:25 MinePhase: Clicked stable vein at [1309, 684] (vein at [1309, 684])
2026-07-18 23:09:27 MinePhase: Clicked stable vein at [1309, 684] (vein at [1309, 684])
2026-07-18 23:09:29 MinePhase: Clicked stable vein at [1309, 684] (vein at [1309, 684])
2026-07-18 23:09:30 Engine: stopped - Stopped (F6)
2026-07-18 23:09:32 Engine: started at phase 'mine'
2026-07-18 23:09:32 MinePhase: Inventory full, transitioning to clearRed
2026-07-18 23:09:32 ClearRedPhase: No red rockfalls found. Moving to hopper.
2026-07-18 23:09:35 Engine: started at phase 'mine'
2026-07-18 23:09:35 MinePhase: Inventory full, transitioning to clearRed
2026-07-18 23:09:35 ClearRedPhase: No red rockfalls found. Moving to hopper.
2026-07-18 23:09:41 ClearYellowPhase: Cannot see hopper!
2026-07-18 23:09:41 Engine: started at phase 'mine'
2026-07-18 23:09:42 Engine: stopped - Stopped (F6)
2026-07-18 23:09:43 Engine: started at phase 'mine'
2026-07-18 23:10:16 Engine: started at phase 'mine'
2026-07-18 23:10:17 MinePhase: Found new vein at [1080, 684]
2026-07-18 23:10:17 MinePhase: Initial click to walk to vein at [1080, 684] (vein at [1080, 684])
2026-07-18 23:10:19 MinePhase: Clicked stable vein at [1121, 684] (vein at [1121, 684])
2026-07-18 23:10:21 MinePhase: Clicked stable vein at [1129, 684] (vein at [1129, 684])
2026-07-18 23:10:21 Engine: stopped - Stopped (F6)
