2026-07-16 18:19:17 Engine: started at phase 'thieving'
2026-07-16 18:19:17 ThievingPhase: Stall ready. Clicking.
2026-07-16 18:19:18 ThievingPhase: Loot detected in slot 1. Clicking it.
2026-07-16 18:19:20 ThievingPhase: Stall ready. Clicking.
2026-07-16 18:19:21 ThievingPhase: Loot detected in slot 1. Clicking it.
2026-07-16 18:19:23 ThievingPhase: Stall ready. Clicking.
2026-07-16 18:19:24 ThievingPhase: Loot detected in slot 1. Clicking it.
2026-07-16 18:19:26 ThievingPhase: Stall ready. Clicking.
2026-07-16 18:19:27 ThievingPhase: Loot detected in slot 1. Clicking it.
2026-07-16 18:19:29 ThievingPhase: Stall ready. Clicking.
2026-07-16 18:19:30 ThievingPhase: Loot detected in slot 1. Clicking it.
2026-07-16 18:19:32 ThievingPhase: Stall ready. Clicking.
2026-07-16 18:19:33 ThievingPhase: Loot detected in slot 1. Clicking it.
2026-07-16 18:19:35 ThievingPhase: Stall ready. Clicking.
2026-07-16 18:19:36 ThievingPhase: Loot detected in slot 1. Clicking it.
2026-07-16 18:19:38 ThievingPhase: Stall ready. Clicking.
2026-07-16 18:19:39 ThievingPhase: Loot detected in slot 1. Clicking it.
2026-07-16 18:19:41 ThievingPhase: Stall ready. Clicking.
2026-07-16 18:19:42 ThievingPhase: Loot detected in slot 1. Clicking it.
2026-07-16 18:19:44 ThievingPhase: Stall ready. Clicking.
2026-07-16 18:19:45 ThievingPhase: Loot detected in slot 1. Clicking it.
2026-07-16 18:19:47 ThievingPhase: Stall ready. Clicking.
2026-07-16 18:19:48 ThievingPhase: Loot detected in slot 1. Clicking it.
2026-07-16 18:19:50 ThievingPhase: Stall ready. Clicking.
2026-07-16 18:19:51 ThievingPhase: Loot detected in slot 1. Clicking it.
2026-07-16 18:19:53 ThievingPhase: Stall ready. Clicking.
2026-07-16 18:19:54 ThievingPhase: Loot detected in slot 1. Clicking it.
2026-07-16 18:19:56 ThievingPhase: Stall ready. Clicking.
2026-07-16 18:19:57 ThievingPhase: Loot detected in slot 1. Clicking it.
2026-07-16 18:19:59 ThievingPhase: Stall ready. Clicking.
2026-07-16 18:20:00 ThievingPhase: Loot detected in slot 1. Clicking it.
2026-07-16 18:20:02 ThievingPhase: Stall ready. Clicking.
2026-07-16 18:20:04 ThievingPhase: No loot after 2000ms - assuming detected, waiting for combat.
2026-07-16 18:20:08 WaitCombatPhase: No combat signal after 4000ms - retrying
2026-07-16 18:20:08 ThievingPhase: Stall ready. Clicking.
2026-07-16 18:20:10 ThievingPhase: Loot detected in slot 1. Clicking it.
2026-07-16 18:20:12 ThievingPhase: Stall ready. Clicking.
2026-07-16 18:20:13 ThievingPhase: Loot detected in slot 1. Clicking it.
2026-07-16 18:20:15 ThievingPhase: Stall ready. Clicking.
2026-07-16 18:20:16 ThievingPhase: Loot detected in slot 1. Clicking it.
2026-07-16 18:20:18 ThievingPhase: Stall ready. Clicking.
2026-07-16 18:20:19 ThievingPhase: Loot detected in slot 1. Clicking it.
2026-07-16 18:20:21 ThievingPhase: Stall ready. Clicking.
2026-07-16 18:20:22 ThievingPhase: Loot detected in slot 1. Clicking it.
2026-07-16 18:20:24 ThievingPhase: Stall ready. Clicking.
2026-07-16 18:20:25 ThievingPhase: Loot detected in slot 1. Clicking it.
2026-07-16 18:20:27 ThievingPhase: Stall ready. Clicking.
2026-07-16 18:20:28 ThievingPhase: Loot detected in slot 1. Clicking it.
2026-07-16 18:20:30 ThievingPhase: Stall ready. Clicking.
2026-07-16 18:20:31 ThievingPhase: Loot detected in slot 1. Clicking it.
2026-07-16 18:20:33 ThievingPhase: Stall ready. Clicking.
2026-07-16 18:20:34 ThievingPhase: Loot detected in slot 1. Clicking it.
2026-07-16 18:20:36 ThievingPhase: Stall ready. Clicking.
2026-07-16 18:20:37 ThievingPhase: Loot detected in slot 1. Clicking it.
2026-07-16 18:20:39 ThievingPhase: Stall ready. Clicking.
2026-07-16 18:20:40 ThievingPhase: Loot detected in slot 1. Clicking it.
2026-07-16 18:20:42 ThievingPhase: Stall ready. Clicking.
2026-07-16 18:20:43 ThievingPhase: Loot detected in slot 1. Clicking it.
2026-07-16 18:20:45 ThievingPhase: Stall ready. Clicking.
2026-07-16 18:20:46 ThievingPhase: Loot detected in slot 1. Clicking it.
2026-07-16 18:20:48 ThievingPhase: Stall ready. Clicking.
2026-07-16 18:20:49 ThievingPhase: Loot detected in slot 1. Clicking it.
2026-07-16 18:20:51 ThievingPhase: Stall ready. Clicking.
2026-07-16 18:20:52 ThievingPhase: Loot detected in slot 1. Clicking it.
2026-07-16 18:20:54 ThievingPhase: Stall ready. Clicking.
2026-07-16 18:20:55 ThievingPhase: Loot detected in slot 1. Clicking it.
2026-07-16 18:20:57 ThievingPhase: Stall ready. Clicking.
2026-07-16 18:20:58 ThievingPhase: Loot detected in slot 1. Clicking it.
2026-07-16 18:21:00 ThievingPhase: Stall ready. Clicking.
2026-07-16 18:21:01 ThievingPhase: Loot detected in slot 1. Clicking it.
2026-07-16 18:21:03 ThievingPhase: Stall ready. Clicking.
2026-07-16 18:21:04 ThievingPhase: Loot detected in slot 1. Clicking it.
2026-07-16 18:21:06 ThievingPhase: Stall ready. Clicking.
2026-07-16 18:21:07 ThievingPhase: Loot detected in slot 1. Clicking it.
2026-07-16 18:21:09 ThievingPhase: Stall ready. Clicking.
2026-07-16 18:21:11 ThievingPhase: No loot after 2000ms - assuming detected, waiting for combat.
2026-07-16 18:21:15 WaitCombatPhase: No combat signal after 4000ms - retrying
2026-07-16 18:21:15 ThievingPhase: Stall ready. Clicking.
2026-07-16 18:21:17 ThievingPhase: Loot detected in slot 1. Clicking it.
2026-07-16 18:21:18 ThievingPhase: Stall ready. Clicking.
2026-07-16 18:21:19 ThievingPhase: Loot detected in slot 1. Clicking it.
2026-07-16 18:21:21 ThievingPhase: Stall ready. Clicking.
2026-07-16 18:21:22 ThievingPhase: Loot detected in slot 1. Clicking it.
2026-07-16 18:21:24 ThievingPhase: Stall ready. Clicking.
2026-07-16 18:21:25 ThievingPhase: Loot detected in slot 1. Clicking it.
2026-07-16 18:21:27 ThievingPhase: Stall ready. Clicking.
2026-07-16 18:21:29 ThievingPhase: Loot detected in slot 1. Clicking it.
2026-07-16 18:21:30 ThievingPhase: Stall ready. Clicking.
2026-07-16 18:21:31 ThievingPhase: Loot detected in slot 1. Clicking it.
2026-07-16 18:21:33 ThievingPhase: Stall ready. Clicking.
2026-07-16 18:21:34 ThievingPhase: Loot detected in slot 1. Clicking it.
2026-07-16 18:21:36 ThievingPhase: Stall ready. Clicking.
2026-07-16 18:21:37 ThievingPhase: Loot detected in slot 1. Clicking it.
2026-07-16 18:21:39 ThievingPhase: Stall ready. Clicking.
2026-07-16 18:21:40 ThievingPhase: Loot detected in slot 1. Clicking it.
2026-07-16 18:21:42 ThievingPhase: Stall ready. Clicking.
2026-07-16 18:21:43 ThievingPhase: Loot detected in slot 1. Clicking it.
2026-07-16 18:21:45 ThievingPhase: Stall ready. Clicking.
2026-07-16 18:21:46 ThievingPhase: Loot detected in slot 1. Clicking it.
2026-07-16 18:21:48 ThievingPhase: Stall ready. Clicking.
2026-07-16 18:21:50 ThievingPhase: Loot detected in slot 1. Clicking it.
2026-07-16 18:21:51 ThievingPhase: Stall ready. Clicking.
2026-07-16 18:21:52 ThievingPhase: Loot detected in slot 1. Clicking it.
2026-07-16 18:21:54 ThievingPhase: Stall ready. Clicking.
2026-07-16 18:21:56 ThievingPhase: Loot detected in slot 1. Clicking it.
2026-07-16 18:21:57 ThievingPhase: Stall ready. Clicking.
2026-07-16 18:21:58 ThievingPhase: Loot detected in slot 1. Clicking it.
2026-07-16 18:22:00 ThievingPhase: Stall ready. Clicking.
2026-07-16 18:22:02 ThievingPhase: Loot detected in slot 1. Clicking it.
2026-07-16 18:22:03 ThievingPhase: Stall ready. Clicking.
2026-07-16 18:22:05 ThievingPhase: Loot detected in slot 1. Clicking it.
2026-07-16 18:22:06 ThievingPhase: Stall ready. Clicking.
2026-07-16 18:22:07 ThievingPhase: Loot detected in slot 1. Clicking it.
2026-07-16 18:22:09 ThievingPhase: Stall ready. Clicking.
2026-07-16 18:22:11 ThievingPhase: Loot detected in slot 1. Clicking it.
2026-07-16 18:22:12 ThievingPhase: Stall ready. Clicking.
2026-07-16 18:22:14 ThievingPhase: Loot detected in slot 1. Clicking it.
2026-07-16 18:22:15 ThievingPhase: Stall ready. Clicking.
2026-07-16 18:22:17 ThievingPhase: Loot detected in slot 1. Clicking it.
2026-07-16 18:22:18 ThievingPhase: Stall ready. Clicking.
2026-07-16 18:22:19 ThievingPhase: Loot detected in slot 1. Clicking it.
2026-07-16 18:22:21 ThievingPhase: Stall ready. Clicking.
2026-07-16 18:22:22 ThievingPhase: Loot detected in slot 1. Clicking it.
2026-07-16 18:22:24 ThievingPhase: Stall ready. Clicking.
2026-07-16 18:22:25 ThievingPhase: Loot detected in slot 1. Clicking it.
2026-07-16 18:22:27 ThievingPhase: Stall ready. Clicking.
2026-07-16 18:22:28 ThievingPhase: Loot detected in slot 1. Clicking it.
2026-07-16 18:22:30 ThievingPhase: Stall ready. Clicking.
2026-07-16 18:22:31 ThievingPhase: Loot detected in slot 1. Clicking it.
2026-07-16 18:22:33 ThievingPhase: Stall ready. Clicking.
2026-07-16 18:22:35 ThievingPhase: Loot detected in slot 1. Clicking it.
2026-07-16 18:22:36 ThievingPhase: Stall ready. Clicking.
2026-07-16 18:22:37 ThievingPhase: Loot detected in slot 1. Clicking it.
2026-07-16 18:22:39 ThievingPhase: Stall ready. Clicking.
2026-07-16 18:22:40 ThievingPhase: Loot detected in slot 1. Clicking it.
2026-07-16 18:22:42 ThievingPhase: Stall ready. Clicking.
2026-07-16 18:22:44 ThievingPhase: Loot detected in slot 1. Clicking it.
2026-07-16 18:22:45 ThievingPhase: Stall ready. Clicking.
2026-07-16 18:22:46 ThievingPhase: Loot detected in slot 1. Clicking it.
2026-07-16 18:22:48 ThievingPhase: Stall ready. Clicking.
2026-07-16 18:22:50 ThievingPhase: Loot detected in slot 1. Clicking it.
2026-07-16 18:22:51 ThievingPhase: Stall ready. Clicking.
2026-07-16 18:22:52 ThievingPhase: Loot detected in slot 1. Clicking it.
2026-07-16 18:22:54 ThievingPhase: Stall ready. Clicking.
2026-07-16 18:22:55 ThievingPhase: Loot detected in slot 1. Clicking it.
2026-07-16 18:22:57 ThievingPhase: Stall ready. Clicking.
2026-07-16 18:22:58 ThievingPhase: Loot detected in slot 1. Clicking it.
2026-07-16 18:23:00 ThievingPhase: Stall ready. Clicking.
2026-07-16 18:23:01 ThievingPhase: Loot detected in slot 1. Clicking it.
2026-07-16 18:23:03 ThievingPhase: Stall ready. Clicking.
2026-07-16 18:23:04 ThievingPhase: Loot detected in slot 1. Clicking it.
2026-07-16 18:23:06 ThievingPhase: Stall ready. Clicking.
2026-07-16 18:23:07 ThievingPhase: Loot detected in slot 1. Clicking it.
2026-07-16 18:23:09 ThievingPhase: Stall ready. Clicking.
2026-07-16 18:23:10 ThievingPhase: Loot detected in slot 1. Clicking it.
2026-07-16 18:23:12 ThievingPhase: Stall ready. Clicking.
2026-07-16 18:23:14 ThievingPhase: Loot detected in slot 1. Clicking it.
2026-07-16 18:23:15 ThievingPhase: Stall ready. Clicking.
2026-07-16 18:23:16 ThievingPhase: Loot detected in slot 1. Clicking it.
2026-07-16 18:23:18 ThievingPhase: Stall ready. Clicking.
2026-07-16 18:23:19 ThievingPhase: Loot detected in slot 1. Clicking it.
2026-07-16 18:23:21 ThievingPhase: Stall ready. Clicking.
2026-07-16 18:23:22 ThievingPhase: Loot detected in slot 1. Clicking it.
2026-07-16 18:23:24 ThievingPhase: Stall ready. Clicking.
2026-07-16 18:23:25 ThievingPhase: Loot detected in slot 1. Clicking it.
2026-07-16 18:23:27 ThievingPhase: Stall ready. Clicking.
2026-07-16 18:23:28 ThievingPhase: Loot detected in slot 1. Clicking it.
2026-07-16 18:23:30 ThievingPhase: Stall ready. Clicking.
2026-07-16 18:23:32 ThievingPhase: Loot detected in slot 1. Clicking it.
2026-07-16 18:23:33 ThievingPhase: Stall ready. Clicking.
2026-07-16 18:23:34 ThievingPhase: Loot detected in slot 1. Clicking it.
2026-07-16 18:23:36 ThievingPhase: Stall ready. Clicking.
2026-07-16 18:23:37 ThievingPhase: Loot detected in slot 1. Clicking it.
2026-07-16 18:23:39 ThievingPhase: Stall ready. Clicking.
2026-07-16 18:23:40 ThievingPhase: Loot detected in slot 1. Clicking it.
2026-07-16 18:23:42 ThievingPhase: Stall ready. Clicking.
2026-07-16 18:23:43 ThievingPhase: Loot detected in slot 1. Clicking it.
2026-07-16 18:23:45 ThievingPhase: Stall ready. Clicking.
2026-07-16 18:23:46 ThievingPhase: Loot detected in slot 1. Clicking it.
2026-07-16 18:23:48 ThievingPhase: Stall ready. Clicking.
2026-07-16 18:23:49 ThievingPhase: Loot detected in slot 1. Clicking it.
2026-07-16 18:23:51 ThievingPhase: Stall ready. Clicking.
2026-07-16 18:23:52 ThievingPhase: Loot detected in slot 1. Clicking it.
2026-07-16 18:23:54 ThievingPhase: Stall ready. Clicking.
2026-07-16 18:23:55 ThievingPhase: Loot detected in slot 1. Clicking it.
2026-07-16 18:23:57 ThievingPhase: Stall ready. Clicking.
2026-07-16 18:23:58 ThievingPhase: Loot detected in slot 1. Clicking it.
2026-07-16 18:24:00 ThievingPhase: Stall ready. Clicking.
2026-07-16 18:24:01 ThievingPhase: Loot detected in slot 1. Clicking it.
2026-07-16 18:24:03 ThievingPhase: Stall ready. Clicking.
2026-07-16 18:24:04 ThievingPhase: Loot detected in slot 1. Clicking it.
2026-07-16 18:24:06 ThievingPhase: Stall ready. Clicking.
2026-07-16 18:24:08 ThievingPhase: Loot detected in slot 1. Clicking it.
2026-07-16 18:24:09 ThievingPhase: Stall ready. Clicking.
2026-07-16 18:24:10 ThievingPhase: Loot detected in slot 1. Clicking it.
2026-07-16 18:24:12 ThievingPhase: Stall ready. Clicking.
2026-07-16 18:24:13 ThievingPhase: Loot detected in slot 1. Clicking it.
2026-07-16 18:24:15 ThievingPhase: Stall ready. Clicking.
2026-07-16 18:24:16 ThievingPhase: Loot detected in slot 1. Clicking it.
2026-07-16 18:24:18 ThievingPhase: Stall ready. Clicking.
2026-07-16 18:24:19 ThievingPhase: Loot detected in slot 1. Clicking it.
2026-07-16 18:24:21 ThievingPhase: Stall ready. Clicking.
2026-07-16 18:24:22 ThievingPhase: Loot detected in slot 1. Clicking it.
2026-07-16 18:24:24 ThievingPhase: Stall ready. Clicking.
2026-07-16 18:24:25 ThievingPhase: Loot detected in slot 1. Clicking it.
2026-07-16 18:24:27 ThievingPhase: Stall ready. Clicking.
2026-07-16 18:24:28 ThievingPhase: Loot detected in slot 1. Clicking it.
2026-07-16 18:24:30 ThievingPhase: Stall ready. Clicking.
2026-07-16 18:24:31 ThievingPhase: Loot detected in slot 1. Clicking it.
2026-07-16 18:24:33 ThievingPhase: Stall ready. Clicking.
2026-07-16 18:24:34 ThievingPhase: Loot detected in slot 1. Clicking it.
2026-07-16 18:24:36 ThievingPhase: Stall ready. Clicking.
2026-07-16 18:24:37 ThievingPhase: Loot detected in slot 1. Clicking it.
2026-07-16 18:24:39 ThievingPhase: Stall ready. Clicking.
2026-07-16 18:24:41 ThievingPhase: Loot detected in slot 1. Clicking it.
2026-07-16 18:24:42 Engine: stopped - Stopped (F6)
2026-07-16 18:24:42 Engine: stopped - Stopped (F6)
2026-07-16 18:24:42 Engine: stopped - Stopped (F6)
2026-07-16 20:41:43 Engine: started at phase 'thieving'
2026-07-16 20:41:43 ThievingPhase: Stall ready. Clicking.
2026-07-16 20:41:45 ThievingPhase: Loot detected in slot 1. Clicking it.
2026-07-16 20:41:46 ThievingPhase: Stall ready. Clicking.
2026-07-16 20:41:47 ThievingPhase: Loot detected in slot 1. Clicking it.
2026-07-16 20:41:49 ThievingPhase: Stall ready. Clicking.
2026-07-16 20:41:52 ThievingPhase: No loot after 2000ms - assuming detected, waiting for combat.
2026-07-16 20:41:56 WaitCombatPhase: No combat signal after 4000ms - retrying
2026-07-16 20:41:56 ThievingPhase: Stall ready. Clicking.
2026-07-16 20:41:57 ThievingPhase: Loot detected in slot 1. Clicking it.
2026-07-16 20:41:59 ThievingPhase: Stall ready. Clicking.
2026-07-16 20:42:00 ThievingPhase: Loot detected in slot 1. Clicking it.
2026-07-16 20:42:02 ThievingPhase: Stall ready. Clicking.
2026-07-16 20:42:03 ThievingPhase: Loot detected in slot 1. Clicking it.
2026-07-16 20:42:05 ThievingPhase: Stall ready. Clicking.
2026-07-16 20:42:06 ThievingPhase: Loot detected in slot 1. Clicking it.
2026-07-16 20:42:08 ThievingPhase: Stall ready. Clicking.
2026-07-16 20:42:09 ThievingPhase: Loot detected in slot 1. Clicking it.
2026-07-16 20:42:11 ThievingPhase: Stall ready. Clicking.
2026-07-16 20:42:12 ThievingPhase: Loot detected in slot 1. Clicking it.
2026-07-16 20:42:14 ThievingPhase: Stall ready. Clicking.
2026-07-16 20:42:15 ThievingPhase: Loot detected in slot 1. Clicking it.
2026-07-16 20:42:17 ThievingPhase: Stall ready. Clicking.
2026-07-16 20:42:18 ThievingPhase: Loot detected in slot 1. Clicking it.
2026-07-16 20:42:20 ThievingPhase: Stall ready. Clicking.
2026-07-16 20:42:21 ThievingPhase: Loot detected in slot 1. Clicking it.
2026-07-16 20:42:23 ThievingPhase: Stall ready. Clicking.
2026-07-16 20:42:24 ThievingPhase: Loot detected in slot 1. Clicking it.
2026-07-16 20:42:26 ThievingPhase: Stall ready. Clicking.
2026-07-16 20:42:27 ThievingPhase: Loot detected in slot 1. Clicking it.
2026-07-16 20:42:29 ThievingPhase: Stall ready. Clicking.
2026-07-16 20:42:30 ThievingPhase: Loot detected in slot 1. Clicking it.
2026-07-16 20:42:32 ThievingPhase: Stall ready. Clicking.
2026-07-16 20:42:33 ThievingPhase: Loot detected in slot 1. Clicking it.
2026-07-16 20:42:35 ThievingPhase: Stall ready. Clicking.
2026-07-16 20:42:36 ThievingPhase: Loot detected in slot 1. Clicking it.
2026-07-16 20:42:38 ThievingPhase: Stall ready. Clicking.
2026-07-16 20:42:39 ThievingPhase: Loot detected in slot 1. Clicking it.
2026-07-16 20:42:41 ThievingPhase: Stall ready. Clicking.
2026-07-16 20:42:42 ThievingPhase: Loot detected in slot 1. Clicking it.
2026-07-16 20:42:44 ThievingPhase: Stall ready. Clicking.
2026-07-16 20:42:45 ThievingPhase: Loot detected in slot 1. Clicking it.
2026-07-16 20:42:47 ThievingPhase: Stall ready. Clicking.
2026-07-16 20:42:48 ThievingPhase: Loot detected in slot 1. Clicking it.
2026-07-16 20:42:50 ThievingPhase: Stall ready. Clicking.
2026-07-16 20:42:51 ThievingPhase: Loot detected in slot 1. Clicking it.
2026-07-16 20:42:53 ThievingPhase: Stall ready. Clicking.
2026-07-16 20:42:54 ThievingPhase: Loot detected in slot 1. Clicking it.
2026-07-16 20:42:56 ThievingPhase: Stall ready. Clicking.
2026-07-16 20:42:57 ThievingPhase: Loot detected in slot 1. Clicking it.
2026-07-16 20:42:59 ThievingPhase: Stall ready. Clicking.
2026-07-16 20:43:00 ThievingPhase: Loot detected in slot 1. Clicking it.
2026-07-16 20:43:02 ThievingPhase: Stall ready. Clicking.
2026-07-16 20:43:03 ThievingPhase: Loot detected in slot 1. Clicking it.
2026-07-16 20:43:05 ThievingPhase: Stall ready. Clicking.
2026-07-16 20:43:06 ThievingPhase: Loot detected in slot 1. Clicking it.
2026-07-16 20:43:08 ThievingPhase: Stall ready. Clicking.
2026-07-16 20:43:09 ThievingPhase: Loot detected in slot 1. Clicking it.
2026-07-16 20:43:11 ThievingPhase: Stall ready. Clicking.
2026-07-16 20:43:12 ThievingPhase: Loot detected in slot 1. Clicking it.
2026-07-16 20:43:14 ThievingPhase: Stall ready. Clicking.
2026-07-16 20:43:15 ThievingPhase: Loot detected in slot 1. Clicking it.
2026-07-16 20:43:17 ThievingPhase: Stall ready. Clicking.
2026-07-16 20:43:18 ThievingPhase: Loot detected in slot 1. Clicking it.
2026-07-16 20:43:20 ThievingPhase: Stall ready. Clicking.
2026-07-16 20:43:21 ThievingPhase: Loot detected in slot 1. Clicking it.
2026-07-16 20:43:23 ThievingPhase: Stall ready. Clicking.
2026-07-16 20:43:24 ThievingPhase: Loot detected in slot 1. Clicking it.
2026-07-16 20:43:26 ThievingPhase: Stall ready. Clicking.
2026-07-16 20:43:27 ThievingPhase: Loot detected in slot 1. Clicking it.
2026-07-16 20:43:29 ThievingPhase: Stall ready. Clicking.
2026-07-16 20:43:30 ThievingPhase: Loot detected in slot 1. Clicking it.
2026-07-16 20:43:32 ThievingPhase: Stall ready. Clicking.
2026-07-16 20:43:33 ThievingPhase: Loot detected in slot 1. Clicking it.
2026-07-16 20:43:35 ThievingPhase: Stall ready. Clicking.
2026-07-16 20:43:36 ThievingPhase: Loot detected in slot 1. Clicking it.
2026-07-16 20:43:38 ThievingPhase: Stall ready. Clicking.
2026-07-16 20:43:39 ThievingPhase: Loot detected in slot 1. Clicking it.
2026-07-16 20:43:41 ThievingPhase: Stall ready. Clicking.
2026-07-16 20:43:42 ThievingPhase: Loot detected in slot 1. Clicking it.
2026-07-16 20:43:44 ThievingPhase: Stall ready. Clicking.
2026-07-16 20:43:45 ThievingPhase: Loot detected in slot 1. Clicking it.
2026-07-16 20:43:47 ThievingPhase: Stall ready. Clicking.
2026-07-16 20:43:48 ThievingPhase: Loot detected in slot 1. Clicking it.
2026-07-16 20:43:50 ThievingPhase: Stall ready. Clicking.
2026-07-16 20:43:51 ThievingPhase: Loot detected in slot 1. Clicking it.
2026-07-16 20:43:53 ThievingPhase: Stall ready. Clicking.
2026-07-16 20:43:54 ThievingPhase: Loot detected in slot 1. Clicking it.
2026-07-16 20:43:56 ThievingPhase: Stall ready. Clicking.
2026-07-16 20:43:57 ThievingPhase: Loot detected in slot 1. Clicking it.
2026-07-16 20:43:59 ThievingPhase: Stall ready. Clicking.
2026-07-16 20:44:00 ThievingPhase: Loot detected in slot 1. Clicking it.
2026-07-16 20:44:02 ThievingPhase: Stall ready. Clicking.
2026-07-16 20:44:03 ThievingPhase: Loot detected in slot 1. Clicking it.
2026-07-16 20:44:05 ThievingPhase: Stall ready. Clicking.
2026-07-16 20:44:06 ThievingPhase: Loot detected in slot 1. Clicking it.
2026-07-16 20:44:08 ThievingPhase: Stall ready. Clicking.
2026-07-16 20:44:09 ThievingPhase: Loot detected in slot 1. Clicking it.
2026-07-16 20:44:11 ThievingPhase: Stall ready. Clicking.
2026-07-16 20:44:12 ThievingPhase: Loot detected in slot 1. Clicking it.
2026-07-16 20:44:14 ThievingPhase: Stall ready. Clicking.
2026-07-16 20:44:15 ThievingPhase: Loot detected in slot 1. Clicking it.
2026-07-16 20:44:17 ThievingPhase: Stall ready. Clicking.
2026-07-16 20:44:18 ThievingPhase: Loot detected in slot 1. Clicking it.
2026-07-16 20:44:20 ThievingPhase: Stall ready. Clicking.
2026-07-16 20:44:21 ThievingPhase: Loot detected in slot 1. Clicking it.
2026-07-16 20:44:23 ThievingPhase: Stall ready. Clicking.
2026-07-16 20:44:24 ThievingPhase: Loot detected in slot 1. Clicking it.
2026-07-16 20:44:26 ThievingPhase: Stall ready. Clicking.
2026-07-16 20:44:27 ThievingPhase: Loot detected in slot 1. Clicking it.
2026-07-16 20:44:29 ThievingPhase: Stall ready. Clicking.
2026-07-16 20:44:30 ThievingPhase: Loot detected in slot 1. Clicking it.
2026-07-16 20:44:32 ThievingPhase: Stall ready. Clicking.
2026-07-16 20:44:33 ThievingPhase: Loot detected in slot 1. Clicking it.
2026-07-16 20:44:35 ThievingPhase: Stall ready. Clicking.
2026-07-16 20:44:36 ThievingPhase: Loot detected in slot 1. Clicking it.
2026-07-16 20:44:38 ThievingPhase: Stall ready. Clicking.
2026-07-16 20:44:39 ThievingPhase: Loot detected in slot 1. Clicking it.
2026-07-16 20:44:41 ThievingPhase: Stall ready. Clicking.
2026-07-16 20:44:42 ThievingPhase: Loot detected in slot 1. Clicking it.
2026-07-16 20:44:44 ThievingPhase: Stall ready. Clicking.
2026-07-16 20:44:45 ThievingPhase: Loot detected in slot 1. Clicking it.
2026-07-16 20:44:47 ThievingPhase: Stall ready. Clicking.
2026-07-16 20:44:48 ThievingPhase: Loot detected in slot 1. Clicking it.
2026-07-16 20:44:50 ThievingPhase: Stall ready. Clicking.
2026-07-16 20:44:51 ThievingPhase: Loot detected in slot 1. Clicking it.
2026-07-16 20:44:53 ThievingPhase: Stall ready. Clicking.
2026-07-16 20:44:54 ThievingPhase: Loot detected in slot 1. Clicking it.
2026-07-16 20:44:56 ThievingPhase: Stall ready. Clicking.
2026-07-16 20:44:57 ThievingPhase: Loot detected in slot 1. Clicking it.
2026-07-16 20:44:59 ThievingPhase: Stall ready. Clicking.
2026-07-16 20:45:00 ThievingPhase: Loot detected in slot 1. Clicking it.
2026-07-16 20:45:02 ThievingPhase: Stall ready. Clicking.
2026-07-16 20:45:03 ThievingPhase: Loot detected in slot 1. Clicking it.
2026-07-16 20:45:05 ThievingPhase: Stall ready. Clicking.
2026-07-16 20:45:06 ThievingPhase: Loot detected in slot 1. Clicking it.
2026-07-16 20:45:08 ThievingPhase: Stall ready. Clicking.
2026-07-16 20:45:09 ThievingPhase: Loot detected in slot 1. Clicking it.
2026-07-16 20:45:11 ThievingPhase: Stall ready. Clicking.
2026-07-16 20:45:12 ThievingPhase: Loot detected in slot 1. Clicking it.
2026-07-16 20:45:14 ThievingPhase: Stall ready. Clicking.
2026-07-16 20:45:15 ThievingPhase: Loot detected in slot 1. Clicking it.
2026-07-16 20:45:17 ThievingPhase: Stall ready. Clicking.
2026-07-16 20:45:18 ThievingPhase: Loot detected in slot 1. Clicking it.
2026-07-16 20:45:20 ThievingPhase: Stall ready. Clicking.
2026-07-16 20:45:21 ThievingPhase: Loot detected in slot 1. Clicking it.
2026-07-16 20:45:23 ThievingPhase: Stall ready. Clicking.
2026-07-16 20:45:24 ThievingPhase: Loot detected in slot 1. Clicking it.
2026-07-16 20:45:26 ThievingPhase: Stall ready. Clicking.
2026-07-16 20:45:27 ThievingPhase: Loot detected in slot 1. Clicking it.
2026-07-16 20:45:29 ThievingPhase: Stall ready. Clicking.
2026-07-16 20:45:30 ThievingPhase: Loot detected in slot 1. Clicking it.
2026-07-16 20:45:32 ThievingPhase: Stall ready. Clicking.
2026-07-16 20:45:33 ThievingPhase: Loot detected in slot 1. Clicking it.
2026-07-16 20:45:35 ThievingPhase: Stall ready. Clicking.
2026-07-16 20:45:36 ThievingPhase: Loot detected in slot 1. Clicking it.
2026-07-16 20:45:38 ThievingPhase: Stall ready. Clicking.
2026-07-16 20:45:39 ThievingPhase: Loot detected in slot 1. Clicking it.
2026-07-16 20:45:41 ThievingPhase: Stall ready. Clicking.
2026-07-16 20:45:42 ThievingPhase: Loot detected in slot 1. Clicking it.
2026-07-16 20:45:44 ThievingPhase: Stall ready. Clicking.
2026-07-16 20:45:45 ThievingPhase: Loot detected in slot 1. Clicking it.
2026-07-16 20:45:47 ThievingPhase: Stall ready. Clicking.
2026-07-16 20:45:48 ThievingPhase: Loot detected in slot 1. Clicking it.
2026-07-16 20:45:50 ThievingPhase: Stall ready. Clicking.
2026-07-16 20:45:51 ThievingPhase: Loot detected in slot 1. Clicking it.
2026-07-16 20:45:53 ThievingPhase: Stall ready. Clicking.
2026-07-16 20:45:54 ThievingPhase: Loot detected in slot 1. Clicking it.
2026-07-16 20:45:56 ThievingPhase: Stall ready. Clicking.
2026-07-16 20:45:57 ThievingPhase: Loot detected in slot 1. Clicking it.
2026-07-16 20:45:59 ThievingPhase: Stall ready. Clicking.
2026-07-16 20:46:00 ThievingPhase: Loot detected in slot 1. Clicking it.
2026-07-16 20:46:02 ThievingPhase: Stall ready. Clicking.
2026-07-16 20:46:03 ThievingPhase: Loot detected in slot 1. Clicking it.
2026-07-16 20:46:05 ThievingPhase: Stall ready. Clicking.
2026-07-16 20:46:06 ThievingPhase: Loot detected in slot 1. Clicking it.
2026-07-16 20:46:08 ThievingPhase: Stall ready. Clicking.
2026-07-16 20:46:09 ThievingPhase: Loot detected in slot 1. Clicking it.
2026-07-16 20:46:11 ThievingPhase: Stall ready. Clicking.
2026-07-16 20:46:12 ThievingPhase: Loot detected in slot 1. Clicking it.
2026-07-16 20:46:14 ThievingPhase: Stall ready. Clicking.
2026-07-16 20:46:15 ThievingPhase: Loot detected in slot 1. Clicking it.
2026-07-16 20:46:17 ThievingPhase: Stall ready. Clicking.
2026-07-16 20:46:18 ThievingPhase: Loot detected in slot 1. Clicking it.
2026-07-16 20:46:20 ThievingPhase: Stall ready. Clicking.
2026-07-16 20:46:21 ThievingPhase: Loot detected in slot 1. Clicking it.
2026-07-16 20:46:23 ThievingPhase: Stall ready. Clicking.
2026-07-16 20:46:24 ThievingPhase: Loot detected in slot 1. Clicking it.
2026-07-16 20:46:26 ThievingPhase: Stall ready. Clicking.
2026-07-16 20:46:27 ThievingPhase: Loot detected in slot 1. Clicking it.
2026-07-16 20:46:29 ThievingPhase: Stall ready. Clicking.
2026-07-16 20:46:30 ThievingPhase: Loot detected in slot 1. Clicking it.
2026-07-16 20:46:32 ThievingPhase: Stall ready. Clicking.
2026-07-16 20:46:33 ThievingPhase: Loot detected in slot 1. Clicking it.
2026-07-16 20:46:35 ThievingPhase: Stall ready. Clicking.
2026-07-16 20:46:36 ThievingPhase: Loot detected in slot 1. Clicking it.
2026-07-16 20:46:38 ThievingPhase: Stall ready. Clicking.
2026-07-16 20:46:39 ThievingPhase: Loot detected in slot 1. Clicking it.
2026-07-16 20:46:41 ThievingPhase: Stall ready. Clicking.
2026-07-16 20:46:42 ThievingPhase: Loot detected in slot 1. Clicking it.
2026-07-16 20:46:44 ThievingPhase: Stall ready. Clicking.
2026-07-16 20:46:45 ThievingPhase: Loot detected in slot 1. Clicking it.
2026-07-16 20:46:47 ThievingPhase: Stall ready. Clicking.
2026-07-16 20:46:48 ThievingPhase: Loot detected in slot 1. Clicking it.
2026-07-16 20:46:50 ThievingPhase: Stall ready. Clicking.
2026-07-16 20:46:51 ThievingPhase: Loot detected in slot 1. Clicking it.
2026-07-16 20:46:53 ThievingPhase: Stall ready. Clicking.
2026-07-16 20:46:54 ThievingPhase: Loot detected in slot 1. Clicking it.
2026-07-16 20:46:56 ThievingPhase: Stall ready. Clicking.
2026-07-16 20:46:57 ThievingPhase: Loot detected in slot 1. Clicking it.
2026-07-16 20:46:59 ThievingPhase: Stall ready. Clicking.
2026-07-16 20:47:00 ThievingPhase: Loot detected in slot 1. Clicking it.
2026-07-16 20:47:02 ThievingPhase: Stall ready. Clicking.
2026-07-16 20:47:03 ThievingPhase: Loot detected in slot 1. Clicking it.
2026-07-16 20:47:05 ThievingPhase: Stall ready. Clicking.
2026-07-16 20:47:06 ThievingPhase: Loot detected in slot 1. Clicking it.
2026-07-16 20:47:08 ThievingPhase: Stall ready. Clicking.
2026-07-16 20:47:09 ThievingPhase: Loot detected in slot 1. Clicking it.
2026-07-16 20:47:11 ThievingPhase: Stall ready. Clicking.
2026-07-16 20:47:12 ThievingPhase: Loot detected in slot 1. Clicking it.
2026-07-16 20:47:14 ThievingPhase: Stall ready. Clicking.
2026-07-16 20:47:15 ThievingPhase: Loot detected in slot 1. Clicking it.
2026-07-16 20:47:17 ThievingPhase: Stall ready. Clicking.
2026-07-16 20:47:18 ThievingPhase: Loot detected in slot 1. Clicking it.
2026-07-16 20:47:20 ThievingPhase: Stall ready. Clicking.
2026-07-16 20:47:21 ThievingPhase: Loot detected in slot 1. Clicking it.
2026-07-16 20:47:23 ThievingPhase: Stall ready. Clicking.
2026-07-16 20:47:24 ThievingPhase: Loot detected in slot 1. Clicking it.
2026-07-16 20:47:26 ThievingPhase: Stall ready. Clicking.
2026-07-16 20:47:27 ThievingPhase: Loot detected in slot 1. Clicking it.
2026-07-16 20:47:29 ThievingPhase: Stall ready. Clicking.
2026-07-16 20:47:30 ThievingPhase: Loot detected in slot 1. Clicking it.
2026-07-16 20:47:32 ThievingPhase: Stall ready. Clicking.
2026-07-16 20:47:33 ThievingPhase: Loot detected in slot 1. Clicking it.
2026-07-16 20:47:35 ThievingPhase: Stall ready. Clicking.
2026-07-16 20:47:36 ThievingPhase: Loot detected in slot 1. Clicking it.
2026-07-16 20:47:38 ThievingPhase: Stall ready. Clicking.
2026-07-16 20:47:39 ThievingPhase: Loot detected in slot 1. Clicking it.
2026-07-16 20:47:41 ThievingPhase: Stall ready. Clicking.
2026-07-16 20:47:42 ThievingPhase: Loot detected in slot 1. Clicking it.
2026-07-16 20:47:44 ThievingPhase: Stall ready. Clicking.
2026-07-16 20:47:45 ThievingPhase: Loot detected in slot 1. Clicking it.
2026-07-16 20:47:47 ThievingPhase: Stall ready. Clicking.
2026-07-16 20:47:48 ThievingPhase: Loot detected in slot 1. Clicking it.
2026-07-16 20:47:50 ThievingPhase: Stall ready. Clicking.
2026-07-16 20:47:51 ThievingPhase: Loot detected in slot 1. Clicking it.
2026-07-16 20:47:53 ThievingPhase: Stall ready. Clicking.
2026-07-16 20:47:54 ThievingPhase: Loot detected in slot 1. Clicking it.
2026-07-16 20:47:56 ThievingPhase: Stall ready. Clicking.
2026-07-16 20:47:57 ThievingPhase: Loot detected in slot 1. Clicking it.
2026-07-16 20:47:59 ThievingPhase: Stall ready. Clicking.
2026-07-16 20:48:00 ThievingPhase: Loot detected in slot 1. Clicking it.
2026-07-16 20:48:02 ThievingPhase: Stall ready. Clicking.
2026-07-16 20:48:03 ThievingPhase: Loot detected in slot 1. Clicking it.
2026-07-16 20:48:05 ThievingPhase: Stall ready. Clicking.
2026-07-16 20:48:06 ThievingPhase: Loot detected in slot 1. Clicking it.
2026-07-16 20:48:08 ThievingPhase: Stall ready. Clicking.
2026-07-16 20:48:09 ThievingPhase: Loot detected in slot 1. Clicking it.
2026-07-16 20:48:11 ThievingPhase: Stall ready. Clicking.
2026-07-16 20:48:12 ThievingPhase: Loot detected in slot 1. Clicking it.
2026-07-16 20:48:14 ThievingPhase: Stall ready. Clicking.
2026-07-16 20:48:15 ThievingPhase: Loot detected in slot 1. Clicking it.
2026-07-16 20:48:17 ThievingPhase: Stall ready. Clicking.
2026-07-16 20:48:18 ThievingPhase: Loot detected in slot 1. Clicking it.
2026-07-16 20:48:20 ThievingPhase: Stall ready. Clicking.
2026-07-16 20:48:21 ThievingPhase: Loot detected in slot 1. Clicking it.
2026-07-16 20:48:23 ThievingPhase: Stall ready. Clicking.
2026-07-16 20:48:24 ThievingPhase: Loot detected in slot 1. Clicking it.
2026-07-16 20:48:26 ThievingPhase: Stall ready. Clicking.
2026-07-16 20:48:27 ThievingPhase: Loot detected in slot 1. Clicking it.
2026-07-16 20:48:29 ThievingPhase: Stall ready. Clicking.
2026-07-16 20:48:30 ThievingPhase: Loot detected in slot 1. Clicking it.
2026-07-16 20:48:32 ThievingPhase: Stall ready. Clicking.
2026-07-16 20:48:33 ThievingPhase: Loot detected in slot 1. Clicking it.
2026-07-16 20:48:35 ThievingPhase: Stall ready. Clicking.
2026-07-16 20:48:36 ThievingPhase: Loot detected in slot 1. Clicking it.
2026-07-16 20:48:38 ThievingPhase: Stall ready. Clicking.
2026-07-16 20:48:39 ThievingPhase: Loot detected in slot 1. Clicking it.
2026-07-16 20:48:41 ThievingPhase: Stall ready. Clicking.
2026-07-16 20:48:42 ThievingPhase: Loot detected in slot 1. Clicking it.
2026-07-16 20:48:44 ThievingPhase: Stall ready. Clicking.
2026-07-16 20:48:46 ThievingPhase: Loot detected in slot 1. Clicking it.
2026-07-16 20:48:48 ThievingPhase: Stall ready. Clicking.
2026-07-16 20:48:49 ThievingPhase: Loot detected in slot 1. Clicking it.
2026-07-16 20:48:51 ThievingPhase: Stall ready. Clicking.
2026-07-16 20:48:52 ThievingPhase: Loot detected in slot 1. Clicking it.
2026-07-16 20:48:54 ThievingPhase: Stall ready. Clicking.
2026-07-16 20:48:55 ThievingPhase: Loot detected in slot 1. Clicking it.
2026-07-16 20:48:57 ThievingPhase: Stall ready. Clicking.
2026-07-16 20:48:58 ThievingPhase: Loot detected in slot 1. Clicking it.
2026-07-16 20:49:00 ThievingPhase: Stall ready. Clicking.
2026-07-16 20:49:01 ThievingPhase: Loot detected in slot 1. Clicking it.
2026-07-16 20:49:03 ThievingPhase: Stall ready. Clicking.
2026-07-16 20:49:04 ThievingPhase: Loot detected in slot 1. Clicking it.
2026-07-16 20:49:06 ThievingPhase: Stall ready. Clicking.
2026-07-16 20:49:07 ThievingPhase: Loot detected in slot 1. Clicking it.
2026-07-16 20:49:09 ThievingPhase: Stall ready. Clicking.
2026-07-16 20:49:10 ThievingPhase: Loot detected in slot 1. Clicking it.
2026-07-16 20:49:12 ThievingPhase: Stall ready. Clicking.
2026-07-16 20:49:13 ThievingPhase: Loot detected in slot 1. Clicking it.
2026-07-16 20:49:15 ThievingPhase: Stall ready. Clicking.
2026-07-16 20:49:16 ThievingPhase: Loot detected in slot 1. Clicking it.
2026-07-16 20:49:18 ThievingPhase: Stall ready. Clicking.
2026-07-16 20:49:19 ThievingPhase: Loot detected in slot 1. Clicking it.
2026-07-16 20:49:21 ThievingPhase: Stall ready. Clicking.
2026-07-16 20:49:22 ThievingPhase: Loot detected in slot 1. Clicking it.
2026-07-16 20:49:24 ThievingPhase: Stall ready. Clicking.
2026-07-16 20:49:25 ThievingPhase: Loot detected in slot 1. Clicking it.
2026-07-16 20:49:27 ThievingPhase: Stall ready. Clicking.
2026-07-16 20:49:28 ThievingPhase: Loot detected in slot 1. Clicking it.
2026-07-16 20:49:30 ThievingPhase: Stall ready. Clicking.
2026-07-16 20:49:31 ThievingPhase: Loot detected in slot 1. Clicking it.
2026-07-16 20:49:33 ThievingPhase: Stall ready. Clicking.
2026-07-16 20:49:34 ThievingPhase: Loot detected in slot 1. Clicking it.
2026-07-16 20:49:36 ThievingPhase: Stall ready. Clicking.
2026-07-16 20:49:37 ThievingPhase: Loot detected in slot 1. Clicking it.
2026-07-16 20:49:39 ThievingPhase: Stall ready. Clicking.
2026-07-16 20:49:40 ThievingPhase: Loot detected in slot 1. Clicking it.
2026-07-16 20:49:42 ThievingPhase: Stall ready. Clicking.
2026-07-16 20:49:43 ThievingPhase: Loot detected in slot 1. Clicking it.
2026-07-16 20:49:45 ThievingPhase: Stall ready. Clicking.
2026-07-16 20:49:46 ThievingPhase: Loot detected in slot 1. Clicking it.
2026-07-16 20:49:48 ThievingPhase: Stall ready. Clicking.
2026-07-16 20:49:49 ThievingPhase: Loot detected in slot 1. Clicking it.
2026-07-16 20:49:51 ThievingPhase: Stall ready. Clicking.
2026-07-16 20:49:52 ThievingPhase: Loot detected in slot 1. Clicking it.
2026-07-16 20:49:54 ThievingPhase: Stall ready. Clicking.
2026-07-16 20:49:55 ThievingPhase: Loot detected in slot 1. Clicking it.
2026-07-16 20:49:57 ThievingPhase: Stall ready. Clicking.
2026-07-16 20:49:58 ThievingPhase: Loot detected in slot 1. Clicking it.
2026-07-16 20:50:00 ThievingPhase: Stall ready. Clicking.
2026-07-16 20:50:01 ThievingPhase: Loot detected in slot 1. Clicking it.
2026-07-16 20:50:03 ThievingPhase: Stall ready. Clicking.
2026-07-16 20:50:04 ThievingPhase: Loot detected in slot 1. Clicking it.
2026-07-16 20:50:06 ThievingPhase: Stall ready. Clicking.
2026-07-16 20:50:07 ThievingPhase: Loot detected in slot 1. Clicking it.
2026-07-16 20:50:09 ThievingPhase: Stall ready. Clicking.
2026-07-16 20:50:10 ThievingPhase: Loot detected in slot 1. Clicking it.
2026-07-16 20:50:12 ThievingPhase: Stall ready. Clicking.
2026-07-16 20:50:13 ThievingPhase: Loot detected in slot 1. Clicking it.
2026-07-16 20:50:15 ThievingPhase: Stall ready. Clicking.
2026-07-16 20:50:16 ThievingPhase: Loot detected in slot 1. Clicking it.
2026-07-16 20:50:18 ThievingPhase: Stall ready. Clicking.
2026-07-16 20:50:19 ThievingPhase: Loot detected in slot 1. Clicking it.
2026-07-16 20:50:21 ThievingPhase: Stall ready. Clicking.
2026-07-16 20:50:22 ThievingPhase: Loot detected in slot 1. Clicking it.
2026-07-16 20:50:24 ThievingPhase: Stall ready. Clicking.
2026-07-16 20:50:25 ThievingPhase: Loot detected in slot 1. Clicking it.
2026-07-16 20:50:27 ThievingPhase: Stall ready. Clicking.
2026-07-16 20:50:28 ThievingPhase: Loot detected in slot 1. Clicking it.
2026-07-16 20:50:30 ThievingPhase: Stall ready. Clicking.
2026-07-16 20:50:31 ThievingPhase: Loot detected in slot 1. Clicking it.
2026-07-16 20:50:33 ThievingPhase: Stall ready. Clicking.
2026-07-16 20:50:34 ThievingPhase: Loot detected in slot 1. Clicking it.
2026-07-16 20:50:36 ThievingPhase: Stall ready. Clicking.
2026-07-16 20:50:37 ThievingPhase: Loot detected in slot 1. Clicking it.
2026-07-16 20:50:39 ThievingPhase: Stall ready. Clicking.
2026-07-16 20:50:40 ThievingPhase: Loot detected in slot 1. Clicking it.
2026-07-16 20:50:42 ThievingPhase: Stall ready. Clicking.
2026-07-16 20:50:43 ThievingPhase: Loot detected in slot 1. Clicking it.
2026-07-16 20:50:45 ThievingPhase: Stall ready. Clicking.
2026-07-16 20:50:46 ThievingPhase: Loot detected in slot 1. Clicking it.
2026-07-16 20:50:48 ThievingPhase: Stall ready. Clicking.
2026-07-16 20:50:49 ThievingPhase: Loot detected in slot 1. Clicking it.
2026-07-16 20:50:51 ThievingPhase: Stall ready. Clicking.
2026-07-16 20:50:52 ThievingPhase: Loot detected in slot 1. Clicking it.
2026-07-16 20:50:54 ThievingPhase: Stall ready. Clicking.
2026-07-16 20:50:55 ThievingPhase: Loot detected in slot 1. Clicking it.
2026-07-16 20:50:57 ThievingPhase: Stall ready. Clicking.
2026-07-16 20:50:58 ThievingPhase: Loot detected in slot 1. Clicking it.
2026-07-16 20:51:00 ThievingPhase: Stall ready. Clicking.
2026-07-16 20:51:01 ThievingPhase: Loot detected in slot 1. Clicking it.
2026-07-16 20:51:03 ThievingPhase: Stall ready. Clicking.
2026-07-16 20:51:04 ThievingPhase: Loot detected in slot 1. Clicking it.
2026-07-16 20:51:06 ThievingPhase: Stall ready. Clicking.
2026-07-16 20:51:07 ThievingPhase: Loot detected in slot 1. Clicking it.
2026-07-16 20:51:09 ThievingPhase: Stall ready. Clicking.
2026-07-16 20:51:10 ThievingPhase: Loot detected in slot 1. Clicking it.
2026-07-16 20:51:12 ThievingPhase: Stall ready. Clicking.
2026-07-16 20:51:13 ThievingPhase: Loot detected in slot 1. Clicking it.
2026-07-16 20:51:15 ThievingPhase: Stall ready. Clicking.
2026-07-16 20:51:16 ThievingPhase: Loot detected in slot 1. Clicking it.
2026-07-16 20:51:18 ThievingPhase: Stall ready. Clicking.
2026-07-16 20:51:19 ThievingPhase: Loot detected in slot 1. Clicking it.
2026-07-16 20:51:21 ThievingPhase: Stall ready. Clicking.
2026-07-16 20:51:22 ThievingPhase: Loot detected in slot 1. Clicking it.
2026-07-16 20:51:24 ThievingPhase: Stall ready. Clicking.
2026-07-16 20:51:25 ThievingPhase: Loot detected in slot 1. Clicking it.
2026-07-16 20:51:27 ThievingPhase: Stall ready. Clicking.
2026-07-16 20:51:28 ThievingPhase: Loot detected in slot 1. Clicking it.
2026-07-16 20:51:30 ThievingPhase: Stall ready. Clicking.
2026-07-16 20:51:31 ThievingPhase: Loot detected in slot 1. Clicking it.
2026-07-16 20:51:33 ThievingPhase: Stall ready. Clicking.
2026-07-16 20:51:34 ThievingPhase: Loot detected in slot 1. Clicking it.
2026-07-16 20:51:36 ThievingPhase: Stall ready. Clicking.
2026-07-16 20:51:37 ThievingPhase: Loot detected in slot 1. Clicking it.
2026-07-16 20:51:39 ThievingPhase: Stall ready. Clicking.
2026-07-16 20:51:40 ThievingPhase: Loot detected in slot 1. Clicking it.
2026-07-16 20:51:42 ThievingPhase: Stall ready. Clicking.
2026-07-16 20:51:43 ThievingPhase: Loot detected in slot 1. Clicking it.
2026-07-16 20:51:45 ThievingPhase: Stall ready. Clicking.
2026-07-16 20:51:46 ThievingPhase: Loot detected in slot 1. Clicking it.
2026-07-16 20:51:48 ThievingPhase: Stall ready. Clicking.
2026-07-16 20:51:49 ThievingPhase: Loot detected in slot 1. Clicking it.
2026-07-16 20:51:51 ThievingPhase: Stall ready. Clicking.
2026-07-16 20:51:52 ThievingPhase: Loot detected in slot 1. Clicking it.
2026-07-16 20:51:54 ThievingPhase: Stall ready. Clicking.
2026-07-16 20:51:55 ThievingPhase: Loot detected in slot 1. Clicking it.
2026-07-16 20:51:57 ThievingPhase: Stall ready. Clicking.
2026-07-16 20:51:58 ThievingPhase: Loot detected in slot 1. Clicking it.
2026-07-16 20:52:00 ThievingPhase: Stall ready. Clicking.
2026-07-16 20:52:01 ThievingPhase: Loot detected in slot 1. Clicking it.
2026-07-16 20:52:03 ThievingPhase: Stall ready. Clicking.
2026-07-16 20:52:04 ThievingPhase: Loot detected in slot 1. Clicking it.
2026-07-16 20:52:06 ThievingPhase: Stall ready. Clicking.
2026-07-16 20:52:07 ThievingPhase: Loot detected in slot 1. Clicking it.
2026-07-16 20:52:09 ThievingPhase: Stall ready. Clicking.
2026-07-16 20:52:10 ThievingPhase: Loot detected in slot 1. Clicking it.
2026-07-16 20:52:12 ThievingPhase: Stall ready. Clicking.
2026-07-16 20:52:13 ThievingPhase: Loot detected in slot 1. Clicking it.
2026-07-16 20:52:15 ThievingPhase: Stall ready. Clicking.
2026-07-16 20:52:16 ThievingPhase: Loot detected in slot 1. Clicking it.
2026-07-16 20:52:18 ThievingPhase: Stall ready. Clicking.
2026-07-16 20:52:19 ThievingPhase: Loot detected in slot 1. Clicking it.
2026-07-16 20:52:21 ThievingPhase: Stall ready. Clicking.
2026-07-16 20:52:22 ThievingPhase: Loot detected in slot 1. Clicking it.
2026-07-16 20:52:24 ThievingPhase: Stall ready. Clicking.
2026-07-16 20:52:25 ThievingPhase: Loot detected in slot 1. Clicking it.
2026-07-16 20:52:27 ThievingPhase: Stall ready. Clicking.
2026-07-16 20:52:28 ThievingPhase: Loot detected in slot 1. Clicking it.
2026-07-16 20:52:30 ThievingPhase: Stall ready. Clicking.
2026-07-16 20:52:31 ThievingPhase: Loot detected in slot 1. Clicking it.
2026-07-16 20:52:33 ThievingPhase: Stall ready. Clicking.
2026-07-16 20:52:35 ThievingPhase: Loot detected in slot 1. Clicking it.
2026-07-16 20:52:36 ThievingPhase: Stall ready. Clicking.
2026-07-16 20:52:38 ThievingPhase: Loot detected in slot 1. Clicking it.
2026-07-16 20:52:39 ThievingPhase: Stall ready. Clicking.
2026-07-16 20:52:40 ThievingPhase: Loot detected in slot 1. Clicking it.
2026-07-16 20:52:42 ThievingPhase: Stall ready. Clicking.
2026-07-16 20:52:43 ThievingPhase: Loot detected in slot 1. Clicking it.
2026-07-16 20:52:45 ThievingPhase: Stall ready. Clicking.
2026-07-16 20:52:47 ThievingPhase: Loot detected in slot 1. Clicking it.
2026-07-16 20:52:48 ThievingPhase: Stall ready. Clicking.
2026-07-16 20:52:49 ThievingPhase: Loot detected in slot 1. Clicking it.
2026-07-16 20:52:51 ThievingPhase: Stall ready. Clicking.
2026-07-16 20:52:52 ThievingPhase: Loot detected in slot 1. Clicking it.
2026-07-16 20:52:54 ThievingPhase: Stall ready. Clicking.
2026-07-16 20:52:56 ThievingPhase: Loot detected in slot 1. Clicking it.
2026-07-16 20:52:57 ThievingPhase: Stall ready. Clicking.
2026-07-16 20:52:59 ThievingPhase: Loot detected in slot 1. Clicking it.
2026-07-16 20:53:00 ThievingPhase: Stall ready. Clicking.
2026-07-16 20:53:01 ThievingPhase: Loot detected in slot 1. Clicking it.
2026-07-16 20:53:03 ThievingPhase: Stall ready. Clicking.
2026-07-16 20:53:04 ThievingPhase: Loot detected in slot 1. Clicking it.
2026-07-16 20:53:06 ThievingPhase: Stall ready. Clicking.
2026-07-16 20:53:08 ThievingPhase: Loot detected in slot 1. Clicking it.
2026-07-16 20:53:09 ThievingPhase: Stall ready. Clicking.
2026-07-16 20:53:10 ThievingPhase: Loot detected in slot 1. Clicking it.
2026-07-16 20:53:12 ThievingPhase: Stall ready. Clicking.
2026-07-16 20:53:13 ThievingPhase: Loot detected in slot 1. Clicking it.
2026-07-16 20:53:15 ThievingPhase: Stall ready. Clicking.
2026-07-16 20:53:16 ThievingPhase: Loot detected in slot 1. Clicking it.
2026-07-16 20:53:18 ThievingPhase: Stall ready. Clicking.
2026-07-16 20:53:20 ThievingPhase: Loot detected in slot 1. Clicking it.
2026-07-16 20:53:21 ThievingPhase: Stall ready. Clicking.
2026-07-16 20:53:22 ThievingPhase: Loot detected in slot 1. Clicking it.
2026-07-16 20:53:24 ThievingPhase: Stall ready. Clicking.
2026-07-16 20:53:25 ThievingPhase: Loot detected in slot 1. Clicking it.
2026-07-16 20:53:27 ThievingPhase: Stall ready. Clicking.
2026-07-16 20:53:29 ThievingPhase: Loot detected in slot 1. Clicking it.
2026-07-16 20:53:30 ThievingPhase: Stall ready. Clicking.
2026-07-16 20:53:31 ThievingPhase: Loot detected in slot 1. Clicking it.
2026-07-16 20:53:33 ThievingPhase: Stall ready. Clicking.
2026-07-16 20:53:34 ThievingPhase: Loot detected in slot 1. Clicking it.
2026-07-16 20:53:36 ThievingPhase: Stall ready. Clicking.
2026-07-16 20:53:37 ThievingPhase: Loot detected in slot 1. Clicking it.
2026-07-16 20:53:39 ThievingPhase: Stall ready. Clicking.
2026-07-16 20:53:41 ThievingPhase: Loot detected in slot 1. Clicking it.
2026-07-16 20:53:42 ThievingPhase: Stall ready. Clicking.
2026-07-16 20:53:44 ThievingPhase: Loot detected in slot 1. Clicking it.
2026-07-16 20:53:45 ThievingPhase: Stall ready. Clicking.
2026-07-16 20:53:46 ThievingPhase: Loot detected in slot 1. Clicking it.
2026-07-16 20:53:48 ThievingPhase: Stall ready. Clicking.
2026-07-16 20:53:49 ThievingPhase: Loot detected in slot 1. Clicking it.
2026-07-16 20:53:51 ThievingPhase: Stall ready. Clicking.
2026-07-16 20:53:52 ThievingPhase: Loot detected in slot 1. Clicking it.
2026-07-16 20:53:54 ThievingPhase: Stall ready. Clicking.
2026-07-16 20:53:55 ThievingPhase: Loot detected in slot 1. Clicking it.
2026-07-16 20:53:57 ThievingPhase: Stall ready. Clicking.
2026-07-16 20:53:59 ThievingPhase: Loot detected in slot 1. Clicking it.
2026-07-16 20:54:00 ThievingPhase: Stall ready. Clicking.
2026-07-16 20:54:02 ThievingPhase: Loot detected in slot 1. Clicking it.
2026-07-16 20:54:03 ThievingPhase: Stall ready. Clicking.
2026-07-16 20:54:05 ThievingPhase: Loot detected in slot 1. Clicking it.
2026-07-16 20:54:06 ThievingPhase: Stall ready. Clicking.
2026-07-16 20:54:08 ThievingPhase: Loot detected in slot 1. Clicking it.
2026-07-16 20:54:09 ThievingPhase: Stall ready. Clicking.
2026-07-16 20:54:10 ThievingPhase: Loot detected in slot 1. Clicking it.
2026-07-16 20:54:12 ThievingPhase: Stall ready. Clicking.
2026-07-16 20:54:14 ThievingPhase: Loot detected in slot 1. Clicking it.
2026-07-16 20:54:15 ThievingPhase: Stall ready. Clicking.
2026-07-16 20:54:17 ThievingPhase: Loot detected in slot 1. Clicking it.
2026-07-16 20:54:18 ThievingPhase: Stall ready. Clicking.
2026-07-16 20:54:19 ThievingPhase: Loot detected in slot 1. Clicking it.
2026-07-16 20:54:21 ThievingPhase: Stall ready. Clicking.
2026-07-16 20:54:23 ThievingPhase: Loot detected in slot 1. Clicking it.
2026-07-16 20:54:24 ThievingPhase: Stall ready. Clicking.
2026-07-16 20:54:25 ThievingPhase: Loot detected in slot 1. Clicking it.
2026-07-16 20:54:27 ThievingPhase: Stall ready. Clicking.
2026-07-16 20:54:29 ThievingPhase: Loot detected in slot 1. Clicking it.
2026-07-16 20:54:30 ThievingPhase: Stall ready. Clicking.
2026-07-16 20:54:31 ThievingPhase: Loot detected in slot 1. Clicking it.
2026-07-16 20:54:33 ThievingPhase: Stall ready. Clicking.
2026-07-16 20:54:34 ThievingPhase: Loot detected in slot 1. Clicking it.
2026-07-16 20:54:36 ThievingPhase: Stall ready. Clicking.
2026-07-16 20:54:38 ThievingPhase: Loot detected in slot 1. Clicking it.
2026-07-16 20:54:39 ThievingPhase: Stall ready. Clicking.
2026-07-16 20:54:40 ThievingPhase: Loot detected in slot 1. Clicking it.
2026-07-16 20:54:42 ThievingPhase: Stall ready. Clicking.
2026-07-16 20:54:44 ThievingPhase: Loot detected in slot 1. Clicking it.
2026-07-16 20:54:45 ThievingPhase: Stall ready. Clicking.
2026-07-16 20:54:47 ThievingPhase: Loot detected in slot 1. Clicking it.
2026-07-16 20:54:48 ThievingPhase: Stall ready. Clicking.
2026-07-16 20:54:50 ThievingPhase: Loot detected in slot 1. Clicking it.
2026-07-16 20:54:51 ThievingPhase: Stall ready. Clicking.
2026-07-16 20:54:53 ThievingPhase: Loot detected in slot 1. Clicking it.
2026-07-16 20:54:54 ThievingPhase: Stall ready. Clicking.
2026-07-16 20:54:56 ThievingPhase: Loot detected in slot 1. Clicking it.
2026-07-16 20:54:57 ThievingPhase: Stall ready. Clicking.
2026-07-16 20:54:59 ThievingPhase: Loot detected in slot 1. Clicking it.
2026-07-16 20:55:00 ThievingPhase: Stall ready. Clicking.
2026-07-16 20:55:01 ThievingPhase: Loot detected in slot 1. Clicking it.
2026-07-16 20:55:03 ThievingPhase: Stall ready. Clicking.
2026-07-16 20:55:04 ThievingPhase: Loot detected in slot 1. Clicking it.
2026-07-16 20:55:06 ThievingPhase: Stall ready. Clicking.
2026-07-16 20:55:08 ThievingPhase: Loot detected in slot 1. Clicking it.
2026-07-16 20:55:09 ThievingPhase: Stall ready. Clicking.
2026-07-16 20:55:10 ThievingPhase: Loot detected in slot 1. Clicking it.
2026-07-16 20:55:12 ThievingPhase: Stall ready. Clicking.
2026-07-16 20:55:13 ThievingPhase: Loot detected in slot 1. Clicking it.
2026-07-16 20:55:15 ThievingPhase: Stall ready. Clicking.
2026-07-16 20:55:16 ThievingPhase: Loot detected in slot 1. Clicking it.
2026-07-16 20:55:18 ThievingPhase: Stall ready. Clicking.
2026-07-16 20:55:19 ThievingPhase: Loot detected in slot 1. Clicking it.
2026-07-16 20:55:21 ThievingPhase: Stall ready. Clicking.
2026-07-16 20:55:22 ThievingPhase: Loot detected in slot 1. Clicking it.
2026-07-16 20:55:24 ThievingPhase: Stall ready. Clicking.
2026-07-16 20:55:26 ThievingPhase: Loot detected in slot 1. Clicking it.
2026-07-16 20:55:27 ThievingPhase: Stall ready. Clicking.
2026-07-16 20:55:29 ThievingPhase: Loot detected in slot 1. Clicking it.
2026-07-16 20:55:30 ThievingPhase: Stall ready. Clicking.
2026-07-16 20:55:32 ThievingPhase: Loot detected in slot 1. Clicking it.
2026-07-16 20:55:33 ThievingPhase: Stall ready. Clicking.
2026-07-16 20:55:34 ThievingPhase: Loot detected in slot 1. Clicking it.
2026-07-16 20:55:36 ThievingPhase: Stall ready. Clicking.
2026-07-16 20:55:38 ThievingPhase: Loot detected in slot 1. Clicking it.
2026-07-16 20:55:39 ThievingPhase: Stall ready. Clicking.
2026-07-16 20:55:40 ThievingPhase: Loot detected in slot 1. Clicking it.
2026-07-16 20:55:42 ThievingPhase: Stall ready. Clicking.
2026-07-16 20:55:43 ThievingPhase: Loot detected in slot 1. Clicking it.
2026-07-16 20:55:45 ThievingPhase: Stall ready. Clicking.
2026-07-16 20:55:47 ThievingPhase: Loot detected in slot 1. Clicking it.
2026-07-16 20:55:48 ThievingPhase: Stall ready. Clicking.
2026-07-16 20:55:50 ThievingPhase: Loot detected in slot 1. Clicking it.
2026-07-16 20:55:51 ThievingPhase: Stall ready. Clicking.
2026-07-16 20:55:52 ThievingPhase: Loot detected in slot 1. Clicking it.
2026-07-16 20:55:54 ThievingPhase: Stall ready. Clicking.
2026-07-16 20:55:56 ThievingPhase: Loot detected in slot 1. Clicking it.
2026-07-16 20:55:57 ThievingPhase: Stall ready. Clicking.
2026-07-16 20:55:58 ThievingPhase: Loot detected in slot 1. Clicking it.
2026-07-16 20:56:00 ThievingPhase: Stall ready. Clicking.
2026-07-16 20:56:01 ThievingPhase: Loot detected in slot 1. Clicking it.
2026-07-16 20:56:03 ThievingPhase: Stall ready. Clicking.
2026-07-16 20:56:04 ThievingPhase: Loot detected in slot 1. Clicking it.
2026-07-16 20:56:06 ThievingPhase: Stall ready. Clicking.
2026-07-16 20:56:07 ThievingPhase: Loot detected in slot 1. Clicking it.
2026-07-16 20:56:09 ThievingPhase: Stall ready. Clicking.
2026-07-16 20:56:11 ThievingPhase: Loot detected in slot 1. Clicking it.
2026-07-16 20:56:12 ThievingPhase: Stall ready. Clicking.
2026-07-16 20:56:15 ThievingPhase: No loot after 2000ms - assuming detected, waiting for combat.
2026-07-16 20:56:19 WaitCombatPhase: No combat signal after 4000ms - retrying
2026-07-16 20:56:19 ThievingPhase: Stall ready. Clicking.
2026-07-16 20:56:20 ThievingPhase: Loot detected in slot 1. Clicking it.
2026-07-16 20:56:22 ThievingPhase: Stall ready. Clicking.
2026-07-16 20:56:23 ThievingPhase: Loot detected in slot 1. Clicking it.
2026-07-16 20:56:25 ThievingPhase: Stall ready. Clicking.
2026-07-16 20:56:26 ThievingPhase: Loot detected in slot 1. Clicking it.
2026-07-16 20:56:28 ThievingPhase: Stall ready. Clicking.
2026-07-16 20:56:29 ThievingPhase: Loot detected in slot 1. Clicking it.
2026-07-16 20:56:31 ThievingPhase: Stall ready. Clicking.
2026-07-16 20:56:32 ThievingPhase: Loot detected in slot 1. Clicking it.
2026-07-16 20:56:34 ThievingPhase: Stall ready. Clicking.
2026-07-16 20:56:35 ThievingPhase: Loot detected in slot 1. Clicking it.
2026-07-16 20:56:37 ThievingPhase: Stall ready. Clicking.
2026-07-16 20:56:38 ThievingPhase: Loot detected in slot 1. Clicking it.
2026-07-16 20:56:40 ThievingPhase: Stall ready. Clicking.
2026-07-16 20:56:41 ThievingPhase: Loot detected in slot 1. Clicking it.
2026-07-16 20:56:43 ThievingPhase: Stall ready. Clicking.
2026-07-16 20:56:44 ThievingPhase: Loot detected in slot 1. Clicking it.
2026-07-16 20:56:46 ThievingPhase: Stall ready. Clicking.
2026-07-16 20:56:47 ThievingPhase: Loot detected in slot 1. Clicking it.
2026-07-16 20:56:49 ThievingPhase: Stall ready. Clicking.
2026-07-16 20:56:50 ThievingPhase: Loot detected in slot 1. Clicking it.
2026-07-16 20:56:52 ThievingPhase: Stall ready. Clicking.
2026-07-16 20:56:53 ThievingPhase: Loot detected in slot 1. Clicking it.
2026-07-16 20:56:55 ThievingPhase: Stall ready. Clicking.
2026-07-16 20:56:56 ThievingPhase: Loot detected in slot 1. Clicking it.
2026-07-16 20:56:58 ThievingPhase: Stall ready. Clicking.
2026-07-16 20:56:59 ThievingPhase: Loot detected in slot 1. Clicking it.
2026-07-16 20:57:01 ThievingPhase: Stall ready. Clicking.
2026-07-16 20:57:02 ThievingPhase: Loot detected in slot 1. Clicking it.
2026-07-16 20:57:04 ThievingPhase: Stall ready. Clicking.
2026-07-16 20:57:05 ThievingPhase: Loot detected in slot 1. Clicking it.
2026-07-16 20:57:07 ThievingPhase: Stall ready. Clicking.
2026-07-16 20:57:08 ThievingPhase: Loot detected in slot 1. Clicking it.
2026-07-16 20:57:10 ThievingPhase: Stall ready. Clicking.
2026-07-16 20:57:11 ThievingPhase: Loot detected in slot 1. Clicking it.
2026-07-16 20:57:13 ThievingPhase: Stall ready. Clicking.
2026-07-16 20:57:14 ThievingPhase: Loot detected in slot 1. Clicking it.
2026-07-16 20:57:16 ThievingPhase: Stall ready. Clicking.
2026-07-16 20:57:17 ThievingPhase: Loot detected in slot 1. Clicking it.
2026-07-16 20:57:19 ThievingPhase: Stall ready. Clicking.
2026-07-16 20:57:20 ThievingPhase: Loot detected in slot 1. Clicking it.
2026-07-16 20:57:22 ThievingPhase: Stall ready. Clicking.
2026-07-16 20:57:23 ThievingPhase: Loot detected in slot 1. Clicking it.
2026-07-16 20:57:25 ThievingPhase: Stall ready. Clicking.
2026-07-16 20:57:26 ThievingPhase: Loot detected in slot 1. Clicking it.
2026-07-16 20:57:28 ThievingPhase: Stall ready. Clicking.
2026-07-16 20:57:29 ThievingPhase: Loot detected in slot 1. Clicking it.
2026-07-16 20:57:31 ThievingPhase: Stall ready. Clicking.
2026-07-16 20:57:32 ThievingPhase: Loot detected in slot 1. Clicking it.
2026-07-16 20:57:34 ThievingPhase: Stall ready. Clicking.
2026-07-16 20:57:35 ThievingPhase: Loot detected in slot 1. Clicking it.
2026-07-16 20:57:37 ThievingPhase: Stall ready. Clicking.
2026-07-16 20:57:38 ThievingPhase: Loot detected in slot 1. Clicking it.
2026-07-16 20:57:40 ThievingPhase: Stall ready. Clicking.
2026-07-16 20:57:41 ThievingPhase: Loot detected in slot 1. Clicking it.
2026-07-16 20:57:43 ThievingPhase: Stall ready. Clicking.
2026-07-16 20:57:44 ThievingPhase: Loot detected in slot 1. Clicking it.
2026-07-16 20:57:46 ThievingPhase: Stall ready. Clicking.
2026-07-16 20:57:47 ThievingPhase: Loot detected in slot 1. Clicking it.
2026-07-16 20:57:49 ThievingPhase: Stall ready. Clicking.
2026-07-16 20:57:50 ThievingPhase: Loot detected in slot 1. Clicking it.
2026-07-16 20:57:52 ThievingPhase: Stall ready. Clicking.
2026-07-16 20:57:53 ThievingPhase: Loot detected in slot 1. Clicking it.
2026-07-16 20:57:55 ThievingPhase: Stall ready. Clicking.
2026-07-16 20:57:56 ThievingPhase: Loot detected in slot 1. Clicking it.
2026-07-16 20:57:58 ThievingPhase: Stall ready. Clicking.
2026-07-16 20:57:59 ThievingPhase: Loot detected in slot 1. Clicking it.
2026-07-16 20:58:01 ThievingPhase: Stall ready. Clicking.
2026-07-16 20:58:02 ThievingPhase: Loot detected in slot 1. Clicking it.
2026-07-16 20:58:04 ThievingPhase: Stall ready. Clicking.
2026-07-16 20:58:05 ThievingPhase: Loot detected in slot 1. Clicking it.
2026-07-16 20:58:07 ThievingPhase: Stall ready. Clicking.
2026-07-16 20:58:08 ThievingPhase: Loot detected in slot 1. Clicking it.
2026-07-16 20:58:10 ThievingPhase: Stall ready. Clicking.
2026-07-16 20:58:11 ThievingPhase: Loot detected in slot 1. Clicking it.
2026-07-16 20:58:13 ThievingPhase: Stall ready. Clicking.
2026-07-16 20:58:14 ThievingPhase: Loot detected in slot 1. Clicking it.
2026-07-16 20:58:16 ThievingPhase: Stall ready. Clicking.
2026-07-16 20:58:17 ThievingPhase: Loot detected in slot 1. Clicking it.
2026-07-16 20:58:19 ThievingPhase: Stall ready. Clicking.
2026-07-16 20:58:20 ThievingPhase: Loot detected in slot 1. Clicking it.
2026-07-16 20:58:22 ThievingPhase: Stall ready. Clicking.
2026-07-16 20:58:23 ThievingPhase: Loot detected in slot 1. Clicking it.
2026-07-16 20:58:25 ThievingPhase: Stall ready. Clicking.
2026-07-16 20:58:26 ThievingPhase: Loot detected in slot 1. Clicking it.
2026-07-16 20:58:28 ThievingPhase: Stall ready. Clicking.
2026-07-16 20:58:29 ThievingPhase: Loot detected in slot 1. Clicking it.
2026-07-16 20:58:31 ThievingPhase: Stall ready. Clicking.
2026-07-16 20:58:32 ThievingPhase: Loot detected in slot 1. Clicking it.
2026-07-16 20:58:34 ThievingPhase: Stall ready. Clicking.
2026-07-16 20:58:36 ThievingPhase: No loot after 2000ms - assuming detected, waiting for combat.
2026-07-16 20:58:41 WaitCombatPhase: No combat signal after 4000ms - retrying
2026-07-16 20:58:41 ThievingPhase: Stall ready. Clicking.
2026-07-16 20:58:42 ThievingPhase: Loot detected in slot 1. Clicking it.
2026-07-16 20:58:44 ThievingPhase: Stall ready. Clicking.
2026-07-16 20:58:45 ThievingPhase: Loot detected in slot 1. Clicking it.
2026-07-16 20:58:47 ThievingPhase: Stall ready. Clicking.
2026-07-16 20:58:48 ThievingPhase: Loot detected in slot 1. Clicking it.
2026-07-16 20:58:50 ThievingPhase: Stall ready. Clicking.
2026-07-16 20:58:51 ThievingPhase: Loot detected in slot 1. Clicking it.
2026-07-16 20:58:52 ThievingPhase: Stall ready. Clicking.
2026-07-16 20:58:54 ThievingPhase: Loot detected in slot 1. Clicking it.
2026-07-16 20:58:56 ThievingPhase: Stall ready. Clicking.
2026-07-16 20:58:57 ThievingPhase: Loot detected in slot 1. Clicking it.
2026-07-16 20:58:59 ThievingPhase: Stall ready. Clicking.
2026-07-16 20:59:00 ThievingPhase: Loot detected in slot 1. Clicking it.
2026-07-16 20:59:02 ThievingPhase: Stall ready. Clicking.
2026-07-16 20:59:03 ThievingPhase: Loot detected in slot 1. Clicking it.
2026-07-16 20:59:05 ThievingPhase: Stall ready. Clicking.
2026-07-16 20:59:06 ThievingPhase: Loot detected in slot 1. Clicking it.
2026-07-16 20:59:07 ThievingPhase: Stall ready. Clicking.
2026-07-16 20:59:09 ThievingPhase: Loot detected in slot 1. Clicking it.
2026-07-16 20:59:11 ThievingPhase: Stall ready. Clicking.
2026-07-16 20:59:12 ThievingPhase: Loot detected in slot 1. Clicking it.
2026-07-16 20:59:13 ThievingPhase: Stall ready. Clicking.
2026-07-16 20:59:15 ThievingPhase: Loot detected in slot 1. Clicking it.
2026-07-16 20:59:17 ThievingPhase: Stall ready. Clicking.
2026-07-16 20:59:18 ThievingPhase: Loot detected in slot 1. Clicking it.
2026-07-16 20:59:20 ThievingPhase: Stall ready. Clicking.
2026-07-16 20:59:21 ThievingPhase: Loot detected in slot 1. Clicking it.
2026-07-16 20:59:23 ThievingPhase: Stall ready. Clicking.
2026-07-16 20:59:24 ThievingPhase: Loot detected in slot 1. Clicking it.
2026-07-16 20:59:26 ThievingPhase: Stall ready. Clicking.
2026-07-16 20:59:27 ThievingPhase: Loot detected in slot 1. Clicking it.
2026-07-16 20:59:29 ThievingPhase: Stall ready. Clicking.
2026-07-16 20:59:30 ThievingPhase: Loot detected in slot 1. Clicking it.
2026-07-16 20:59:32 ThievingPhase: Stall ready. Clicking.
2026-07-16 20:59:33 ThievingPhase: Loot detected in slot 1. Clicking it.
2026-07-16 20:59:34 ThievingPhase: Stall ready. Clicking.
2026-07-16 20:59:36 ThievingPhase: Loot detected in slot 1. Clicking it.
2026-07-16 20:59:38 ThievingPhase: Stall ready. Clicking.
2026-07-16 20:59:39 ThievingPhase: Loot detected in slot 1. Clicking it.
2026-07-16 20:59:41 ThievingPhase: Stall ready. Clicking.
2026-07-16 20:59:42 ThievingPhase: Loot detected in slot 1. Clicking it.
2026-07-16 20:59:44 ThievingPhase: Stall ready. Clicking.
2026-07-16 20:59:45 ThievingPhase: Loot detected in slot 1. Clicking it.
2026-07-16 20:59:47 ThievingPhase: Stall ready. Clicking.
2026-07-16 20:59:48 ThievingPhase: Loot detected in slot 1. Clicking it.
2026-07-16 20:59:50 ThievingPhase: Stall ready. Clicking.
2026-07-16 20:59:51 ThievingPhase: Loot detected in slot 1. Clicking it.
2026-07-16 20:59:53 ThievingPhase: Stall ready. Clicking.
2026-07-16 20:59:54 ThievingPhase: Loot detected in slot 1. Clicking it.
2026-07-16 20:59:55 ThievingPhase: Stall ready. Clicking.
2026-07-16 20:59:57 ThievingPhase: Loot detected in slot 1. Clicking it.
2026-07-16 20:59:59 ThievingPhase: Stall ready. Clicking.
2026-07-16 21:00:00 ThievingPhase: Loot detected in slot 1. Clicking it.
2026-07-16 21:00:02 ThievingPhase: Stall ready. Clicking.
2026-07-16 21:00:03 ThievingPhase: Loot detected in slot 1. Clicking it.
2026-07-16 21:00:05 ThievingPhase: Stall ready. Clicking.
2026-07-16 21:00:06 ThievingPhase: Loot detected in slot 1. Clicking it.
2026-07-16 21:00:08 ThievingPhase: Stall ready. Clicking.
2026-07-16 21:00:09 ThievingPhase: Loot detected in slot 1. Clicking it.
2026-07-16 21:00:11 ThievingPhase: Stall ready. Clicking.
2026-07-16 21:00:12 ThievingPhase: Loot detected in slot 1. Clicking it.
2026-07-16 21:00:14 ThievingPhase: Stall ready. Clicking.
2026-07-16 21:00:15 ThievingPhase: Loot detected in slot 1. Clicking it.
2026-07-16 21:00:17 ThievingPhase: Stall ready. Clicking.
2026-07-16 21:00:18 ThievingPhase: Loot detected in slot 1. Clicking it.
2026-07-16 21:00:20 ThievingPhase: Stall ready. Clicking.
2026-07-16 21:00:21 ThievingPhase: Loot detected in slot 1. Clicking it.
2026-07-16 21:00:23 ThievingPhase: Stall ready. Clicking.
2026-07-16 21:00:24 ThievingPhase: Loot detected in slot 1. Clicking it.
2026-07-16 21:00:26 ThievingPhase: Stall ready. Clicking.
2026-07-16 21:00:27 ThievingPhase: Loot detected in slot 1. Clicking it.
2026-07-16 21:00:29 ThievingPhase: Stall ready. Clicking.
2026-07-16 21:00:30 ThievingPhase: Loot detected in slot 1. Clicking it.
2026-07-16 21:00:32 ThievingPhase: Stall ready. Clicking.
2026-07-16 21:00:33 ThievingPhase: Loot detected in slot 1. Clicking it.
2026-07-16 21:00:35 ThievingPhase: Stall ready. Clicking.
2026-07-16 21:00:36 ThievingPhase: Loot detected in slot 1. Clicking it.
2026-07-16 21:00:38 ThievingPhase: Stall ready. Clicking.
2026-07-16 21:00:39 ThievingPhase: Loot detected in slot 1. Clicking it.
2026-07-16 21:00:41 ThievingPhase: Stall ready. Clicking.
2026-07-16 21:00:42 ThievingPhase: Loot detected in slot 1. Clicking it.
2026-07-16 21:00:44 ThievingPhase: Stall ready. Clicking.
2026-07-16 21:00:45 ThievingPhase: Loot detected in slot 1. Clicking it.
2026-07-16 21:00:47 ThievingPhase: Stall ready. Clicking.
2026-07-16 21:00:48 ThievingPhase: Loot detected in slot 1. Clicking it.
2026-07-16 21:00:50 ThievingPhase: Stall ready. Clicking.
2026-07-16 21:00:51 ThievingPhase: Loot detected in slot 1. Clicking it.
2026-07-16 21:00:53 ThievingPhase: Stall ready. Clicking.
2026-07-16 21:00:54 ThievingPhase: Loot detected in slot 1. Clicking it.
2026-07-16 21:00:56 ThievingPhase: Stall ready. Clicking.
2026-07-16 21:00:57 ThievingPhase: Loot detected in slot 1. Clicking it.
2026-07-16 21:00:59 ThievingPhase: Stall ready. Clicking.
2026-07-16 21:01:00 ThievingPhase: Loot detected in slot 1. Clicking it.
2026-07-16 21:01:02 ThievingPhase: Stall ready. Clicking.
2026-07-16 21:01:03 ThievingPhase: Loot detected in slot 1. Clicking it.
2026-07-16 21:01:05 ThievingPhase: Stall ready. Clicking.
2026-07-16 21:01:06 ThievingPhase: Loot detected in slot 1. Clicking it.
2026-07-16 21:01:08 ThievingPhase: Stall ready. Clicking.
2026-07-16 21:01:09 ThievingPhase: Loot detected in slot 1. Clicking it.
2026-07-16 21:01:11 ThievingPhase: Stall ready. Clicking.
2026-07-16 21:01:12 ThievingPhase: Loot detected in slot 1. Clicking it.
2026-07-16 21:01:14 ThievingPhase: Stall ready. Clicking.
2026-07-16 21:01:15 ThievingPhase: Loot detected in slot 1. Clicking it.
2026-07-16 21:01:17 ThievingPhase: Stall ready. Clicking.
2026-07-16 21:01:19 ThievingPhase: No loot after 2000ms - assuming detected, waiting for combat.
2026-07-16 21:01:23 WaitCombatPhase: No combat signal after 4000ms - retrying
2026-07-16 21:01:23 ThievingPhase: Stall ready. Clicking.
2026-07-16 21:01:24 ThievingPhase: Loot detected in slot 1. Clicking it.
2026-07-16 21:01:26 ThievingPhase: Stall ready. Clicking.
2026-07-16 21:01:27 ThievingPhase: Loot detected in slot 1. Clicking it.
2026-07-16 21:01:29 ThievingPhase: Stall ready. Clicking.
2026-07-16 21:01:30 ThievingPhase: Loot detected in slot 1. Clicking it.
2026-07-16 21:01:32 ThievingPhase: Stall ready. Clicking.
2026-07-16 21:01:33 ThievingPhase: Loot detected in slot 1. Clicking it.
2026-07-16 21:01:35 ThievingPhase: Stall ready. Clicking.
2026-07-16 21:01:36 ThievingPhase: Loot detected in slot 1. Clicking it.
2026-07-16 21:01:38 ThievingPhase: Stall ready. Clicking.
2026-07-16 21:01:39 ThievingPhase: Loot detected in slot 1. Clicking it.
2026-07-16 21:01:41 ThievingPhase: Stall ready. Clicking.
2026-07-16 21:01:43 ThievingPhase: Loot detected in slot 1. Clicking it.
2026-07-16 21:01:44 ThievingPhase: Stall ready. Clicking.
2026-07-16 21:01:45 ThievingPhase: Loot detected in slot 1. Clicking it.
2026-07-16 21:01:47 ThievingPhase: Stall ready. Clicking.
2026-07-16 21:01:48 ThievingPhase: Loot detected in slot 1. Clicking it.
2026-07-16 21:01:50 ThievingPhase: Stall ready. Clicking.
2026-07-16 21:01:51 ThievingPhase: Loot detected in slot 1. Clicking it.
2026-07-16 21:01:53 ThievingPhase: Stall ready. Clicking.
2026-07-16 21:01:54 ThievingPhase: Loot detected in slot 1. Clicking it.
2026-07-16 21:01:56 ThievingPhase: Stall ready. Clicking.
2026-07-16 21:01:57 ThievingPhase: Loot detected in slot 1. Clicking it.
2026-07-16 21:01:59 ThievingPhase: Stall ready. Clicking.
2026-07-16 21:02:00 ThievingPhase: Loot detected in slot 1. Clicking it.
2026-07-16 21:02:02 ThievingPhase: Stall ready. Clicking.
2026-07-16 21:02:03 ThievingPhase: Loot detected in slot 1. Clicking it.
2026-07-16 21:02:05 ThievingPhase: Stall ready. Clicking.
2026-07-16 21:02:06 ThievingPhase: Loot detected in slot 1. Clicking it.
2026-07-16 21:02:08 ThievingPhase: Stall ready. Clicking.
2026-07-16 21:02:09 ThievingPhase: Loot detected in slot 1. Clicking it.
2026-07-16 21:02:11 ThievingPhase: Stall ready. Clicking.
2026-07-16 21:02:12 ThievingPhase: Loot detected in slot 1. Clicking it.
2026-07-16 21:02:14 ThievingPhase: Stall ready. Clicking.
2026-07-16 21:02:16 ThievingPhase: Loot detected in slot 1. Clicking it.
2026-07-16 21:02:17 ThievingPhase: Stall ready. Clicking.
2026-07-16 21:02:18 ThievingPhase: Loot detected in slot 1. Clicking it.
2026-07-16 21:02:20 ThievingPhase: Stall ready. Clicking.
2026-07-16 21:02:21 ThievingPhase: Loot detected in slot 1. Clicking it.
2026-07-16 21:02:23 ThievingPhase: Stall ready. Clicking.
2026-07-16 21:02:25 ThievingPhase: Loot detected in slot 1. Clicking it.
2026-07-16 21:02:26 ThievingPhase: Stall ready. Clicking.
2026-07-16 21:02:27 ThievingPhase: Loot detected in slot 1. Clicking it.
2026-07-16 21:02:29 ThievingPhase: Stall ready. Clicking.
2026-07-16 21:02:31 ThievingPhase: Loot detected in slot 1. Clicking it.
2026-07-16 21:02:32 ThievingPhase: Stall ready. Clicking.
2026-07-16 21:02:33 ThievingPhase: Loot detected in slot 1. Clicking it.
2026-07-16 21:02:35 ThievingPhase: Stall ready. Clicking.
2026-07-16 21:02:36 ThievingPhase: Loot detected in slot 1. Clicking it.
2026-07-16 21:02:38 ThievingPhase: Stall ready. Clicking.
2026-07-16 21:02:39 ThievingPhase: Loot detected in slot 1. Clicking it.
2026-07-16 21:02:41 ThievingPhase: Stall ready. Clicking.
2026-07-16 21:02:43 ThievingPhase: Loot detected in slot 1. Clicking it.
2026-07-16 21:02:44 ThievingPhase: Stall ready. Clicking.
2026-07-16 21:02:45 ThievingPhase: Loot detected in slot 1. Clicking it.
2026-07-16 21:02:47 ThievingPhase: Stall ready. Clicking.
2026-07-16 21:02:48 ThievingPhase: Loot detected in slot 1. Clicking it.
2026-07-16 21:02:50 ThievingPhase: Stall ready. Clicking.
2026-07-16 21:02:51 ThievingPhase: Loot detected in slot 1. Clicking it.
2026-07-16 21:02:53 ThievingPhase: Stall ready. Clicking.
2026-07-16 21:02:54 ThievingPhase: Loot detected in slot 1. Clicking it.
2026-07-16 21:02:56 ThievingPhase: Stall ready. Clicking.
2026-07-16 21:02:57 ThievingPhase: Loot detected in slot 1. Clicking it.
2026-07-16 21:02:59 ThievingPhase: Stall ready. Clicking.
2026-07-16 21:03:00 ThievingPhase: Loot detected in slot 1. Clicking it.
2026-07-16 21:03:02 ThievingPhase: Stall ready. Clicking.
2026-07-16 21:03:03 ThievingPhase: Loot detected in slot 1. Clicking it.
2026-07-16 21:03:05 ThievingPhase: Stall ready. Clicking.
2026-07-16 21:03:06 ThievingPhase: Loot detected in slot 1. Clicking it.
2026-07-16 21:03:08 ThievingPhase: Stall ready. Clicking.
2026-07-16 21:03:10 ThievingPhase: Loot detected in slot 1. Clicking it.
2026-07-16 21:03:11 ThievingPhase: Stall ready. Clicking.
2026-07-16 21:03:12 ThievingPhase: Loot detected in slot 1. Clicking it.
2026-07-16 21:03:14 ThievingPhase: Stall ready. Clicking.
2026-07-16 21:03:15 ThievingPhase: Loot detected in slot 1. Clicking it.
2026-07-16 21:03:17 ThievingPhase: Stall ready. Clicking.
2026-07-16 21:03:19 ThievingPhase: Loot detected in slot 1. Clicking it.
2026-07-16 21:03:20 ThievingPhase: Stall ready. Clicking.
2026-07-16 21:03:21 ThievingPhase: Loot detected in slot 1. Clicking it.
2026-07-16 21:03:23 ThievingPhase: Stall ready. Clicking.
2026-07-16 21:03:24 ThievingPhase: Loot detected in slot 1. Clicking it.
2026-07-16 21:03:26 ThievingPhase: Stall ready. Clicking.
2026-07-16 21:03:28 ThievingPhase: Loot detected in slot 1. Clicking it.
2026-07-16 21:03:29 ThievingPhase: Stall ready. Clicking.
2026-07-16 21:03:30 ThievingPhase: Loot detected in slot 1. Clicking it.
2026-07-16 21:03:32 ThievingPhase: Stall ready. Clicking.
2026-07-16 21:03:33 ThievingPhase: Loot detected in slot 1. Clicking it.
2026-07-16 21:03:35 ThievingPhase: Stall ready. Clicking.
2026-07-16 21:03:37 ThievingPhase: Loot detected in slot 1. Clicking it.
2026-07-16 21:03:38 ThievingPhase: Stall ready. Clicking.
2026-07-16 21:03:39 ThievingPhase: Loot detected in slot 1. Clicking it.
2026-07-16 21:03:41 ThievingPhase: Stall ready. Clicking.
2026-07-16 21:03:43 ThievingPhase: Loot detected in slot 1. Clicking it.
2026-07-16 21:03:44 ThievingPhase: Stall ready. Clicking.
2026-07-16 21:03:45 ThievingPhase: Loot detected in slot 1. Clicking it.
2026-07-16 21:03:47 ThievingPhase: Stall ready. Clicking.
2026-07-16 21:03:48 ThievingPhase: Loot detected in slot 1. Clicking it.
2026-07-16 21:03:50 ThievingPhase: Stall ready. Clicking.
2026-07-16 21:03:51 ThievingPhase: Loot detected in slot 1. Clicking it.
2026-07-16 21:03:53 ThievingPhase: Stall ready. Clicking.
2026-07-16 21:03:54 ThievingPhase: Loot detected in slot 1. Clicking it.
2026-07-16 21:03:56 ThievingPhase: Stall ready. Clicking.
2026-07-16 21:03:57 ThievingPhase: Loot detected in slot 1. Clicking it.
2026-07-16 21:03:59 ThievingPhase: Stall ready. Clicking.
2026-07-16 21:04:00 ThievingPhase: Loot detected in slot 1. Clicking it.
2026-07-16 21:04:02 ThievingPhase: Stall ready. Clicking.
2026-07-16 21:04:03 ThievingPhase: Loot detected in slot 1. Clicking it.
2026-07-16 21:04:05 ThievingPhase: Stall ready. Clicking.
2026-07-16 21:04:06 ThievingPhase: Loot detected in slot 1. Clicking it.
2026-07-16 21:04:08 ThievingPhase: Stall ready. Clicking.
2026-07-16 21:04:09 ThievingPhase: Loot detected in slot 1. Clicking it.
2026-07-16 21:04:11 ThievingPhase: Stall ready. Clicking.
2026-07-16 21:04:12 ThievingPhase: Loot detected in slot 1. Clicking it.
2026-07-16 21:04:14 ThievingPhase: Stall ready. Clicking.
2026-07-16 21:04:15 ThievingPhase: Loot detected in slot 1. Clicking it.
2026-07-16 21:04:17 ThievingPhase: Stall ready. Clicking.
2026-07-16 21:04:18 ThievingPhase: Loot detected in slot 1. Clicking it.
2026-07-16 21:04:20 ThievingPhase: Stall ready. Clicking.
2026-07-16 21:04:21 ThievingPhase: Loot detected in slot 1. Clicking it.
2026-07-16 21:04:23 ThievingPhase: Stall ready. Clicking.
2026-07-16 21:04:24 ThievingPhase: Loot detected in slot 1. Clicking it.
2026-07-16 21:04:26 ThievingPhase: Stall ready. Clicking.
2026-07-16 21:04:27 ThievingPhase: Loot detected in slot 1. Clicking it.
2026-07-16 21:04:29 ThievingPhase: Stall ready. Clicking.
2026-07-16 21:04:30 ThievingPhase: Loot detected in slot 1. Clicking it.
2026-07-16 21:04:32 ThievingPhase: Stall ready. Clicking.
2026-07-16 21:04:33 ThievingPhase: Loot detected in slot 1. Clicking it.
2026-07-16 21:04:35 ThievingPhase: Stall ready. Clicking.
2026-07-16 21:04:37 ThievingPhase: Loot detected in slot 1. Clicking it.
2026-07-16 21:04:38 ThievingPhase: Stall ready. Clicking.
2026-07-16 21:04:39 ThievingPhase: Loot detected in slot 1. Clicking it.
2026-07-16 21:04:41 ThievingPhase: Stall ready. Clicking.
2026-07-16 21:04:43 ThievingPhase: Loot detected in slot 1. Clicking it.
2026-07-16 21:04:44 ThievingPhase: Stall ready. Clicking.
2026-07-16 21:04:46 ThievingPhase: Loot detected in slot 1. Clicking it.
2026-07-16 21:04:47 ThievingPhase: Stall ready. Clicking.
2026-07-16 21:04:48 ThievingPhase: Loot detected in slot 1. Clicking it.
2026-07-16 21:04:50 ThievingPhase: Stall ready. Clicking.
2026-07-16 21:04:51 ThievingPhase: Loot detected in slot 1. Clicking it.
2026-07-16 21:04:53 ThievingPhase: Stall ready. Clicking.
2026-07-16 21:04:54 ThievingPhase: Loot detected in slot 1. Clicking it.
2026-07-16 21:04:56 ThievingPhase: Stall ready. Clicking.
2026-07-16 21:04:57 ThievingPhase: Loot detected in slot 1. Clicking it.
2026-07-16 21:04:59 ThievingPhase: Stall ready. Clicking.
2026-07-16 21:05:00 ThievingPhase: Loot detected in slot 1. Clicking it.
2026-07-16 21:05:02 ThievingPhase: Stall ready. Clicking.
2026-07-16 21:05:04 ThievingPhase: Loot detected in slot 1. Clicking it.
2026-07-16 21:05:05 ThievingPhase: Stall ready. Clicking.
2026-07-16 21:05:07 ThievingPhase: Loot detected in slot 1. Clicking it.
2026-07-16 21:05:08 ThievingPhase: Stall ready. Clicking.
2026-07-16 21:05:09 ThievingPhase: Loot detected in slot 1. Clicking it.
2026-07-16 21:05:11 ThievingPhase: Stall ready. Clicking.
2026-07-16 21:05:13 ThievingPhase: Loot detected in slot 1. Clicking it.
2026-07-16 21:05:14 ThievingPhase: Stall ready. Clicking.
2026-07-16 21:05:15 ThievingPhase: Loot detected in slot 1. Clicking it.
2026-07-16 21:05:17 ThievingPhase: Stall ready. Clicking.
2026-07-16 21:05:18 ThievingPhase: Loot detected in slot 1. Clicking it.
2026-07-16 21:05:20 ThievingPhase: Stall ready. Clicking.
2026-07-16 21:05:21 ThievingPhase: Loot detected in slot 1. Clicking it.
2026-07-16 21:05:23 ThievingPhase: Stall ready. Clicking.
2026-07-16 21:05:25 ThievingPhase: Loot detected in slot 1. Clicking it.
2026-07-16 21:05:26 ThievingPhase: Stall ready. Clicking.
2026-07-16 21:05:27 ThievingPhase: Loot detected in slot 1. Clicking it.
2026-07-16 21:05:29 ThievingPhase: Stall ready. Clicking.
2026-07-16 21:05:30 ThievingPhase: Loot detected in slot 1. Clicking it.
2026-07-16 21:05:32 ThievingPhase: Stall ready. Clicking.
2026-07-16 21:05:34 ThievingPhase: Loot detected in slot 1. Clicking it.
2026-07-16 21:05:35 ThievingPhase: Stall ready. Clicking.
2026-07-16 21:05:36 ThievingPhase: Loot detected in slot 1. Clicking it.
2026-07-16 21:05:38 ThievingPhase: Stall ready. Clicking.
2026-07-16 21:05:39 ThievingPhase: Loot detected in slot 1. Clicking it.
2026-07-16 21:05:41 ThievingPhase: Stall ready. Clicking.
2026-07-16 21:05:43 ThievingPhase: Loot detected in slot 1. Clicking it.
2026-07-16 21:05:44 ThievingPhase: Stall ready. Clicking.
2026-07-16 21:05:45 ThievingPhase: Loot detected in slot 1. Clicking it.
2026-07-16 21:05:47 ThievingPhase: Stall ready. Clicking.
2026-07-16 21:05:48 ThievingPhase: Loot detected in slot 1. Clicking it.
2026-07-16 21:05:50 ThievingPhase: Stall ready. Clicking.
2026-07-16 21:05:51 ThievingPhase: Loot detected in slot 1. Clicking it.
2026-07-16 21:05:53 ThievingPhase: Stall ready. Clicking.
2026-07-16 21:05:54 ThievingPhase: Loot detected in slot 1. Clicking it.
2026-07-16 21:05:56 ThievingPhase: Stall ready. Clicking.
2026-07-16 21:05:58 ThievingPhase: Loot detected in slot 1. Clicking it.
2026-07-16 21:05:59 ThievingPhase: Stall ready. Clicking.
2026-07-16 21:06:00 ThievingPhase: Loot detected in slot 1. Clicking it.
2026-07-16 21:06:02 ThievingPhase: Stall ready. Clicking.
2026-07-16 21:06:03 ThievingPhase: Loot detected in slot 1. Clicking it.
2026-07-16 21:06:05 ThievingPhase: Stall ready. Clicking.
2026-07-16 21:06:06 ThievingPhase: Loot detected in slot 1. Clicking it.
2026-07-16 21:06:08 ThievingPhase: Stall ready. Clicking.
2026-07-16 21:06:09 ThievingPhase: Loot detected in slot 1. Clicking it.
2026-07-16 21:06:11 ThievingPhase: Stall ready. Clicking.
2026-07-16 21:06:13 ThievingPhase: Loot detected in slot 1. Clicking it.
2026-07-16 21:06:14 ThievingPhase: Stall ready. Clicking.
2026-07-16 21:06:15 ThievingPhase: Loot detected in slot 1. Clicking it.
2026-07-16 21:06:17 ThievingPhase: Stall ready. Clicking.
2026-07-16 21:06:18 ThievingPhase: Loot detected in slot 1. Clicking it.
2026-07-16 21:06:20 ThievingPhase: Stall ready. Clicking.
2026-07-16 21:06:22 ThievingPhase: Loot detected in slot 1. Clicking it.
2026-07-16 21:06:23 ThievingPhase: Stall ready. Clicking.
2026-07-16 21:06:24 ThievingPhase: Loot detected in slot 1. Clicking it.
2026-07-16 21:06:26 ThievingPhase: Stall ready. Clicking.
2026-07-16 21:06:27 ThievingPhase: Loot detected in slot 1. Clicking it.
2026-07-16 21:06:29 ThievingPhase: Stall ready. Clicking.
2026-07-16 21:06:30 ThievingPhase: Loot detected in slot 1. Clicking it.
2026-07-16 21:06:32 ThievingPhase: Stall ready. Clicking.
2026-07-16 21:06:34 ThievingPhase: Loot detected in slot 1. Clicking it.
2026-07-16 21:06:35 ThievingPhase: Stall ready. Clicking.
2026-07-16 21:06:37 ThievingPhase: Loot detected in slot 1. Clicking it.
2026-07-16 21:06:38 ThievingPhase: Stall ready. Clicking.
2026-07-16 21:06:39 ThievingPhase: Loot detected in slot 1. Clicking it.
2026-07-16 21:06:41 ThievingPhase: Stall ready. Clicking.
2026-07-16 21:06:42 ThievingPhase: Loot detected in slot 1. Clicking it.
2026-07-16 21:06:44 ThievingPhase: Stall ready. Clicking.
2026-07-16 21:06:46 ThievingPhase: Loot detected in slot 1. Clicking it.
2026-07-16 21:06:47 ThievingPhase: Stall ready. Clicking.
2026-07-16 21:06:48 ThievingPhase: Loot detected in slot 1. Clicking it.
2026-07-16 21:06:50 ThievingPhase: Stall ready. Clicking.
2026-07-16 21:06:51 ThievingPhase: Loot detected in slot 1. Clicking it.
2026-07-16 21:06:53 ThievingPhase: Stall ready. Clicking.
2026-07-16 21:06:54 ThievingPhase: Loot detected in slot 1. Clicking it.
2026-07-16 21:06:56 ThievingPhase: Stall ready. Clicking.
2026-07-16 21:06:57 ThievingPhase: Loot detected in slot 1. Clicking it.
2026-07-16 21:06:59 ThievingPhase: Stall ready. Clicking.
2026-07-16 21:07:01 ThievingPhase: Loot detected in slot 1. Clicking it.
2026-07-16 21:07:02 ThievingPhase: Stall ready. Clicking.
2026-07-16 21:07:03 ThievingPhase: Loot detected in slot 1. Clicking it.
2026-07-16 21:07:05 ThievingPhase: Stall ready. Clicking.
2026-07-16 21:07:06 ThievingPhase: Loot detected in slot 1. Clicking it.
2026-07-16 21:07:08 ThievingPhase: Stall ready. Clicking.
2026-07-16 21:07:09 ThievingPhase: Loot detected in slot 1. Clicking it.
2026-07-16 21:07:11 ThievingPhase: Stall ready. Clicking.
2026-07-16 21:07:12 ThievingPhase: Loot detected in slot 1. Clicking it.
2026-07-16 21:07:14 ThievingPhase: Stall ready. Clicking.
2026-07-16 21:07:15 ThievingPhase: Loot detected in slot 1. Clicking it.
2026-07-16 21:07:17 ThievingPhase: Stall ready. Clicking.
2026-07-16 21:07:19 ThievingPhase: Loot detected in slot 1. Clicking it.
2026-07-16 21:07:20 ThievingPhase: Stall ready. Clicking.
2026-07-16 21:07:21 ThievingPhase: Loot detected in slot 1. Clicking it.
2026-07-16 21:07:23 ThievingPhase: Stall ready. Clicking.
2026-07-16 21:07:24 ThievingPhase: Loot detected in slot 1. Clicking it.
2026-07-16 21:07:26 ThievingPhase: Stall ready. Clicking.
2026-07-16 21:07:28 ThievingPhase: Loot detected in slot 1. Clicking it.
2026-07-16 21:07:29 ThievingPhase: Stall ready. Clicking.
2026-07-16 21:07:31 ThievingPhase: Loot detected in slot 1. Clicking it.
2026-07-16 21:07:32 ThievingPhase: Stall ready. Clicking.
2026-07-16 21:07:33 ThievingPhase: Loot detected in slot 1. Clicking it.
2026-07-16 21:07:35 ThievingPhase: Stall ready. Clicking.
2026-07-16 21:07:37 ThievingPhase: Loot detected in slot 1. Clicking it.
2026-07-16 21:07:38 ThievingPhase: Stall ready. Clicking.
2026-07-16 21:07:40 ThievingPhase: Loot detected in slot 1. Clicking it.
2026-07-16 21:07:41 ThievingPhase: Stall ready. Clicking.
2026-07-16 21:07:42 ThievingPhase: Loot detected in slot 1. Clicking it.
2026-07-16 21:07:44 ThievingPhase: Stall ready. Clicking.
2026-07-16 21:07:45 ThievingPhase: Loot detected in slot 1. Clicking it.
2026-07-16 21:07:47 ThievingPhase: Stall ready. Clicking.
2026-07-16 21:07:49 ThievingPhase: Loot detected in slot 1. Clicking it.
2026-07-16 21:07:50 ThievingPhase: Stall ready. Clicking.
2026-07-16 21:07:52 ThievingPhase: Loot detected in slot 1. Clicking it.
2026-07-16 21:07:53 ThievingPhase: Stall ready. Clicking.
2026-07-16 21:07:54 ThievingPhase: Loot detected in slot 1. Clicking it.
2026-07-16 21:07:56 ThievingPhase: Stall ready. Clicking.
2026-07-16 21:07:58 ThievingPhase: Loot detected in slot 1. Clicking it.
2026-07-16 21:07:59 ThievingPhase: Stall ready. Clicking.
2026-07-16 21:08:01 ThievingPhase: Loot detected in slot 1. Clicking it.
2026-07-16 21:08:02 ThievingPhase: Stall ready. Clicking.
2026-07-16 21:08:03 ThievingPhase: Loot detected in slot 1. Clicking it.
2026-07-16 21:08:05 ThievingPhase: Stall ready. Clicking.
2026-07-16 21:08:07 ThievingPhase: Loot detected in slot 1. Clicking it.
2026-07-16 21:08:08 ThievingPhase: Stall ready. Clicking.
2026-07-16 21:08:09 ThievingPhase: Loot detected in slot 1. Clicking it.
2026-07-16 21:08:11 ThievingPhase: Stall ready. Clicking.
2026-07-16 21:08:12 ThievingPhase: Loot detected in slot 1. Clicking it.
2026-07-16 21:08:14 ThievingPhase: Stall ready. Clicking.
2026-07-16 21:08:15 ThievingPhase: Loot detected in slot 1. Clicking it.
2026-07-16 21:08:17 ThievingPhase: Stall ready. Clicking.
2026-07-16 21:08:19 ThievingPhase: Loot detected in slot 1. Clicking it.
2026-07-16 21:08:20 ThievingPhase: Stall ready. Clicking.
2026-07-16 21:08:22 ThievingPhase: Loot detected in slot 1. Clicking it.
2026-07-16 21:08:23 ThievingPhase: Stall ready. Clicking.
2026-07-16 21:08:26 ThievingPhase: No loot after 2000ms - assuming detected, waiting for combat.
2026-07-16 21:08:30 WaitCombatPhase: No combat signal after 4000ms - retrying
2026-07-16 21:08:30 ThievingPhase: Stall ready. Clicking.
2026-07-16 21:08:31 ThievingPhase: Loot detected in slot 1. Clicking it.
2026-07-16 21:08:33 ThievingPhase: Stall ready. Clicking.
2026-07-16 21:08:34 ThievingPhase: Loot detected in slot 1. Clicking it.
2026-07-16 21:08:36 ThievingPhase: Stall ready. Clicking.
2026-07-16 21:08:37 ThievingPhase: Loot detected in slot 1. Clicking it.
2026-07-16 21:08:39 ThievingPhase: Stall ready. Clicking.
2026-07-16 21:08:40 ThievingPhase: Loot detected in slot 1. Clicking it.
2026-07-16 21:08:42 ThievingPhase: Stall ready. Clicking.
2026-07-16 21:08:43 ThievingPhase: Loot detected in slot 1. Clicking it.
2026-07-16 21:08:45 ThievingPhase: Stall ready. Clicking.
2026-07-16 21:08:46 ThievingPhase: Loot detected in slot 1. Clicking it.
2026-07-16 21:08:48 ThievingPhase: Stall ready. Clicking.
2026-07-16 21:08:49 ThievingPhase: Loot detected in slot 1. Clicking it.
2026-07-16 21:08:51 ThievingPhase: Stall ready. Clicking.
2026-07-16 21:08:52 ThievingPhase: Loot detected in slot 1. Clicking it.
2026-07-16 21:08:54 ThievingPhase: Stall ready. Clicking.
2026-07-16 21:08:55 ThievingPhase: Loot detected in slot 1. Clicking it.
2026-07-16 21:08:57 ThievingPhase: Stall ready. Clicking.
2026-07-16 21:08:58 ThievingPhase: Loot detected in slot 1. Clicking it.
2026-07-16 21:09:00 ThievingPhase: Stall ready. Clicking.
2026-07-16 21:09:01 ThievingPhase: Loot detected in slot 1. Clicking it.
2026-07-16 21:09:03 ThievingPhase: Stall ready. Clicking.
2026-07-16 21:09:04 ThievingPhase: Loot detected in slot 1. Clicking it.
2026-07-16 21:09:06 ThievingPhase: Stall ready. Clicking.
2026-07-16 21:09:07 ThievingPhase: Loot detected in slot 1. Clicking it.
2026-07-16 21:09:09 ThievingPhase: Stall ready. Clicking.
2026-07-16 21:09:10 ThievingPhase: Loot detected in slot 1. Clicking it.
2026-07-16 21:09:12 ThievingPhase: Stall ready. Clicking.
2026-07-16 21:09:13 ThievingPhase: Loot detected in slot 1. Clicking it.
2026-07-16 21:09:15 ThievingPhase: Stall ready. Clicking.
2026-07-16 21:09:16 ThievingPhase: Loot detected in slot 1. Clicking it.
2026-07-16 21:09:18 ThievingPhase: Stall ready. Clicking.
2026-07-16 21:09:19 ThievingPhase: Loot detected in slot 1. Clicking it.
2026-07-16 21:09:21 ThievingPhase: Stall ready. Clicking.
2026-07-16 21:09:22 ThievingPhase: Loot detected in slot 1. Clicking it.
2026-07-16 21:09:24 ThievingPhase: Stall ready. Clicking.
2026-07-16 21:09:25 ThievingPhase: Loot detected in slot 1. Clicking it.
2026-07-16 21:09:27 ThievingPhase: Stall ready. Clicking.
2026-07-16 21:09:28 ThievingPhase: Loot detected in slot 1. Clicking it.
2026-07-16 21:09:30 ThievingPhase: Stall ready. Clicking.
2026-07-16 21:09:31 ThievingPhase: Loot detected in slot 1. Clicking it.
2026-07-16 21:09:33 ThievingPhase: Stall ready. Clicking.
2026-07-16 21:09:34 ThievingPhase: Loot detected in slot 1. Clicking it.
2026-07-16 21:09:36 ThievingPhase: Stall ready. Clicking.
2026-07-16 21:09:37 ThievingPhase: Loot detected in slot 1. Clicking it.
2026-07-16 21:09:39 ThievingPhase: Stall ready. Clicking.
2026-07-16 21:09:40 ThievingPhase: Loot detected in slot 1. Clicking it.
2026-07-16 21:09:42 ThievingPhase: Stall ready. Clicking.
2026-07-16 21:09:43 ThievingPhase: Loot detected in slot 1. Clicking it.
2026-07-16 21:09:45 ThievingPhase: Stall ready. Clicking.
2026-07-16 21:09:46 ThievingPhase: Loot detected in slot 1. Clicking it.
2026-07-16 21:09:48 ThievingPhase: Stall ready. Clicking.
2026-07-16 21:09:49 ThievingPhase: Loot detected in slot 1. Clicking it.
2026-07-16 21:09:51 ThievingPhase: Stall ready. Clicking.
2026-07-16 21:09:52 ThievingPhase: Loot detected in slot 1. Clicking it.
2026-07-16 21:09:54 ThievingPhase: Stall ready. Clicking.
2026-07-16 21:09:55 ThievingPhase: Loot detected in slot 1. Clicking it.
2026-07-16 21:09:57 ThievingPhase: Stall ready. Clicking.
2026-07-16 21:09:58 ThievingPhase: Loot detected in slot 1. Clicking it.
2026-07-16 21:10:00 ThievingPhase: Stall ready. Clicking.
2026-07-16 21:10:01 ThievingPhase: Loot detected in slot 1. Clicking it.
2026-07-16 21:10:03 ThievingPhase: Stall ready. Clicking.
2026-07-16 21:10:04 ThievingPhase: Loot detected in slot 1. Clicking it.
2026-07-16 21:10:06 ThievingPhase: Stall ready. Clicking.
2026-07-16 21:10:07 ThievingPhase: Loot detected in slot 1. Clicking it.
2026-07-16 21:10:09 ThievingPhase: Stall ready. Clicking.
2026-07-16 21:10:10 ThievingPhase: Loot detected in slot 1. Clicking it.
2026-07-16 21:10:12 ThievingPhase: Stall ready. Clicking.
2026-07-16 21:10:13 ThievingPhase: Loot detected in slot 1. Clicking it.
2026-07-16 21:10:15 ThievingPhase: Stall ready. Clicking.
2026-07-16 21:10:16 ThievingPhase: Loot detected in slot 1. Clicking it.
2026-07-16 21:10:18 ThievingPhase: Stall ready. Clicking.
2026-07-16 21:10:19 ThievingPhase: Loot detected in slot 1. Clicking it.
2026-07-16 21:10:21 ThievingPhase: Stall ready. Clicking.
2026-07-16 21:10:22 ThievingPhase: Loot detected in slot 1. Clicking it.
2026-07-16 21:10:24 ThievingPhase: Stall ready. Clicking.
2026-07-16 21:10:25 ThievingPhase: Loot detected in slot 1. Clicking it.
2026-07-16 21:10:27 ThievingPhase: Stall ready. Clicking.
2026-07-16 21:10:28 ThievingPhase: Loot detected in slot 1. Clicking it.
2026-07-16 21:10:30 ThievingPhase: Stall ready. Clicking.
2026-07-16 21:10:31 ThievingPhase: Loot detected in slot 1. Clicking it.
2026-07-16 21:10:33 ThievingPhase: Stall ready. Clicking.
2026-07-16 21:10:34 ThievingPhase: Loot detected in slot 1. Clicking it.
2026-07-16 21:10:36 ThievingPhase: Stall ready. Clicking.
2026-07-16 21:10:37 ThievingPhase: Loot detected in slot 1. Clicking it.
2026-07-16 21:10:39 ThievingPhase: Stall ready. Clicking.
2026-07-16 21:10:40 ThievingPhase: Loot detected in slot 1. Clicking it.
2026-07-16 21:10:42 ThievingPhase: Stall ready. Clicking.
2026-07-16 21:10:43 ThievingPhase: Loot detected in slot 1. Clicking it.
2026-07-16 21:10:45 ThievingPhase: Stall ready. Clicking.
2026-07-16 21:10:46 ThievingPhase: Loot detected in slot 1. Clicking it.
2026-07-16 21:10:48 ThievingPhase: Stall ready. Clicking.
2026-07-16 21:10:49 ThievingPhase: Loot detected in slot 1. Clicking it.
2026-07-16 21:10:51 ThievingPhase: Stall ready. Clicking.
2026-07-16 21:10:52 ThievingPhase: Loot detected in slot 1. Clicking it.
2026-07-16 21:10:54 ThievingPhase: Stall ready. Clicking.
2026-07-16 21:10:55 ThievingPhase: Loot detected in slot 1. Clicking it.
2026-07-16 21:10:57 ThievingPhase: Stall ready. Clicking.
2026-07-16 21:10:58 ThievingPhase: Loot detected in slot 1. Clicking it.
2026-07-16 21:11:00 ThievingPhase: Stall ready. Clicking.
2026-07-16 21:11:01 ThievingPhase: Loot detected in slot 1. Clicking it.
2026-07-16 21:11:03 ThievingPhase: Stall ready. Clicking.
2026-07-16 21:11:04 ThievingPhase: Loot detected in slot 1. Clicking it.
2026-07-16 21:11:06 ThievingPhase: Stall ready. Clicking.
2026-07-16 21:11:07 ThievingPhase: Loot detected in slot 1. Clicking it.
2026-07-16 21:11:09 ThievingPhase: Stall ready. Clicking.
2026-07-16 21:11:10 ThievingPhase: Loot detected in slot 1. Clicking it.
2026-07-16 21:11:12 ThievingPhase: Stall ready. Clicking.
2026-07-16 21:11:13 ThievingPhase: Loot detected in slot 1. Clicking it.
2026-07-16 21:11:15 ThievingPhase: Stall ready. Clicking.
2026-07-16 21:11:16 ThievingPhase: Loot detected in slot 1. Clicking it.
2026-07-16 21:11:18 ThievingPhase: Stall ready. Clicking.
2026-07-16 21:11:19 ThievingPhase: Loot detected in slot 1. Clicking it.
2026-07-16 21:11:21 ThievingPhase: Stall ready. Clicking.
2026-07-16 21:11:22 ThievingPhase: Loot detected in slot 1. Clicking it.
2026-07-16 21:11:24 ThievingPhase: Stall ready. Clicking.
2026-07-16 21:11:25 ThievingPhase: Loot detected in slot 1. Clicking it.
2026-07-16 21:11:27 ThievingPhase: Stall ready. Clicking.
2026-07-16 21:11:28 ThievingPhase: Loot detected in slot 1. Clicking it.
2026-07-16 21:11:30 ThievingPhase: Stall ready. Clicking.
2026-07-16 21:11:31 ThievingPhase: Loot detected in slot 1. Clicking it.
2026-07-16 21:11:33 ThievingPhase: Stall ready. Clicking.
2026-07-16 21:11:34 ThievingPhase: Loot detected in slot 1. Clicking it.
2026-07-16 21:11:36 ThievingPhase: Stall ready. Clicking.
2026-07-16 21:11:37 ThievingPhase: Loot detected in slot 1. Clicking it.
2026-07-16 21:11:39 ThievingPhase: Stall ready. Clicking.
2026-07-16 21:11:40 ThievingPhase: Loot detected in slot 1. Clicking it.
2026-07-16 21:11:42 ThievingPhase: Stall ready. Clicking.
2026-07-16 21:11:43 ThievingPhase: Loot detected in slot 1. Clicking it.
2026-07-16 21:11:45 ThievingPhase: Stall ready. Clicking.
2026-07-16 21:11:46 ThievingPhase: Loot detected in slot 1. Clicking it.
2026-07-16 21:11:48 ThievingPhase: Stall ready. Clicking.
2026-07-16 21:11:49 ThievingPhase: Loot detected in slot 1. Clicking it.
2026-07-16 21:11:51 ThievingPhase: Stall ready. Clicking.
2026-07-16 21:11:52 ThievingPhase: Loot detected in slot 1. Clicking it.
2026-07-16 21:11:54 ThievingPhase: Stall ready. Clicking.
2026-07-16 21:11:55 ThievingPhase: Loot detected in slot 1. Clicking it.
2026-07-16 21:11:57 ThievingPhase: Stall ready. Clicking.
2026-07-16 21:11:58 ThievingPhase: Loot detected in slot 1. Clicking it.
2026-07-16 21:12:00 ThievingPhase: Stall ready. Clicking.
2026-07-16 21:12:01 ThievingPhase: Loot detected in slot 1. Clicking it.
2026-07-16 21:12:03 ThievingPhase: Stall ready. Clicking.
2026-07-16 21:12:04 ThievingPhase: Loot detected in slot 1. Clicking it.
2026-07-16 21:12:06 ThievingPhase: Stall ready. Clicking.
2026-07-16 21:12:07 ThievingPhase: Loot detected in slot 1. Clicking it.
2026-07-16 21:12:09 ThievingPhase: Stall ready. Clicking.
2026-07-16 21:12:11 ThievingPhase: No loot after 2000ms - assuming detected, waiting for combat.
2026-07-16 21:12:16 WaitCombatPhase: No combat signal after 4000ms - retrying
2026-07-16 21:12:16 ThievingPhase: Stall ready. Clicking.
2026-07-16 21:12:17 ThievingPhase: Loot detected in slot 1. Clicking it.
2026-07-16 21:12:19 ThievingPhase: Stall ready. Clicking.
2026-07-16 21:12:20 ThievingPhase: Loot detected in slot 1. Clicking it.
2026-07-16 21:12:21 ThievingPhase: Stall ready. Clicking.
2026-07-16 21:12:23 ThievingPhase: Loot detected in slot 1. Clicking it.
2026-07-16 21:12:25 ThievingPhase: Stall ready. Clicking.
2026-07-16 21:12:26 ThievingPhase: Loot detected in slot 1. Clicking it.
2026-07-16 21:12:28 ThievingPhase: Stall ready. Clicking.
2026-07-16 21:12:29 ThievingPhase: Loot detected in slot 1. Clicking it.
2026-07-16 21:12:31 ThievingPhase: Stall ready. Clicking.
2026-07-16 21:12:32 ThievingPhase: Loot detected in slot 1. Clicking it.
2026-07-16 21:12:34 ThievingPhase: Stall ready. Clicking.
2026-07-16 21:12:35 ThievingPhase: Loot detected in slot 1. Clicking it.
2026-07-16 21:12:37 ThievingPhase: Stall ready. Clicking.
2026-07-16 21:12:38 ThievingPhase: Loot detected in slot 1. Clicking it.
2026-07-16 21:12:40 ThievingPhase: Stall ready. Clicking.
2026-07-16 21:12:41 ThievingPhase: Loot detected in slot 1. Clicking it.
2026-07-16 21:12:42 ThievingPhase: Stall ready. Clicking.
2026-07-16 21:12:44 ThievingPhase: Loot detected in slot 1. Clicking it.
2026-07-16 21:12:46 ThievingPhase: Stall ready. Clicking.
2026-07-16 21:12:47 ThievingPhase: Loot detected in slot 1. Clicking it.
2026-07-16 21:12:49 ThievingPhase: Stall ready. Clicking.
2026-07-16 21:12:50 ThievingPhase: Loot detected in slot 1. Clicking it.
2026-07-16 21:12:52 ThievingPhase: Stall ready. Clicking.
2026-07-16 21:12:53 ThievingPhase: Loot detected in slot 1. Clicking it.
2026-07-16 21:12:55 ThievingPhase: Stall ready. Clicking.
2026-07-16 21:12:56 ThievingPhase: Loot detected in slot 1. Clicking it.
2026-07-16 21:12:58 ThievingPhase: Stall ready. Clicking.
2026-07-16 21:12:59 ThievingPhase: Loot detected in slot 1. Clicking it.
2026-07-16 21:13:01 ThievingPhase: Stall ready. Clicking.
2026-07-16 21:13:02 ThievingPhase: Loot detected in slot 1. Clicking it.
2026-07-16 21:13:04 ThievingPhase: Stall ready. Clicking.
2026-07-16 21:13:05 ThievingPhase: Loot detected in slot 1. Clicking it.
2026-07-16 21:13:07 ThievingPhase: Stall ready. Clicking.
2026-07-16 21:13:08 ThievingPhase: Loot detected in slot 1. Clicking it.
2026-07-16 21:13:10 ThievingPhase: Stall ready. Clicking.
2026-07-16 21:13:11 ThievingPhase: Loot detected in slot 1. Clicking it.
2026-07-16 21:13:13 ThievingPhase: Stall ready. Clicking.
2026-07-16 21:13:14 ThievingPhase: Loot detected in slot 1. Clicking it.
2026-07-16 21:13:16 ThievingPhase: Stall ready. Clicking.
2026-07-16 21:13:17 ThievingPhase: Loot detected in slot 1. Clicking it.
2026-07-16 21:13:19 ThievingPhase: Stall ready. Clicking.
2026-07-16 21:13:20 ThievingPhase: Loot detected in slot 1. Clicking it.
2026-07-16 21:13:22 ThievingPhase: Stall ready. Clicking.
2026-07-16 21:13:23 ThievingPhase: Loot detected in slot 1. Clicking it.
2026-07-16 21:13:25 ThievingPhase: Stall ready. Clicking.
2026-07-16 21:13:26 ThievingPhase: Loot detected in slot 1. Clicking it.
2026-07-16 21:13:28 ThievingPhase: Stall ready. Clicking.
2026-07-16 21:13:29 ThievingPhase: Loot detected in slot 1. Clicking it.
2026-07-16 21:13:31 ThievingPhase: Stall ready. Clicking.
2026-07-16 21:13:32 ThievingPhase: Loot detected in slot 1. Clicking it.
2026-07-16 21:13:34 ThievingPhase: Stall ready. Clicking.
2026-07-16 21:13:35 ThievingPhase: Loot detected in slot 1. Clicking it.
2026-07-16 21:13:37 ThievingPhase: Stall ready. Clicking.
2026-07-16 21:13:38 ThievingPhase: Loot detected in slot 1. Clicking it.
2026-07-16 21:13:40 ThievingPhase: Stall ready. Clicking.
2026-07-16 21:13:41 ThievingPhase: Loot detected in slot 1. Clicking it.
2026-07-16 21:13:43 ThievingPhase: Stall ready. Clicking.
2026-07-16 21:13:44 ThievingPhase: Loot detected in slot 1. Clicking it.
2026-07-16 21:13:46 ThievingPhase: Stall ready. Clicking.
2026-07-16 21:13:47 ThievingPhase: Loot detected in slot 1. Clicking it.
2026-07-16 21:13:49 ThievingPhase: Stall ready. Clicking.
2026-07-16 21:13:50 ThievingPhase: Loot detected in slot 1. Clicking it.
2026-07-16 21:13:52 ThievingPhase: Stall ready. Clicking.
2026-07-16 21:13:53 ThievingPhase: Loot detected in slot 1. Clicking it.
2026-07-16 21:13:55 ThievingPhase: Stall ready. Clicking.
2026-07-16 21:13:56 ThievingPhase: Loot detected in slot 1. Clicking it.
2026-07-16 21:13:58 ThievingPhase: Stall ready. Clicking.
2026-07-16 21:13:59 ThievingPhase: Loot detected in slot 1. Clicking it.
2026-07-16 21:14:01 ThievingPhase: Stall ready. Clicking.
2026-07-16 21:14:02 ThievingPhase: Loot detected in slot 1. Clicking it.
2026-07-16 21:14:04 ThievingPhase: Stall ready. Clicking.
2026-07-16 21:14:05 ThievingPhase: Loot detected in slot 1. Clicking it.
2026-07-16 21:14:07 ThievingPhase: Stall ready. Clicking.
2026-07-16 21:14:08 ThievingPhase: Loot detected in slot 1. Clicking it.
2026-07-16 21:14:10 ThievingPhase: Stall ready. Clicking.
2026-07-16 21:14:11 ThievingPhase: Loot detected in slot 1. Clicking it.
2026-07-16 21:14:13 ThievingPhase: Stall ready. Clicking.
2026-07-16 21:14:14 ThievingPhase: Loot detected in slot 1. Clicking it.
2026-07-16 21:14:16 ThievingPhase: Stall ready. Clicking.
2026-07-16 21:14:17 ThievingPhase: Loot detected in slot 1. Clicking it.
2026-07-16 21:14:19 ThievingPhase: Stall ready. Clicking.
2026-07-16 21:14:20 ThievingPhase: Loot detected in slot 1. Clicking it.
2026-07-16 21:14:22 ThievingPhase: Stall ready. Clicking.
2026-07-16 21:14:23 ThievingPhase: Loot detected in slot 1. Clicking it.
2026-07-16 21:14:25 ThievingPhase: Stall ready. Clicking.
2026-07-16 21:14:26 ThievingPhase: Loot detected in slot 1. Clicking it.
2026-07-16 21:14:28 ThievingPhase: Stall ready. Clicking.
2026-07-16 21:14:29 ThievingPhase: Loot detected in slot 1. Clicking it.
2026-07-16 21:14:31 ThievingPhase: Stall ready. Clicking.
2026-07-16 21:14:32 ThievingPhase: Loot detected in slot 1. Clicking it.
2026-07-16 21:14:34 ThievingPhase: Stall ready. Clicking.
2026-07-16 21:14:35 ThievingPhase: Loot detected in slot 1. Clicking it.
2026-07-16 21:14:37 ThievingPhase: Stall ready. Clicking.
2026-07-16 21:14:38 ThievingPhase: Loot detected in slot 1. Clicking it.
2026-07-16 21:14:40 ThievingPhase: Stall ready. Clicking.
2026-07-16 21:14:41 ThievingPhase: Loot detected in slot 1. Clicking it.
2026-07-16 21:14:43 ThievingPhase: Stall ready. Clicking.
2026-07-16 21:14:44 ThievingPhase: Loot detected in slot 1. Clicking it.
2026-07-16 21:14:46 ThievingPhase: Stall ready. Clicking.
2026-07-16 21:14:47 ThievingPhase: Loot detected in slot 1. Clicking it.
2026-07-16 21:14:49 ThievingPhase: Stall ready. Clicking.
2026-07-16 21:14:50 ThievingPhase: Loot detected in slot 1. Clicking it.
2026-07-16 21:14:52 ThievingPhase: Stall ready. Clicking.
2026-07-16 21:14:53 ThievingPhase: Loot detected in slot 1. Clicking it.
2026-07-16 21:14:55 ThievingPhase: Stall ready. Clicking.
2026-07-16 21:14:56 ThievingPhase: Loot detected in slot 1. Clicking it.
2026-07-16 21:14:58 ThievingPhase: Stall ready. Clicking.
2026-07-16 21:14:59 ThievingPhase: Loot detected in slot 1. Clicking it.
2026-07-16 21:15:01 ThievingPhase: Stall ready. Clicking.
2026-07-16 21:15:02 ThievingPhase: Loot detected in slot 1. Clicking it.
2026-07-16 21:15:04 ThievingPhase: Stall ready. Clicking.
2026-07-16 21:15:05 ThievingPhase: Loot detected in slot 1. Clicking it.
2026-07-16 21:15:07 ThievingPhase: Stall ready. Clicking.
2026-07-16 21:15:08 ThievingPhase: Loot detected in slot 1. Clicking it.
2026-07-16 21:15:10 ThievingPhase: Stall ready. Clicking.
2026-07-16 21:15:11 ThievingPhase: Loot detected in slot 1. Clicking it.
2026-07-16 21:15:13 ThievingPhase: Stall ready. Clicking.
2026-07-16 21:15:14 ThievingPhase: Loot detected in slot 1. Clicking it.
2026-07-16 21:15:16 ThievingPhase: Stall ready. Clicking.
2026-07-16 21:15:17 ThievingPhase: Loot detected in slot 1. Clicking it.
2026-07-16 21:15:19 ThievingPhase: Stall ready. Clicking.
2026-07-16 21:15:20 ThievingPhase: Loot detected in slot 1. Clicking it.
2026-07-16 21:15:22 ThievingPhase: Stall ready. Clicking.
2026-07-16 21:15:23 ThievingPhase: Loot detected in slot 1. Clicking it.
2026-07-16 21:15:25 ThievingPhase: Stall ready. Clicking.
2026-07-16 21:15:26 ThievingPhase: Loot detected in slot 1. Clicking it.
2026-07-16 21:15:28 ThievingPhase: Stall ready. Clicking.
2026-07-16 21:15:29 ThievingPhase: Loot detected in slot 1. Clicking it.
2026-07-16 21:15:31 ThievingPhase: Stall ready. Clicking.
2026-07-16 21:15:32 ThievingPhase: Loot detected in slot 1. Clicking it.
2026-07-16 21:15:34 ThievingPhase: Stall ready. Clicking.
2026-07-16 21:15:35 ThievingPhase: Loot detected in slot 1. Clicking it.
2026-07-16 21:15:37 ThievingPhase: Stall ready. Clicking.
2026-07-16 21:15:38 ThievingPhase: Loot detected in slot 1. Clicking it.
2026-07-16 21:15:40 ThievingPhase: Stall ready. Clicking.
2026-07-16 21:15:41 ThievingPhase: Loot detected in slot 1. Clicking it.
2026-07-16 21:15:43 ThievingPhase: Stall ready. Clicking.
2026-07-16 21:15:44 ThievingPhase: Loot detected in slot 1. Clicking it.
2026-07-16 21:15:46 ThievingPhase: Stall ready. Clicking.
2026-07-16 21:15:47 ThievingPhase: Loot detected in slot 1. Clicking it.
2026-07-16 21:15:49 ThievingPhase: Stall ready. Clicking.
2026-07-16 21:15:50 ThievingPhase: Loot detected in slot 1. Clicking it.
2026-07-16 21:15:52 ThievingPhase: Stall ready. Clicking.
2026-07-16 21:15:53 ThievingPhase: Loot detected in slot 1. Clicking it.
2026-07-16 21:15:55 ThievingPhase: Stall ready. Clicking.
2026-07-16 21:15:56 ThievingPhase: Loot detected in slot 1. Clicking it.
2026-07-16 21:15:58 ThievingPhase: Stall ready. Clicking.
2026-07-16 21:15:59 ThievingPhase: Loot detected in slot 1. Clicking it.
2026-07-16 21:16:01 ThievingPhase: Stall ready. Clicking.
2026-07-16 21:16:02 ThievingPhase: Loot detected in slot 1. Clicking it.
2026-07-16 21:16:04 ThievingPhase: Stall ready. Clicking.
2026-07-16 21:16:05 ThievingPhase: Loot detected in slot 1. Clicking it.
2026-07-16 21:16:07 ThievingPhase: Stall ready. Clicking.
2026-07-16 21:16:08 ThievingPhase: Loot detected in slot 1. Clicking it.
2026-07-16 21:16:10 ThievingPhase: Stall ready. Clicking.
2026-07-16 21:16:11 ThievingPhase: Loot detected in slot 1. Clicking it.
2026-07-16 21:16:13 ThievingPhase: Stall ready. Clicking.
2026-07-16 21:16:14 ThievingPhase: Loot detected in slot 1. Clicking it.
2026-07-16 21:16:16 ThievingPhase: Stall ready. Clicking.
2026-07-16 21:16:17 ThievingPhase: Loot detected in slot 1. Clicking it.
2026-07-16 21:16:19 ThievingPhase: Stall ready. Clicking.
2026-07-16 21:16:20 ThievingPhase: Loot detected in slot 1. Clicking it.
2026-07-16 21:16:22 ThievingPhase: Stall ready. Clicking.
2026-07-16 21:16:23 ThievingPhase: Loot detected in slot 1. Clicking it.
2026-07-16 21:16:25 ThievingPhase: Stall ready. Clicking.
2026-07-16 21:16:26 ThievingPhase: Loot detected in slot 1. Clicking it.
2026-07-16 21:16:28 ThievingPhase: Stall ready. Clicking.
2026-07-16 21:16:29 ThievingPhase: Loot detected in slot 1. Clicking it.
2026-07-16 21:16:31 ThievingPhase: Stall ready. Clicking.
2026-07-16 21:16:32 ThievingPhase: Loot detected in slot 1. Clicking it.
2026-07-16 21:16:34 ThievingPhase: Stall ready. Clicking.
2026-07-16 21:16:35 ThievingPhase: Loot detected in slot 1. Clicking it.
2026-07-16 21:16:37 ThievingPhase: Stall ready. Clicking.
2026-07-16 21:16:38 ThievingPhase: Loot detected in slot 1. Clicking it.
2026-07-16 21:16:40 ThievingPhase: Stall ready. Clicking.
2026-07-16 21:16:41 ThievingPhase: Loot detected in slot 1. Clicking it.
2026-07-16 21:16:43 ThievingPhase: Stall ready. Clicking.
2026-07-16 21:16:44 ThievingPhase: Loot detected in slot 1. Clicking it.
2026-07-16 21:16:46 ThievingPhase: Stall ready. Clicking.
2026-07-16 21:16:47 ThievingPhase: Loot detected in slot 1. Clicking it.
2026-07-16 21:16:49 ThievingPhase: Stall ready. Clicking.
2026-07-16 21:16:50 ThievingPhase: Loot detected in slot 1. Clicking it.
2026-07-16 21:16:52 ThievingPhase: Stall ready. Clicking.
2026-07-16 21:16:53 ThievingPhase: Loot detected in slot 1. Clicking it.
2026-07-16 21:16:55 ThievingPhase: Stall ready. Clicking.
2026-07-16 21:16:56 ThievingPhase: Loot detected in slot 1. Clicking it.
2026-07-16 21:16:58 ThievingPhase: Stall ready. Clicking.
2026-07-16 21:16:59 ThievingPhase: Loot detected in slot 1. Clicking it.
2026-07-16 21:17:01 ThievingPhase: Stall ready. Clicking.
2026-07-16 21:17:02 ThievingPhase: Loot detected in slot 1. Clicking it.
2026-07-16 21:17:04 ThievingPhase: Stall ready. Clicking.
2026-07-16 21:17:05 ThievingPhase: Loot detected in slot 1. Clicking it.
2026-07-16 21:17:07 ThievingPhase: Stall ready. Clicking.
2026-07-16 21:17:08 ThievingPhase: Loot detected in slot 1. Clicking it.
2026-07-16 21:17:10 ThievingPhase: Stall ready. Clicking.
2026-07-16 21:17:11 ThievingPhase: Loot detected in slot 1. Clicking it.
2026-07-16 21:17:13 ThievingPhase: Stall ready. Clicking.
2026-07-16 21:17:14 ThievingPhase: Loot detected in slot 1. Clicking it.
2026-07-16 21:17:16 ThievingPhase: Stall ready. Clicking.
2026-07-16 21:17:17 ThievingPhase: Loot detected in slot 1. Clicking it.
2026-07-16 21:17:19 ThievingPhase: Stall ready. Clicking.
2026-07-16 21:17:20 ThievingPhase: Loot detected in slot 1. Clicking it.
2026-07-16 21:17:22 ThievingPhase: Stall ready. Clicking.
2026-07-16 21:17:23 ThievingPhase: Loot detected in slot 1. Clicking it.
2026-07-16 21:17:25 ThievingPhase: Stall ready. Clicking.
2026-07-16 21:17:26 ThievingPhase: Loot detected in slot 1. Clicking it.
2026-07-16 21:17:28 ThievingPhase: Stall ready. Clicking.
2026-07-16 21:17:29 ThievingPhase: Loot detected in slot 1. Clicking it.
2026-07-16 21:17:31 ThievingPhase: Stall ready. Clicking.
2026-07-16 21:17:32 ThievingPhase: Loot detected in slot 1. Clicking it.
2026-07-16 21:17:34 ThievingPhase: Stall ready. Clicking.
2026-07-16 21:17:35 ThievingPhase: Loot detected in slot 1. Clicking it.
2026-07-16 21:17:37 ThievingPhase: Stall ready. Clicking.
2026-07-16 21:17:38 ThievingPhase: Loot detected in slot 1. Clicking it.
2026-07-16 21:17:40 ThievingPhase: Stall ready. Clicking.
2026-07-16 21:17:41 ThievingPhase: Loot detected in slot 1. Clicking it.
2026-07-16 21:17:43 ThievingPhase: Stall ready. Clicking.
2026-07-16 21:17:44 ThievingPhase: Loot detected in slot 1. Clicking it.
2026-07-16 21:17:46 ThievingPhase: Stall ready. Clicking.
2026-07-16 21:17:47 ThievingPhase: Loot detected in slot 1. Clicking it.
2026-07-16 21:17:49 ThievingPhase: Stall ready. Clicking.
2026-07-16 21:17:50 ThievingPhase: Loot detected in slot 1. Clicking it.
2026-07-16 21:17:52 ThievingPhase: Stall ready. Clicking.
2026-07-16 21:17:53 ThievingPhase: Loot detected in slot 1. Clicking it.
2026-07-16 21:17:55 ThievingPhase: Stall ready. Clicking.
2026-07-16 21:17:56 ThievingPhase: Loot detected in slot 1. Clicking it.
2026-07-16 21:17:58 ThievingPhase: Stall ready. Clicking.
2026-07-16 21:17:59 ThievingPhase: Loot detected in slot 1. Clicking it.
2026-07-16 21:18:01 ThievingPhase: Stall ready. Clicking.
2026-07-16 21:18:02 ThievingPhase: Loot detected in slot 1. Clicking it.
2026-07-16 21:18:04 ThievingPhase: Stall ready. Clicking.
2026-07-16 21:18:05 ThievingPhase: Loot detected in slot 1. Clicking it.
2026-07-16 21:18:07 ThievingPhase: Stall ready. Clicking.
2026-07-16 21:18:09 ThievingPhase: No loot after 2000ms - assuming detected, waiting for combat.
2026-07-16 21:18:13 WaitCombatPhase: No combat signal after 4000ms - retrying
2026-07-16 21:18:13 ThievingPhase: Stall ready. Clicking.
2026-07-16 21:18:14 ThievingPhase: Loot detected in slot 1. Clicking it.
2026-07-16 21:18:16 ThievingPhase: Stall ready. Clicking.
2026-07-16 21:18:18 ThievingPhase: Loot detected in slot 1. Clicking it.
2026-07-16 21:18:19 ThievingPhase: Stall ready. Clicking.
2026-07-16 21:18:21 ThievingPhase: Loot detected in slot 1. Clicking it.
2026-07-16 21:18:22 ThievingPhase: Stall ready. Clicking.
2026-07-16 21:18:23 ThievingPhase: Loot detected in slot 1. Clicking it.
2026-07-16 21:18:25 ThievingPhase: Stall ready. Clicking.
2026-07-16 21:18:27 ThievingPhase: Loot detected in slot 1. Clicking it.
2026-07-16 21:18:28 ThievingPhase: Stall ready. Clicking.
2026-07-16 21:18:29 ThievingPhase: Loot detected in slot 1. Clicking it.
2026-07-16 21:18:31 ThievingPhase: Stall ready. Clicking.
2026-07-16 21:18:33 ThievingPhase: Loot detected in slot 1. Clicking it.
2026-07-16 21:18:34 ThievingPhase: Stall ready. Clicking.
2026-07-16 21:18:36 ThievingPhase: Loot detected in slot 1. Clicking it.
2026-07-16 21:18:37 ThievingPhase: Stall ready. Clicking.
2026-07-16 21:18:38 ThievingPhase: Loot detected in slot 1. Clicking it.
2026-07-16 21:18:40 ThievingPhase: Stall ready. Clicking.
2026-07-16 21:18:42 ThievingPhase: Loot detected in slot 1. Clicking it.
2026-07-16 21:18:43 ThievingPhase: Stall ready. Clicking.
2026-07-16 21:18:44 ThievingPhase: Loot detected in slot 1. Clicking it.
2026-07-16 21:18:46 ThievingPhase: Stall ready. Clicking.
2026-07-16 21:18:48 ThievingPhase: Loot detected in slot 1. Clicking it.
2026-07-16 21:18:49 ThievingPhase: Stall ready. Clicking.
2026-07-16 21:18:51 ThievingPhase: Loot detected in slot 1. Clicking it.
2026-07-16 21:18:52 ThievingPhase: Stall ready. Clicking.
2026-07-16 21:18:53 ThievingPhase: Loot detected in slot 1. Clicking it.
2026-07-16 21:18:55 ThievingPhase: Stall ready. Clicking.
2026-07-16 21:18:57 ThievingPhase: Loot detected in slot 1. Clicking it.
2026-07-16 21:18:58 ThievingPhase: Stall ready. Clicking.
2026-07-16 21:18:59 ThievingPhase: Loot detected in slot 1. Clicking it.
2026-07-16 21:19:01 ThievingPhase: Stall ready. Clicking.
2026-07-16 21:19:02 ThievingPhase: Loot detected in slot 1. Clicking it.
2026-07-16 21:19:04 ThievingPhase: Stall ready. Clicking.
2026-07-16 21:19:06 ThievingPhase: Loot detected in slot 1. Clicking it.
2026-07-16 21:19:07 ThievingPhase: Stall ready. Clicking.
2026-07-16 21:19:09 ThievingPhase: Loot detected in slot 1. Clicking it.
2026-07-16 21:19:10 ThievingPhase: Stall ready. Clicking.
2026-07-16 21:19:11 ThievingPhase: Loot detected in slot 1. Clicking it.
2026-07-16 21:19:13 ThievingPhase: Stall ready. Clicking.
2026-07-16 21:19:15 ThievingPhase: Loot detected in slot 1. Clicking it.
2026-07-16 21:19:16 ThievingPhase: Stall ready. Clicking.
2026-07-16 21:19:19 ThievingPhase: No loot after 2000ms - assuming detected, waiting for combat.
2026-07-16 21:19:23 WaitCombatPhase: No combat signal after 4000ms - retrying
2026-07-16 21:19:23 ThievingPhase: Stall ready. Clicking.
2026-07-16 21:19:24 ThievingPhase: Loot detected in slot 1. Clicking it.
2026-07-16 21:19:26 ThievingPhase: Stall ready. Clicking.
2026-07-16 21:19:27 ThievingPhase: Loot detected in slot 1. Clicking it.
2026-07-16 21:19:29 ThievingPhase: Stall ready. Clicking.
2026-07-16 21:19:30 ThievingPhase: Loot detected in slot 1. Clicking it.
2026-07-16 21:19:32 ThievingPhase: Stall ready. Clicking.
2026-07-16 21:19:33 ThievingPhase: Loot detected in slot 1. Clicking it.
2026-07-16 21:19:35 ThievingPhase: Stall ready. Clicking.
2026-07-16 21:19:36 ThievingPhase: Loot detected in slot 1. Clicking it.
2026-07-16 21:19:38 ThievingPhase: Stall ready. Clicking.
2026-07-16 21:19:39 ThievingPhase: Loot detected in slot 1. Clicking it.
2026-07-16 21:19:41 ThievingPhase: Stall ready. Clicking.
2026-07-16 21:19:42 ThievingPhase: Loot detected in slot 1. Clicking it.
2026-07-16 21:19:44 ThievingPhase: Stall ready. Clicking.
2026-07-16 21:19:45 ThievingPhase: Loot detected in slot 1. Clicking it.
2026-07-16 21:19:47 ThievingPhase: Stall ready. Clicking.
2026-07-16 21:19:48 ThievingPhase: Loot detected in slot 1. Clicking it.
2026-07-16 21:19:50 ThievingPhase: Stall ready. Clicking.
2026-07-16 21:19:51 ThievingPhase: Loot detected in slot 1. Clicking it.
2026-07-16 21:19:53 ThievingPhase: Stall ready. Clicking.
2026-07-16 21:19:54 ThievingPhase: Loot detected in slot 1. Clicking it.
2026-07-16 21:19:56 ThievingPhase: Stall ready. Clicking.
2026-07-16 21:19:57 ThievingPhase: Loot detected in slot 1. Clicking it.
2026-07-16 21:19:59 ThievingPhase: Stall ready. Clicking.
2026-07-16 21:20:00 ThievingPhase: Loot detected in slot 1. Clicking it.
2026-07-16 21:20:02 ThievingPhase: Stall ready. Clicking.
2026-07-16 21:20:03 ThievingPhase: Loot detected in slot 1. Clicking it.
2026-07-16 21:20:05 ThievingPhase: Stall ready. Clicking.
2026-07-16 21:20:06 ThievingPhase: Loot detected in slot 1. Clicking it.
2026-07-16 21:20:08 ThievingPhase: Stall ready. Clicking.
2026-07-16 21:20:09 ThievingPhase: Loot detected in slot 1. Clicking it.
2026-07-16 21:20:11 ThievingPhase: Stall ready. Clicking.
2026-07-16 21:20:12 ThievingPhase: Loot detected in slot 1. Clicking it.
2026-07-16 21:20:14 ThievingPhase: Stall ready. Clicking.
2026-07-16 21:20:15 ThievingPhase: Loot detected in slot 1. Clicking it.
2026-07-16 21:20:17 ThievingPhase: Stall ready. Clicking.
2026-07-16 21:20:18 ThievingPhase: Loot detected in slot 1. Clicking it.
2026-07-16 21:20:20 ThievingPhase: Stall ready. Clicking.
2026-07-16 21:20:21 ThievingPhase: Loot detected in slot 1. Clicking it.
2026-07-16 21:20:23 ThievingPhase: Stall ready. Clicking.
2026-07-16 21:20:24 ThievingPhase: Loot detected in slot 1. Clicking it.
2026-07-16 21:20:26 ThievingPhase: Stall ready. Clicking.
2026-07-16 21:20:27 ThievingPhase: Loot detected in slot 1. Clicking it.
2026-07-16 21:20:29 ThievingPhase: Stall ready. Clicking.
2026-07-16 21:20:30 ThievingPhase: Loot detected in slot 1. Clicking it.
2026-07-16 21:20:32 ThievingPhase: Stall ready. Clicking.
2026-07-16 21:20:33 ThievingPhase: Loot detected in slot 1. Clicking it.
2026-07-16 21:20:35 ThievingPhase: Stall ready. Clicking.
2026-07-16 21:20:36 ThievingPhase: Loot detected in slot 1. Clicking it.
2026-07-16 21:20:38 ThievingPhase: Stall ready. Clicking.
2026-07-16 21:20:39 ThievingPhase: Loot detected in slot 1. Clicking it.
2026-07-16 21:20:41 ThievingPhase: Stall ready. Clicking.
2026-07-16 21:20:42 ThievingPhase: Loot detected in slot 1. Clicking it.
2026-07-16 21:20:44 ThievingPhase: Stall ready. Clicking.
2026-07-16 21:20:45 ThievingPhase: Loot detected in slot 1. Clicking it.
2026-07-16 21:20:47 ThievingPhase: Stall ready. Clicking.
2026-07-16 21:20:48 ThievingPhase: Loot detected in slot 1. Clicking it.
2026-07-16 21:20:50 ThievingPhase: Stall ready. Clicking.
2026-07-16 21:20:51 ThievingPhase: Loot detected in slot 1. Clicking it.
2026-07-16 21:20:53 ThievingPhase: Stall ready. Clicking.
2026-07-16 21:20:54 ThievingPhase: Loot detected in slot 1. Clicking it.
2026-07-16 21:20:56 ThievingPhase: Stall ready. Clicking.
2026-07-16 21:20:57 ThievingPhase: Loot detected in slot 1. Clicking it.
2026-07-16 21:20:59 ThievingPhase: Stall ready. Clicking.
2026-07-16 21:21:00 ThievingPhase: Loot detected in slot 1. Clicking it.
2026-07-16 21:21:02 ThievingPhase: Stall ready. Clicking.
2026-07-16 21:21:04 ThievingPhase: No loot after 2000ms - assuming detected, waiting for combat.
2026-07-16 21:21:09 WaitCombatPhase: No combat signal after 4000ms - retrying
2026-07-16 21:21:09 ThievingPhase: Stall ready. Clicking.
2026-07-16 21:21:10 ThievingPhase: Loot detected in slot 1. Clicking it.
2026-07-16 21:21:12 ThievingPhase: Stall ready. Clicking.
2026-07-16 21:21:13 ThievingPhase: Loot detected in slot 1. Clicking it.
2026-07-16 21:21:15 ThievingPhase: Stall ready. Clicking.
2026-07-16 21:21:16 ThievingPhase: Loot detected in slot 1. Clicking it.
2026-07-16 21:21:18 ThievingPhase: Stall ready. Clicking.
2026-07-16 21:21:19 ThievingPhase: Loot detected in slot 1. Clicking it.
2026-07-16 21:21:21 ThievingPhase: Stall ready. Clicking.
2026-07-16 21:21:22 ThievingPhase: Loot detected in slot 1. Clicking it.
2026-07-16 21:21:24 ThievingPhase: Stall ready. Clicking.
2026-07-16 21:21:25 ThievingPhase: Loot detected in slot 1. Clicking it.
2026-07-16 21:21:27 ThievingPhase: Stall ready. Clicking.
2026-07-16 21:21:28 ThievingPhase: Loot detected in slot 1. Clicking it.
2026-07-16 21:21:30 ThievingPhase: Stall ready. Clicking.
2026-07-16 21:21:31 ThievingPhase: Loot detected in slot 1. Clicking it.
2026-07-16 21:21:33 ThievingPhase: Stall ready. Clicking.
2026-07-16 21:21:34 ThievingPhase: Loot detected in slot 1. Clicking it.
2026-07-16 21:21:36 ThievingPhase: Stall ready. Clicking.
2026-07-16 21:21:37 ThievingPhase: Loot detected in slot 1. Clicking it.
2026-07-16 21:21:39 ThievingPhase: Stall ready. Clicking.
2026-07-16 21:21:40 ThievingPhase: Loot detected in slot 1. Clicking it.
2026-07-16 21:21:42 ThievingPhase: Stall ready. Clicking.
2026-07-16 21:21:43 ThievingPhase: Loot detected in slot 1. Clicking it.
2026-07-16 21:21:45 ThievingPhase: Stall ready. Clicking.
2026-07-16 21:21:46 ThievingPhase: Loot detected in slot 1. Clicking it.
2026-07-16 21:21:48 ThievingPhase: Stall ready. Clicking.
2026-07-16 21:21:49 ThievingPhase: Loot detected in slot 1. Clicking it.
2026-07-16 21:21:51 ThievingPhase: Stall ready. Clicking.
2026-07-16 21:21:52 ThievingPhase: Loot detected in slot 1. Clicking it.
2026-07-16 21:21:54 ThievingPhase: Stall ready. Clicking.
2026-07-16 21:21:55 ThievingPhase: Loot detected in slot 1. Clicking it.
2026-07-16 21:21:57 ThievingPhase: Stall ready. Clicking.
2026-07-16 21:21:58 ThievingPhase: Loot detected in slot 1. Clicking it.
2026-07-16 21:22:00 ThievingPhase: Stall ready. Clicking.
2026-07-16 21:22:01 ThievingPhase: Loot detected in slot 1. Clicking it.
2026-07-16 21:22:03 ThievingPhase: Stall ready. Clicking.
2026-07-16 21:22:04 ThievingPhase: Loot detected in slot 1. Clicking it.
2026-07-16 21:22:06 ThievingPhase: Stall ready. Clicking.
2026-07-16 21:22:07 ThievingPhase: Loot detected in slot 1. Clicking it.
2026-07-16 21:22:09 ThievingPhase: Stall ready. Clicking.
2026-07-16 21:22:10 ThievingPhase: Loot detected in slot 1. Clicking it.
2026-07-16 21:22:12 ThievingPhase: Stall ready. Clicking.
2026-07-16 21:22:13 ThievingPhase: Loot detected in slot 1. Clicking it.
2026-07-16 21:22:15 ThievingPhase: Stall ready. Clicking.
2026-07-16 21:22:16 ThievingPhase: Loot detected in slot 1. Clicking it.
2026-07-16 21:22:18 ThievingPhase: Stall ready. Clicking.
2026-07-16 21:22:19 ThievingPhase: Loot detected in slot 1. Clicking it.
2026-07-16 21:22:21 ThievingPhase: Stall ready. Clicking.
2026-07-16 21:22:22 ThievingPhase: Loot detected in slot 1. Clicking it.
2026-07-16 21:22:24 ThievingPhase: Stall ready. Clicking.
2026-07-16 21:22:25 ThievingPhase: Loot detected in slot 1. Clicking it.
2026-07-16 21:22:27 ThievingPhase: Stall ready. Clicking.
2026-07-16 21:22:28 ThievingPhase: Loot detected in slot 1. Clicking it.
2026-07-16 21:22:30 ThievingPhase: Stall ready. Clicking.
2026-07-16 21:22:31 ThievingPhase: Loot detected in slot 1. Clicking it.
2026-07-16 21:22:33 ThievingPhase: Stall ready. Clicking.
2026-07-16 21:22:34 ThievingPhase: Loot detected in slot 1. Clicking it.
2026-07-16 21:22:36 ThievingPhase: Stall ready. Clicking.
2026-07-16 21:22:37 ThievingPhase: Loot detected in slot 1. Clicking it.
2026-07-16 21:22:39 ThievingPhase: Stall ready. Clicking.
2026-07-16 21:22:40 ThievingPhase: Loot detected in slot 1. Clicking it.
2026-07-16 21:22:42 ThievingPhase: Stall ready. Clicking.
2026-07-16 21:22:43 ThievingPhase: Loot detected in slot 1. Clicking it.
2026-07-16 21:22:45 ThievingPhase: Stall ready. Clicking.
2026-07-16 21:22:46 ThievingPhase: Loot detected in slot 1. Clicking it.
2026-07-16 21:22:48 ThievingPhase: Stall ready. Clicking.
2026-07-16 21:22:49 ThievingPhase: Loot detected in slot 1. Clicking it.
2026-07-16 21:22:51 ThievingPhase: Stall ready. Clicking.
2026-07-16 21:22:52 ThievingPhase: Loot detected in slot 1. Clicking it.
2026-07-16 21:22:54 ThievingPhase: Stall ready. Clicking.
2026-07-16 21:22:55 ThievingPhase: Loot detected in slot 1. Clicking it.
2026-07-16 21:22:57 ThievingPhase: Stall ready. Clicking.
2026-07-16 21:22:58 ThievingPhase: Loot detected in slot 1. Clicking it.
2026-07-16 21:23:00 ThievingPhase: Stall ready. Clicking.
2026-07-16 21:23:01 ThievingPhase: Loot detected in slot 1. Clicking it.
2026-07-16 21:23:03 ThievingPhase: Stall ready. Clicking.
2026-07-16 21:23:04 ThievingPhase: Loot detected in slot 1. Clicking it.
2026-07-16 21:23:06 ThievingPhase: Stall ready. Clicking.
2026-07-16 21:23:07 ThievingPhase: Loot detected in slot 1. Clicking it.
2026-07-16 21:23:09 ThievingPhase: Stall ready. Clicking.
2026-07-16 21:23:10 ThievingPhase: Loot detected in slot 1. Clicking it.
2026-07-16 21:23:12 ThievingPhase: Stall ready. Clicking.
2026-07-16 21:23:13 ThievingPhase: Loot detected in slot 1. Clicking it.
2026-07-16 21:23:15 ThievingPhase: Stall ready. Clicking.
2026-07-16 21:23:16 ThievingPhase: Loot detected in slot 1. Clicking it.
2026-07-16 21:23:18 ThievingPhase: Stall ready. Clicking.
2026-07-16 21:23:20 ThievingPhase: Loot detected in slot 1. Clicking it.
2026-07-16 21:23:21 ThievingPhase: Stall ready. Clicking.
2026-07-16 21:23:22 ThievingPhase: Loot detected in slot 1. Clicking it.
2026-07-16 21:23:24 ThievingPhase: Stall ready. Clicking.
2026-07-16 21:23:25 ThievingPhase: Loot detected in slot 1. Clicking it.
2026-07-16 21:23:27 ThievingPhase: Stall ready. Clicking.
2026-07-16 21:23:28 ThievingPhase: Loot detected in slot 1. Clicking it.
2026-07-16 21:23:30 ThievingPhase: Stall ready. Clicking.
2026-07-16 21:23:31 ThievingPhase: Loot detected in slot 1. Clicking it.
2026-07-16 21:23:33 ThievingPhase: Stall ready. Clicking.
2026-07-16 21:23:34 ThievingPhase: Loot detected in slot 1. Clicking it.
2026-07-16 21:23:36 ThievingPhase: Stall ready. Clicking.
2026-07-16 21:23:37 ThievingPhase: Loot detected in slot 1. Clicking it.
2026-07-16 21:23:39 ThievingPhase: Stall ready. Clicking.
2026-07-16 21:23:40 ThievingPhase: Loot detected in slot 1. Clicking it.
2026-07-16 21:23:42 ThievingPhase: Stall ready. Clicking.
2026-07-16 21:23:43 ThievingPhase: Loot detected in slot 1. Clicking it.
2026-07-16 21:23:45 ThievingPhase: Stall ready. Clicking.
2026-07-16 21:23:46 ThievingPhase: Loot detected in slot 1. Clicking it.
2026-07-16 21:23:48 ThievingPhase: Stall ready. Clicking.
2026-07-16 21:23:49 ThievingPhase: Loot detected in slot 1. Clicking it.
2026-07-16 21:23:51 ThievingPhase: Stall ready. Clicking.
2026-07-16 21:23:52 ThievingPhase: Loot detected in slot 1. Clicking it.
2026-07-16 21:23:54 ThievingPhase: Stall ready. Clicking.
2026-07-16 21:23:55 ThievingPhase: Loot detected in slot 1. Clicking it.
2026-07-16 21:23:57 ThievingPhase: Stall ready. Clicking.
2026-07-16 21:23:58 ThievingPhase: Loot detected in slot 1. Clicking it.
2026-07-16 21:24:00 ThievingPhase: Stall ready. Clicking.
2026-07-16 21:24:01 ThievingPhase: Loot detected in slot 1. Clicking it.
2026-07-16 21:24:03 ThievingPhase: Stall ready. Clicking.
2026-07-16 21:24:04 ThievingPhase: Loot detected in slot 1. Clicking it.
2026-07-16 21:24:06 ThievingPhase: Stall ready. Clicking.
2026-07-16 21:24:07 ThievingPhase: Loot detected in slot 1. Clicking it.
2026-07-16 21:24:09 ThievingPhase: Stall ready. Clicking.
2026-07-16 21:24:10 ThievingPhase: Loot detected in slot 1. Clicking it.
2026-07-16 21:24:12 ThievingPhase: Stall ready. Clicking.
2026-07-16 21:24:13 ThievingPhase: Loot detected in slot 1. Clicking it.
2026-07-16 21:24:15 ThievingPhase: Stall ready. Clicking.
2026-07-16 21:24:16 ThievingPhase: Loot detected in slot 1. Clicking it.
2026-07-16 21:24:18 ThievingPhase: Stall ready. Clicking.
2026-07-16 21:24:20 ThievingPhase: Loot detected in slot 1. Clicking it.
2026-07-16 21:24:21 ThievingPhase: Stall ready. Clicking.
2026-07-16 21:24:23 ThievingPhase: Loot detected in slot 1. Clicking it.
2026-07-16 21:24:24 ThievingPhase: Stall ready. Clicking.
2026-07-16 21:24:25 ThievingPhase: Loot detected in slot 1. Clicking it.
2026-07-16 21:24:27 ThievingPhase: Stall ready. Clicking.
2026-07-16 21:24:29 ThievingPhase: Loot detected in slot 1. Clicking it.
2026-07-16 21:24:30 ThievingPhase: Stall ready. Clicking.
2026-07-16 21:24:31 ThievingPhase: Loot detected in slot 1. Clicking it.
2026-07-16 21:24:32 Engine: stopped - Stopped (F6)
2026-07-16 21:24:33 Engine: stopped - Stopped (F6)
2026-07-16 21:24:33 Engine: stopped - Stopped (F6)
2026-07-16 21:24:33 Engine: stopped - Stopped (F6)
2026-07-16 21:24:33 Engine: stopped - Stopped (F6)
2026-07-16 21:24:33 Engine: stopped - Stopped (F6)
2026-07-16 23:33:32 Engine: started at phase 'thieving'
2026-07-16 23:33:32 ThievingPhase: Stall ready. Clicking.
2026-07-16 23:33:33 ThievingPhase: Loot detected in slot 1. Clicking it.
2026-07-16 23:33:35 ThievingPhase: Stall ready. Clicking.
2026-07-16 23:33:36 ThievingPhase: Loot detected in slot 1. Clicking it.
2026-07-16 23:33:38 ThievingPhase: Stall ready. Clicking.
2026-07-16 23:33:39 ThievingPhase: Loot detected in slot 1. Clicking it.
2026-07-16 23:33:41 ThievingPhase: Stall ready. Clicking.
2026-07-16 23:33:42 ThievingPhase: Loot detected in slot 1. Clicking it.
2026-07-16 23:33:44 ThievingPhase: Stall ready. Clicking.
2026-07-16 23:33:46 ThievingPhase: Loot detected in slot 1. Clicking it.
2026-07-16 23:33:48 ThievingPhase: Stall ready. Clicking.
2026-07-16 23:33:49 ThievingPhase: Loot detected in slot 1. Clicking it.
2026-07-16 23:33:50 ThievingPhase: Stall ready. Clicking.
2026-07-16 23:33:52 ThievingPhase: Loot detected in slot 1. Clicking it.
2026-07-16 23:33:53 Engine: stopped - Stopped (F6)
2026-07-16 23:34:03 Engine: started at phase 'thieving'
2026-07-16 23:34:03 ThievingPhase: Stall ready. Clicking.
2026-07-16 23:34:06 ThievingPhase: No loot after 2000ms - assuming detected, waiting for combat.
2026-07-16 23:34:07 WaitCombatPhase: Combat started. Waiting for kill.
2026-07-16 23:34:19 WaitCombatPhase: No combat signal after 4000ms - retrying
2026-07-16 23:34:19 ThievingPhase: Stall ready. Clicking.
2026-07-16 23:34:21 ThievingPhase: No loot after 2000ms - assuming detected, waiting for combat.
2026-07-16 23:34:33 Engine: started at phase 'thieving'
2026-07-16 23:34:33 ThievingPhase: Stall ready. Clicking.
2026-07-16 23:34:34 ThievingPhase: Loot detected in slot 1. Clicking it.
2026-07-16 23:34:36 Engine: stopped - Stopped (F6)
2026-07-16 23:34:39 Engine: started at phase 'thieving'
2026-07-16 23:34:39 ThievingPhase: Stall ready. Clicking.
2026-07-16 23:34:41 ThievingPhase: Loot detected in slot 1. Clicking it.
2026-07-16 23:34:43 ThievingPhase: Stall ready. Clicking.
2026-07-16 23:34:44 ThievingPhase: Loot detected in slot 1. Clicking it.
2026-07-16 23:34:46 Engine: stopped - Stopped (F6)
2026-07-16 23:34:53 Engine: started at phase 'thieving'
2026-07-16 23:34:53 ThievingPhase: Stall ready. Clicking.
2026-07-16 23:34:54 ThievingPhase: Loot detected in slot 1. Clicking it.
2026-07-16 23:34:56 ThievingPhase: Stall ready. Clicking.
2026-07-16 23:34:57 ThievingPhase: Loot detected in slot 1. Clicking it.
2026-07-16 23:34:59 ThievingPhase: Stall ready. Clicking.
2026-07-16 23:35:01 ThievingPhase: Loot detected in slot 1. Clicking it.
2026-07-16 23:35:03 ThievingPhase: Stall ready. Clicking.
2026-07-16 23:35:04 ThievingPhase: Loot detected in slot 1. Clicking it.
2026-07-16 23:35:05 ThievingPhase: Stall ready. Clicking.
2026-07-16 23:35:07 ThievingPhase: Loot detected in slot 1. Clicking it.
2026-07-16 23:35:09 ThievingPhase: Stall ready. Clicking.
2026-07-16 23:35:10 ThievingPhase: Loot detected in slot 1. Clicking it.
2026-07-16 23:35:11 ThievingPhase: Stall ready. Clicking.
2026-07-16 23:35:13 ThievingPhase: Loot detected in slot 1. Clicking it.
2026-07-16 23:35:15 ThievingPhase: Stall ready. Clicking.
2026-07-16 23:35:16 ThievingPhase: Loot detected in slot 1. Clicking it.
2026-07-16 23:35:17 ThievingPhase: Stall ready. Clicking.
2026-07-16 23:35:19 ThievingPhase: Loot detected in slot 1. Clicking it.
2026-07-16 23:35:20 ThievingPhase: Stall ready. Clicking.
2026-07-16 23:35:22 ThievingPhase: Loot detected in slot 1. Clicking it.
2026-07-16 23:35:24 ThievingPhase: Stall ready. Clicking.
2026-07-16 23:35:25 ThievingPhase: Loot detected in slot 1. Clicking it.
2026-07-16 23:35:27 ThievingPhase: Stall ready. Clicking.
2026-07-16 23:35:28 ThievingPhase: Loot detected in slot 1. Clicking it.
2026-07-16 23:35:29 ThievingPhase: Stall ready. Clicking.
2026-07-16 23:35:31 ThievingPhase: Loot detected in slot 1. Clicking it.
2026-07-16 23:35:33 ThievingPhase: Stall ready. Clicking.
2026-07-16 23:35:34 ThievingPhase: Loot detected in slot 1. Clicking it.
2026-07-16 23:35:36 ThievingPhase: Stall ready. Clicking.
2026-07-16 23:35:37 ThievingPhase: Loot detected in slot 1. Clicking it.
2026-07-16 23:35:39 ThievingPhase: Stall ready. Clicking.
2026-07-16 23:35:40 ThievingPhase: Loot detected in slot 1. Clicking it.
2026-07-16 23:35:42 ThievingPhase: Stall ready. Clicking.
2026-07-16 23:35:43 ThievingPhase: Loot detected in slot 1. Clicking it.
2026-07-16 23:35:45 ThievingPhase: Stall ready. Clicking.
2026-07-16 23:35:46 ThievingPhase: Loot detected in slot 1. Clicking it.
2026-07-16 23:35:48 ThievingPhase: Stall ready. Clicking.
2026-07-16 23:35:50 ThievingPhase: Loot detected in slot 1. Clicking it.
2026-07-16 23:35:52 ThievingPhase: Stall ready. Clicking.
2026-07-16 23:35:53 ThievingPhase: Loot detected in slot 1. Clicking it.
2026-07-16 23:35:55 ThievingPhase: Stall ready. Clicking.
2026-07-16 23:35:56 ThievingPhase: Loot detected in slot 1. Clicking it.
2026-07-16 23:35:58 ThievingPhase: Stall ready. Clicking.
2026-07-16 23:35:59 ThievingPhase: Loot detected in slot 1. Clicking it.
2026-07-16 23:36:01 ThievingPhase: Stall ready. Clicking.
2026-07-16 23:36:02 ThievingPhase: Loot detected in slot 1. Clicking it.
2026-07-16 23:36:04 ThievingPhase: Stall ready. Clicking.
2026-07-16 23:36:05 ThievingPhase: Loot detected in slot 1. Clicking it.
2026-07-16 23:36:07 ThievingPhase: Stall ready. Clicking.
2026-07-16 23:36:08 ThievingPhase: Loot detected in slot 1. Clicking it.
2026-07-16 23:36:10 ThievingPhase: Stall ready. Clicking.
2026-07-16 23:36:11 ThievingPhase: Loot detected in slot 1. Clicking it.
2026-07-16 23:36:13 ThievingPhase: Stall ready. Clicking.
2026-07-16 23:36:14 ThievingPhase: Loot detected in slot 1. Clicking it.
2026-07-16 23:36:16 ThievingPhase: Stall ready. Clicking.
2026-07-16 23:36:17 ThievingPhase: Loot detected in slot 1. Clicking it.
2026-07-16 23:36:19 ThievingPhase: Stall ready. Clicking.
2026-07-16 23:36:20 ThievingPhase: Loot detected in slot 1. Clicking it.
2026-07-16 23:36:22 ThievingPhase: Stall ready. Clicking.
2026-07-16 23:36:23 ThievingPhase: Loot detected in slot 1. Clicking it.
2026-07-16 23:36:25 ThievingPhase: Stall ready. Clicking.
2026-07-16 23:36:26 ThievingPhase: Loot detected in slot 1. Clicking it.
2026-07-16 23:36:28 ThievingPhase: Stall ready. Clicking.
2026-07-16 23:36:29 ThievingPhase: Loot detected in slot 1. Clicking it.
2026-07-16 23:36:31 ThievingPhase: Stall ready. Clicking.
2026-07-16 23:36:32 ThievingPhase: Loot detected in slot 1. Clicking it.
2026-07-16 23:36:34 ThievingPhase: Stall ready. Clicking.
2026-07-16 23:36:35 ThievingPhase: Loot detected in slot 1. Clicking it.
2026-07-16 23:36:37 ThievingPhase: Stall ready. Clicking.
2026-07-16 23:36:38 ThievingPhase: Loot detected in slot 1. Clicking it.
2026-07-16 23:36:40 ThievingPhase: Stall ready. Clicking.
2026-07-16 23:36:41 ThievingPhase: Loot detected in slot 1. Clicking it.
2026-07-16 23:36:43 ThievingPhase: Stall ready. Clicking.
2026-07-16 23:36:44 ThievingPhase: Loot detected in slot 1. Clicking it.
2026-07-16 23:36:46 ThievingPhase: Stall ready. Clicking.
2026-07-16 23:36:47 ThievingPhase: Loot detected in slot 1. Clicking it.
2026-07-16 23:36:49 ThievingPhase: Stall ready. Clicking.
2026-07-16 23:36:50 ThievingPhase: Loot detected in slot 1. Clicking it.
2026-07-16 23:36:52 ThievingPhase: Stall ready. Clicking.
2026-07-16 23:36:53 ThievingPhase: Loot detected in slot 1. Clicking it.
2026-07-16 23:36:55 ThievingPhase: Stall ready. Clicking.
2026-07-16 23:36:56 ThievingPhase: Loot detected in slot 1. Clicking it.
2026-07-16 23:36:58 ThievingPhase: Stall ready. Clicking.
2026-07-16 23:36:59 ThievingPhase: Loot detected in slot 1. Clicking it.
2026-07-16 23:37:01 ThievingPhase: Stall ready. Clicking.
2026-07-16 23:37:02 ThievingPhase: Loot detected in slot 1. Clicking it.
2026-07-16 23:37:04 ThievingPhase: Stall ready. Clicking.
2026-07-16 23:37:05 ThievingPhase: Loot detected in slot 1. Clicking it.
2026-07-16 23:37:07 ThievingPhase: Stall ready. Clicking.
2026-07-16 23:37:08 ThievingPhase: Loot detected in slot 1. Clicking it.
2026-07-16 23:37:10 ThievingPhase: Stall ready. Clicking.
2026-07-16 23:37:11 ThievingPhase: Loot detected in slot 1. Clicking it.
2026-07-16 23:37:13 ThievingPhase: Stall ready. Clicking.
2026-07-16 23:37:14 ThievingPhase: Loot detected in slot 1. Clicking it.
2026-07-16 23:37:16 ThievingPhase: Stall ready. Clicking.
2026-07-16 23:37:17 ThievingPhase: Loot detected in slot 1. Clicking it.
2026-07-16 23:37:19 ThievingPhase: Stall ready. Clicking.
2026-07-16 23:37:20 ThievingPhase: Loot detected in slot 1. Clicking it.
2026-07-16 23:37:22 ThievingPhase: Stall ready. Clicking.
2026-07-16 23:37:23 ThievingPhase: Loot detected in slot 1. Clicking it.
2026-07-16 23:37:25 ThievingPhase: Stall ready. Clicking.
2026-07-16 23:37:26 ThievingPhase: Loot detected in slot 1. Clicking it.
2026-07-16 23:37:28 ThievingPhase: Stall ready. Clicking.
2026-07-16 23:37:29 ThievingPhase: Loot detected in slot 1. Clicking it.
2026-07-16 23:37:31 ThievingPhase: Stall ready. Clicking.
2026-07-16 23:37:32 ThievingPhase: Loot detected in slot 1. Clicking it.
2026-07-16 23:37:34 ThievingPhase: Stall ready. Clicking.
2026-07-16 23:37:35 ThievingPhase: Loot detected in slot 1. Clicking it.
2026-07-16 23:37:37 ThievingPhase: Stall ready. Clicking.
2026-07-16 23:37:38 ThievingPhase: Loot detected in slot 1. Clicking it.
2026-07-16 23:37:40 ThievingPhase: Stall ready. Clicking.
2026-07-16 23:37:41 ThievingPhase: Loot detected in slot 1. Clicking it.
2026-07-16 23:37:43 ThievingPhase: Stall ready. Clicking.
2026-07-16 23:37:44 ThievingPhase: Loot detected in slot 1. Clicking it.
2026-07-16 23:37:46 ThievingPhase: Stall ready. Clicking.
2026-07-16 23:37:47 ThievingPhase: Loot detected in slot 1. Clicking it.
2026-07-16 23:37:49 ThievingPhase: Stall ready. Clicking.
2026-07-16 23:37:50 ThievingPhase: Loot detected in slot 1. Clicking it.
2026-07-16 23:37:52 ThievingPhase: Stall ready. Clicking.
2026-07-16 23:37:53 ThievingPhase: Loot detected in slot 1. Clicking it.
2026-07-16 23:37:55 ThievingPhase: Stall ready. Clicking.
2026-07-16 23:37:56 ThievingPhase: Loot detected in slot 1. Clicking it.
2026-07-16 23:37:58 ThievingPhase: Stall ready. Clicking.
2026-07-16 23:37:59 ThievingPhase: Loot detected in slot 1. Clicking it.
2026-07-16 23:38:01 ThievingPhase: Stall ready. Clicking.
2026-07-16 23:38:02 ThievingPhase: Loot detected in slot 1. Clicking it.
2026-07-16 23:38:04 ThievingPhase: Stall ready. Clicking.
2026-07-16 23:38:05 ThievingPhase: Loot detected in slot 1. Clicking it.
2026-07-16 23:38:07 ThievingPhase: Stall ready. Clicking.
2026-07-16 23:38:08 ThievingPhase: Loot detected in slot 1. Clicking it.
2026-07-16 23:38:10 ThievingPhase: Stall ready. Clicking.
2026-07-16 23:38:11 ThievingPhase: Loot detected in slot 1. Clicking it.
2026-07-16 23:38:13 ThievingPhase: Stall ready. Clicking.
2026-07-16 23:38:14 ThievingPhase: Loot detected in slot 1. Clicking it.
2026-07-16 23:38:16 ThievingPhase: Stall ready. Clicking.
2026-07-16 23:38:17 ThievingPhase: Loot detected in slot 1. Clicking it.
2026-07-16 23:38:19 ThievingPhase: Stall ready. Clicking.
2026-07-16 23:38:20 ThievingPhase: Loot detected in slot 1. Clicking it.
2026-07-16 23:38:22 ThievingPhase: Stall ready. Clicking.
2026-07-16 23:38:23 ThievingPhase: Loot detected in slot 1. Clicking it.
2026-07-16 23:38:25 ThievingPhase: Stall ready. Clicking.
2026-07-16 23:38:26 ThievingPhase: Loot detected in slot 1. Clicking it.
2026-07-16 23:38:28 ThievingPhase: Stall ready. Clicking.
2026-07-16 23:38:29 ThievingPhase: Loot detected in slot 1. Clicking it.
2026-07-16 23:38:31 ThievingPhase: Stall ready. Clicking.
2026-07-16 23:38:32 ThievingPhase: Loot detected in slot 1. Clicking it.
2026-07-16 23:38:34 ThievingPhase: Stall ready. Clicking.
2026-07-16 23:38:35 ThievingPhase: Loot detected in slot 1. Clicking it.
2026-07-16 23:38:37 ThievingPhase: Stall ready. Clicking.
2026-07-16 23:38:38 ThievingPhase: Loot detected in slot 1. Clicking it.
2026-07-16 23:38:40 ThievingPhase: Stall ready. Clicking.
2026-07-16 23:38:42 ThievingPhase: Loot detected in slot 1. Clicking it.
2026-07-16 23:38:43 ThievingPhase: Stall ready. Clicking.
2026-07-16 23:38:45 ThievingPhase: Loot detected in slot 1. Clicking it.
2026-07-16 23:38:46 ThievingPhase: Stall ready. Clicking.
2026-07-16 23:38:48 ThievingPhase: Loot detected in slot 1. Clicking it.
2026-07-16 23:38:49 ThievingPhase: Stall ready. Clicking.
2026-07-16 23:38:50 ThievingPhase: Loot detected in slot 1. Clicking it.
2026-07-16 23:38:52 ThievingPhase: Stall ready. Clicking.
2026-07-16 23:38:54 ThievingPhase: Loot detected in slot 1. Clicking it.
2026-07-16 23:38:55 ThievingPhase: Stall ready. Clicking.
2026-07-16 23:38:57 ThievingPhase: Loot detected in slot 1. Clicking it.
2026-07-16 23:38:58 ThievingPhase: Stall ready. Clicking.
2026-07-16 23:39:00 ThievingPhase: Loot detected in slot 1. Clicking it.
2026-07-16 23:39:02 ThievingPhase: Stall ready. Clicking.
2026-07-16 23:39:03 ThievingPhase: Loot detected in slot 1. Clicking it.
2026-07-16 23:39:05 ThievingPhase: Stall ready. Clicking.
2026-07-16 23:39:06 ThievingPhase: Loot detected in slot 1. Clicking it.
2026-07-16 23:39:08 ThievingPhase: Stall ready. Clicking.
2026-07-16 23:39:09 ThievingPhase: Loot detected in slot 1. Clicking it.
2026-07-16 23:39:11 ThievingPhase: Stall ready. Clicking.
2026-07-16 23:39:12 ThievingPhase: Loot detected in slot 1. Clicking it.
2026-07-16 23:39:14 ThievingPhase: Stall ready. Clicking.
2026-07-16 23:39:15 ThievingPhase: Loot detected in slot 1. Clicking it.
2026-07-16 23:39:17 ThievingPhase: Stall ready. Clicking.
2026-07-16 23:39:18 ThievingPhase: Loot detected in slot 1. Clicking it.
2026-07-16 23:39:20 ThievingPhase: Stall ready. Clicking.
2026-07-16 23:39:21 ThievingPhase: Loot detected in slot 1. Clicking it.
2026-07-16 23:39:23 ThievingPhase: Stall ready. Clicking.
2026-07-16 23:39:24 ThievingPhase: Loot detected in slot 1. Clicking it.
2026-07-16 23:39:26 ThievingPhase: Stall ready. Clicking.
2026-07-16 23:39:27 ThievingPhase: Loot detected in slot 1. Clicking it.
2026-07-16 23:39:29 ThievingPhase: Stall ready. Clicking.
2026-07-16 23:39:30 ThievingPhase: Loot detected in slot 1. Clicking it.
2026-07-16 23:39:32 ThievingPhase: Stall ready. Clicking.
2026-07-16 23:39:33 ThievingPhase: Loot detected in slot 1. Clicking it.
2026-07-16 23:39:35 ThievingPhase: Stall ready. Clicking.
2026-07-16 23:39:37 ThievingPhase: Loot detected in slot 1. Clicking it.
2026-07-16 23:39:39 ThievingPhase: Stall ready. Clicking.
2026-07-16 23:39:40 ThievingPhase: Loot detected in slot 1. Clicking it.
2026-07-16 23:39:42 ThievingPhase: Stall ready. Clicking.
2026-07-16 23:39:43 ThievingPhase: Loot detected in slot 1. Clicking it.
2026-07-16 23:39:45 ThievingPhase: Stall ready. Clicking.
2026-07-16 23:39:46 ThievingPhase: Loot detected in slot 1. Clicking it.
2026-07-16 23:39:48 ThievingPhase: Stall ready. Clicking.
2026-07-16 23:39:49 ThievingPhase: Loot detected in slot 1. Clicking it.
2026-07-16 23:39:51 ThievingPhase: Stall ready. Clicking.
2026-07-16 23:39:52 ThievingPhase: Loot detected in slot 1. Clicking it.
2026-07-16 23:39:54 ThievingPhase: Stall ready. Clicking.
2026-07-16 23:39:55 ThievingPhase: Loot detected in slot 1. Clicking it.
2026-07-16 23:39:57 ThievingPhase: Stall ready. Clicking.
2026-07-16 23:39:58 ThievingPhase: Loot detected in slot 1. Clicking it.
2026-07-16 23:40:00 ThievingPhase: Stall ready. Clicking.
2026-07-16 23:40:01 ThievingPhase: Loot detected in slot 1. Clicking it.
2026-07-16 23:40:03 ThievingPhase: Stall ready. Clicking.
2026-07-16 23:40:04 ThievingPhase: Loot detected in slot 1. Clicking it.
2026-07-16 23:40:06 ThievingPhase: Stall ready. Clicking.
2026-07-16 23:40:07 ThievingPhase: Loot detected in slot 1. Clicking it.
2026-07-16 23:40:08 ThievingPhase: Stall ready. Clicking.
2026-07-16 23:40:10 ThievingPhase: Loot detected in slot 1. Clicking it.
2026-07-16 23:40:12 ThievingPhase: Stall ready. Clicking.
2026-07-16 23:40:13 ThievingPhase: Loot detected in slot 1. Clicking it.
2026-07-16 23:40:15 ThievingPhase: Stall ready. Clicking.
2026-07-16 23:40:16 ThievingPhase: Loot detected in slot 1. Clicking it.
2026-07-16 23:40:18 ThievingPhase: Stall ready. Clicking.
2026-07-16 23:40:19 ThievingPhase: Loot detected in slot 1. Clicking it.
2026-07-16 23:40:21 ThievingPhase: Stall ready. Clicking.
2026-07-16 23:40:22 ThievingPhase: Loot detected in slot 1. Clicking it.
2026-07-16 23:40:24 ThievingPhase: Stall ready. Clicking.
2026-07-16 23:40:25 ThievingPhase: Loot detected in slot 1. Clicking it.
2026-07-16 23:40:27 ThievingPhase: Stall ready. Clicking.
2026-07-16 23:40:28 ThievingPhase: Loot detected in slot 1. Clicking it.
2026-07-16 23:40:30 ThievingPhase: Stall ready. Clicking.
2026-07-16 23:40:31 ThievingPhase: Loot detected in slot 1. Clicking it.
2026-07-16 23:40:33 ThievingPhase: Stall ready. Clicking.
2026-07-16 23:40:34 ThievingPhase: Loot detected in slot 1. Clicking it.
2026-07-16 23:40:36 ThievingPhase: Stall ready. Clicking.
2026-07-16 23:40:37 ThievingPhase: Loot detected in slot 1. Clicking it.
2026-07-16 23:40:39 ThievingPhase: Stall ready. Clicking.
2026-07-16 23:40:40 ThievingPhase: Loot detected in slot 1. Clicking it.
2026-07-16 23:40:42 ThievingPhase: Stall ready. Clicking.
2026-07-16 23:40:43 ThievingPhase: Loot detected in slot 1. Clicking it.
2026-07-16 23:40:45 ThievingPhase: Stall ready. Clicking.
2026-07-16 23:40:46 ThievingPhase: Loot detected in slot 1. Clicking it.
2026-07-16 23:40:48 ThievingPhase: Stall ready. Clicking.
2026-07-16 23:40:49 ThievingPhase: Loot detected in slot 1. Clicking it.
2026-07-16 23:40:51 ThievingPhase: Stall ready. Clicking.
2026-07-16 23:40:52 ThievingPhase: Loot detected in slot 1. Clicking it.
2026-07-16 23:40:54 ThievingPhase: Stall ready. Clicking.
2026-07-16 23:40:56 ThievingPhase: Loot detected in slot 1. Clicking it.
2026-07-16 23:40:57 ThievingPhase: Stall ready. Clicking.
2026-07-16 23:40:58 ThievingPhase: Loot detected in slot 1. Clicking it.
2026-07-16 23:41:00 ThievingPhase: Stall ready. Clicking.
2026-07-16 23:41:01 ThievingPhase: Loot detected in slot 1. Clicking it.
2026-07-16 23:41:03 ThievingPhase: Stall ready. Clicking.
2026-07-16 23:41:04 ThievingPhase: Loot detected in slot 1. Clicking it.
2026-07-16 23:41:06 ThievingPhase: Stall ready. Clicking.
2026-07-16 23:41:07 ThievingPhase: Loot detected in slot 1. Clicking it.
2026-07-16 23:41:09 ThievingPhase: Stall ready. Clicking.
2026-07-16 23:41:10 ThievingPhase: Loot detected in slot 1. Clicking it.
2026-07-16 23:41:12 ThievingPhase: Stall ready. Clicking.
2026-07-16 23:41:13 ThievingPhase: Loot detected in slot 1. Clicking it.
2026-07-16 23:41:15 ThievingPhase: Stall ready. Clicking.
2026-07-16 23:41:16 ThievingPhase: Loot detected in slot 1. Clicking it.
2026-07-16 23:41:18 ThievingPhase: Stall ready. Clicking.
2026-07-16 23:41:19 ThievingPhase: Loot detected in slot 1. Clicking it.
2026-07-16 23:41:21 ThievingPhase: Stall ready. Clicking.
2026-07-16 23:41:22 ThievingPhase: Loot detected in slot 1. Clicking it.
2026-07-16 23:41:24 ThievingPhase: Stall ready. Clicking.
2026-07-16 23:41:25 ThievingPhase: Loot detected in slot 1. Clicking it.
2026-07-16 23:41:27 ThievingPhase: Stall ready. Clicking.
2026-07-16 23:41:28 ThievingPhase: Loot detected in slot 1. Clicking it.
2026-07-16 23:41:30 ThievingPhase: Stall ready. Clicking.
2026-07-16 23:41:31 ThievingPhase: Loot detected in slot 1. Clicking it.
2026-07-16 23:41:33 ThievingPhase: Stall ready. Clicking.
2026-07-16 23:41:34 ThievingPhase: Loot detected in slot 1. Clicking it.
2026-07-16 23:41:36 ThievingPhase: Stall ready. Clicking.
2026-07-16 23:41:38 ThievingPhase: Loot detected in slot 1. Clicking it.
2026-07-16 23:41:39 ThievingPhase: Stall ready. Clicking.
2026-07-16 23:41:40 ThievingPhase: Loot detected in slot 1. Clicking it.
2026-07-16 23:41:42 ThievingPhase: Stall ready. Clicking.
2026-07-16 23:41:43 ThievingPhase: Loot detected in slot 1. Clicking it.
2026-07-16 23:41:45 ThievingPhase: Stall ready. Clicking.
2026-07-16 23:41:46 ThievingPhase: Loot detected in slot 1. Clicking it.
2026-07-16 23:41:48 ThievingPhase: Stall ready. Clicking.
2026-07-16 23:41:49 ThievingPhase: Loot detected in slot 1. Clicking it.
2026-07-16 23:41:51 ThievingPhase: Stall ready. Clicking.
2026-07-16 23:41:52 ThievingPhase: Loot detected in slot 1. Clicking it.
2026-07-16 23:41:54 ThievingPhase: Stall ready. Clicking.
2026-07-16 23:41:55 ThievingPhase: Loot detected in slot 1. Clicking it.
2026-07-16 23:41:57 ThievingPhase: Stall ready. Clicking.
2026-07-16 23:41:58 ThievingPhase: Loot detected in slot 1. Clicking it.
2026-07-16 23:42:00 ThievingPhase: Stall ready. Clicking.
2026-07-16 23:42:01 ThievingPhase: Loot detected in slot 1. Clicking it.
2026-07-16 23:42:03 ThievingPhase: Stall ready. Clicking.
2026-07-16 23:42:04 ThievingPhase: Loot detected in slot 1. Clicking it.
2026-07-16 23:42:06 ThievingPhase: Stall ready. Clicking.
2026-07-16 23:42:07 ThievingPhase: Loot detected in slot 1. Clicking it.
2026-07-16 23:42:09 ThievingPhase: Stall ready. Clicking.
2026-07-16 23:42:11 ThievingPhase: Loot detected in slot 1. Clicking it.
2026-07-16 23:42:13 ThievingPhase: Stall ready. Clicking.
2026-07-16 23:42:14 ThievingPhase: Loot detected in slot 1. Clicking it.
2026-07-16 23:42:16 ThievingPhase: Stall ready. Clicking.
2026-07-16 23:42:17 ThievingPhase: Loot detected in slot 1. Clicking it.
2026-07-16 23:42:19 ThievingPhase: Stall ready. Clicking.
2026-07-16 23:42:20 ThievingPhase: Loot detected in slot 1. Clicking it.
2026-07-16 23:42:22 ThievingPhase: Stall ready. Clicking.
2026-07-16 23:42:23 ThievingPhase: Loot detected in slot 1. Clicking it.
2026-07-16 23:42:25 ThievingPhase: Stall ready. Clicking.
2026-07-16 23:42:26 ThievingPhase: Loot detected in slot 1. Clicking it.
2026-07-16 23:42:28 ThievingPhase: Stall ready. Clicking.
2026-07-16 23:42:29 ThievingPhase: Loot detected in slot 1. Clicking it.
2026-07-16 23:42:31 ThievingPhase: Stall ready. Clicking.
2026-07-16 23:42:32 ThievingPhase: Loot detected in slot 1. Clicking it.
2026-07-16 23:42:34 ThievingPhase: Stall ready. Clicking.
2026-07-16 23:42:35 ThievingPhase: Loot detected in slot 1. Clicking it.
2026-07-16 23:42:37 ThievingPhase: Stall ready. Clicking.
2026-07-16 23:42:38 ThievingPhase: Loot detected in slot 1. Clicking it.
2026-07-16 23:42:40 ThievingPhase: Stall ready. Clicking.
2026-07-16 23:42:41 ThievingPhase: Loot detected in slot 1. Clicking it.
2026-07-16 23:42:43 ThievingPhase: Stall ready. Clicking.
2026-07-16 23:42:44 ThievingPhase: Loot detected in slot 1. Clicking it.
2026-07-16 23:42:46 ThievingPhase: Stall ready. Clicking.
2026-07-16 23:42:47 ThievingPhase: Loot detected in slot 1. Clicking it.
2026-07-16 23:42:49 ThievingPhase: Stall ready. Clicking.
2026-07-16 23:42:50 ThievingPhase: Loot detected in slot 1. Clicking it.
2026-07-16 23:42:52 ThievingPhase: Stall ready. Clicking.
2026-07-16 23:42:53 ThievingPhase: Loot detected in slot 1. Clicking it.
2026-07-16 23:42:55 ThievingPhase: Stall ready. Clicking.
2026-07-16 23:42:56 ThievingPhase: Loot detected in slot 1. Clicking it.
2026-07-16 23:42:58 ThievingPhase: Stall ready. Clicking.
2026-07-16 23:42:59 ThievingPhase: Loot detected in slot 1. Clicking it.
2026-07-16 23:43:01 ThievingPhase: Stall ready. Clicking.
2026-07-16 23:43:02 ThievingPhase: Loot detected in slot 1. Clicking it.
2026-07-16 23:43:04 ThievingPhase: Stall ready. Clicking.
2026-07-16 23:43:05 ThievingPhase: Loot detected in slot 1. Clicking it.
2026-07-16 23:43:07 ThievingPhase: Stall ready. Clicking.
2026-07-16 23:43:08 ThievingPhase: Loot detected in slot 1. Clicking it.
2026-07-16 23:43:10 ThievingPhase: Stall ready. Clicking.
2026-07-16 23:43:11 ThievingPhase: Loot detected in slot 1. Clicking it.
2026-07-16 23:43:13 ThievingPhase: Stall ready. Clicking.
2026-07-16 23:43:14 ThievingPhase: Loot detected in slot 1. Clicking it.
2026-07-16 23:43:16 ThievingPhase: Stall ready. Clicking.
2026-07-16 23:43:17 ThievingPhase: Loot detected in slot 1. Clicking it.
2026-07-16 23:43:19 ThievingPhase: Stall ready. Clicking.
2026-07-16 23:43:20 ThievingPhase: Loot detected in slot 1. Clicking it.
2026-07-16 23:43:22 ThievingPhase: Stall ready. Clicking.
2026-07-16 23:43:23 ThievingPhase: Loot detected in slot 1. Clicking it.
2026-07-16 23:43:25 ThievingPhase: Stall ready. Clicking.
2026-07-16 23:43:26 ThievingPhase: Loot detected in slot 1. Clicking it.
2026-07-16 23:43:28 ThievingPhase: Stall ready. Clicking.
2026-07-16 23:43:29 ThievingPhase: Loot detected in slot 1. Clicking it.
2026-07-16 23:43:31 ThievingPhase: Stall ready. Clicking.
2026-07-16 23:43:32 ThievingPhase: Loot detected in slot 1. Clicking it.
2026-07-16 23:43:34 ThievingPhase: Stall ready. Clicking.
2026-07-16 23:43:35 ThievingPhase: Loot detected in slot 1. Clicking it.
2026-07-16 23:43:37 ThievingPhase: Stall ready. Clicking.
2026-07-16 23:43:38 ThievingPhase: Loot detected in slot 1. Clicking it.
2026-07-16 23:43:40 ThievingPhase: Stall ready. Clicking.
2026-07-16 23:43:42 ThievingPhase: Loot detected in slot 1. Clicking it.
2026-07-16 23:43:43 ThievingPhase: Stall ready. Clicking.
2026-07-16 23:43:45 ThievingPhase: Loot detected in slot 1. Clicking it.
2026-07-16 23:43:46 ThievingPhase: Stall ready. Clicking.
2026-07-16 23:43:48 ThievingPhase: Loot detected in slot 1. Clicking it.
2026-07-16 23:43:49 ThievingPhase: Stall ready. Clicking.
2026-07-16 23:43:51 ThievingPhase: Loot detected in slot 1. Clicking it.
2026-07-16 23:43:52 ThievingPhase: Stall ready. Clicking.
2026-07-16 23:43:54 ThievingPhase: Loot detected in slot 1. Clicking it.
2026-07-16 23:43:55 ThievingPhase: Stall ready. Clicking.
2026-07-16 23:43:57 ThievingPhase: Loot detected in slot 1. Clicking it.
2026-07-16 23:43:58 ThievingPhase: Stall ready. Clicking.
2026-07-16 23:44:00 ThievingPhase: Loot detected in slot 1. Clicking it.
2026-07-16 23:44:01 ThievingPhase: Stall ready. Clicking.
2026-07-16 23:44:03 ThievingPhase: Loot detected in slot 1. Clicking it.
2026-07-16 23:44:04 ThievingPhase: Stall ready. Clicking.
2026-07-16 23:44:06 ThievingPhase: Loot detected in slot 1. Clicking it.
2026-07-16 23:44:07 ThievingPhase: Stall ready. Clicking.
2026-07-16 23:44:09 ThievingPhase: Loot detected in slot 1. Clicking it.
2026-07-16 23:44:11 ThievingPhase: Stall ready. Clicking.
2026-07-16 23:44:12 ThievingPhase: Loot detected in slot 1. Clicking it.
2026-07-16 23:44:13 ThievingPhase: Stall ready. Clicking.
2026-07-16 23:44:15 ThievingPhase: Loot detected in slot 1. Clicking it.
2026-07-16 23:44:16 ThievingPhase: Stall ready. Clicking.
2026-07-16 23:44:18 ThievingPhase: Loot detected in slot 1. Clicking it.
2026-07-16 23:44:20 ThievingPhase: Stall ready. Clicking.
2026-07-16 23:44:21 ThievingPhase: Loot detected in slot 1. Clicking it.
2026-07-16 23:44:22 ThievingPhase: Stall ready. Clicking.
2026-07-16 23:44:24 ThievingPhase: Loot detected in slot 1. Clicking it.
2026-07-16 23:44:25 ThievingPhase: Stall ready. Clicking.
2026-07-16 23:44:27 ThievingPhase: Loot detected in slot 1. Clicking it.
2026-07-16 23:44:28 ThievingPhase: Stall ready. Clicking.
2026-07-16 23:44:30 ThievingPhase: Loot detected in slot 1. Clicking it.
2026-07-16 23:44:31 ThievingPhase: Stall ready. Clicking.
2026-07-16 23:44:33 ThievingPhase: Loot detected in slot 1. Clicking it.
2026-07-16 23:44:34 ThievingPhase: Stall ready. Clicking.
2026-07-16 23:44:36 ThievingPhase: Loot detected in slot 1. Clicking it.
2026-07-16 23:44:38 ThievingPhase: Stall ready. Clicking.
2026-07-16 23:44:39 ThievingPhase: Loot detected in slot 1. Clicking it.
2026-07-16 23:44:40 ThievingPhase: Stall ready. Clicking.
2026-07-16 23:44:42 ThievingPhase: Loot detected in slot 1. Clicking it.
2026-07-16 23:44:43 ThievingPhase: Stall ready. Clicking.
2026-07-16 23:44:45 ThievingPhase: Loot detected in slot 1. Clicking it.
2026-07-16 23:44:46 ThievingPhase: Stall ready. Clicking.
2026-07-16 23:44:48 ThievingPhase: Loot detected in slot 1. Clicking it.
2026-07-16 23:44:49 ThievingPhase: Stall ready. Clicking.
2026-07-16 23:44:51 ThievingPhase: Loot detected in slot 1. Clicking it.
2026-07-16 23:44:52 ThievingPhase: Stall ready. Clicking.
2026-07-16 23:44:54 ThievingPhase: Loot detected in slot 1. Clicking it.
2026-07-16 23:44:55 ThievingPhase: Stall ready. Clicking.
2026-07-16 23:44:57 ThievingPhase: Loot detected in slot 1. Clicking it.
2026-07-16 23:44:59 ThievingPhase: Stall ready. Clicking.
2026-07-16 23:45:00 ThievingPhase: Loot detected in slot 1. Clicking it.
2026-07-16 23:45:01 ThievingPhase: Stall ready. Clicking.
2026-07-16 23:45:03 ThievingPhase: Loot detected in slot 1. Clicking it.
2026-07-16 23:45:04 ThievingPhase: Stall ready. Clicking.
2026-07-16 23:45:06 ThievingPhase: Loot detected in slot 1. Clicking it.
2026-07-16 23:45:08 ThievingPhase: Stall ready. Clicking.
2026-07-16 23:45:09 ThievingPhase: Loot detected in slot 1. Clicking it.
2026-07-16 23:45:11 ThievingPhase: Stall ready. Clicking.
2026-07-16 23:45:12 ThievingPhase: Loot detected in slot 1. Clicking it.
2026-07-16 23:45:14 ThievingPhase: Stall ready. Clicking.
2026-07-16 23:45:15 ThievingPhase: Loot detected in slot 1. Clicking it.
2026-07-16 23:45:17 ThievingPhase: Stall ready. Clicking.
2026-07-16 23:45:18 ThievingPhase: Loot detected in slot 1. Clicking it.
2026-07-16 23:45:20 ThievingPhase: Stall ready. Clicking.
2026-07-16 23:45:21 ThievingPhase: Loot detected in slot 1. Clicking it.
2026-07-16 23:45:23 ThievingPhase: Stall ready. Clicking.
2026-07-16 23:45:24 ThievingPhase: Loot detected in slot 1. Clicking it.
2026-07-16 23:45:26 ThievingPhase: Stall ready. Clicking.
2026-07-16 23:45:27 ThievingPhase: Loot detected in slot 1. Clicking it.
2026-07-16 23:45:29 ThievingPhase: Stall ready. Clicking.
2026-07-16 23:45:30 ThievingPhase: Loot detected in slot 1. Clicking it.
2026-07-16 23:45:32 ThievingPhase: Stall ready. Clicking.
2026-07-16 23:45:33 ThievingPhase: Loot detected in slot 1. Clicking it.
2026-07-16 23:45:35 ThievingPhase: Stall ready. Clicking.
2026-07-16 23:45:36 ThievingPhase: Loot detected in slot 1. Clicking it.
2026-07-16 23:45:38 ThievingPhase: Stall ready. Clicking.
2026-07-16 23:45:39 ThievingPhase: Loot detected in slot 1. Clicking it.
2026-07-16 23:45:41 ThievingPhase: Stall ready. Clicking.
2026-07-16 23:45:42 ThievingPhase: Loot detected in slot 1. Clicking it.
2026-07-16 23:45:44 ThievingPhase: Stall ready. Clicking.
2026-07-16 23:45:45 ThievingPhase: Loot detected in slot 1. Clicking it.
2026-07-16 23:45:47 ThievingPhase: Stall ready. Clicking.
2026-07-16 23:45:48 ThievingPhase: Loot detected in slot 1. Clicking it.
2026-07-16 23:45:50 ThievingPhase: Stall ready. Clicking.
2026-07-16 23:45:51 ThievingPhase: Loot detected in slot 1. Clicking it.
2026-07-16 23:45:53 ThievingPhase: Stall ready. Clicking.
2026-07-16 23:45:54 ThievingPhase: Loot detected in slot 1. Clicking it.
2026-07-16 23:45:56 ThievingPhase: Stall ready. Clicking.
2026-07-16 23:45:57 ThievingPhase: Loot detected in slot 1. Clicking it.
2026-07-16 23:45:59 ThievingPhase: Stall ready. Clicking.
2026-07-16 23:46:00 ThievingPhase: Loot detected in slot 1. Clicking it.
2026-07-16 23:46:02 ThievingPhase: Stall ready. Clicking.
2026-07-16 23:46:03 ThievingPhase: Loot detected in slot 1. Clicking it.
2026-07-16 23:46:05 ThievingPhase: Stall ready. Clicking.
2026-07-16 23:46:06 ThievingPhase: Loot detected in slot 1. Clicking it.
2026-07-16 23:46:08 ThievingPhase: Stall ready. Clicking.
2026-07-16 23:46:09 ThievingPhase: Loot detected in slot 1. Clicking it.
2026-07-16 23:46:11 ThievingPhase: Stall ready. Clicking.
2026-07-16 23:46:12 ThievingPhase: Loot detected in slot 1. Clicking it.
2026-07-16 23:46:14 ThievingPhase: Stall ready. Clicking.
2026-07-16 23:46:15 ThievingPhase: Loot detected in slot 1. Clicking it.
2026-07-16 23:46:17 ThievingPhase: Stall ready. Clicking.
2026-07-16 23:46:18 ThievingPhase: Loot detected in slot 1. Clicking it.
2026-07-16 23:46:20 ThievingPhase: Stall ready. Clicking.
2026-07-16 23:46:21 ThievingPhase: Loot detected in slot 1. Clicking it.
2026-07-16 23:46:23 ThievingPhase: Stall ready. Clicking.
2026-07-16 23:46:24 ThievingPhase: Loot detected in slot 1. Clicking it.
2026-07-16 23:46:26 ThievingPhase: Stall ready. Clicking.
2026-07-16 23:46:27 ThievingPhase: Loot detected in slot 1. Clicking it.
2026-07-16 23:46:29 ThievingPhase: Stall ready. Clicking.
2026-07-16 23:46:30 ThievingPhase: Loot detected in slot 1. Clicking it.
2026-07-16 23:46:32 ThievingPhase: Stall ready. Clicking.
2026-07-16 23:46:33 ThievingPhase: Loot detected in slot 1. Clicking it.
2026-07-16 23:46:35 ThievingPhase: Stall ready. Clicking.
2026-07-16 23:46:36 ThievingPhase: Loot detected in slot 1. Clicking it.
2026-07-16 23:46:38 ThievingPhase: Stall ready. Clicking.
2026-07-16 23:46:39 ThievingPhase: Loot detected in slot 1. Clicking it.
2026-07-16 23:46:41 ThievingPhase: Stall ready. Clicking.
2026-07-16 23:46:42 ThievingPhase: Loot detected in slot 1. Clicking it.
2026-07-16 23:46:44 ThievingPhase: Stall ready. Clicking.
2026-07-16 23:46:45 ThievingPhase: Loot detected in slot 1. Clicking it.
2026-07-16 23:46:47 ThievingPhase: Stall ready. Clicking.
2026-07-16 23:46:48 ThievingPhase: Loot detected in slot 1. Clicking it.
2026-07-16 23:46:50 ThievingPhase: Stall ready. Clicking.
2026-07-16 23:46:51 ThievingPhase: Loot detected in slot 1. Clicking it.
2026-07-16 23:46:53 ThievingPhase: Stall ready. Clicking.
2026-07-16 23:46:54 ThievingPhase: Loot detected in slot 1. Clicking it.
2026-07-16 23:46:56 ThievingPhase: Stall ready. Clicking.
2026-07-16 23:46:57 ThievingPhase: Loot detected in slot 1. Clicking it.
2026-07-16 23:46:59 ThievingPhase: Stall ready. Clicking.
2026-07-16 23:47:01 ThievingPhase: Loot detected in slot 1. Clicking it.
2026-07-16 23:47:03 ThievingPhase: Stall ready. Clicking.
2026-07-16 23:47:04 ThievingPhase: Loot detected in slot 1. Clicking it.
2026-07-16 23:47:06 ThievingPhase: Stall ready. Clicking.
2026-07-16 23:47:07 ThievingPhase: Loot detected in slot 1. Clicking it.
2026-07-16 23:47:09 ThievingPhase: Stall ready. Clicking.
2026-07-16 23:47:10 ThievingPhase: Loot detected in slot 1. Clicking it.
2026-07-16 23:47:12 ThievingPhase: Stall ready. Clicking.
2026-07-16 23:47:13 ThievingPhase: Loot detected in slot 1. Clicking it.
2026-07-16 23:47:15 ThievingPhase: Stall ready. Clicking.
2026-07-16 23:47:16 ThievingPhase: Loot detected in slot 1. Clicking it.
2026-07-16 23:47:18 ThievingPhase: Stall ready. Clicking.
2026-07-16 23:47:19 ThievingPhase: Loot detected in slot 1. Clicking it.
2026-07-16 23:47:21 ThievingPhase: Stall ready. Clicking.
2026-07-16 23:47:22 ThievingPhase: Loot detected in slot 1. Clicking it.
2026-07-16 23:47:24 ThievingPhase: Stall ready. Clicking.
2026-07-16 23:47:25 ThievingPhase: Loot detected in slot 1. Clicking it.
2026-07-16 23:47:27 ThievingPhase: Stall ready. Clicking.
2026-07-16 23:47:28 ThievingPhase: Loot detected in slot 1. Clicking it.
2026-07-16 23:47:30 ThievingPhase: Stall ready. Clicking.
2026-07-16 23:47:31 ThievingPhase: Loot detected in slot 1. Clicking it.
2026-07-16 23:47:33 ThievingPhase: Stall ready. Clicking.
2026-07-16 23:47:34 ThievingPhase: Loot detected in slot 1. Clicking it.
2026-07-16 23:47:36 ThievingPhase: Stall ready. Clicking.
2026-07-16 23:47:37 ThievingPhase: Loot detected in slot 1. Clicking it.
2026-07-16 23:47:39 ThievingPhase: Stall ready. Clicking.
2026-07-16 23:47:40 ThievingPhase: Loot detected in slot 1. Clicking it.
2026-07-16 23:47:42 ThievingPhase: Stall ready. Clicking.
2026-07-16 23:47:43 ThievingPhase: Loot detected in slot 1. Clicking it.
2026-07-16 23:47:45 ThievingPhase: Stall ready. Clicking.
2026-07-16 23:47:46 ThievingPhase: Loot detected in slot 1. Clicking it.
2026-07-16 23:47:48 ThievingPhase: Stall ready. Clicking.
2026-07-16 23:47:49 ThievingPhase: Loot detected in slot 1. Clicking it.
2026-07-16 23:47:51 ThievingPhase: Stall ready. Clicking.
2026-07-16 23:47:52 ThievingPhase: Loot detected in slot 1. Clicking it.
2026-07-16 23:47:54 ThievingPhase: Stall ready. Clicking.
2026-07-16 23:47:55 ThievingPhase: Loot detected in slot 1. Clicking it.
2026-07-16 23:47:57 ThievingPhase: Stall ready. Clicking.
2026-07-16 23:47:58 ThievingPhase: Loot detected in slot 1. Clicking it.
2026-07-16 23:48:00 ThievingPhase: Stall ready. Clicking.
2026-07-16 23:48:01 ThievingPhase: Loot detected in slot 1. Clicking it.
2026-07-16 23:48:03 ThievingPhase: Stall ready. Clicking.
2026-07-16 23:48:04 ThievingPhase: Loot detected in slot 1. Clicking it.
2026-07-16 23:48:06 ThievingPhase: Stall ready. Clicking.
2026-07-16 23:48:07 ThievingPhase: Loot detected in slot 1. Clicking it.
2026-07-16 23:48:09 ThievingPhase: Stall ready. Clicking.
2026-07-16 23:48:10 ThievingPhase: Loot detected in slot 1. Clicking it.
2026-07-16 23:48:12 ThievingPhase: Stall ready. Clicking.
2026-07-16 23:48:14 ThievingPhase: Loot detected in slot 1. Clicking it.
2026-07-16 23:48:15 ThievingPhase: Stall ready. Clicking.
2026-07-16 23:48:16 ThievingPhase: Loot detected in slot 1. Clicking it.
2026-07-16 23:48:18 ThievingPhase: Stall ready. Clicking.
2026-07-16 23:48:19 ThievingPhase: Loot detected in slot 1. Clicking it.
2026-07-16 23:48:21 ThievingPhase: Stall ready. Clicking.
2026-07-16 23:48:22 ThievingPhase: Loot detected in slot 1. Clicking it.
2026-07-16 23:48:24 ThievingPhase: Stall ready. Clicking.
2026-07-16 23:48:25 ThievingPhase: Loot detected in slot 1. Clicking it.
2026-07-16 23:48:27 ThievingPhase: Stall ready. Clicking.
2026-07-16 23:48:29 ThievingPhase: Loot detected in slot 1. Clicking it.
2026-07-16 23:48:30 ThievingPhase: Stall ready. Clicking.
2026-07-16 23:48:31 ThievingPhase: Loot detected in slot 1. Clicking it.
2026-07-16 23:48:33 ThievingPhase: Stall ready. Clicking.
2026-07-16 23:48:34 ThievingPhase: Loot detected in slot 1. Clicking it.
2026-07-16 23:48:36 ThievingPhase: Stall ready. Clicking.
2026-07-16 23:48:37 ThievingPhase: Loot detected in slot 1. Clicking it.
2026-07-16 23:48:39 ThievingPhase: Stall ready. Clicking.
2026-07-16 23:48:41 ThievingPhase: Loot detected in slot 1. Clicking it.
2026-07-16 23:48:42 ThievingPhase: Stall ready. Clicking.
2026-07-16 23:48:43 ThievingPhase: Loot detected in slot 1. Clicking it.
2026-07-16 23:48:45 ThievingPhase: Stall ready. Clicking.
2026-07-16 23:48:46 ThievingPhase: Loot detected in slot 1. Clicking it.
2026-07-16 23:48:48 ThievingPhase: Stall ready. Clicking.
2026-07-16 23:48:49 ThievingPhase: Loot detected in slot 1. Clicking it.
2026-07-16 23:48:51 ThievingPhase: Stall ready. Clicking.
2026-07-16 23:48:53 ThievingPhase: Loot detected in slot 1. Clicking it.
2026-07-16 23:48:54 ThievingPhase: Stall ready. Clicking.
2026-07-16 23:48:55 ThievingPhase: Loot detected in slot 1. Clicking it.
2026-07-16 23:48:57 ThievingPhase: Stall ready. Clicking.
2026-07-16 23:48:58 ThievingPhase: Loot detected in slot 1. Clicking it.
2026-07-16 23:49:00 ThievingPhase: Stall ready. Clicking.
2026-07-16 23:49:01 ThievingPhase: Loot detected in slot 1. Clicking it.
2026-07-16 23:49:03 ThievingPhase: Stall ready. Clicking.
2026-07-16 23:49:04 ThievingPhase: Loot detected in slot 1. Clicking it.
2026-07-16 23:49:06 ThievingPhase: Stall ready. Clicking.
2026-07-16 23:49:08 ThievingPhase: Loot detected in slot 1. Clicking it.
2026-07-16 23:49:09 ThievingPhase: Stall ready. Clicking.
2026-07-16 23:49:10 ThievingPhase: Loot detected in slot 1. Clicking it.
2026-07-16 23:49:12 ThievingPhase: Stall ready. Clicking.
2026-07-16 23:49:13 ThievingPhase: Loot detected in slot 1. Clicking it.
2026-07-16 23:49:15 ThievingPhase: Stall ready. Clicking.
2026-07-16 23:49:17 ThievingPhase: Loot detected in slot 1. Clicking it.
2026-07-16 23:49:18 ThievingPhase: Stall ready. Clicking.
2026-07-16 23:49:19 ThievingPhase: Loot detected in slot 1. Clicking it.
2026-07-16 23:49:21 ThievingPhase: Stall ready. Clicking.
2026-07-16 23:49:23 ThievingPhase: Loot detected in slot 1. Clicking it.
2026-07-16 23:49:24 ThievingPhase: Stall ready. Clicking.
2026-07-16 23:49:25 ThievingPhase: Loot detected in slot 1. Clicking it.
2026-07-16 23:49:27 ThievingPhase: Stall ready. Clicking.
2026-07-16 23:49:28 ThievingPhase: Loot detected in slot 1. Clicking it.
2026-07-16 23:49:30 ThievingPhase: Stall ready. Clicking.
2026-07-16 23:49:32 ThievingPhase: Loot detected in slot 1. Clicking it.
2026-07-16 23:49:34 ThievingPhase: Stall ready. Clicking.
2026-07-16 23:49:35 ThievingPhase: Loot detected in slot 1. Clicking it.
2026-07-16 23:49:37 ThievingPhase: Stall ready. Clicking.
2026-07-16 23:49:38 ThievingPhase: Loot detected in slot 1. Clicking it.
2026-07-16 23:49:40 ThievingPhase: Stall ready. Clicking.
2026-07-16 23:49:42 ThievingPhase: Loot detected in slot 1. Clicking it.
2026-07-16 23:49:44 ThievingPhase: Stall ready. Clicking.
2026-07-16 23:49:45 ThievingPhase: Loot detected in slot 1. Clicking it.
2026-07-16 23:49:46 ThievingPhase: Stall ready. Clicking.
2026-07-16 23:49:48 ThievingPhase: Loot detected in slot 1. Clicking it.
2026-07-16 23:49:50 ThievingPhase: Stall ready. Clicking.
2026-07-16 23:49:51 ThievingPhase: Loot detected in slot 1. Clicking it.
2026-07-16 23:49:52 ThievingPhase: Stall ready. Clicking.
2026-07-16 23:49:54 ThievingPhase: Loot detected in slot 1. Clicking it.
2026-07-16 23:49:55 ThievingPhase: Stall ready. Clicking.
2026-07-16 23:49:57 ThievingPhase: Loot detected in slot 1. Clicking it.
2026-07-16 23:49:59 ThievingPhase: Stall ready. Clicking.
2026-07-16 23:50:00 ThievingPhase: Loot detected in slot 1. Clicking it.
2026-07-16 23:50:01 ThievingPhase: Stall ready. Clicking.
2026-07-16 23:50:03 ThievingPhase: Loot detected in slot 1. Clicking it.
2026-07-16 23:50:04 ThievingPhase: Stall ready. Clicking.
2026-07-16 23:50:06 ThievingPhase: Loot detected in slot 1. Clicking it.
2026-07-16 23:50:08 ThievingPhase: Stall ready. Clicking.
2026-07-16 23:50:09 ThievingPhase: Loot detected in slot 1. Clicking it.
2026-07-16 23:50:10 ThievingPhase: Stall ready. Clicking.
2026-07-16 23:50:12 ThievingPhase: Loot detected in slot 1. Clicking it.
2026-07-16 23:50:14 ThievingPhase: Stall ready. Clicking.
2026-07-16 23:50:15 ThievingPhase: Loot detected in slot 1. Clicking it.
2026-07-16 23:50:16 ThievingPhase: Stall ready. Clicking.
2026-07-16 23:50:18 ThievingPhase: Loot detected in slot 1. Clicking it.
2026-07-16 23:50:20 ThievingPhase: Stall ready. Clicking.
2026-07-16 23:50:21 ThievingPhase: Loot detected in slot 1. Clicking it.
2026-07-16 23:50:23 ThievingPhase: Stall ready. Clicking.
2026-07-16 23:50:24 ThievingPhase: Loot detected in slot 1. Clicking it.
2026-07-16 23:50:25 ThievingPhase: Stall ready. Clicking.
2026-07-16 23:50:27 ThievingPhase: Loot detected in slot 1. Clicking it.
2026-07-16 23:50:28 ThievingPhase: Stall ready. Clicking.
2026-07-16 23:50:30 ThievingPhase: Loot detected in slot 1. Clicking it.
2026-07-16 23:50:32 ThievingPhase: Stall ready. Clicking.
2026-07-16 23:50:33 ThievingPhase: Loot detected in slot 1. Clicking it.
2026-07-16 23:50:34 ThievingPhase: Stall ready. Clicking.
2026-07-16 23:50:36 ThievingPhase: Loot detected in slot 1. Clicking it.
2026-07-16 23:50:37 ThievingPhase: Stall ready. Clicking.
2026-07-16 23:50:39 ThievingPhase: Loot detected in slot 1. Clicking it.
2026-07-16 23:50:41 ThievingPhase: Stall ready. Clicking.
2026-07-16 23:50:42 ThievingPhase: Loot detected in slot 1. Clicking it.
2026-07-16 23:50:43 ThievingPhase: Stall ready. Clicking.
2026-07-16 23:50:45 ThievingPhase: Loot detected in slot 1. Clicking it.
2026-07-16 23:50:46 ThievingPhase: Stall ready. Clicking.
2026-07-16 23:50:48 ThievingPhase: Loot detected in slot 1. Clicking it.
2026-07-16 23:50:50 ThievingPhase: Stall ready. Clicking.
2026-07-16 23:50:51 ThievingPhase: Loot detected in slot 1. Clicking it.
2026-07-16 23:50:52 ThievingPhase: Stall ready. Clicking.
2026-07-16 23:50:55 ThievingPhase: No loot after 2000ms - assuming detected, waiting for combat.
2026-07-16 23:50:59 WaitCombatPhase: No combat signal after 4000ms - retrying
2026-07-16 23:50:59 ThievingPhase: Stall ready. Clicking.
2026-07-16 23:51:00 ThievingPhase: Loot detected in slot 1. Clicking it.
2026-07-16 23:51:02 ThievingPhase: Stall ready. Clicking.
2026-07-16 23:51:03 ThievingPhase: Loot detected in slot 1. Clicking it.
2026-07-16 23:51:05 ThievingPhase: Stall ready. Clicking.
2026-07-16 23:51:06 ThievingPhase: Loot detected in slot 1. Clicking it.
2026-07-16 23:51:08 ThievingPhase: Stall ready. Clicking.
2026-07-16 23:51:09 ThievingPhase: Loot detected in slot 1. Clicking it.
2026-07-16 23:51:11 ThievingPhase: Stall ready. Clicking.
2026-07-16 23:51:12 ThievingPhase: Loot detected in slot 1. Clicking it.
2026-07-16 23:51:14 ThievingPhase: Stall ready. Clicking.
2026-07-16 23:51:15 ThievingPhase: Loot detected in slot 1. Clicking it.
2026-07-16 23:51:17 ThievingPhase: Stall ready. Clicking.
2026-07-16 23:51:18 ThievingPhase: Loot detected in slot 1. Clicking it.
2026-07-16 23:51:20 ThievingPhase: Stall ready. Clicking.
2026-07-16 23:51:21 ThievingPhase: Loot detected in slot 1. Clicking it.
2026-07-16 23:51:23 ThievingPhase: Stall ready. Clicking.
2026-07-16 23:51:24 ThievingPhase: Loot detected in slot 1. Clicking it.
2026-07-16 23:51:26 ThievingPhase: Stall ready. Clicking.
2026-07-16 23:51:27 ThievingPhase: Loot detected in slot 1. Clicking it.
2026-07-16 23:51:29 ThievingPhase: Stall ready. Clicking.
2026-07-16 23:51:30 ThievingPhase: Loot detected in slot 1. Clicking it.
2026-07-16 23:51:32 ThievingPhase: Stall ready. Clicking.
2026-07-16 23:51:33 ThievingPhase: Loot detected in slot 1. Clicking it.
2026-07-16 23:51:35 ThievingPhase: Stall ready. Clicking.
2026-07-16 23:51:36 ThievingPhase: Loot detected in slot 1. Clicking it.
2026-07-16 23:51:38 ThievingPhase: Stall ready. Clicking.
2026-07-16 23:51:39 ThievingPhase: Loot detected in slot 1. Clicking it.
2026-07-16 23:51:41 ThievingPhase: Stall ready. Clicking.
2026-07-16 23:51:42 ThievingPhase: Loot detected in slot 1. Clicking it.
2026-07-16 23:51:44 ThievingPhase: Stall ready. Clicking.
2026-07-16 23:51:45 ThievingPhase: Loot detected in slot 1. Clicking it.
2026-07-16 23:51:47 ThievingPhase: Stall ready. Clicking.
2026-07-16 23:51:48 ThievingPhase: Loot detected in slot 1. Clicking it.
2026-07-16 23:51:50 ThievingPhase: Stall ready. Clicking.
2026-07-16 23:51:51 ThievingPhase: Loot detected in slot 1. Clicking it.
2026-07-16 23:51:53 ThievingPhase: Stall ready. Clicking.
2026-07-16 23:51:54 ThievingPhase: Loot detected in slot 1. Clicking it.
2026-07-16 23:51:56 ThievingPhase: Stall ready. Clicking.
2026-07-16 23:51:58 ThievingPhase: No loot after 2000ms - assuming detected, waiting for combat.
2026-07-16 23:52:03 WaitCombatPhase: No combat signal after 4000ms - retrying
2026-07-16 23:52:03 ThievingPhase: Stall ready. Clicking.
2026-07-16 23:52:04 ThievingPhase: Loot detected in slot 1. Clicking it.
2026-07-16 23:52:06 ThievingPhase: Stall ready. Clicking.
2026-07-16 23:52:07 ThievingPhase: Loot detected in slot 1. Clicking it.
2026-07-16 23:52:09 ThievingPhase: Stall ready. Clicking.
2026-07-16 23:52:11 ThievingPhase: Loot detected in slot 1. Clicking it.
2026-07-16 23:52:12 ThievingPhase: Stall ready. Clicking.
2026-07-16 23:52:13 ThievingPhase: Loot detected in slot 1. Clicking it.
2026-07-16 23:52:15 ThievingPhase: Stall ready. Clicking.
2026-07-16 23:52:16 ThievingPhase: Loot detected in slot 1. Clicking it.
2026-07-16 23:52:18 ThievingPhase: Stall ready. Clicking.
2026-07-16 23:52:20 ThievingPhase: Loot detected in slot 1. Clicking it.
2026-07-16 23:52:21 ThievingPhase: Stall ready. Clicking.
2026-07-16 23:52:22 ThievingPhase: Loot detected in slot 1. Clicking it.
2026-07-16 23:52:24 ThievingPhase: Stall ready. Clicking.
2026-07-16 23:52:26 ThievingPhase: Loot detected in slot 1. Clicking it.
2026-07-16 23:52:27 ThievingPhase: Stall ready. Clicking.
2026-07-16 23:52:28 ThievingPhase: Loot detected in slot 1. Clicking it.
2026-07-16 23:52:30 ThievingPhase: Stall ready. Clicking.
2026-07-16 23:52:32 ThievingPhase: Loot detected in slot 1. Clicking it.
2026-07-16 23:52:33 ThievingPhase: Stall ready. Clicking.
2026-07-16 23:52:35 ThievingPhase: Loot detected in slot 1. Clicking it.
2026-07-16 23:52:36 ThievingPhase: Stall ready. Clicking.
2026-07-16 23:52:37 ThievingPhase: Loot detected in slot 1. Clicking it.
2026-07-16 23:52:39 ThievingPhase: Stall ready. Clicking.
2026-07-16 23:52:41 ThievingPhase: Loot detected in slot 1. Clicking it.
2026-07-16 23:52:42 ThievingPhase: Stall ready. Clicking.
2026-07-16 23:52:44 ThievingPhase: Loot detected in slot 1. Clicking it.
2026-07-16 23:52:45 ThievingPhase: Stall ready. Clicking.
2026-07-16 23:52:46 ThievingPhase: Loot detected in slot 1. Clicking it.
2026-07-16 23:52:48 ThievingPhase: Stall ready. Clicking.
2026-07-16 23:52:50 ThievingPhase: Loot detected in slot 1. Clicking it.
2026-07-16 23:52:51 ThievingPhase: Stall ready. Clicking.
2026-07-16 23:52:52 ThievingPhase: Loot detected in slot 1. Clicking it.
2026-07-16 23:52:54 ThievingPhase: Stall ready. Clicking.
2026-07-16 23:52:55 ThievingPhase: Loot detected in slot 1. Clicking it.
2026-07-16 23:52:57 ThievingPhase: Stall ready. Clicking.
2026-07-16 23:52:58 ThievingPhase: Loot detected in slot 1. Clicking it.
2026-07-16 23:53:00 ThievingPhase: Stall ready. Clicking.
2026-07-16 23:53:02 ThievingPhase: Loot detected in slot 1. Clicking it.
2026-07-16 23:53:03 ThievingPhase: Stall ready. Clicking.
2026-07-16 23:53:05 ThievingPhase: Loot detected in slot 1. Clicking it.
2026-07-16 23:53:06 ThievingPhase: Stall ready. Clicking.
2026-07-16 23:53:07 ThievingPhase: Loot detected in slot 1. Clicking it.
2026-07-16 23:53:09 ThievingPhase: Stall ready. Clicking.
2026-07-16 23:53:11 ThievingPhase: Loot detected in slot 1. Clicking it.
2026-07-16 23:53:12 ThievingPhase: Stall ready. Clicking.
2026-07-16 23:53:13 ThievingPhase: Loot detected in slot 1. Clicking it.
2026-07-16 23:53:15 ThievingPhase: Stall ready. Clicking.
2026-07-16 23:53:16 ThievingPhase: Loot detected in slot 1. Clicking it.
2026-07-16 23:53:18 ThievingPhase: Stall ready. Clicking.
2026-07-16 23:53:19 ThievingPhase: Loot detected in slot 1. Clicking it.
2026-07-16 23:53:21 ThievingPhase: Stall ready. Clicking.
2026-07-16 23:53:23 ThievingPhase: Loot detected in slot 1. Clicking it.
2026-07-16 23:53:24 ThievingPhase: Stall ready. Clicking.
2026-07-16 23:53:26 ThievingPhase: Loot detected in slot 1. Clicking it.
2026-07-16 23:53:27 ThievingPhase: Stall ready. Clicking.
2026-07-16 23:53:29 ThievingPhase: Loot detected in slot 1. Clicking it.
2026-07-16 23:53:30 ThievingPhase: Stall ready. Clicking.
2026-07-16 23:53:31 ThievingPhase: Loot detected in slot 1. Clicking it.
2026-07-16 23:53:33 ThievingPhase: Stall ready. Clicking.
2026-07-16 23:53:35 ThievingPhase: Loot detected in slot 1. Clicking it.
2026-07-16 23:53:36 ThievingPhase: Stall ready. Clicking.
2026-07-16 23:53:38 ThievingPhase: Loot detected in slot 1. Clicking it.
2026-07-16 23:53:39 ThievingPhase: Stall ready. Clicking.
2026-07-16 23:53:41 ThievingPhase: Loot detected in slot 1. Clicking it.
2026-07-16 23:53:42 ThievingPhase: Stall ready. Clicking.
2026-07-16 23:53:44 ThievingPhase: Loot detected in slot 1. Clicking it.
2026-07-16 23:53:45 ThievingPhase: Stall ready. Clicking.
2026-07-16 23:53:47 ThievingPhase: Loot detected in slot 1. Clicking it.
2026-07-16 23:53:49 ThievingPhase: Stall ready. Clicking.
2026-07-16 23:53:50 ThievingPhase: Loot detected in slot 1. Clicking it.
2026-07-16 23:53:52 ThievingPhase: Stall ready. Clicking.
2026-07-16 23:53:53 ThievingPhase: Loot detected in slot 1. Clicking it.
2026-07-16 23:53:55 ThievingPhase: Stall ready. Clicking.
2026-07-16 23:53:56 ThievingPhase: Loot detected in slot 1. Clicking it.
2026-07-16 23:53:58 ThievingPhase: Stall ready. Clicking.
2026-07-16 23:54:00 ThievingPhase: Loot detected in slot 1. Clicking it.
2026-07-16 23:54:01 ThievingPhase: Stall ready. Clicking.
2026-07-16 23:54:03 ThievingPhase: Loot detected in slot 1. Clicking it.
2026-07-16 23:54:05 ThievingPhase: Stall ready. Clicking.
2026-07-16 23:54:06 ThievingPhase: Loot detected in slot 1. Clicking it.
2026-07-16 23:54:07 ThievingPhase: Stall ready. Clicking.
2026-07-16 23:54:09 ThievingPhase: Loot detected in slot 1. Clicking it.
2026-07-16 23:54:11 ThievingPhase: Stall ready. Clicking.
2026-07-16 23:54:12 ThievingPhase: Loot detected in slot 1. Clicking it.
2026-07-16 23:54:14 ThievingPhase: Stall ready. Clicking.
2026-07-16 23:54:15 ThievingPhase: Loot detected in slot 1. Clicking it.
2026-07-16 23:54:17 ThievingPhase: Stall ready. Clicking.
2026-07-16 23:54:18 ThievingPhase: Loot detected in slot 1. Clicking it.
2026-07-16 23:54:20 ThievingPhase: Stall ready. Clicking.
2026-07-16 23:54:21 ThievingPhase: Loot detected in slot 1. Clicking it.
2026-07-16 23:54:23 ThievingPhase: Stall ready. Clicking.
2026-07-16 23:54:24 ThievingPhase: Loot detected in slot 1. Clicking it.
2026-07-16 23:54:26 ThievingPhase: Stall ready. Clicking.
2026-07-16 23:54:27 ThievingPhase: Loot detected in slot 1. Clicking it.
2026-07-16 23:54:29 ThievingPhase: Stall ready. Clicking.
2026-07-16 23:54:30 ThievingPhase: Loot detected in slot 1. Clicking it.
2026-07-16 23:54:32 ThievingPhase: Stall ready. Clicking.
2026-07-16 23:54:33 ThievingPhase: Loot detected in slot 1. Clicking it.
2026-07-16 23:54:35 ThievingPhase: Stall ready. Clicking.
2026-07-16 23:54:36 ThievingPhase: Loot detected in slot 1. Clicking it.
2026-07-16 23:54:38 ThievingPhase: Stall ready. Clicking.
2026-07-16 23:54:39 ThievingPhase: Loot detected in slot 1. Clicking it.
2026-07-16 23:54:41 ThievingPhase: Stall ready. Clicking.
2026-07-16 23:54:42 ThievingPhase: Loot detected in slot 1. Clicking it.
2026-07-16 23:54:44 ThievingPhase: Stall ready. Clicking.
2026-07-16 23:54:45 ThievingPhase: Loot detected in slot 1. Clicking it.
2026-07-16 23:54:47 ThievingPhase: Stall ready. Clicking.
2026-07-16 23:54:48 ThievingPhase: Loot detected in slot 1. Clicking it.
2026-07-16 23:54:50 ThievingPhase: Stall ready. Clicking.
2026-07-16 23:54:51 ThievingPhase: Loot detected in slot 1. Clicking it.
2026-07-16 23:54:53 ThievingPhase: Stall ready. Clicking.
2026-07-16 23:54:54 ThievingPhase: Loot detected in slot 1. Clicking it.
2026-07-16 23:54:56 ThievingPhase: Stall ready. Clicking.
2026-07-16 23:54:57 ThievingPhase: Loot detected in slot 1. Clicking it.
2026-07-16 23:54:59 ThievingPhase: Stall ready. Clicking.
2026-07-16 23:55:00 ThievingPhase: Loot detected in slot 1. Clicking it.
2026-07-16 23:55:02 ThievingPhase: Stall ready. Clicking.
2026-07-16 23:55:03 ThievingPhase: Loot detected in slot 1. Clicking it.
2026-07-16 23:55:05 ThievingPhase: Stall ready. Clicking.
2026-07-16 23:55:06 ThievingPhase: Loot detected in slot 1. Clicking it.
2026-07-16 23:55:08 ThievingPhase: Stall ready. Clicking.
2026-07-16 23:55:09 ThievingPhase: Loot detected in slot 1. Clicking it.
2026-07-16 23:55:11 ThievingPhase: Stall ready. Clicking.
2026-07-16 23:55:12 ThievingPhase: Loot detected in slot 1. Clicking it.
2026-07-16 23:55:14 ThievingPhase: Stall ready. Clicking.
2026-07-16 23:55:15 ThievingPhase: Loot detected in slot 1. Clicking it.
2026-07-16 23:55:17 ThievingPhase: Stall ready. Clicking.
2026-07-16 23:55:18 ThievingPhase: Loot detected in slot 1. Clicking it.
2026-07-16 23:55:20 ThievingPhase: Stall ready. Clicking.
2026-07-16 23:55:21 ThievingPhase: Loot detected in slot 1. Clicking it.
2026-07-16 23:55:23 ThievingPhase: Stall ready. Clicking.
2026-07-16 23:55:24 ThievingPhase: Loot detected in slot 1. Clicking it.
2026-07-16 23:55:26 ThievingPhase: Stall ready. Clicking.
2026-07-16 23:55:27 ThievingPhase: Loot detected in slot 1. Clicking it.
2026-07-16 23:55:29 ThievingPhase: Stall ready. Clicking.
2026-07-16 23:55:30 ThievingPhase: Loot detected in slot 1. Clicking it.
2026-07-16 23:55:32 ThievingPhase: Stall ready. Clicking.
2026-07-16 23:55:33 ThievingPhase: Loot detected in slot 1. Clicking it.
2026-07-16 23:55:35 ThievingPhase: Stall ready. Clicking.
2026-07-16 23:55:36 ThievingPhase: Loot detected in slot 1. Clicking it.
2026-07-16 23:55:38 ThievingPhase: Stall ready. Clicking.
2026-07-16 23:55:39 ThievingPhase: Loot detected in slot 1. Clicking it.
2026-07-16 23:55:41 ThievingPhase: Stall ready. Clicking.
2026-07-16 23:55:42 ThievingPhase: Loot detected in slot 1. Clicking it.
2026-07-16 23:55:44 ThievingPhase: Stall ready. Clicking.
2026-07-16 23:55:45 ThievingPhase: Loot detected in slot 1. Clicking it.
2026-07-16 23:55:47 ThievingPhase: Stall ready. Clicking.
2026-07-16 23:55:48 ThievingPhase: Loot detected in slot 1. Clicking it.
2026-07-16 23:55:50 ThievingPhase: Stall ready. Clicking.
2026-07-16 23:55:51 ThievingPhase: Loot detected in slot 1. Clicking it.
2026-07-16 23:55:53 ThievingPhase: Stall ready. Clicking.
2026-07-16 23:55:54 ThievingPhase: Loot detected in slot 1. Clicking it.
2026-07-16 23:55:56 ThievingPhase: Stall ready. Clicking.
2026-07-16 23:55:57 ThievingPhase: Loot detected in slot 1. Clicking it.
2026-07-16 23:55:59 ThievingPhase: Stall ready. Clicking.
2026-07-16 23:56:00 ThievingPhase: Loot detected in slot 1. Clicking it.
2026-07-16 23:56:02 ThievingPhase: Stall ready. Clicking.
2026-07-16 23:56:03 ThievingPhase: Loot detected in slot 1. Clicking it.
2026-07-16 23:56:05 ThievingPhase: Stall ready. Clicking.
2026-07-16 23:56:06 ThievingPhase: Loot detected in slot 1. Clicking it.
2026-07-16 23:56:08 ThievingPhase: Stall ready. Clicking.
2026-07-16 23:56:09 ThievingPhase: Loot detected in slot 1. Clicking it.
2026-07-16 23:56:11 ThievingPhase: Stall ready. Clicking.
2026-07-16 23:56:12 ThievingPhase: Loot detected in slot 1. Clicking it.
2026-07-16 23:56:14 ThievingPhase: Stall ready. Clicking.
2026-07-16 23:56:15 ThievingPhase: Loot detected in slot 1. Clicking it.
2026-07-16 23:56:17 ThievingPhase: Stall ready. Clicking.
2026-07-16 23:56:18 ThievingPhase: Loot detected in slot 1. Clicking it.
2026-07-16 23:56:20 ThievingPhase: Stall ready. Clicking.
2026-07-16 23:56:21 ThievingPhase: Loot detected in slot 1. Clicking it.
2026-07-16 23:56:23 ThievingPhase: Stall ready. Clicking.
2026-07-16 23:56:24 ThievingPhase: Loot detected in slot 1. Clicking it.
2026-07-16 23:56:26 ThievingPhase: Stall ready. Clicking.
2026-07-16 23:56:27 ThievingPhase: Loot detected in slot 1. Clicking it.
2026-07-16 23:56:29 ThievingPhase: Stall ready. Clicking.
2026-07-16 23:56:30 ThievingPhase: Loot detected in slot 1. Clicking it.
2026-07-16 23:56:32 ThievingPhase: Stall ready. Clicking.
2026-07-16 23:56:33 ThievingPhase: Loot detected in slot 1. Clicking it.
2026-07-16 23:56:35 ThievingPhase: Stall ready. Clicking.
2026-07-16 23:56:36 ThievingPhase: Loot detected in slot 1. Clicking it.
2026-07-16 23:56:38 ThievingPhase: Stall ready. Clicking.
2026-07-16 23:56:39 ThievingPhase: Loot detected in slot 1. Clicking it.
2026-07-16 23:56:41 ThievingPhase: Stall ready. Clicking.
2026-07-16 23:56:42 ThievingPhase: Loot detected in slot 1. Clicking it.
2026-07-16 23:56:44 ThievingPhase: Stall ready. Clicking.
2026-07-16 23:56:45 ThievingPhase: Loot detected in slot 1. Clicking it.
2026-07-16 23:56:47 ThievingPhase: Stall ready. Clicking.
2026-07-16 23:56:48 ThievingPhase: Loot detected in slot 1. Clicking it.
2026-07-16 23:56:50 ThievingPhase: Stall ready. Clicking.
2026-07-16 23:56:51 ThievingPhase: Loot detected in slot 1. Clicking it.
2026-07-16 23:56:53 ThievingPhase: Stall ready. Clicking.
2026-07-16 23:56:54 ThievingPhase: Loot detected in slot 1. Clicking it.
2026-07-16 23:56:56 ThievingPhase: Stall ready. Clicking.
2026-07-16 23:56:57 ThievingPhase: Loot detected in slot 1. Clicking it.
2026-07-16 23:56:59 ThievingPhase: Stall ready. Clicking.
2026-07-16 23:57:00 ThievingPhase: Loot detected in slot 1. Clicking it.
2026-07-16 23:57:02 ThievingPhase: Stall ready. Clicking.
2026-07-16 23:57:03 ThievingPhase: Loot detected in slot 1. Clicking it.
2026-07-16 23:57:05 ThievingPhase: Stall ready. Clicking.
2026-07-16 23:57:06 ThievingPhase: Loot detected in slot 1. Clicking it.
2026-07-16 23:57:08 ThievingPhase: Stall ready. Clicking.
2026-07-16 23:57:09 ThievingPhase: Loot detected in slot 1. Clicking it.
2026-07-16 23:57:11 ThievingPhase: Stall ready. Clicking.
2026-07-16 23:57:12 ThievingPhase: Loot detected in slot 1. Clicking it.
2026-07-16 23:57:14 ThievingPhase: Stall ready. Clicking.
2026-07-16 23:57:15 ThievingPhase: Loot detected in slot 1. Clicking it.
2026-07-16 23:57:17 ThievingPhase: Stall ready. Clicking.
2026-07-16 23:57:18 ThievingPhase: Loot detected in slot 1. Clicking it.
2026-07-16 23:57:20 ThievingPhase: Stall ready. Clicking.
2026-07-16 23:57:21 ThievingPhase: Loot detected in slot 1. Clicking it.
2026-07-16 23:57:23 ThievingPhase: Stall ready. Clicking.
2026-07-16 23:57:24 ThievingPhase: Loot detected in slot 1. Clicking it.
2026-07-16 23:57:26 ThievingPhase: Stall ready. Clicking.
2026-07-16 23:57:27 ThievingPhase: Loot detected in slot 1. Clicking it.
2026-07-16 23:57:29 ThievingPhase: Stall ready. Clicking.
2026-07-16 23:57:30 ThievingPhase: Loot detected in slot 1. Clicking it.
2026-07-16 23:57:32 ThievingPhase: Stall ready. Clicking.
2026-07-16 23:57:33 ThievingPhase: Loot detected in slot 1. Clicking it.
2026-07-16 23:57:35 ThievingPhase: Stall ready. Clicking.
2026-07-16 23:57:36 ThievingPhase: Loot detected in slot 1. Clicking it.
2026-07-16 23:57:38 ThievingPhase: Stall ready. Clicking.
2026-07-16 23:57:39 ThievingPhase: Loot detected in slot 1. Clicking it.
2026-07-16 23:57:41 ThievingPhase: Stall ready. Clicking.
2026-07-16 23:57:42 ThievingPhase: Loot detected in slot 1. Clicking it.
2026-07-16 23:57:44 ThievingPhase: Stall ready. Clicking.
2026-07-16 23:57:45 ThievingPhase: Loot detected in slot 1. Clicking it.
2026-07-16 23:57:47 ThievingPhase: Stall ready. Clicking.
2026-07-16 23:57:49 ThievingPhase: No loot after 2000ms - assuming detected, waiting for combat.
2026-07-16 23:57:54 WaitCombatPhase: No combat signal after 4000ms - retrying
2026-07-16 23:57:54 ThievingPhase: Stall ready. Clicking.
2026-07-16 23:57:55 ThievingPhase: Loot detected in slot 1. Clicking it.
2026-07-16 23:57:57 ThievingPhase: Stall ready. Clicking.
2026-07-16 23:57:58 ThievingPhase: Loot detected in slot 1. Clicking it.
2026-07-16 23:58:00 ThievingPhase: Stall ready. Clicking.
2026-07-16 23:58:01 ThievingPhase: Loot detected in slot 1. Clicking it.
2026-07-16 23:58:03 ThievingPhase: Stall ready. Clicking.
2026-07-16 23:58:04 ThievingPhase: Loot detected in slot 1. Clicking it.
2026-07-16 23:58:06 ThievingPhase: Stall ready. Clicking.
2026-07-16 23:58:07 ThievingPhase: Loot detected in slot 1. Clicking it.
2026-07-16 23:58:09 ThievingPhase: Stall ready. Clicking.
2026-07-16 23:58:10 ThievingPhase: Loot detected in slot 1. Clicking it.
2026-07-16 23:58:12 ThievingPhase: Stall ready. Clicking.
2026-07-16 23:58:13 ThievingPhase: Loot detected in slot 1. Clicking it.
2026-07-16 23:58:15 ThievingPhase: Stall ready. Clicking.
2026-07-16 23:58:16 ThievingPhase: Loot detected in slot 1. Clicking it.
2026-07-16 23:58:18 ThievingPhase: Stall ready. Clicking.
2026-07-16 23:58:19 ThievingPhase: Loot detected in slot 1. Clicking it.
2026-07-16 23:58:21 ThievingPhase: Stall ready. Clicking.
2026-07-16 23:58:22 ThievingPhase: Loot detected in slot 1. Clicking it.
2026-07-16 23:58:24 ThievingPhase: Stall ready. Clicking.
2026-07-16 23:58:25 ThievingPhase: Loot detected in slot 1. Clicking it.
2026-07-16 23:58:27 ThievingPhase: Stall ready. Clicking.
2026-07-16 23:58:28 ThievingPhase: Loot detected in slot 1. Clicking it.
2026-07-16 23:58:30 ThievingPhase: Stall ready. Clicking.
2026-07-16 23:58:31 ThievingPhase: Loot detected in slot 1. Clicking it.
2026-07-16 23:58:33 ThievingPhase: Stall ready. Clicking.
2026-07-16 23:58:34 ThievingPhase: Loot detected in slot 1. Clicking it.
2026-07-16 23:58:36 ThievingPhase: Stall ready. Clicking.
2026-07-16 23:58:37 ThievingPhase: Loot detected in slot 1. Clicking it.
2026-07-16 23:58:39 ThievingPhase: Stall ready. Clicking.
2026-07-16 23:58:40 ThievingPhase: Loot detected in slot 1. Clicking it.
2026-07-16 23:58:42 ThievingPhase: Stall ready. Clicking.
2026-07-16 23:58:43 ThievingPhase: Loot detected in slot 1. Clicking it.
2026-07-16 23:58:45 ThievingPhase: Stall ready. Clicking.
2026-07-16 23:58:46 ThievingPhase: Loot detected in slot 1. Clicking it.
2026-07-16 23:58:48 ThievingPhase: Stall ready. Clicking.
2026-07-16 23:58:49 ThievingPhase: Loot detected in slot 1. Clicking it.
2026-07-16 23:58:51 ThievingPhase: Stall ready. Clicking.
2026-07-16 23:58:53 ThievingPhase: No loot after 2000ms - assuming detected, waiting for combat.
2026-07-16 23:58:57 WaitCombatPhase: No combat signal after 4000ms - retrying
2026-07-16 23:58:57 ThievingPhase: Stall ready. Clicking.
2026-07-16 23:58:59 ThievingPhase: Loot detected in slot 1. Clicking it.
2026-07-16 23:59:00 ThievingPhase: Stall ready. Clicking.
2026-07-16 23:59:01 ThievingPhase: Loot detected in slot 1. Clicking it.
2026-07-16 23:59:03 ThievingPhase: Stall ready. Clicking.
2026-07-16 23:59:05 ThievingPhase: Loot detected in slot 1. Clicking it.
2026-07-16 23:59:06 ThievingPhase: Stall ready. Clicking.
2026-07-16 23:59:08 ThievingPhase: Loot detected in slot 1. Clicking it.
2026-07-16 23:59:09 ThievingPhase: Stall ready. Clicking.
2026-07-16 23:59:11 ThievingPhase: Loot detected in slot 1. Clicking it.
2026-07-16 23:59:12 ThievingPhase: Stall ready. Clicking.
2026-07-16 23:59:14 ThievingPhase: Loot detected in slot 1. Clicking it.
2026-07-16 23:59:15 ThievingPhase: Stall ready. Clicking.
2026-07-16 23:59:16 ThievingPhase: Loot detected in slot 1. Clicking it.
2026-07-16 23:59:18 ThievingPhase: Stall ready. Clicking.
2026-07-16 23:59:20 ThievingPhase: Loot detected in slot 1. Clicking it.
2026-07-16 23:59:21 ThievingPhase: Stall ready. Clicking.
2026-07-16 23:59:23 ThievingPhase: Loot detected in slot 1. Clicking it.
2026-07-16 23:59:24 ThievingPhase: Stall ready. Clicking.
2026-07-16 23:59:25 ThievingPhase: Loot detected in slot 1. Clicking it.
2026-07-16 23:59:27 ThievingPhase: Stall ready. Clicking.
2026-07-16 23:59:29 ThievingPhase: Loot detected in slot 1. Clicking it.
2026-07-16 23:59:30 ThievingPhase: Stall ready. Clicking.
2026-07-16 23:59:32 ThievingPhase: Loot detected in slot 1. Clicking it.
2026-07-16 23:59:33 ThievingPhase: Stall ready. Clicking.
2026-07-16 23:59:34 ThievingPhase: Loot detected in slot 1. Clicking it.
2026-07-16 23:59:36 ThievingPhase: Stall ready. Clicking.
2026-07-16 23:59:38 ThievingPhase: Loot detected in slot 1. Clicking it.
2026-07-16 23:59:39 ThievingPhase: Stall ready. Clicking.
2026-07-16 23:59:41 ThievingPhase: Loot detected in slot 1. Clicking it.
2026-07-16 23:59:42 ThievingPhase: Stall ready. Clicking.
2026-07-16 23:59:43 ThievingPhase: Loot detected in slot 1. Clicking it.
2026-07-16 23:59:45 ThievingPhase: Stall ready. Clicking.
2026-07-16 23:59:47 ThievingPhase: Loot detected in slot 1. Clicking it.
2026-07-16 23:59:48 ThievingPhase: Stall ready. Clicking.
2026-07-16 23:59:50 ThievingPhase: Loot detected in slot 1. Clicking it.
2026-07-16 23:59:51 ThievingPhase: Stall ready. Clicking.
2026-07-16 23:59:52 ThievingPhase: Loot detected in slot 1. Clicking it.
2026-07-16 23:59:54 ThievingPhase: Stall ready. Clicking.
2026-07-16 23:59:56 ThievingPhase: Loot detected in slot 1. Clicking it.
2026-07-16 23:59:57 ThievingPhase: Stall ready. Clicking.
2026-07-16 23:59:58 ThievingPhase: Loot detected in slot 1. Clicking it.
2026-07-17 00:00:00 ThievingPhase: Stall ready. Clicking.
2026-07-17 00:00:01 ThievingPhase: Loot detected in slot 1. Clicking it.
2026-07-17 00:00:03 ThievingPhase: Stall ready. Clicking.
2026-07-17 00:00:05 ThievingPhase: Loot detected in slot 1. Clicking it.
2026-07-17 00:00:06 ThievingPhase: Stall ready. Clicking.
2026-07-17 00:00:07 ThievingPhase: Loot detected in slot 1. Clicking it.
2026-07-17 00:00:09 ThievingPhase: Stall ready. Clicking.
2026-07-17 00:00:11 ThievingPhase: Loot detected in slot 1. Clicking it.
2026-07-17 00:00:12 ThievingPhase: Stall ready. Clicking.
2026-07-17 00:00:14 ThievingPhase: Loot detected in slot 1. Clicking it.
2026-07-17 00:00:15 ThievingPhase: Stall ready. Clicking.
2026-07-17 00:00:17 ThievingPhase: Loot detected in slot 1. Clicking it.
2026-07-17 00:00:18 ThievingPhase: Stall ready. Clicking.
2026-07-17 00:00:19 ThievingPhase: Loot detected in slot 1. Clicking it.
2026-07-17 00:00:21 ThievingPhase: Stall ready. Clicking.
2026-07-17 00:00:23 ThievingPhase: Loot detected in slot 1. Clicking it.
2026-07-17 00:00:25 ThievingPhase: Stall ready. Clicking.
2026-07-17 00:00:27 ThievingPhase: No loot after 2000ms - assuming detected, waiting for combat.
2026-07-17 00:00:31 WaitCombatPhase: No combat signal after 4000ms - retrying
2026-07-17 00:00:31 ThievingPhase: Stall ready. Clicking.
2026-07-17 00:00:33 ThievingPhase: Loot detected in slot 1. Clicking it.
2026-07-17 00:00:35 ThievingPhase: Stall ready. Clicking.
2026-07-17 00:00:36 ThievingPhase: Loot detected in slot 1. Clicking it.
2026-07-17 00:00:38 ThievingPhase: Stall ready. Clicking.
2026-07-17 00:00:39 ThievingPhase: Loot detected in slot 1. Clicking it.
2026-07-17 00:00:41 ThievingPhase: Stall ready. Clicking.
2026-07-17 00:00:42 ThievingPhase: Loot detected in slot 1. Clicking it.
2026-07-17 00:00:44 ThievingPhase: Stall ready. Clicking.
2026-07-17 00:00:45 ThievingPhase: Loot detected in slot 1. Clicking it.
2026-07-17 00:00:46 ThievingPhase: Stall ready. Clicking.
2026-07-17 00:00:48 ThievingPhase: Loot detected in slot 1. Clicking it.
2026-07-17 00:00:50 ThievingPhase: Stall ready. Clicking.
2026-07-17 00:00:51 ThievingPhase: Loot detected in slot 1. Clicking it.
2026-07-17 00:00:53 ThievingPhase: Stall ready. Clicking.
2026-07-17 00:00:54 ThievingPhase: Loot detected in slot 1. Clicking it.
2026-07-17 00:00:56 ThievingPhase: Stall ready. Clicking.
2026-07-17 00:00:57 ThievingPhase: Loot detected in slot 1. Clicking it.
2026-07-17 00:00:59 ThievingPhase: Stall ready. Clicking.
2026-07-17 00:01:00 ThievingPhase: Loot detected in slot 1. Clicking it.
2026-07-17 00:01:02 ThievingPhase: Stall ready. Clicking.
2026-07-17 00:01:03 ThievingPhase: Loot detected in slot 1. Clicking it.
2026-07-17 00:01:05 ThievingPhase: Stall ready. Clicking.
2026-07-17 00:01:06 ThievingPhase: Loot detected in slot 1. Clicking it.
2026-07-17 00:01:08 ThievingPhase: Stall ready. Clicking.
2026-07-17 00:01:09 ThievingPhase: Loot detected in slot 1. Clicking it.
2026-07-17 00:01:11 ThievingPhase: Stall ready. Clicking.
2026-07-17 00:01:12 ThievingPhase: Loot detected in slot 1. Clicking it.
2026-07-17 00:01:14 ThievingPhase: Stall ready. Clicking.
2026-07-17 00:01:15 ThievingPhase: Loot detected in slot 1. Clicking it.
2026-07-17 00:01:17 ThievingPhase: Stall ready. Clicking.
2026-07-17 00:01:18 ThievingPhase: Loot detected in slot 1. Clicking it.
2026-07-17 00:01:20 ThievingPhase: Stall ready. Clicking.
2026-07-17 00:01:21 ThievingPhase: Loot detected in slot 1. Clicking it.
2026-07-17 00:01:23 ThievingPhase: Stall ready. Clicking.
2026-07-17 00:01:24 ThievingPhase: Loot detected in slot 1. Clicking it.
2026-07-17 00:01:26 ThievingPhase: Stall ready. Clicking.
2026-07-17 00:01:27 ThievingPhase: Loot detected in slot 1. Clicking it.
2026-07-17 00:01:29 ThievingPhase: Stall ready. Clicking.
2026-07-17 00:01:30 ThievingPhase: Loot detected in slot 1. Clicking it.
2026-07-17 00:01:32 ThievingPhase: Stall ready. Clicking.
2026-07-17 00:01:33 ThievingPhase: Loot detected in slot 1. Clicking it.
2026-07-17 00:01:35 ThievingPhase: Stall ready. Clicking.
2026-07-17 00:01:36 ThievingPhase: Loot detected in slot 1. Clicking it.
2026-07-17 00:01:38 ThievingPhase: Stall ready. Clicking.
2026-07-17 00:01:39 ThievingPhase: Loot detected in slot 1. Clicking it.
2026-07-17 00:01:41 ThievingPhase: Stall ready. Clicking.
2026-07-17 00:01:43 ThievingPhase: No loot after 2000ms - assuming detected, waiting for combat.
2026-07-17 00:01:48 WaitCombatPhase: No combat signal after 4000ms - retrying
2026-07-17 00:01:48 ThievingPhase: Stall ready. Clicking.
2026-07-17 00:01:49 ThievingPhase: Loot detected in slot 1. Clicking it.
2026-07-17 00:01:51 ThievingPhase: Stall ready. Clicking.
2026-07-17 00:01:52 ThievingPhase: Loot detected in slot 1. Clicking it.
2026-07-17 00:01:54 ThievingPhase: Stall ready. Clicking.
2026-07-17 00:01:55 ThievingPhase: Loot detected in slot 1. Clicking it.
2026-07-17 00:01:57 ThievingPhase: Stall ready. Clicking.
2026-07-17 00:01:58 ThievingPhase: Loot detected in slot 1. Clicking it.
2026-07-17 00:02:00 ThievingPhase: Stall ready. Clicking.
2026-07-17 00:02:01 ThievingPhase: Loot detected in slot 1. Clicking it.
2026-07-17 00:02:03 ThievingPhase: Stall ready. Clicking.
2026-07-17 00:02:04 ThievingPhase: Loot detected in slot 1. Clicking it.
2026-07-17 00:02:06 ThievingPhase: Stall ready. Clicking.
2026-07-17 00:02:07 ThievingPhase: Loot detected in slot 1. Clicking it.
2026-07-17 00:02:09 ThievingPhase: Stall ready. Clicking.
2026-07-17 00:02:10 ThievingPhase: Loot detected in slot 1. Clicking it.
2026-07-17 00:02:12 ThievingPhase: Stall ready. Clicking.
2026-07-17 00:02:13 ThievingPhase: Loot detected in slot 1. Clicking it.
2026-07-17 00:02:15 ThievingPhase: Stall ready. Clicking.
2026-07-17 00:02:16 ThievingPhase: Loot detected in slot 1. Clicking it.
2026-07-17 00:02:18 ThievingPhase: Stall ready. Clicking.
2026-07-17 00:02:19 ThievingPhase: Loot detected in slot 1. Clicking it.
2026-07-17 00:02:21 ThievingPhase: Stall ready. Clicking.
2026-07-17 00:02:22 ThievingPhase: Loot detected in slot 1. Clicking it.
2026-07-17 00:02:24 ThievingPhase: Stall ready. Clicking.
2026-07-17 00:02:25 ThievingPhase: Loot detected in slot 1. Clicking it.
2026-07-17 00:02:27 ThievingPhase: Stall ready. Clicking.
2026-07-17 00:02:28 ThievingPhase: Loot detected in slot 1. Clicking it.
2026-07-17 00:02:30 ThievingPhase: Stall ready. Clicking.
2026-07-17 00:02:31 ThievingPhase: Loot detected in slot 1. Clicking it.
2026-07-17 00:02:33 ThievingPhase: Stall ready. Clicking.
2026-07-17 00:02:35 ThievingPhase: No loot after 2000ms - assuming detected, waiting for combat.
2026-07-17 00:02:39 WaitCombatPhase: No combat signal after 4000ms - retrying
2026-07-17 00:02:39 ThievingPhase: Stall ready. Clicking.
2026-07-17 00:02:41 ThievingPhase: Loot detected in slot 1. Clicking it.
2026-07-17 00:02:42 ThievingPhase: Stall ready. Clicking.
2026-07-17 00:02:44 ThievingPhase: Loot detected in slot 1. Clicking it.
2026-07-17 00:02:45 ThievingPhase: Stall ready. Clicking.
2026-07-17 00:02:47 ThievingPhase: Loot detected in slot 1. Clicking it.
2026-07-17 00:02:48 ThievingPhase: Stall ready. Clicking.
2026-07-17 00:02:49 ThievingPhase: Loot detected in slot 1. Clicking it.
2026-07-17 00:02:51 ThievingPhase: Stall ready. Clicking.
2026-07-17 00:02:53 ThievingPhase: Loot detected in slot 1. Clicking it.
2026-07-17 00:02:54 ThievingPhase: Stall ready. Clicking.
2026-07-17 00:02:56 ThievingPhase: Loot detected in slot 1. Clicking it.
2026-07-17 00:02:57 ThievingPhase: Stall ready. Clicking.
2026-07-17 00:02:59 ThievingPhase: Loot detected in slot 1. Clicking it.
2026-07-17 00:03:00 ThievingPhase: Stall ready. Clicking.
2026-07-17 00:03:02 ThievingPhase: Loot detected in slot 1. Clicking it.
2026-07-17 00:03:03 ThievingPhase: Stall ready. Clicking.
2026-07-17 00:03:05 ThievingPhase: Loot detected in slot 1. Clicking it.
2026-07-17 00:03:06 ThievingPhase: Stall ready. Clicking.
2026-07-17 00:03:08 ThievingPhase: Loot detected in slot 1. Clicking it.
2026-07-17 00:03:09 ThievingPhase: Stall ready. Clicking.
2026-07-17 00:03:11 ThievingPhase: Loot detected in slot 1. Clicking it.
2026-07-17 00:03:12 ThievingPhase: Stall ready. Clicking.
2026-07-17 00:03:14 ThievingPhase: Loot detected in slot 1. Clicking it.
2026-07-17 00:03:15 ThievingPhase: Stall ready. Clicking.
2026-07-17 00:03:17 ThievingPhase: Loot detected in slot 1. Clicking it.
2026-07-17 00:03:18 ThievingPhase: Stall ready. Clicking.
2026-07-17 00:03:20 ThievingPhase: Loot detected in slot 1. Clicking it.
2026-07-17 00:03:21 ThievingPhase: Stall ready. Clicking.
2026-07-17 00:03:23 ThievingPhase: Loot detected in slot 1. Clicking it.
2026-07-17 00:03:24 ThievingPhase: Stall ready. Clicking.
2026-07-17 00:03:25 ThievingPhase: Loot detected in slot 1. Clicking it.
2026-07-17 00:03:27 ThievingPhase: Stall ready. Clicking.
2026-07-17 00:03:28 ThievingPhase: Loot detected in slot 1. Clicking it.
2026-07-17 00:03:30 ThievingPhase: Stall ready. Clicking.
2026-07-17 00:03:32 ThievingPhase: Loot detected in slot 1. Clicking it.
2026-07-17 00:03:33 ThievingPhase: Stall ready. Clicking.
2026-07-17 00:03:35 ThievingPhase: Loot detected in slot 1. Clicking it.
2026-07-17 00:03:36 ThievingPhase: Stall ready. Clicking.
2026-07-17 00:03:38 ThievingPhase: Loot detected in slot 1. Clicking it.
2026-07-17 00:03:39 ThievingPhase: Stall ready. Clicking.
2026-07-17 00:03:41 ThievingPhase: Loot detected in slot 1. Clicking it.
2026-07-17 00:03:42 ThievingPhase: Stall ready. Clicking.
2026-07-17 00:03:44 ThievingPhase: Loot detected in slot 1. Clicking it.
2026-07-17 00:03:45 ThievingPhase: Stall ready. Clicking.
2026-07-17 00:03:47 ThievingPhase: Loot detected in slot 1. Clicking it.
2026-07-17 00:03:48 ThievingPhase: Stall ready. Clicking.
2026-07-17 00:03:50 ThievingPhase: Loot detected in slot 1. Clicking it.
2026-07-17 00:03:51 ThievingPhase: Stall ready. Clicking.
2026-07-17 00:03:53 ThievingPhase: Loot detected in slot 1. Clicking it.
2026-07-17 00:03:54 ThievingPhase: Stall ready. Clicking.
2026-07-17 00:03:56 ThievingPhase: Loot detected in slot 1. Clicking it.
2026-07-17 00:03:57 ThievingPhase: Stall ready. Clicking.
2026-07-17 00:03:59 ThievingPhase: Loot detected in slot 1. Clicking it.
2026-07-17 00:04:00 ThievingPhase: Stall ready. Clicking.
2026-07-17 00:04:02 ThievingPhase: Loot detected in slot 1. Clicking it.
2026-07-17 00:04:03 ThievingPhase: Stall ready. Clicking.
2026-07-17 00:04:05 ThievingPhase: Loot detected in slot 1. Clicking it.
2026-07-17 00:04:06 ThievingPhase: Stall ready. Clicking.
2026-07-17 00:04:08 ThievingPhase: Loot detected in slot 1. Clicking it.
2026-07-17 00:04:09 ThievingPhase: Stall ready. Clicking.
2026-07-17 00:04:11 ThievingPhase: Loot detected in slot 1. Clicking it.
2026-07-17 00:04:12 ThievingPhase: Stall ready. Clicking.
2026-07-17 00:04:14 ThievingPhase: Loot detected in slot 1. Clicking it.
2026-07-17 00:04:15 ThievingPhase: Stall ready. Clicking.
2026-07-17 00:04:17 ThievingPhase: Loot detected in slot 1. Clicking it.
2026-07-17 00:04:18 ThievingPhase: Stall ready. Clicking.
2026-07-17 00:04:20 ThievingPhase: Loot detected in slot 1. Clicking it.
2026-07-17 00:04:21 ThievingPhase: Stall ready. Clicking.
2026-07-17 00:04:23 ThievingPhase: Loot detected in slot 1. Clicking it.
2026-07-17 00:04:24 ThievingPhase: Stall ready. Clicking.
2026-07-17 00:04:26 ThievingPhase: Loot detected in slot 1. Clicking it.
2026-07-17 00:04:27 ThievingPhase: Stall ready. Clicking.
2026-07-17 00:04:29 ThievingPhase: Loot detected in slot 1. Clicking it.
2026-07-17 00:04:30 ThievingPhase: Stall ready. Clicking.
2026-07-17 00:04:32 ThievingPhase: Loot detected in slot 1. Clicking it.
2026-07-17 00:04:33 ThievingPhase: Stall ready. Clicking.
2026-07-17 00:04:35 ThievingPhase: Loot detected in slot 1. Clicking it.
2026-07-17 00:04:36 ThievingPhase: Stall ready. Clicking.
2026-07-17 00:04:38 ThievingPhase: Loot detected in slot 1. Clicking it.
2026-07-17 00:04:39 ThievingPhase: Stall ready. Clicking.
2026-07-17 00:04:41 ThievingPhase: Loot detected in slot 1. Clicking it.
2026-07-17 00:04:42 ThievingPhase: Stall ready. Clicking.
2026-07-17 00:04:44 ThievingPhase: Loot detected in slot 1. Clicking it.
2026-07-17 00:04:45 ThievingPhase: Stall ready. Clicking.
2026-07-17 00:04:47 ThievingPhase: Loot detected in slot 1. Clicking it.
2026-07-17 00:04:48 ThievingPhase: Stall ready. Clicking.
2026-07-17 00:04:49 ThievingPhase: Loot detected in slot 1. Clicking it.
2026-07-17 00:04:51 ThievingPhase: Stall ready. Clicking.
2026-07-17 00:04:53 ThievingPhase: Loot detected in slot 1. Clicking it.
2026-07-17 00:04:55 ThievingPhase: Stall ready. Clicking.
2026-07-17 00:04:56 ThievingPhase: Loot detected in slot 1. Clicking it.
2026-07-17 00:04:58 ThievingPhase: Stall ready. Clicking.
2026-07-17 00:04:59 ThievingPhase: Loot detected in slot 1. Clicking it.
2026-07-17 00:05:01 ThievingPhase: Stall ready. Clicking.
2026-07-17 00:05:02 ThievingPhase: Loot detected in slot 1. Clicking it.
2026-07-17 00:05:04 ThievingPhase: Stall ready. Clicking.
2026-07-17 00:05:05 ThievingPhase: Loot detected in slot 1. Clicking it.
2026-07-17 00:05:07 ThievingPhase: Stall ready. Clicking.
2026-07-17 00:05:08 ThievingPhase: Loot detected in slot 1. Clicking it.
2026-07-17 00:05:10 ThievingPhase: Stall ready. Clicking.
2026-07-17 00:05:11 ThievingPhase: Loot detected in slot 1. Clicking it.
2026-07-17 00:05:13 ThievingPhase: Stall ready. Clicking.
2026-07-17 00:05:14 ThievingPhase: Loot detected in slot 1. Clicking it.
2026-07-17 00:05:16 ThievingPhase: Stall ready. Clicking.
2026-07-17 00:05:17 ThievingPhase: Loot detected in slot 1. Clicking it.
2026-07-17 00:05:19 ThievingPhase: Stall ready. Clicking.
2026-07-17 00:05:20 ThievingPhase: Loot detected in slot 1. Clicking it.
2026-07-17 00:05:22 ThievingPhase: Stall ready. Clicking.
2026-07-17 00:05:23 ThievingPhase: Loot detected in slot 1. Clicking it.
2026-07-17 00:05:25 ThievingPhase: Stall ready. Clicking.
2026-07-17 00:05:26 ThievingPhase: Loot detected in slot 1. Clicking it.
2026-07-17 00:05:28 ThievingPhase: Stall ready. Clicking.
2026-07-17 00:05:29 ThievingPhase: Loot detected in slot 1. Clicking it.
2026-07-17 00:05:31 ThievingPhase: Stall ready. Clicking.
2026-07-17 00:05:32 ThievingPhase: Loot detected in slot 1. Clicking it.
2026-07-17 00:05:34 ThievingPhase: Stall ready. Clicking.
2026-07-17 00:05:35 ThievingPhase: Loot detected in slot 1. Clicking it.
2026-07-17 00:05:37 ThievingPhase: Stall ready. Clicking.
2026-07-17 00:05:38 ThievingPhase: Loot detected in slot 1. Clicking it.
2026-07-17 00:05:40 ThievingPhase: Stall ready. Clicking.
2026-07-17 00:05:41 ThievingPhase: Loot detected in slot 1. Clicking it.
2026-07-17 00:05:43 ThievingPhase: Stall ready. Clicking.
2026-07-17 00:05:44 ThievingPhase: Loot detected in slot 1. Clicking it.
2026-07-17 00:05:46 ThievingPhase: Stall ready. Clicking.
2026-07-17 00:05:47 ThievingPhase: Loot detected in slot 1. Clicking it.
2026-07-17 00:05:49 ThievingPhase: Stall ready. Clicking.
2026-07-17 00:05:50 ThievingPhase: Loot detected in slot 1. Clicking it.
2026-07-17 00:05:52 ThievingPhase: Stall ready. Clicking.
2026-07-17 00:05:53 ThievingPhase: Loot detected in slot 1. Clicking it.
2026-07-17 00:05:55 ThievingPhase: Stall ready. Clicking.
2026-07-17 00:05:56 ThievingPhase: Loot detected in slot 1. Clicking it.
2026-07-17 00:05:58 ThievingPhase: Stall ready. Clicking.
2026-07-17 00:05:59 ThievingPhase: Loot detected in slot 1. Clicking it.
2026-07-17 00:06:01 ThievingPhase: Stall ready. Clicking.
2026-07-17 00:06:02 ThievingPhase: Loot detected in slot 1. Clicking it.
2026-07-17 00:06:04 ThievingPhase: Stall ready. Clicking.
2026-07-17 00:06:05 ThievingPhase: Loot detected in slot 1. Clicking it.
2026-07-17 00:06:07 ThievingPhase: Stall ready. Clicking.
2026-07-17 00:06:08 ThievingPhase: Loot detected in slot 1. Clicking it.
2026-07-17 00:06:10 ThievingPhase: Stall ready. Clicking.
2026-07-17 00:06:11 ThievingPhase: Loot detected in slot 1. Clicking it.
2026-07-17 00:06:13 ThievingPhase: Stall ready. Clicking.
2026-07-17 00:06:14 ThievingPhase: Loot detected in slot 1. Clicking it.
2026-07-17 00:06:16 ThievingPhase: Stall ready. Clicking.
2026-07-17 00:06:17 ThievingPhase: Loot detected in slot 1. Clicking it.
2026-07-17 00:06:19 ThievingPhase: Stall ready. Clicking.
2026-07-17 00:06:20 ThievingPhase: Loot detected in slot 1. Clicking it.
2026-07-17 00:06:22 ThievingPhase: Stall ready. Clicking.
2026-07-17 00:06:23 ThievingPhase: Loot detected in slot 1. Clicking it.
2026-07-17 00:06:25 ThievingPhase: Stall ready. Clicking.
2026-07-17 00:06:26 ThievingPhase: Loot detected in slot 1. Clicking it.
2026-07-17 00:06:28 ThievingPhase: Stall ready. Clicking.
2026-07-17 00:06:29 ThievingPhase: Loot detected in slot 1. Clicking it.
2026-07-17 00:06:31 ThievingPhase: Stall ready. Clicking.
2026-07-17 00:06:32 ThievingPhase: Loot detected in slot 1. Clicking it.
2026-07-17 00:06:34 ThievingPhase: Stall ready. Clicking.
2026-07-17 00:06:35 ThievingPhase: Loot detected in slot 1. Clicking it.
2026-07-17 00:06:37 ThievingPhase: Stall ready. Clicking.
2026-07-17 00:06:38 ThievingPhase: Loot detected in slot 1. Clicking it.
2026-07-17 00:06:40 ThievingPhase: Stall ready. Clicking.
2026-07-17 00:06:41 ThievingPhase: Loot detected in slot 1. Clicking it.
2026-07-17 00:06:43 ThievingPhase: Stall ready. Clicking.
2026-07-17 00:06:45 ThievingPhase: Loot detected in slot 1. Clicking it.
2026-07-17 00:06:47 ThievingPhase: Stall ready. Clicking.
2026-07-17 00:06:48 ThievingPhase: Loot detected in slot 1. Clicking it.
2026-07-17 00:06:50 ThievingPhase: Stall ready. Clicking.
2026-07-17 00:06:51 ThievingPhase: Loot detected in slot 1. Clicking it.
2026-07-17 00:06:53 ThievingPhase: Stall ready. Clicking.
2026-07-17 00:06:54 ThievingPhase: Loot detected in slot 1. Clicking it.
2026-07-17 00:06:56 ThievingPhase: Stall ready. Clicking.
2026-07-17 00:06:57 ThievingPhase: Loot detected in slot 1. Clicking it.
2026-07-17 00:06:59 ThievingPhase: Stall ready. Clicking.
2026-07-17 00:07:00 ThievingPhase: Loot detected in slot 1. Clicking it.
2026-07-17 00:07:02 ThievingPhase: Stall ready. Clicking.
2026-07-17 00:07:03 ThievingPhase: Loot detected in slot 1. Clicking it.
2026-07-17 00:07:05 ThievingPhase: Stall ready. Clicking.
2026-07-17 00:07:06 ThievingPhase: Loot detected in slot 1. Clicking it.
2026-07-17 00:07:08 ThievingPhase: Stall ready. Clicking.
2026-07-17 00:07:09 ThievingPhase: Loot detected in slot 1. Clicking it.
2026-07-17 00:07:11 ThievingPhase: Stall ready. Clicking.
2026-07-17 00:07:12 ThievingPhase: Loot detected in slot 1. Clicking it.
2026-07-17 00:07:14 ThievingPhase: Stall ready. Clicking.
2026-07-17 00:07:15 ThievingPhase: Loot detected in slot 1. Clicking it.
2026-07-17 00:07:17 ThievingPhase: Stall ready. Clicking.
2026-07-17 00:07:18 ThievingPhase: Loot detected in slot 1. Clicking it.
2026-07-17 00:07:20 ThievingPhase: Stall ready. Clicking.
2026-07-17 00:07:21 ThievingPhase: Loot detected in slot 1. Clicking it.
2026-07-17 00:07:23 ThievingPhase: Stall ready. Clicking.
2026-07-17 00:07:24 ThievingPhase: Loot detected in slot 1. Clicking it.
2026-07-17 00:07:26 ThievingPhase: Stall ready. Clicking.
2026-07-17 00:07:27 ThievingPhase: Loot detected in slot 1. Clicking it.
2026-07-17 00:07:29 ThievingPhase: Stall ready. Clicking.
2026-07-17 00:07:30 ThievingPhase: Loot detected in slot 1. Clicking it.
2026-07-17 00:07:32 ThievingPhase: Stall ready. Clicking.
2026-07-17 00:07:33 ThievingPhase: Loot detected in slot 1. Clicking it.
2026-07-17 00:07:35 ThievingPhase: Stall ready. Clicking.
2026-07-17 00:07:37 ThievingPhase: No loot after 2000ms - assuming detected, waiting for combat.
2026-07-17 00:07:41 WaitCombatPhase: No combat signal after 4000ms - retrying
2026-07-17 00:07:41 ThievingPhase: Stall ready. Clicking.
2026-07-17 00:07:42 ThievingPhase: Loot detected in slot 1. Clicking it.
2026-07-17 00:07:44 ThievingPhase: Stall ready. Clicking.
2026-07-17 00:07:45 ThievingPhase: Loot detected in slot 1. Clicking it.
2026-07-17 00:07:47 ThievingPhase: Stall ready. Clicking.
2026-07-17 00:07:48 ThievingPhase: Loot detected in slot 1. Clicking it.
2026-07-17 00:07:50 ThievingPhase: Stall ready. Clicking.
2026-07-17 00:07:51 ThievingPhase: Loot detected in slot 1. Clicking it.
2026-07-17 00:07:53 ThievingPhase: Stall ready. Clicking.
2026-07-17 00:07:55 ThievingPhase: Loot detected in slot 1. Clicking it.
2026-07-17 00:07:56 ThievingPhase: Stall ready. Clicking.
2026-07-17 00:07:57 ThievingPhase: Loot detected in slot 1. Clicking it.
2026-07-17 00:07:59 ThievingPhase: Stall ready. Clicking.
2026-07-17 00:08:00 ThievingPhase: Loot detected in slot 1. Clicking it.
2026-07-17 00:08:02 ThievingPhase: Stall ready. Clicking.
2026-07-17 00:08:03 ThievingPhase: Loot detected in slot 1. Clicking it.
2026-07-17 00:08:05 ThievingPhase: Stall ready. Clicking.
2026-07-17 00:08:06 ThievingPhase: Loot detected in slot 1. Clicking it.
2026-07-17 00:08:08 ThievingPhase: Stall ready. Clicking.
2026-07-17 00:08:10 ThievingPhase: Loot detected in slot 1. Clicking it.
2026-07-17 00:08:11 ThievingPhase: Stall ready. Clicking.
2026-07-17 00:08:12 ThievingPhase: Loot detected in slot 1. Clicking it.
2026-07-17 00:08:14 ThievingPhase: Stall ready. Clicking.
2026-07-17 00:08:15 ThievingPhase: Loot detected in slot 1. Clicking it.
2026-07-17 00:08:17 ThievingPhase: Stall ready. Clicking.
2026-07-17 00:08:18 ThievingPhase: Loot detected in slot 1. Clicking it.
2026-07-17 00:08:20 ThievingPhase: Stall ready. Clicking.
2026-07-17 00:08:21 ThievingPhase: Loot detected in slot 1. Clicking it.
2026-07-17 00:08:23 ThievingPhase: Stall ready. Clicking.
2026-07-17 00:08:24 ThievingPhase: Loot detected in slot 1. Clicking it.
2026-07-17 00:08:26 ThievingPhase: Stall ready. Clicking.
2026-07-17 00:08:27 ThievingPhase: Loot detected in slot 1. Clicking it.
2026-07-17 00:08:29 ThievingPhase: Stall ready. Clicking.
2026-07-17 00:08:30 ThievingPhase: Loot detected in slot 1. Clicking it.
2026-07-17 00:08:32 ThievingPhase: Stall ready. Clicking.
2026-07-17 00:08:33 ThievingPhase: Loot detected in slot 1. Clicking it.
2026-07-17 00:08:35 ThievingPhase: Stall ready. Clicking.
2026-07-17 00:08:36 ThievingPhase: Loot detected in slot 1. Clicking it.
2026-07-17 00:08:38 ThievingPhase: Stall ready. Clicking.
2026-07-17 00:08:39 ThievingPhase: Loot detected in slot 1. Clicking it.
2026-07-17 00:08:41 ThievingPhase: Stall ready. Clicking.
2026-07-17 00:08:42 ThievingPhase: Loot detected in slot 1. Clicking it.
2026-07-17 00:08:44 ThievingPhase: Stall ready. Clicking.
2026-07-17 00:08:46 ThievingPhase: Loot detected in slot 1. Clicking it.
2026-07-17 00:08:47 ThievingPhase: Stall ready. Clicking.
2026-07-17 00:08:48 ThievingPhase: Loot detected in slot 1. Clicking it.
2026-07-17 00:08:50 ThievingPhase: Stall ready. Clicking.
2026-07-17 00:08:51 ThievingPhase: Loot detected in slot 1. Clicking it.
2026-07-17 00:08:53 ThievingPhase: Stall ready. Clicking.
2026-07-17 00:08:54 ThievingPhase: Loot detected in slot 1. Clicking it.
2026-07-17 00:08:56 ThievingPhase: Stall ready. Clicking.
2026-07-17 00:08:57 ThievingPhase: Loot detected in slot 1. Clicking it.
2026-07-17 00:08:59 ThievingPhase: Stall ready. Clicking.
2026-07-17 00:09:00 ThievingPhase: Loot detected in slot 1. Clicking it.
2026-07-17 00:09:02 ThievingPhase: Stall ready. Clicking.
2026-07-17 00:09:03 ThievingPhase: Loot detected in slot 1. Clicking it.
2026-07-17 00:09:05 ThievingPhase: Stall ready. Clicking.
2026-07-17 00:09:06 ThievingPhase: Loot detected in slot 1. Clicking it.
2026-07-17 00:09:08 ThievingPhase: Stall ready. Clicking.
2026-07-17 00:09:09 ThievingPhase: Loot detected in slot 1. Clicking it.
2026-07-17 00:09:11 ThievingPhase: Stall ready. Clicking.
2026-07-17 00:09:12 ThievingPhase: Loot detected in slot 1. Clicking it.
2026-07-17 00:09:14 ThievingPhase: Stall ready. Clicking.
2026-07-17 00:09:15 ThievingPhase: Loot detected in slot 1. Clicking it.
2026-07-17 00:09:17 ThievingPhase: Stall ready. Clicking.
2026-07-17 00:09:18 ThievingPhase: Loot detected in slot 1. Clicking it.
2026-07-17 00:09:20 ThievingPhase: Stall ready. Clicking.
2026-07-17 00:09:21 ThievingPhase: Loot detected in slot 1. Clicking it.
2026-07-17 00:09:23 ThievingPhase: Stall ready. Clicking.
2026-07-17 00:09:24 ThievingPhase: Loot detected in slot 1. Clicking it.
2026-07-17 00:09:26 ThievingPhase: Stall ready. Clicking.
2026-07-17 00:09:27 ThievingPhase: Loot detected in slot 1. Clicking it.
2026-07-17 00:09:29 ThievingPhase: Stall ready. Clicking.
2026-07-17 00:09:30 ThievingPhase: Loot detected in slot 1. Clicking it.
2026-07-17 00:09:32 ThievingPhase: Stall ready. Clicking.
2026-07-17 00:09:33 ThievingPhase: Loot detected in slot 1. Clicking it.
2026-07-17 00:09:35 ThievingPhase: Stall ready. Clicking.
2026-07-17 00:09:36 ThievingPhase: Loot detected in slot 1. Clicking it.
2026-07-17 00:09:38 ThievingPhase: Stall ready. Clicking.
2026-07-17 00:09:39 ThievingPhase: Loot detected in slot 1. Clicking it.
2026-07-17 00:09:41 ThievingPhase: Stall ready. Clicking.
2026-07-17 00:09:42 ThievingPhase: Loot detected in slot 1. Clicking it.
2026-07-17 00:09:44 ThievingPhase: Stall ready. Clicking.
2026-07-17 00:09:45 ThievingPhase: Loot detected in slot 1. Clicking it.
2026-07-17 00:09:47 ThievingPhase: Stall ready. Clicking.
2026-07-17 00:09:49 ThievingPhase: Loot detected in slot 1. Clicking it.
2026-07-17 00:09:51 ThievingPhase: Stall ready. Clicking.
2026-07-17 00:09:52 ThievingPhase: Loot detected in slot 1. Clicking it.
2026-07-17 00:09:54 ThievingPhase: Stall ready. Clicking.
2026-07-17 00:09:55 ThievingPhase: Loot detected in slot 1. Clicking it.
2026-07-17 00:09:57 ThievingPhase: Stall ready. Clicking.
2026-07-17 00:09:58 ThievingPhase: Loot detected in slot 1. Clicking it.
2026-07-17 00:10:00 ThievingPhase: Stall ready. Clicking.
2026-07-17 00:10:01 ThievingPhase: Loot detected in slot 1. Clicking it.
2026-07-17 00:10:03 ThievingPhase: Stall ready. Clicking.
2026-07-17 00:10:04 ThievingPhase: Loot detected in slot 1. Clicking it.
2026-07-17 00:10:06 ThievingPhase: Stall ready. Clicking.
2026-07-17 00:10:07 ThievingPhase: Loot detected in slot 1. Clicking it.
2026-07-17 00:10:09 ThievingPhase: Stall ready. Clicking.
2026-07-17 00:10:10 ThievingPhase: Loot detected in slot 1. Clicking it.
2026-07-17 00:10:12 ThievingPhase: Stall ready. Clicking.
2026-07-17 00:10:13 ThievingPhase: Loot detected in slot 1. Clicking it.
2026-07-17 00:10:15 ThievingPhase: Stall ready. Clicking.
2026-07-17 00:10:16 ThievingPhase: Loot detected in slot 1. Clicking it.
2026-07-17 00:10:18 ThievingPhase: Stall ready. Clicking.
2026-07-17 00:10:19 ThievingPhase: Loot detected in slot 1. Clicking it.
2026-07-17 00:10:21 ThievingPhase: Stall ready. Clicking.
2026-07-17 00:10:22 ThievingPhase: Loot detected in slot 1. Clicking it.
2026-07-17 00:10:24 ThievingPhase: Stall ready. Clicking.
2026-07-17 00:10:25 ThievingPhase: Loot detected in slot 1. Clicking it.
2026-07-17 00:10:27 ThievingPhase: Stall ready. Clicking.
2026-07-17 00:10:28 ThievingPhase: Loot detected in slot 1. Clicking it.
2026-07-17 00:10:30 ThievingPhase: Stall ready. Clicking.
2026-07-17 00:10:31 ThievingPhase: Loot detected in slot 1. Clicking it.
2026-07-17 00:10:33 ThievingPhase: Stall ready. Clicking.
2026-07-17 00:10:34 ThievingPhase: Loot detected in slot 1. Clicking it.
2026-07-17 00:10:36 ThievingPhase: Stall ready. Clicking.
2026-07-17 00:10:37 ThievingPhase: Loot detected in slot 1. Clicking it.
2026-07-17 00:10:39 ThievingPhase: Stall ready. Clicking.
2026-07-17 00:10:40 ThievingPhase: Loot detected in slot 1. Clicking it.
2026-07-17 00:10:42 ThievingPhase: Stall ready. Clicking.
2026-07-17 00:10:43 ThievingPhase: Loot detected in slot 1. Clicking it.
2026-07-17 00:10:45 ThievingPhase: Stall ready. Clicking.
2026-07-17 00:10:46 ThievingPhase: Loot detected in slot 1. Clicking it.
2026-07-17 00:10:48 ThievingPhase: Stall ready. Clicking.
2026-07-17 00:10:49 ThievingPhase: Loot detected in slot 1. Clicking it.
2026-07-17 00:10:51 ThievingPhase: Stall ready. Clicking.
2026-07-17 00:10:52 ThievingPhase: Loot detected in slot 1. Clicking it.
2026-07-17 00:10:54 ThievingPhase: Stall ready. Clicking.
2026-07-17 00:10:55 ThievingPhase: Loot detected in slot 1. Clicking it.
2026-07-17 00:10:57 ThievingPhase: Stall ready. Clicking.
2026-07-17 00:10:58 ThievingPhase: Loot detected in slot 1. Clicking it.
2026-07-17 00:11:00 ThievingPhase: Stall ready. Clicking.
2026-07-17 00:11:01 ThievingPhase: Loot detected in slot 1. Clicking it.
2026-07-17 00:11:03 ThievingPhase: Stall ready. Clicking.
2026-07-17 00:11:04 ThievingPhase: Loot detected in slot 1. Clicking it.
2026-07-17 00:11:06 ThievingPhase: Stall ready. Clicking.
2026-07-17 00:11:07 ThievingPhase: Loot detected in slot 1. Clicking it.
2026-07-17 00:11:09 ThievingPhase: Stall ready. Clicking.
2026-07-17 00:11:10 ThievingPhase: Loot detected in slot 1. Clicking it.
2026-07-17 00:11:12 ThievingPhase: Stall ready. Clicking.
2026-07-17 00:11:13 ThievingPhase: Loot detected in slot 1. Clicking it.
2026-07-17 00:11:15 ThievingPhase: Stall ready. Clicking.
2026-07-17 00:11:16 ThievingPhase: Loot detected in slot 1. Clicking it.
2026-07-17 00:11:18 ThievingPhase: Stall ready. Clicking.
2026-07-17 00:11:19 ThievingPhase: Loot detected in slot 1. Clicking it.
2026-07-17 00:11:21 ThievingPhase: Stall ready. Clicking.
2026-07-17 00:11:22 ThievingPhase: Loot detected in slot 1. Clicking it.
2026-07-17 00:11:24 ThievingPhase: Stall ready. Clicking.
2026-07-17 00:11:25 ThievingPhase: Loot detected in slot 1. Clicking it.
2026-07-17 00:11:27 ThievingPhase: Stall ready. Clicking.
2026-07-17 00:11:28 ThievingPhase: Loot detected in slot 1. Clicking it.
2026-07-17 00:11:30 ThievingPhase: Stall ready. Clicking.
2026-07-17 00:11:31 ThievingPhase: Loot detected in slot 1. Clicking it.
2026-07-17 00:11:33 ThievingPhase: Stall ready. Clicking.
2026-07-17 00:11:34 ThievingPhase: Loot detected in slot 1. Clicking it.
2026-07-17 00:11:36 ThievingPhase: Stall ready. Clicking.
2026-07-17 00:11:37 ThievingPhase: Loot detected in slot 1. Clicking it.
2026-07-17 00:11:39 ThievingPhase: Stall ready. Clicking.
2026-07-17 00:11:40 ThievingPhase: Loot detected in slot 1. Clicking it.
2026-07-17 00:11:42 ThievingPhase: Stall ready. Clicking.
2026-07-17 00:11:43 ThievingPhase: Loot detected in slot 1. Clicking it.
2026-07-17 00:11:45 ThievingPhase: Stall ready. Clicking.
2026-07-17 00:11:46 ThievingPhase: Loot detected in slot 1. Clicking it.
2026-07-17 00:11:48 ThievingPhase: Stall ready. Clicking.
2026-07-17 00:11:49 ThievingPhase: Loot detected in slot 1. Clicking it.
2026-07-17 00:11:51 ThievingPhase: Stall ready. Clicking.
2026-07-17 00:11:52 ThievingPhase: Loot detected in slot 1. Clicking it.
2026-07-17 00:11:54 ThievingPhase: Stall ready. Clicking.
2026-07-17 00:11:55 ThievingPhase: Loot detected in slot 1. Clicking it.
2026-07-17 00:11:57 ThievingPhase: Stall ready. Clicking.
2026-07-17 00:11:58 ThievingPhase: Loot detected in slot 1. Clicking it.
2026-07-17 00:12:00 ThievingPhase: Stall ready. Clicking.
2026-07-17 00:12:01 ThievingPhase: Loot detected in slot 1. Clicking it.
2026-07-17 00:12:03 ThievingPhase: Stall ready. Clicking.
2026-07-17 00:12:04 ThievingPhase: Loot detected in slot 1. Clicking it.
2026-07-17 00:12:06 ThievingPhase: Stall ready. Clicking.
2026-07-17 00:12:07 ThievingPhase: Loot detected in slot 1. Clicking it.
2026-07-17 00:12:09 ThievingPhase: Stall ready. Clicking.
2026-07-17 00:12:10 ThievingPhase: Loot detected in slot 1. Clicking it.
2026-07-17 00:12:12 ThievingPhase: Stall ready. Clicking.
2026-07-17 00:12:13 ThievingPhase: Loot detected in slot 1. Clicking it.
2026-07-17 00:12:15 ThievingPhase: Stall ready. Clicking.
2026-07-17 00:12:16 ThievingPhase: Loot detected in slot 1. Clicking it.
2026-07-17 00:12:18 ThievingPhase: Stall ready. Clicking.
2026-07-17 00:12:19 ThievingPhase: Loot detected in slot 1. Clicking it.
2026-07-17 00:12:21 ThievingPhase: Stall ready. Clicking.
2026-07-17 00:12:22 ThievingPhase: Loot detected in slot 1. Clicking it.
2026-07-17 00:12:24 ThievingPhase: Stall ready. Clicking.
2026-07-17 00:12:26 ThievingPhase: Loot detected in slot 1. Clicking it.
2026-07-17 00:12:28 ThievingPhase: Stall ready. Clicking.
2026-07-17 00:12:29 ThievingPhase: Loot detected in slot 1. Clicking it.
2026-07-17 00:12:31 ThievingPhase: Stall ready. Clicking.
2026-07-17 00:12:33 ThievingPhase: No loot after 2000ms - assuming detected, waiting for combat.
2026-07-17 00:12:37 WaitCombatPhase: No combat signal after 4000ms - retrying
2026-07-17 00:12:37 ThievingPhase: Stall ready. Clicking.
2026-07-17 00:12:39 ThievingPhase: Loot detected in slot 1. Clicking it.
2026-07-17 00:12:41 ThievingPhase: Stall ready. Clicking.
2026-07-17 00:12:42 ThievingPhase: Loot detected in slot 1. Clicking it.
2026-07-17 00:12:44 ThievingPhase: Stall ready. Clicking.
2026-07-17 00:12:45 ThievingPhase: Loot detected in slot 1. Clicking it.
2026-07-17 00:12:47 ThievingPhase: Stall ready. Clicking.
2026-07-17 00:12:48 ThievingPhase: Loot detected in slot 1. Clicking it.
2026-07-17 00:12:50 ThievingPhase: Stall ready. Clicking.
2026-07-17 00:12:51 ThievingPhase: Loot detected in slot 1. Clicking it.
2026-07-17 00:12:53 ThievingPhase: Stall ready. Clicking.
2026-07-17 00:12:54 ThievingPhase: Loot detected in slot 1. Clicking it.
2026-07-17 00:12:56 ThievingPhase: Stall ready. Clicking.
2026-07-17 00:12:57 ThievingPhase: Loot detected in slot 1. Clicking it.
2026-07-17 00:12:59 ThievingPhase: Stall ready. Clicking.
2026-07-17 00:13:00 ThievingPhase: Loot detected in slot 1. Clicking it.
2026-07-17 00:13:02 ThievingPhase: Stall ready. Clicking.
2026-07-17 00:13:03 ThievingPhase: Loot detected in slot 1. Clicking it.
2026-07-17 00:13:05 ThievingPhase: Stall ready. Clicking.
2026-07-17 00:13:06 ThievingPhase: Loot detected in slot 1. Clicking it.
2026-07-17 00:13:08 ThievingPhase: Stall ready. Clicking.
2026-07-17 00:13:09 ThievingPhase: Loot detected in slot 1. Clicking it.
2026-07-17 00:13:11 ThievingPhase: Stall ready. Clicking.
2026-07-17 00:13:12 ThievingPhase: Loot detected in slot 1. Clicking it.
2026-07-17 00:13:14 ThievingPhase: Stall ready. Clicking.
2026-07-17 00:13:15 ThievingPhase: Loot detected in slot 1. Clicking it.
2026-07-17 00:13:17 ThievingPhase: Stall ready. Clicking.
2026-07-17 00:13:18 ThievingPhase: Loot detected in slot 1. Clicking it.
2026-07-17 00:13:20 ThievingPhase: Stall ready. Clicking.
2026-07-17 00:13:21 ThievingPhase: Loot detected in slot 1. Clicking it.
2026-07-17 00:13:23 ThievingPhase: Stall ready. Clicking.
2026-07-17 00:13:24 ThievingPhase: Loot detected in slot 1. Clicking it.
2026-07-17 00:13:26 ThievingPhase: Stall ready. Clicking.
2026-07-17 00:13:27 ThievingPhase: Loot detected in slot 1. Clicking it.
2026-07-17 00:13:29 ThievingPhase: Stall ready. Clicking.
2026-07-17 00:13:30 ThievingPhase: Loot detected in slot 1. Clicking it.
2026-07-17 00:13:32 ThievingPhase: Stall ready. Clicking.
2026-07-17 00:13:33 ThievingPhase: Loot detected in slot 1. Clicking it.
2026-07-17 00:13:35 ThievingPhase: Stall ready. Clicking.
2026-07-17 00:13:36 ThievingPhase: Loot detected in slot 1. Clicking it.
2026-07-17 00:13:38 ThievingPhase: Stall ready. Clicking.
2026-07-17 00:13:39 ThievingPhase: Loot detected in slot 1. Clicking it.
2026-07-17 00:13:41 ThievingPhase: Stall ready. Clicking.
2026-07-17 00:13:42 ThievingPhase: Loot detected in slot 1. Clicking it.
2026-07-17 00:13:44 ThievingPhase: Stall ready. Clicking.
2026-07-17 00:13:45 ThievingPhase: Loot detected in slot 1. Clicking it.
2026-07-17 00:13:47 ThievingPhase: Stall ready. Clicking.
2026-07-17 00:13:48 ThievingPhase: Loot detected in slot 1. Clicking it.
2026-07-17 00:13:50 ThievingPhase: Stall ready. Clicking.
2026-07-17 00:13:51 ThievingPhase: Loot detected in slot 1. Clicking it.
2026-07-17 00:13:53 ThievingPhase: Stall ready. Clicking.
2026-07-17 00:13:54 ThievingPhase: Loot detected in slot 1. Clicking it.
2026-07-17 00:13:56 ThievingPhase: Stall ready. Clicking.
2026-07-17 00:13:57 ThievingPhase: Loot detected in slot 1. Clicking it.
2026-07-17 00:13:59 ThievingPhase: Stall ready. Clicking.
2026-07-17 00:14:00 ThievingPhase: Loot detected in slot 1. Clicking it.
2026-07-17 00:14:02 ThievingPhase: Stall ready. Clicking.
2026-07-17 00:14:03 ThievingPhase: Loot detected in slot 1. Clicking it.
2026-07-17 00:14:05 ThievingPhase: Stall ready. Clicking.
2026-07-17 00:14:06 ThievingPhase: Loot detected in slot 1. Clicking it.
2026-07-17 00:14:08 ThievingPhase: Stall ready. Clicking.
2026-07-17 00:14:09 ThievingPhase: Loot detected in slot 1. Clicking it.
2026-07-17 00:14:11 ThievingPhase: Stall ready. Clicking.
2026-07-17 00:14:12 ThievingPhase: Loot detected in slot 1. Clicking it.
2026-07-17 00:14:14 ThievingPhase: Stall ready. Clicking.
2026-07-17 00:14:15 ThievingPhase: Loot detected in slot 1. Clicking it.
2026-07-17 00:14:17 ThievingPhase: Stall ready. Clicking.
2026-07-17 00:14:18 ThievingPhase: Loot detected in slot 1. Clicking it.
2026-07-17 00:14:20 ThievingPhase: Stall ready. Clicking.
2026-07-17 00:14:21 ThievingPhase: Loot detected in slot 1. Clicking it.
2026-07-17 00:14:23 ThievingPhase: Stall ready. Clicking.
2026-07-17 00:14:24 ThievingPhase: Loot detected in slot 1. Clicking it.
2026-07-17 00:14:26 ThievingPhase: Stall ready. Clicking.
2026-07-17 00:14:27 ThievingPhase: Loot detected in slot 1. Clicking it.
2026-07-17 00:14:29 ThievingPhase: Stall ready. Clicking.
2026-07-17 00:14:30 ThievingPhase: Loot detected in slot 1. Clicking it.
2026-07-17 00:14:32 ThievingPhase: Stall ready. Clicking.
2026-07-17 00:14:33 ThievingPhase: Loot detected in slot 1. Clicking it.
2026-07-17 00:14:35 ThievingPhase: Stall ready. Clicking.
2026-07-17 00:14:36 ThievingPhase: Loot detected in slot 1. Clicking it.
2026-07-17 00:14:38 ThievingPhase: Stall ready. Clicking.
2026-07-17 00:14:39 ThievingPhase: Loot detected in slot 1. Clicking it.
2026-07-17 00:14:41 ThievingPhase: Stall ready. Clicking.
2026-07-17 00:14:42 ThievingPhase: Loot detected in slot 1. Clicking it.
2026-07-17 00:14:44 ThievingPhase: Stall ready. Clicking.
2026-07-17 00:14:45 ThievingPhase: Loot detected in slot 1. Clicking it.
2026-07-17 00:14:47 ThievingPhase: Stall ready. Clicking.
2026-07-17 00:14:48 ThievingPhase: Loot detected in slot 1. Clicking it.
2026-07-17 00:14:50 ThievingPhase: Stall ready. Clicking.
2026-07-17 00:14:51 ThievingPhase: Loot detected in slot 1. Clicking it.
2026-07-17 00:14:53 ThievingPhase: Stall ready. Clicking.
2026-07-17 00:14:54 ThievingPhase: Loot detected in slot 1. Clicking it.
2026-07-17 00:14:56 ThievingPhase: Stall ready. Clicking.
2026-07-17 00:14:57 ThievingPhase: Loot detected in slot 1. Clicking it.
2026-07-17 00:14:59 ThievingPhase: Stall ready. Clicking.
2026-07-17 00:15:00 ThievingPhase: Loot detected in slot 1. Clicking it.
2026-07-17 00:15:02 ThievingPhase: Stall ready. Clicking.
2026-07-17 00:15:03 ThievingPhase: Loot detected in slot 1. Clicking it.
2026-07-17 00:15:05 ThievingPhase: Stall ready. Clicking.
2026-07-17 00:15:06 ThievingPhase: Loot detected in slot 1. Clicking it.
2026-07-17 00:15:08 ThievingPhase: Stall ready. Clicking.
2026-07-17 00:15:09 ThievingPhase: Loot detected in slot 1. Clicking it.
2026-07-17 00:15:11 ThievingPhase: Stall ready. Clicking.
2026-07-17 00:15:12 ThievingPhase: Loot detected in slot 1. Clicking it.
2026-07-17 00:15:14 ThievingPhase: Stall ready. Clicking.
2026-07-17 00:15:15 ThievingPhase: Loot detected in slot 1. Clicking it.
2026-07-17 00:15:17 ThievingPhase: Stall ready. Clicking.
2026-07-17 00:15:18 ThievingPhase: Loot detected in slot 1. Clicking it.
2026-07-17 00:15:20 ThievingPhase: Stall ready. Clicking.
2026-07-17 00:15:21 ThievingPhase: Loot detected in slot 1. Clicking it.
2026-07-17 00:15:23 ThievingPhase: Stall ready. Clicking.
2026-07-17 00:15:24 ThievingPhase: Loot detected in slot 1. Clicking it.
2026-07-17 00:15:26 ThievingPhase: Stall ready. Clicking.
2026-07-17 00:15:27 ThievingPhase: Loot detected in slot 1. Clicking it.
2026-07-17 00:15:29 ThievingPhase: Stall ready. Clicking.
2026-07-17 00:15:30 ThievingPhase: Loot detected in slot 1. Clicking it.
2026-07-17 00:15:32 ThievingPhase: Stall ready. Clicking.
2026-07-17 00:15:33 ThievingPhase: Loot detected in slot 1. Clicking it.
2026-07-17 00:15:35 ThievingPhase: Stall ready. Clicking.
2026-07-17 00:15:36 ThievingPhase: Loot detected in slot 1. Clicking it.
2026-07-17 00:15:38 ThievingPhase: Stall ready. Clicking.
2026-07-17 00:15:39 ThievingPhase: Loot detected in slot 1. Clicking it.
2026-07-17 00:15:41 ThievingPhase: Stall ready. Clicking.
2026-07-17 00:15:42 ThievingPhase: Loot detected in slot 1. Clicking it.
2026-07-17 00:15:44 ThievingPhase: Stall ready. Clicking.
2026-07-17 00:15:45 ThievingPhase: Loot detected in slot 1. Clicking it.
2026-07-17 00:15:47 ThievingPhase: Stall ready. Clicking.
2026-07-17 00:15:48 ThievingPhase: Loot detected in slot 1. Clicking it.
2026-07-17 00:15:50 ThievingPhase: Stall ready. Clicking.
2026-07-17 00:15:51 ThievingPhase: Loot detected in slot 1. Clicking it.
2026-07-17 00:15:53 ThievingPhase: Stall ready. Clicking.
2026-07-17 00:15:54 ThievingPhase: Loot detected in slot 1. Clicking it.
2026-07-17 00:15:56 ThievingPhase: Stall ready. Clicking.
2026-07-17 00:15:57 ThievingPhase: Loot detected in slot 1. Clicking it.
2026-07-17 00:15:59 ThievingPhase: Stall ready. Clicking.
2026-07-17 00:16:00 ThievingPhase: Loot detected in slot 1. Clicking it.
2026-07-17 00:16:02 ThievingPhase: Stall ready. Clicking.
2026-07-17 00:16:03 ThievingPhase: Loot detected in slot 1. Clicking it.
2026-07-17 00:16:05 ThievingPhase: Stall ready. Clicking.
2026-07-17 00:16:06 ThievingPhase: Loot detected in slot 1. Clicking it.
2026-07-17 00:16:08 ThievingPhase: Stall ready. Clicking.
2026-07-17 00:16:10 ThievingPhase: Loot detected in slot 1. Clicking it.
2026-07-17 00:16:11 ThievingPhase: Stall ready. Clicking.
2026-07-17 00:16:12 ThievingPhase: Loot detected in slot 1. Clicking it.
2026-07-17 00:16:14 ThievingPhase: Stall ready. Clicking.
2026-07-17 00:16:15 ThievingPhase: Loot detected in slot 1. Clicking it.
2026-07-17 00:16:17 ThievingPhase: Stall ready. Clicking.
2026-07-17 00:16:19 ThievingPhase: Loot detected in slot 1. Clicking it.
2026-07-17 00:16:20 ThievingPhase: Stall ready. Clicking.
2026-07-17 00:16:21 ThievingPhase: Loot detected in slot 1. Clicking it.
2026-07-17 00:16:23 ThievingPhase: Stall ready. Clicking.
2026-07-17 00:16:24 ThievingPhase: Loot detected in slot 1. Clicking it.
2026-07-17 00:16:26 ThievingPhase: Stall ready. Clicking.
2026-07-17 00:16:29 ThievingPhase: No loot after 2000ms - assuming detected, waiting for combat.
2026-07-17 00:16:33 WaitCombatPhase: No combat signal after 4000ms - retrying
2026-07-17 00:16:33 ThievingPhase: Stall ready. Clicking.
2026-07-17 00:16:34 ThievingPhase: Loot detected in slot 1. Clicking it.
2026-07-17 00:16:36 ThievingPhase: Stall ready. Clicking.
2026-07-17 00:16:37 ThievingPhase: Loot detected in slot 1. Clicking it.
2026-07-17 00:16:39 ThievingPhase: Stall ready. Clicking.
2026-07-17 00:16:40 ThievingPhase: Loot detected in slot 1. Clicking it.
2026-07-17 00:16:42 ThievingPhase: Stall ready. Clicking.
2026-07-17 00:16:43 ThievingPhase: Loot detected in slot 1. Clicking it.
2026-07-17 00:16:45 ThievingPhase: Stall ready. Clicking.
2026-07-17 00:16:46 ThievingPhase: Loot detected in slot 1. Clicking it.
2026-07-17 00:16:48 ThievingPhase: Stall ready. Clicking.
2026-07-17 00:16:49 ThievingPhase: Loot detected in slot 1. Clicking it.
2026-07-17 00:16:51 ThievingPhase: Stall ready. Clicking.
2026-07-17 00:16:52 ThievingPhase: Loot detected in slot 1. Clicking it.
2026-07-17 00:16:54 ThievingPhase: Stall ready. Clicking.
2026-07-17 00:16:55 ThievingPhase: Loot detected in slot 1. Clicking it.
2026-07-17 00:16:57 ThievingPhase: Stall ready. Clicking.
2026-07-17 00:16:58 ThievingPhase: Loot detected in slot 1. Clicking it.
2026-07-17 00:17:00 ThievingPhase: Stall ready. Clicking.
2026-07-17 00:17:01 ThievingPhase: Loot detected in slot 1. Clicking it.
2026-07-17 00:17:03 ThievingPhase: Stall ready. Clicking.
2026-07-17 00:17:04 ThievingPhase: Loot detected in slot 1. Clicking it.
2026-07-17 00:17:06 ThievingPhase: Stall ready. Clicking.
2026-07-17 00:17:07 ThievingPhase: Loot detected in slot 1. Clicking it.
2026-07-17 00:17:09 ThievingPhase: Stall ready. Clicking.
2026-07-17 00:17:10 ThievingPhase: Loot detected in slot 1. Clicking it.
2026-07-17 00:17:12 ThievingPhase: Stall ready. Clicking.
2026-07-17 00:17:13 ThievingPhase: Loot detected in slot 1. Clicking it.
2026-07-17 00:17:15 ThievingPhase: Stall ready. Clicking.
2026-07-17 00:17:16 ThievingPhase: Loot detected in slot 1. Clicking it.
2026-07-17 00:17:18 ThievingPhase: Stall ready. Clicking.
2026-07-17 00:17:19 ThievingPhase: Loot detected in slot 1. Clicking it.
2026-07-17 00:17:21 ThievingPhase: Stall ready. Clicking.
2026-07-17 00:17:22 ThievingPhase: Loot detected in slot 1. Clicking it.
2026-07-17 00:17:24 ThievingPhase: Stall ready. Clicking.
2026-07-17 00:17:25 ThievingPhase: Loot detected in slot 1. Clicking it.
2026-07-17 00:17:27 ThievingPhase: Stall ready. Clicking.
2026-07-17 00:17:28 ThievingPhase: Loot detected in slot 1. Clicking it.
2026-07-17 00:17:30 ThievingPhase: Stall ready. Clicking.
2026-07-17 00:17:31 ThievingPhase: Loot detected in slot 1. Clicking it.
2026-07-17 00:17:33 ThievingPhase: Stall ready. Clicking.
2026-07-17 00:17:34 ThievingPhase: Loot detected in slot 1. Clicking it.
2026-07-17 00:17:36 ThievingPhase: Stall ready. Clicking.
2026-07-17 00:17:37 ThievingPhase: Loot detected in slot 1. Clicking it.
2026-07-17 00:17:39 ThievingPhase: Stall ready. Clicking.
2026-07-17 00:17:40 ThievingPhase: Loot detected in slot 1. Clicking it.
2026-07-17 00:17:42 ThievingPhase: Stall ready. Clicking.
2026-07-17 00:17:43 ThievingPhase: Loot detected in slot 1. Clicking it.
2026-07-17 00:17:45 ThievingPhase: Stall ready. Clicking.
2026-07-17 00:17:46 ThievingPhase: Loot detected in slot 1. Clicking it.
2026-07-17 00:17:48 ThievingPhase: Stall ready. Clicking.
2026-07-17 00:17:49 ThievingPhase: Loot detected in slot 1. Clicking it.
2026-07-17 00:17:51 ThievingPhase: Stall ready. Clicking.
2026-07-17 00:17:52 ThievingPhase: Loot detected in slot 1. Clicking it.
2026-07-17 00:17:54 ThievingPhase: Stall ready. Clicking.
2026-07-17 00:17:55 ThievingPhase: Loot detected in slot 1. Clicking it.
2026-07-17 00:17:57 ThievingPhase: Stall ready. Clicking.
2026-07-17 00:17:58 ThievingPhase: Loot detected in slot 1. Clicking it.
2026-07-17 00:18:00 ThievingPhase: Stall ready. Clicking.
2026-07-17 00:18:01 ThievingPhase: Loot detected in slot 1. Clicking it.
2026-07-17 00:18:03 ThievingPhase: Stall ready. Clicking.
2026-07-17 00:18:04 ThievingPhase: Loot detected in slot 1. Clicking it.
2026-07-17 00:18:06 ThievingPhase: Stall ready. Clicking.
2026-07-17 00:18:07 ThievingPhase: Loot detected in slot 1. Clicking it.
2026-07-17 00:18:09 ThievingPhase: Stall ready. Clicking.
2026-07-17 00:18:10 ThievingPhase: Loot detected in slot 1. Clicking it.
2026-07-17 00:18:12 ThievingPhase: Stall ready. Clicking.
2026-07-17 00:18:13 ThievingPhase: Loot detected in slot 1. Clicking it.
2026-07-17 00:18:15 ThievingPhase: Stall ready. Clicking.
2026-07-17 00:18:16 ThievingPhase: Loot detected in slot 1. Clicking it.
2026-07-17 00:18:18 ThievingPhase: Stall ready. Clicking.
2026-07-17 00:18:19 ThievingPhase: Loot detected in slot 1. Clicking it.
2026-07-17 00:18:21 ThievingPhase: Stall ready. Clicking.
2026-07-17 00:18:22 ThievingPhase: Loot detected in slot 1. Clicking it.
2026-07-17 00:18:24 ThievingPhase: Stall ready. Clicking.
2026-07-17 00:18:25 ThievingPhase: Loot detected in slot 1. Clicking it.
2026-07-17 00:18:27 ThievingPhase: Stall ready. Clicking.
2026-07-17 00:18:28 ThievingPhase: Loot detected in slot 1. Clicking it.
2026-07-17 00:18:30 ThievingPhase: Stall ready. Clicking.
2026-07-17 00:18:31 ThievingPhase: Loot detected in slot 1. Clicking it.
2026-07-17 00:18:33 ThievingPhase: Stall ready. Clicking.
2026-07-17 00:18:34 ThievingPhase: Loot detected in slot 1. Clicking it.
2026-07-17 00:18:36 ThievingPhase: Stall ready. Clicking.
2026-07-17 00:18:37 ThievingPhase: Loot detected in slot 1. Clicking it.
2026-07-17 00:18:39 ThievingPhase: Stall ready. Clicking.
2026-07-17 00:18:40 ThievingPhase: Loot detected in slot 1. Clicking it.
2026-07-17 00:18:42 ThievingPhase: Stall ready. Clicking.
2026-07-17 00:18:43 ThievingPhase: Loot detected in slot 1. Clicking it.
2026-07-17 00:18:45 ThievingPhase: Stall ready. Clicking.
2026-07-17 00:18:46 ThievingPhase: Loot detected in slot 1. Clicking it.
2026-07-17 00:18:48 ThievingPhase: Stall ready. Clicking.
2026-07-17 00:18:49 ThievingPhase: Loot detected in slot 1. Clicking it.
2026-07-17 00:18:51 ThievingPhase: Stall ready. Clicking.
2026-07-17 00:18:52 ThievingPhase: Loot detected in slot 1. Clicking it.
2026-07-17 00:18:54 ThievingPhase: Stall ready. Clicking.
2026-07-17 00:18:55 ThievingPhase: Loot detected in slot 1. Clicking it.
2026-07-17 00:18:57 ThievingPhase: Stall ready. Clicking.
2026-07-17 00:18:58 ThievingPhase: Loot detected in slot 1. Clicking it.
2026-07-17 00:19:00 ThievingPhase: Stall ready. Clicking.
2026-07-17 00:19:01 ThievingPhase: Loot detected in slot 1. Clicking it.
2026-07-17 00:19:03 ThievingPhase: Stall ready. Clicking.
2026-07-17 00:19:04 ThievingPhase: Loot detected in slot 1. Clicking it.
2026-07-17 00:19:06 ThievingPhase: Stall ready. Clicking.
2026-07-17 00:19:07 ThievingPhase: Loot detected in slot 1. Clicking it.
2026-07-17 00:19:09 ThievingPhase: Stall ready. Clicking.
2026-07-17 00:19:10 ThievingPhase: Loot detected in slot 1. Clicking it.
2026-07-17 00:19:12 ThievingPhase: Stall ready. Clicking.
2026-07-17 00:19:13 ThievingPhase: Loot detected in slot 1. Clicking it.
2026-07-17 00:19:15 ThievingPhase: Stall ready. Clicking.
2026-07-17 00:19:16 ThievingPhase: Loot detected in slot 1. Clicking it.
2026-07-17 00:19:18 ThievingPhase: Stall ready. Clicking.
2026-07-17 00:19:19 ThievingPhase: Loot detected in slot 1. Clicking it.
2026-07-17 00:19:21 ThievingPhase: Stall ready. Clicking.
2026-07-17 00:19:22 ThievingPhase: Loot detected in slot 1. Clicking it.
2026-07-17 00:19:24 ThievingPhase: Stall ready. Clicking.
2026-07-17 00:19:25 ThievingPhase: Loot detected in slot 1. Clicking it.
2026-07-17 00:19:27 ThievingPhase: Stall ready. Clicking.
2026-07-17 00:19:28 ThievingPhase: Loot detected in slot 1. Clicking it.
2026-07-17 00:19:30 ThievingPhase: Stall ready. Clicking.
2026-07-17 00:19:31 ThievingPhase: Loot detected in slot 1. Clicking it.
2026-07-17 00:19:33 ThievingPhase: Stall ready. Clicking.
2026-07-17 00:19:34 ThievingPhase: Loot detected in slot 1. Clicking it.
2026-07-17 00:19:36 ThievingPhase: Stall ready. Clicking.
2026-07-17 00:19:37 ThievingPhase: Loot detected in slot 1. Clicking it.
2026-07-17 00:19:39 ThievingPhase: Stall ready. Clicking.
2026-07-17 00:19:40 ThievingPhase: Loot detected in slot 1. Clicking it.
2026-07-17 00:19:42 ThievingPhase: Stall ready. Clicking.
2026-07-17 00:19:43 ThievingPhase: Loot detected in slot 1. Clicking it.
2026-07-17 00:19:45 ThievingPhase: Stall ready. Clicking.
2026-07-17 00:19:47 ThievingPhase: No loot after 2000ms - assuming detected, waiting for combat.
2026-07-17 00:19:51 WaitCombatPhase: No combat signal after 4000ms - retrying
2026-07-17 00:19:51 ThievingPhase: Stall ready. Clicking.
2026-07-17 00:19:53 ThievingPhase: Loot detected in slot 1. Clicking it.
2026-07-17 00:19:54 ThievingPhase: Stall ready. Clicking.
2026-07-17 00:19:56 ThievingPhase: Loot detected in slot 1. Clicking it.
2026-07-17 00:19:58 ThievingPhase: Stall ready. Clicking.
2026-07-17 00:19:59 ThievingPhase: Loot detected in slot 1. Clicking it.
2026-07-17 00:20:00 ThievingPhase: Stall ready. Clicking.
2026-07-17 00:20:02 ThievingPhase: Loot detected in slot 1. Clicking it.
2026-07-17 00:20:04 ThievingPhase: Stall ready. Clicking.
2026-07-17 00:20:05 ThievingPhase: Loot detected in slot 1. Clicking it.
2026-07-17 00:20:07 ThievingPhase: Stall ready. Clicking.
2026-07-17 00:20:08 ThievingPhase: Loot detected in slot 1. Clicking it.
2026-07-17 00:20:09 ThievingPhase: Stall ready. Clicking.
2026-07-17 00:20:11 ThievingPhase: Loot detected in slot 1. Clicking it.
2026-07-17 00:20:13 ThievingPhase: Stall ready. Clicking.
2026-07-17 00:20:14 ThievingPhase: Loot detected in slot 1. Clicking it.
2026-07-17 00:20:15 ThievingPhase: Stall ready. Clicking.
2026-07-17 00:20:17 ThievingPhase: Loot detected in slot 1. Clicking it.
2026-07-17 00:20:18 ThievingPhase: Stall ready. Clicking.
2026-07-17 00:20:20 ThievingPhase: Loot detected in slot 1. Clicking it.
2026-07-17 00:20:22 ThievingPhase: Stall ready. Clicking.
2026-07-17 00:20:23 ThievingPhase: Loot detected in slot 1. Clicking it.
2026-07-17 00:20:25 ThievingPhase: Stall ready. Clicking.
2026-07-17 00:20:26 ThievingPhase: Loot detected in slot 1. Clicking it.
2026-07-17 00:20:28 ThievingPhase: Stall ready. Clicking.
2026-07-17 00:20:29 ThievingPhase: Loot detected in slot 1. Clicking it.
2026-07-17 00:20:30 ThievingPhase: Stall ready. Clicking.
2026-07-17 00:20:32 ThievingPhase: Loot detected in slot 1. Clicking it.
2026-07-17 00:20:34 ThievingPhase: Stall ready. Clicking.
2026-07-17 00:20:35 ThievingPhase: Loot detected in slot 1. Clicking it.
2026-07-17 00:20:36 ThievingPhase: Stall ready. Clicking.
2026-07-17 00:20:38 ThievingPhase: Loot detected in slot 1. Clicking it.
2026-07-17 00:20:40 ThievingPhase: Stall ready. Clicking.
2026-07-17 00:20:41 ThievingPhase: Loot detected in slot 1. Clicking it.
2026-07-17 00:20:43 ThievingPhase: Stall ready. Clicking.
2026-07-17 00:20:44 ThievingPhase: Loot detected in slot 1. Clicking it.
2026-07-17 00:20:46 ThievingPhase: Stall ready. Clicking.
2026-07-17 00:20:47 ThievingPhase: Loot detected in slot 1. Clicking it.
2026-07-17 00:20:48 ThievingPhase: Stall ready. Clicking.
2026-07-17 00:20:50 ThievingPhase: Loot detected in slot 1. Clicking it.
2026-07-17 00:20:52 ThievingPhase: Stall ready. Clicking.
2026-07-17 00:20:53 ThievingPhase: Loot detected in slot 1. Clicking it.
2026-07-17 00:20:55 ThievingPhase: Stall ready. Clicking.
2026-07-17 00:20:56 ThievingPhase: Loot detected in slot 1. Clicking it.
2026-07-17 00:20:58 ThievingPhase: Stall ready. Clicking.
2026-07-17 00:20:59 ThievingPhase: Loot detected in slot 1. Clicking it.
2026-07-17 00:21:01 ThievingPhase: Stall ready. Clicking.
2026-07-17 00:21:02 ThievingPhase: Loot detected in slot 1. Clicking it.
2026-07-17 00:21:03 ThievingPhase: Stall ready. Clicking.
2026-07-17 00:21:05 ThievingPhase: Loot detected in slot 1. Clicking it.
2026-07-17 00:21:07 ThievingPhase: Stall ready. Clicking.
2026-07-17 00:21:08 ThievingPhase: Loot detected in slot 1. Clicking it.
2026-07-17 00:21:10 ThievingPhase: Stall ready. Clicking.
2026-07-17 00:21:11 ThievingPhase: Loot detected in slot 1. Clicking it.
2026-07-17 00:21:12 ThievingPhase: Stall ready. Clicking.
2026-07-17 00:21:14 ThievingPhase: Loot detected in slot 1. Clicking it.
2026-07-17 00:21:16 ThievingPhase: Stall ready. Clicking.
2026-07-17 00:21:17 ThievingPhase: Loot detected in slot 1. Clicking it.
2026-07-17 00:21:18 ThievingPhase: Stall ready. Clicking.
2026-07-17 00:21:20 ThievingPhase: Loot detected in slot 1. Clicking it.
2026-07-17 00:21:21 ThievingPhase: Stall ready. Clicking.
2026-07-17 00:21:23 ThievingPhase: Loot detected in slot 1. Clicking it.
2026-07-17 00:21:25 ThievingPhase: Stall ready. Clicking.
2026-07-17 00:21:26 ThievingPhase: Loot detected in slot 1. Clicking it.
2026-07-17 00:21:28 ThievingPhase: Stall ready. Clicking.
2026-07-17 00:21:29 ThievingPhase: Loot detected in slot 1. Clicking it.
2026-07-17 00:21:30 ThievingPhase: Stall ready. Clicking.
2026-07-17 00:21:32 ThievingPhase: Loot detected in slot 1. Clicking it.
2026-07-17 00:21:34 ThievingPhase: Stall ready. Clicking.
2026-07-17 00:21:35 ThievingPhase: Loot detected in slot 1. Clicking it.
2026-07-17 00:21:36 ThievingPhase: Stall ready. Clicking.
2026-07-17 00:21:38 ThievingPhase: Loot detected in slot 1. Clicking it.
2026-07-17 00:21:40 ThievingPhase: Stall ready. Clicking.
2026-07-17 00:21:41 ThievingPhase: Loot detected in slot 1. Clicking it.
2026-07-17 00:21:42 ThievingPhase: Stall ready. Clicking.
2026-07-17 00:21:44 ThievingPhase: Loot detected in slot 1. Clicking it.
2026-07-17 00:21:46 ThievingPhase: Stall ready. Clicking.
2026-07-17 00:21:47 ThievingPhase: Loot detected in slot 1. Clicking it.
2026-07-17 00:21:48 ThievingPhase: Stall ready. Clicking.
2026-07-17 00:21:50 ThievingPhase: Loot detected in slot 1. Clicking it.
2026-07-17 00:21:52 ThievingPhase: Stall ready. Clicking.
2026-07-17 00:21:53 ThievingPhase: Loot detected in slot 1. Clicking it.
2026-07-17 00:21:55 ThievingPhase: Stall ready. Clicking.
2026-07-17 00:21:56 ThievingPhase: Loot detected in slot 1. Clicking it.
2026-07-17 00:21:58 ThievingPhase: Stall ready. Clicking.
2026-07-17 00:21:59 ThievingPhase: Loot detected in slot 1. Clicking it.
2026-07-17 00:22:01 ThievingPhase: Stall ready. Clicking.
2026-07-17 00:22:02 ThievingPhase: Loot detected in slot 1. Clicking it.
2026-07-17 00:22:03 ThievingPhase: Stall ready. Clicking.
2026-07-17 00:22:05 ThievingPhase: Loot detected in slot 1. Clicking it.
2026-07-17 00:22:07 ThievingPhase: Stall ready. Clicking.
2026-07-17 00:22:08 ThievingPhase: Loot detected in slot 1. Clicking it.
2026-07-17 00:22:10 ThievingPhase: Stall ready. Clicking.
2026-07-17 00:22:11 ThievingPhase: Loot detected in slot 1. Clicking it.
2026-07-17 00:22:12 ThievingPhase: Stall ready. Clicking.
2026-07-17 00:22:14 ThievingPhase: Loot detected in slot 1. Clicking it.
2026-07-17 00:22:16 ThievingPhase: Stall ready. Clicking.
2026-07-17 00:22:17 ThievingPhase: Loot detected in slot 1. Clicking it.
2026-07-17 00:22:19 ThievingPhase: Stall ready. Clicking.
2026-07-17 00:22:20 ThievingPhase: Loot detected in slot 1. Clicking it.
2026-07-17 00:22:21 ThievingPhase: Stall ready. Clicking.
2026-07-17 00:22:23 ThievingPhase: Loot detected in slot 1. Clicking it.
2026-07-17 00:22:25 ThievingPhase: Stall ready. Clicking.
2026-07-17 00:22:26 ThievingPhase: Loot detected in slot 1. Clicking it.
2026-07-17 00:22:27 ThievingPhase: Stall ready. Clicking.
2026-07-17 00:22:29 ThievingPhase: Loot detected in slot 1. Clicking it.
2026-07-17 00:22:31 ThievingPhase: Stall ready. Clicking.
2026-07-17 00:22:32 ThievingPhase: Loot detected in slot 1. Clicking it.
2026-07-17 00:22:34 ThievingPhase: Stall ready. Clicking.
2026-07-17 00:22:35 ThievingPhase: Loot detected in slot 1. Clicking it.
2026-07-17 00:22:36 ThievingPhase: Stall ready. Clicking.
2026-07-17 00:22:38 ThievingPhase: Loot detected in slot 1. Clicking it.
2026-07-17 00:22:39 ThievingPhase: Stall ready. Clicking.
2026-07-17 00:22:41 ThievingPhase: Loot detected in slot 1. Clicking it.
2026-07-17 00:22:43 ThievingPhase: Stall ready. Clicking.
2026-07-17 00:22:44 ThievingPhase: Loot detected in slot 1. Clicking it.
2026-07-17 00:22:45 ThievingPhase: Stall ready. Clicking.
2026-07-17 00:22:47 ThievingPhase: Loot detected in slot 1. Clicking it.
2026-07-17 00:22:48 ThievingPhase: Stall ready. Clicking.
2026-07-17 00:22:50 ThievingPhase: Loot detected in slot 1. Clicking it.
2026-07-17 00:22:52 ThievingPhase: Stall ready. Clicking.
2026-07-17 00:22:53 ThievingPhase: Loot detected in slot 1. Clicking it.
2026-07-17 00:22:54 ThievingPhase: Stall ready. Clicking.
2026-07-17 00:22:56 ThievingPhase: Loot detected in slot 1. Clicking it.
2026-07-17 00:22:58 ThievingPhase: Stall ready. Clicking.
2026-07-17 00:22:59 ThievingPhase: Loot detected in slot 1. Clicking it.
2026-07-17 00:23:00 ThievingPhase: Stall ready. Clicking.
2026-07-17 00:23:02 ThievingPhase: Loot detected in slot 1. Clicking it.
2026-07-17 00:23:04 ThievingPhase: Stall ready. Clicking.
2026-07-17 00:23:05 ThievingPhase: Loot detected in slot 1. Clicking it.
2026-07-17 00:23:07 ThievingPhase: Stall ready. Clicking.
2026-07-17 00:23:08 ThievingPhase: Loot detected in slot 1. Clicking it.
2026-07-17 00:23:09 ThievingPhase: Stall ready. Clicking.
2026-07-17 00:23:11 ThievingPhase: Loot detected in slot 1. Clicking it.
2026-07-17 00:23:13 ThievingPhase: Stall ready. Clicking.
2026-07-17 00:23:14 ThievingPhase: Loot detected in slot 1. Clicking it.
2026-07-17 00:23:15 ThievingPhase: Stall ready. Clicking.
2026-07-17 00:23:17 ThievingPhase: Loot detected in slot 1. Clicking it.
2026-07-17 00:23:19 ThievingPhase: Stall ready. Clicking.
2026-07-17 00:23:20 ThievingPhase: Loot detected in slot 1. Clicking it.
2026-07-17 00:23:22 ThievingPhase: Stall ready. Clicking.
2026-07-17 00:23:23 ThievingPhase: Loot detected in slot 1. Clicking it.
2026-07-17 00:23:25 ThievingPhase: Stall ready. Clicking.
2026-07-17 00:23:26 ThievingPhase: Loot detected in slot 1. Clicking it.
2026-07-17 00:23:28 ThievingPhase: Stall ready. Clicking.
2026-07-17 00:23:29 ThievingPhase: Loot detected in slot 1. Clicking it.
2026-07-17 00:23:30 ThievingPhase: Stall ready. Clicking.
2026-07-17 00:23:32 ThievingPhase: Loot detected in slot 1. Clicking it.
2026-07-17 00:23:33 ThievingPhase: Stall ready. Clicking.
2026-07-17 00:23:35 ThievingPhase: Loot detected in slot 1. Clicking it.
2026-07-17 00:23:37 ThievingPhase: Stall ready. Clicking.
2026-07-17 00:23:38 ThievingPhase: Loot detected in slot 1. Clicking it.
2026-07-17 00:23:40 ThievingPhase: Stall ready. Clicking.
2026-07-17 00:23:41 ThievingPhase: Loot detected in slot 1. Clicking it.
2026-07-17 00:23:43 ThievingPhase: Stall ready. Clicking.
2026-07-17 00:23:44 ThievingPhase: Loot detected in slot 1. Clicking it.
2026-07-17 00:23:46 ThievingPhase: Stall ready. Clicking.
2026-07-17 00:23:47 ThievingPhase: Loot detected in slot 1. Clicking it.
2026-07-17 00:23:48 ThievingPhase: Stall ready. Clicking.
2026-07-17 00:23:50 ThievingPhase: Loot detected in slot 1. Clicking it.
2026-07-17 00:23:51 ThievingPhase: Stall ready. Clicking.
2026-07-17 00:23:53 ThievingPhase: Loot detected in slot 1. Clicking it.
2026-07-17 00:23:55 ThievingPhase: Stall ready. Clicking.
2026-07-17 00:23:56 ThievingPhase: Loot detected in slot 1. Clicking it.
2026-07-17 00:23:57 ThievingPhase: Stall ready. Clicking.
2026-07-17 00:23:59 ThievingPhase: Loot detected in slot 1. Clicking it.
2026-07-17 00:24:01 ThievingPhase: Stall ready. Clicking.
2026-07-17 00:24:02 ThievingPhase: Loot detected in slot 1. Clicking it.
2026-07-17 00:24:04 ThievingPhase: Stall ready. Clicking.
2026-07-17 00:24:05 ThievingPhase: Loot detected in slot 1. Clicking it.
2026-07-17 00:24:07 ThievingPhase: Stall ready. Clicking.
2026-07-17 00:24:08 ThievingPhase: Loot detected in slot 1. Clicking it.
2026-07-17 00:24:10 ThievingPhase: Stall ready. Clicking.
2026-07-17 00:24:11 ThievingPhase: Loot detected in slot 1. Clicking it.
2026-07-17 00:24:12 ThievingPhase: Stall ready. Clicking.
2026-07-17 00:24:14 ThievingPhase: Loot detected in slot 1. Clicking it.
2026-07-17 00:24:15 ThievingPhase: Stall ready. Clicking.
2026-07-17 00:24:17 ThievingPhase: Loot detected in slot 1. Clicking it.
2026-07-17 00:24:19 ThievingPhase: Stall ready. Clicking.
2026-07-17 00:24:20 ThievingPhase: Loot detected in slot 1. Clicking it.
2026-07-17 00:24:21 ThievingPhase: Stall ready. Clicking.
2026-07-17 00:24:23 ThievingPhase: Loot detected in slot 1. Clicking it.
2026-07-17 00:24:24 ThievingPhase: Stall ready. Clicking.
2026-07-17 00:24:27 ThievingPhase: No loot after 2000ms - assuming detected, waiting for combat.
2026-07-17 00:24:31 WaitCombatPhase: No combat signal after 4000ms - retrying
2026-07-17 00:24:31 ThievingPhase: Stall ready. Clicking.
2026-07-17 00:24:32 ThievingPhase: Loot detected in slot 1. Clicking it.
2026-07-17 00:24:34 ThievingPhase: Stall ready. Clicking.
2026-07-17 00:24:35 ThievingPhase: Loot detected in slot 1. Clicking it.
2026-07-17 00:24:37 ThievingPhase: Stall ready. Clicking.
2026-07-17 00:24:38 ThievingPhase: Loot detected in slot 1. Clicking it.
2026-07-17 00:24:40 ThievingPhase: Stall ready. Clicking.
2026-07-17 00:24:41 ThievingPhase: Loot detected in slot 1. Clicking it.
2026-07-17 00:24:43 ThievingPhase: Stall ready. Clicking.
2026-07-17 00:24:44 ThievingPhase: Loot detected in slot 1. Clicking it.
2026-07-17 00:24:46 ThievingPhase: Stall ready. Clicking.
2026-07-17 00:24:47 ThievingPhase: Loot detected in slot 1. Clicking it.
2026-07-17 00:24:49 ThievingPhase: Stall ready. Clicking.
2026-07-17 00:24:50 ThievingPhase: Loot detected in slot 1. Clicking it.
2026-07-17 00:24:52 ThievingPhase: Stall ready. Clicking.
2026-07-17 00:24:53 ThievingPhase: Loot detected in slot 1. Clicking it.
2026-07-17 00:24:55 ThievingPhase: Stall ready. Clicking.
2026-07-17 00:24:56 ThievingPhase: Loot detected in slot 1. Clicking it.
2026-07-17 00:24:58 ThievingPhase: Stall ready. Clicking.
2026-07-17 00:24:59 ThievingPhase: Loot detected in slot 1. Clicking it.
2026-07-17 00:25:01 ThievingPhase: Stall ready. Clicking.
2026-07-17 00:25:02 ThievingPhase: Loot detected in slot 1. Clicking it.
2026-07-17 00:25:04 ThievingPhase: Stall ready. Clicking.
2026-07-17 00:25:05 ThievingPhase: Loot detected in slot 1. Clicking it.
2026-07-17 00:25:07 ThievingPhase: Stall ready. Clicking.
2026-07-17 00:25:08 ThievingPhase: Loot detected in slot 1. Clicking it.
2026-07-17 00:25:10 ThievingPhase: Stall ready. Clicking.
2026-07-17 00:25:11 ThievingPhase: Loot detected in slot 1. Clicking it.
2026-07-17 00:25:13 ThievingPhase: Stall ready. Clicking.
2026-07-17 00:25:14 ThievingPhase: Loot detected in slot 1. Clicking it.
2026-07-17 00:25:16 ThievingPhase: Stall ready. Clicking.
2026-07-17 00:25:17 ThievingPhase: Loot detected in slot 1. Clicking it.
2026-07-17 00:25:19 ThievingPhase: Stall ready. Clicking.
2026-07-17 00:25:21 ThievingPhase: Loot detected in slot 1. Clicking it.
2026-07-17 00:25:23 ThievingPhase: Stall ready. Clicking.
2026-07-17 00:25:24 ThievingPhase: Loot detected in slot 1. Clicking it.
2026-07-17 00:25:26 ThievingPhase: Stall ready. Clicking.
2026-07-17 00:25:27 ThievingPhase: Loot detected in slot 1. Clicking it.
2026-07-17 00:25:29 ThievingPhase: Stall ready. Clicking.
2026-07-17 00:25:30 ThievingPhase: Loot detected in slot 1. Clicking it.
2026-07-17 00:25:32 ThievingPhase: Stall ready. Clicking.
2026-07-17 00:25:33 ThievingPhase: Loot detected in slot 1. Clicking it.
2026-07-17 00:25:35 ThievingPhase: Stall ready. Clicking.
2026-07-17 00:25:36 ThievingPhase: Loot detected in slot 1. Clicking it.
2026-07-17 00:25:38 ThievingPhase: Stall ready. Clicking.
2026-07-17 00:25:39 ThievingPhase: Loot detected in slot 1. Clicking it.
2026-07-17 00:25:41 ThievingPhase: Stall ready. Clicking.
2026-07-17 00:25:42 ThievingPhase: Loot detected in slot 1. Clicking it.
2026-07-17 00:25:44 ThievingPhase: Stall ready. Clicking.
2026-07-17 00:25:45 ThievingPhase: Loot detected in slot 1. Clicking it.
2026-07-17 00:25:47 ThievingPhase: Stall ready. Clicking.
2026-07-17 00:25:48 ThievingPhase: Loot detected in slot 1. Clicking it.
2026-07-17 00:25:50 ThievingPhase: Stall ready. Clicking.
2026-07-17 00:25:51 ThievingPhase: Loot detected in slot 1. Clicking it.
2026-07-17 00:25:53 ThievingPhase: Stall ready. Clicking.
2026-07-17 00:25:54 ThievingPhase: Loot detected in slot 1. Clicking it.
2026-07-17 00:25:56 ThievingPhase: Stall ready. Clicking.
2026-07-17 00:25:57 ThievingPhase: Loot detected in slot 1. Clicking it.
2026-07-17 00:25:59 ThievingPhase: Stall ready. Clicking.
2026-07-17 00:26:00 ThievingPhase: Loot detected in slot 1. Clicking it.
2026-07-17 00:26:02 ThievingPhase: Stall ready. Clicking.
2026-07-17 00:26:03 ThievingPhase: Loot detected in slot 1. Clicking it.
2026-07-17 00:26:05 ThievingPhase: Stall ready. Clicking.
2026-07-17 00:26:06 ThievingPhase: Loot detected in slot 1. Clicking it.
2026-07-17 00:26:08 ThievingPhase: Stall ready. Clicking.
2026-07-17 00:26:09 ThievingPhase: Loot detected in slot 1. Clicking it.
2026-07-17 00:26:11 ThievingPhase: Stall ready. Clicking.
2026-07-17 00:26:12 ThievingPhase: Loot detected in slot 1. Clicking it.
2026-07-17 00:26:14 ThievingPhase: Stall ready. Clicking.
2026-07-17 00:26:15 ThievingPhase: Loot detected in slot 1. Clicking it.
2026-07-17 00:26:17 ThievingPhase: Stall ready. Clicking.
2026-07-17 00:26:18 ThievingPhase: Loot detected in slot 1. Clicking it.
2026-07-17 00:26:20 ThievingPhase: Stall ready. Clicking.
2026-07-17 00:26:21 ThievingPhase: Loot detected in slot 1. Clicking it.
2026-07-17 00:26:23 ThievingPhase: Stall ready. Clicking.
2026-07-17 00:26:24 ThievingPhase: Loot detected in slot 1. Clicking it.
2026-07-17 00:26:26 ThievingPhase: Stall ready. Clicking.
2026-07-17 00:26:27 ThievingPhase: Loot detected in slot 1. Clicking it.
2026-07-17 00:26:29 ThievingPhase: Stall ready. Clicking.
2026-07-17 00:26:30 ThievingPhase: Loot detected in slot 1. Clicking it.
2026-07-17 00:26:32 ThievingPhase: Stall ready. Clicking.
2026-07-17 00:26:33 ThievingPhase: Loot detected in slot 1. Clicking it.
2026-07-17 00:26:35 ThievingPhase: Stall ready. Clicking.
2026-07-17 00:26:36 ThievingPhase: Loot detected in slot 1. Clicking it.
2026-07-17 00:26:38 ThievingPhase: Stall ready. Clicking.
2026-07-17 00:26:39 ThievingPhase: Loot detected in slot 1. Clicking it.
2026-07-17 00:26:41 ThievingPhase: Stall ready. Clicking.
2026-07-17 00:26:42 ThievingPhase: Loot detected in slot 1. Clicking it.
2026-07-17 00:26:44 ThievingPhase: Stall ready. Clicking.
2026-07-17 00:26:45 ThievingPhase: Loot detected in slot 1. Clicking it.
2026-07-17 00:26:47 ThievingPhase: Stall ready. Clicking.
2026-07-17 00:26:48 ThievingPhase: Loot detected in slot 1. Clicking it.
2026-07-17 00:26:50 ThievingPhase: Stall ready. Clicking.
2026-07-17 00:26:51 ThievingPhase: Loot detected in slot 1. Clicking it.
2026-07-17 00:26:53 ThievingPhase: Stall ready. Clicking.
2026-07-17 00:26:54 ThievingPhase: Loot detected in slot 1. Clicking it.
2026-07-17 00:26:56 ThievingPhase: Stall ready. Clicking.
2026-07-17 00:26:57 ThievingPhase: Loot detected in slot 1. Clicking it.
2026-07-17 00:26:59 ThievingPhase: Stall ready. Clicking.
2026-07-17 00:27:00 ThievingPhase: Loot detected in slot 1. Clicking it.
2026-07-17 00:27:02 ThievingPhase: Stall ready. Clicking.
2026-07-17 00:27:03 ThievingPhase: Loot detected in slot 1. Clicking it.
2026-07-17 00:27:05 ThievingPhase: Stall ready. Clicking.
2026-07-17 00:27:06 ThievingPhase: Loot detected in slot 1. Clicking it.
2026-07-17 00:27:08 ThievingPhase: Stall ready. Clicking.
2026-07-17 00:27:09 ThievingPhase: Loot detected in slot 1. Clicking it.
2026-07-17 00:27:11 ThievingPhase: Stall ready. Clicking.
2026-07-17 00:27:12 ThievingPhase: Loot detected in slot 1. Clicking it.
2026-07-17 00:27:14 ThievingPhase: Stall ready. Clicking.
2026-07-17 00:27:15 ThievingPhase: Loot detected in slot 1. Clicking it.
2026-07-17 00:27:17 ThievingPhase: Stall ready. Clicking.
2026-07-17 00:27:18 ThievingPhase: Loot detected in slot 1. Clicking it.
2026-07-17 00:27:20 ThievingPhase: Stall ready. Clicking.
2026-07-17 00:27:21 ThievingPhase: Loot detected in slot 1. Clicking it.
2026-07-17 00:27:23 ThievingPhase: Stall ready. Clicking.
2026-07-17 00:27:24 ThievingPhase: Loot detected in slot 1. Clicking it.
2026-07-17 00:27:26 ThievingPhase: Stall ready. Clicking.
2026-07-17 00:27:27 ThievingPhase: Loot detected in slot 1. Clicking it.
2026-07-17 00:27:29 ThievingPhase: Stall ready. Clicking.
2026-07-17 00:27:30 ThievingPhase: Loot detected in slot 1. Clicking it.
2026-07-17 00:27:32 ThievingPhase: Stall ready. Clicking.
2026-07-17 00:27:33 ThievingPhase: Loot detected in slot 1. Clicking it.
2026-07-17 00:27:35 ThievingPhase: Stall ready. Clicking.
2026-07-17 00:27:36 ThievingPhase: Loot detected in slot 1. Clicking it.
2026-07-17 00:27:38 ThievingPhase: Stall ready. Clicking.
2026-07-17 00:27:39 ThievingPhase: Loot detected in slot 1. Clicking it.
2026-07-17 00:27:41 ThievingPhase: Stall ready. Clicking.
2026-07-17 00:27:42 ThievingPhase: Loot detected in slot 1. Clicking it.
2026-07-17 00:27:44 ThievingPhase: Stall ready. Clicking.
2026-07-17 00:27:45 ThievingPhase: Loot detected in slot 1. Clicking it.
2026-07-17 00:27:47 ThievingPhase: Stall ready. Clicking.
2026-07-17 00:27:48 ThievingPhase: Loot detected in slot 1. Clicking it.
2026-07-17 00:27:50 ThievingPhase: Stall ready. Clicking.
2026-07-17 00:27:51 ThievingPhase: Loot detected in slot 1. Clicking it.
2026-07-17 00:27:53 ThievingPhase: Stall ready. Clicking.
2026-07-17 00:27:54 ThievingPhase: Loot detected in slot 1. Clicking it.
2026-07-17 00:27:56 ThievingPhase: Stall ready. Clicking.
2026-07-17 00:27:57 ThievingPhase: Loot detected in slot 1. Clicking it.
2026-07-17 00:27:59 ThievingPhase: Stall ready. Clicking.
2026-07-17 00:28:00 ThievingPhase: Loot detected in slot 1. Clicking it.
2026-07-17 00:28:02 ThievingPhase: Stall ready. Clicking.
2026-07-17 00:28:03 ThievingPhase: Loot detected in slot 1. Clicking it.
2026-07-17 00:28:05 ThievingPhase: Stall ready. Clicking.
2026-07-17 00:28:06 ThievingPhase: Loot detected in slot 1. Clicking it.
2026-07-17 00:28:08 ThievingPhase: Stall ready. Clicking.
2026-07-17 00:28:09 ThievingPhase: Loot detected in slot 1. Clicking it.
2026-07-17 00:28:11 ThievingPhase: Stall ready. Clicking.
2026-07-17 00:28:12 ThievingPhase: Loot detected in slot 1. Clicking it.
2026-07-17 00:28:14 ThievingPhase: Stall ready. Clicking.
2026-07-17 00:28:15 ThievingPhase: Loot detected in slot 1. Clicking it.
2026-07-17 00:28:17 ThievingPhase: Stall ready. Clicking.
2026-07-17 00:28:18 ThievingPhase: Loot detected in slot 1. Clicking it.
2026-07-17 00:28:20 ThievingPhase: Stall ready. Clicking.
2026-07-17 00:28:21 ThievingPhase: Loot detected in slot 1. Clicking it.
2026-07-17 00:28:23 ThievingPhase: Stall ready. Clicking.
2026-07-17 00:28:24 ThievingPhase: Loot detected in slot 1. Clicking it.
2026-07-17 00:28:26 ThievingPhase: Stall ready. Clicking.
2026-07-17 00:28:27 ThievingPhase: Loot detected in slot 1. Clicking it.
2026-07-17 00:28:29 ThievingPhase: Stall ready. Clicking.
2026-07-17 00:28:30 ThievingPhase: Loot detected in slot 1. Clicking it.
2026-07-17 00:28:32 ThievingPhase: Stall ready. Clicking.
2026-07-17 00:28:33 ThievingPhase: Loot detected in slot 1. Clicking it.
2026-07-17 00:28:35 ThievingPhase: Stall ready. Clicking.
2026-07-17 00:28:36 ThievingPhase: Loot detected in slot 1. Clicking it.
2026-07-17 00:28:38 ThievingPhase: Stall ready. Clicking.
2026-07-17 00:28:39 ThievingPhase: Loot detected in slot 1. Clicking it.
2026-07-17 00:28:41 ThievingPhase: Stall ready. Clicking.
2026-07-17 00:28:42 ThievingPhase: Loot detected in slot 1. Clicking it.
2026-07-17 00:28:44 ThievingPhase: Stall ready. Clicking.
2026-07-17 00:28:45 ThievingPhase: Loot detected in slot 1. Clicking it.
2026-07-17 00:28:47 ThievingPhase: Stall ready. Clicking.
2026-07-17 00:28:48 ThievingPhase: Loot detected in slot 1. Clicking it.
2026-07-17 00:28:50 ThievingPhase: Stall ready. Clicking.
2026-07-17 00:28:51 ThievingPhase: Loot detected in slot 1. Clicking it.
2026-07-17 00:28:53 ThievingPhase: Stall ready. Clicking.
2026-07-17 00:28:54 ThievingPhase: Loot detected in slot 1. Clicking it.
2026-07-17 00:28:56 ThievingPhase: Stall ready. Clicking.
2026-07-17 00:28:57 ThievingPhase: Loot detected in slot 1. Clicking it.
2026-07-17 00:28:59 ThievingPhase: Stall ready. Clicking.
2026-07-17 00:29:00 ThievingPhase: Loot detected in slot 1. Clicking it.
2026-07-17 00:29:02 ThievingPhase: Stall ready. Clicking.
2026-07-17 00:29:03 ThievingPhase: Loot detected in slot 1. Clicking it.
2026-07-17 00:29:05 ThievingPhase: Stall ready. Clicking.
2026-07-17 00:29:06 ThievingPhase: Loot detected in slot 1. Clicking it.
2026-07-17 00:29:08 ThievingPhase: Stall ready. Clicking.
2026-07-17 00:29:09 ThievingPhase: Loot detected in slot 1. Clicking it.
2026-07-17 00:29:11 ThievingPhase: Stall ready. Clicking.
2026-07-17 00:29:13 ThievingPhase: No loot after 2000ms - assuming detected, waiting for combat.
2026-07-17 00:29:17 WaitCombatPhase: No combat signal after 4000ms - retrying
2026-07-17 00:29:17 ThievingPhase: Stall ready. Clicking.
2026-07-17 00:29:19 ThievingPhase: Loot detected in slot 1. Clicking it.
2026-07-17 00:29:20 ThievingPhase: Stall ready. Clicking.
2026-07-17 00:29:22 ThievingPhase: Loot detected in slot 1. Clicking it.
2026-07-17 00:29:23 ThievingPhase: Stall ready. Clicking.
2026-07-17 00:29:24 ThievingPhase: Loot detected in slot 1. Clicking it.
2026-07-17 00:29:26 ThievingPhase: Stall ready. Clicking.
2026-07-17 00:29:28 ThievingPhase: Loot detected in slot 1. Clicking it.
2026-07-17 00:29:29 ThievingPhase: Stall ready. Clicking.
2026-07-17 00:29:31 ThievingPhase: Loot detected in slot 1. Clicking it.
2026-07-17 00:29:32 ThievingPhase: Stall ready. Clicking.
2026-07-17 00:29:34 ThievingPhase: Loot detected in slot 1. Clicking it.
2026-07-17 00:29:36 ThievingPhase: Stall ready. Clicking.
2026-07-17 00:29:37 ThievingPhase: Loot detected in slot 1. Clicking it.
2026-07-17 00:29:39 ThievingPhase: Stall ready. Clicking.
2026-07-17 00:29:40 ThievingPhase: Loot detected in slot 1. Clicking it.
2026-07-17 00:29:42 ThievingPhase: Stall ready. Clicking.
2026-07-17 00:29:43 ThievingPhase: Loot detected in slot 1. Clicking it.
2026-07-17 00:29:45 ThievingPhase: Stall ready. Clicking.
2026-07-17 00:29:46 ThievingPhase: Loot detected in slot 1. Clicking it.
2026-07-17 00:29:48 ThievingPhase: Stall ready. Clicking.
2026-07-17 00:29:49 ThievingPhase: Loot detected in slot 1. Clicking it.
2026-07-17 00:29:51 ThievingPhase: Stall ready. Clicking.
2026-07-17 00:29:52 ThievingPhase: Loot detected in slot 1. Clicking it.
2026-07-17 00:29:54 ThievingPhase: Stall ready. Clicking.
2026-07-17 00:29:55 ThievingPhase: Loot detected in slot 1. Clicking it.
2026-07-17 00:29:57 ThievingPhase: Stall ready. Clicking.
2026-07-17 00:29:58 ThievingPhase: Loot detected in slot 1. Clicking it.
2026-07-17 00:30:00 ThievingPhase: Stall ready. Clicking.
2026-07-17 00:30:01 ThievingPhase: Loot detected in slot 1. Clicking it.
2026-07-17 00:30:03 ThievingPhase: Stall ready. Clicking.
2026-07-17 00:30:04 ThievingPhase: Loot detected in slot 1. Clicking it.
2026-07-17 00:30:06 ThievingPhase: Stall ready. Clicking.
2026-07-17 00:30:07 ThievingPhase: Loot detected in slot 1. Clicking it.
2026-07-17 00:30:09 ThievingPhase: Stall ready. Clicking.
2026-07-17 00:30:11 ThievingPhase: No loot after 2000ms - assuming detected, waiting for combat.
2026-07-17 00:30:15 WaitCombatPhase: No combat signal after 4000ms - retrying
2026-07-17 00:30:16 ThievingPhase: Stall ready. Clicking.
2026-07-17 00:30:17 ThievingPhase: Loot detected in slot 1. Clicking it.
2026-07-17 00:30:19 ThievingPhase: Stall ready. Clicking.
2026-07-17 00:30:20 ThievingPhase: Loot detected in slot 1. Clicking it.
2026-07-17 00:30:22 ThievingPhase: Stall ready. Clicking.
2026-07-17 00:30:23 ThievingPhase: Loot detected in slot 1. Clicking it.
2026-07-17 00:30:25 ThievingPhase: Stall ready. Clicking.
2026-07-17 00:30:26 ThievingPhase: Loot detected in slot 1. Clicking it.
2026-07-17 00:30:28 ThievingPhase: Stall ready. Clicking.
2026-07-17 00:30:29 ThievingPhase: Loot detected in slot 1. Clicking it.
2026-07-17 00:30:31 ThievingPhase: Stall ready. Clicking.
2026-07-17 00:30:32 ThievingPhase: Loot detected in slot 1. Clicking it.
2026-07-17 00:30:34 ThievingPhase: Stall ready. Clicking.
2026-07-17 00:30:35 ThievingPhase: Loot detected in slot 1. Clicking it.
2026-07-17 00:30:37 ThievingPhase: Stall ready. Clicking.
2026-07-17 00:30:38 ThievingPhase: Loot detected in slot 1. Clicking it.
2026-07-17 00:30:40 ThievingPhase: Stall ready. Clicking.
2026-07-17 00:30:41 ThievingPhase: Loot detected in slot 1. Clicking it.
2026-07-17 00:30:43 ThievingPhase: Stall ready. Clicking.
2026-07-17 00:30:44 ThievingPhase: Loot detected in slot 1. Clicking it.
2026-07-17 00:30:46 ThievingPhase: Stall ready. Clicking.
2026-07-17 00:30:47 ThievingPhase: Loot detected in slot 1. Clicking it.
2026-07-17 00:30:48 ThievingPhase: Stall ready. Clicking.
2026-07-17 00:30:50 ThievingPhase: Loot detected in slot 1. Clicking it.
2026-07-17 00:30:52 ThievingPhase: Stall ready. Clicking.
2026-07-17 00:30:53 ThievingPhase: Loot detected in slot 1. Clicking it.
2026-07-17 00:30:55 ThievingPhase: Stall ready. Clicking.
2026-07-17 00:30:56 ThievingPhase: Loot detected in slot 1. Clicking it.
2026-07-17 00:30:58 ThievingPhase: Stall ready. Clicking.
2026-07-17 00:30:59 ThievingPhase: Loot detected in slot 1. Clicking it.
2026-07-17 00:31:00 ThievingPhase: Stall ready. Clicking.
2026-07-17 00:31:02 ThievingPhase: Loot detected in slot 1. Clicking it.
2026-07-17 00:31:04 ThievingPhase: Stall ready. Clicking.
2026-07-17 00:31:05 ThievingPhase: Loot detected in slot 1. Clicking it.
2026-07-17 00:31:06 ThievingPhase: Stall ready. Clicking.
2026-07-17 00:31:08 ThievingPhase: Loot detected in slot 1. Clicking it.
2026-07-17 00:31:10 ThievingPhase: Stall ready. Clicking.
2026-07-17 00:31:11 ThievingPhase: Loot detected in slot 1. Clicking it.
2026-07-17 00:31:13 ThievingPhase: Stall ready. Clicking.
2026-07-17 00:31:14 ThievingPhase: Loot detected in slot 1. Clicking it.
2026-07-17 00:31:16 ThievingPhase: Stall ready. Clicking.
2026-07-17 00:31:18 ThievingPhase: No loot after 2000ms - assuming detected, waiting for combat.
2026-07-17 00:31:22 WaitCombatPhase: No combat signal after 4000ms - retrying
2026-07-17 00:31:22 ThievingPhase: Stall ready. Clicking.
2026-07-17 00:31:23 ThievingPhase: Loot detected in slot 1. Clicking it.
2026-07-17 00:31:25 ThievingPhase: Stall ready. Clicking.
2026-07-17 00:31:26 ThievingPhase: Loot detected in slot 1. Clicking it.
2026-07-17 00:31:28 ThievingPhase: Stall ready. Clicking.
2026-07-17 00:31:29 ThievingPhase: Loot detected in slot 1. Clicking it.
2026-07-17 00:31:31 ThievingPhase: Stall ready. Clicking.
2026-07-17 00:31:32 ThievingPhase: Loot detected in slot 1. Clicking it.
2026-07-17 00:31:34 ThievingPhase: Stall ready. Clicking.
2026-07-17 00:31:36 ThievingPhase: No loot after 2000ms - assuming detected, waiting for combat.
2026-07-17 00:31:41 WaitCombatPhase: No combat signal after 4000ms - retrying
2026-07-17 00:31:41 ThievingPhase: Stall ready. Clicking.
2026-07-17 00:31:42 ThievingPhase: Loot detected in slot 1. Clicking it.
2026-07-17 00:31:44 ThievingPhase: Stall ready. Clicking.
2026-07-17 00:31:45 ThievingPhase: Loot detected in slot 1. Clicking it.
2026-07-17 00:31:47 ThievingPhase: Stall ready. Clicking.
2026-07-17 00:31:48 ThievingPhase: Loot detected in slot 1. Clicking it.
2026-07-17 00:31:50 ThievingPhase: Stall ready. Clicking.
2026-07-17 00:31:51 ThievingPhase: Loot detected in slot 1. Clicking it.
2026-07-17 00:31:53 ThievingPhase: Stall ready. Clicking.
2026-07-17 00:31:54 ThievingPhase: Loot detected in slot 1. Clicking it.
2026-07-17 00:31:56 ThievingPhase: Stall ready. Clicking.
2026-07-17 00:31:57 ThievingPhase: Loot detected in slot 1. Clicking it.
2026-07-17 00:31:59 ThievingPhase: Stall ready. Clicking.
2026-07-17 00:32:00 ThievingPhase: Loot detected in slot 1. Clicking it.
2026-07-17 00:32:02 ThievingPhase: Stall ready. Clicking.
2026-07-17 00:32:03 ThievingPhase: Loot detected in slot 1. Clicking it.
2026-07-17 00:32:05 ThievingPhase: Stall ready. Clicking.
2026-07-17 00:32:06 ThievingPhase: Loot detected in slot 1. Clicking it.
2026-07-17 00:32:08 ThievingPhase: Stall ready. Clicking.
2026-07-17 00:32:09 ThievingPhase: Loot detected in slot 1. Clicking it.
2026-07-17 00:32:11 ThievingPhase: Stall ready. Clicking.
2026-07-17 00:32:12 ThievingPhase: Loot detected in slot 1. Clicking it.
2026-07-17 00:32:14 ThievingPhase: Stall ready. Clicking.
2026-07-17 00:32:15 ThievingPhase: Loot detected in slot 1. Clicking it.
2026-07-17 00:32:17 ThievingPhase: Stall ready. Clicking.
2026-07-17 00:32:18 ThievingPhase: Loot detected in slot 1. Clicking it.
2026-07-17 00:32:20 ThievingPhase: Stall ready. Clicking.
2026-07-17 00:32:21 ThievingPhase: Loot detected in slot 1. Clicking it.
2026-07-17 00:32:23 ThievingPhase: Stall ready. Clicking.
2026-07-17 00:32:24 ThievingPhase: Loot detected in slot 1. Clicking it.
2026-07-17 00:32:26 ThievingPhase: Stall ready. Clicking.
2026-07-17 00:32:27 ThievingPhase: Loot detected in slot 1. Clicking it.
2026-07-17 00:32:29 ThievingPhase: Stall ready. Clicking.
2026-07-17 00:32:30 ThievingPhase: Loot detected in slot 1. Clicking it.
2026-07-17 00:32:32 ThievingPhase: Stall ready. Clicking.
2026-07-17 00:32:33 ThievingPhase: Loot detected in slot 1. Clicking it.
2026-07-17 00:32:35 ThievingPhase: Stall ready. Clicking.
2026-07-17 00:32:36 ThievingPhase: Loot detected in slot 1. Clicking it.
2026-07-17 00:32:38 ThievingPhase: Stall ready. Clicking.
2026-07-17 00:32:39 ThievingPhase: Loot detected in slot 1. Clicking it.
2026-07-17 00:32:41 ThievingPhase: Stall ready. Clicking.
2026-07-17 00:32:42 ThievingPhase: Loot detected in slot 1. Clicking it.
2026-07-17 00:32:44 ThievingPhase: Stall ready. Clicking.
2026-07-17 00:32:45 ThievingPhase: Loot detected in slot 1. Clicking it.
2026-07-17 00:32:47 ThievingPhase: Stall ready. Clicking.
2026-07-17 00:32:48 ThievingPhase: Loot detected in slot 1. Clicking it.
2026-07-17 00:32:50 ThievingPhase: Stall ready. Clicking.
2026-07-17 00:32:51 ThievingPhase: Loot detected in slot 1. Clicking it.
2026-07-17 00:32:53 ThievingPhase: Stall ready. Clicking.
2026-07-17 00:32:54 ThievingPhase: Loot detected in slot 1. Clicking it.
2026-07-17 00:32:56 ThievingPhase: Stall ready. Clicking.
2026-07-17 00:32:57 ThievingPhase: Loot detected in slot 1. Clicking it.
2026-07-17 00:32:59 ThievingPhase: Stall ready. Clicking.
2026-07-17 00:33:01 ThievingPhase: No loot after 2000ms - assuming detected, waiting for combat.
2026-07-17 00:33:05 WaitCombatPhase: No combat signal after 4000ms - retrying
2026-07-17 00:33:05 ThievingPhase: Stall ready. Clicking.
2026-07-17 00:33:07 ThievingPhase: Loot detected in slot 1. Clicking it.
2026-07-17 00:33:08 ThievingPhase: Stall ready. Clicking.
2026-07-17 00:33:10 ThievingPhase: Loot detected in slot 1. Clicking it.
2026-07-17 00:33:11 ThievingPhase: Stall ready. Clicking.
2026-07-17 00:33:13 ThievingPhase: Loot detected in slot 1. Clicking it.
2026-07-17 00:33:14 ThievingPhase: Stall ready. Clicking.
2026-07-17 00:33:16 ThievingPhase: Loot detected in slot 1. Clicking it.
2026-07-17 00:33:17 ThievingPhase: Stall ready. Clicking.
2026-07-17 00:33:19 ThievingPhase: Loot detected in slot 1. Clicking it.
2026-07-17 00:33:21 ThievingPhase: Stall ready. Clicking.
2026-07-17 00:33:22 ThievingPhase: Loot detected in slot 1. Clicking it.
2026-07-17 00:33:23 ThievingPhase: Stall ready. Clicking.
2026-07-17 00:33:25 ThievingPhase: Loot detected in slot 1. Clicking it.
2026-07-17 00:33:26 ThievingPhase: Stall ready. Clicking.
2026-07-17 00:33:28 ThievingPhase: Loot detected in slot 1. Clicking it.
2026-07-17 00:33:29 ThievingPhase: Stall ready. Clicking.
2026-07-17 00:33:31 ThievingPhase: Loot detected in slot 1. Clicking it.
2026-07-17 00:33:32 ThievingPhase: Stall ready. Clicking.
2026-07-17 00:33:34 ThievingPhase: Loot detected in slot 1. Clicking it.
2026-07-17 00:33:35 ThievingPhase: Stall ready. Clicking.
2026-07-17 00:33:37 ThievingPhase: Loot detected in slot 1. Clicking it.
2026-07-17 00:33:38 ThievingPhase: Stall ready. Clicking.
2026-07-17 00:33:40 ThievingPhase: Loot detected in slot 1. Clicking it.
2026-07-17 00:33:42 ThievingPhase: Stall ready. Clicking.
2026-07-17 00:33:43 ThievingPhase: Loot detected in slot 1. Clicking it.
2026-07-17 00:33:44 ThievingPhase: Stall ready. Clicking.
2026-07-17 00:33:46 ThievingPhase: Loot detected in slot 1. Clicking it.
2026-07-17 00:33:47 ThievingPhase: Stall ready. Clicking.
2026-07-17 00:33:49 ThievingPhase: Loot detected in slot 1. Clicking it.
2026-07-17 00:33:50 ThievingPhase: Stall ready. Clicking.
2026-07-17 00:33:52 ThievingPhase: Loot detected in slot 1. Clicking it.
2026-07-17 00:33:53 ThievingPhase: Stall ready. Clicking.
2026-07-17 00:33:55 ThievingPhase: Loot detected in slot 1. Clicking it.
2026-07-17 00:33:56 ThievingPhase: Stall ready. Clicking.
2026-07-17 00:33:58 ThievingPhase: Loot detected in slot 1. Clicking it.
2026-07-17 00:34:00 ThievingPhase: Stall ready. Clicking.
2026-07-17 00:34:01 ThievingPhase: Loot detected in slot 1. Clicking it.
2026-07-17 00:34:02 ThievingPhase: Stall ready. Clicking.
2026-07-17 00:34:04 ThievingPhase: Loot detected in slot 1. Clicking it.
2026-07-17 00:34:05 ThievingPhase: Stall ready. Clicking.
2026-07-17 00:34:07 ThievingPhase: Loot detected in slot 1. Clicking it.
2026-07-17 00:34:08 ThievingPhase: Stall ready. Clicking.
2026-07-17 00:34:10 ThievingPhase: Loot detected in slot 1. Clicking it.
2026-07-17 00:34:11 ThievingPhase: Stall ready. Clicking.
2026-07-17 00:34:13 ThievingPhase: Loot detected in slot 1. Clicking it.
2026-07-17 00:34:14 ThievingPhase: Stall ready. Clicking.
2026-07-17 00:34:16 ThievingPhase: Loot detected in slot 1. Clicking it.
2026-07-17 00:34:17 ThievingPhase: Stall ready. Clicking.
2026-07-17 00:34:19 ThievingPhase: Loot detected in slot 1. Clicking it.
2026-07-17 00:34:20 ThievingPhase: Stall ready. Clicking.
2026-07-17 00:34:22 ThievingPhase: Loot detected in slot 1. Clicking it.
2026-07-17 00:34:23 ThievingPhase: Stall ready. Clicking.
2026-07-17 00:34:25 ThievingPhase: Loot detected in slot 1. Clicking it.
2026-07-17 00:34:26 ThievingPhase: Stall ready. Clicking.
2026-07-17 00:34:29 ThievingPhase: No loot after 2000ms - assuming detected, waiting for combat.
2026-07-17 00:34:33 WaitCombatPhase: No combat signal after 4000ms - retrying
2026-07-17 00:34:33 ThievingPhase: Stall ready. Clicking.
2026-07-17 00:34:34 ThievingPhase: Loot detected in slot 1. Clicking it.
2026-07-17 00:34:36 ThievingPhase: Stall ready. Clicking.
2026-07-17 00:34:37 ThievingPhase: Loot detected in slot 1. Clicking it.
2026-07-17 00:34:39 ThievingPhase: Stall ready. Clicking.
2026-07-17 00:34:40 ThievingPhase: Loot detected in slot 1. Clicking it.
2026-07-17 00:34:42 ThievingPhase: Stall ready. Clicking.
2026-07-17 00:34:43 ThievingPhase: Loot detected in slot 1. Clicking it.
2026-07-17 00:34:45 ThievingPhase: Stall ready. Clicking.
2026-07-17 00:34:46 ThievingPhase: Loot detected in slot 1. Clicking it.
2026-07-17 00:34:48 ThievingPhase: Stall ready. Clicking.
2026-07-17 00:34:49 ThievingPhase: Loot detected in slot 1. Clicking it.
2026-07-17 00:34:51 ThievingPhase: Stall ready. Clicking.
2026-07-17 00:34:52 ThievingPhase: Loot detected in slot 1. Clicking it.
2026-07-17 00:34:54 ThievingPhase: Stall ready. Clicking.
2026-07-17 00:34:55 ThievingPhase: Loot detected in slot 1. Clicking it.
2026-07-17 00:34:57 ThievingPhase: Stall ready. Clicking.
2026-07-17 00:34:58 ThievingPhase: Loot detected in slot 1. Clicking it.
2026-07-17 00:35:00 ThievingPhase: Stall ready. Clicking.
2026-07-17 00:35:01 ThievingPhase: Loot detected in slot 1. Clicking it.
2026-07-17 00:35:03 ThievingPhase: Stall ready. Clicking.
2026-07-17 00:35:04 ThievingPhase: Loot detected in slot 1. Clicking it.
2026-07-17 00:35:06 ThievingPhase: Stall ready. Clicking.
2026-07-17 00:35:07 ThievingPhase: Loot detected in slot 1. Clicking it.
2026-07-17 00:35:09 ThievingPhase: Stall ready. Clicking.
2026-07-17 00:35:10 ThievingPhase: Loot detected in slot 1. Clicking it.
2026-07-17 00:35:12 ThievingPhase: Stall ready. Clicking.
2026-07-17 00:35:13 ThievingPhase: Loot detected in slot 1. Clicking it.
2026-07-17 00:35:15 ThievingPhase: Stall ready. Clicking.
2026-07-17 00:35:16 ThievingPhase: Loot detected in slot 1. Clicking it.
2026-07-17 00:35:18 ThievingPhase: Stall ready. Clicking.
2026-07-17 00:35:19 ThievingPhase: Loot detected in slot 1. Clicking it.
2026-07-17 00:35:21 ThievingPhase: Stall ready. Clicking.
2026-07-17 00:35:22 ThievingPhase: Loot detected in slot 1. Clicking it.
2026-07-17 00:35:24 ThievingPhase: Stall ready. Clicking.
2026-07-17 00:35:25 ThievingPhase: Loot detected in slot 1. Clicking it.
2026-07-17 00:35:27 ThievingPhase: Stall ready. Clicking.
2026-07-17 00:35:28 ThievingPhase: Loot detected in slot 1. Clicking it.
2026-07-17 00:35:30 ThievingPhase: Stall ready. Clicking.
2026-07-17 00:35:31 ThievingPhase: Loot detected in slot 1. Clicking it.
2026-07-17 00:35:33 ThievingPhase: Stall ready. Clicking.
2026-07-17 00:35:34 ThievingPhase: Loot detected in slot 1. Clicking it.
2026-07-17 00:35:36 ThievingPhase: Stall ready. Clicking.
2026-07-17 00:35:37 ThievingPhase: Loot detected in slot 1. Clicking it.
2026-07-17 00:35:39 ThievingPhase: Stall ready. Clicking.
2026-07-17 00:35:40 ThievingPhase: Loot detected in slot 1. Clicking it.
2026-07-17 00:35:42 ThievingPhase: Stall ready. Clicking.
2026-07-17 00:35:43 ThievingPhase: Loot detected in slot 1. Clicking it.
2026-07-17 00:35:45 ThievingPhase: Stall ready. Clicking.
2026-07-17 00:35:46 ThievingPhase: Loot detected in slot 1. Clicking it.
2026-07-17 00:35:48 ThievingPhase: Stall ready. Clicking.
2026-07-17 00:35:49 ThievingPhase: Loot detected in slot 1. Clicking it.
2026-07-17 00:35:51 ThievingPhase: Stall ready. Clicking.
2026-07-17 00:35:52 ThievingPhase: Loot detected in slot 1. Clicking it.
2026-07-17 00:35:54 ThievingPhase: Stall ready. Clicking.
2026-07-17 00:35:55 ThievingPhase: Loot detected in slot 1. Clicking it.
2026-07-17 00:35:57 ThievingPhase: Stall ready. Clicking.
2026-07-17 00:35:58 ThievingPhase: Loot detected in slot 1. Clicking it.
2026-07-17 00:36:00 ThievingPhase: Stall ready. Clicking.
2026-07-17 00:36:01 ThievingPhase: Loot detected in slot 1. Clicking it.
2026-07-17 00:36:03 ThievingPhase: Stall ready. Clicking.
2026-07-17 00:36:04 ThievingPhase: Loot detected in slot 1. Clicking it.
2026-07-17 00:36:06 ThievingPhase: Stall ready. Clicking.
2026-07-17 00:36:07 ThievingPhase: Loot detected in slot 1. Clicking it.
2026-07-17 00:36:09 ThievingPhase: Stall ready. Clicking.
2026-07-17 00:36:10 ThievingPhase: Loot detected in slot 1. Clicking it.
2026-07-17 00:36:12 ThievingPhase: Stall ready. Clicking.
2026-07-17 00:36:13 ThievingPhase: Loot detected in slot 1. Clicking it.
2026-07-17 00:36:15 ThievingPhase: Stall ready. Clicking.
2026-07-17 00:36:16 ThievingPhase: Loot detected in slot 1. Clicking it.
2026-07-17 00:36:18 ThievingPhase: Stall ready. Clicking.
2026-07-17 00:36:19 ThievingPhase: Loot detected in slot 1. Clicking it.
2026-07-17 00:36:21 ThievingPhase: Stall ready. Clicking.
2026-07-17 00:36:23 ThievingPhase: No loot after 2000ms - assuming detected, waiting for combat.
2026-07-17 00:36:28 WaitCombatPhase: No combat signal after 4000ms - retrying
2026-07-17 00:36:28 ThievingPhase: Stall ready. Clicking.
2026-07-17 00:36:29 ThievingPhase: Loot detected in slot 1. Clicking it.
2026-07-17 00:36:31 ThievingPhase: Stall ready. Clicking.
2026-07-17 00:36:32 ThievingPhase: Loot detected in slot 1. Clicking it.
2026-07-17 00:36:34 ThievingPhase: Stall ready. Clicking.
2026-07-17 00:36:35 ThievingPhase: Loot detected in slot 1. Clicking it.
2026-07-17 00:36:37 ThievingPhase: Stall ready. Clicking.
2026-07-17 00:36:38 ThievingPhase: Loot detected in slot 1. Clicking it.
2026-07-17 00:36:40 ThievingPhase: Stall ready. Clicking.
2026-07-17 00:36:41 ThievingPhase: Loot detected in slot 1. Clicking it.
2026-07-17 00:36:43 ThievingPhase: Stall ready. Clicking.
2026-07-17 00:36:44 ThievingPhase: Loot detected in slot 1. Clicking it.
2026-07-17 00:36:46 ThievingPhase: Stall ready. Clicking.
2026-07-17 00:36:47 ThievingPhase: Loot detected in slot 1. Clicking it.
2026-07-17 00:36:49 ThievingPhase: Stall ready. Clicking.
2026-07-17 00:36:50 ThievingPhase: Loot detected in slot 1. Clicking it.
2026-07-17 00:36:52 ThievingPhase: Stall ready. Clicking.
2026-07-17 00:36:53 ThievingPhase: Loot detected in slot 1. Clicking it.
2026-07-17 00:36:55 ThievingPhase: Stall ready. Clicking.
2026-07-17 00:36:56 ThievingPhase: Loot detected in slot 1. Clicking it.
2026-07-17 00:36:58 ThievingPhase: Stall ready. Clicking.
2026-07-17 00:36:59 ThievingPhase: Loot detected in slot 1. Clicking it.
2026-07-17 00:37:01 ThievingPhase: Stall ready. Clicking.
2026-07-17 00:37:02 ThievingPhase: Loot detected in slot 1. Clicking it.
2026-07-17 00:37:04 ThievingPhase: Stall ready. Clicking.
2026-07-17 00:37:05 ThievingPhase: Loot detected in slot 1. Clicking it.
2026-07-17 00:37:07 ThievingPhase: Stall ready. Clicking.
2026-07-17 00:37:08 ThievingPhase: Loot detected in slot 1. Clicking it.
2026-07-17 00:37:10 ThievingPhase: Stall ready. Clicking.
2026-07-17 00:37:11 ThievingPhase: Loot detected in slot 1. Clicking it.
2026-07-17 00:37:13 ThievingPhase: Stall ready. Clicking.
2026-07-17 00:37:14 ThievingPhase: Loot detected in slot 1. Clicking it.
2026-07-17 00:37:16 ThievingPhase: Stall ready. Clicking.
2026-07-17 00:37:17 ThievingPhase: Loot detected in slot 1. Clicking it.
2026-07-17 00:37:19 ThievingPhase: Stall ready. Clicking.
2026-07-17 00:37:20 ThievingPhase: Loot detected in slot 1. Clicking it.
2026-07-17 00:37:22 ThievingPhase: Stall ready. Clicking.
2026-07-17 00:37:23 ThievingPhase: Loot detected in slot 1. Clicking it.
2026-07-17 00:37:25 ThievingPhase: Stall ready. Clicking.
2026-07-17 00:37:26 ThievingPhase: Loot detected in slot 1. Clicking it.
2026-07-17 00:37:28 ThievingPhase: Stall ready. Clicking.
2026-07-17 00:37:29 ThievingPhase: Loot detected in slot 1. Clicking it.
2026-07-17 00:37:31 ThievingPhase: Stall ready. Clicking.
2026-07-17 00:37:32 ThievingPhase: Loot detected in slot 1. Clicking it.
2026-07-17 00:37:34 ThievingPhase: Stall ready. Clicking.
2026-07-17 00:37:35 ThievingPhase: Loot detected in slot 1. Clicking it.
2026-07-17 00:37:37 ThievingPhase: Stall ready. Clicking.
2026-07-17 00:37:38 ThievingPhase: Loot detected in slot 1. Clicking it.
2026-07-17 00:37:40 ThievingPhase: Stall ready. Clicking.
2026-07-17 00:37:41 ThievingPhase: Loot detected in slot 1. Clicking it.
2026-07-17 00:37:43 ThievingPhase: Stall ready. Clicking.
2026-07-17 00:37:44 ThievingPhase: Loot detected in slot 1. Clicking it.
2026-07-17 00:37:46 ThievingPhase: Stall ready. Clicking.
2026-07-17 00:37:47 ThievingPhase: Loot detected in slot 1. Clicking it.
2026-07-17 00:37:49 ThievingPhase: Stall ready. Clicking.
2026-07-17 00:37:50 ThievingPhase: Loot detected in slot 1. Clicking it.
2026-07-17 00:37:52 ThievingPhase: Stall ready. Clicking.
2026-07-17 00:37:53 ThievingPhase: Loot detected in slot 1. Clicking it.
2026-07-17 00:37:55 ThievingPhase: Stall ready. Clicking.
2026-07-17 00:37:56 ThievingPhase: Loot detected in slot 1. Clicking it.
2026-07-17 00:37:58 ThievingPhase: Stall ready. Clicking.
2026-07-17 00:37:59 ThievingPhase: Loot detected in slot 1. Clicking it.
2026-07-17 00:38:01 ThievingPhase: Stall ready. Clicking.
2026-07-17 00:38:02 ThievingPhase: Loot detected in slot 1. Clicking it.
2026-07-17 00:38:04 ThievingPhase: Stall ready. Clicking.
2026-07-17 00:38:05 ThievingPhase: Loot detected in slot 1. Clicking it.
2026-07-17 00:38:07 ThievingPhase: Stall ready. Clicking.
2026-07-17 00:38:08 ThievingPhase: Loot detected in slot 1. Clicking it.
2026-07-17 00:38:10 ThievingPhase: Stall ready. Clicking.
2026-07-17 00:38:12 ThievingPhase: Loot detected in slot 1. Clicking it.
2026-07-17 00:38:13 ThievingPhase: Stall ready. Clicking.
2026-07-17 00:38:14 ThievingPhase: Loot detected in slot 1. Clicking it.
2026-07-17 00:38:16 ThievingPhase: Stall ready. Clicking.
2026-07-17 00:38:17 ThievingPhase: Loot detected in slot 1. Clicking it.
2026-07-17 00:38:19 ThievingPhase: Stall ready. Clicking.
2026-07-17 00:38:21 ThievingPhase: Loot detected in slot 1. Clicking it.
2026-07-17 00:38:22 ThievingPhase: Stall ready. Clicking.
2026-07-17 00:38:23 ThievingPhase: Loot detected in slot 1. Clicking it.
2026-07-17 00:38:25 ThievingPhase: Stall ready. Clicking.
2026-07-17 00:38:27 ThievingPhase: Loot detected in slot 1. Clicking it.
2026-07-17 00:38:28 ThievingPhase: Stall ready. Clicking.
2026-07-17 00:38:29 ThievingPhase: Loot detected in slot 1. Clicking it.
2026-07-17 00:38:31 ThievingPhase: Stall ready. Clicking.
2026-07-17 00:38:33 ThievingPhase: Loot detected in slot 1. Clicking it.
2026-07-17 00:38:34 ThievingPhase: Stall ready. Clicking.
2026-07-17 00:38:35 ThievingPhase: Loot detected in slot 1. Clicking it.
2026-07-17 00:38:37 ThievingPhase: Stall ready. Clicking.
2026-07-17 00:38:38 ThievingPhase: Loot detected in slot 1. Clicking it.
2026-07-17 00:38:40 ThievingPhase: Stall ready. Clicking.
2026-07-17 00:38:41 ThievingPhase: Loot detected in slot 1. Clicking it.
2026-07-17 00:38:43 ThievingPhase: Stall ready. Clicking.
2026-07-17 00:38:44 ThievingPhase: Loot detected in slot 1. Clicking it.
2026-07-17 00:38:46 ThievingPhase: Stall ready. Clicking.
2026-07-17 00:38:47 ThievingPhase: Loot detected in slot 1. Clicking it.
2026-07-17 00:38:49 ThievingPhase: Stall ready. Clicking.
2026-07-17 00:38:51 ThievingPhase: Loot detected in slot 1. Clicking it.
2026-07-17 00:38:52 ThievingPhase: Stall ready. Clicking.
2026-07-17 00:38:53 ThievingPhase: Loot detected in slot 1. Clicking it.
2026-07-17 00:38:55 ThievingPhase: Stall ready. Clicking.
2026-07-17 00:38:57 ThievingPhase: Loot detected in slot 1. Clicking it.
2026-07-17 00:38:58 ThievingPhase: Stall ready. Clicking.
2026-07-17 00:38:59 ThievingPhase: Loot detected in slot 1. Clicking it.
2026-07-17 00:39:01 ThievingPhase: Stall ready. Clicking.
2026-07-17 00:39:02 ThievingPhase: Loot detected in slot 1. Clicking it.
2026-07-17 00:39:04 ThievingPhase: Stall ready. Clicking.
2026-07-17 00:39:06 ThievingPhase: Loot detected in slot 1. Clicking it.
2026-07-17 00:39:07 ThievingPhase: Stall ready. Clicking.
2026-07-17 00:39:08 ThievingPhase: Loot detected in slot 1. Clicking it.
2026-07-17 00:39:10 ThievingPhase: Stall ready. Clicking.
2026-07-17 00:39:12 ThievingPhase: Loot detected in slot 1. Clicking it.
2026-07-17 00:39:13 ThievingPhase: Stall ready. Clicking.
2026-07-17 00:39:14 ThievingPhase: Loot detected in slot 1. Clicking it.
2026-07-17 00:39:16 ThievingPhase: Stall ready. Clicking.
2026-07-17 00:39:17 ThievingPhase: Loot detected in slot 1. Clicking it.
2026-07-17 00:39:19 ThievingPhase: Stall ready. Clicking.
2026-07-17 00:39:21 ThievingPhase: Loot detected in slot 1. Clicking it.
2026-07-17 00:39:22 ThievingPhase: Stall ready. Clicking.
2026-07-17 00:39:23 ThievingPhase: Loot detected in slot 1. Clicking it.
2026-07-17 00:39:25 ThievingPhase: Stall ready. Clicking.
2026-07-17 00:39:27 ThievingPhase: Loot detected in slot 1. Clicking it.
2026-07-17 00:39:28 ThievingPhase: Stall ready. Clicking.
2026-07-17 00:39:29 ThievingPhase: Loot detected in slot 1. Clicking it.
2026-07-17 00:39:31 ThievingPhase: Stall ready. Clicking.
2026-07-17 00:39:33 ThievingPhase: Loot detected in slot 1. Clicking it.
2026-07-17 00:39:34 ThievingPhase: Stall ready. Clicking.
2026-07-17 00:39:35 ThievingPhase: Loot detected in slot 1. Clicking it.
2026-07-17 00:39:37 ThievingPhase: Stall ready. Clicking.
2026-07-17 00:39:39 ThievingPhase: Loot detected in slot 1. Clicking it.
2026-07-17 00:39:40 ThievingPhase: Stall ready. Clicking.
2026-07-17 00:39:41 ThievingPhase: Loot detected in slot 1. Clicking it.
2026-07-17 00:39:43 ThievingPhase: Stall ready. Clicking.
2026-07-17 00:39:44 ThievingPhase: Loot detected in slot 1. Clicking it.
2026-07-17 00:39:46 ThievingPhase: Stall ready. Clicking.
2026-07-17 00:39:48 ThievingPhase: Loot detected in slot 1. Clicking it.
2026-07-17 00:39:49 ThievingPhase: Stall ready. Clicking.
2026-07-17 00:39:51 ThievingPhase: Loot detected in slot 1. Clicking it.
2026-07-17 00:39:52 ThievingPhase: Stall ready. Clicking.
2026-07-17 00:39:53 ThievingPhase: Loot detected in slot 1. Clicking it.
2026-07-17 00:39:55 ThievingPhase: Stall ready. Clicking.
2026-07-17 00:39:56 ThievingPhase: Loot detected in slot 1. Clicking it.
2026-07-17 00:39:58 ThievingPhase: Stall ready. Clicking.
2026-07-17 00:39:59 ThievingPhase: Loot detected in slot 1. Clicking it.
2026-07-17 00:40:01 ThievingPhase: Stall ready. Clicking.
2026-07-17 00:40:02 ThievingPhase: Loot detected in slot 1. Clicking it.
2026-07-17 00:40:04 ThievingPhase: Stall ready. Clicking.
2026-07-17 00:40:05 ThievingPhase: Loot detected in slot 1. Clicking it.
2026-07-17 00:40:07 ThievingPhase: Stall ready. Clicking.
2026-07-17 00:40:08 ThievingPhase: Loot detected in slot 1. Clicking it.
2026-07-17 00:40:10 ThievingPhase: Stall ready. Clicking.
2026-07-17 00:40:12 ThievingPhase: Loot detected in slot 1. Clicking it.
2026-07-17 00:40:13 ThievingPhase: Stall ready. Clicking.
2026-07-17 00:40:14 ThievingPhase: Loot detected in slot 1. Clicking it.
2026-07-17 00:40:16 ThievingPhase: Stall ready. Clicking.
2026-07-17 00:40:17 ThievingPhase: Loot detected in slot 1. Clicking it.
2026-07-17 00:40:19 ThievingPhase: Stall ready. Clicking.
2026-07-17 00:40:20 ThievingPhase: Loot detected in slot 1. Clicking it.
2026-07-17 00:40:22 ThievingPhase: Stall ready. Clicking.
2026-07-17 00:40:24 ThievingPhase: Loot detected in slot 1. Clicking it.
2026-07-17 00:40:25 ThievingPhase: Stall ready. Clicking.
2026-07-17 00:40:26 ThievingPhase: Loot detected in slot 1. Clicking it.
2026-07-17 00:40:28 ThievingPhase: Stall ready. Clicking.
2026-07-17 00:40:31 ThievingPhase: No loot after 2000ms - assuming detected, waiting for combat.
2026-07-17 00:40:35 WaitCombatPhase: No combat signal after 4000ms - retrying
2026-07-17 00:40:35 ThievingPhase: Stall ready. Clicking.
2026-07-17 00:40:36 ThievingPhase: Loot detected in slot 1. Clicking it.
2026-07-17 00:40:38 ThievingPhase: Stall ready. Clicking.
2026-07-17 00:40:39 ThievingPhase: Loot detected in slot 1. Clicking it.
2026-07-17 00:40:41 ThievingPhase: Stall ready. Clicking.
2026-07-17 00:40:42 ThievingPhase: Loot detected in slot 1. Clicking it.
2026-07-17 00:40:44 ThievingPhase: Stall ready. Clicking.
2026-07-17 00:40:45 ThievingPhase: Loot detected in slot 1. Clicking it.
2026-07-17 00:40:47 ThievingPhase: Stall ready. Clicking.
2026-07-17 00:40:48 ThievingPhase: Loot detected in slot 1. Clicking it.
2026-07-17 00:40:50 ThievingPhase: Stall ready. Clicking.
2026-07-17 00:40:51 ThievingPhase: Loot detected in slot 1. Clicking it.
2026-07-17 00:40:53 ThievingPhase: Stall ready. Clicking.
2026-07-17 00:40:54 ThievingPhase: Loot detected in slot 1. Clicking it.
2026-07-17 00:40:56 ThievingPhase: Stall ready. Clicking.
2026-07-17 00:40:57 ThievingPhase: Loot detected in slot 1. Clicking it.
2026-07-17 00:40:59 ThievingPhase: Stall ready. Clicking.
2026-07-17 00:41:00 ThievingPhase: Loot detected in slot 1. Clicking it.
2026-07-17 00:41:02 ThievingPhase: Stall ready. Clicking.
2026-07-17 00:41:03 ThievingPhase: Loot detected in slot 1. Clicking it.
2026-07-17 00:41:05 ThievingPhase: Stall ready. Clicking.
2026-07-17 00:41:06 ThievingPhase: Loot detected in slot 1. Clicking it.
2026-07-17 00:41:08 ThievingPhase: Stall ready. Clicking.
2026-07-17 00:41:09 ThievingPhase: Loot detected in slot 1. Clicking it.
2026-07-17 00:41:11 ThievingPhase: Stall ready. Clicking.
2026-07-17 00:41:12 ThievingPhase: Loot detected in slot 1. Clicking it.
2026-07-17 00:41:14 ThievingPhase: Stall ready. Clicking.
2026-07-17 00:41:15 ThievingPhase: Loot detected in slot 1. Clicking it.
2026-07-17 00:41:17 ThievingPhase: Stall ready. Clicking.
2026-07-17 00:41:18 ThievingPhase: Loot detected in slot 1. Clicking it.
2026-07-17 00:41:20 ThievingPhase: Stall ready. Clicking.
2026-07-17 00:41:21 ThievingPhase: Loot detected in slot 1. Clicking it.
2026-07-17 00:41:23 ThievingPhase: Stall ready. Clicking.
2026-07-17 00:41:24 ThievingPhase: Loot detected in slot 1. Clicking it.
2026-07-17 00:41:26 ThievingPhase: Stall ready. Clicking.
2026-07-17 00:41:27 ThievingPhase: Loot detected in slot 1. Clicking it.
2026-07-17 00:41:29 ThievingPhase: Stall ready. Clicking.
2026-07-17 00:41:30 ThievingPhase: Loot detected in slot 1. Clicking it.
2026-07-17 00:41:32 ThievingPhase: Stall ready. Clicking.
2026-07-17 00:41:33 ThievingPhase: Loot detected in slot 1. Clicking it.
2026-07-17 00:41:35 ThievingPhase: Stall ready. Clicking.
2026-07-17 00:41:36 ThievingPhase: Loot detected in slot 1. Clicking it.
2026-07-17 00:41:38 ThievingPhase: Stall ready. Clicking.
2026-07-17 00:41:39 ThievingPhase: Loot detected in slot 1. Clicking it.
2026-07-17 00:41:41 ThievingPhase: Stall ready. Clicking.
2026-07-17 00:41:42 ThievingPhase: Loot detected in slot 1. Clicking it.
2026-07-17 00:41:44 ThievingPhase: Stall ready. Clicking.
2026-07-17 00:41:45 ThievingPhase: Loot detected in slot 1. Clicking it.
2026-07-17 00:41:47 ThievingPhase: Stall ready. Clicking.
2026-07-17 00:41:48 ThievingPhase: Loot detected in slot 1. Clicking it.
2026-07-17 00:41:50 ThievingPhase: Stall ready. Clicking.
2026-07-17 00:41:51 ThievingPhase: Loot detected in slot 1. Clicking it.
2026-07-17 00:41:53 ThievingPhase: Stall ready. Clicking.
2026-07-17 00:41:54 ThievingPhase: Loot detected in slot 1. Clicking it.
2026-07-17 00:41:56 ThievingPhase: Stall ready. Clicking.
2026-07-17 00:41:58 ThievingPhase: Loot detected in slot 1. Clicking it.
2026-07-17 00:42:00 ThievingPhase: Stall ready. Clicking.
2026-07-17 00:42:01 ThievingPhase: Loot detected in slot 1. Clicking it.
2026-07-17 00:42:02 ThievingPhase: Stall ready. Clicking.
2026-07-17 00:42:04 ThievingPhase: Loot detected in slot 1. Clicking it.
2026-07-17 00:42:06 ThievingPhase: Stall ready. Clicking.
2026-07-17 00:42:07 ThievingPhase: Loot detected in slot 1. Clicking it.
2026-07-17 00:42:08 ThievingPhase: Stall ready. Clicking.
2026-07-17 00:42:10 ThievingPhase: Loot detected in slot 1. Clicking it.
2026-07-17 00:42:11 ThievingPhase: Stall ready. Clicking.
2026-07-17 00:42:13 ThievingPhase: Loot detected in slot 1. Clicking it.
2026-07-17 00:42:14 ThievingPhase: Stall ready. Clicking.
2026-07-17 00:42:16 ThievingPhase: Loot detected in slot 1. Clicking it.
2026-07-17 00:42:17 ThievingPhase: Stall ready. Clicking.
2026-07-17 00:42:19 ThievingPhase: Loot detected in slot 1. Clicking it.
2026-07-17 00:42:20 ThievingPhase: Stall ready. Clicking.
2026-07-17 00:42:22 ThievingPhase: Loot detected in slot 1. Clicking it.
2026-07-17 00:42:23 ThievingPhase: Stall ready. Clicking.
2026-07-17 00:42:25 ThievingPhase: Loot detected in slot 1. Clicking it.
2026-07-17 00:42:26 ThievingPhase: Stall ready. Clicking.
2026-07-17 00:42:28 ThievingPhase: Loot detected in slot 1. Clicking it.
2026-07-17 00:42:29 ThievingPhase: Stall ready. Clicking.
2026-07-17 00:42:31 ThievingPhase: Loot detected in slot 1. Clicking it.
2026-07-17 00:42:32 ThievingPhase: Stall ready. Clicking.
2026-07-17 00:42:34 ThievingPhase: Loot detected in slot 1. Clicking it.
2026-07-17 00:42:36 ThievingPhase: Stall ready. Clicking.
2026-07-17 00:42:37 ThievingPhase: Loot detected in slot 1. Clicking it.
2026-07-17 00:42:38 ThievingPhase: Stall ready. Clicking.
2026-07-17 00:42:40 ThievingPhase: Loot detected in slot 1. Clicking it.
2026-07-17 00:42:42 ThievingPhase: Stall ready. Clicking.
2026-07-17 00:42:43 ThievingPhase: Loot detected in slot 1. Clicking it.
2026-07-17 00:42:44 ThievingPhase: Stall ready. Clicking.
2026-07-17 00:42:46 ThievingPhase: Loot detected in slot 1. Clicking it.
2026-07-17 00:42:47 ThievingPhase: Stall ready. Clicking.
2026-07-17 00:42:49 ThievingPhase: Loot detected in slot 1. Clicking it.
2026-07-17 00:42:50 ThievingPhase: Stall ready. Clicking.
2026-07-17 00:42:52 ThievingPhase: Loot detected in slot 1. Clicking it.
2026-07-17 00:42:54 ThievingPhase: Stall ready. Clicking.
2026-07-17 00:42:55 ThievingPhase: Loot detected in slot 1. Clicking it.
2026-07-17 00:42:56 ThievingPhase: Stall ready. Clicking.
2026-07-17 00:42:58 ThievingPhase: Loot detected in slot 1. Clicking it.
2026-07-17 00:42:59 ThievingPhase: Stall ready. Clicking.
2026-07-17 00:43:01 ThievingPhase: Loot detected in slot 1. Clicking it.
2026-07-17 00:43:03 ThievingPhase: Stall ready. Clicking.
2026-07-17 00:43:04 ThievingPhase: Loot detected in slot 1. Clicking it.
2026-07-17 00:43:05 ThievingPhase: Stall ready. Clicking.
2026-07-17 00:43:07 ThievingPhase: Loot detected in slot 1. Clicking it.
2026-07-17 00:43:08 ThievingPhase: Stall ready. Clicking.
2026-07-17 00:43:10 ThievingPhase: Loot detected in slot 1. Clicking it.
2026-07-17 00:43:12 ThievingPhase: Stall ready. Clicking.
2026-07-17 00:43:13 ThievingPhase: Loot detected in slot 1. Clicking it.
2026-07-17 00:43:14 ThievingPhase: Stall ready. Clicking.
2026-07-17 00:43:16 ThievingPhase: Loot detected in slot 1. Clicking it.
2026-07-17 00:43:18 ThievingPhase: Stall ready. Clicking.
2026-07-17 00:43:19 ThievingPhase: Loot detected in slot 1. Clicking it.
2026-07-17 00:43:20 ThievingPhase: Stall ready. Clicking.
2026-07-17 00:43:22 ThievingPhase: Loot detected in slot 1. Clicking it.
2026-07-17 00:43:24 ThievingPhase: Stall ready. Clicking.
2026-07-17 00:43:25 ThievingPhase: Loot detected in slot 1. Clicking it.
2026-07-17 00:43:26 ThievingPhase: Stall ready. Clicking.
2026-07-17 00:43:28 ThievingPhase: Loot detected in slot 1. Clicking it.
2026-07-17 00:43:29 ThievingPhase: Stall ready. Clicking.
2026-07-17 00:43:31 ThievingPhase: Loot detected in slot 1. Clicking it.
2026-07-17 00:43:33 ThievingPhase: Stall ready. Clicking.
2026-07-17 00:43:34 ThievingPhase: Loot detected in slot 1. Clicking it.
2026-07-17 00:43:36 ThievingPhase: Stall ready. Clicking.
2026-07-17 00:43:37 ThievingPhase: Loot detected in slot 1. Clicking it.
2026-07-17 00:43:38 ThievingPhase: Stall ready. Clicking.
2026-07-17 00:43:40 ThievingPhase: Loot detected in slot 1. Clicking it.
2026-07-17 00:43:42 ThievingPhase: Stall ready. Clicking.
2026-07-17 00:43:43 ThievingPhase: Loot detected in slot 1. Clicking it.
2026-07-17 00:43:44 ThievingPhase: Stall ready. Clicking.
2026-07-17 00:43:46 ThievingPhase: Loot detected in slot 1. Clicking it.
2026-07-17 00:43:48 ThievingPhase: Stall ready. Clicking.
2026-07-17 00:43:49 ThievingPhase: Loot detected in slot 1. Clicking it.
2026-07-17 00:43:50 ThievingPhase: Stall ready. Clicking.
2026-07-17 00:43:52 ThievingPhase: Loot detected in slot 1. Clicking it.
2026-07-17 00:43:53 ThievingPhase: Stall ready. Clicking.
2026-07-17 00:43:55 ThievingPhase: Loot detected in slot 1. Clicking it.
2026-07-17 00:43:57 ThievingPhase: Stall ready. Clicking.
2026-07-17 00:43:58 ThievingPhase: Loot detected in slot 1. Clicking it.
2026-07-17 00:43:59 ThievingPhase: Stall ready. Clicking.
2026-07-17 00:44:01 ThievingPhase: Loot detected in slot 1. Clicking it.
2026-07-17 00:44:02 ThievingPhase: Stall ready. Clicking.
2026-07-17 00:44:04 ThievingPhase: Loot detected in slot 1. Clicking it.
2026-07-17 00:44:06 ThievingPhase: Stall ready. Clicking.
2026-07-17 00:44:07 ThievingPhase: Loot detected in slot 1. Clicking it.
2026-07-17 00:44:08 ThievingPhase: Stall ready. Clicking.
2026-07-17 00:44:10 ThievingPhase: Loot detected in slot 1. Clicking it.
2026-07-17 00:44:12 ThievingPhase: Stall ready. Clicking.
2026-07-17 00:44:13 ThievingPhase: Loot detected in slot 1. Clicking it.
2026-07-17 00:44:14 ThievingPhase: Stall ready. Clicking.
2026-07-17 00:44:16 ThievingPhase: Loot detected in slot 1. Clicking it.
2026-07-17 00:44:18 ThievingPhase: Stall ready. Clicking.
2026-07-17 00:44:19 ThievingPhase: Loot detected in slot 1. Clicking it.
2026-07-17 00:44:20 ThievingPhase: Stall ready. Clicking.
2026-07-17 00:44:22 ThievingPhase: Loot detected in slot 1. Clicking it.
2026-07-17 00:44:23 ThievingPhase: Stall ready. Clicking.
2026-07-17 00:44:25 ThievingPhase: Loot detected in slot 1. Clicking it.
2026-07-17 00:44:27 ThievingPhase: Stall ready. Clicking.
2026-07-17 00:44:28 ThievingPhase: Loot detected in slot 1. Clicking it.
2026-07-17 00:44:29 ThievingPhase: Stall ready. Clicking.
2026-07-17 00:44:31 ThievingPhase: Loot detected in slot 1. Clicking it.
2026-07-17 00:44:33 ThievingPhase: Stall ready. Clicking.
2026-07-17 00:44:34 ThievingPhase: Loot detected in slot 1. Clicking it.
2026-07-17 00:44:35 ThievingPhase: Stall ready. Clicking.
2026-07-17 00:44:37 ThievingPhase: Loot detected in slot 1. Clicking it.
2026-07-17 00:44:38 ThievingPhase: Stall ready. Clicking.
2026-07-17 00:44:40 ThievingPhase: Loot detected in slot 1. Clicking it.
2026-07-17 00:44:42 ThievingPhase: Stall ready. Clicking.
2026-07-17 00:44:43 ThievingPhase: Loot detected in slot 1. Clicking it.
2026-07-17 00:44:44 ThievingPhase: Stall ready. Clicking.
2026-07-17 00:44:46 ThievingPhase: Loot detected in slot 1. Clicking it.
2026-07-17 00:44:48 ThievingPhase: Stall ready. Clicking.
2026-07-17 00:44:49 ThievingPhase: Loot detected in slot 1. Clicking it.
2026-07-17 00:44:51 ThievingPhase: Stall ready. Clicking.
2026-07-17 00:44:52 ThievingPhase: Loot detected in slot 1. Clicking it.
2026-07-17 00:44:54 ThievingPhase: Stall ready. Clicking.
2026-07-17 00:44:55 ThievingPhase: Loot detected in slot 1. Clicking it.
2026-07-17 00:44:57 ThievingPhase: Stall ready. Clicking.
2026-07-17 00:44:58 ThievingPhase: Loot detected in slot 1. Clicking it.
2026-07-17 00:44:59 ThievingPhase: Stall ready. Clicking.
2026-07-17 00:45:01 ThievingPhase: Loot detected in slot 1. Clicking it.
2026-07-17 00:45:03 ThievingPhase: Stall ready. Clicking.
2026-07-17 00:45:04 ThievingPhase: Loot detected in slot 1. Clicking it.
2026-07-17 00:45:05 ThievingPhase: Stall ready. Clicking.
2026-07-17 00:45:07 ThievingPhase: Loot detected in slot 1. Clicking it.
2026-07-17 00:45:09 ThievingPhase: Stall ready. Clicking.
2026-07-17 00:45:10 ThievingPhase: Loot detected in slot 1. Clicking it.
2026-07-17 00:45:12 ThievingPhase: Stall ready. Clicking.
2026-07-17 00:45:13 ThievingPhase: Loot detected in slot 1. Clicking it.
2026-07-17 00:45:14 ThievingPhase: Stall ready. Clicking.
2026-07-17 00:45:16 ThievingPhase: Loot detected in slot 1. Clicking it.
2026-07-17 00:45:17 ThievingPhase: Stall ready. Clicking.
2026-07-17 00:45:19 ThievingPhase: Loot detected in slot 1. Clicking it.
2026-07-17 00:45:21 ThievingPhase: Stall ready. Clicking.
2026-07-17 00:45:22 ThievingPhase: Loot detected in slot 1. Clicking it.
2026-07-17 00:45:23 ThievingPhase: Stall ready. Clicking.
2026-07-17 00:45:25 ThievingPhase: Loot detected in slot 1. Clicking it.
2026-07-17 00:45:27 ThievingPhase: Stall ready. Clicking.
2026-07-17 00:45:28 ThievingPhase: Loot detected in slot 1. Clicking it.
2026-07-17 00:45:30 ThievingPhase: Stall ready. Clicking.
2026-07-17 00:45:31 ThievingPhase: Loot detected in slot 1. Clicking it.
2026-07-17 00:45:32 ThievingPhase: Stall ready. Clicking.
2026-07-17 00:45:34 ThievingPhase: Loot detected in slot 1. Clicking it.
2026-07-17 00:45:36 ThievingPhase: Stall ready. Clicking.
2026-07-17 00:45:37 ThievingPhase: Loot detected in slot 1. Clicking it.
2026-07-17 00:45:38 ThievingPhase: Stall ready. Clicking.
2026-07-17 00:45:40 ThievingPhase: Loot detected in slot 1. Clicking it.
2026-07-17 00:45:41 ThievingPhase: Stall ready. Clicking.
2026-07-17 00:45:43 ThievingPhase: Loot detected in slot 1. Clicking it.
2026-07-17 00:45:45 ThievingPhase: Stall ready. Clicking.
2026-07-17 00:45:46 ThievingPhase: Loot detected in slot 1. Clicking it.
2026-07-17 00:45:47 ThievingPhase: Stall ready. Clicking.
2026-07-17 00:45:49 ThievingPhase: Loot detected in slot 1. Clicking it.
2026-07-17 00:45:50 ThievingPhase: Stall ready. Clicking.
2026-07-17 00:45:52 ThievingPhase: Loot detected in slot 1. Clicking it.
2026-07-17 00:45:53 ThievingPhase: Stall ready. Clicking.
2026-07-17 00:45:55 ThievingPhase: Loot detected in slot 1. Clicking it.
2026-07-17 00:45:57 ThievingPhase: Stall ready. Clicking.
2026-07-17 00:45:58 ThievingPhase: Loot detected in slot 1. Clicking it.
2026-07-17 00:45:59 ThievingPhase: Stall ready. Clicking.
2026-07-17 00:46:01 ThievingPhase: Loot detected in slot 1. Clicking it.
2026-07-17 00:46:02 ThievingPhase: Stall ready. Clicking.
2026-07-17 00:46:04 ThievingPhase: Loot detected in slot 1. Clicking it.
2026-07-17 00:46:06 ThievingPhase: Stall ready. Clicking.
2026-07-17 00:46:07 ThievingPhase: Loot detected in slot 1. Clicking it.
2026-07-17 00:46:08 ThievingPhase: Stall ready. Clicking.
2026-07-17 00:46:10 ThievingPhase: Loot detected in slot 1. Clicking it.
2026-07-17 00:46:12 ThievingPhase: Stall ready. Clicking.
2026-07-17 00:46:13 ThievingPhase: Loot detected in slot 1. Clicking it.
2026-07-17 00:46:14 ThievingPhase: Stall ready. Clicking.
2026-07-17 00:46:16 ThievingPhase: Loot detected in slot 1. Clicking it.
2026-07-17 00:46:18 ThievingPhase: Stall ready. Clicking.
2026-07-17 00:46:19 ThievingPhase: Loot detected in slot 1. Clicking it.
2026-07-17 00:46:20 ThievingPhase: Stall ready. Clicking.
2026-07-17 00:46:22 ThievingPhase: Loot detected in slot 1. Clicking it.
2026-07-17 00:46:23 ThievingPhase: Stall ready. Clicking.
2026-07-17 00:46:25 ThievingPhase: Loot detected in slot 1. Clicking it.
2026-07-17 00:46:27 ThievingPhase: Stall ready. Clicking.
2026-07-17 00:46:28 ThievingPhase: Loot detected in slot 1. Clicking it.
2026-07-17 00:46:29 ThievingPhase: Stall ready. Clicking.
2026-07-17 00:46:31 ThievingPhase: Loot detected in slot 1. Clicking it.
2026-07-17 00:46:32 ThievingPhase: Stall ready. Clicking.
2026-07-17 00:46:34 ThievingPhase: Loot detected in slot 1. Clicking it.
2026-07-17 00:46:36 ThievingPhase: Stall ready. Clicking.
2026-07-17 00:46:37 ThievingPhase: Loot detected in slot 1. Clicking it.
2026-07-17 00:46:38 ThievingPhase: Stall ready. Clicking.
2026-07-17 00:46:40 ThievingPhase: Loot detected in slot 1. Clicking it.
2026-07-17 00:46:42 ThievingPhase: Stall ready. Clicking.
2026-07-17 00:46:43 ThievingPhase: Loot detected in slot 1. Clicking it.
2026-07-17 00:46:44 ThievingPhase: Stall ready. Clicking.
2026-07-17 00:46:46 ThievingPhase: Loot detected in slot 1. Clicking it.
2026-07-17 00:46:48 ThievingPhase: Stall ready. Clicking.
2026-07-17 00:46:49 ThievingPhase: Loot detected in slot 1. Clicking it.
2026-07-17 00:46:51 ThievingPhase: Stall ready. Clicking.
2026-07-17 00:46:52 ThievingPhase: Loot detected in slot 1. Clicking it.
2026-07-17 00:46:53 ThievingPhase: Stall ready. Clicking.
2026-07-17 00:46:55 ThievingPhase: Loot detected in slot 1. Clicking it.
2026-07-17 00:46:57 ThievingPhase: Stall ready. Clicking.
2026-07-17 00:46:58 ThievingPhase: Loot detected in slot 1. Clicking it.
2026-07-17 00:46:59 ThievingPhase: Stall ready. Clicking.
2026-07-17 00:47:01 ThievingPhase: Loot detected in slot 1. Clicking it.
2026-07-17 00:47:03 ThievingPhase: Stall ready. Clicking.
2026-07-17 00:47:04 ThievingPhase: Loot detected in slot 1. Clicking it.
2026-07-17 00:47:06 ThievingPhase: Stall ready. Clicking.
2026-07-17 00:47:07 ThievingPhase: Loot detected in slot 1. Clicking it.
2026-07-17 00:47:08 ThievingPhase: Stall ready. Clicking.
2026-07-17 00:47:10 ThievingPhase: Loot detected in slot 1. Clicking it.
2026-07-17 00:47:12 ThievingPhase: Stall ready. Clicking.
2026-07-17 00:47:13 ThievingPhase: Loot detected in slot 1. Clicking it.
2026-07-17 00:47:14 ThievingPhase: Stall ready. Clicking.
2026-07-17 00:47:16 ThievingPhase: Loot detected in slot 1. Clicking it.
2026-07-17 00:47:18 ThievingPhase: Stall ready. Clicking.
2026-07-17 00:47:19 ThievingPhase: Loot detected in slot 1. Clicking it.
2026-07-17 00:47:20 ThievingPhase: Stall ready. Clicking.
2026-07-17 00:47:22 ThievingPhase: Loot detected in slot 1. Clicking it.
2026-07-17 00:47:24 ThievingPhase: Stall ready. Clicking.
2026-07-17 00:47:25 ThievingPhase: Loot detected in slot 1. Clicking it.
2026-07-17 00:47:26 ThievingPhase: Stall ready. Clicking.
2026-07-17 00:47:28 ThievingPhase: Loot detected in slot 1. Clicking it.
2026-07-17 00:47:29 ThievingPhase: Stall ready. Clicking.
2026-07-17 00:47:31 ThievingPhase: Loot detected in slot 1. Clicking it.
2026-07-17 00:47:33 ThievingPhase: Stall ready. Clicking.
2026-07-17 00:47:34 ThievingPhase: Loot detected in slot 1. Clicking it.
2026-07-17 00:47:35 ThievingPhase: Stall ready. Clicking.
2026-07-17 00:47:37 ThievingPhase: Loot detected in slot 1. Clicking it.
2026-07-17 00:47:39 ThievingPhase: Stall ready. Clicking.
2026-07-17 00:47:40 ThievingPhase: Loot detected in slot 1. Clicking it.
2026-07-17 00:47:42 ThievingPhase: Stall ready. Clicking.
2026-07-17 00:47:43 ThievingPhase: Loot detected in slot 1. Clicking it.
2026-07-17 00:47:44 ThievingPhase: Stall ready. Clicking.
2026-07-17 00:47:46 ThievingPhase: Loot detected in slot 1. Clicking it.
2026-07-17 00:47:48 ThievingPhase: Stall ready. Clicking.
2026-07-17 00:47:50 ThievingPhase: No loot after 2000ms - assuming detected, waiting for combat.
2026-07-17 00:47:54 WaitCombatPhase: No combat signal after 4000ms - retrying
2026-07-17 00:47:54 ThievingPhase: Stall ready. Clicking.
2026-07-17 00:47:55 ThievingPhase: Loot detected in slot 1. Clicking it.
2026-07-17 00:47:57 ThievingPhase: Stall ready. Clicking.
2026-07-17 00:47:58 ThievingPhase: Loot detected in slot 1. Clicking it.
2026-07-17 00:48:00 ThievingPhase: Stall ready. Clicking.
2026-07-17 00:48:01 ThievingPhase: Loot detected in slot 1. Clicking it.
2026-07-17 00:48:03 ThievingPhase: Stall ready. Clicking.
2026-07-17 00:48:04 ThievingPhase: Loot detected in slot 1. Clicking it.
2026-07-17 00:48:06 ThievingPhase: Stall ready. Clicking.
2026-07-17 00:48:07 ThievingPhase: Loot detected in slot 1. Clicking it.
2026-07-17 00:48:09 ThievingPhase: Stall ready. Clicking.
2026-07-17 00:48:10 ThievingPhase: Loot detected in slot 1. Clicking it.
2026-07-17 00:48:12 ThievingPhase: Stall ready. Clicking.
2026-07-17 00:48:13 ThievingPhase: Loot detected in slot 1. Clicking it.
2026-07-17 00:48:15 ThievingPhase: Stall ready. Clicking.
2026-07-17 00:48:16 ThievingPhase: Loot detected in slot 1. Clicking it.
2026-07-17 00:48:18 ThievingPhase: Stall ready. Clicking.
2026-07-17 00:48:19 ThievingPhase: Loot detected in slot 1. Clicking it.
2026-07-17 00:48:21 ThievingPhase: Stall ready. Clicking.
2026-07-17 00:48:22 ThievingPhase: Loot detected in slot 1. Clicking it.
2026-07-17 00:48:24 ThievingPhase: Stall ready. Clicking.
2026-07-17 00:48:25 ThievingPhase: Loot detected in slot 1. Clicking it.
2026-07-17 00:48:27 ThievingPhase: Stall ready. Clicking.
2026-07-17 00:48:28 ThievingPhase: Loot detected in slot 1. Clicking it.
2026-07-17 00:48:30 ThievingPhase: Stall ready. Clicking.
2026-07-17 00:48:31 ThievingPhase: Loot detected in slot 1. Clicking it.
2026-07-17 00:48:33 ThievingPhase: Stall ready. Clicking.
2026-07-17 00:48:34 ThievingPhase: Loot detected in slot 1. Clicking it.
2026-07-17 00:48:36 ThievingPhase: Stall ready. Clicking.
2026-07-17 00:48:37 ThievingPhase: Loot detected in slot 1. Clicking it.
2026-07-17 00:48:39 ThievingPhase: Stall ready. Clicking.
2026-07-17 00:48:40 ThievingPhase: Loot detected in slot 1. Clicking it.
2026-07-17 00:48:42 ThievingPhase: Stall ready. Clicking.
2026-07-17 00:48:43 ThievingPhase: Loot detected in slot 1. Clicking it.
2026-07-17 00:48:45 ThievingPhase: Stall ready. Clicking.
2026-07-17 00:48:46 ThievingPhase: Loot detected in slot 1. Clicking it.
2026-07-17 00:48:48 ThievingPhase: Stall ready. Clicking.
2026-07-17 00:48:49 ThievingPhase: Loot detected in slot 1. Clicking it.
2026-07-17 00:48:51 ThievingPhase: Stall ready. Clicking.
2026-07-17 00:48:52 ThievingPhase: Loot detected in slot 1. Clicking it.
2026-07-17 00:48:54 ThievingPhase: Stall ready. Clicking.
2026-07-17 00:48:55 ThievingPhase: Loot detected in slot 1. Clicking it.
2026-07-17 00:48:57 ThievingPhase: Stall ready. Clicking.
2026-07-17 00:48:58 ThievingPhase: Loot detected in slot 1. Clicking it.
2026-07-17 00:49:00 ThievingPhase: Stall ready. Clicking.
2026-07-17 00:49:01 ThievingPhase: Loot detected in slot 1. Clicking it.
2026-07-17 00:49:03 ThievingPhase: Stall ready. Clicking.
2026-07-17 00:49:04 ThievingPhase: Loot detected in slot 1. Clicking it.
2026-07-17 00:49:06 ThievingPhase: Stall ready. Clicking.
2026-07-17 00:49:07 ThievingPhase: Loot detected in slot 1. Clicking it.
2026-07-17 00:49:09 ThievingPhase: Stall ready. Clicking.
2026-07-17 00:49:10 ThievingPhase: Loot detected in slot 1. Clicking it.
2026-07-17 00:49:12 ThievingPhase: Stall ready. Clicking.
2026-07-17 00:49:13 ThievingPhase: Loot detected in slot 1. Clicking it.
2026-07-17 00:49:15 ThievingPhase: Stall ready. Clicking.
2026-07-17 00:49:16 ThievingPhase: Loot detected in slot 1. Clicking it.
2026-07-17 00:49:18 ThievingPhase: Stall ready. Clicking.
2026-07-17 00:49:19 ThievingPhase: Loot detected in slot 1. Clicking it.
2026-07-17 00:49:21 ThievingPhase: Stall ready. Clicking.
2026-07-17 00:49:22 ThievingPhase: Loot detected in slot 1. Clicking it.
2026-07-17 00:49:24 ThievingPhase: Stall ready. Clicking.
2026-07-17 00:49:25 ThievingPhase: Loot detected in slot 1. Clicking it.
2026-07-17 00:49:27 ThievingPhase: Stall ready. Clicking.
2026-07-17 00:49:28 ThievingPhase: Loot detected in slot 1. Clicking it.
2026-07-17 00:49:30 ThievingPhase: Stall ready. Clicking.
2026-07-17 00:49:31 ThievingPhase: Loot detected in slot 1. Clicking it.
2026-07-17 00:49:33 ThievingPhase: Stall ready. Clicking.
2026-07-17 00:49:34 ThievingPhase: Loot detected in slot 1. Clicking it.
2026-07-17 00:49:36 ThievingPhase: Stall ready. Clicking.
2026-07-17 00:49:37 ThievingPhase: Loot detected in slot 1. Clicking it.
2026-07-17 00:49:39 ThievingPhase: Stall ready. Clicking.
2026-07-17 00:49:40 ThievingPhase: Loot detected in slot 1. Clicking it.
2026-07-17 00:49:42 ThievingPhase: Stall ready. Clicking.
2026-07-17 00:49:43 ThievingPhase: Loot detected in slot 1. Clicking it.
2026-07-17 00:49:45 ThievingPhase: Stall ready. Clicking.
2026-07-17 00:49:46 ThievingPhase: Loot detected in slot 1. Clicking it.
2026-07-17 00:49:48 ThievingPhase: Stall ready. Clicking.
2026-07-17 00:49:49 ThievingPhase: Loot detected in slot 1. Clicking it.
2026-07-17 00:49:51 ThievingPhase: Stall ready. Clicking.
2026-07-17 00:49:52 ThievingPhase: Loot detected in slot 1. Clicking it.
2026-07-17 00:49:54 ThievingPhase: Stall ready. Clicking.
2026-07-17 00:49:55 ThievingPhase: Loot detected in slot 1. Clicking it.
2026-07-17 00:49:57 ThievingPhase: Stall ready. Clicking.
2026-07-17 00:49:58 ThievingPhase: Loot detected in slot 1. Clicking it.
2026-07-17 00:50:00 ThievingPhase: Stall ready. Clicking.
2026-07-17 00:50:01 ThievingPhase: Loot detected in slot 1. Clicking it.
2026-07-17 00:50:03 ThievingPhase: Stall ready. Clicking.
2026-07-17 00:50:04 ThievingPhase: Loot detected in slot 1. Clicking it.
2026-07-17 00:50:06 ThievingPhase: Stall ready. Clicking.
2026-07-17 00:50:07 ThievingPhase: Loot detected in slot 1. Clicking it.
2026-07-17 00:50:09 ThievingPhase: Stall ready. Clicking.
2026-07-17 00:50:10 ThievingPhase: Loot detected in slot 1. Clicking it.
2026-07-17 00:50:12 ThievingPhase: Stall ready. Clicking.
2026-07-17 00:50:13 ThievingPhase: Loot detected in slot 1. Clicking it.
2026-07-17 00:50:15 ThievingPhase: Stall ready. Clicking.
2026-07-17 00:50:16 ThievingPhase: Loot detected in slot 1. Clicking it.
2026-07-17 00:50:18 ThievingPhase: Stall ready. Clicking.
2026-07-17 00:50:19 ThievingPhase: Loot detected in slot 1. Clicking it.
2026-07-17 00:50:21 ThievingPhase: Stall ready. Clicking.
2026-07-17 00:50:22 ThievingPhase: Loot detected in slot 1. Clicking it.
2026-07-17 00:50:24 ThievingPhase: Stall ready. Clicking.
2026-07-17 00:50:25 ThievingPhase: Loot detected in slot 1. Clicking it.
2026-07-17 00:50:27 ThievingPhase: Stall ready. Clicking.
2026-07-17 00:50:28 ThievingPhase: Loot detected in slot 1. Clicking it.
2026-07-17 00:50:30 ThievingPhase: Stall ready. Clicking.
2026-07-17 00:50:31 ThievingPhase: Loot detected in slot 1. Clicking it.
2026-07-17 00:50:33 ThievingPhase: Stall ready. Clicking.
2026-07-17 00:50:34 ThievingPhase: Loot detected in slot 1. Clicking it.
2026-07-17 00:50:36 ThievingPhase: Stall ready. Clicking.
2026-07-17 00:50:37 ThievingPhase: Loot detected in slot 1. Clicking it.
2026-07-17 00:50:39 ThievingPhase: Stall ready. Clicking.
2026-07-17 00:50:40 ThievingPhase: Loot detected in slot 1. Clicking it.
2026-07-17 00:50:42 ThievingPhase: Stall ready. Clicking.
2026-07-17 00:50:43 ThievingPhase: Loot detected in slot 1. Clicking it.
2026-07-17 00:50:45 ThievingPhase: Stall ready. Clicking.
2026-07-17 00:50:46 ThievingPhase: Loot detected in slot 1. Clicking it.
2026-07-17 00:50:48 ThievingPhase: Stall ready. Clicking.
2026-07-17 00:50:49 ThievingPhase: Loot detected in slot 1. Clicking it.
2026-07-17 00:50:51 ThievingPhase: Stall ready. Clicking.
2026-07-17 00:50:52 ThievingPhase: Loot detected in slot 1. Clicking it.
2026-07-17 00:50:54 ThievingPhase: Stall ready. Clicking.
2026-07-17 00:50:55 ThievingPhase: Loot detected in slot 1. Clicking it.
2026-07-17 00:50:57 ThievingPhase: Stall ready. Clicking.
2026-07-17 00:50:58 ThievingPhase: Loot detected in slot 1. Clicking it.
2026-07-17 00:51:00 ThievingPhase: Stall ready. Clicking.
2026-07-17 00:51:01 ThievingPhase: Loot detected in slot 1. Clicking it.
2026-07-17 00:51:03 ThievingPhase: Stall ready. Clicking.
2026-07-17 00:51:04 ThievingPhase: Loot detected in slot 1. Clicking it.
2026-07-17 00:51:06 ThievingPhase: Stall ready. Clicking.
2026-07-17 00:51:07 ThievingPhase: Loot detected in slot 1. Clicking it.
2026-07-17 00:51:09 ThievingPhase: Stall ready. Clicking.
2026-07-17 00:51:10 ThievingPhase: Loot detected in slot 1. Clicking it.
2026-07-17 00:51:12 ThievingPhase: Stall ready. Clicking.
2026-07-17 00:51:13 ThievingPhase: Loot detected in slot 1. Clicking it.
2026-07-17 00:51:15 ThievingPhase: Stall ready. Clicking.
2026-07-17 00:51:16 ThievingPhase: Loot detected in slot 1. Clicking it.
2026-07-17 00:51:18 ThievingPhase: Stall ready. Clicking.
2026-07-17 00:51:19 ThievingPhase: Loot detected in slot 1. Clicking it.
2026-07-17 00:51:21 ThievingPhase: Stall ready. Clicking.
2026-07-17 00:51:22 ThievingPhase: Loot detected in slot 1. Clicking it.
2026-07-17 00:51:24 ThievingPhase: Stall ready. Clicking.
2026-07-17 00:51:25 ThievingPhase: Loot detected in slot 1. Clicking it.
2026-07-17 00:51:27 ThievingPhase: Stall ready. Clicking.
2026-07-17 00:51:28 ThievingPhase: Loot detected in slot 1. Clicking it.
2026-07-17 00:51:30 ThievingPhase: Stall ready. Clicking.
2026-07-17 00:51:31 ThievingPhase: Loot detected in slot 1. Clicking it.
2026-07-17 00:51:33 ThievingPhase: Stall ready. Clicking.
2026-07-17 00:51:34 ThievingPhase: Loot detected in slot 1. Clicking it.
2026-07-17 00:51:36 ThievingPhase: Stall ready. Clicking.
2026-07-17 00:51:37 ThievingPhase: Loot detected in slot 1. Clicking it.
2026-07-17 00:51:39 ThievingPhase: Stall ready. Clicking.
2026-07-17 00:51:40 ThievingPhase: Loot detected in slot 1. Clicking it.
2026-07-17 00:51:42 ThievingPhase: Stall ready. Clicking.
2026-07-17 00:51:43 ThievingPhase: Loot detected in slot 1. Clicking it.
2026-07-17 00:51:45 ThievingPhase: Stall ready. Clicking.
2026-07-17 00:51:46 ThievingPhase: Loot detected in slot 1. Clicking it.
2026-07-17 00:51:48 ThievingPhase: Stall ready. Clicking.
2026-07-17 00:51:49 ThievingPhase: Loot detected in slot 1. Clicking it.
2026-07-17 00:51:51 ThievingPhase: Stall ready. Clicking.
2026-07-17 00:51:52 ThievingPhase: Loot detected in slot 1. Clicking it.
2026-07-17 00:51:54 ThievingPhase: Stall ready. Clicking.
2026-07-17 00:51:55 ThievingPhase: Loot detected in slot 1. Clicking it.
2026-07-17 00:51:57 ThievingPhase: Stall ready. Clicking.
2026-07-17 00:51:58 ThievingPhase: Loot detected in slot 1. Clicking it.
2026-07-17 00:52:00 ThievingPhase: Stall ready. Clicking.
2026-07-17 00:52:01 ThievingPhase: Loot detected in slot 1. Clicking it.
2026-07-17 00:52:03 ThievingPhase: Stall ready. Clicking.
2026-07-17 00:52:04 ThievingPhase: Loot detected in slot 1. Clicking it.
2026-07-17 00:52:06 ThievingPhase: Stall ready. Clicking.
2026-07-17 00:52:07 ThievingPhase: Loot detected in slot 1. Clicking it.
2026-07-17 00:52:09 ThievingPhase: Stall ready. Clicking.
2026-07-17 00:52:10 ThievingPhase: Loot detected in slot 1. Clicking it.
2026-07-17 00:52:12 ThievingPhase: Stall ready. Clicking.
2026-07-17 00:52:13 ThievingPhase: Loot detected in slot 1. Clicking it.
2026-07-17 00:52:15 ThievingPhase: Stall ready. Clicking.
2026-07-17 00:52:16 ThievingPhase: Loot detected in slot 1. Clicking it.
2026-07-17 00:52:18 ThievingPhase: Stall ready. Clicking.
2026-07-17 00:52:19 ThievingPhase: Loot detected in slot 1. Clicking it.
2026-07-17 00:52:21 ThievingPhase: Stall ready. Clicking.
2026-07-17 00:52:22 ThievingPhase: Loot detected in slot 1. Clicking it.
2026-07-17 00:52:24 ThievingPhase: Stall ready. Clicking.
2026-07-17 00:52:25 ThievingPhase: Loot detected in slot 1. Clicking it.
2026-07-17 00:52:27 ThievingPhase: Stall ready. Clicking.
2026-07-17 00:52:28 ThievingPhase: Loot detected in slot 1. Clicking it.
2026-07-17 00:52:30 ThievingPhase: Stall ready. Clicking.
2026-07-17 00:52:31 ThievingPhase: Loot detected in slot 1. Clicking it.
2026-07-17 00:52:33 ThievingPhase: Stall ready. Clicking.
2026-07-17 00:52:34 ThievingPhase: Loot detected in slot 1. Clicking it.
2026-07-17 00:52:36 ThievingPhase: Stall ready. Clicking.
2026-07-17 00:52:37 ThievingPhase: Loot detected in slot 1. Clicking it.
2026-07-17 00:52:39 ThievingPhase: Stall ready. Clicking.
2026-07-17 00:52:40 ThievingPhase: Loot detected in slot 1. Clicking it.
2026-07-17 00:52:42 ThievingPhase: Stall ready. Clicking.
2026-07-17 00:52:43 ThievingPhase: Loot detected in slot 1. Clicking it.
2026-07-17 00:52:45 ThievingPhase: Stall ready. Clicking.
2026-07-17 00:52:46 ThievingPhase: Loot detected in slot 1. Clicking it.
2026-07-17 00:52:48 ThievingPhase: Stall ready. Clicking.
2026-07-17 00:52:49 ThievingPhase: Loot detected in slot 1. Clicking it.
2026-07-17 00:52:51 ThievingPhase: Stall ready. Clicking.
2026-07-17 00:52:52 ThievingPhase: Loot detected in slot 1. Clicking it.
2026-07-17 00:52:54 ThievingPhase: Stall ready. Clicking.
2026-07-17 00:52:55 ThievingPhase: Loot detected in slot 1. Clicking it.
2026-07-17 00:52:57 ThievingPhase: Stall ready. Clicking.
2026-07-17 00:52:58 ThievingPhase: Loot detected in slot 1. Clicking it.
2026-07-17 00:53:00 ThievingPhase: Stall ready. Clicking.
2026-07-17 00:53:01 ThievingPhase: Loot detected in slot 1. Clicking it.
2026-07-17 00:53:03 ThievingPhase: Stall ready. Clicking.
2026-07-17 00:53:04 ThievingPhase: Loot detected in slot 1. Clicking it.
2026-07-17 00:53:06 ThievingPhase: Stall ready. Clicking.
2026-07-17 00:53:07 ThievingPhase: Loot detected in slot 1. Clicking it.
2026-07-17 00:53:09 ThievingPhase: Stall ready. Clicking.
2026-07-17 00:53:10 ThievingPhase: Loot detected in slot 1. Clicking it.
2026-07-17 00:53:12 ThievingPhase: Stall ready. Clicking.
2026-07-17 00:53:13 ThievingPhase: Loot detected in slot 1. Clicking it.
2026-07-17 00:53:15 ThievingPhase: Stall ready. Clicking.
2026-07-17 00:53:16 ThievingPhase: Loot detected in slot 1. Clicking it.
2026-07-17 00:53:18 ThievingPhase: Stall ready. Clicking.
2026-07-17 00:53:19 ThievingPhase: Loot detected in slot 1. Clicking it.
2026-07-17 00:53:21 ThievingPhase: Stall ready. Clicking.
2026-07-17 00:53:22 ThievingPhase: Loot detected in slot 1. Clicking it.
2026-07-17 00:53:24 ThievingPhase: Stall ready. Clicking.
2026-07-17 00:53:25 ThievingPhase: Loot detected in slot 1. Clicking it.
2026-07-17 00:53:27 ThievingPhase: Stall ready. Clicking.
2026-07-17 00:53:28 ThievingPhase: Loot detected in slot 1. Clicking it.
2026-07-17 00:53:30 ThievingPhase: Stall ready. Clicking.
2026-07-17 00:53:31 ThievingPhase: Loot detected in slot 1. Clicking it.
2026-07-17 00:53:33 ThievingPhase: Stall ready. Clicking.
2026-07-17 00:53:34 ThievingPhase: Loot detected in slot 1. Clicking it.
2026-07-17 00:53:36 ThievingPhase: Stall ready. Clicking.
2026-07-17 00:53:37 ThievingPhase: Loot detected in slot 1. Clicking it.
2026-07-17 00:53:39 ThievingPhase: Stall ready. Clicking.
2026-07-17 00:53:42 ThievingPhase: No loot after 2000ms - assuming detected, waiting for combat.
2026-07-17 00:53:46 WaitCombatPhase: No combat signal after 4000ms - retrying
2026-07-17 00:53:46 ThievingPhase: Stall ready. Clicking.
2026-07-17 00:53:47 ThievingPhase: Loot detected in slot 1. Clicking it.
2026-07-17 00:53:49 ThievingPhase: Stall ready. Clicking.
2026-07-17 00:53:50 ThievingPhase: Loot detected in slot 1. Clicking it.
2026-07-17 00:53:52 ThievingPhase: Stall ready. Clicking.
2026-07-17 00:53:53 ThievingPhase: Loot detected in slot 1. Clicking it.
2026-07-17 00:53:55 ThievingPhase: Stall ready. Clicking.
2026-07-17 00:53:56 ThievingPhase: Loot detected in slot 1. Clicking it.
2026-07-17 00:53:58 ThievingPhase: Stall ready. Clicking.
2026-07-17 00:53:59 ThievingPhase: Loot detected in slot 1. Clicking it.
2026-07-17 00:54:01 ThievingPhase: Stall ready. Clicking.
2026-07-17 00:54:02 ThievingPhase: Loot detected in slot 1. Clicking it.
2026-07-17 00:54:04 ThievingPhase: Stall ready. Clicking.
2026-07-17 00:54:05 ThievingPhase: Loot detected in slot 1. Clicking it.
2026-07-17 00:54:07 ThievingPhase: Stall ready. Clicking.
2026-07-17 00:54:08 ThievingPhase: Loot detected in slot 1. Clicking it.
2026-07-17 00:54:10 ThievingPhase: Stall ready. Clicking.
2026-07-17 00:54:11 ThievingPhase: Loot detected in slot 1. Clicking it.
2026-07-17 00:54:13 ThievingPhase: Stall ready. Clicking.
2026-07-17 00:54:14 ThievingPhase: Loot detected in slot 1. Clicking it.
2026-07-17 00:54:16 ThievingPhase: Stall ready. Clicking.
2026-07-17 00:54:17 ThievingPhase: Loot detected in slot 1. Clicking it.
2026-07-17 00:54:19 ThievingPhase: Stall ready. Clicking.
2026-07-17 00:54:20 ThievingPhase: Loot detected in slot 1. Clicking it.
2026-07-17 00:54:22 ThievingPhase: Stall ready. Clicking.
2026-07-17 00:54:23 ThievingPhase: Loot detected in slot 1. Clicking it.
2026-07-17 00:54:25 ThievingPhase: Stall ready. Clicking.
2026-07-17 00:54:26 ThievingPhase: Loot detected in slot 1. Clicking it.
2026-07-17 00:54:28 ThievingPhase: Stall ready. Clicking.
2026-07-17 00:54:29 ThievingPhase: Loot detected in slot 1. Clicking it.
2026-07-17 00:54:31 ThievingPhase: Stall ready. Clicking.
2026-07-17 00:54:32 ThievingPhase: Loot detected in slot 1. Clicking it.
2026-07-17 00:54:34 ThievingPhase: Stall ready. Clicking.
2026-07-17 00:54:35 ThievingPhase: Loot detected in slot 1. Clicking it.
2026-07-17 00:54:37 ThievingPhase: Stall ready. Clicking.
2026-07-17 00:54:38 ThievingPhase: Loot detected in slot 1. Clicking it.
2026-07-17 00:54:40 ThievingPhase: Stall ready. Clicking.
2026-07-17 00:54:41 ThievingPhase: Loot detected in slot 1. Clicking it.
2026-07-17 00:54:43 ThievingPhase: Stall ready. Clicking.
2026-07-17 00:54:44 ThievingPhase: Loot detected in slot 1. Clicking it.
2026-07-17 00:54:46 ThievingPhase: Stall ready. Clicking.
2026-07-17 00:54:47 ThievingPhase: Loot detected in slot 1. Clicking it.
2026-07-17 00:54:49 ThievingPhase: Stall ready. Clicking.
2026-07-17 00:54:50 ThievingPhase: Loot detected in slot 1. Clicking it.
2026-07-17 00:54:52 ThievingPhase: Stall ready. Clicking.
2026-07-17 00:54:53 ThievingPhase: Loot detected in slot 1. Clicking it.
2026-07-17 00:54:55 ThievingPhase: Stall ready. Clicking.
2026-07-17 00:54:56 ThievingPhase: Loot detected in slot 1. Clicking it.
2026-07-17 00:54:58 ThievingPhase: Stall ready. Clicking.
2026-07-17 00:54:59 ThievingPhase: Loot detected in slot 1. Clicking it.
2026-07-17 00:55:01 ThievingPhase: Stall ready. Clicking.
2026-07-17 00:55:02 ThievingPhase: Loot detected in slot 1. Clicking it.
2026-07-17 00:55:04 ThievingPhase: Stall ready. Clicking.
2026-07-17 00:55:05 ThievingPhase: Loot detected in slot 1. Clicking it.
2026-07-17 00:55:07 ThievingPhase: Stall ready. Clicking.
2026-07-17 00:55:08 ThievingPhase: Loot detected in slot 1. Clicking it.
2026-07-17 00:55:10 ThievingPhase: Stall ready. Clicking.
2026-07-17 00:55:11 ThievingPhase: Loot detected in slot 1. Clicking it.
2026-07-17 00:55:13 ThievingPhase: Stall ready. Clicking.
2026-07-17 00:55:14 ThievingPhase: Loot detected in slot 1. Clicking it.
2026-07-17 00:55:16 ThievingPhase: Stall ready. Clicking.
2026-07-17 00:55:17 ThievingPhase: Loot detected in slot 1. Clicking it.
2026-07-17 00:55:19 ThievingPhase: Stall ready. Clicking.
2026-07-17 00:55:20 ThievingPhase: Loot detected in slot 1. Clicking it.
2026-07-17 00:55:22 ThievingPhase: Stall ready. Clicking.
2026-07-17 00:55:23 ThievingPhase: Loot detected in slot 1. Clicking it.
2026-07-17 00:55:25 ThievingPhase: Stall ready. Clicking.
2026-07-17 00:55:26 ThievingPhase: Loot detected in slot 1. Clicking it.
2026-07-17 00:55:28 ThievingPhase: Stall ready. Clicking.
2026-07-17 00:55:29 ThievingPhase: Loot detected in slot 1. Clicking it.
2026-07-17 00:55:31 ThievingPhase: Stall ready. Clicking.
2026-07-17 00:55:32 ThievingPhase: Loot detected in slot 1. Clicking it.
2026-07-17 00:55:34 ThievingPhase: Stall ready. Clicking.
2026-07-17 00:55:35 ThievingPhase: Loot detected in slot 1. Clicking it.
2026-07-17 00:55:37 ThievingPhase: Stall ready. Clicking.
2026-07-17 00:55:38 ThievingPhase: Loot detected in slot 1. Clicking it.
2026-07-17 00:55:40 ThievingPhase: Stall ready. Clicking.
2026-07-17 00:55:41 ThievingPhase: Loot detected in slot 1. Clicking it.
2026-07-17 00:55:43 ThievingPhase: Stall ready. Clicking.
2026-07-17 00:55:44 ThievingPhase: Loot detected in slot 1. Clicking it.
2026-07-17 00:55:46 ThievingPhase: Stall ready. Clicking.
2026-07-17 00:55:47 ThievingPhase: Loot detected in slot 1. Clicking it.
2026-07-17 00:55:49 ThievingPhase: Stall ready. Clicking.
2026-07-17 00:55:50 ThievingPhase: Loot detected in slot 1. Clicking it.
2026-07-17 00:55:52 ThievingPhase: Stall ready. Clicking.
2026-07-17 00:55:53 ThievingPhase: Loot detected in slot 1. Clicking it.
2026-07-17 00:55:55 ThievingPhase: Stall ready. Clicking.
2026-07-17 00:55:56 ThievingPhase: Loot detected in slot 1. Clicking it.
2026-07-17 00:55:58 ThievingPhase: Stall ready. Clicking.
2026-07-17 00:55:59 ThievingPhase: Loot detected in slot 1. Clicking it.
2026-07-17 00:56:01 ThievingPhase: Stall ready. Clicking.
2026-07-17 00:56:02 ThievingPhase: Loot detected in slot 1. Clicking it.
2026-07-17 00:56:04 ThievingPhase: Stall ready. Clicking.
2026-07-17 00:56:05 ThievingPhase: Loot detected in slot 1. Clicking it.
2026-07-17 00:56:07 ThievingPhase: Stall ready. Clicking.
2026-07-17 00:56:08 ThievingPhase: Loot detected in slot 1. Clicking it.
2026-07-17 00:56:10 ThievingPhase: Stall ready. Clicking.
2026-07-17 00:56:11 ThievingPhase: Loot detected in slot 1. Clicking it.
2026-07-17 00:56:13 ThievingPhase: Stall ready. Clicking.
2026-07-17 00:56:14 ThievingPhase: Loot detected in slot 1. Clicking it.
2026-07-17 00:56:16 ThievingPhase: Stall ready. Clicking.
2026-07-17 00:56:17 ThievingPhase: Loot detected in slot 1. Clicking it.
2026-07-17 00:56:19 ThievingPhase: Stall ready. Clicking.
2026-07-17 00:56:20 ThievingPhase: Loot detected in slot 1. Clicking it.
2026-07-17 00:56:22 ThievingPhase: Stall ready. Clicking.
2026-07-17 00:56:23 ThievingPhase: Loot detected in slot 1. Clicking it.
2026-07-17 00:56:25 ThievingPhase: Stall ready. Clicking.
2026-07-17 00:56:26 ThievingPhase: Loot detected in slot 1. Clicking it.
2026-07-17 00:56:28 ThievingPhase: Stall ready. Clicking.
2026-07-17 00:56:29 ThievingPhase: Loot detected in slot 1. Clicking it.
2026-07-17 00:56:31 ThievingPhase: Stall ready. Clicking.
2026-07-17 00:56:32 ThievingPhase: Loot detected in slot 1. Clicking it.
2026-07-17 00:56:34 ThievingPhase: Stall ready. Clicking.
2026-07-17 00:56:35 ThievingPhase: Loot detected in slot 1. Clicking it.
2026-07-17 00:56:37 ThievingPhase: Stall ready. Clicking.
2026-07-17 00:56:38 ThievingPhase: Loot detected in slot 1. Clicking it.
2026-07-17 00:56:40 ThievingPhase: Stall ready. Clicking.
2026-07-17 00:56:41 ThievingPhase: Loot detected in slot 1. Clicking it.
2026-07-17 00:56:43 ThievingPhase: Stall ready. Clicking.
2026-07-17 00:56:44 ThievingPhase: Loot detected in slot 1. Clicking it.
2026-07-17 00:56:46 ThievingPhase: Stall ready. Clicking.
2026-07-17 00:56:47 ThievingPhase: Loot detected in slot 1. Clicking it.
2026-07-17 00:56:49 ThievingPhase: Stall ready. Clicking.
2026-07-17 00:56:50 ThievingPhase: Loot detected in slot 1. Clicking it.
2026-07-17 00:56:52 ThievingPhase: Stall ready. Clicking.
2026-07-17 00:56:53 ThievingPhase: Loot detected in slot 1. Clicking it.
2026-07-17 00:56:55 ThievingPhase: Stall ready. Clicking.
2026-07-17 00:56:56 ThievingPhase: Loot detected in slot 1. Clicking it.
2026-07-17 00:56:58 ThievingPhase: Stall ready. Clicking.
2026-07-17 00:56:59 ThievingPhase: Loot detected in slot 1. Clicking it.
2026-07-17 00:57:01 ThievingPhase: Stall ready. Clicking.
2026-07-17 00:57:02 ThievingPhase: Loot detected in slot 1. Clicking it.
2026-07-17 00:57:04 ThievingPhase: Stall ready. Clicking.
2026-07-17 00:57:05 ThievingPhase: Loot detected in slot 1. Clicking it.
2026-07-17 00:57:07 ThievingPhase: Stall ready. Clicking.
2026-07-17 00:57:08 ThievingPhase: Loot detected in slot 1. Clicking it.
2026-07-17 00:57:10 ThievingPhase: Stall ready. Clicking.
2026-07-17 00:57:11 ThievingPhase: Loot detected in slot 1. Clicking it.
2026-07-17 00:57:13 ThievingPhase: Stall ready. Clicking.
2026-07-17 00:57:14 ThievingPhase: Loot detected in slot 1. Clicking it.
2026-07-17 00:57:16 ThievingPhase: Stall ready. Clicking.
2026-07-17 00:57:17 ThievingPhase: Loot detected in slot 1. Clicking it.
2026-07-17 00:57:19 ThievingPhase: Stall ready. Clicking.
2026-07-17 00:57:20 ThievingPhase: Loot detected in slot 1. Clicking it.
2026-07-17 00:57:22 ThievingPhase: Stall ready. Clicking.
2026-07-17 00:57:23 ThievingPhase: Loot detected in slot 1. Clicking it.
2026-07-17 00:57:25 ThievingPhase: Stall ready. Clicking.
2026-07-17 00:57:26 ThievingPhase: Loot detected in slot 1. Clicking it.
2026-07-17 00:57:28 ThievingPhase: Stall ready. Clicking.
2026-07-17 00:57:29 ThievingPhase: Loot detected in slot 1. Clicking it.
2026-07-17 00:57:31 ThievingPhase: Stall ready. Clicking.
2026-07-17 00:57:32 ThievingPhase: Loot detected in slot 1. Clicking it.
2026-07-17 00:57:34 ThievingPhase: Stall ready. Clicking.
2026-07-17 00:57:35 ThievingPhase: Loot detected in slot 1. Clicking it.
2026-07-17 00:57:37 ThievingPhase: Stall ready. Clicking.
2026-07-17 00:57:38 ThievingPhase: Loot detected in slot 1. Clicking it.
2026-07-17 00:57:40 ThievingPhase: Stall ready. Clicking.
2026-07-17 00:57:41 ThievingPhase: Loot detected in slot 1. Clicking it.
2026-07-17 00:57:43 ThievingPhase: Stall ready. Clicking.
2026-07-17 00:57:44 ThievingPhase: Loot detected in slot 1. Clicking it.
2026-07-17 00:57:46 ThievingPhase: Stall ready. Clicking.
2026-07-17 00:57:47 ThievingPhase: Loot detected in slot 1. Clicking it.
2026-07-17 00:57:49 ThievingPhase: Stall ready. Clicking.
2026-07-17 00:57:50 ThievingPhase: Loot detected in slot 1. Clicking it.
2026-07-17 00:57:52 ThievingPhase: Stall ready. Clicking.
2026-07-17 00:57:53 ThievingPhase: Loot detected in slot 1. Clicking it.
2026-07-17 00:57:55 ThievingPhase: Stall ready. Clicking.
2026-07-17 00:57:56 ThievingPhase: Loot detected in slot 1. Clicking it.
2026-07-17 00:57:58 ThievingPhase: Stall ready. Clicking.
2026-07-17 00:57:59 ThievingPhase: Loot detected in slot 1. Clicking it.
2026-07-17 00:58:01 ThievingPhase: Stall ready. Clicking.
2026-07-17 00:58:02 ThievingPhase: Loot detected in slot 1. Clicking it.
2026-07-17 00:58:04 ThievingPhase: Stall ready. Clicking.
2026-07-17 00:58:05 ThievingPhase: Loot detected in slot 1. Clicking it.
2026-07-17 00:58:07 ThievingPhase: Stall ready. Clicking.
2026-07-17 00:58:08 ThievingPhase: Loot detected in slot 1. Clicking it.
2026-07-17 00:58:10 ThievingPhase: Stall ready. Clicking.
2026-07-17 00:58:11 ThievingPhase: Loot detected in slot 1. Clicking it.
2026-07-17 00:58:13 ThievingPhase: Stall ready. Clicking.
2026-07-17 00:58:14 ThievingPhase: Loot detected in slot 1. Clicking it.
2026-07-17 00:58:16 ThievingPhase: Stall ready. Clicking.
2026-07-17 00:58:17 ThievingPhase: Loot detected in slot 1. Clicking it.
2026-07-17 00:58:19 ThievingPhase: Stall ready. Clicking.
2026-07-17 00:58:20 ThievingPhase: Loot detected in slot 1. Clicking it.
2026-07-17 00:58:22 ThievingPhase: Stall ready. Clicking.
2026-07-17 00:58:23 ThievingPhase: Loot detected in slot 1. Clicking it.
2026-07-17 00:58:25 ThievingPhase: Stall ready. Clicking.
2026-07-17 00:58:26 ThievingPhase: Loot detected in slot 1. Clicking it.
2026-07-17 00:58:28 ThievingPhase: Stall ready. Clicking.
2026-07-17 00:58:29 ThievingPhase: Loot detected in slot 1. Clicking it.
2026-07-17 00:58:31 ThievingPhase: Stall ready. Clicking.
2026-07-17 00:58:32 ThievingPhase: Loot detected in slot 1. Clicking it.
2026-07-17 00:58:34 ThievingPhase: Stall ready. Clicking.
2026-07-17 00:58:35 ThievingPhase: Loot detected in slot 1. Clicking it.
2026-07-17 00:58:37 ThievingPhase: Stall ready. Clicking.
2026-07-17 00:58:38 ThievingPhase: Loot detected in slot 1. Clicking it.
2026-07-17 00:58:40 ThievingPhase: Stall ready. Clicking.
2026-07-17 00:58:41 ThievingPhase: Loot detected in slot 1. Clicking it.
2026-07-17 00:58:43 ThievingPhase: Stall ready. Clicking.
2026-07-17 00:58:44 ThievingPhase: Loot detected in slot 1. Clicking it.
2026-07-17 00:58:46 ThievingPhase: Stall ready. Clicking.
2026-07-17 00:58:47 ThievingPhase: Loot detected in slot 1. Clicking it.
2026-07-17 00:58:49 ThievingPhase: Stall ready. Clicking.
2026-07-17 00:58:50 ThievingPhase: Loot detected in slot 1. Clicking it.
2026-07-17 00:58:52 ThievingPhase: Stall ready. Clicking.
2026-07-17 00:58:53 ThievingPhase: Loot detected in slot 1. Clicking it.
2026-07-17 00:58:55 ThievingPhase: Stall ready. Clicking.
2026-07-17 00:58:56 ThievingPhase: Loot detected in slot 1. Clicking it.
2026-07-17 00:58:58 ThievingPhase: Stall ready. Clicking.
2026-07-17 00:58:59 ThievingPhase: Loot detected in slot 1. Clicking it.
2026-07-17 00:59:01 ThievingPhase: Stall ready. Clicking.
2026-07-17 00:59:02 ThievingPhase: Loot detected in slot 1. Clicking it.
2026-07-17 00:59:04 ThievingPhase: Stall ready. Clicking.
2026-07-17 00:59:05 ThievingPhase: Loot detected in slot 1. Clicking it.
2026-07-17 00:59:07 ThievingPhase: Stall ready. Clicking.
2026-07-17 00:59:08 ThievingPhase: Loot detected in slot 1. Clicking it.
2026-07-17 00:59:10 ThievingPhase: Stall ready. Clicking.
2026-07-17 00:59:11 ThievingPhase: Loot detected in slot 1. Clicking it.
2026-07-17 00:59:13 ThievingPhase: Stall ready. Clicking.
2026-07-17 00:59:14 ThievingPhase: Loot detected in slot 1. Clicking it.
2026-07-17 00:59:16 ThievingPhase: Stall ready. Clicking.
2026-07-17 00:59:17 ThievingPhase: Loot detected in slot 1. Clicking it.
2026-07-17 00:59:19 ThievingPhase: Stall ready. Clicking.
2026-07-17 00:59:20 ThievingPhase: Loot detected in slot 1. Clicking it.
2026-07-17 00:59:22 ThievingPhase: Stall ready. Clicking.
2026-07-17 00:59:23 ThievingPhase: Loot detected in slot 1. Clicking it.
2026-07-17 00:59:25 ThievingPhase: Stall ready. Clicking.
2026-07-17 00:59:26 ThievingPhase: Loot detected in slot 1. Clicking it.
2026-07-17 00:59:28 ThievingPhase: Stall ready. Clicking.
2026-07-17 00:59:29 ThievingPhase: Loot detected in slot 1. Clicking it.
2026-07-17 00:59:31 ThievingPhase: Stall ready. Clicking.
2026-07-17 00:59:32 ThievingPhase: Loot detected in slot 1. Clicking it.
2026-07-17 00:59:34 ThievingPhase: Stall ready. Clicking.
2026-07-17 00:59:35 ThievingPhase: Loot detected in slot 1. Clicking it.
2026-07-17 00:59:37 ThievingPhase: Stall ready. Clicking.
2026-07-17 00:59:38 ThievingPhase: Loot detected in slot 1. Clicking it.
2026-07-17 00:59:40 ThievingPhase: Stall ready. Clicking.
2026-07-17 00:59:41 ThievingPhase: Loot detected in slot 1. Clicking it.
2026-07-17 00:59:43 ThievingPhase: Stall ready. Clicking.
2026-07-17 00:59:44 ThievingPhase: Loot detected in slot 1. Clicking it.
2026-07-17 00:59:46 ThievingPhase: Stall ready. Clicking.
2026-07-17 00:59:47 ThievingPhase: Loot detected in slot 1. Clicking it.
2026-07-17 00:59:49 ThievingPhase: Stall ready. Clicking.
2026-07-17 00:59:50 ThievingPhase: Loot detected in slot 1. Clicking it.
2026-07-17 00:59:52 ThievingPhase: Stall ready. Clicking.
2026-07-17 00:59:53 ThievingPhase: Loot detected in slot 1. Clicking it.
2026-07-17 00:59:55 ThievingPhase: Stall ready. Clicking.
2026-07-17 00:59:56 ThievingPhase: Loot detected in slot 1. Clicking it.
2026-07-17 00:59:58 ThievingPhase: Stall ready. Clicking.
2026-07-17 00:59:59 ThievingPhase: Loot detected in slot 1. Clicking it.
2026-07-17 01:00:01 ThievingPhase: Stall ready. Clicking.
2026-07-17 01:00:02 ThievingPhase: Loot detected in slot 1. Clicking it.
2026-07-17 01:00:04 ThievingPhase: Stall ready. Clicking.
2026-07-17 01:00:05 ThievingPhase: Loot detected in slot 1. Clicking it.
2026-07-17 01:00:07 ThievingPhase: Stall ready. Clicking.
2026-07-17 01:00:08 ThievingPhase: Loot detected in slot 1. Clicking it.
2026-07-17 01:00:10 ThievingPhase: Stall ready. Clicking.
2026-07-17 01:00:11 ThievingPhase: Loot detected in slot 1. Clicking it.
2026-07-17 01:00:13 ThievingPhase: Stall ready. Clicking.
2026-07-17 01:00:14 ThievingPhase: Loot detected in slot 1. Clicking it.
2026-07-17 01:00:16 ThievingPhase: Stall ready. Clicking.
2026-07-17 01:00:17 ThievingPhase: Loot detected in slot 1. Clicking it.
2026-07-17 01:00:19 ThievingPhase: Stall ready. Clicking.
2026-07-17 01:00:20 ThievingPhase: Loot detected in slot 1. Clicking it.
2026-07-17 01:00:22 ThievingPhase: Stall ready. Clicking.
2026-07-17 01:00:23 ThievingPhase: Loot detected in slot 1. Clicking it.
2026-07-17 01:00:25 ThievingPhase: Stall ready. Clicking.
2026-07-17 01:00:26 ThievingPhase: Loot detected in slot 1. Clicking it.
2026-07-17 01:00:28 ThievingPhase: Stall ready. Clicking.
2026-07-17 01:00:29 ThievingPhase: Loot detected in slot 1. Clicking it.
2026-07-17 01:00:31 ThievingPhase: Stall ready. Clicking.
2026-07-17 01:00:32 ThievingPhase: Loot detected in slot 1. Clicking it.
2026-07-17 01:00:34 ThievingPhase: Stall ready. Clicking.
2026-07-17 01:00:35 ThievingPhase: Loot detected in slot 1. Clicking it.
2026-07-17 01:00:37 ThievingPhase: Stall ready. Clicking.
2026-07-17 01:00:38 ThievingPhase: Loot detected in slot 1. Clicking it.
2026-07-17 01:00:40 ThievingPhase: Stall ready. Clicking.
2026-07-17 01:00:41 ThievingPhase: Loot detected in slot 1. Clicking it.
2026-07-17 01:00:43 ThievingPhase: Stall ready. Clicking.
2026-07-17 01:00:44 ThievingPhase: Loot detected in slot 1. Clicking it.
2026-07-17 01:00:46 ThievingPhase: Stall ready. Clicking.
2026-07-17 01:00:47 ThievingPhase: Loot detected in slot 1. Clicking it.
2026-07-17 01:00:49 ThievingPhase: Stall ready. Clicking.
2026-07-17 01:00:50 ThievingPhase: Loot detected in slot 1. Clicking it.
2026-07-17 01:00:52 ThievingPhase: Stall ready. Clicking.
2026-07-17 01:00:53 ThievingPhase: Loot detected in slot 1. Clicking it.
2026-07-17 01:00:55 ThievingPhase: Stall ready. Clicking.
2026-07-17 01:00:56 ThievingPhase: Loot detected in slot 1. Clicking it.
2026-07-17 01:00:58 ThievingPhase: Stall ready. Clicking.
2026-07-17 01:00:59 ThievingPhase: Loot detected in slot 1. Clicking it.
2026-07-17 01:01:01 ThievingPhase: Stall ready. Clicking.
2026-07-17 01:01:02 ThievingPhase: Loot detected in slot 1. Clicking it.
2026-07-17 01:01:04 ThievingPhase: Stall ready. Clicking.
2026-07-17 01:01:05 ThievingPhase: Loot detected in slot 1. Clicking it.
2026-07-17 01:01:07 ThievingPhase: Stall ready. Clicking.
2026-07-17 01:01:08 ThievingPhase: Loot detected in slot 1. Clicking it.
2026-07-17 01:01:10 ThievingPhase: Stall ready. Clicking.
2026-07-17 01:01:11 ThievingPhase: Loot detected in slot 1. Clicking it.
2026-07-17 01:01:13 ThievingPhase: Stall ready. Clicking.
2026-07-17 01:01:14 ThievingPhase: Loot detected in slot 1. Clicking it.
2026-07-17 01:01:16 ThievingPhase: Stall ready. Clicking.
2026-07-17 01:01:17 ThievingPhase: Loot detected in slot 1. Clicking it.
2026-07-17 01:01:19 ThievingPhase: Stall ready. Clicking.
2026-07-17 01:01:20 ThievingPhase: Loot detected in slot 1. Clicking it.
2026-07-17 01:01:22 ThievingPhase: Stall ready. Clicking.
2026-07-17 01:01:23 ThievingPhase: Loot detected in slot 1. Clicking it.
2026-07-17 01:01:25 ThievingPhase: Stall ready. Clicking.
2026-07-17 01:01:26 ThievingPhase: Loot detected in slot 1. Clicking it.
2026-07-17 01:01:28 ThievingPhase: Stall ready. Clicking.
2026-07-17 01:01:29 ThievingPhase: Loot detected in slot 1. Clicking it.
2026-07-17 01:01:31 ThievingPhase: Stall ready. Clicking.
2026-07-17 01:01:32 ThievingPhase: Loot detected in slot 1. Clicking it.
2026-07-17 01:01:34 ThievingPhase: Stall ready. Clicking.
2026-07-17 01:01:35 ThievingPhase: Loot detected in slot 1. Clicking it.
2026-07-17 01:01:37 ThievingPhase: Stall ready. Clicking.
2026-07-17 01:01:38 ThievingPhase: Loot detected in slot 1. Clicking it.
2026-07-17 01:01:40 ThievingPhase: Stall ready. Clicking.
2026-07-17 01:01:41 ThievingPhase: Loot detected in slot 1. Clicking it.
2026-07-17 01:01:43 ThievingPhase: Stall ready. Clicking.
2026-07-17 01:01:44 ThievingPhase: Loot detected in slot 1. Clicking it.
2026-07-17 01:01:46 ThievingPhase: Stall ready. Clicking.
2026-07-17 01:01:47 ThievingPhase: Loot detected in slot 1. Clicking it.
2026-07-17 01:01:49 ThievingPhase: Stall ready. Clicking.
2026-07-17 01:01:50 ThievingPhase: Loot detected in slot 1. Clicking it.
2026-07-17 01:01:52 ThievingPhase: Stall ready. Clicking.
2026-07-17 01:01:53 ThievingPhase: Loot detected in slot 1. Clicking it.
2026-07-17 01:01:55 ThievingPhase: Stall ready. Clicking.
2026-07-17 01:01:56 ThievingPhase: Loot detected in slot 1. Clicking it.
2026-07-17 01:01:58 ThievingPhase: Stall ready. Clicking.
2026-07-17 01:01:59 ThievingPhase: Loot detected in slot 1. Clicking it.
2026-07-17 01:02:01 ThievingPhase: Stall ready. Clicking.
2026-07-17 01:02:02 ThievingPhase: Loot detected in slot 1. Clicking it.
2026-07-17 01:02:04 ThievingPhase: Stall ready. Clicking.
2026-07-17 01:02:05 ThievingPhase: Loot detected in slot 1. Clicking it.
2026-07-17 01:02:07 ThievingPhase: Stall ready. Clicking.
2026-07-17 01:02:08 ThievingPhase: Loot detected in slot 1. Clicking it.
2026-07-17 01:02:10 ThievingPhase: Stall ready. Clicking.
2026-07-17 01:02:11 ThievingPhase: Loot detected in slot 1. Clicking it.
2026-07-17 01:02:13 ThievingPhase: Stall ready. Clicking.
2026-07-17 01:02:14 ThievingPhase: Loot detected in slot 1. Clicking it.
2026-07-17 01:02:16 ThievingPhase: Stall ready. Clicking.
2026-07-17 01:02:17 ThievingPhase: Loot detected in slot 1. Clicking it.
2026-07-17 01:02:19 ThievingPhase: Stall ready. Clicking.
2026-07-17 01:02:20 ThievingPhase: Loot detected in slot 1. Clicking it.
2026-07-17 01:02:22 ThievingPhase: Stall ready. Clicking.
2026-07-17 01:02:23 ThievingPhase: Loot detected in slot 1. Clicking it.
2026-07-17 01:02:25 ThievingPhase: Stall ready. Clicking.
2026-07-17 01:02:26 ThievingPhase: Loot detected in slot 1. Clicking it.
2026-07-17 01:02:28 ThievingPhase: Stall ready. Clicking.
2026-07-17 01:02:29 ThievingPhase: Loot detected in slot 1. Clicking it.
2026-07-17 01:02:31 ThievingPhase: Stall ready. Clicking.
2026-07-17 01:02:32 ThievingPhase: Loot detected in slot 1. Clicking it.
2026-07-17 01:02:34 ThievingPhase: Stall ready. Clicking.
2026-07-17 01:02:35 ThievingPhase: Loot detected in slot 1. Clicking it.
2026-07-17 01:02:37 ThievingPhase: Stall ready. Clicking.
2026-07-17 01:02:38 ThievingPhase: Loot detected in slot 1. Clicking it.
2026-07-17 01:02:40 ThievingPhase: Stall ready. Clicking.
2026-07-17 01:02:41 ThievingPhase: Loot detected in slot 1. Clicking it.
2026-07-17 01:02:43 ThievingPhase: Stall ready. Clicking.
2026-07-17 01:02:44 ThievingPhase: Loot detected in slot 1. Clicking it.
2026-07-17 01:02:46 ThievingPhase: Stall ready. Clicking.
2026-07-17 01:02:47 ThievingPhase: Loot detected in slot 1. Clicking it.
2026-07-17 01:02:49 ThievingPhase: Stall ready. Clicking.
2026-07-17 01:02:50 ThievingPhase: Loot detected in slot 1. Clicking it.
2026-07-17 01:02:52 ThievingPhase: Stall ready. Clicking.
2026-07-17 01:02:53 ThievingPhase: Loot detected in slot 1. Clicking it.
2026-07-17 01:02:55 ThievingPhase: Stall ready. Clicking.
2026-07-17 01:02:56 ThievingPhase: Loot detected in slot 1. Clicking it.
2026-07-17 01:02:58 ThievingPhase: Stall ready. Clicking.
2026-07-17 01:02:59 ThievingPhase: Loot detected in slot 1. Clicking it.
2026-07-17 01:03:01 ThievingPhase: Stall ready. Clicking.
2026-07-17 01:03:02 ThievingPhase: Loot detected in slot 1. Clicking it.
2026-07-17 01:03:04 ThievingPhase: Stall ready. Clicking.
2026-07-17 01:03:05 ThievingPhase: Loot detected in slot 1. Clicking it.
2026-07-17 01:03:07 ThievingPhase: Stall ready. Clicking.
2026-07-17 01:03:08 ThievingPhase: Loot detected in slot 1. Clicking it.
2026-07-17 01:03:10 ThievingPhase: Stall ready. Clicking.
2026-07-17 01:03:11 ThievingPhase: Loot detected in slot 1. Clicking it.
2026-07-17 01:03:13 ThievingPhase: Stall ready. Clicking.
2026-07-17 01:03:15 ThievingPhase: No loot after 2000ms - assuming detected, waiting for combat.
2026-07-17 01:03:19 WaitCombatPhase: No combat signal after 4000ms - retrying
2026-07-17 01:03:19 ThievingPhase: Stall ready. Clicking.
2026-07-17 01:03:20 ThievingPhase: Loot detected in slot 1. Clicking it.
2026-07-17 01:03:22 ThievingPhase: Stall ready. Clicking.
2026-07-17 01:03:24 ThievingPhase: Loot detected in slot 1. Clicking it.
2026-07-17 01:03:25 ThievingPhase: Stall ready. Clicking.
2026-07-17 01:03:27 ThievingPhase: Loot detected in slot 1. Clicking it.
2026-07-17 01:03:29 ThievingPhase: Stall ready. Clicking.
2026-07-17 01:03:30 ThievingPhase: Loot detected in slot 1. Clicking it.
2026-07-17 01:03:31 ThievingPhase: Stall ready. Clicking.
2026-07-17 01:03:33 ThievingPhase: Loot detected in slot 1. Clicking it.
2026-07-17 01:03:34 ThievingPhase: Stall ready. Clicking.
2026-07-17 01:03:36 ThievingPhase: Loot detected in slot 1. Clicking it.
2026-07-17 01:03:37 ThievingPhase: Stall ready. Clicking.
2026-07-17 01:03:39 ThievingPhase: Loot detected in slot 1. Clicking it.
2026-07-17 01:03:40 ThievingPhase: Stall ready. Clicking.
2026-07-17 01:03:42 ThievingPhase: Loot detected in slot 1. Clicking it.
2026-07-17 01:03:43 ThievingPhase: Stall ready. Clicking.
2026-07-17 01:03:45 ThievingPhase: Loot detected in slot 1. Clicking it.
2026-07-17 01:03:46 ThievingPhase: Stall ready. Clicking.
2026-07-17 01:03:48 ThievingPhase: Loot detected in slot 1. Clicking it.
2026-07-17 01:03:49 ThievingPhase: Stall ready. Clicking.
2026-07-17 01:03:51 ThievingPhase: Loot detected in slot 1. Clicking it.
2026-07-17 01:03:52 ThievingPhase: Stall ready. Clicking.
2026-07-17 01:03:54 ThievingPhase: Loot detected in slot 1. Clicking it.
2026-07-17 01:03:55 ThievingPhase: Stall ready. Clicking.
2026-07-17 01:03:57 ThievingPhase: Loot detected in slot 1. Clicking it.
2026-07-17 01:03:58 ThievingPhase: Stall ready. Clicking.
2026-07-17 01:04:00 ThievingPhase: Loot detected in slot 1. Clicking it.
2026-07-17 01:04:01 ThievingPhase: Stall ready. Clicking.
2026-07-17 01:04:03 ThievingPhase: Loot detected in slot 1. Clicking it.
2026-07-17 01:04:04 ThievingPhase: Stall ready. Clicking.
2026-07-17 01:04:06 ThievingPhase: Loot detected in slot 1. Clicking it.
2026-07-17 01:04:07 ThievingPhase: Stall ready. Clicking.
2026-07-17 01:04:09 ThievingPhase: Loot detected in slot 1. Clicking it.
2026-07-17 01:04:10 ThievingPhase: Stall ready. Clicking.
2026-07-17 01:04:12 ThievingPhase: Loot detected in slot 1. Clicking it.
2026-07-17 01:04:13 ThievingPhase: Stall ready. Clicking.
2026-07-17 01:04:15 ThievingPhase: Loot detected in slot 1. Clicking it.
2026-07-17 01:04:16 ThievingPhase: Stall ready. Clicking.
2026-07-17 01:04:18 ThievingPhase: Loot detected in slot 1. Clicking it.
2026-07-17 01:04:19 ThievingPhase: Stall ready. Clicking.
2026-07-17 01:04:21 ThievingPhase: Loot detected in slot 1. Clicking it.
2026-07-17 01:04:22 ThievingPhase: Stall ready. Clicking.
2026-07-17 01:04:24 ThievingPhase: Loot detected in slot 1. Clicking it.
2026-07-17 01:04:25 ThievingPhase: Stall ready. Clicking.
2026-07-17 01:04:27 ThievingPhase: Loot detected in slot 1. Clicking it.
2026-07-17 01:04:28 ThievingPhase: Stall ready. Clicking.
2026-07-17 01:04:30 ThievingPhase: Loot detected in slot 1. Clicking it.
2026-07-17 01:04:31 ThievingPhase: Stall ready. Clicking.
2026-07-17 01:04:33 ThievingPhase: Loot detected in slot 1. Clicking it.
2026-07-17 01:04:34 ThievingPhase: Stall ready. Clicking.
2026-07-17 01:04:36 ThievingPhase: Loot detected in slot 1. Clicking it.
2026-07-17 01:04:37 ThievingPhase: Stall ready. Clicking.
2026-07-17 01:04:39 ThievingPhase: Loot detected in slot 1. Clicking it.
2026-07-17 01:04:40 ThievingPhase: Stall ready. Clicking.
2026-07-17 01:04:42 ThievingPhase: Loot detected in slot 1. Clicking it.
2026-07-17 01:04:43 ThievingPhase: Stall ready. Clicking.
2026-07-17 01:04:45 ThievingPhase: Loot detected in slot 1. Clicking it.
2026-07-17 01:04:46 ThievingPhase: Stall ready. Clicking.
2026-07-17 01:04:48 ThievingPhase: Loot detected in slot 1. Clicking it.
2026-07-17 01:04:49 ThievingPhase: Stall ready. Clicking.
2026-07-17 01:04:51 ThievingPhase: Loot detected in slot 1. Clicking it.
2026-07-17 01:04:52 ThievingPhase: Stall ready. Clicking.
2026-07-17 01:04:54 ThievingPhase: Loot detected in slot 1. Clicking it.
2026-07-17 01:04:55 ThievingPhase: Stall ready. Clicking.
2026-07-17 01:04:57 ThievingPhase: Loot detected in slot 1. Clicking it.
2026-07-17 01:04:58 ThievingPhase: Stall ready. Clicking.
2026-07-17 01:05:00 ThievingPhase: Loot detected in slot 1. Clicking it.
2026-07-17 01:05:01 ThievingPhase: Stall ready. Clicking.
2026-07-17 01:05:03 ThievingPhase: Loot detected in slot 1. Clicking it.
2026-07-17 01:05:04 ThievingPhase: Stall ready. Clicking.
2026-07-17 01:05:06 ThievingPhase: Loot detected in slot 1. Clicking it.
2026-07-17 01:05:08 ThievingPhase: Stall ready. Clicking.
2026-07-17 01:05:09 ThievingPhase: Loot detected in slot 1. Clicking it.
2026-07-17 01:05:10 ThievingPhase: Stall ready. Clicking.
2026-07-17 01:05:12 ThievingPhase: Loot detected in slot 1. Clicking it.
2026-07-17 01:05:13 ThievingPhase: Stall ready. Clicking.
2026-07-17 01:05:15 ThievingPhase: Loot detected in slot 1. Clicking it.
2026-07-17 01:05:17 ThievingPhase: Stall ready. Clicking.
2026-07-17 01:05:18 ThievingPhase: Loot detected in slot 1. Clicking it.
2026-07-17 01:05:19 ThievingPhase: Stall ready. Clicking.
2026-07-17 01:05:21 ThievingPhase: Loot detected in slot 1. Clicking it.
2026-07-17 01:05:22 ThievingPhase: Stall ready. Clicking.
2026-07-17 01:05:24 ThievingPhase: Loot detected in slot 1. Clicking it.
2026-07-17 01:05:25 ThievingPhase: Stall ready. Clicking.
2026-07-17 01:05:27 ThievingPhase: Loot detected in slot 1. Clicking it.
2026-07-17 01:05:28 ThievingPhase: Stall ready. Clicking.
2026-07-17 01:05:30 ThievingPhase: Loot detected in slot 1. Clicking it.
2026-07-17 01:05:31 ThievingPhase: Stall ready. Clicking.
2026-07-17 01:05:33 ThievingPhase: Loot detected in slot 1. Clicking it.
2026-07-17 01:05:34 ThievingPhase: Stall ready. Clicking.
2026-07-17 01:05:36 ThievingPhase: Loot detected in slot 1. Clicking it.
2026-07-17 01:05:37 ThievingPhase: Stall ready. Clicking.
2026-07-17 01:05:39 ThievingPhase: Loot detected in slot 1. Clicking it.
2026-07-17 01:05:40 ThievingPhase: Stall ready. Clicking.
2026-07-17 01:05:42 ThievingPhase: Loot detected in slot 1. Clicking it.
2026-07-17 01:05:43 ThievingPhase: Stall ready. Clicking.
2026-07-17 01:05:45 ThievingPhase: Loot detected in slot 1. Clicking it.
2026-07-17 01:05:46 ThievingPhase: Stall ready. Clicking.
2026-07-17 01:05:48 ThievingPhase: Loot detected in slot 1. Clicking it.
2026-07-17 01:05:49 ThievingPhase: Stall ready. Clicking.
2026-07-17 01:05:51 ThievingPhase: Loot detected in slot 1. Clicking it.
2026-07-17 01:05:52 ThievingPhase: Stall ready. Clicking.
2026-07-17 01:05:54 ThievingPhase: Loot detected in slot 1. Clicking it.
2026-07-17 01:05:55 ThievingPhase: Stall ready. Clicking.
2026-07-17 01:05:57 ThievingPhase: Loot detected in slot 1. Clicking it.
2026-07-17 01:05:58 ThievingPhase: Stall ready. Clicking.
2026-07-17 01:06:00 ThievingPhase: Loot detected in slot 1. Clicking it.
2026-07-17 01:06:01 ThievingPhase: Stall ready. Clicking.
2026-07-17 01:06:03 ThievingPhase: Loot detected in slot 1. Clicking it.
2026-07-17 01:06:05 ThievingPhase: Stall ready. Clicking.
2026-07-17 01:06:06 ThievingPhase: Loot detected in slot 1. Clicking it.
2026-07-17 01:06:07 ThievingPhase: Stall ready. Clicking.
2026-07-17 01:06:09 ThievingPhase: Loot detected in slot 1. Clicking it.
2026-07-17 01:06:10 ThievingPhase: Stall ready. Clicking.
2026-07-17 01:06:12 ThievingPhase: Loot detected in slot 1. Clicking it.
2026-07-17 01:06:13 ThievingPhase: Stall ready. Clicking.
2026-07-17 01:06:15 ThievingPhase: Loot detected in slot 1. Clicking it.
2026-07-17 01:06:16 ThievingPhase: Stall ready. Clicking.
2026-07-17 01:06:18 ThievingPhase: Loot detected in slot 1. Clicking it.
2026-07-17 01:06:19 ThievingPhase: Stall ready. Clicking.
2026-07-17 01:06:21 ThievingPhase: Loot detected in slot 1. Clicking it.
2026-07-17 01:06:22 ThievingPhase: Stall ready. Clicking.
2026-07-17 01:06:24 ThievingPhase: Loot detected in slot 1. Clicking it.
2026-07-17 01:06:25 ThievingPhase: Stall ready. Clicking.
2026-07-17 01:06:27 ThievingPhase: Loot detected in slot 1. Clicking it.
2026-07-17 01:06:28 ThievingPhase: Stall ready. Clicking.
2026-07-17 01:06:30 ThievingPhase: Loot detected in slot 1. Clicking it.
2026-07-17 01:06:31 ThievingPhase: Stall ready. Clicking.
2026-07-17 01:06:33 ThievingPhase: Loot detected in slot 1. Clicking it.
2026-07-17 01:06:34 ThievingPhase: Stall ready. Clicking.
2026-07-17 01:06:36 ThievingPhase: Loot detected in slot 1. Clicking it.
2026-07-17 01:06:37 ThievingPhase: Stall ready. Clicking.
2026-07-17 01:06:39 ThievingPhase: Loot detected in slot 1. Clicking it.
2026-07-17 01:06:40 ThievingPhase: Stall ready. Clicking.
2026-07-17 01:06:42 ThievingPhase: Loot detected in slot 1. Clicking it.
2026-07-17 01:06:44 ThievingPhase: Stall ready. Clicking.
2026-07-17 01:06:45 ThievingPhase: Loot detected in slot 1. Clicking it.
2026-07-17 01:06:46 ThievingPhase: Stall ready. Clicking.
2026-07-17 01:06:48 ThievingPhase: Loot detected in slot 1. Clicking it.
2026-07-17 01:06:49 ThievingPhase: Stall ready. Clicking.
2026-07-17 01:06:51 ThievingPhase: Loot detected in slot 1. Clicking it.
2026-07-17 01:06:53 ThievingPhase: Stall ready. Clicking.
2026-07-17 01:06:54 ThievingPhase: Loot detected in slot 1. Clicking it.
2026-07-17 01:06:55 ThievingPhase: Stall ready. Clicking.
2026-07-17 01:06:57 ThievingPhase: Loot detected in slot 1. Clicking it.
2026-07-17 01:06:58 ThievingPhase: Stall ready. Clicking.
2026-07-17 01:07:00 ThievingPhase: Loot detected in slot 1. Clicking it.
2026-07-17 01:07:01 ThievingPhase: Stall ready. Clicking.
2026-07-17 01:07:03 ThievingPhase: Loot detected in slot 1. Clicking it.
2026-07-17 01:07:04 ThievingPhase: Stall ready. Clicking.
2026-07-17 01:07:06 ThievingPhase: Loot detected in slot 1. Clicking it.
2026-07-17 01:07:07 ThievingPhase: Stall ready. Clicking.
2026-07-17 01:07:09 ThievingPhase: Loot detected in slot 1. Clicking it.
2026-07-17 01:07:10 ThievingPhase: Stall ready. Clicking.
2026-07-17 01:07:12 ThievingPhase: Loot detected in slot 1. Clicking it.
2026-07-17 01:07:14 ThievingPhase: Stall ready. Clicking.
2026-07-17 01:07:15 ThievingPhase: Loot detected in slot 1. Clicking it.
2026-07-17 01:07:16 ThievingPhase: Stall ready. Clicking.
2026-07-17 01:07:18 ThievingPhase: Loot detected in slot 1. Clicking it.
2026-07-17 01:07:19 ThievingPhase: Stall ready. Clicking.
2026-07-17 01:07:21 ThievingPhase: Loot detected in slot 1. Clicking it.
2026-07-17 01:07:22 ThievingPhase: Stall ready. Clicking.
2026-07-17 01:07:24 ThievingPhase: Loot detected in slot 1. Clicking it.
2026-07-17 01:07:25 ThievingPhase: Stall ready. Clicking.
2026-07-17 01:07:27 ThievingPhase: Loot detected in slot 1. Clicking it.
2026-07-17 01:07:28 ThievingPhase: Stall ready. Clicking.
2026-07-17 01:07:30 ThievingPhase: Loot detected in slot 1. Clicking it.
2026-07-17 01:07:31 ThievingPhase: Stall ready. Clicking.
2026-07-17 01:07:33 ThievingPhase: Loot detected in slot 1. Clicking it.
2026-07-17 01:07:35 ThievingPhase: Stall ready. Clicking.
2026-07-17 01:07:36 ThievingPhase: Loot detected in slot 1. Clicking it.
2026-07-17 01:07:37 ThievingPhase: Stall ready. Clicking.
2026-07-17 01:07:39 ThievingPhase: Loot detected in slot 1. Clicking it.
2026-07-17 01:07:40 ThievingPhase: Stall ready. Clicking.
2026-07-17 01:07:42 ThievingPhase: Loot detected in slot 1. Clicking it.
2026-07-17 01:07:43 ThievingPhase: Stall ready. Clicking.
2026-07-17 01:07:45 ThievingPhase: Loot detected in slot 1. Clicking it.
2026-07-17 01:07:46 ThievingPhase: Stall ready. Clicking.
2026-07-17 01:07:48 ThievingPhase: Loot detected in slot 1. Clicking it.
2026-07-17 01:07:49 ThievingPhase: Stall ready. Clicking.
2026-07-17 01:07:51 ThievingPhase: Loot detected in slot 1. Clicking it.
2026-07-17 01:07:52 ThievingPhase: Stall ready. Clicking.
2026-07-17 01:07:54 ThievingPhase: Loot detected in slot 1. Clicking it.
2026-07-17 01:07:56 ThievingPhase: Stall ready. Clicking.
2026-07-17 01:07:57 ThievingPhase: Loot detected in slot 1. Clicking it.
2026-07-17 01:07:58 ThievingPhase: Stall ready. Clicking.
2026-07-17 01:08:00 ThievingPhase: Loot detected in slot 1. Clicking it.
2026-07-17 01:08:02 ThievingPhase: Stall ready. Clicking.
2026-07-17 01:08:03 ThievingPhase: Loot detected in slot 1. Clicking it.
2026-07-17 01:08:04 ThievingPhase: Stall ready. Clicking.
2026-07-17 01:08:06 ThievingPhase: Loot detected in slot 1. Clicking it.
2026-07-17 01:08:07 ThievingPhase: Stall ready. Clicking.
2026-07-17 01:08:09 ThievingPhase: Loot detected in slot 1. Clicking it.
2026-07-17 01:08:10 ThievingPhase: Stall ready. Clicking.
2026-07-17 01:08:12 ThievingPhase: Loot detected in slot 1. Clicking it.
2026-07-17 01:08:14 ThievingPhase: Stall ready. Clicking.
2026-07-17 01:08:15 ThievingPhase: Loot detected in slot 1. Clicking it.
2026-07-17 01:08:16 ThievingPhase: Stall ready. Clicking.
2026-07-17 01:08:18 ThievingPhase: Loot detected in slot 1. Clicking it.
2026-07-17 01:08:19 ThievingPhase: Stall ready. Clicking.
2026-07-17 01:08:21 ThievingPhase: Loot detected in slot 1. Clicking it.
2026-07-17 01:08:23 ThievingPhase: Stall ready. Clicking.
2026-07-17 01:08:24 ThievingPhase: Loot detected in slot 1. Clicking it.
2026-07-17 01:08:25 ThievingPhase: Stall ready. Clicking.
2026-07-17 01:08:27 ThievingPhase: Loot detected in slot 1. Clicking it.
2026-07-17 01:08:29 ThievingPhase: Stall ready. Clicking.
2026-07-17 01:08:30 ThievingPhase: Loot detected in slot 1. Clicking it.
2026-07-17 01:08:31 ThievingPhase: Stall ready. Clicking.
2026-07-17 01:08:34 ThievingPhase: No loot after 2000ms - assuming detected, waiting for combat.
2026-07-17 01:08:38 WaitCombatPhase: No combat signal after 4000ms - retrying
2026-07-17 01:08:38 ThievingPhase: Stall ready. Clicking.
2026-07-17 01:08:39 ThievingPhase: Loot detected in slot 1. Clicking it.
2026-07-17 01:08:41 ThievingPhase: Stall ready. Clicking.
2026-07-17 01:08:42 ThievingPhase: Loot detected in slot 1. Clicking it.
2026-07-17 01:08:44 ThievingPhase: Stall ready. Clicking.
2026-07-17 01:08:45 ThievingPhase: Loot detected in slot 1. Clicking it.
2026-07-17 01:08:47 ThievingPhase: Stall ready. Clicking.
2026-07-17 01:08:48 ThievingPhase: Loot detected in slot 1. Clicking it.
2026-07-17 01:08:50 ThievingPhase: Stall ready. Clicking.
2026-07-17 01:08:51 ThievingPhase: Loot detected in slot 1. Clicking it.
2026-07-17 01:08:53 ThievingPhase: Stall ready. Clicking.
2026-07-17 01:08:54 ThievingPhase: Loot detected in slot 1. Clicking it.
2026-07-17 01:08:56 ThievingPhase: Stall ready. Clicking.
2026-07-17 01:08:57 ThievingPhase: Loot detected in slot 1. Clicking it.
2026-07-17 01:08:59 ThievingPhase: Stall ready. Clicking.
2026-07-17 01:09:00 ThievingPhase: Loot detected in slot 1. Clicking it.
2026-07-17 01:09:02 ThievingPhase: Stall ready. Clicking.
2026-07-17 01:09:03 ThievingPhase: Loot detected in slot 1. Clicking it.
2026-07-17 01:09:05 ThievingPhase: Stall ready. Clicking.
2026-07-17 01:09:06 ThievingPhase: Loot detected in slot 1. Clicking it.
2026-07-17 01:09:08 ThievingPhase: Stall ready. Clicking.
2026-07-17 01:09:09 ThievingPhase: Loot detected in slot 1. Clicking it.
2026-07-17 01:09:11 ThievingPhase: Stall ready. Clicking.
2026-07-17 01:09:12 ThievingPhase: Loot detected in slot 1. Clicking it.
2026-07-17 01:09:14 ThievingPhase: Stall ready. Clicking.
2026-07-17 01:09:15 ThievingPhase: Loot detected in slot 1. Clicking it.
2026-07-17 01:09:17 ThievingPhase: Stall ready. Clicking.
2026-07-17 01:09:18 ThievingPhase: Loot detected in slot 1. Clicking it.
2026-07-17 01:09:20 ThievingPhase: Stall ready. Clicking.
2026-07-17 01:09:21 ThievingPhase: Loot detected in slot 1. Clicking it.
2026-07-17 01:09:23 ThievingPhase: Stall ready. Clicking.
2026-07-17 01:09:24 ThievingPhase: Loot detected in slot 1. Clicking it.
2026-07-17 01:09:26 ThievingPhase: Stall ready. Clicking.
2026-07-17 01:09:27 ThievingPhase: Loot detected in slot 1. Clicking it.
2026-07-17 01:09:29 ThievingPhase: Stall ready. Clicking.
2026-07-17 01:09:30 ThievingPhase: Loot detected in slot 1. Clicking it.
2026-07-17 01:09:32 ThievingPhase: Stall ready. Clicking.
2026-07-17 01:09:33 ThievingPhase: Loot detected in slot 1. Clicking it.
2026-07-17 01:09:35 ThievingPhase: Stall ready. Clicking.
2026-07-17 01:09:36 ThievingPhase: Loot detected in slot 1. Clicking it.
2026-07-17 01:09:38 ThievingPhase: Stall ready. Clicking.
2026-07-17 01:09:39 ThievingPhase: Loot detected in slot 1. Clicking it.
2026-07-17 01:09:41 ThievingPhase: Stall ready. Clicking.
2026-07-17 01:09:42 ThievingPhase: Loot detected in slot 1. Clicking it.
2026-07-17 01:09:44 ThievingPhase: Stall ready. Clicking.
2026-07-17 01:09:45 ThievingPhase: Loot detected in slot 1. Clicking it.
2026-07-17 01:09:47 ThievingPhase: Stall ready. Clicking.
2026-07-17 01:09:48 ThievingPhase: Loot detected in slot 1. Clicking it.
2026-07-17 01:09:50 ThievingPhase: Stall ready. Clicking.
2026-07-17 01:09:51 ThievingPhase: Loot detected in slot 1. Clicking it.
2026-07-17 01:09:53 ThievingPhase: Stall ready. Clicking.
2026-07-17 01:09:54 ThievingPhase: Loot detected in slot 1. Clicking it.
2026-07-17 01:09:56 ThievingPhase: Stall ready. Clicking.
2026-07-17 01:09:57 ThievingPhase: Loot detected in slot 1. Clicking it.
2026-07-17 01:09:59 ThievingPhase: Stall ready. Clicking.
2026-07-17 01:10:00 ThievingPhase: Loot detected in slot 1. Clicking it.
2026-07-17 01:10:02 ThievingPhase: Stall ready. Clicking.
2026-07-17 01:10:03 ThievingPhase: Loot detected in slot 1. Clicking it.
2026-07-17 01:10:05 ThievingPhase: Stall ready. Clicking.
2026-07-17 01:10:06 ThievingPhase: Loot detected in slot 1. Clicking it.
2026-07-17 01:10:08 ThievingPhase: Stall ready. Clicking.
2026-07-17 01:10:09 ThievingPhase: Loot detected in slot 1. Clicking it.
2026-07-17 01:10:11 ThievingPhase: Stall ready. Clicking.
2026-07-17 01:10:12 ThievingPhase: Loot detected in slot 1. Clicking it.
2026-07-17 01:10:14 ThievingPhase: Stall ready. Clicking.
2026-07-17 01:10:15 ThievingPhase: Loot detected in slot 1. Clicking it.
2026-07-17 01:10:17 ThievingPhase: Stall ready. Clicking.
2026-07-17 01:10:18 ThievingPhase: Loot detected in slot 1. Clicking it.
2026-07-17 01:10:20 ThievingPhase: Stall ready. Clicking.
2026-07-17 01:10:21 ThievingPhase: Loot detected in slot 1. Clicking it.
2026-07-17 01:10:23 ThievingPhase: Stall ready. Clicking.
2026-07-17 01:10:24 ThievingPhase: Loot detected in slot 1. Clicking it.
2026-07-17 01:10:26 ThievingPhase: Stall ready. Clicking.
2026-07-17 01:10:28 ThievingPhase: Loot detected in slot 1. Clicking it.
2026-07-17 01:10:30 ThievingPhase: Stall ready. Clicking.
2026-07-17 01:10:31 ThievingPhase: Loot detected in slot 1. Clicking it.
2026-07-17 01:10:33 ThievingPhase: Stall ready. Clicking.
2026-07-17 01:10:34 ThievingPhase: Loot detected in slot 1. Clicking it.
2026-07-17 01:10:36 ThievingPhase: Stall ready. Clicking.
2026-07-17 01:10:37 ThievingPhase: Loot detected in slot 1. Clicking it.
2026-07-17 01:10:39 ThievingPhase: Stall ready. Clicking.
2026-07-17 01:10:40 ThievingPhase: Loot detected in slot 1. Clicking it.
2026-07-17 01:10:42 ThievingPhase: Stall ready. Clicking.
2026-07-17 01:10:43 ThievingPhase: Loot detected in slot 1. Clicking it.
2026-07-17 01:10:45 ThievingPhase: Stall ready. Clicking.
2026-07-17 01:10:46 ThievingPhase: Loot detected in slot 1. Clicking it.
2026-07-17 01:10:48 ThievingPhase: Stall ready. Clicking.
2026-07-17 01:10:49 ThievingPhase: Loot detected in slot 1. Clicking it.
2026-07-17 01:10:51 ThievingPhase: Stall ready. Clicking.
2026-07-17 01:10:52 ThievingPhase: Loot detected in slot 1. Clicking it.
2026-07-17 01:10:54 ThievingPhase: Stall ready. Clicking.
2026-07-17 01:10:55 ThievingPhase: Loot detected in slot 1. Clicking it.
2026-07-17 01:10:57 ThievingPhase: Stall ready. Clicking.
2026-07-17 01:10:58 ThievingPhase: Loot detected in slot 1. Clicking it.
2026-07-17 01:11:00 ThievingPhase: Stall ready. Clicking.
2026-07-17 01:11:01 ThievingPhase: Loot detected in slot 1. Clicking it.
2026-07-17 01:11:03 ThievingPhase: Stall ready. Clicking.
2026-07-17 01:11:04 ThievingPhase: Loot detected in slot 1. Clicking it.
2026-07-17 01:11:06 ThievingPhase: Stall ready. Clicking.
2026-07-17 01:11:07 ThievingPhase: Loot detected in slot 1. Clicking it.
2026-07-17 01:11:09 ThievingPhase: Stall ready. Clicking.
2026-07-17 01:11:10 ThievingPhase: Loot detected in slot 1. Clicking it.
2026-07-17 01:11:12 ThievingPhase: Stall ready. Clicking.
2026-07-17 01:11:13 ThievingPhase: Loot detected in slot 1. Clicking it.
2026-07-17 01:11:15 ThievingPhase: Stall ready. Clicking.
2026-07-17 01:11:16 ThievingPhase: Loot detected in slot 1. Clicking it.
2026-07-17 01:11:18 ThievingPhase: Stall ready. Clicking.
2026-07-17 01:11:19 ThievingPhase: Loot detected in slot 1. Clicking it.
2026-07-17 01:11:21 ThievingPhase: Stall ready. Clicking.
2026-07-17 01:11:22 ThievingPhase: Loot detected in slot 1. Clicking it.
2026-07-17 01:11:24 ThievingPhase: Stall ready. Clicking.
2026-07-17 01:11:25 ThievingPhase: Loot detected in slot 1. Clicking it.
2026-07-17 01:11:27 ThievingPhase: Stall ready. Clicking.
2026-07-17 01:11:28 ThievingPhase: Loot detected in slot 1. Clicking it.
2026-07-17 01:11:30 ThievingPhase: Stall ready. Clicking.
2026-07-17 01:11:31 ThievingPhase: Loot detected in slot 1. Clicking it.
2026-07-17 01:11:33 ThievingPhase: Stall ready. Clicking.
2026-07-17 01:11:34 ThievingPhase: Loot detected in slot 1. Clicking it.
2026-07-17 01:11:36 ThievingPhase: Stall ready. Clicking.
2026-07-17 01:11:37 ThievingPhase: Loot detected in slot 1. Clicking it.
2026-07-17 01:11:39 ThievingPhase: Stall ready. Clicking.
2026-07-17 01:11:40 ThievingPhase: Loot detected in slot 1. Clicking it.
2026-07-17 01:11:42 ThievingPhase: Stall ready. Clicking.
2026-07-17 01:11:43 ThievingPhase: Loot detected in slot 1. Clicking it.
2026-07-17 01:11:45 ThievingPhase: Stall ready. Clicking.
2026-07-17 01:11:47 ThievingPhase: Loot detected in slot 1. Clicking it.
2026-07-17 01:11:48 ThievingPhase: Stall ready. Clicking.
2026-07-17 01:11:49 ThievingPhase: Loot detected in slot 1. Clicking it.
2026-07-17 01:11:51 ThievingPhase: Stall ready. Clicking.
2026-07-17 01:11:53 ThievingPhase: Loot detected in slot 1. Clicking it.
2026-07-17 01:11:54 ThievingPhase: Stall ready. Clicking.
2026-07-17 01:11:55 ThievingPhase: Loot detected in slot 1. Clicking it.
2026-07-17 01:11:57 ThievingPhase: Stall ready. Clicking.
2026-07-17 01:11:58 ThievingPhase: Loot detected in slot 1. Clicking it.
2026-07-17 01:12:00 ThievingPhase: Stall ready. Clicking.
2026-07-17 01:12:02 ThievingPhase: Loot detected in slot 1. Clicking it.
2026-07-17 01:12:03 ThievingPhase: Stall ready. Clicking.
2026-07-17 01:12:04 ThievingPhase: Loot detected in slot 1. Clicking it.
2026-07-17 01:12:06 ThievingPhase: Stall ready. Clicking.
2026-07-17 01:12:07 ThievingPhase: Loot detected in slot 1. Clicking it.
2026-07-17 01:12:09 ThievingPhase: Stall ready. Clicking.
2026-07-17 01:12:10 ThievingPhase: Loot detected in slot 1. Clicking it.
2026-07-17 01:12:12 ThievingPhase: Stall ready. Clicking.
2026-07-17 01:12:13 ThievingPhase: Loot detected in slot 1. Clicking it.
2026-07-17 01:12:15 ThievingPhase: Stall ready. Clicking.
2026-07-17 01:12:16 ThievingPhase: Loot detected in slot 1. Clicking it.
2026-07-17 01:12:18 ThievingPhase: Stall ready. Clicking.
2026-07-17 01:12:19 ThievingPhase: Loot detected in slot 1. Clicking it.
2026-07-17 01:12:21 ThievingPhase: Stall ready. Clicking.
2026-07-17 01:12:22 ThievingPhase: Loot detected in slot 1. Clicking it.
2026-07-17 01:12:24 ThievingPhase: Stall ready. Clicking.
2026-07-17 01:12:25 ThievingPhase: Loot detected in slot 1. Clicking it.
2026-07-17 01:12:27 ThievingPhase: Stall ready. Clicking.
2026-07-17 01:12:29 ThievingPhase: Loot detected in slot 1. Clicking it.
2026-07-17 01:12:30 ThievingPhase: Stall ready. Clicking.
2026-07-17 01:12:31 ThievingPhase: Loot detected in slot 1. Clicking it.
2026-07-17 01:12:33 ThievingPhase: Stall ready. Clicking.
2026-07-17 01:12:34 ThievingPhase: Loot detected in slot 1. Clicking it.
2026-07-17 01:12:36 ThievingPhase: Stall ready. Clicking.
2026-07-17 01:12:37 ThievingPhase: Loot detected in slot 1. Clicking it.
2026-07-17 01:12:39 ThievingPhase: Stall ready. Clicking.
2026-07-17 01:12:40 ThievingPhase: Loot detected in slot 1. Clicking it.
2026-07-17 01:12:42 ThievingPhase: Stall ready. Clicking.
2026-07-17 01:12:44 ThievingPhase: Loot detected in slot 1. Clicking it.
2026-07-17 01:12:45 ThievingPhase: Stall ready. Clicking.
2026-07-17 01:12:46 ThievingPhase: Loot detected in slot 1. Clicking it.
2026-07-17 01:12:48 ThievingPhase: Stall ready. Clicking.
2026-07-17 01:12:49 ThievingPhase: Loot detected in slot 1. Clicking it.
2026-07-17 01:12:51 ThievingPhase: Stall ready. Clicking.
2026-07-17 01:12:52 ThievingPhase: Loot detected in slot 1. Clicking it.
2026-07-17 01:12:54 ThievingPhase: Stall ready. Clicking.
2026-07-17 01:12:56 ThievingPhase: Loot detected in slot 1. Clicking it.
2026-07-17 01:12:57 ThievingPhase: Stall ready. Clicking.
2026-07-17 01:12:58 ThievingPhase: Loot detected in slot 1. Clicking it.
2026-07-17 01:13:00 ThievingPhase: Stall ready. Clicking.
2026-07-17 01:13:01 ThievingPhase: Loot detected in slot 1. Clicking it.
2026-07-17 01:13:03 ThievingPhase: Stall ready. Clicking.
2026-07-17 01:13:04 ThievingPhase: Loot detected in slot 1. Clicking it.
2026-07-17 01:13:06 ThievingPhase: Stall ready. Clicking.
2026-07-17 01:13:08 ThievingPhase: Loot detected in slot 1. Clicking it.
2026-07-17 01:13:09 ThievingPhase: Stall ready. Clicking.
2026-07-17 01:13:10 ThievingPhase: Loot detected in slot 1. Clicking it.
2026-07-17 01:13:12 ThievingPhase: Stall ready. Clicking.
2026-07-17 01:13:13 ThievingPhase: Loot detected in slot 1. Clicking it.
2026-07-17 01:13:15 ThievingPhase: Stall ready. Clicking.
2026-07-17 01:13:17 ThievingPhase: Loot detected in slot 1. Clicking it.
2026-07-17 01:13:18 ThievingPhase: Stall ready. Clicking.
2026-07-17 01:13:20 ThievingPhase: Loot detected in slot 1. Clicking it.
2026-07-17 01:13:21 ThievingPhase: Stall ready. Clicking.
2026-07-17 01:13:22 ThievingPhase: Loot detected in slot 1. Clicking it.
2026-07-17 01:13:24 ThievingPhase: Stall ready. Clicking.
2026-07-17 01:13:25 ThievingPhase: Loot detected in slot 1. Clicking it.
2026-07-17 01:13:27 ThievingPhase: Stall ready. Clicking.
2026-07-17 01:13:28 ThievingPhase: Loot detected in slot 1. Clicking it.
2026-07-17 01:13:30 ThievingPhase: Stall ready. Clicking.
2026-07-17 01:13:32 ThievingPhase: Loot detected in slot 1. Clicking it.
2026-07-17 01:13:33 ThievingPhase: Stall ready. Clicking.
2026-07-17 01:13:34 ThievingPhase: Loot detected in slot 1. Clicking it.
2026-07-17 01:13:36 ThievingPhase: Stall ready. Clicking.
2026-07-17 01:13:37 ThievingPhase: Loot detected in slot 1. Clicking it.
2026-07-17 01:13:39 ThievingPhase: Stall ready. Clicking.
2026-07-17 01:13:40 ThievingPhase: Loot detected in slot 1. Clicking it.
2026-07-17 01:13:42 ThievingPhase: Stall ready. Clicking.
2026-07-17 01:13:43 ThievingPhase: Loot detected in slot 1. Clicking it.
2026-07-17 01:13:45 ThievingPhase: Stall ready. Clicking.
2026-07-17 01:13:46 ThievingPhase: Loot detected in slot 1. Clicking it.
2026-07-17 01:13:48 ThievingPhase: Stall ready. Clicking.
2026-07-17 01:13:51 ThievingPhase: No loot after 2000ms - assuming detected, waiting for combat.
2026-07-17 01:13:55 WaitCombatPhase: No combat signal after 4000ms - retrying
2026-07-17 01:13:55 ThievingPhase: Stall ready. Clicking.
2026-07-17 01:13:56 ThievingPhase: Loot detected in slot 1. Clicking it.
2026-07-17 01:13:58 ThievingPhase: Stall ready. Clicking.
2026-07-17 01:13:59 ThievingPhase: Loot detected in slot 1. Clicking it.
2026-07-17 01:14:01 ThievingPhase: Stall ready. Clicking.
2026-07-17 01:14:02 ThievingPhase: Loot detected in slot 1. Clicking it.
2026-07-17 01:14:04 ThievingPhase: Stall ready. Clicking.
2026-07-17 01:14:05 ThievingPhase: Loot detected in slot 1. Clicking it.
2026-07-17 01:14:07 ThievingPhase: Stall ready. Clicking.
2026-07-17 01:14:08 ThievingPhase: Loot detected in slot 1. Clicking it.
2026-07-17 01:14:10 ThievingPhase: Stall ready. Clicking.
2026-07-17 01:14:11 ThievingPhase: Loot detected in slot 1. Clicking it.
2026-07-17 01:14:13 ThievingPhase: Stall ready. Clicking.
2026-07-17 01:14:14 ThievingPhase: Loot detected in slot 1. Clicking it.
2026-07-17 01:14:16 ThievingPhase: Stall ready. Clicking.
2026-07-17 01:14:17 ThievingPhase: Loot detected in slot 1. Clicking it.
2026-07-17 01:14:19 ThievingPhase: Stall ready. Clicking.
2026-07-17 01:14:20 ThievingPhase: Loot detected in slot 1. Clicking it.
2026-07-17 01:14:22 ThievingPhase: Stall ready. Clicking.
2026-07-17 01:14:23 ThievingPhase: Loot detected in slot 1. Clicking it.
2026-07-17 01:14:25 ThievingPhase: Stall ready. Clicking.
2026-07-17 01:14:26 ThievingPhase: Loot detected in slot 1. Clicking it.
2026-07-17 01:14:28 ThievingPhase: Stall ready. Clicking.
2026-07-17 01:14:30 ThievingPhase: No loot after 2000ms - assuming detected, waiting for combat.
2026-07-17 01:14:34 WaitCombatPhase: No combat signal after 4000ms - retrying
2026-07-17 01:14:34 ThievingPhase: Stall ready. Clicking.
2026-07-17 01:14:36 ThievingPhase: Loot detected in slot 1. Clicking it.
2026-07-17 01:14:38 ThievingPhase: Stall ready. Clicking.
2026-07-17 01:14:39 ThievingPhase: Loot detected in slot 1. Clicking it.
2026-07-17 01:14:40 ThievingPhase: Stall ready. Clicking.
2026-07-17 01:14:42 ThievingPhase: Loot detected in slot 1. Clicking it.
2026-07-17 01:14:43 ThievingPhase: Stall ready. Clicking.
2026-07-17 01:14:45 ThievingPhase: Loot detected in slot 1. Clicking it.
2026-07-17 01:14:47 ThievingPhase: Stall ready. Clicking.
2026-07-17 01:14:48 ThievingPhase: Loot detected in slot 1. Clicking it.
2026-07-17 01:14:49 ThievingPhase: Stall ready. Clicking.
2026-07-17 01:14:51 ThievingPhase: Loot detected in slot 1. Clicking it.
2026-07-17 01:14:53 ThievingPhase: Stall ready. Clicking.
2026-07-17 01:14:54 ThievingPhase: Loot detected in slot 1. Clicking it.
2026-07-17 01:14:55 ThievingPhase: Stall ready. Clicking.
2026-07-17 01:14:57 ThievingPhase: Loot detected in slot 1. Clicking it.
2026-07-17 01:14:59 ThievingPhase: Stall ready. Clicking.
2026-07-17 01:15:01 ThievingPhase: No loot after 2000ms - assuming detected, waiting for combat.
2026-07-17 01:15:05 WaitCombatPhase: No combat signal after 4000ms - retrying
2026-07-17 01:15:05 ThievingPhase: Stall ready. Clicking.
2026-07-17 01:15:06 ThievingPhase: Loot detected in slot 1. Clicking it.
2026-07-17 01:15:08 ThievingPhase: Stall ready. Clicking.
2026-07-17 01:15:09 ThievingPhase: Loot detected in slot 1. Clicking it.
2026-07-17 01:15:11 ThievingPhase: Stall ready. Clicking.
2026-07-17 01:15:12 ThievingPhase: Loot detected in slot 1. Clicking it.
2026-07-17 01:15:14 ThievingPhase: Stall ready. Clicking.
2026-07-17 01:15:15 ThievingPhase: Loot detected in slot 1. Clicking it.
2026-07-17 01:15:17 ThievingPhase: Stall ready. Clicking.
2026-07-17 01:15:18 ThievingPhase: Loot detected in slot 1. Clicking it.
2026-07-17 01:15:20 ThievingPhase: Stall ready. Clicking.
2026-07-17 01:15:21 ThievingPhase: Loot detected in slot 1. Clicking it.
2026-07-17 01:15:23 ThievingPhase: Stall ready. Clicking.
2026-07-17 01:15:24 ThievingPhase: Loot detected in slot 1. Clicking it.
2026-07-17 01:15:26 ThievingPhase: Stall ready. Clicking.
2026-07-17 01:15:27 ThievingPhase: Loot detected in slot 1. Clicking it.
2026-07-17 01:15:29 ThievingPhase: Stall ready. Clicking.
2026-07-17 01:15:31 ThievingPhase: No loot after 2000ms - assuming detected, waiting for combat.
2026-07-17 01:15:35 WaitCombatPhase: No combat signal after 4000ms - retrying
2026-07-17 01:15:36 ThievingPhase: Stall ready. Clicking.
2026-07-17 01:15:37 ThievingPhase: Loot detected in slot 1. Clicking it.
2026-07-17 01:15:39 ThievingPhase: Stall ready. Clicking.
2026-07-17 01:15:40 ThievingPhase: Loot detected in slot 1. Clicking it.
2026-07-17 01:15:42 ThievingPhase: Stall ready. Clicking.
2026-07-17 01:15:43 ThievingPhase: Loot detected in slot 1. Clicking it.
2026-07-17 01:15:45 ThievingPhase: Stall ready. Clicking.
2026-07-17 01:15:46 ThievingPhase: Loot detected in slot 1. Clicking it.
2026-07-17 01:15:48 ThievingPhase: Stall ready. Clicking.
2026-07-17 01:15:49 ThievingPhase: Loot detected in slot 1. Clicking it.
2026-07-17 01:15:51 ThievingPhase: Stall ready. Clicking.
2026-07-17 01:15:52 ThievingPhase: Loot detected in slot 1. Clicking it.
2026-07-17 01:15:54 ThievingPhase: Stall ready. Clicking.
2026-07-17 01:15:55 ThievingPhase: Loot detected in slot 1. Clicking it.
2026-07-17 01:15:57 ThievingPhase: Stall ready. Clicking.
2026-07-17 01:15:58 ThievingPhase: Loot detected in slot 1. Clicking it.
2026-07-17 01:16:00 ThievingPhase: Stall ready. Clicking.
2026-07-17 01:16:01 ThievingPhase: Loot detected in slot 1. Clicking it.
2026-07-17 01:16:03 ThievingPhase: Stall ready. Clicking.
2026-07-17 01:16:04 ThievingPhase: Loot detected in slot 1. Clicking it.
2026-07-17 01:16:06 ThievingPhase: Stall ready. Clicking.
2026-07-17 01:16:07 ThievingPhase: Loot detected in slot 1. Clicking it.
2026-07-17 01:16:09 ThievingPhase: Stall ready. Clicking.
2026-07-17 01:16:10 ThievingPhase: Loot detected in slot 1. Clicking it.
2026-07-17 01:16:12 ThievingPhase: Stall ready. Clicking.
2026-07-17 01:16:13 ThievingPhase: Loot detected in slot 1. Clicking it.
2026-07-17 01:16:15 ThievingPhase: Stall ready. Clicking.
2026-07-17 01:16:16 ThievingPhase: Loot detected in slot 1. Clicking it.
2026-07-17 01:16:18 ThievingPhase: Stall ready. Clicking.
2026-07-17 01:16:19 ThievingPhase: Loot detected in slot 1. Clicking it.
2026-07-17 01:16:21 ThievingPhase: Stall ready. Clicking.
2026-07-17 01:16:22 ThievingPhase: Loot detected in slot 1. Clicking it.
2026-07-17 01:16:24 ThievingPhase: Stall ready. Clicking.
2026-07-17 01:16:25 ThievingPhase: Loot detected in slot 1. Clicking it.
2026-07-17 01:16:27 ThievingPhase: Stall ready. Clicking.
2026-07-17 01:16:28 ThievingPhase: Loot detected in slot 1. Clicking it.
2026-07-17 01:16:30 ThievingPhase: Stall ready. Clicking.
2026-07-17 01:16:31 ThievingPhase: Loot detected in slot 1. Clicking it.
2026-07-17 01:16:33 ThievingPhase: Stall ready. Clicking.
2026-07-17 01:16:34 ThievingPhase: Loot detected in slot 1. Clicking it.
2026-07-17 01:16:36 ThievingPhase: Stall ready. Clicking.
2026-07-17 01:16:37 ThievingPhase: Loot detected in slot 1. Clicking it.
2026-07-17 01:16:39 ThievingPhase: Stall ready. Clicking.
2026-07-17 01:16:40 ThievingPhase: Loot detected in slot 1. Clicking it.
2026-07-17 01:16:42 ThievingPhase: Stall ready. Clicking.
2026-07-17 01:16:43 ThievingPhase: Loot detected in slot 1. Clicking it.
2026-07-17 01:16:45 ThievingPhase: Stall ready. Clicking.
2026-07-17 01:16:46 ThievingPhase: Loot detected in slot 1. Clicking it.
2026-07-17 01:16:48 ThievingPhase: Stall ready. Clicking.
2026-07-17 01:16:49 ThievingPhase: Loot detected in slot 1. Clicking it.
2026-07-17 01:16:51 ThievingPhase: Stall ready. Clicking.
2026-07-17 01:16:52 ThievingPhase: Loot detected in slot 1. Clicking it.
2026-07-17 01:16:54 ThievingPhase: Stall ready. Clicking.
2026-07-17 01:16:55 ThievingPhase: Loot detected in slot 1. Clicking it.
2026-07-17 01:16:57 ThievingPhase: Stall ready. Clicking.
2026-07-17 01:16:58 ThievingPhase: Loot detected in slot 1. Clicking it.
2026-07-17 01:17:00 ThievingPhase: Stall ready. Clicking.
2026-07-17 01:17:01 ThievingPhase: Loot detected in slot 1. Clicking it.
2026-07-17 01:17:03 ThievingPhase: Stall ready. Clicking.
2026-07-17 01:17:04 ThievingPhase: Loot detected in slot 1. Clicking it.
2026-07-17 01:17:06 ThievingPhase: Stall ready. Clicking.
2026-07-17 01:17:07 ThievingPhase: Loot detected in slot 1. Clicking it.
2026-07-17 01:17:09 ThievingPhase: Stall ready. Clicking.
2026-07-17 01:17:10 ThievingPhase: Loot detected in slot 1. Clicking it.
2026-07-17 01:17:12 ThievingPhase: Stall ready. Clicking.
2026-07-17 01:17:13 ThievingPhase: Loot detected in slot 1. Clicking it.
2026-07-17 01:17:15 ThievingPhase: Stall ready. Clicking.
2026-07-17 01:17:16 ThievingPhase: Loot detected in slot 1. Clicking it.
2026-07-17 01:17:18 ThievingPhase: Stall ready. Clicking.
2026-07-17 01:17:19 ThievingPhase: Loot detected in slot 1. Clicking it.
2026-07-17 01:17:21 ThievingPhase: Stall ready. Clicking.
2026-07-17 01:17:22 ThievingPhase: Loot detected in slot 1. Clicking it.
2026-07-17 01:17:24 ThievingPhase: Stall ready. Clicking.
2026-07-17 01:17:25 ThievingPhase: Loot detected in slot 1. Clicking it.
2026-07-17 01:17:27 ThievingPhase: Stall ready. Clicking.
2026-07-17 01:17:28 ThievingPhase: Loot detected in slot 1. Clicking it.
2026-07-17 01:17:30 ThievingPhase: Stall ready. Clicking.
2026-07-17 01:17:31 ThievingPhase: Loot detected in slot 1. Clicking it.
2026-07-17 01:17:33 ThievingPhase: Stall ready. Clicking.
2026-07-17 01:17:34 ThievingPhase: Loot detected in slot 1. Clicking it.
2026-07-17 01:17:36 ThievingPhase: Stall ready. Clicking.
2026-07-17 01:17:37 ThievingPhase: Loot detected in slot 1. Clicking it.
2026-07-17 01:17:39 ThievingPhase: Stall ready. Clicking.
2026-07-17 01:17:40 ThievingPhase: Loot detected in slot 1. Clicking it.
2026-07-17 01:17:42 ThievingPhase: Stall ready. Clicking.
2026-07-17 01:17:43 ThievingPhase: Loot detected in slot 1. Clicking it.
2026-07-17 01:17:45 ThievingPhase: Stall ready. Clicking.
2026-07-17 01:17:46 ThievingPhase: Loot detected in slot 1. Clicking it.
2026-07-17 01:17:48 ThievingPhase: Stall ready. Clicking.
2026-07-17 01:17:49 ThievingPhase: Loot detected in slot 1. Clicking it.
2026-07-17 01:17:51 ThievingPhase: Stall ready. Clicking.
2026-07-17 01:17:52 ThievingPhase: Loot detected in slot 1. Clicking it.
2026-07-17 01:17:54 ThievingPhase: Stall ready. Clicking.
2026-07-17 01:17:55 ThievingPhase: Loot detected in slot 1. Clicking it.
2026-07-17 01:17:57 ThievingPhase: Stall ready. Clicking.
2026-07-17 01:17:58 ThievingPhase: Loot detected in slot 1. Clicking it.
2026-07-17 01:18:00 ThievingPhase: Stall ready. Clicking.
2026-07-17 01:18:01 ThievingPhase: Loot detected in slot 1. Clicking it.
2026-07-17 01:18:03 ThievingPhase: Stall ready. Clicking.
2026-07-17 01:18:04 ThievingPhase: Loot detected in slot 1. Clicking it.
2026-07-17 01:18:06 ThievingPhase: Stall ready. Clicking.
2026-07-17 01:18:07 ThievingPhase: Loot detected in slot 1. Clicking it.
2026-07-17 01:18:09 ThievingPhase: Stall ready. Clicking.
2026-07-17 01:18:10 ThievingPhase: Loot detected in slot 1. Clicking it.
2026-07-17 01:18:12 ThievingPhase: Stall ready. Clicking.
2026-07-17 01:18:13 ThievingPhase: Loot detected in slot 1. Clicking it.
2026-07-17 01:18:15 ThievingPhase: Stall ready. Clicking.
2026-07-17 01:18:16 ThievingPhase: Loot detected in slot 1. Clicking it.
2026-07-17 01:18:18 ThievingPhase: Stall ready. Clicking.
2026-07-17 01:18:20 ThievingPhase: Loot detected in slot 1. Clicking it.
2026-07-17 01:18:21 ThievingPhase: Stall ready. Clicking.
2026-07-17 01:18:22 ThievingPhase: Loot detected in slot 1. Clicking it.
2026-07-17 01:18:24 ThievingPhase: Stall ready. Clicking.
2026-07-17 01:18:25 ThievingPhase: Loot detected in slot 1. Clicking it.
2026-07-17 01:18:27 ThievingPhase: Stall ready. Clicking.
2026-07-17 01:18:28 ThievingPhase: Loot detected in slot 1. Clicking it.
2026-07-17 01:18:30 ThievingPhase: Stall ready. Clicking.
2026-07-17 01:18:32 ThievingPhase: Loot detected in slot 1. Clicking it.
2026-07-17 01:18:33 ThievingPhase: Stall ready. Clicking.
2026-07-17 01:18:34 ThievingPhase: Loot detected in slot 1. Clicking it.
2026-07-17 01:18:36 ThievingPhase: Stall ready. Clicking.
2026-07-17 01:18:37 ThievingPhase: Loot detected in slot 1. Clicking it.
2026-07-17 01:18:39 ThievingPhase: Stall ready. Clicking.
2026-07-17 01:18:41 ThievingPhase: Loot detected in slot 1. Clicking it.
2026-07-17 01:18:42 ThievingPhase: Stall ready. Clicking.
2026-07-17 01:18:44 ThievingPhase: Loot detected in slot 1. Clicking it.
2026-07-17 01:18:45 ThievingPhase: Stall ready. Clicking.
2026-07-17 01:18:48 ThievingPhase: No loot after 2000ms - assuming detected, waiting for combat.
2026-07-17 01:18:52 WaitCombatPhase: No combat signal after 4000ms - retrying
2026-07-17 01:18:52 ThievingPhase: Stall ready. Clicking.
2026-07-17 01:18:53 ThievingPhase: Loot detected in slot 1. Clicking it.
2026-07-17 01:18:55 ThievingPhase: Stall ready. Clicking.
2026-07-17 01:18:56 ThievingPhase: Loot detected in slot 1. Clicking it.
2026-07-17 01:18:58 ThievingPhase: Stall ready. Clicking.
2026-07-17 01:18:59 ThievingPhase: Loot detected in slot 1. Clicking it.
2026-07-17 01:19:01 ThievingPhase: Stall ready. Clicking.
2026-07-17 01:19:02 ThievingPhase: Loot detected in slot 1. Clicking it.
2026-07-17 01:19:04 ThievingPhase: Stall ready. Clicking.
2026-07-17 01:19:05 ThievingPhase: Loot detected in slot 1. Clicking it.
2026-07-17 01:19:07 ThievingPhase: Stall ready. Clicking.
2026-07-17 01:19:08 ThievingPhase: Loot detected in slot 1. Clicking it.
2026-07-17 01:19:10 ThievingPhase: Stall ready. Clicking.
2026-07-17 01:19:11 ThievingPhase: Loot detected in slot 1. Clicking it.
2026-07-17 01:19:13 ThievingPhase: Stall ready. Clicking.
2026-07-17 01:19:14 ThievingPhase: Loot detected in slot 1. Clicking it.
2026-07-17 01:19:16 ThievingPhase: Stall ready. Clicking.
2026-07-17 01:19:17 ThievingPhase: Loot detected in slot 1. Clicking it.
2026-07-17 01:19:19 ThievingPhase: Stall ready. Clicking.
2026-07-17 01:19:20 ThievingPhase: Loot detected in slot 1. Clicking it.
2026-07-17 01:19:22 ThievingPhase: Stall ready. Clicking.
2026-07-17 01:19:23 ThievingPhase: Loot detected in slot 1. Clicking it.
2026-07-17 01:19:25 ThievingPhase: Stall ready. Clicking.
2026-07-17 01:19:26 ThievingPhase: Loot detected in slot 1. Clicking it.
2026-07-17 01:19:28 ThievingPhase: Stall ready. Clicking.
2026-07-17 01:19:29 ThievingPhase: Loot detected in slot 1. Clicking it.
2026-07-17 01:19:31 ThievingPhase: Stall ready. Clicking.
2026-07-17 01:19:32 ThievingPhase: Loot detected in slot 1. Clicking it.
2026-07-17 01:19:34 ThievingPhase: Stall ready. Clicking.
2026-07-17 01:19:35 ThievingPhase: Loot detected in slot 1. Clicking it.
2026-07-17 01:19:37 ThievingPhase: Stall ready. Clicking.
2026-07-17 01:19:38 ThievingPhase: Loot detected in slot 1. Clicking it.
2026-07-17 01:19:40 ThievingPhase: Stall ready. Clicking.
2026-07-17 01:19:41 ThievingPhase: Loot detected in slot 1. Clicking it.
2026-07-17 01:19:43 ThievingPhase: Stall ready. Clicking.
2026-07-17 01:19:44 ThievingPhase: Loot detected in slot 1. Clicking it.
2026-07-17 01:19:46 ThievingPhase: Stall ready. Clicking.
2026-07-17 01:19:47 ThievingPhase: Loot detected in slot 1. Clicking it.
2026-07-17 01:19:49 ThievingPhase: Stall ready. Clicking.
2026-07-17 01:19:50 ThievingPhase: Loot detected in slot 1. Clicking it.
2026-07-17 01:19:52 ThievingPhase: Stall ready. Clicking.
2026-07-17 01:19:53 ThievingPhase: Loot detected in slot 1. Clicking it.
2026-07-17 01:19:55 ThievingPhase: Stall ready. Clicking.
2026-07-17 01:19:56 ThievingPhase: Loot detected in slot 1. Clicking it.
2026-07-17 01:19:58 ThievingPhase: Stall ready. Clicking.
2026-07-17 01:19:59 ThievingPhase: Loot detected in slot 1. Clicking it.
2026-07-17 01:20:01 ThievingPhase: Stall ready. Clicking.
2026-07-17 01:20:02 ThievingPhase: Loot detected in slot 1. Clicking it.
2026-07-17 01:20:04 ThievingPhase: Stall ready. Clicking.
2026-07-17 01:20:05 ThievingPhase: Loot detected in slot 1. Clicking it.
2026-07-17 01:20:07 ThievingPhase: Stall ready. Clicking.
2026-07-17 01:20:08 ThievingPhase: Loot detected in slot 1. Clicking it.
2026-07-17 01:20:10 ThievingPhase: Stall ready. Clicking.
2026-07-17 01:20:11 ThievingPhase: Loot detected in slot 1. Clicking it.
2026-07-17 01:20:13 ThievingPhase: Stall ready. Clicking.
2026-07-17 01:20:14 ThievingPhase: Loot detected in slot 1. Clicking it.
2026-07-17 01:20:16 ThievingPhase: Stall ready. Clicking.
2026-07-17 01:20:17 ThievingPhase: Loot detected in slot 1. Clicking it.
2026-07-17 01:20:19 ThievingPhase: Stall ready. Clicking.
2026-07-17 01:20:20 ThievingPhase: Loot detected in slot 1. Clicking it.
2026-07-17 01:20:22 ThievingPhase: Stall ready. Clicking.
2026-07-17 01:20:23 ThievingPhase: Loot detected in slot 1. Clicking it.
2026-07-17 01:20:25 ThievingPhase: Stall ready. Clicking.
2026-07-17 01:20:26 ThievingPhase: Loot detected in slot 1. Clicking it.
2026-07-17 01:20:28 ThievingPhase: Stall ready. Clicking.
2026-07-17 01:20:29 ThievingPhase: Loot detected in slot 1. Clicking it.
2026-07-17 01:20:31 ThievingPhase: Stall ready. Clicking.
2026-07-17 01:20:32 ThievingPhase: Loot detected in slot 1. Clicking it.
2026-07-17 01:20:34 ThievingPhase: Stall ready. Clicking.
2026-07-17 01:20:35 ThievingPhase: Loot detected in slot 1. Clicking it.
2026-07-17 01:20:37 ThievingPhase: Stall ready. Clicking.
2026-07-17 01:20:38 ThievingPhase: Loot detected in slot 1. Clicking it.
2026-07-17 01:20:40 ThievingPhase: Stall ready. Clicking.
2026-07-17 01:20:41 ThievingPhase: Loot detected in slot 1. Clicking it.
2026-07-17 01:20:43 ThievingPhase: Stall ready. Clicking.
2026-07-17 01:20:44 ThievingPhase: Loot detected in slot 1. Clicking it.
2026-07-17 01:20:46 ThievingPhase: Stall ready. Clicking.
2026-07-17 01:20:47 ThievingPhase: Loot detected in slot 1. Clicking it.
2026-07-17 01:20:49 ThievingPhase: Stall ready. Clicking.
2026-07-17 01:20:50 ThievingPhase: Loot detected in slot 1. Clicking it.
2026-07-17 01:20:52 ThievingPhase: Stall ready. Clicking.
2026-07-17 01:20:53 ThievingPhase: Loot detected in slot 1. Clicking it.
2026-07-17 01:20:55 ThievingPhase: Stall ready. Clicking.
2026-07-17 01:20:56 ThievingPhase: Loot detected in slot 1. Clicking it.
2026-07-17 01:20:58 ThievingPhase: Stall ready. Clicking.
2026-07-17 01:20:59 ThievingPhase: Loot detected in slot 1. Clicking it.
2026-07-17 01:21:01 ThievingPhase: Stall ready. Clicking.
2026-07-17 01:21:02 ThievingPhase: Loot detected in slot 1. Clicking it.
2026-07-17 01:21:04 ThievingPhase: Stall ready. Clicking.
2026-07-17 01:21:05 ThievingPhase: Loot detected in slot 1. Clicking it.
2026-07-17 01:21:07 ThievingPhase: Stall ready. Clicking.
2026-07-17 01:21:08 ThievingPhase: Loot detected in slot 1. Clicking it.
2026-07-17 01:21:10 ThievingPhase: Stall ready. Clicking.
2026-07-17 01:21:11 ThievingPhase: Loot detected in slot 1. Clicking it.
2026-07-17 01:21:13 ThievingPhase: Stall ready. Clicking.
2026-07-17 01:21:14 ThievingPhase: Loot detected in slot 1. Clicking it.
2026-07-17 01:21:16 ThievingPhase: Stall ready. Clicking.
2026-07-17 01:21:17 ThievingPhase: Loot detected in slot 1. Clicking it.
2026-07-17 01:21:19 ThievingPhase: Stall ready. Clicking.
2026-07-17 01:21:20 ThievingPhase: Loot detected in slot 1. Clicking it.
2026-07-17 01:21:22 ThievingPhase: Stall ready. Clicking.
2026-07-17 01:21:23 ThievingPhase: Loot detected in slot 1. Clicking it.
2026-07-17 01:21:25 ThievingPhase: Stall ready. Clicking.
2026-07-17 01:21:26 ThievingPhase: Loot detected in slot 1. Clicking it.
2026-07-17 01:21:28 ThievingPhase: Stall ready. Clicking.
2026-07-17 01:21:29 ThievingPhase: Loot detected in slot 1. Clicking it.
2026-07-17 01:21:31 ThievingPhase: Stall ready. Clicking.
2026-07-17 01:21:32 ThievingPhase: Loot detected in slot 1. Clicking it.
2026-07-17 01:21:34 ThievingPhase: Stall ready. Clicking.
2026-07-17 01:21:35 ThievingPhase: Loot detected in slot 1. Clicking it.
2026-07-17 01:21:37 ThievingPhase: Stall ready. Clicking.
2026-07-17 01:21:38 ThievingPhase: Loot detected in slot 1. Clicking it.
2026-07-17 01:21:40 ThievingPhase: Stall ready. Clicking.
2026-07-17 01:21:41 ThievingPhase: Loot detected in slot 1. Clicking it.
2026-07-17 01:21:43 ThievingPhase: Stall ready. Clicking.
2026-07-17 01:21:44 ThievingPhase: Loot detected in slot 1. Clicking it.
2026-07-17 01:21:46 ThievingPhase: Stall ready. Clicking.
2026-07-17 01:21:47 ThievingPhase: Loot detected in slot 1. Clicking it.
2026-07-17 01:21:49 ThievingPhase: Stall ready. Clicking.
2026-07-17 01:21:50 ThievingPhase: Loot detected in slot 1. Clicking it.
2026-07-17 01:21:52 ThievingPhase: Stall ready. Clicking.
2026-07-17 01:21:53 ThievingPhase: Loot detected in slot 1. Clicking it.
2026-07-17 01:21:55 ThievingPhase: Stall ready. Clicking.
2026-07-17 01:21:56 ThievingPhase: Loot detected in slot 1. Clicking it.
2026-07-17 01:21:58 ThievingPhase: Stall ready. Clicking.
2026-07-17 01:21:59 ThievingPhase: Loot detected in slot 1. Clicking it.
2026-07-17 01:22:01 ThievingPhase: Stall ready. Clicking.
2026-07-17 01:22:02 ThievingPhase: Loot detected in slot 1. Clicking it.
2026-07-17 01:22:04 ThievingPhase: Stall ready. Clicking.
2026-07-17 01:22:05 ThievingPhase: Loot detected in slot 1. Clicking it.
2026-07-17 01:22:07 ThievingPhase: Stall ready. Clicking.
2026-07-17 01:22:08 ThievingPhase: Loot detected in slot 1. Clicking it.
2026-07-17 01:22:10 ThievingPhase: Stall ready. Clicking.
2026-07-17 01:22:11 ThievingPhase: Loot detected in slot 1. Clicking it.
2026-07-17 01:22:13 ThievingPhase: Stall ready. Clicking.
2026-07-17 01:22:14 ThievingPhase: Loot detected in slot 1. Clicking it.
2026-07-17 01:22:16 ThievingPhase: Stall ready. Clicking.
2026-07-17 01:22:17 ThievingPhase: Loot detected in slot 1. Clicking it.
2026-07-17 01:22:19 ThievingPhase: Stall ready. Clicking.
2026-07-17 01:22:20 ThievingPhase: Loot detected in slot 1. Clicking it.
2026-07-17 01:22:22 ThievingPhase: Stall ready. Clicking.
2026-07-17 01:22:23 ThievingPhase: Loot detected in slot 1. Clicking it.
2026-07-17 01:22:25 ThievingPhase: Stall ready. Clicking.
2026-07-17 01:22:26 ThievingPhase: Loot detected in slot 1. Clicking it.
2026-07-17 01:22:28 ThievingPhase: Stall ready. Clicking.
2026-07-17 01:22:29 ThievingPhase: Loot detected in slot 1. Clicking it.
2026-07-17 01:22:31 ThievingPhase: Stall ready. Clicking.
2026-07-17 01:22:32 ThievingPhase: Loot detected in slot 1. Clicking it.
2026-07-17 01:22:34 ThievingPhase: Stall ready. Clicking.
2026-07-17 01:22:35 ThievingPhase: Loot detected in slot 1. Clicking it.
2026-07-17 01:22:37 ThievingPhase: Stall ready. Clicking.
2026-07-17 01:22:39 ThievingPhase: Loot detected in slot 1. Clicking it.
2026-07-17 01:22:40 ThievingPhase: Stall ready. Clicking.
2026-07-17 01:22:42 ThievingPhase: Loot detected in slot 1. Clicking it.
2026-07-17 01:22:44 ThievingPhase: Stall ready. Clicking.
2026-07-17 01:22:45 ThievingPhase: Loot detected in slot 1. Clicking it.
2026-07-17 01:22:46 ThievingPhase: Stall ready. Clicking.
2026-07-17 01:22:49 ThievingPhase: No loot after 2000ms - assuming detected, waiting for combat.
2026-07-17 01:22:53 WaitCombatPhase: No combat signal after 4000ms - retrying
2026-07-17 01:22:53 ThievingPhase: Stall ready. Clicking.
2026-07-17 01:22:54 ThievingPhase: Loot detected in slot 1. Clicking it.
2026-07-17 01:22:56 ThievingPhase: Stall ready. Clicking.
2026-07-17 01:22:57 ThievingPhase: Loot detected in slot 1. Clicking it.
2026-07-17 01:22:59 ThievingPhase: Stall ready. Clicking.
2026-07-17 01:23:00 ThievingPhase: Loot detected in slot 1. Clicking it.
2026-07-17 01:23:02 ThievingPhase: Stall ready. Clicking.
2026-07-17 01:23:03 ThievingPhase: Loot detected in slot 1. Clicking it.
2026-07-17 01:23:05 ThievingPhase: Stall ready. Clicking.
2026-07-17 01:23:06 ThievingPhase: Loot detected in slot 1. Clicking it.
2026-07-17 01:23:08 ThievingPhase: Stall ready. Clicking.
2026-07-17 01:23:09 ThievingPhase: Loot detected in slot 1. Clicking it.
2026-07-17 01:23:11 ThievingPhase: Stall ready. Clicking.
2026-07-17 01:23:12 ThievingPhase: Loot detected in slot 1. Clicking it.
2026-07-17 01:23:14 ThievingPhase: Stall ready. Clicking.
2026-07-17 01:23:15 ThievingPhase: Loot detected in slot 1. Clicking it.
2026-07-17 01:23:17 ThievingPhase: Stall ready. Clicking.
2026-07-17 01:23:18 ThievingPhase: Loot detected in slot 1. Clicking it.
2026-07-17 01:23:20 ThievingPhase: Stall ready. Clicking.
2026-07-17 01:23:21 ThievingPhase: Loot detected in slot 1. Clicking it.
2026-07-17 01:23:23 ThievingPhase: Stall ready. Clicking.
2026-07-17 01:23:24 ThievingPhase: Loot detected in slot 1. Clicking it.
2026-07-17 01:23:26 ThievingPhase: Stall ready. Clicking.
2026-07-17 01:23:27 ThievingPhase: Loot detected in slot 1. Clicking it.
2026-07-17 01:23:29 ThievingPhase: Stall ready. Clicking.
2026-07-17 01:23:30 ThievingPhase: Loot detected in slot 1. Clicking it.
2026-07-17 01:23:32 ThievingPhase: Stall ready. Clicking.
2026-07-17 01:23:33 ThievingPhase: Loot detected in slot 1. Clicking it.
2026-07-17 01:23:35 ThievingPhase: Stall ready. Clicking.
2026-07-17 01:23:36 ThievingPhase: Loot detected in slot 1. Clicking it.
2026-07-17 01:23:38 ThievingPhase: Stall ready. Clicking.
2026-07-17 01:23:39 ThievingPhase: Loot detected in slot 1. Clicking it.
2026-07-17 01:23:41 ThievingPhase: Stall ready. Clicking.
2026-07-17 01:23:42 ThievingPhase: Loot detected in slot 1. Clicking it.
2026-07-17 01:23:44 ThievingPhase: Stall ready. Clicking.
2026-07-17 01:23:45 ThievingPhase: Loot detected in slot 1. Clicking it.
2026-07-17 01:23:47 ThievingPhase: Stall ready. Clicking.
2026-07-17 01:23:48 ThievingPhase: Loot detected in slot 1. Clicking it.
2026-07-17 01:23:50 ThievingPhase: Stall ready. Clicking.
2026-07-17 01:23:51 ThievingPhase: Loot detected in slot 1. Clicking it.
2026-07-17 01:23:53 ThievingPhase: Stall ready. Clicking.
2026-07-17 01:23:54 ThievingPhase: Loot detected in slot 1. Clicking it.
2026-07-17 01:23:56 ThievingPhase: Stall ready. Clicking.
2026-07-17 01:23:57 ThievingPhase: Loot detected in slot 1. Clicking it.
2026-07-17 01:23:59 ThievingPhase: Stall ready. Clicking.
2026-07-17 01:24:00 ThievingPhase: Loot detected in slot 1. Clicking it.
2026-07-17 01:24:02 ThievingPhase: Stall ready. Clicking.
2026-07-17 01:24:03 ThievingPhase: Loot detected in slot 1. Clicking it.
2026-07-17 01:24:05 ThievingPhase: Stall ready. Clicking.
2026-07-17 01:24:06 ThievingPhase: Loot detected in slot 1. Clicking it.
2026-07-17 01:24:08 ThievingPhase: Stall ready. Clicking.
2026-07-17 01:24:09 ThievingPhase: Loot detected in slot 1. Clicking it.
2026-07-17 01:24:11 ThievingPhase: Stall ready. Clicking.
2026-07-17 01:24:12 ThievingPhase: Loot detected in slot 1. Clicking it.
2026-07-17 01:24:14 ThievingPhase: Stall ready. Clicking.
2026-07-17 01:24:15 ThievingPhase: Loot detected in slot 1. Clicking it.
2026-07-17 01:24:17 ThievingPhase: Stall ready. Clicking.
2026-07-17 01:24:18 ThievingPhase: Loot detected in slot 1. Clicking it.
2026-07-17 01:24:20 ThievingPhase: Stall ready. Clicking.
2026-07-17 01:24:21 ThievingPhase: Loot detected in slot 1. Clicking it.
2026-07-17 01:24:23 ThievingPhase: Stall ready. Clicking.
2026-07-17 01:24:24 ThievingPhase: Loot detected in slot 1. Clicking it.
2026-07-17 01:24:26 ThievingPhase: Stall ready. Clicking.
2026-07-17 01:24:27 ThievingPhase: Loot detected in slot 1. Clicking it.
2026-07-17 01:24:29 ThievingPhase: Stall ready. Clicking.
2026-07-17 01:24:30 ThievingPhase: Loot detected in slot 1. Clicking it.
2026-07-17 01:24:32 ThievingPhase: Stall ready. Clicking.
2026-07-17 01:24:34 ThievingPhase: No loot after 2000ms - assuming detected, waiting for combat.
2026-07-17 01:24:39 WaitCombatPhase: No combat signal after 4000ms - retrying
2026-07-17 01:24:39 ThievingPhase: Stall ready. Clicking.
2026-07-17 01:24:40 ThievingPhase: Loot detected in slot 1. Clicking it.
2026-07-17 01:24:42 ThievingPhase: Stall ready. Clicking.
2026-07-17 01:24:43 ThievingPhase: Loot detected in slot 1. Clicking it.
2026-07-17 01:24:45 ThievingPhase: Stall ready. Clicking.
2026-07-17 01:24:46 ThievingPhase: Loot detected in slot 1. Clicking it.
2026-07-17 01:24:48 ThievingPhase: Stall ready. Clicking.
2026-07-17 01:24:49 ThievingPhase: Loot detected in slot 1. Clicking it.
2026-07-17 01:24:51 ThievingPhase: Stall ready. Clicking.
2026-07-17 01:24:52 ThievingPhase: Loot detected in slot 1. Clicking it.
2026-07-17 01:24:54 ThievingPhase: Stall ready. Clicking.
2026-07-17 01:24:55 ThievingPhase: Loot detected in slot 1. Clicking it.
2026-07-17 01:24:57 ThievingPhase: Stall ready. Clicking.
2026-07-17 01:24:58 ThievingPhase: Loot detected in slot 1. Clicking it.
2026-07-17 01:25:00 ThievingPhase: Stall ready. Clicking.
2026-07-17 01:25:01 ThievingPhase: Loot detected in slot 1. Clicking it.
2026-07-17 01:25:03 ThievingPhase: Stall ready. Clicking.
2026-07-17 01:25:04 ThievingPhase: Loot detected in slot 1. Clicking it.
2026-07-17 01:25:06 ThievingPhase: Stall ready. Clicking.
2026-07-17 01:25:07 ThievingPhase: Loot detected in slot 1. Clicking it.
2026-07-17 01:25:09 ThievingPhase: Stall ready. Clicking.
2026-07-17 01:25:10 ThievingPhase: Loot detected in slot 1. Clicking it.
2026-07-17 01:25:12 ThievingPhase: Stall ready. Clicking.
2026-07-17 01:25:13 ThievingPhase: Loot detected in slot 1. Clicking it.
2026-07-17 01:25:15 ThievingPhase: Stall ready. Clicking.
2026-07-17 01:25:16 ThievingPhase: Loot detected in slot 1. Clicking it.
2026-07-17 01:25:18 ThievingPhase: Stall ready. Clicking.
2026-07-17 01:25:19 ThievingPhase: Loot detected in slot 1. Clicking it.
2026-07-17 01:25:21 ThievingPhase: Stall ready. Clicking.
2026-07-17 01:25:22 ThievingPhase: Loot detected in slot 1. Clicking it.
2026-07-17 01:25:24 ThievingPhase: Stall ready. Clicking.
2026-07-17 01:25:25 ThievingPhase: Loot detected in slot 1. Clicking it.
2026-07-17 01:25:27 ThievingPhase: Stall ready. Clicking.
2026-07-17 01:25:28 ThievingPhase: Loot detected in slot 1. Clicking it.
2026-07-17 01:25:30 ThievingPhase: Stall ready. Clicking.
2026-07-17 01:25:31 ThievingPhase: Loot detected in slot 1. Clicking it.
2026-07-17 01:25:33 ThievingPhase: Stall ready. Clicking.
2026-07-17 01:25:34 ThievingPhase: Loot detected in slot 1. Clicking it.
2026-07-17 01:25:36 ThievingPhase: Stall ready. Clicking.
2026-07-17 01:25:37 ThievingPhase: Loot detected in slot 1. Clicking it.
2026-07-17 01:25:39 ThievingPhase: Stall ready. Clicking.
2026-07-17 01:25:40 ThievingPhase: Loot detected in slot 1. Clicking it.
2026-07-17 01:25:42 ThievingPhase: Stall ready. Clicking.
2026-07-17 01:25:43 ThievingPhase: Loot detected in slot 1. Clicking it.
2026-07-17 01:25:45 ThievingPhase: Stall ready. Clicking.
2026-07-17 01:25:46 ThievingPhase: Loot detected in slot 1. Clicking it.
2026-07-17 01:25:48 ThievingPhase: Stall ready. Clicking.
2026-07-17 01:25:49 ThievingPhase: Loot detected in slot 1. Clicking it.
2026-07-17 01:25:51 ThievingPhase: Stall ready. Clicking.
2026-07-17 01:25:52 ThievingPhase: Loot detected in slot 1. Clicking it.
2026-07-17 01:25:54 ThievingPhase: Stall ready. Clicking.
2026-07-17 01:25:55 ThievingPhase: Loot detected in slot 1. Clicking it.
2026-07-17 01:25:57 ThievingPhase: Stall ready. Clicking.
2026-07-17 01:25:58 ThievingPhase: Loot detected in slot 1. Clicking it.
2026-07-17 01:26:00 ThievingPhase: Stall ready. Clicking.
2026-07-17 01:26:01 ThievingPhase: Loot detected in slot 1. Clicking it.
2026-07-17 01:26:03 ThievingPhase: Stall ready. Clicking.
2026-07-17 01:26:04 ThievingPhase: Loot detected in slot 1. Clicking it.
2026-07-17 01:26:06 ThievingPhase: Stall ready. Clicking.
2026-07-17 01:26:07 ThievingPhase: Loot detected in slot 1. Clicking it.
2026-07-17 01:26:09 ThievingPhase: Stall ready. Clicking.
2026-07-17 01:26:10 ThievingPhase: Loot detected in slot 1. Clicking it.
2026-07-17 01:26:12 ThievingPhase: Stall ready. Clicking.
2026-07-17 01:26:13 ThievingPhase: Loot detected in slot 1. Clicking it.
2026-07-17 01:26:15 ThievingPhase: Stall ready. Clicking.
2026-07-17 01:26:16 ThievingPhase: Loot detected in slot 1. Clicking it.
2026-07-17 01:26:18 ThievingPhase: Stall ready. Clicking.
2026-07-17 01:26:19 ThievingPhase: Loot detected in slot 1. Clicking it.
2026-07-17 01:26:21 ThievingPhase: Stall ready. Clicking.
2026-07-17 01:26:22 ThievingPhase: Loot detected in slot 1. Clicking it.
2026-07-17 01:26:24 ThievingPhase: Stall ready. Clicking.
2026-07-17 01:26:25 ThievingPhase: Loot detected in slot 1. Clicking it.
2026-07-17 01:26:27 ThievingPhase: Stall ready. Clicking.
2026-07-17 01:26:28 ThievingPhase: Loot detected in slot 1. Clicking it.
2026-07-17 01:26:30 ThievingPhase: Stall ready. Clicking.
2026-07-17 01:26:31 ThievingPhase: Loot detected in slot 1. Clicking it.
2026-07-17 01:26:33 ThievingPhase: Stall ready. Clicking.
2026-07-17 01:26:34 ThievingPhase: Loot detected in slot 1. Clicking it.
2026-07-17 01:26:36 ThievingPhase: Stall ready. Clicking.
2026-07-17 01:26:37 ThievingPhase: Loot detected in slot 1. Clicking it.
2026-07-17 01:26:39 ThievingPhase: Stall ready. Clicking.
2026-07-17 01:26:41 ThievingPhase: Loot detected in slot 1. Clicking it.
2026-07-17 01:26:42 ThievingPhase: Stall ready. Clicking.
2026-07-17 01:26:43 ThievingPhase: Loot detected in slot 1. Clicking it.
2026-07-17 01:26:45 ThievingPhase: Stall ready. Clicking.
2026-07-17 01:26:46 ThievingPhase: Loot detected in slot 1. Clicking it.
2026-07-17 01:26:48 ThievingPhase: Stall ready. Clicking.
2026-07-17 01:26:50 ThievingPhase: Loot detected in slot 1. Clicking it.
2026-07-17 01:26:51 ThievingPhase: Stall ready. Clicking.
2026-07-17 01:26:53 ThievingPhase: Loot detected in slot 1. Clicking it.
2026-07-17 01:26:54 ThievingPhase: Stall ready. Clicking.
2026-07-17 01:26:55 ThievingPhase: Loot detected in slot 1. Clicking it.
2026-07-17 01:26:57 ThievingPhase: Stall ready. Clicking.
2026-07-17 01:26:59 ThievingPhase: Loot detected in slot 1. Clicking it.
2026-07-17 01:27:00 ThievingPhase: Stall ready. Clicking.
2026-07-17 01:27:02 ThievingPhase: Loot detected in slot 1. Clicking it.
2026-07-17 01:27:03 ThievingPhase: Stall ready. Clicking.
2026-07-17 01:27:05 ThievingPhase: Loot detected in slot 1. Clicking it.
2026-07-17 01:27:06 ThievingPhase: Stall ready. Clicking.
2026-07-17 01:27:07 ThievingPhase: Loot detected in slot 1. Clicking it.
2026-07-17 01:27:09 ThievingPhase: Stall ready. Clicking.
2026-07-17 01:27:11 ThievingPhase: Loot detected in slot 1. Clicking it.
2026-07-17 01:27:12 ThievingPhase: Stall ready. Clicking.
2026-07-17 01:27:13 ThievingPhase: Loot detected in slot 1. Clicking it.
2026-07-17 01:27:15 ThievingPhase: Stall ready. Clicking.
2026-07-17 01:27:17 ThievingPhase: Loot detected in slot 1. Clicking it.
2026-07-17 01:27:18 ThievingPhase: Stall ready. Clicking.
2026-07-17 01:27:20 ThievingPhase: Loot detected in slot 1. Clicking it.
2026-07-17 01:27:21 ThievingPhase: Stall ready. Clicking.
2026-07-17 01:27:22 ThievingPhase: Loot detected in slot 1. Clicking it.
2026-07-17 01:27:24 ThievingPhase: Stall ready. Clicking.
2026-07-17 01:27:26 ThievingPhase: Loot detected in slot 1. Clicking it.
2026-07-17 01:27:27 ThievingPhase: Stall ready. Clicking.
2026-07-17 01:27:29 ThievingPhase: Loot detected in slot 1. Clicking it.
2026-07-17 01:27:30 ThievingPhase: Stall ready. Clicking.
2026-07-17 01:27:31 ThievingPhase: Loot detected in slot 1. Clicking it.
2026-07-17 01:27:33 ThievingPhase: Stall ready. Clicking.
2026-07-17 01:27:35 ThievingPhase: Loot detected in slot 1. Clicking it.
2026-07-17 01:27:36 ThievingPhase: Stall ready. Clicking.
2026-07-17 01:27:39 ThievingPhase: No loot after 2000ms - assuming detected, waiting for combat.
2026-07-17 01:27:43 WaitCombatPhase: No combat signal after 4000ms - retrying
2026-07-17 01:27:43 ThievingPhase: Stall ready. Clicking.
2026-07-17 01:27:44 ThievingPhase: Loot detected in slot 1. Clicking it.
2026-07-17 01:27:46 ThievingPhase: Stall ready. Clicking.
2026-07-17 01:27:47 ThievingPhase: Loot detected in slot 1. Clicking it.
2026-07-17 01:27:49 ThievingPhase: Stall ready. Clicking.
2026-07-17 01:27:50 ThievingPhase: Loot detected in slot 1. Clicking it.
2026-07-17 01:27:52 ThievingPhase: Stall ready. Clicking.
2026-07-17 01:27:53 ThievingPhase: Loot detected in slot 1. Clicking it.
2026-07-17 01:27:55 ThievingPhase: Stall ready. Clicking.
2026-07-17 01:27:56 ThievingPhase: Loot detected in slot 1. Clicking it.
2026-07-17 01:27:58 ThievingPhase: Stall ready. Clicking.
2026-07-17 01:27:59 ThievingPhase: Loot detected in slot 1. Clicking it.
2026-07-17 01:28:01 ThievingPhase: Stall ready. Clicking.
2026-07-17 01:28:02 ThievingPhase: Loot detected in slot 1. Clicking it.
2026-07-17 01:28:04 ThievingPhase: Stall ready. Clicking.
2026-07-17 01:28:05 ThievingPhase: Loot detected in slot 1. Clicking it.
2026-07-17 01:28:07 ThievingPhase: Stall ready. Clicking.
2026-07-17 01:28:08 ThievingPhase: Loot detected in slot 1. Clicking it.
2026-07-17 01:28:10 ThievingPhase: Stall ready. Clicking.
2026-07-17 01:28:11 ThievingPhase: Loot detected in slot 1. Clicking it.
2026-07-17 01:28:13 ThievingPhase: Stall ready. Clicking.
2026-07-17 01:28:14 ThievingPhase: Loot detected in slot 1. Clicking it.
2026-07-17 01:28:16 ThievingPhase: Stall ready. Clicking.
2026-07-17 01:28:17 ThievingPhase: Loot detected in slot 1. Clicking it.
2026-07-17 01:28:19 ThievingPhase: Stall ready. Clicking.
2026-07-17 01:28:20 ThievingPhase: Loot detected in slot 1. Clicking it.
2026-07-17 01:28:22 ThievingPhase: Stall ready. Clicking.
2026-07-17 01:28:23 ThievingPhase: Loot detected in slot 1. Clicking it.
2026-07-17 01:28:25 ThievingPhase: Stall ready. Clicking.
2026-07-17 01:28:26 ThievingPhase: Loot detected in slot 1. Clicking it.
2026-07-17 01:28:28 ThievingPhase: Stall ready. Clicking.
2026-07-17 01:28:29 ThievingPhase: Loot detected in slot 1. Clicking it.
2026-07-17 01:28:31 ThievingPhase: Stall ready. Clicking.
2026-07-17 01:28:32 ThievingPhase: Loot detected in slot 1. Clicking it.
2026-07-17 01:28:34 ThievingPhase: Stall ready. Clicking.
2026-07-17 01:28:35 ThievingPhase: Loot detected in slot 1. Clicking it.
2026-07-17 01:28:37 ThievingPhase: Stall ready. Clicking.
2026-07-17 01:28:38 ThievingPhase: Loot detected in slot 1. Clicking it.
2026-07-17 01:28:40 ThievingPhase: Stall ready. Clicking.
2026-07-17 01:28:41 ThievingPhase: Loot detected in slot 1. Clicking it.
2026-07-17 01:28:43 ThievingPhase: Stall ready. Clicking.
2026-07-17 01:28:44 ThievingPhase: Loot detected in slot 1. Clicking it.
2026-07-17 01:28:46 ThievingPhase: Stall ready. Clicking.
2026-07-17 01:28:47 ThievingPhase: Loot detected in slot 1. Clicking it.
2026-07-17 01:28:49 ThievingPhase: Stall ready. Clicking.
2026-07-17 01:28:50 ThievingPhase: Loot detected in slot 1. Clicking it.
2026-07-17 01:28:52 ThievingPhase: Stall ready. Clicking.
2026-07-17 01:28:53 ThievingPhase: Loot detected in slot 1. Clicking it.
2026-07-17 01:28:55 ThievingPhase: Stall ready. Clicking.
2026-07-17 01:28:56 ThievingPhase: Loot detected in slot 1. Clicking it.
2026-07-17 01:28:58 ThievingPhase: Stall ready. Clicking.
2026-07-17 01:28:59 ThievingPhase: Loot detected in slot 1. Clicking it.
2026-07-17 01:29:01 ThievingPhase: Stall ready. Clicking.
2026-07-17 01:29:02 ThievingPhase: Loot detected in slot 1. Clicking it.
2026-07-17 01:29:04 ThievingPhase: Stall ready. Clicking.
2026-07-17 01:29:05 ThievingPhase: Loot detected in slot 1. Clicking it.
2026-07-17 01:29:07 ThievingPhase: Stall ready. Clicking.
2026-07-17 01:29:08 ThievingPhase: Loot detected in slot 1. Clicking it.
2026-07-17 01:29:10 ThievingPhase: Stall ready. Clicking.
2026-07-17 01:29:11 ThievingPhase: Loot detected in slot 1. Clicking it.
2026-07-17 01:29:13 ThievingPhase: Stall ready. Clicking.
2026-07-17 01:29:14 ThievingPhase: Loot detected in slot 1. Clicking it.
2026-07-17 01:29:16 ThievingPhase: Stall ready. Clicking.
2026-07-17 01:29:17 ThievingPhase: Loot detected in slot 1. Clicking it.
2026-07-17 01:29:19 ThievingPhase: Stall ready. Clicking.
2026-07-17 01:29:20 ThievingPhase: Loot detected in slot 1. Clicking it.
2026-07-17 01:29:22 ThievingPhase: Stall ready. Clicking.
2026-07-17 01:29:23 ThievingPhase: Loot detected in slot 1. Clicking it.
2026-07-17 01:29:25 ThievingPhase: Stall ready. Clicking.
2026-07-17 01:29:26 ThievingPhase: Loot detected in slot 1. Clicking it.
2026-07-17 01:29:28 ThievingPhase: Stall ready. Clicking.
2026-07-17 01:29:29 ThievingPhase: Loot detected in slot 1. Clicking it.
2026-07-17 01:29:31 ThievingPhase: Stall ready. Clicking.
2026-07-17 01:29:32 ThievingPhase: Loot detected in slot 1. Clicking it.
2026-07-17 01:29:34 ThievingPhase: Stall ready. Clicking.
2026-07-17 01:29:35 ThievingPhase: Loot detected in slot 1. Clicking it.
2026-07-17 01:29:37 ThievingPhase: Stall ready. Clicking.
2026-07-17 01:29:38 ThievingPhase: Loot detected in slot 1. Clicking it.
2026-07-17 01:29:40 ThievingPhase: Stall ready. Clicking.
2026-07-17 01:29:41 ThievingPhase: Loot detected in slot 1. Clicking it.
2026-07-17 01:29:43 ThievingPhase: Stall ready. Clicking.
2026-07-17 01:29:44 ThievingPhase: Loot detected in slot 1. Clicking it.
2026-07-17 01:29:46 ThievingPhase: Stall ready. Clicking.
2026-07-17 01:29:47 ThievingPhase: Loot detected in slot 1. Clicking it.
2026-07-17 01:29:49 ThievingPhase: Stall ready. Clicking.
2026-07-17 01:29:50 ThievingPhase: Loot detected in slot 1. Clicking it.
2026-07-17 01:29:52 ThievingPhase: Stall ready. Clicking.
2026-07-17 01:29:53 ThievingPhase: Loot detected in slot 1. Clicking it.
2026-07-17 01:29:55 ThievingPhase: Stall ready. Clicking.
2026-07-17 01:29:56 ThievingPhase: Loot detected in slot 1. Clicking it.
2026-07-17 01:29:58 ThievingPhase: Stall ready. Clicking.
2026-07-17 01:29:59 ThievingPhase: Loot detected in slot 1. Clicking it.
2026-07-17 01:30:01 ThievingPhase: Stall ready. Clicking.
2026-07-17 01:30:02 ThievingPhase: Loot detected in slot 1. Clicking it.
2026-07-17 01:30:04 ThievingPhase: Stall ready. Clicking.
2026-07-17 01:30:05 ThievingPhase: Loot detected in slot 1. Clicking it.
2026-07-17 01:30:07 ThievingPhase: Stall ready. Clicking.
2026-07-17 01:30:08 ThievingPhase: Loot detected in slot 1. Clicking it.
2026-07-17 01:30:10 ThievingPhase: Stall ready. Clicking.
2026-07-17 01:30:11 ThievingPhase: Loot detected in slot 1. Clicking it.
2026-07-17 01:30:13 ThievingPhase: Stall ready. Clicking.
2026-07-17 01:30:14 ThievingPhase: Loot detected in slot 1. Clicking it.
2026-07-17 01:30:16 ThievingPhase: Stall ready. Clicking.
2026-07-17 01:30:17 ThievingPhase: Loot detected in slot 1. Clicking it.
2026-07-17 01:30:19 ThievingPhase: Stall ready. Clicking.
2026-07-17 01:30:20 ThievingPhase: Loot detected in slot 1. Clicking it.
2026-07-17 01:30:22 ThievingPhase: Stall ready. Clicking.
2026-07-17 01:30:23 ThievingPhase: Loot detected in slot 1. Clicking it.
2026-07-17 01:30:25 ThievingPhase: Stall ready. Clicking.
2026-07-17 01:30:26 ThievingPhase: Loot detected in slot 1. Clicking it.
2026-07-17 01:30:28 ThievingPhase: Stall ready. Clicking.
2026-07-17 01:30:29 ThievingPhase: Loot detected in slot 1. Clicking it.
2026-07-17 01:30:31 ThievingPhase: Stall ready. Clicking.
2026-07-17 01:30:32 ThievingPhase: Loot detected in slot 1. Clicking it.
2026-07-17 01:30:34 ThievingPhase: Stall ready. Clicking.
2026-07-17 01:30:35 ThievingPhase: Loot detected in slot 1. Clicking it.
2026-07-17 01:30:37 ThievingPhase: Stall ready. Clicking.
2026-07-17 01:30:38 ThievingPhase: Loot detected in slot 1. Clicking it.
2026-07-17 01:30:40 ThievingPhase: Stall ready. Clicking.
2026-07-17 01:30:41 ThievingPhase: Loot detected in slot 1. Clicking it.
2026-07-17 01:30:43 ThievingPhase: Stall ready. Clicking.
2026-07-17 01:30:44 ThievingPhase: Loot detected in slot 1. Clicking it.
2026-07-17 01:30:46 ThievingPhase: Stall ready. Clicking.
2026-07-17 01:30:47 ThievingPhase: Loot detected in slot 1. Clicking it.
2026-07-17 01:30:49 ThievingPhase: Stall ready. Clicking.
2026-07-17 01:30:50 ThievingPhase: Loot detected in slot 1. Clicking it.
2026-07-17 01:30:52 ThievingPhase: Stall ready. Clicking.
2026-07-17 01:30:53 ThievingPhase: Loot detected in slot 1. Clicking it.
2026-07-17 01:30:55 ThievingPhase: Stall ready. Clicking.
2026-07-17 01:30:56 ThievingPhase: Loot detected in slot 1. Clicking it.
2026-07-17 01:30:58 ThievingPhase: Stall ready. Clicking.
2026-07-17 01:30:59 ThievingPhase: Loot detected in slot 1. Clicking it.
2026-07-17 01:31:01 ThievingPhase: Stall ready. Clicking.
2026-07-17 01:31:02 ThievingPhase: Loot detected in slot 1. Clicking it.
2026-07-17 01:31:04 ThievingPhase: Stall ready. Clicking.
2026-07-17 01:31:05 ThievingPhase: Loot detected in slot 1. Clicking it.
2026-07-17 01:31:07 ThievingPhase: Stall ready. Clicking.
2026-07-17 01:31:08 ThievingPhase: Loot detected in slot 1. Clicking it.
2026-07-17 01:31:10 ThievingPhase: Stall ready. Clicking.
2026-07-17 01:31:11 ThievingPhase: Loot detected in slot 1. Clicking it.
2026-07-17 01:31:13 ThievingPhase: Stall ready. Clicking.
2026-07-17 01:31:14 ThievingPhase: Loot detected in slot 1. Clicking it.
2026-07-17 01:31:16 ThievingPhase: Stall ready. Clicking.
2026-07-17 01:31:17 ThievingPhase: Loot detected in slot 1. Clicking it.
2026-07-17 01:31:19 ThievingPhase: Stall ready. Clicking.
2026-07-17 01:31:20 ThievingPhase: Loot detected in slot 1. Clicking it.
2026-07-17 01:31:22 ThievingPhase: Stall ready. Clicking.
2026-07-17 01:31:23 ThievingPhase: Loot detected in slot 1. Clicking it.
2026-07-17 01:31:25 ThievingPhase: Stall ready. Clicking.
2026-07-17 01:31:26 ThievingPhase: Loot detected in slot 1. Clicking it.
2026-07-17 01:31:28 ThievingPhase: Stall ready. Clicking.
2026-07-17 01:31:29 ThievingPhase: Loot detected in slot 1. Clicking it.
2026-07-17 01:31:31 ThievingPhase: Stall ready. Clicking.
2026-07-17 01:31:32 ThievingPhase: Loot detected in slot 1. Clicking it.
2026-07-17 01:31:34 ThievingPhase: Stall ready. Clicking.
2026-07-17 01:31:35 ThievingPhase: Loot detected in slot 1. Clicking it.
2026-07-17 01:31:37 ThievingPhase: Stall ready. Clicking.
2026-07-17 01:31:38 ThievingPhase: Loot detected in slot 1. Clicking it.
2026-07-17 01:31:40 ThievingPhase: Stall ready. Clicking.
2026-07-17 01:31:41 ThievingPhase: Loot detected in slot 1. Clicking it.
2026-07-17 01:31:43 ThievingPhase: Stall ready. Clicking.
2026-07-17 01:31:44 ThievingPhase: Loot detected in slot 1. Clicking it.
2026-07-17 01:31:46 ThievingPhase: Stall ready. Clicking.
2026-07-17 01:31:47 ThievingPhase: Loot detected in slot 1. Clicking it.
2026-07-17 01:31:49 ThievingPhase: Stall ready. Clicking.
2026-07-17 01:31:50 ThievingPhase: Loot detected in slot 1. Clicking it.
2026-07-17 01:31:52 ThievingPhase: Stall ready. Clicking.
2026-07-17 01:31:53 ThievingPhase: Loot detected in slot 1. Clicking it.
2026-07-17 01:31:55 ThievingPhase: Stall ready. Clicking.
2026-07-17 01:31:56 ThievingPhase: Loot detected in slot 1. Clicking it.
2026-07-17 01:31:58 ThievingPhase: Stall ready. Clicking.
2026-07-17 01:31:59 ThievingPhase: Loot detected in slot 1. Clicking it.
2026-07-17 01:32:01 ThievingPhase: Stall ready. Clicking.
2026-07-17 01:32:02 ThievingPhase: Loot detected in slot 1. Clicking it.
2026-07-17 01:32:04 ThievingPhase: Stall ready. Clicking.
2026-07-17 01:32:05 ThievingPhase: Loot detected in slot 1. Clicking it.
2026-07-17 01:32:07 ThievingPhase: Stall ready. Clicking.
2026-07-17 01:32:08 ThievingPhase: Loot detected in slot 1. Clicking it.
2026-07-17 01:32:10 ThievingPhase: Stall ready. Clicking.
2026-07-17 01:32:11 ThievingPhase: Loot detected in slot 1. Clicking it.
2026-07-17 01:32:13 ThievingPhase: Stall ready. Clicking.
2026-07-17 01:32:14 ThievingPhase: Loot detected in slot 1. Clicking it.
2026-07-17 01:32:16 ThievingPhase: Stall ready. Clicking.
2026-07-17 01:32:17 ThievingPhase: Loot detected in slot 1. Clicking it.
2026-07-17 01:32:19 ThievingPhase: Stall ready. Clicking.
2026-07-17 01:32:20 ThievingPhase: Loot detected in slot 1. Clicking it.
2026-07-17 01:32:22 ThievingPhase: Stall ready. Clicking.
2026-07-17 01:32:23 ThievingPhase: Loot detected in slot 1. Clicking it.
2026-07-17 01:32:25 ThievingPhase: Stall ready. Clicking.
2026-07-17 01:32:26 ThievingPhase: Loot detected in slot 1. Clicking it.
2026-07-17 01:32:28 ThievingPhase: Stall ready. Clicking.
2026-07-17 01:32:29 ThievingPhase: Loot detected in slot 1. Clicking it.
2026-07-17 01:32:31 ThievingPhase: Stall ready. Clicking.
2026-07-17 01:32:32 ThievingPhase: Loot detected in slot 1. Clicking it.
2026-07-17 01:32:34 ThievingPhase: Stall ready. Clicking.
2026-07-17 01:32:35 ThievingPhase: Loot detected in slot 1. Clicking it.
2026-07-17 01:32:37 ThievingPhase: Stall ready. Clicking.
2026-07-17 01:32:38 ThievingPhase: Loot detected in slot 1. Clicking it.
2026-07-17 01:32:40 ThievingPhase: Stall ready. Clicking.
2026-07-17 01:32:41 ThievingPhase: Loot detected in slot 1. Clicking it.
2026-07-17 01:32:43 ThievingPhase: Stall ready. Clicking.
2026-07-17 01:32:44 ThievingPhase: Loot detected in slot 1. Clicking it.
2026-07-17 01:32:46 ThievingPhase: Stall ready. Clicking.
2026-07-17 01:32:47 ThievingPhase: Loot detected in slot 1. Clicking it.
2026-07-17 01:32:49 ThievingPhase: Stall ready. Clicking.
2026-07-17 01:32:50 ThievingPhase: Loot detected in slot 1. Clicking it.
2026-07-17 01:32:52 ThievingPhase: Stall ready. Clicking.
2026-07-17 01:32:53 ThievingPhase: Loot detected in slot 1. Clicking it.
2026-07-17 01:32:55 ThievingPhase: Stall ready. Clicking.
2026-07-17 01:32:56 ThievingPhase: Loot detected in slot 1. Clicking it.
2026-07-17 01:32:58 ThievingPhase: Stall ready. Clicking.
2026-07-17 01:32:59 ThievingPhase: Loot detected in slot 1. Clicking it.
2026-07-17 01:33:01 ThievingPhase: Stall ready. Clicking.
2026-07-17 01:33:02 ThievingPhase: Loot detected in slot 1. Clicking it.
2026-07-17 01:33:04 ThievingPhase: Stall ready. Clicking.
2026-07-17 01:33:05 ThievingPhase: Loot detected in slot 1. Clicking it.
2026-07-17 01:33:07 ThievingPhase: Stall ready. Clicking.
2026-07-17 01:33:08 ThievingPhase: Loot detected in slot 1. Clicking it.
2026-07-17 01:33:10 ThievingPhase: Stall ready. Clicking.
2026-07-17 01:33:11 ThievingPhase: Loot detected in slot 1. Clicking it.
2026-07-17 01:33:13 ThievingPhase: Stall ready. Clicking.
2026-07-17 01:33:14 ThievingPhase: Loot detected in slot 1. Clicking it.
2026-07-17 01:33:16 ThievingPhase: Stall ready. Clicking.
2026-07-17 01:33:17 ThievingPhase: Loot detected in slot 1. Clicking it.
2026-07-17 01:33:19 ThievingPhase: Stall ready. Clicking.
2026-07-17 01:33:20 ThievingPhase: Loot detected in slot 1. Clicking it.
2026-07-17 01:33:22 ThievingPhase: Stall ready. Clicking.
2026-07-17 01:33:23 ThievingPhase: Loot detected in slot 1. Clicking it.
2026-07-17 01:33:25 ThievingPhase: Stall ready. Clicking.
2026-07-17 01:33:26 ThievingPhase: Loot detected in slot 1. Clicking it.
2026-07-17 01:33:28 ThievingPhase: Stall ready. Clicking.
2026-07-17 01:33:29 ThievingPhase: Loot detected in slot 1. Clicking it.
2026-07-17 01:33:31 ThievingPhase: Stall ready. Clicking.
2026-07-17 01:33:32 ThievingPhase: Loot detected in slot 1. Clicking it.
2026-07-17 01:33:34 ThievingPhase: Stall ready. Clicking.
2026-07-17 01:33:35 ThievingPhase: Loot detected in slot 1. Clicking it.
2026-07-17 01:33:37 ThievingPhase: Stall ready. Clicking.
2026-07-17 01:33:38 ThievingPhase: Loot detected in slot 1. Clicking it.
2026-07-17 01:33:40 ThievingPhase: Stall ready. Clicking.
2026-07-17 01:33:41 ThievingPhase: Loot detected in slot 1. Clicking it.
2026-07-17 01:33:43 ThievingPhase: Stall ready. Clicking.
2026-07-17 01:33:44 ThievingPhase: Loot detected in slot 1. Clicking it.
2026-07-17 01:33:46 ThievingPhase: Stall ready. Clicking.
2026-07-17 01:33:47 ThievingPhase: Loot detected in slot 1. Clicking it.
2026-07-17 01:33:49 ThievingPhase: Stall ready. Clicking.
2026-07-17 01:33:50 ThievingPhase: Loot detected in slot 1. Clicking it.
2026-07-17 01:33:52 ThievingPhase: Stall ready. Clicking.
2026-07-17 01:33:53 ThievingPhase: Loot detected in slot 1. Clicking it.
2026-07-17 01:33:55 ThievingPhase: Stall ready. Clicking.
2026-07-17 01:33:56 ThievingPhase: Loot detected in slot 1. Clicking it.
2026-07-17 01:33:58 ThievingPhase: Stall ready. Clicking.
2026-07-17 01:33:59 ThievingPhase: Loot detected in slot 1. Clicking it.
2026-07-17 01:34:01 ThievingPhase: Stall ready. Clicking.
2026-07-17 01:34:02 ThievingPhase: Loot detected in slot 1. Clicking it.
2026-07-17 01:34:04 ThievingPhase: Stall ready. Clicking.
2026-07-17 01:34:05 ThievingPhase: Loot detected in slot 1. Clicking it.
2026-07-17 01:34:07 ThievingPhase: Stall ready. Clicking.
2026-07-17 01:34:08 ThievingPhase: Loot detected in slot 1. Clicking it.
2026-07-17 01:34:10 ThievingPhase: Stall ready. Clicking.
2026-07-17 01:34:11 ThievingPhase: Loot detected in slot 1. Clicking it.
2026-07-17 01:34:13 ThievingPhase: Stall ready. Clicking.
2026-07-17 01:34:14 ThievingPhase: Loot detected in slot 1. Clicking it.
2026-07-17 01:34:16 ThievingPhase: Stall ready. Clicking.
2026-07-17 01:34:17 ThievingPhase: Loot detected in slot 1. Clicking it.
2026-07-17 01:34:19 ThievingPhase: Stall ready. Clicking.
2026-07-17 01:34:20 ThievingPhase: Loot detected in slot 1. Clicking it.
2026-07-17 01:34:22 ThievingPhase: Stall ready. Clicking.
2026-07-17 01:34:23 ThievingPhase: Loot detected in slot 1. Clicking it.
2026-07-17 01:34:25 ThievingPhase: Stall ready. Clicking.
2026-07-17 01:34:26 ThievingPhase: Loot detected in slot 1. Clicking it.
2026-07-17 01:34:28 ThievingPhase: Stall ready. Clicking.
2026-07-17 01:34:29 ThievingPhase: Loot detected in slot 1. Clicking it.
2026-07-17 01:34:31 ThievingPhase: Stall ready. Clicking.
2026-07-17 01:34:32 ThievingPhase: Loot detected in slot 1. Clicking it.
2026-07-17 01:34:34 ThievingPhase: Stall ready. Clicking.
2026-07-17 01:34:35 ThievingPhase: Loot detected in slot 1. Clicking it.
2026-07-17 01:34:37 ThievingPhase: Stall ready. Clicking.
2026-07-17 01:34:38 ThievingPhase: Loot detected in slot 1. Clicking it.
2026-07-17 01:34:40 ThievingPhase: Stall ready. Clicking.
2026-07-17 01:34:41 ThievingPhase: Loot detected in slot 1. Clicking it.
2026-07-17 01:34:43 ThievingPhase: Stall ready. Clicking.
2026-07-17 01:34:44 ThievingPhase: Loot detected in slot 1. Clicking it.
2026-07-17 01:34:46 ThievingPhase: Stall ready. Clicking.
2026-07-17 01:34:47 ThievingPhase: Loot detected in slot 1. Clicking it.
2026-07-17 01:34:49 ThievingPhase: Stall ready. Clicking.
2026-07-17 01:34:50 ThievingPhase: Loot detected in slot 1. Clicking it.
2026-07-17 01:34:52 ThievingPhase: Stall ready. Clicking.
2026-07-17 01:34:53 ThievingPhase: Loot detected in slot 1. Clicking it.
2026-07-17 01:34:55 ThievingPhase: Stall ready. Clicking.
2026-07-17 01:34:56 ThievingPhase: Loot detected in slot 1. Clicking it.
2026-07-17 01:34:58 ThievingPhase: Stall ready. Clicking.
2026-07-17 01:34:59 ThievingPhase: Loot detected in slot 1. Clicking it.
2026-07-17 01:35:01 ThievingPhase: Stall ready. Clicking.
2026-07-17 01:35:02 ThievingPhase: Loot detected in slot 1. Clicking it.
2026-07-17 01:35:04 ThievingPhase: Stall ready. Clicking.
2026-07-17 01:35:05 ThievingPhase: Loot detected in slot 1. Clicking it.
2026-07-17 01:35:07 ThievingPhase: Stall ready. Clicking.
2026-07-17 01:35:08 ThievingPhase: Loot detected in slot 1. Clicking it.
2026-07-17 01:35:10 ThievingPhase: Stall ready. Clicking.
2026-07-17 01:35:11 ThievingPhase: Loot detected in slot 1. Clicking it.
2026-07-17 01:35:13 ThievingPhase: Stall ready. Clicking.
2026-07-17 01:35:14 ThievingPhase: Loot detected in slot 1. Clicking it.
2026-07-17 01:35:16 ThievingPhase: Stall ready. Clicking.
2026-07-17 01:35:17 ThievingPhase: Loot detected in slot 1. Clicking it.
2026-07-17 01:35:19 ThievingPhase: Stall ready. Clicking.
2026-07-17 01:35:21 ThievingPhase: No loot after 2000ms - assuming detected, waiting for combat.
2026-07-17 01:35:25 WaitCombatPhase: No combat signal after 4000ms - retrying
2026-07-17 01:35:25 ThievingPhase: Stall ready. Clicking.
2026-07-17 01:35:27 ThievingPhase: Loot detected in slot 1. Clicking it.
2026-07-17 01:35:29 ThievingPhase: Stall ready. Clicking.
2026-07-17 01:35:30 ThievingPhase: Loot detected in slot 1. Clicking it.
2026-07-17 01:35:32 ThievingPhase: Stall ready. Clicking.
2026-07-17 01:35:33 ThievingPhase: Loot detected in slot 1. Clicking it.
2026-07-17 01:35:35 ThievingPhase: Stall ready. Clicking.
2026-07-17 01:35:36 ThievingPhase: Loot detected in slot 1. Clicking it.
2026-07-17 01:35:38 ThievingPhase: Stall ready. Clicking.
2026-07-17 01:35:39 ThievingPhase: Loot detected in slot 1. Clicking it.
2026-07-17 01:35:40 ThievingPhase: Stall ready. Clicking.
2026-07-17 01:35:42 ThievingPhase: Loot detected in slot 1. Clicking it.
2026-07-17 01:35:44 ThievingPhase: Stall ready. Clicking.
2026-07-17 01:35:45 ThievingPhase: Loot detected in slot 1. Clicking it.
2026-07-17 01:35:47 ThievingPhase: Stall ready. Clicking.
2026-07-17 01:35:48 ThievingPhase: Loot detected in slot 1. Clicking it.
2026-07-17 01:35:50 ThievingPhase: Stall ready. Clicking.
2026-07-17 01:35:51 ThievingPhase: Loot detected in slot 1. Clicking it.
2026-07-17 01:35:53 ThievingPhase: Stall ready. Clicking.
2026-07-17 01:35:54 ThievingPhase: Loot detected in slot 1. Clicking it.
2026-07-17 01:35:56 ThievingPhase: Stall ready. Clicking.
2026-07-17 01:35:57 ThievingPhase: Loot detected in slot 1. Clicking it.
2026-07-17 01:35:59 ThievingPhase: Stall ready. Clicking.
2026-07-17 01:36:00 ThievingPhase: Loot detected in slot 1. Clicking it.
2026-07-17 01:36:02 ThievingPhase: Stall ready. Clicking.
2026-07-17 01:36:03 ThievingPhase: Loot detected in slot 1. Clicking it.
2026-07-17 01:36:05 ThievingPhase: Stall ready. Clicking.
2026-07-17 01:36:06 ThievingPhase: Loot detected in slot 1. Clicking it.
2026-07-17 01:36:08 ThievingPhase: Stall ready. Clicking.
2026-07-17 01:36:09 ThievingPhase: Loot detected in slot 1. Clicking it.
2026-07-17 01:36:11 ThievingPhase: Stall ready. Clicking.
2026-07-17 01:36:12 ThievingPhase: Loot detected in slot 1. Clicking it.
2026-07-17 01:36:14 ThievingPhase: Stall ready. Clicking.
2026-07-17 01:36:15 ThievingPhase: Loot detected in slot 1. Clicking it.
2026-07-17 01:36:17 ThievingPhase: Stall ready. Clicking.
2026-07-17 01:36:18 ThievingPhase: Loot detected in slot 1. Clicking it.
2026-07-17 01:36:20 ThievingPhase: Stall ready. Clicking.
2026-07-17 01:36:21 ThievingPhase: Loot detected in slot 1. Clicking it.
2026-07-17 01:36:22 ThievingPhase: Stall ready. Clicking.
2026-07-17 01:36:24 ThievingPhase: Loot detected in slot 1. Clicking it.
2026-07-17 01:36:26 ThievingPhase: Stall ready. Clicking.
2026-07-17 01:36:27 ThievingPhase: Loot detected in slot 1. Clicking it.
2026-07-17 01:36:29 ThievingPhase: Stall ready. Clicking.
2026-07-17 01:36:30 ThievingPhase: Loot detected in slot 1. Clicking it.
2026-07-17 01:36:32 ThievingPhase: Stall ready. Clicking.
2026-07-17 01:36:33 ThievingPhase: Loot detected in slot 1. Clicking it.
2026-07-17 01:36:35 ThievingPhase: Stall ready. Clicking.
2026-07-17 01:36:36 ThievingPhase: Loot detected in slot 1. Clicking it.
2026-07-17 01:36:38 ThievingPhase: Stall ready. Clicking.
2026-07-17 01:36:39 ThievingPhase: Loot detected in slot 1. Clicking it.
2026-07-17 01:36:41 ThievingPhase: Stall ready. Clicking.
2026-07-17 01:36:42 ThievingPhase: Loot detected in slot 1. Clicking it.
2026-07-17 01:36:44 ThievingPhase: Stall ready. Clicking.
2026-07-17 01:36:45 ThievingPhase: Loot detected in slot 1. Clicking it.
2026-07-17 01:36:47 ThievingPhase: Stall ready. Clicking.
2026-07-17 01:36:48 ThievingPhase: Loot detected in slot 1. Clicking it.
2026-07-17 01:36:50 ThievingPhase: Stall ready. Clicking.
2026-07-17 01:36:51 ThievingPhase: Loot detected in slot 1. Clicking it.
2026-07-17 01:36:53 ThievingPhase: Stall ready. Clicking.
2026-07-17 01:36:54 ThievingPhase: Loot detected in slot 1. Clicking it.
2026-07-17 01:36:56 ThievingPhase: Stall ready. Clicking.
2026-07-17 01:36:58 ThievingPhase: No loot after 2000ms - assuming detected, waiting for combat.
2026-07-17 01:37:02 WaitCombatPhase: No combat signal after 4000ms - retrying
2026-07-17 01:37:02 ThievingPhase: Stall ready. Clicking.
2026-07-17 01:37:03 ThievingPhase: Loot detected in slot 1. Clicking it.
2026-07-17 01:37:05 ThievingPhase: Stall ready. Clicking.
2026-07-17 01:37:06 ThievingPhase: Loot detected in slot 1. Clicking it.
2026-07-17 01:37:08 ThievingPhase: Stall ready. Clicking.
2026-07-17 01:37:09 ThievingPhase: Loot detected in slot 1. Clicking it.
2026-07-17 01:37:11 ThievingPhase: Stall ready. Clicking.
2026-07-17 01:37:12 ThievingPhase: Loot detected in slot 1. Clicking it.
2026-07-17 01:37:14 ThievingPhase: Stall ready. Clicking.
2026-07-17 01:37:15 ThievingPhase: Loot detected in slot 1. Clicking it.
2026-07-17 01:37:17 ThievingPhase: Stall ready. Clicking.
2026-07-17 01:37:18 ThievingPhase: Loot detected in slot 1. Clicking it.
2026-07-17 01:37:20 ThievingPhase: Stall ready. Clicking.
2026-07-17 01:37:21 ThievingPhase: Loot detected in slot 1. Clicking it.
2026-07-17 01:37:23 ThievingPhase: Stall ready. Clicking.
2026-07-17 01:37:24 ThievingPhase: Loot detected in slot 1. Clicking it.
2026-07-17 01:37:26 ThievingPhase: Stall ready. Clicking.
2026-07-17 01:37:27 ThievingPhase: Loot detected in slot 1. Clicking it.
2026-07-17 01:37:29 ThievingPhase: Stall ready. Clicking.
2026-07-17 01:37:30 ThievingPhase: Loot detected in slot 1. Clicking it.
2026-07-17 01:37:32 ThievingPhase: Stall ready. Clicking.
2026-07-17 01:37:33 ThievingPhase: Loot detected in slot 1. Clicking it.
2026-07-17 01:37:35 ThievingPhase: Stall ready. Clicking.
2026-07-17 01:37:36 ThievingPhase: Loot detected in slot 1. Clicking it.
2026-07-17 01:37:38 ThievingPhase: Stall ready. Clicking.
2026-07-17 01:37:39 ThievingPhase: Loot detected in slot 1. Clicking it.
2026-07-17 01:37:41 ThievingPhase: Stall ready. Clicking.
2026-07-17 01:37:42 ThievingPhase: Loot detected in slot 1. Clicking it.
2026-07-17 01:37:44 ThievingPhase: Stall ready. Clicking.
2026-07-17 01:37:45 ThievingPhase: Loot detected in slot 1. Clicking it.
2026-07-17 01:37:47 ThievingPhase: Stall ready. Clicking.
2026-07-17 01:37:48 ThievingPhase: Loot detected in slot 1. Clicking it.
2026-07-17 01:37:50 ThievingPhase: Stall ready. Clicking.
2026-07-17 01:37:51 ThievingPhase: Loot detected in slot 1. Clicking it.
2026-07-17 01:37:53 ThievingPhase: Stall ready. Clicking.
2026-07-17 01:37:55 ThievingPhase: Loot detected in slot 1. Clicking it.
2026-07-17 01:37:57 ThievingPhase: Stall ready. Clicking.
2026-07-17 01:37:58 ThievingPhase: Loot detected in slot 1. Clicking it.
2026-07-17 01:38:00 ThievingPhase: Stall ready. Clicking.
2026-07-17 01:38:01 ThievingPhase: Loot detected in slot 1. Clicking it.
2026-07-17 01:38:03 ThievingPhase: Stall ready. Clicking.
2026-07-17 01:38:04 ThievingPhase: Loot detected in slot 1. Clicking it.
2026-07-17 01:38:06 ThievingPhase: Stall ready. Clicking.
2026-07-17 01:38:08 ThievingPhase: No loot after 2000ms - assuming detected, waiting for combat.
2026-07-17 01:38:12 WaitCombatPhase: No combat signal after 4000ms - retrying
2026-07-17 01:38:12 ThievingPhase: Stall ready. Clicking.
2026-07-17 01:38:14 ThievingPhase: Loot detected in slot 1. Clicking it.
2026-07-17 01:38:15 ThievingPhase: Stall ready. Clicking.
2026-07-17 01:38:17 ThievingPhase: Loot detected in slot 1. Clicking it.
2026-07-17 01:38:18 ThievingPhase: Stall ready. Clicking.
2026-07-17 01:38:20 ThievingPhase: Loot detected in slot 1. Clicking it.
2026-07-17 01:38:21 ThievingPhase: Stall ready. Clicking.
2026-07-17 01:38:23 ThievingPhase: Loot detected in slot 1. Clicking it.
2026-07-17 01:38:24 ThievingPhase: Stall ready. Clicking.
2026-07-17 01:38:26 ThievingPhase: Loot detected in slot 1. Clicking it.
2026-07-17 01:38:28 ThievingPhase: Stall ready. Clicking.
2026-07-17 01:38:29 ThievingPhase: Loot detected in slot 1. Clicking it.
2026-07-17 01:38:31 ThievingPhase: Stall ready. Clicking.
2026-07-17 01:38:32 ThievingPhase: Loot detected in slot 1. Clicking it.
2026-07-17 01:38:34 ThievingPhase: Stall ready. Clicking.
2026-07-17 01:38:35 ThievingPhase: Loot detected in slot 1. Clicking it.
2026-07-17 01:38:37 ThievingPhase: Stall ready. Clicking.
2026-07-17 01:38:38 ThievingPhase: Loot detected in slot 1. Clicking it.
2026-07-17 01:38:40 ThievingPhase: Stall ready. Clicking.
2026-07-17 01:38:41 ThievingPhase: Loot detected in slot 1. Clicking it.
2026-07-17 01:38:43 ThievingPhase: Stall ready. Clicking.
2026-07-17 01:38:44 ThievingPhase: Loot detected in slot 1. Clicking it.
2026-07-17 01:38:46 ThievingPhase: Stall ready. Clicking.
2026-07-17 01:38:47 ThievingPhase: Loot detected in slot 1. Clicking it.
2026-07-17 01:38:49 ThievingPhase: Stall ready. Clicking.
2026-07-17 01:38:50 ThievingPhase: Loot detected in slot 1. Clicking it.
2026-07-17 01:38:52 ThievingPhase: Stall ready. Clicking.
2026-07-17 01:38:53 ThievingPhase: Loot detected in slot 1. Clicking it.
2026-07-17 01:38:55 ThievingPhase: Stall ready. Clicking.
2026-07-17 01:38:56 ThievingPhase: Loot detected in slot 1. Clicking it.
2026-07-17 01:38:58 ThievingPhase: Stall ready. Clicking.
2026-07-17 01:38:59 ThievingPhase: Loot detected in slot 1. Clicking it.
2026-07-17 01:39:01 ThievingPhase: Stall ready. Clicking.
2026-07-17 01:39:02 ThievingPhase: Loot detected in slot 1. Clicking it.
2026-07-17 01:39:04 ThievingPhase: Stall ready. Clicking.
2026-07-17 01:39:05 ThievingPhase: Loot detected in slot 1. Clicking it.
2026-07-17 01:39:07 ThievingPhase: Stall ready. Clicking.
2026-07-17 01:39:08 ThievingPhase: Loot detected in slot 1. Clicking it.
2026-07-17 01:39:10 ThievingPhase: Stall ready. Clicking.
2026-07-17 01:39:11 ThievingPhase: Loot detected in slot 1. Clicking it.
2026-07-17 01:39:13 ThievingPhase: Stall ready. Clicking.
2026-07-17 01:39:14 ThievingPhase: Loot detected in slot 1. Clicking it.
2026-07-17 01:39:16 ThievingPhase: Stall ready. Clicking.
2026-07-17 01:39:17 ThievingPhase: Loot detected in slot 1. Clicking it.
2026-07-17 01:39:19 ThievingPhase: Stall ready. Clicking.
2026-07-17 01:39:20 ThievingPhase: Loot detected in slot 1. Clicking it.
2026-07-17 01:39:22 ThievingPhase: Stall ready. Clicking.
2026-07-17 01:39:23 ThievingPhase: Loot detected in slot 1. Clicking it.
2026-07-17 01:39:25 ThievingPhase: Stall ready. Clicking.
2026-07-17 01:39:26 ThievingPhase: Loot detected in slot 1. Clicking it.
2026-07-17 01:39:28 ThievingPhase: Stall ready. Clicking.
2026-07-17 01:39:29 ThievingPhase: Loot detected in slot 1. Clicking it.
2026-07-17 01:39:31 ThievingPhase: Stall ready. Clicking.
2026-07-17 01:39:32 ThievingPhase: Loot detected in slot 1. Clicking it.
2026-07-17 01:39:34 ThievingPhase: Stall ready. Clicking.
2026-07-17 01:39:35 ThievingPhase: Loot detected in slot 1. Clicking it.
2026-07-17 01:39:37 ThievingPhase: Stall ready. Clicking.
2026-07-17 01:39:38 ThievingPhase: Loot detected in slot 1. Clicking it.
2026-07-17 01:39:40 ThievingPhase: Stall ready. Clicking.
2026-07-17 01:39:41 ThievingPhase: Loot detected in slot 1. Clicking it.
2026-07-17 01:39:43 ThievingPhase: Stall ready. Clicking.
2026-07-17 01:39:44 ThievingPhase: Loot detected in slot 1. Clicking it.
2026-07-17 01:39:46 ThievingPhase: Stall ready. Clicking.
2026-07-17 01:39:47 ThievingPhase: Loot detected in slot 1. Clicking it.
2026-07-17 01:39:49 ThievingPhase: Stall ready. Clicking.
2026-07-17 01:39:50 ThievingPhase: Loot detected in slot 1. Clicking it.
2026-07-17 01:39:52 ThievingPhase: Stall ready. Clicking.
2026-07-17 01:39:53 ThievingPhase: Loot detected in slot 1. Clicking it.
2026-07-17 01:39:55 ThievingPhase: Stall ready. Clicking.
2026-07-17 01:39:56 ThievingPhase: Loot detected in slot 1. Clicking it.
2026-07-17 01:39:58 ThievingPhase: Stall ready. Clicking.
2026-07-17 01:39:59 ThievingPhase: Loot detected in slot 1. Clicking it.
2026-07-17 01:40:01 ThievingPhase: Stall ready. Clicking.
2026-07-17 01:40:02 ThievingPhase: Loot detected in slot 1. Clicking it.
2026-07-17 01:40:04 ThievingPhase: Stall ready. Clicking.
2026-07-17 01:40:05 ThievingPhase: Loot detected in slot 1. Clicking it.
2026-07-17 01:40:07 ThievingPhase: Stall ready. Clicking.
2026-07-17 01:40:08 ThievingPhase: Loot detected in slot 1. Clicking it.
2026-07-17 01:40:10 ThievingPhase: Stall ready. Clicking.
2026-07-17 01:40:11 ThievingPhase: Loot detected in slot 1. Clicking it.
2026-07-17 01:40:13 ThievingPhase: Stall ready. Clicking.
2026-07-17 01:40:14 ThievingPhase: Loot detected in slot 1. Clicking it.
2026-07-17 01:40:16 ThievingPhase: Stall ready. Clicking.
2026-07-17 01:40:17 ThievingPhase: Loot detected in slot 1. Clicking it.
2026-07-17 01:40:19 ThievingPhase: Stall ready. Clicking.
2026-07-17 01:40:20 ThievingPhase: Loot detected in slot 1. Clicking it.
2026-07-17 01:40:22 ThievingPhase: Stall ready. Clicking.
2026-07-17 01:40:23 ThievingPhase: Loot detected in slot 1. Clicking it.
2026-07-17 01:40:25 ThievingPhase: Stall ready. Clicking.
2026-07-17 01:40:26 ThievingPhase: Loot detected in slot 1. Clicking it.
2026-07-17 01:40:28 ThievingPhase: Stall ready. Clicking.
2026-07-17 01:40:29 ThievingPhase: Loot detected in slot 1. Clicking it.
2026-07-17 01:40:31 ThievingPhase: Stall ready. Clicking.
2026-07-17 01:40:32 ThievingPhase: Loot detected in slot 1. Clicking it.
2026-07-17 01:40:34 ThievingPhase: Stall ready. Clicking.
2026-07-17 01:40:35 ThievingPhase: Loot detected in slot 1. Clicking it.
2026-07-17 01:40:37 ThievingPhase: Stall ready. Clicking.
2026-07-17 01:40:38 ThievingPhase: Loot detected in slot 1. Clicking it.
2026-07-17 01:40:40 ThievingPhase: Stall ready. Clicking.
2026-07-17 01:40:41 ThievingPhase: Loot detected in slot 1. Clicking it.
2026-07-17 01:40:43 ThievingPhase: Stall ready. Clicking.
2026-07-17 01:40:44 ThievingPhase: Loot detected in slot 1. Clicking it.
2026-07-17 01:40:46 ThievingPhase: Stall ready. Clicking.
2026-07-17 01:40:47 ThievingPhase: Loot detected in slot 1. Clicking it.
2026-07-17 01:40:49 ThievingPhase: Stall ready. Clicking.
2026-07-17 01:40:50 ThievingPhase: Loot detected in slot 1. Clicking it.
2026-07-17 01:40:52 ThievingPhase: Stall ready. Clicking.
2026-07-17 01:40:53 ThievingPhase: Loot detected in slot 1. Clicking it.
2026-07-17 01:40:55 ThievingPhase: Stall ready. Clicking.
2026-07-17 01:40:56 ThievingPhase: Loot detected in slot 1. Clicking it.
2026-07-17 01:40:58 ThievingPhase: Stall ready. Clicking.
2026-07-17 01:40:59 ThievingPhase: Loot detected in slot 1. Clicking it.
2026-07-17 01:41:01 ThievingPhase: Stall ready. Clicking.
2026-07-17 01:41:02 ThievingPhase: Loot detected in slot 1. Clicking it.
2026-07-17 01:41:04 ThievingPhase: Stall ready. Clicking.
2026-07-17 01:41:05 ThievingPhase: Loot detected in slot 1. Clicking it.
2026-07-17 01:41:07 ThievingPhase: Stall ready. Clicking.
2026-07-17 01:41:08 ThievingPhase: Loot detected in slot 1. Clicking it.
2026-07-17 01:41:10 ThievingPhase: Stall ready. Clicking.
2026-07-17 01:41:11 ThievingPhase: Loot detected in slot 1. Clicking it.
2026-07-17 01:41:13 ThievingPhase: Stall ready. Clicking.
2026-07-17 01:41:14 ThievingPhase: Loot detected in slot 1. Clicking it.
2026-07-17 01:41:16 ThievingPhase: Stall ready. Clicking.
2026-07-17 01:41:17 ThievingPhase: Loot detected in slot 1. Clicking it.
2026-07-17 01:41:19 ThievingPhase: Stall ready. Clicking.
2026-07-17 01:41:20 ThievingPhase: Loot detected in slot 1. Clicking it.
2026-07-17 01:41:22 ThievingPhase: Stall ready. Clicking.
2026-07-17 01:41:23 ThievingPhase: Loot detected in slot 1. Clicking it.
2026-07-17 01:41:25 ThievingPhase: Stall ready. Clicking.
2026-07-17 01:41:26 ThievingPhase: Loot detected in slot 1. Clicking it.
2026-07-17 01:41:28 ThievingPhase: Stall ready. Clicking.
2026-07-17 01:41:29 ThievingPhase: Loot detected in slot 1. Clicking it.
2026-07-17 01:41:31 ThievingPhase: Stall ready. Clicking.
2026-07-17 01:41:32 ThievingPhase: Loot detected in slot 1. Clicking it.
2026-07-17 01:41:34 ThievingPhase: Stall ready. Clicking.
2026-07-17 01:41:35 ThievingPhase: Loot detected in slot 1. Clicking it.
2026-07-17 01:41:37 ThievingPhase: Stall ready. Clicking.
2026-07-17 01:41:38 ThievingPhase: Loot detected in slot 1. Clicking it.
2026-07-17 01:41:40 ThievingPhase: Stall ready. Clicking.
2026-07-17 01:41:41 ThievingPhase: Loot detected in slot 1. Clicking it.
2026-07-17 01:41:43 ThievingPhase: Stall ready. Clicking.
2026-07-17 01:41:44 ThievingPhase: Loot detected in slot 1. Clicking it.
2026-07-17 01:41:46 ThievingPhase: Stall ready. Clicking.
2026-07-17 01:41:47 ThievingPhase: Loot detected in slot 1. Clicking it.
2026-07-17 01:41:49 ThievingPhase: Stall ready. Clicking.
2026-07-17 01:41:50 ThievingPhase: Loot detected in slot 1. Clicking it.
2026-07-17 01:41:52 ThievingPhase: Stall ready. Clicking.
2026-07-17 01:41:53 ThievingPhase: Loot detected in slot 1. Clicking it.
2026-07-17 01:41:55 ThievingPhase: Stall ready. Clicking.
2026-07-17 01:41:56 ThievingPhase: Loot detected in slot 1. Clicking it.
2026-07-17 01:41:58 ThievingPhase: Stall ready. Clicking.
2026-07-17 01:41:59 ThievingPhase: Loot detected in slot 1. Clicking it.
2026-07-17 01:42:01 ThievingPhase: Stall ready. Clicking.
2026-07-17 01:42:02 ThievingPhase: Loot detected in slot 1. Clicking it.
2026-07-17 01:42:04 ThievingPhase: Stall ready. Clicking.
2026-07-17 01:42:05 ThievingPhase: Loot detected in slot 1. Clicking it.
2026-07-17 01:42:07 ThievingPhase: Stall ready. Clicking.
2026-07-17 01:42:08 ThievingPhase: Loot detected in slot 1. Clicking it.
2026-07-17 01:42:10 ThievingPhase: Stall ready. Clicking.
2026-07-17 01:42:11 ThievingPhase: Loot detected in slot 1. Clicking it.
2026-07-17 01:42:13 ThievingPhase: Stall ready. Clicking.
2026-07-17 01:42:14 ThievingPhase: Loot detected in slot 1. Clicking it.
2026-07-17 01:42:16 ThievingPhase: Stall ready. Clicking.
2026-07-17 01:42:17 ThievingPhase: Loot detected in slot 1. Clicking it.
2026-07-17 01:42:19 ThievingPhase: Stall ready. Clicking.
2026-07-17 01:42:20 ThievingPhase: Loot detected in slot 1. Clicking it.
2026-07-17 01:42:22 ThievingPhase: Stall ready. Clicking.
2026-07-17 01:42:23 ThievingPhase: Loot detected in slot 1. Clicking it.
2026-07-17 01:42:25 ThievingPhase: Stall ready. Clicking.
2026-07-17 01:42:26 ThievingPhase: Loot detected in slot 1. Clicking it.
2026-07-17 01:42:28 ThievingPhase: Stall ready. Clicking.
2026-07-17 01:42:29 ThievingPhase: Loot detected in slot 1. Clicking it.
2026-07-17 01:42:31 ThievingPhase: Stall ready. Clicking.
2026-07-17 01:42:32 ThievingPhase: Loot detected in slot 1. Clicking it.
2026-07-17 01:42:34 ThievingPhase: Stall ready. Clicking.
2026-07-17 01:42:35 ThievingPhase: Loot detected in slot 1. Clicking it.
2026-07-17 01:42:37 ThievingPhase: Stall ready. Clicking.
2026-07-17 01:42:38 ThievingPhase: Loot detected in slot 1. Clicking it.
2026-07-17 01:42:40 ThievingPhase: Stall ready. Clicking.
2026-07-17 01:42:41 ThievingPhase: Loot detected in slot 1. Clicking it.
2026-07-17 01:42:43 ThievingPhase: Stall ready. Clicking.
2026-07-17 01:42:44 ThievingPhase: Loot detected in slot 1. Clicking it.
2026-07-17 01:42:46 ThievingPhase: Stall ready. Clicking.
2026-07-17 01:42:47 ThievingPhase: Loot detected in slot 1. Clicking it.
2026-07-17 01:42:49 ThievingPhase: Stall ready. Clicking.
2026-07-17 01:42:50 ThievingPhase: Loot detected in slot 1. Clicking it.
2026-07-17 01:42:52 ThievingPhase: Stall ready. Clicking.
2026-07-17 01:42:53 ThievingPhase: Loot detected in slot 1. Clicking it.
2026-07-17 01:42:55 ThievingPhase: Stall ready. Clicking.
2026-07-17 01:42:56 ThievingPhase: Loot detected in slot 1. Clicking it.
2026-07-17 01:42:58 ThievingPhase: Stall ready. Clicking.
2026-07-17 01:42:59 ThievingPhase: Loot detected in slot 1. Clicking it.
2026-07-17 01:43:01 ThievingPhase: Stall ready. Clicking.
2026-07-17 01:43:02 ThievingPhase: Loot detected in slot 1. Clicking it.
2026-07-17 01:43:04 ThievingPhase: Stall ready. Clicking.
2026-07-17 01:43:05 ThievingPhase: Loot detected in slot 1. Clicking it.
2026-07-17 01:43:07 ThievingPhase: Stall ready. Clicking.
2026-07-17 01:43:08 ThievingPhase: Loot detected in slot 1. Clicking it.
2026-07-17 01:43:10 ThievingPhase: Stall ready. Clicking.
2026-07-17 01:43:11 ThievingPhase: Loot detected in slot 1. Clicking it.
2026-07-17 01:43:13 ThievingPhase: Stall ready. Clicking.
2026-07-17 01:43:14 ThievingPhase: Loot detected in slot 1. Clicking it.
2026-07-17 01:43:16 ThievingPhase: Stall ready. Clicking.
2026-07-17 01:43:17 ThievingPhase: Loot detected in slot 1. Clicking it.
2026-07-17 01:43:19 ThievingPhase: Stall ready. Clicking.
2026-07-17 01:43:20 ThievingPhase: Loot detected in slot 1. Clicking it.
2026-07-17 01:43:22 ThievingPhase: Stall ready. Clicking.
2026-07-17 01:43:23 ThievingPhase: Loot detected in slot 1. Clicking it.
2026-07-17 01:43:25 ThievingPhase: Stall ready. Clicking.
2026-07-17 01:43:26 ThievingPhase: Loot detected in slot 1. Clicking it.
2026-07-17 01:43:28 ThievingPhase: Stall ready. Clicking.
2026-07-17 01:43:29 ThievingPhase: Loot detected in slot 1. Clicking it.
2026-07-17 01:43:31 ThievingPhase: Stall ready. Clicking.
2026-07-17 01:43:32 ThievingPhase: Loot detected in slot 1. Clicking it.
2026-07-17 01:43:34 ThievingPhase: Stall ready. Clicking.
2026-07-17 01:43:35 ThievingPhase: Loot detected in slot 1. Clicking it.
2026-07-17 01:43:37 ThievingPhase: Stall ready. Clicking.
2026-07-17 01:43:38 ThievingPhase: Loot detected in slot 1. Clicking it.
2026-07-17 01:43:40 ThievingPhase: Stall ready. Clicking.
2026-07-17 01:43:41 ThievingPhase: Loot detected in slot 1. Clicking it.
2026-07-17 01:43:43 ThievingPhase: Stall ready. Clicking.
2026-07-17 01:43:44 ThievingPhase: Loot detected in slot 1. Clicking it.
2026-07-17 01:43:46 ThievingPhase: Stall ready. Clicking.
2026-07-17 01:43:47 ThievingPhase: Loot detected in slot 1. Clicking it.
2026-07-17 01:43:49 ThievingPhase: Stall ready. Clicking.
2026-07-17 01:43:50 ThievingPhase: Loot detected in slot 1. Clicking it.
2026-07-17 01:43:52 ThievingPhase: Stall ready. Clicking.
2026-07-17 01:43:53 ThievingPhase: Loot detected in slot 1. Clicking it.
2026-07-17 01:43:55 ThievingPhase: Stall ready. Clicking.
2026-07-17 01:43:56 ThievingPhase: Loot detected in slot 1. Clicking it.
2026-07-17 01:43:58 ThievingPhase: Stall ready. Clicking.
2026-07-17 01:43:59 ThievingPhase: Loot detected in slot 1. Clicking it.
2026-07-17 01:44:01 ThievingPhase: Stall ready. Clicking.
2026-07-17 01:44:02 ThievingPhase: Loot detected in slot 1. Clicking it.
2026-07-17 01:44:04 ThievingPhase: Stall ready. Clicking.
2026-07-17 01:44:05 ThievingPhase: Loot detected in slot 1. Clicking it.
2026-07-17 01:44:07 ThievingPhase: Stall ready. Clicking.
2026-07-17 01:44:08 ThievingPhase: Loot detected in slot 1. Clicking it.
2026-07-17 01:44:10 ThievingPhase: Stall ready. Clicking.
2026-07-17 01:44:11 ThievingPhase: Loot detected in slot 1. Clicking it.
2026-07-17 01:44:13 ThievingPhase: Stall ready. Clicking.
2026-07-17 01:44:14 ThievingPhase: Loot detected in slot 1. Clicking it.
2026-07-17 01:44:16 ThievingPhase: Stall ready. Clicking.
2026-07-17 01:44:17 ThievingPhase: Loot detected in slot 1. Clicking it.
2026-07-17 01:44:19 ThievingPhase: Stall ready. Clicking.
2026-07-17 01:44:20 ThievingPhase: Loot detected in slot 1. Clicking it.
2026-07-17 01:44:22 ThievingPhase: Stall ready. Clicking.
2026-07-17 01:44:23 ThievingPhase: Loot detected in slot 1. Clicking it.
2026-07-17 01:44:25 ThievingPhase: Stall ready. Clicking.
2026-07-17 01:44:26 ThievingPhase: Loot detected in slot 1. Clicking it.
2026-07-17 01:44:28 ThievingPhase: Stall ready. Clicking.
2026-07-17 01:44:29 ThievingPhase: Loot detected in slot 1. Clicking it.
2026-07-17 01:44:31 ThievingPhase: Stall ready. Clicking.
2026-07-17 01:44:32 ThievingPhase: Loot detected in slot 1. Clicking it.
2026-07-17 01:44:34 ThievingPhase: Stall ready. Clicking.
2026-07-17 01:44:35 ThievingPhase: Loot detected in slot 1. Clicking it.
2026-07-17 01:44:37 ThievingPhase: Stall ready. Clicking.
2026-07-17 01:44:38 ThievingPhase: Loot detected in slot 1. Clicking it.
2026-07-17 01:44:40 ThievingPhase: Stall ready. Clicking.
2026-07-17 01:44:41 ThievingPhase: Loot detected in slot 1. Clicking it.
2026-07-17 01:44:43 ThievingPhase: Stall ready. Clicking.
2026-07-17 01:44:44 ThievingPhase: Loot detected in slot 1. Clicking it.
2026-07-17 01:44:46 ThievingPhase: Stall ready. Clicking.
2026-07-17 01:44:47 ThievingPhase: Loot detected in slot 1. Clicking it.
2026-07-17 01:44:49 ThievingPhase: Stall ready. Clicking.
2026-07-17 01:44:50 ThievingPhase: Loot detected in slot 1. Clicking it.
2026-07-17 01:44:52 ThievingPhase: Stall ready. Clicking.
2026-07-17 01:44:53 ThievingPhase: Loot detected in slot 1. Clicking it.
2026-07-17 01:44:55 ThievingPhase: Stall ready. Clicking.
2026-07-17 01:44:56 ThievingPhase: Loot detected in slot 1. Clicking it.
2026-07-17 01:44:58 ThievingPhase: Stall ready. Clicking.
2026-07-17 01:44:59 ThievingPhase: Loot detected in slot 1. Clicking it.
2026-07-17 01:45:01 ThievingPhase: Stall ready. Clicking.
2026-07-17 01:45:02 ThievingPhase: Loot detected in slot 1. Clicking it.
2026-07-17 01:45:04 ThievingPhase: Stall ready. Clicking.
2026-07-17 01:45:05 ThievingPhase: Loot detected in slot 1. Clicking it.
2026-07-17 01:45:07 ThievingPhase: Stall ready. Clicking.
2026-07-17 01:45:08 ThievingPhase: Loot detected in slot 1. Clicking it.
2026-07-17 01:45:10 ThievingPhase: Stall ready. Clicking.
2026-07-17 01:45:11 ThievingPhase: Loot detected in slot 1. Clicking it.
2026-07-17 01:45:13 ThievingPhase: Stall ready. Clicking.
2026-07-17 01:45:14 ThievingPhase: Loot detected in slot 1. Clicking it.
2026-07-17 01:45:16 ThievingPhase: Stall ready. Clicking.
2026-07-17 01:45:17 ThievingPhase: Loot detected in slot 1. Clicking it.
2026-07-17 01:45:19 ThievingPhase: Stall ready. Clicking.
2026-07-17 01:45:20 ThievingPhase: Loot detected in slot 1. Clicking it.
2026-07-17 01:45:22 ThievingPhase: Stall ready. Clicking.
2026-07-17 01:45:23 ThievingPhase: Loot detected in slot 1. Clicking it.
2026-07-17 01:45:25 ThievingPhase: Stall ready. Clicking.
2026-07-17 01:45:26 ThievingPhase: Loot detected in slot 1. Clicking it.
2026-07-17 01:45:28 ThievingPhase: Stall ready. Clicking.
2026-07-17 01:45:29 ThievingPhase: Loot detected in slot 1. Clicking it.
2026-07-17 01:45:31 ThievingPhase: Stall ready. Clicking.
2026-07-17 01:45:32 ThievingPhase: Loot detected in slot 1. Clicking it.
2026-07-17 01:45:34 ThievingPhase: Stall ready. Clicking.
2026-07-17 01:45:35 ThievingPhase: Loot detected in slot 1. Clicking it.
2026-07-17 01:45:37 ThievingPhase: Stall ready. Clicking.
2026-07-17 01:45:38 ThievingPhase: Loot detected in slot 1. Clicking it.
2026-07-17 01:45:40 ThievingPhase: Stall ready. Clicking.
2026-07-17 01:45:41 ThievingPhase: Loot detected in slot 1. Clicking it.
2026-07-17 01:45:43 ThievingPhase: Stall ready. Clicking.
2026-07-17 01:45:44 ThievingPhase: Loot detected in slot 1. Clicking it.
2026-07-17 01:45:46 ThievingPhase: Stall ready. Clicking.
2026-07-17 01:45:47 ThievingPhase: Loot detected in slot 1. Clicking it.
2026-07-17 01:45:49 ThievingPhase: Stall ready. Clicking.
2026-07-17 01:45:50 ThievingPhase: Loot detected in slot 1. Clicking it.
2026-07-17 01:45:52 ThievingPhase: Stall ready. Clicking.
2026-07-17 01:45:53 ThievingPhase: Loot detected in slot 1. Clicking it.
2026-07-17 01:45:55 ThievingPhase: Stall ready. Clicking.
2026-07-17 01:45:56 ThievingPhase: Loot detected in slot 1. Clicking it.
2026-07-17 01:45:58 ThievingPhase: Stall ready. Clicking.
2026-07-17 01:45:59 ThievingPhase: Loot detected in slot 1. Clicking it.
2026-07-17 01:46:01 ThievingPhase: Stall ready. Clicking.
2026-07-17 01:46:02 ThievingPhase: Loot detected in slot 1. Clicking it.
2026-07-17 01:46:04 ThievingPhase: Stall ready. Clicking.
2026-07-17 01:46:05 ThievingPhase: Loot detected in slot 1. Clicking it.
2026-07-17 01:46:07 ThievingPhase: Stall ready. Clicking.
2026-07-17 01:46:08 ThievingPhase: Loot detected in slot 1. Clicking it.
2026-07-17 01:46:10 ThievingPhase: Stall ready. Clicking.
2026-07-17 01:46:11 ThievingPhase: Loot detected in slot 1. Clicking it.
2026-07-17 01:46:13 ThievingPhase: Stall ready. Clicking.
2026-07-17 01:46:14 ThievingPhase: Loot detected in slot 1. Clicking it.
2026-07-17 01:46:16 ThievingPhase: Stall ready. Clicking.
2026-07-17 01:46:17 ThievingPhase: Loot detected in slot 1. Clicking it.
2026-07-17 01:46:19 ThievingPhase: Stall ready. Clicking.
2026-07-17 01:46:20 ThievingPhase: Loot detected in slot 1. Clicking it.
2026-07-17 01:46:22 ThievingPhase: Stall ready. Clicking.
2026-07-17 01:46:23 ThievingPhase: Loot detected in slot 1. Clicking it.
2026-07-17 01:46:25 ThievingPhase: Stall ready. Clicking.
2026-07-17 01:46:26 ThievingPhase: Loot detected in slot 1. Clicking it.
2026-07-17 01:46:28 ThievingPhase: Stall ready. Clicking.
2026-07-17 01:46:29 ThievingPhase: Loot detected in slot 1. Clicking it.
2026-07-17 01:46:31 ThievingPhase: Stall ready. Clicking.
2026-07-17 01:46:32 ThievingPhase: Loot detected in slot 1. Clicking it.
2026-07-17 01:46:34 ThievingPhase: Stall ready. Clicking.
2026-07-17 01:46:35 ThievingPhase: Loot detected in slot 1. Clicking it.
2026-07-17 01:46:37 ThievingPhase: Stall ready. Clicking.
2026-07-17 01:46:38 ThievingPhase: Loot detected in slot 1. Clicking it.
2026-07-17 01:46:40 ThievingPhase: Stall ready. Clicking.
2026-07-17 01:46:41 ThievingPhase: Loot detected in slot 1. Clicking it.
2026-07-17 01:46:43 ThievingPhase: Stall ready. Clicking.
2026-07-17 01:46:44 ThievingPhase: Loot detected in slot 1. Clicking it.
2026-07-17 01:46:46 ThievingPhase: Stall ready. Clicking.
2026-07-17 01:46:47 ThievingPhase: Loot detected in slot 1. Clicking it.
2026-07-17 01:46:49 ThievingPhase: Stall ready. Clicking.
2026-07-17 01:46:50 ThievingPhase: Loot detected in slot 1. Clicking it.
2026-07-17 01:46:52 ThievingPhase: Stall ready. Clicking.
2026-07-17 01:46:53 ThievingPhase: Loot detected in slot 1. Clicking it.
2026-07-17 01:46:55 ThievingPhase: Stall ready. Clicking.
2026-07-17 01:46:56 ThievingPhase: Loot detected in slot 1. Clicking it.
2026-07-17 01:46:58 ThievingPhase: Stall ready. Clicking.
2026-07-17 01:46:59 ThievingPhase: Loot detected in slot 1. Clicking it.
2026-07-17 01:47:01 ThievingPhase: Stall ready. Clicking.
2026-07-17 01:47:02 ThievingPhase: Loot detected in slot 1. Clicking it.
2026-07-17 01:47:04 ThievingPhase: Stall ready. Clicking.
2026-07-17 01:47:05 ThievingPhase: Loot detected in slot 1. Clicking it.
2026-07-17 01:47:07 ThievingPhase: Stall ready. Clicking.
2026-07-17 01:47:08 ThievingPhase: Loot detected in slot 1. Clicking it.
2026-07-17 01:47:10 ThievingPhase: Stall ready. Clicking.
2026-07-17 01:47:11 ThievingPhase: Loot detected in slot 1. Clicking it.
2026-07-17 01:47:13 ThievingPhase: Stall ready. Clicking.
2026-07-17 01:47:14 ThievingPhase: Loot detected in slot 1. Clicking it.
2026-07-17 01:47:16 ThievingPhase: Stall ready. Clicking.
2026-07-17 01:47:17 ThievingPhase: Loot detected in slot 1. Clicking it.
2026-07-17 01:47:19 ThievingPhase: Stall ready. Clicking.
2026-07-17 01:47:20 ThievingPhase: Loot detected in slot 1. Clicking it.
2026-07-17 01:47:22 ThievingPhase: Stall ready. Clicking.
2026-07-17 01:47:23 ThievingPhase: Loot detected in slot 1. Clicking it.
2026-07-17 01:47:25 ThievingPhase: Stall ready. Clicking.
2026-07-17 01:47:26 ThievingPhase: Loot detected in slot 1. Clicking it.
2026-07-17 01:47:28 ThievingPhase: Stall ready. Clicking.
2026-07-17 01:47:29 ThievingPhase: Loot detected in slot 1. Clicking it.
2026-07-17 01:47:31 ThievingPhase: Stall ready. Clicking.
2026-07-17 01:47:32 ThievingPhase: Loot detected in slot 1. Clicking it.
2026-07-17 01:47:34 ThievingPhase: Stall ready. Clicking.
2026-07-17 01:47:35 ThievingPhase: Loot detected in slot 1. Clicking it.
2026-07-17 01:47:37 ThievingPhase: Stall ready. Clicking.
2026-07-17 01:47:38 ThievingPhase: Loot detected in slot 1. Clicking it.
2026-07-17 01:47:40 ThievingPhase: Stall ready. Clicking.
2026-07-17 01:47:41 ThievingPhase: Loot detected in slot 1. Clicking it.
2026-07-17 01:47:43 ThievingPhase: Stall ready. Clicking.
2026-07-17 01:47:44 ThievingPhase: Loot detected in slot 1. Clicking it.
2026-07-17 01:47:46 ThievingPhase: Stall ready. Clicking.
2026-07-17 01:47:47 ThievingPhase: Loot detected in slot 1. Clicking it.
2026-07-17 01:47:49 ThievingPhase: Stall ready. Clicking.
2026-07-17 01:47:50 ThievingPhase: Loot detected in slot 1. Clicking it.
2026-07-17 01:47:52 ThievingPhase: Stall ready. Clicking.
2026-07-17 01:47:53 ThievingPhase: Loot detected in slot 1. Clicking it.
2026-07-17 01:47:55 ThievingPhase: Stall ready. Clicking.
2026-07-17 01:47:56 ThievingPhase: Loot detected in slot 1. Clicking it.
2026-07-17 01:47:58 ThievingPhase: Stall ready. Clicking.
2026-07-17 01:47:59 ThievingPhase: Loot detected in slot 1. Clicking it.
2026-07-17 01:48:01 ThievingPhase: Stall ready. Clicking.
2026-07-17 01:48:02 ThievingPhase: Loot detected in slot 1. Clicking it.
2026-07-17 01:48:04 ThievingPhase: Stall ready. Clicking.
2026-07-17 01:48:05 ThievingPhase: Loot detected in slot 1. Clicking it.
2026-07-17 01:48:07 ThievingPhase: Stall ready. Clicking.
2026-07-17 01:48:08 ThievingPhase: Loot detected in slot 1. Clicking it.
2026-07-17 01:48:10 ThievingPhase: Stall ready. Clicking.
2026-07-17 01:48:11 ThievingPhase: Loot detected in slot 1. Clicking it.
2026-07-17 01:48:13 ThievingPhase: Stall ready. Clicking.
2026-07-17 01:48:14 ThievingPhase: Loot detected in slot 1. Clicking it.
2026-07-17 01:48:16 ThievingPhase: Stall ready. Clicking.
2026-07-17 01:48:17 ThievingPhase: Loot detected in slot 1. Clicking it.
2026-07-17 01:48:19 ThievingPhase: Stall ready. Clicking.
2026-07-17 01:48:20 ThievingPhase: Loot detected in slot 1. Clicking it.
2026-07-17 01:48:22 ThievingPhase: Stall ready. Clicking.
2026-07-17 01:48:23 ThievingPhase: Loot detected in slot 1. Clicking it.
2026-07-17 01:48:25 ThievingPhase: Stall ready. Clicking.
2026-07-17 01:48:26 ThievingPhase: Loot detected in slot 1. Clicking it.
2026-07-17 01:48:28 ThievingPhase: Stall ready. Clicking.
2026-07-17 01:48:29 ThievingPhase: Loot detected in slot 1. Clicking it.
2026-07-17 01:48:31 ThievingPhase: Stall ready. Clicking.
2026-07-17 01:48:32 ThievingPhase: Loot detected in slot 1. Clicking it.
2026-07-17 01:48:34 ThievingPhase: Stall ready. Clicking.
2026-07-17 01:48:35 ThievingPhase: Loot detected in slot 1. Clicking it.
2026-07-17 01:48:37 ThievingPhase: Stall ready. Clicking.
2026-07-17 01:48:38 ThievingPhase: Loot detected in slot 1. Clicking it.
2026-07-17 01:48:40 ThievingPhase: Stall ready. Clicking.
2026-07-17 01:48:41 ThievingPhase: Loot detected in slot 1. Clicking it.
2026-07-17 01:48:43 ThievingPhase: Stall ready. Clicking.
2026-07-17 01:48:44 ThievingPhase: Loot detected in slot 1. Clicking it.
2026-07-17 01:48:46 ThievingPhase: Stall ready. Clicking.
2026-07-17 01:48:47 ThievingPhase: Loot detected in slot 1. Clicking it.
2026-07-17 01:48:49 ThievingPhase: Stall ready. Clicking.
2026-07-17 01:48:50 ThievingPhase: Loot detected in slot 1. Clicking it.
2026-07-17 01:48:52 ThievingPhase: Stall ready. Clicking.
2026-07-17 01:48:53 ThievingPhase: Loot detected in slot 1. Clicking it.
2026-07-17 01:48:55 ThievingPhase: Stall ready. Clicking.
2026-07-17 01:48:56 ThievingPhase: Loot detected in slot 1. Clicking it.
2026-07-17 01:48:58 ThievingPhase: Stall ready. Clicking.
2026-07-17 01:48:59 ThievingPhase: Loot detected in slot 1. Clicking it.
2026-07-17 01:49:01 ThievingPhase: Stall ready. Clicking.
2026-07-17 01:49:02 ThievingPhase: Loot detected in slot 1. Clicking it.
2026-07-17 01:49:04 ThievingPhase: Stall ready. Clicking.
2026-07-17 01:49:05 ThievingPhase: Loot detected in slot 1. Clicking it.
2026-07-17 01:49:07 ThievingPhase: Stall ready. Clicking.
2026-07-17 01:49:08 ThievingPhase: Loot detected in slot 1. Clicking it.
2026-07-17 01:49:10 ThievingPhase: Stall ready. Clicking.
2026-07-17 01:49:11 ThievingPhase: Loot detected in slot 1. Clicking it.
2026-07-17 01:49:13 ThievingPhase: Stall ready. Clicking.
2026-07-17 01:49:14 ThievingPhase: Loot detected in slot 1. Clicking it.
2026-07-17 01:49:16 ThievingPhase: Stall ready. Clicking.
2026-07-17 01:49:17 ThievingPhase: Loot detected in slot 1. Clicking it.
2026-07-17 01:49:19 ThievingPhase: Stall ready. Clicking.
2026-07-17 01:49:20 ThievingPhase: Loot detected in slot 1. Clicking it.
2026-07-17 01:49:22 ThievingPhase: Stall ready. Clicking.
2026-07-17 01:49:23 ThievingPhase: Loot detected in slot 1. Clicking it.
2026-07-17 01:49:25 ThievingPhase: Stall ready. Clicking.
2026-07-17 01:49:26 ThievingPhase: Loot detected in slot 1. Clicking it.
2026-07-17 01:49:28 ThievingPhase: Stall ready. Clicking.
2026-07-17 01:49:29 ThievingPhase: Loot detected in slot 1. Clicking it.
2026-07-17 01:49:31 ThievingPhase: Stall ready. Clicking.
2026-07-17 01:49:32 ThievingPhase: Loot detected in slot 1. Clicking it.
2026-07-17 01:49:34 ThievingPhase: Stall ready. Clicking.
2026-07-17 01:49:35 ThievingPhase: Loot detected in slot 1. Clicking it.
2026-07-17 01:49:37 ThievingPhase: Stall ready. Clicking.
2026-07-17 01:49:38 ThievingPhase: Loot detected in slot 1. Clicking it.
2026-07-17 01:49:40 ThievingPhase: Stall ready. Clicking.
2026-07-17 01:49:41 ThievingPhase: Loot detected in slot 1. Clicking it.
2026-07-17 01:49:43 ThievingPhase: Stall ready. Clicking.
2026-07-17 01:49:44 ThievingPhase: Loot detected in slot 1. Clicking it.
2026-07-17 01:49:46 ThievingPhase: Stall ready. Clicking.
2026-07-17 01:49:47 ThievingPhase: Loot detected in slot 1. Clicking it.
2026-07-17 01:49:49 ThievingPhase: Stall ready. Clicking.
2026-07-17 01:49:50 ThievingPhase: Loot detected in slot 1. Clicking it.
2026-07-17 01:49:52 ThievingPhase: Stall ready. Clicking.
2026-07-17 01:49:53 ThievingPhase: Loot detected in slot 1. Clicking it.
2026-07-17 01:49:55 ThievingPhase: Stall ready. Clicking.
2026-07-17 01:49:57 ThievingPhase: No loot after 2000ms - assuming detected, waiting for combat.
2026-07-17 01:50:02 WaitCombatPhase: No combat signal after 4000ms - retrying
2026-07-17 01:50:02 ThievingPhase: Stall ready. Clicking.
2026-07-17 01:50:03 ThievingPhase: Loot detected in slot 1. Clicking it.
2026-07-17 01:50:05 ThievingPhase: Stall ready. Clicking.
2026-07-17 01:50:06 ThievingPhase: Loot detected in slot 1. Clicking it.
2026-07-17 01:50:08 ThievingPhase: Stall ready. Clicking.
2026-07-17 01:50:09 ThievingPhase: Loot detected in slot 1. Clicking it.
2026-07-17 01:50:11 ThievingPhase: Stall ready. Clicking.
2026-07-17 01:50:12 ThievingPhase: Loot detected in slot 1. Clicking it.
2026-07-17 01:50:14 ThievingPhase: Stall ready. Clicking.
2026-07-17 01:50:16 ThievingPhase: Loot detected in slot 1. Clicking it.
2026-07-17 01:50:17 ThievingPhase: Stall ready. Clicking.
2026-07-17 01:50:19 ThievingPhase: Loot detected in slot 1. Clicking it.
2026-07-17 01:50:20 ThievingPhase: Stall ready. Clicking.
2026-07-17 01:50:21 ThievingPhase: Loot detected in slot 1. Clicking it.
2026-07-17 01:50:23 ThievingPhase: Stall ready. Clicking.
2026-07-17 01:50:24 ThievingPhase: Loot detected in slot 1. Clicking it.
2026-07-17 01:50:26 ThievingPhase: Stall ready. Clicking.
2026-07-17 01:50:28 ThievingPhase: Loot detected in slot 1. Clicking it.
2026-07-17 01:50:29 ThievingPhase: Stall ready. Clicking.
2026-07-17 01:50:31 ThievingPhase: Loot detected in slot 1. Clicking it.
2026-07-17 01:50:32 ThievingPhase: Stall ready. Clicking.
2026-07-17 01:50:34 ThievingPhase: Loot detected in slot 1. Clicking it.
2026-07-17 01:50:35 ThievingPhase: Stall ready. Clicking.
2026-07-17 01:50:36 ThievingPhase: Loot detected in slot 1. Clicking it.
2026-07-17 01:50:38 ThievingPhase: Stall ready. Clicking.
2026-07-17 01:50:40 ThievingPhase: Loot detected in slot 1. Clicking it.
2026-07-17 01:50:41 ThievingPhase: Stall ready. Clicking.
2026-07-17 01:50:42 ThievingPhase: Loot detected in slot 1. Clicking it.
2026-07-17 01:50:44 ThievingPhase: Stall ready. Clicking.
2026-07-17 01:50:46 ThievingPhase: Loot detected in slot 1. Clicking it.
2026-07-17 01:50:47 ThievingPhase: Stall ready. Clicking.
2026-07-17 01:50:48 ThievingPhase: Loot detected in slot 1. Clicking it.
2026-07-17 01:50:50 ThievingPhase: Stall ready. Clicking.
2026-07-17 01:50:52 ThievingPhase: Loot detected in slot 1. Clicking it.
2026-07-17 01:50:53 ThievingPhase: Stall ready. Clicking.
2026-07-17 01:50:54 ThievingPhase: Loot detected in slot 1. Clicking it.
2026-07-17 01:50:56 ThievingPhase: Stall ready. Clicking.
2026-07-17 01:50:58 ThievingPhase: Loot detected in slot 1. Clicking it.
2026-07-17 01:50:59 ThievingPhase: Stall ready. Clicking.
2026-07-17 01:51:01 ThievingPhase: Loot detected in slot 1. Clicking it.
2026-07-17 01:51:02 ThievingPhase: Stall ready. Clicking.
2026-07-17 01:51:03 ThievingPhase: Loot detected in slot 1. Clicking it.
2026-07-17 01:51:05 ThievingPhase: Stall ready. Clicking.
2026-07-17 01:51:07 ThievingPhase: Loot detected in slot 1. Clicking it.
2026-07-17 01:51:08 ThievingPhase: Stall ready. Clicking.
2026-07-17 01:51:09 ThievingPhase: Loot detected in slot 1. Clicking it.
2026-07-17 01:51:11 ThievingPhase: Stall ready. Clicking.
2026-07-17 01:51:12 ThievingPhase: Loot detected in slot 1. Clicking it.
2026-07-17 01:51:14 ThievingPhase: Stall ready. Clicking.
2026-07-17 01:51:16 ThievingPhase: Loot detected in slot 1. Clicking it.
2026-07-17 01:51:17 ThievingPhase: Stall ready. Clicking.
2026-07-17 01:51:18 ThievingPhase: Loot detected in slot 1. Clicking it.
2026-07-17 01:51:20 ThievingPhase: Stall ready. Clicking.
2026-07-17 01:51:21 ThievingPhase: Loot detected in slot 1. Clicking it.
2026-07-17 01:51:23 ThievingPhase: Stall ready. Clicking.
2026-07-17 01:51:24 ThievingPhase: Loot detected in slot 1. Clicking it.
2026-07-17 01:51:26 ThievingPhase: Stall ready. Clicking.
2026-07-17 01:51:28 ThievingPhase: Loot detected in slot 1. Clicking it.
2026-07-17 01:51:29 ThievingPhase: Stall ready. Clicking.
2026-07-17 01:51:30 ThievingPhase: Loot detected in slot 1. Clicking it.
2026-07-17 01:51:32 ThievingPhase: Stall ready. Clicking.
2026-07-17 01:51:34 ThievingPhase: Loot detected in slot 1. Clicking it.
2026-07-17 01:51:35 ThievingPhase: Stall ready. Clicking.
2026-07-17 01:51:36 ThievingPhase: Loot detected in slot 1. Clicking it.
2026-07-17 01:51:38 ThievingPhase: Stall ready. Clicking.
2026-07-17 01:51:40 ThievingPhase: Loot detected in slot 1. Clicking it.
2026-07-17 01:51:41 ThievingPhase: Stall ready. Clicking.
2026-07-17 01:51:42 ThievingPhase: Loot detected in slot 1. Clicking it.
2026-07-17 01:51:44 ThievingPhase: Stall ready. Clicking.
2026-07-17 01:51:46 ThievingPhase: Loot detected in slot 1. Clicking it.
2026-07-17 01:51:47 ThievingPhase: Stall ready. Clicking.
2026-07-17 01:51:49 ThievingPhase: Loot detected in slot 1. Clicking it.
2026-07-17 01:51:50 ThievingPhase: Stall ready. Clicking.
2026-07-17 01:51:52 ThievingPhase: Loot detected in slot 1. Clicking it.
2026-07-17 01:51:53 ThievingPhase: Stall ready. Clicking.
2026-07-17 01:51:54 ThievingPhase: Loot detected in slot 1. Clicking it.
2026-07-17 01:51:56 ThievingPhase: Stall ready. Clicking.
2026-07-17 01:51:58 ThievingPhase: Loot detected in slot 1. Clicking it.
2026-07-17 01:51:59 ThievingPhase: Stall ready. Clicking.
2026-07-17 01:52:01 ThievingPhase: Loot detected in slot 1. Clicking it.
2026-07-17 01:52:02 ThievingPhase: Stall ready. Clicking.
2026-07-17 01:52:03 ThievingPhase: Loot detected in slot 1. Clicking it.
2026-07-17 01:52:05 ThievingPhase: Stall ready. Clicking.
2026-07-17 01:52:07 ThievingPhase: Loot detected in slot 1. Clicking it.
2026-07-17 01:52:08 ThievingPhase: Stall ready. Clicking.
2026-07-17 01:52:10 ThievingPhase: Loot detected in slot 1. Clicking it.
2026-07-17 01:52:11 ThievingPhase: Stall ready. Clicking.
2026-07-17 01:52:12 ThievingPhase: Loot detected in slot 1. Clicking it.
2026-07-17 01:52:14 ThievingPhase: Stall ready. Clicking.
2026-07-17 01:52:16 ThievingPhase: Loot detected in slot 1. Clicking it.
2026-07-17 01:52:17 ThievingPhase: Stall ready. Clicking.
2026-07-17 01:52:18 ThievingPhase: Loot detected in slot 1. Clicking it.
2026-07-17 01:52:20 ThievingPhase: Stall ready. Clicking.
2026-07-17 01:52:21 ThievingPhase: Loot detected in slot 1. Clicking it.
2026-07-17 01:52:23 ThievingPhase: Stall ready. Clicking.
2026-07-17 01:52:24 ThievingPhase: Loot detected in slot 1. Clicking it.
2026-07-17 01:52:26 ThievingPhase: Stall ready. Clicking.
2026-07-17 01:52:28 ThievingPhase: Loot detected in slot 1. Clicking it.
2026-07-17 01:52:29 ThievingPhase: Stall ready. Clicking.
2026-07-17 01:52:30 ThievingPhase: Loot detected in slot 1. Clicking it.
2026-07-17 01:52:32 ThievingPhase: Stall ready. Clicking.
2026-07-17 01:52:33 ThievingPhase: Loot detected in slot 1. Clicking it.
2026-07-17 01:52:35 ThievingPhase: Stall ready. Clicking.
2026-07-17 01:52:38 ThievingPhase: No loot after 2000ms - assuming detected, waiting for combat.
2026-07-17 01:52:42 WaitCombatPhase: No combat signal after 4000ms - retrying
2026-07-17 01:52:42 ThievingPhase: Stall ready. Clicking.
2026-07-17 01:52:44 ThievingPhase: No loot after 2000ms - assuming detected, waiting for combat.
2026-07-17 01:52:48 WaitCombatPhase: No combat signal after 4000ms - retrying
2026-07-17 01:52:48 ThievingPhase: Stall ready. Clicking.
2026-07-17 01:52:51 ThievingPhase: No loot after 2000ms - assuming detected, waiting for combat.
2026-07-17 01:52:51 WaitCombatPhase: Combat started. Waiting for kill.
2026-07-17 01:53:32 WaitCombatPhase: Kill confirmed. Settling before next phase.
2026-07-17 01:53:38 ThievingPhase: Stall ready. Clicking.
2026-07-17 01:53:39 ThievingPhase: Loot detected in slot 1. Clicking it.
2026-07-17 01:53:41 ThievingPhase: Stall ready. Clicking.
2026-07-17 01:53:42 ThievingPhase: Loot detected in slot 1. Clicking it.
2026-07-17 01:53:44 ThievingPhase: Stall ready. Clicking.
2026-07-17 01:53:45 ThievingPhase: Loot detected in slot 1. Clicking it.
2026-07-17 01:53:47 ThievingPhase: Stall ready. Clicking.
2026-07-17 01:53:48 ThievingPhase: Loot detected in slot 1. Clicking it.
2026-07-17 01:53:50 ThievingPhase: Stall ready. Clicking.
2026-07-17 01:53:51 ThievingPhase: Loot detected in slot 1. Clicking it.
2026-07-17 01:53:53 ThievingPhase: Stall ready. Clicking.
2026-07-17 01:53:54 ThievingPhase: Loot detected in slot 1. Clicking it.
2026-07-17 01:53:56 ThievingPhase: Stall ready. Clicking.
2026-07-17 01:53:57 ThievingPhase: Loot detected in slot 1. Clicking it.
2026-07-17 01:53:59 ThievingPhase: Stall ready. Clicking.
2026-07-17 01:54:00 ThievingPhase: Loot detected in slot 1. Clicking it.
2026-07-17 01:54:02 ThievingPhase: Stall ready. Clicking.
2026-07-17 01:54:03 ThievingPhase: Loot detected in slot 1. Clicking it.
2026-07-17 01:54:05 ThievingPhase: Stall ready. Clicking.
2026-07-17 01:54:06 ThievingPhase: Loot detected in slot 1. Clicking it.
2026-07-17 01:54:08 ThievingPhase: Stall ready. Clicking.
2026-07-17 01:54:09 ThievingPhase: Loot detected in slot 1. Clicking it.
2026-07-17 01:54:11 ThievingPhase: Stall ready. Clicking.
2026-07-17 01:54:12 ThievingPhase: Loot detected in slot 1. Clicking it.
2026-07-17 01:54:14 ThievingPhase: Stall ready. Clicking.
2026-07-17 01:54:15 ThievingPhase: Loot detected in slot 1. Clicking it.
2026-07-17 01:54:17 ThievingPhase: Stall ready. Clicking.
2026-07-17 01:54:18 ThievingPhase: Loot detected in slot 1. Clicking it.
2026-07-17 01:54:20 ThievingPhase: Stall ready. Clicking.
2026-07-17 01:54:21 ThievingPhase: Loot detected in slot 1. Clicking it.
2026-07-17 01:54:23 ThievingPhase: Stall ready. Clicking.
2026-07-17 01:54:24 ThievingPhase: Loot detected in slot 1. Clicking it.
2026-07-17 01:54:26 ThievingPhase: Stall ready. Clicking.
2026-07-17 01:54:27 ThievingPhase: Loot detected in slot 1. Clicking it.
2026-07-17 01:54:29 ThievingPhase: Stall ready. Clicking.
2026-07-17 01:54:30 ThievingPhase: Loot detected in slot 1. Clicking it.
2026-07-17 01:54:32 ThievingPhase: Stall ready. Clicking.
2026-07-17 01:54:33 ThievingPhase: Loot detected in slot 1. Clicking it.
2026-07-17 01:54:35 ThievingPhase: Stall ready. Clicking.
2026-07-17 01:54:36 ThievingPhase: Loot detected in slot 1. Clicking it.
2026-07-17 01:54:38 ThievingPhase: Stall ready. Clicking.
2026-07-17 01:54:39 ThievingPhase: Loot detected in slot 1. Clicking it.
2026-07-17 01:54:41 ThievingPhase: Stall ready. Clicking.
2026-07-17 01:54:42 ThievingPhase: Loot detected in slot 1. Clicking it.
2026-07-17 01:54:44 ThievingPhase: Stall ready. Clicking.
2026-07-17 01:54:45 ThievingPhase: Loot detected in slot 1. Clicking it.
2026-07-17 01:54:47 ThievingPhase: Stall ready. Clicking.
2026-07-17 01:54:48 ThievingPhase: Loot detected in slot 1. Clicking it.
2026-07-17 01:54:50 ThievingPhase: Stall ready. Clicking.
2026-07-17 01:54:51 ThievingPhase: Loot detected in slot 1. Clicking it.
2026-07-17 01:54:53 ThievingPhase: Stall ready. Clicking.
2026-07-17 01:54:54 ThievingPhase: Loot detected in slot 1. Clicking it.
2026-07-17 01:54:56 ThievingPhase: Stall ready. Clicking.
2026-07-17 01:54:57 ThievingPhase: Loot detected in slot 1. Clicking it.
2026-07-17 01:54:59 ThievingPhase: Stall ready. Clicking.
2026-07-17 01:55:01 ThievingPhase: No loot after 2000ms - assuming detected, waiting for combat.
2026-07-17 01:55:05 WaitCombatPhase: No combat signal after 4000ms - retrying
2026-07-17 01:55:05 ThievingPhase: Stall ready. Clicking.
2026-07-17 01:55:07 ThievingPhase: Loot detected in slot 1. Clicking it.
2026-07-17 01:55:08 ThievingPhase: Stall ready. Clicking.
2026-07-17 01:55:09 ThievingPhase: Loot detected in slot 1. Clicking it.
2026-07-17 01:55:11 ThievingPhase: Stall ready. Clicking.
2026-07-17 01:55:12 ThievingPhase: Loot detected in slot 1. Clicking it.
2026-07-17 01:55:14 ThievingPhase: Stall ready. Clicking.
2026-07-17 01:55:15 ThievingPhase: Loot detected in slot 1. Clicking it.
2026-07-17 01:55:17 ThievingPhase: Stall ready. Clicking.
2026-07-17 01:55:20 ThievingPhase: No loot after 2000ms - assuming detected, waiting for combat.
2026-07-17 01:55:20 WaitCombatPhase: Combat started. Waiting for kill.
2026-07-17 01:56:20 WaitCombatPhase: Kill confirmed. Settling before next phase.
2026-07-17 01:56:26 ThievingPhase: Stall ready. Clicking.
2026-07-17 01:56:28 ThievingPhase: Loot detected in slot 1. Clicking it.
2026-07-17 01:56:29 ThievingPhase: Stall ready. Clicking.
2026-07-17 01:56:30 ThievingPhase: Loot detected in slot 1. Clicking it.
2026-07-17 01:56:32 ThievingPhase: Stall ready. Clicking.
2026-07-17 01:56:34 ThievingPhase: Loot detected in slot 1. Clicking it.
2026-07-17 01:56:35 ThievingPhase: Stall ready. Clicking.
2026-07-17 01:56:37 ThievingPhase: Loot detected in slot 1. Clicking it.
2026-07-17 01:56:38 ThievingPhase: Stall ready. Clicking.
2026-07-17 01:56:40 ThievingPhase: Loot detected in slot 1. Clicking it.
2026-07-17 01:56:41 ThievingPhase: Stall ready. Clicking.
2026-07-17 01:56:44 ThievingPhase: No loot after 2000ms - assuming detected, waiting for combat.
2026-07-17 01:56:46 WaitCombatPhase: Combat started. Waiting for kill.
2026-07-17 01:58:13 WaitCombatPhase: No combat signal after 4000ms - retrying
2026-07-17 01:59:13 Engine: stopped - Phase 'thieving' timed out
2026-07-17 06:35:51 Engine: started at phase 'thieving'
2026-07-17 06:35:51 ThievingPhase: Stall ready. Clicking.
2026-07-17 06:35:52 ThievingPhase: Loot detected in slot 1. Clicking it.
2026-07-17 06:35:54 ThievingPhase: Stall ready. Clicking.
2026-07-17 06:35:55 ThievingPhase: Loot detected in slot 1. Clicking it.
2026-07-17 06:35:57 ThievingPhase: Stall ready. Clicking.
2026-07-17 06:35:58 ThievingPhase: Loot detected in slot 1. Clicking it.
2026-07-17 06:36:00 ThievingPhase: Stall ready. Clicking.
2026-07-17 06:36:01 ThievingPhase: Loot detected in slot 1. Clicking it.
2026-07-17 06:36:03 ThievingPhase: Stall ready. Clicking.
2026-07-17 06:36:04 ThievingPhase: Loot detected in slot 1. Clicking it.
2026-07-17 06:36:06 ThievingPhase: Stall ready. Clicking.
2026-07-17 06:36:07 ThievingPhase: Loot detected in slot 1. Clicking it.
2026-07-17 06:36:09 ThievingPhase: Stall ready. Clicking.
2026-07-17 06:36:10 ThievingPhase: Loot detected in slot 1. Clicking it.
2026-07-17 06:36:12 ThievingPhase: Stall ready. Clicking.
2026-07-17 06:36:13 ThievingPhase: Loot detected in slot 1. Clicking it.
2026-07-17 06:36:15 ThievingPhase: Stall ready. Clicking.
2026-07-17 06:36:16 ThievingPhase: Loot detected in slot 1. Clicking it.
2026-07-17 06:36:18 ThievingPhase: Stall ready. Clicking.
2026-07-17 06:36:19 ThievingPhase: Loot detected in slot 1. Clicking it.
2026-07-17 06:36:21 ThievingPhase: Stall ready. Clicking.
2026-07-17 06:36:22 ThievingPhase: Loot detected in slot 1. Clicking it.
2026-07-17 06:36:24 ThievingPhase: Stall ready. Clicking.
2026-07-17 06:36:25 ThievingPhase: Loot detected in slot 1. Clicking it.
2026-07-17 06:36:27 ThievingPhase: Stall ready. Clicking.
2026-07-17 06:36:28 ThievingPhase: Loot detected in slot 1. Clicking it.
2026-07-17 06:36:30 ThievingPhase: Stall ready. Clicking.
2026-07-17 06:36:31 ThievingPhase: Loot detected in slot 1. Clicking it.
2026-07-17 06:36:33 ThievingPhase: Stall ready. Clicking.
2026-07-17 06:36:34 ThievingPhase: Loot detected in slot 1. Clicking it.
2026-07-17 06:36:36 ThievingPhase: Stall ready. Clicking.
2026-07-17 06:36:37 ThievingPhase: Loot detected in slot 1. Clicking it.
2026-07-17 06:36:39 ThievingPhase: Stall ready. Clicking.
2026-07-17 06:36:40 ThievingPhase: Loot detected in slot 1. Clicking it.
2026-07-17 06:36:42 ThievingPhase: Stall ready. Clicking.
2026-07-17 06:36:43 ThievingPhase: Loot detected in slot 1. Clicking it.
2026-07-17 06:36:45 ThievingPhase: Stall ready. Clicking.
2026-07-17 06:36:46 ThievingPhase: Loot detected in slot 1. Clicking it.
2026-07-17 06:36:48 ThievingPhase: Stall ready. Clicking.
2026-07-17 06:36:49 ThievingPhase: Loot detected in slot 1. Clicking it.
2026-07-17 06:36:51 ThievingPhase: Stall ready. Clicking.
2026-07-17 06:36:52 ThievingPhase: Loot detected in slot 1. Clicking it.
2026-07-17 06:36:54 ThievingPhase: Stall ready. Clicking.
2026-07-17 06:36:55 ThievingPhase: Loot detected in slot 1. Clicking it.
2026-07-17 06:36:57 ThievingPhase: Stall ready. Clicking.
2026-07-17 06:36:58 ThievingPhase: Loot detected in slot 1. Clicking it.
2026-07-17 06:37:00 ThievingPhase: Stall ready. Clicking.
2026-07-17 06:37:01 ThievingPhase: Loot detected in slot 1. Clicking it.
2026-07-17 06:37:03 ThievingPhase: Stall ready. Clicking.
2026-07-17 06:37:04 ThievingPhase: Loot detected in slot 1. Clicking it.
2026-07-17 06:37:06 ThievingPhase: Stall ready. Clicking.
2026-07-17 06:37:07 ThievingPhase: Loot detected in slot 1. Clicking it.
2026-07-17 06:37:09 ThievingPhase: Stall ready. Clicking.
2026-07-17 06:37:10 ThievingPhase: Loot detected in slot 1. Clicking it.
2026-07-17 06:37:12 ThievingPhase: Stall ready. Clicking.
2026-07-17 06:37:13 ThievingPhase: Loot detected in slot 1. Clicking it.
2026-07-17 06:37:15 ThievingPhase: Stall ready. Clicking.
2026-07-17 06:37:16 ThievingPhase: Loot detected in slot 1. Clicking it.
2026-07-17 06:37:18 ThievingPhase: Stall ready. Clicking.
2026-07-17 06:37:19 ThievingPhase: Loot detected in slot 1. Clicking it.
2026-07-17 06:37:21 ThievingPhase: Stall ready. Clicking.
2026-07-17 06:37:22 ThievingPhase: Loot detected in slot 1. Clicking it.
2026-07-17 06:37:24 ThievingPhase: Stall ready. Clicking.
2026-07-17 06:37:27 ThievingPhase: No loot after 2000ms - assuming detected, waiting for combat.
2026-07-17 06:37:31 WaitCombatPhase: No combat signal after 4000ms - retrying
2026-07-17 06:37:31 ThievingPhase: Stall ready. Clicking.
2026-07-17 06:37:32 ThievingPhase: Loot detected in slot 1. Clicking it.
2026-07-17 06:37:34 ThievingPhase: Stall ready. Clicking.
2026-07-17 06:37:35 ThievingPhase: Loot detected in slot 1. Clicking it.
2026-07-17 06:37:37 ThievingPhase: Stall ready. Clicking.
2026-07-17 06:37:38 ThievingPhase: Loot detected in slot 1. Clicking it.
2026-07-17 06:37:40 ThievingPhase: Stall ready. Clicking.
2026-07-17 06:37:41 ThievingPhase: Loot detected in slot 1. Clicking it.
2026-07-17 06:37:43 ThievingPhase: Stall ready. Clicking.
2026-07-17 06:37:44 ThievingPhase: Loot detected in slot 1. Clicking it.
2026-07-17 06:37:46 ThievingPhase: Stall ready. Clicking.
2026-07-17 06:37:47 ThievingPhase: Loot detected in slot 1. Clicking it.
2026-07-17 06:37:49 ThievingPhase: Stall ready. Clicking.
2026-07-17 06:37:50 ThievingPhase: Loot detected in slot 1. Clicking it.
2026-07-17 06:37:52 ThievingPhase: Stall ready. Clicking.
2026-07-17 06:37:53 ThievingPhase: Loot detected in slot 1. Clicking it.
2026-07-17 06:37:55 ThievingPhase: Stall ready. Clicking.
2026-07-17 06:37:56 ThievingPhase: Loot detected in slot 1. Clicking it.
2026-07-17 06:37:58 ThievingPhase: Stall ready. Clicking.
2026-07-17 06:38:00 ThievingPhase: No loot after 2000ms - assuming detected, waiting for combat.
2026-07-17 06:38:04 WaitCombatPhase: No combat signal after 4000ms - retrying
2026-07-17 06:38:04 ThievingPhase: Stall ready. Clicking.
2026-07-17 06:38:06 ThievingPhase: Loot detected in slot 1. Clicking it.
2026-07-17 06:38:07 ThievingPhase: Stall ready. Clicking.
2026-07-17 06:38:09 ThievingPhase: Loot detected in slot 1. Clicking it.
2026-07-17 06:38:10 ThievingPhase: Stall ready. Clicking.
2026-07-17 06:38:12 ThievingPhase: Loot detected in slot 1. Clicking it.
2026-07-17 06:38:13 ThievingPhase: Stall ready. Clicking.
2026-07-17 06:38:15 ThievingPhase: Loot detected in slot 1. Clicking it.
2026-07-17 06:38:16 ThievingPhase: Stall ready. Clicking.
2026-07-17 06:38:18 ThievingPhase: Loot detected in slot 1. Clicking it.
2026-07-17 06:38:20 ThievingPhase: Stall ready. Clicking.
2026-07-17 06:38:21 ThievingPhase: Loot detected in slot 1. Clicking it.
2026-07-17 06:38:22 ThievingPhase: Stall ready. Clicking.
2026-07-17 06:38:24 ThievingPhase: Loot detected in slot 1. Clicking it.
2026-07-17 06:38:25 ThievingPhase: Stall ready. Clicking.
2026-07-17 06:38:27 ThievingPhase: Loot detected in slot 1. Clicking it.
2026-07-17 06:38:28 ThievingPhase: Stall ready. Clicking.
2026-07-17 06:38:30 ThievingPhase: Loot detected in slot 1. Clicking it.
2026-07-17 06:38:31 ThievingPhase: Stall ready. Clicking.
2026-07-17 06:38:33 ThievingPhase: Loot detected in slot 1. Clicking it.
2026-07-17 06:38:34 ThievingPhase: Stall ready. Clicking.
2026-07-17 06:38:36 ThievingPhase: Loot detected in slot 1. Clicking it.
2026-07-17 06:38:37 ThievingPhase: Stall ready. Clicking.
2026-07-17 06:38:38 ThievingPhase: Loot detected in slot 1. Clicking it.
2026-07-17 06:38:40 ThievingPhase: Stall ready. Clicking.
2026-07-17 06:38:42 ThievingPhase: Loot detected in slot 1. Clicking it.
2026-07-17 06:38:43 ThievingPhase: Stall ready. Clicking.
2026-07-17 06:38:45 ThievingPhase: Loot detected in slot 1. Clicking it.
2026-07-17 06:38:46 ThievingPhase: Stall ready. Clicking.
2026-07-17 06:38:48 ThievingPhase: Loot detected in slot 1. Clicking it.
2026-07-17 06:38:49 ThievingPhase: Stall ready. Clicking.
2026-07-17 06:38:51 ThievingPhase: Loot detected in slot 1. Clicking it.
2026-07-17 06:38:52 ThievingPhase: Stall ready. Clicking.
2026-07-17 06:38:54 ThievingPhase: Loot detected in slot 1. Clicking it.
2026-07-17 06:38:55 ThievingPhase: Stall ready. Clicking.
2026-07-17 06:38:57 ThievingPhase: Loot detected in slot 1. Clicking it.
2026-07-17 06:38:58 ThievingPhase: Stall ready. Clicking.
2026-07-17 06:39:00 ThievingPhase: Loot detected in slot 1. Clicking it.
2026-07-17 06:39:01 ThievingPhase: Stall ready. Clicking.
2026-07-17 06:39:03 ThievingPhase: Loot detected in slot 1. Clicking it.
2026-07-17 06:39:04 ThievingPhase: Stall ready. Clicking.
2026-07-17 06:39:06 ThievingPhase: Loot detected in slot 1. Clicking it.
2026-07-17 06:39:07 ThievingPhase: Stall ready. Clicking.
2026-07-17 06:39:08 ThievingPhase: Loot detected in slot 1. Clicking it.
2026-07-17 06:39:10 ThievingPhase: Stall ready. Clicking.
2026-07-17 06:39:12 ThievingPhase: Loot detected in slot 1. Clicking it.
2026-07-17 06:39:13 ThievingPhase: Stall ready. Clicking.
2026-07-17 06:39:15 ThievingPhase: Loot detected in slot 1. Clicking it.
2026-07-17 06:39:16 ThievingPhase: Stall ready. Clicking.
2026-07-17 06:39:18 ThievingPhase: Loot detected in slot 1. Clicking it.
2026-07-17 06:39:19 ThievingPhase: Stall ready. Clicking.
2026-07-17 06:39:20 ThievingPhase: Loot detected in slot 1. Clicking it.
2026-07-17 06:39:22 ThievingPhase: Stall ready. Clicking.
2026-07-17 06:39:24 ThievingPhase: Loot detected in slot 1. Clicking it.
2026-07-17 06:39:25 ThievingPhase: Stall ready. Clicking.
2026-07-17 06:39:27 ThievingPhase: Loot detected in slot 1. Clicking it.
2026-07-17 06:39:28 ThievingPhase: Stall ready. Clicking.
2026-07-17 06:39:30 ThievingPhase: Loot detected in slot 1. Clicking it.
2026-07-17 06:39:31 ThievingPhase: Stall ready. Clicking.
2026-07-17 06:39:32 ThievingPhase: Loot detected in slot 1. Clicking it.
2026-07-17 06:39:35 ThievingPhase: Stall ready. Clicking.
2026-07-17 06:39:36 ThievingPhase: Loot detected in slot 1. Clicking it.
2026-07-17 06:39:37 ThievingPhase: Stall ready. Clicking.
2026-07-17 06:39:39 ThievingPhase: Loot detected in slot 1. Clicking it.
2026-07-17 06:39:40 ThievingPhase: Stall ready. Clicking.
2026-07-17 06:39:42 ThievingPhase: Loot detected in slot 1. Clicking it.
2026-07-17 06:39:43 ThievingPhase: Stall ready. Clicking.
2026-07-17 06:39:45 ThievingPhase: Loot detected in slot 1. Clicking it.
2026-07-17 06:39:46 ThievingPhase: Stall ready. Clicking.
2026-07-17 06:39:48 ThievingPhase: Loot detected in slot 1. Clicking it.
2026-07-17 06:39:49 ThievingPhase: Stall ready. Clicking.
2026-07-17 06:39:51 ThievingPhase: Loot detected in slot 1. Clicking it.
2026-07-17 06:39:52 ThievingPhase: Stall ready. Clicking.
2026-07-17 06:39:54 ThievingPhase: Loot detected in slot 1. Clicking it.
2026-07-17 06:39:55 ThievingPhase: Stall ready. Clicking.
2026-07-17 06:39:57 ThievingPhase: Loot detected in slot 1. Clicking it.
2026-07-17 06:39:58 ThievingPhase: Stall ready. Clicking.
2026-07-17 06:40:00 ThievingPhase: Loot detected in slot 1. Clicking it.
2026-07-17 06:40:01 ThievingPhase: Stall ready. Clicking.
2026-07-17 06:40:03 ThievingPhase: Loot detected in slot 1. Clicking it.
2026-07-17 06:40:04 ThievingPhase: Stall ready. Clicking.
2026-07-17 06:40:06 ThievingPhase: Loot detected in slot 1. Clicking it.
2026-07-17 06:40:07 ThievingPhase: Stall ready. Clicking.
2026-07-17 06:40:09 ThievingPhase: Loot detected in slot 1. Clicking it.
2026-07-17 06:40:10 ThievingPhase: Stall ready. Clicking.
2026-07-17 06:40:12 ThievingPhase: Loot detected in slot 1. Clicking it.
2026-07-17 06:40:14 ThievingPhase: Stall ready. Clicking.
2026-07-17 06:40:15 ThievingPhase: Loot detected in slot 1. Clicking it.
2026-07-17 06:40:16 ThievingPhase: Stall ready. Clicking.
2026-07-17 06:40:18 ThievingPhase: Loot detected in slot 1. Clicking it.
2026-07-17 06:40:19 ThievingPhase: Stall ready. Clicking.
2026-07-17 06:40:20 ThievingPhase: Loot detected in slot 1. Clicking it.
2026-07-17 06:40:22 ThievingPhase: Stall ready. Clicking.
2026-07-17 06:40:24 ThievingPhase: Loot detected in slot 1. Clicking it.
2026-07-17 06:40:25 ThievingPhase: Stall ready. Clicking.
2026-07-17 06:40:27 ThievingPhase: Loot detected in slot 1. Clicking it.
2026-07-17 06:40:28 ThievingPhase: Stall ready. Clicking.
2026-07-17 06:40:30 ThievingPhase: Loot detected in slot 1. Clicking it.
2026-07-17 06:40:31 ThievingPhase: Stall ready. Clicking.
2026-07-17 06:40:33 ThievingPhase: Loot detected in slot 1. Clicking it.
2026-07-17 06:40:35 ThievingPhase: Stall ready. Clicking.
2026-07-17 06:40:36 ThievingPhase: Loot detected in slot 1. Clicking it.
2026-07-17 06:40:37 ThievingPhase: Stall ready. Clicking.
2026-07-17 06:40:39 ThievingPhase: Loot detected in slot 1. Clicking it.
2026-07-17 06:40:40 ThievingPhase: Stall ready. Clicking.
2026-07-17 06:40:42 ThievingPhase: Loot detected in slot 1. Clicking it.
2026-07-17 06:40:43 ThievingPhase: Stall ready. Clicking.
2026-07-17 06:40:45 ThievingPhase: Loot detected in slot 1. Clicking it.
2026-07-17 06:40:46 ThievingPhase: Stall ready. Clicking.
2026-07-17 06:40:48 ThievingPhase: Loot detected in slot 1. Clicking it.
2026-07-17 06:40:49 ThievingPhase: Stall ready. Clicking.
2026-07-17 06:40:51 ThievingPhase: Loot detected in slot 1. Clicking it.
2026-07-17 06:40:52 ThievingPhase: Stall ready. Clicking.
2026-07-17 06:40:54 ThievingPhase: Loot detected in slot 1. Clicking it.
2026-07-17 06:40:55 ThievingPhase: Stall ready. Clicking.
2026-07-17 06:40:57 ThievingPhase: Loot detected in slot 1. Clicking it.
2026-07-17 06:40:58 ThievingPhase: Stall ready. Clicking.
2026-07-17 06:41:00 ThievingPhase: Loot detected in slot 1. Clicking it.
2026-07-17 06:41:01 ThievingPhase: Stall ready. Clicking.
2026-07-17 06:41:03 ThievingPhase: Loot detected in slot 1. Clicking it.
2026-07-17 06:41:04 ThievingPhase: Stall ready. Clicking.
2026-07-17 06:41:06 ThievingPhase: Loot detected in slot 1. Clicking it.
2026-07-17 06:41:07 ThievingPhase: Stall ready. Clicking.
2026-07-17 06:41:09 ThievingPhase: Loot detected in slot 1. Clicking it.
2026-07-17 06:41:10 ThievingPhase: Stall ready. Clicking.
2026-07-17 06:41:12 ThievingPhase: Loot detected in slot 1. Clicking it.
2026-07-17 06:41:13 ThievingPhase: Stall ready. Clicking.
2026-07-17 06:41:15 ThievingPhase: Loot detected in slot 1. Clicking it.
2026-07-17 06:41:16 ThievingPhase: Stall ready. Clicking.
2026-07-17 06:41:18 ThievingPhase: Loot detected in slot 1. Clicking it.
2026-07-17 06:41:19 ThievingPhase: Stall ready. Clicking.
2026-07-17 06:41:21 ThievingPhase: Loot detected in slot 1. Clicking it.
2026-07-17 06:41:22 ThievingPhase: Stall ready. Clicking.
2026-07-17 06:41:24 ThievingPhase: Loot detected in slot 1. Clicking it.
2026-07-17 06:41:26 ThievingPhase: Stall ready. Clicking.
2026-07-17 06:41:27 ThievingPhase: Loot detected in slot 1. Clicking it.
2026-07-17 06:41:28 ThievingPhase: Stall ready. Clicking.
2026-07-17 06:41:30 ThievingPhase: Loot detected in slot 1. Clicking it.
2026-07-17 06:41:31 ThievingPhase: Stall ready. Clicking.
2026-07-17 06:41:33 ThievingPhase: Loot detected in slot 1. Clicking it.
2026-07-17 06:41:34 ThievingPhase: Stall ready. Clicking.
2026-07-17 06:41:35 ThievingPhase: Loot detected in slot 1. Clicking it.
2026-07-17 06:41:38 ThievingPhase: Stall ready. Clicking.
2026-07-17 06:41:39 ThievingPhase: Loot detected in slot 1. Clicking it.
2026-07-17 06:41:40 ThievingPhase: Stall ready. Clicking.
2026-07-17 06:41:42 ThievingPhase: Loot detected in slot 1. Clicking it.
2026-07-17 06:41:43 ThievingPhase: Stall ready. Clicking.
2026-07-17 06:41:45 ThievingPhase: Loot detected in slot 1. Clicking it.
2026-07-17 06:41:46 ThievingPhase: Stall ready. Clicking.
2026-07-17 06:41:48 ThievingPhase: Loot detected in slot 1. Clicking it.
2026-07-17 06:41:49 ThievingPhase: Stall ready. Clicking.
2026-07-17 06:41:51 ThievingPhase: Loot detected in slot 1. Clicking it.
2026-07-17 06:41:52 ThievingPhase: Stall ready. Clicking.
2026-07-17 06:41:54 ThievingPhase: Loot detected in slot 1. Clicking it.
2026-07-17 06:41:56 ThievingPhase: Stall ready. Clicking.
2026-07-17 06:41:57 ThievingPhase: Loot detected in slot 1. Clicking it.
2026-07-17 06:41:58 ThievingPhase: Stall ready. Clicking.
2026-07-17 06:42:00 ThievingPhase: Loot detected in slot 1. Clicking it.
2026-07-17 06:42:01 ThievingPhase: Stall ready. Clicking.
2026-07-17 06:42:03 ThievingPhase: Loot detected in slot 1. Clicking it.
2026-07-17 06:42:04 ThievingPhase: Stall ready. Clicking.
2026-07-17 06:42:06 ThievingPhase: Loot detected in slot 1. Clicking it.
2026-07-17 06:42:07 ThievingPhase: Stall ready. Clicking.
2026-07-17 06:42:09 ThievingPhase: Loot detected in slot 1. Clicking it.
2026-07-17 06:42:10 ThievingPhase: Stall ready. Clicking.
2026-07-17 06:42:12 ThievingPhase: Loot detected in slot 1. Clicking it.
2026-07-17 06:42:14 ThievingPhase: Stall ready. Clicking.
2026-07-17 06:42:16 ThievingPhase: No loot after 2000ms - assuming detected, waiting for combat.
2026-07-17 06:42:20 WaitCombatPhase: No combat signal after 4000ms - retrying
2026-07-17 06:42:20 ThievingPhase: Stall ready. Clicking.
2026-07-17 06:42:21 ThievingPhase: Loot detected in slot 1. Clicking it.
2026-07-17 06:42:23 ThievingPhase: Stall ready. Clicking.
2026-07-17 06:42:24 ThievingPhase: Loot detected in slot 1. Clicking it.
2026-07-17 06:42:26 ThievingPhase: Stall ready. Clicking.
2026-07-17 06:42:27 ThievingPhase: Loot detected in slot 1. Clicking it.
2026-07-17 06:42:29 ThievingPhase: Stall ready. Clicking.
2026-07-17 06:42:31 ThievingPhase: No loot after 2000ms - assuming detected, waiting for combat.
2026-07-17 06:42:36 WaitCombatPhase: No combat signal after 4000ms - retrying
2026-07-17 06:42:36 ThievingPhase: Stall ready. Clicking.
2026-07-17 06:42:37 ThievingPhase: Loot detected in slot 1. Clicking it.
2026-07-17 06:42:39 ThievingPhase: Stall ready. Clicking.
2026-07-17 06:42:40 ThievingPhase: Loot detected in slot 1. Clicking it.
2026-07-17 06:42:42 ThievingPhase: Stall ready. Clicking.
2026-07-17 06:42:43 ThievingPhase: Loot detected in slot 1. Clicking it.
2026-07-17 06:42:45 ThievingPhase: Stall ready. Clicking.
2026-07-17 06:42:46 ThievingPhase: Loot detected in slot 1. Clicking it.
2026-07-17 06:42:48 ThievingPhase: Stall ready. Clicking.
2026-07-17 06:42:49 ThievingPhase: Loot detected in slot 1. Clicking it.
2026-07-17 06:42:51 ThievingPhase: Stall ready. Clicking.
2026-07-17 06:42:52 ThievingPhase: Loot detected in slot 1. Clicking it.
2026-07-17 06:42:54 ThievingPhase: Stall ready. Clicking.
2026-07-17 06:42:55 ThievingPhase: Loot detected in slot 1. Clicking it.
2026-07-17 06:42:57 ThievingPhase: Stall ready. Clicking.
2026-07-17 06:42:58 ThievingPhase: Loot detected in slot 1. Clicking it.
2026-07-17 06:43:00 ThievingPhase: Stall ready. Clicking.
2026-07-17 06:43:01 ThievingPhase: Loot detected in slot 1. Clicking it.
2026-07-17 06:43:03 ThievingPhase: Stall ready. Clicking.
2026-07-17 06:43:04 ThievingPhase: Loot detected in slot 1. Clicking it.
2026-07-17 06:43:06 ThievingPhase: Stall ready. Clicking.
2026-07-17 06:43:07 ThievingPhase: Loot detected in slot 1. Clicking it.
2026-07-17 06:43:09 ThievingPhase: Stall ready. Clicking.
2026-07-17 06:43:10 ThievingPhase: Loot detected in slot 1. Clicking it.
2026-07-17 06:43:12 ThievingPhase: Stall ready. Clicking.
2026-07-17 06:43:13 ThievingPhase: Loot detected in slot 1. Clicking it.
2026-07-17 06:43:15 ThievingPhase: Stall ready. Clicking.
2026-07-17 06:43:16 ThievingPhase: Loot detected in slot 1. Clicking it.
2026-07-17 06:43:18 ThievingPhase: Stall ready. Clicking.
2026-07-17 06:43:19 ThievingPhase: Loot detected in slot 1. Clicking it.
2026-07-17 06:43:21 ThievingPhase: Stall ready. Clicking.
2026-07-17 06:43:22 ThievingPhase: Loot detected in slot 1. Clicking it.
2026-07-17 06:43:24 ThievingPhase: Stall ready. Clicking.
2026-07-17 06:43:25 ThievingPhase: Loot detected in slot 1. Clicking it.
2026-07-17 06:43:27 ThievingPhase: Stall ready. Clicking.
2026-07-17 06:43:28 ThievingPhase: Loot detected in slot 1. Clicking it.
2026-07-17 06:43:30 ThievingPhase: Stall ready. Clicking.
2026-07-17 06:43:31 ThievingPhase: Loot detected in slot 1. Clicking it.
2026-07-17 06:43:33 ThievingPhase: Stall ready. Clicking.
2026-07-17 06:43:34 ThievingPhase: Loot detected in slot 1. Clicking it.
2026-07-17 06:43:36 ThievingPhase: Stall ready. Clicking.
2026-07-17 06:43:38 ThievingPhase: Loot detected in slot 1. Clicking it.
2026-07-17 06:43:39 ThievingPhase: Stall ready. Clicking.
2026-07-17 06:43:40 ThievingPhase: Loot detected in slot 1. Clicking it.
2026-07-17 06:43:42 ThievingPhase: Stall ready. Clicking.
2026-07-17 06:43:43 ThievingPhase: Loot detected in slot 1. Clicking it.
2026-07-17 06:43:45 ThievingPhase: Stall ready. Clicking.
2026-07-17 06:43:46 ThievingPhase: Loot detected in slot 1. Clicking it.
2026-07-17 06:43:48 ThievingPhase: Stall ready. Clicking.
2026-07-17 06:43:49 ThievingPhase: Loot detected in slot 1. Clicking it.
2026-07-17 06:43:51 ThievingPhase: Stall ready. Clicking.
2026-07-17 06:43:52 ThievingPhase: Loot detected in slot 1. Clicking it.
2026-07-17 06:43:54 ThievingPhase: Stall ready. Clicking.
2026-07-17 06:43:55 ThievingPhase: Loot detected in slot 1. Clicking it.
2026-07-17 06:43:57 ThievingPhase: Stall ready. Clicking.
2026-07-17 06:43:58 ThievingPhase: Loot detected in slot 1. Clicking it.
2026-07-17 06:44:00 ThievingPhase: Stall ready. Clicking.
2026-07-17 06:44:01 ThievingPhase: Loot detected in slot 1. Clicking it.
2026-07-17 06:44:03 ThievingPhase: Stall ready. Clicking.
2026-07-17 06:44:04 ThievingPhase: Loot detected in slot 1. Clicking it.
2026-07-17 06:44:06 ThievingPhase: Stall ready. Clicking.
2026-07-17 06:44:07 ThievingPhase: Loot detected in slot 1. Clicking it.
2026-07-17 06:44:09 ThievingPhase: Stall ready. Clicking.
2026-07-17 06:44:10 ThievingPhase: Loot detected in slot 1. Clicking it.
2026-07-17 06:44:12 ThievingPhase: Stall ready. Clicking.
2026-07-17 06:44:13 ThievingPhase: Loot detected in slot 1. Clicking it.
2026-07-17 06:44:15 ThievingPhase: Stall ready. Clicking.
2026-07-17 06:44:16 ThievingPhase: Loot detected in slot 1. Clicking it.
2026-07-17 06:44:18 ThievingPhase: Stall ready. Clicking.
2026-07-17 06:44:19 ThievingPhase: Loot detected in slot 1. Clicking it.
2026-07-17 06:44:21 ThievingPhase: Stall ready. Clicking.
2026-07-17 06:44:23 ThievingPhase: Loot detected in slot 1. Clicking it.
2026-07-17 06:44:24 ThievingPhase: Stall ready. Clicking.
2026-07-17 06:44:25 ThievingPhase: Loot detected in slot 1. Clicking it.
2026-07-17 06:44:27 ThievingPhase: Stall ready. Clicking.
2026-07-17 06:44:28 ThievingPhase: Loot detected in slot 1. Clicking it.
2026-07-17 06:44:30 ThievingPhase: Stall ready. Clicking.
2026-07-17 06:44:32 ThievingPhase: Loot detected in slot 1. Clicking it.
2026-07-17 06:44:33 ThievingPhase: Stall ready. Clicking.
2026-07-17 06:44:34 ThievingPhase: Loot detected in slot 1. Clicking it.
2026-07-17 06:44:36 ThievingPhase: Stall ready. Clicking.
2026-07-17 06:44:37 ThievingPhase: Loot detected in slot 1. Clicking it.
2026-07-17 06:44:39 ThievingPhase: Stall ready. Clicking.
2026-07-17 06:44:40 ThievingPhase: Loot detected in slot 1. Clicking it.
2026-07-17 06:44:42 ThievingPhase: Stall ready. Clicking.
2026-07-17 06:44:43 ThievingPhase: Loot detected in slot 1. Clicking it.
2026-07-17 06:44:45 ThievingPhase: Stall ready. Clicking.
2026-07-17 06:44:47 ThievingPhase: Loot detected in slot 1. Clicking it.
2026-07-17 06:44:48 ThievingPhase: Stall ready. Clicking.
2026-07-17 06:44:49 ThievingPhase: Loot detected in slot 1. Clicking it.
2026-07-17 06:44:51 ThievingPhase: Stall ready. Clicking.
2026-07-17 06:44:52 ThievingPhase: Loot detected in slot 1. Clicking it.
2026-07-17 06:44:54 ThievingPhase: Stall ready. Clicking.
2026-07-17 06:44:55 ThievingPhase: Loot detected in slot 1. Clicking it.
2026-07-17 06:44:57 ThievingPhase: Stall ready. Clicking.
2026-07-17 06:44:58 ThievingPhase: Loot detected in slot 1. Clicking it.
2026-07-17 06:45:00 ThievingPhase: Stall ready. Clicking.
2026-07-17 06:45:01 ThievingPhase: Loot detected in slot 1. Clicking it.
2026-07-17 06:45:03 ThievingPhase: Stall ready. Clicking.
2026-07-17 06:45:05 ThievingPhase: Loot detected in slot 1. Clicking it.
2026-07-17 06:45:06 ThievingPhase: Stall ready. Clicking.
2026-07-17 06:45:07 ThievingPhase: Loot detected in slot 1. Clicking it.
2026-07-17 06:45:09 ThievingPhase: Stall ready. Clicking.
2026-07-17 06:45:10 ThievingPhase: Loot detected in slot 1. Clicking it.
2026-07-17 06:45:12 ThievingPhase: Stall ready. Clicking.
2026-07-17 06:45:13 ThievingPhase: Loot detected in slot 1. Clicking it.
2026-07-17 06:45:15 ThievingPhase: Stall ready. Clicking.
2026-07-17 06:45:16 ThievingPhase: Loot detected in slot 1. Clicking it.
2026-07-17 06:45:18 ThievingPhase: Stall ready. Clicking.
2026-07-17 06:45:19 ThievingPhase: Loot detected in slot 1. Clicking it.
2026-07-17 06:45:21 ThievingPhase: Stall ready. Clicking.
2026-07-17 06:45:22 ThievingPhase: Loot detected in slot 1. Clicking it.
2026-07-17 06:45:24 ThievingPhase: Stall ready. Clicking.
2026-07-17 06:45:25 ThievingPhase: Loot detected in slot 1. Clicking it.
2026-07-17 06:45:27 ThievingPhase: Stall ready. Clicking.
2026-07-17 06:45:28 ThievingPhase: Loot detected in slot 1. Clicking it.
2026-07-17 06:45:30 ThievingPhase: Stall ready. Clicking.
2026-07-17 06:45:31 ThievingPhase: Loot detected in slot 1. Clicking it.
2026-07-17 06:45:33 ThievingPhase: Stall ready. Clicking.
2026-07-17 06:45:35 ThievingPhase: Loot detected in slot 1. Clicking it.
2026-07-17 06:45:36 ThievingPhase: Stall ready. Clicking.
2026-07-17 06:45:37 ThievingPhase: Loot detected in slot 1. Clicking it.
2026-07-17 06:45:39 ThievingPhase: Stall ready. Clicking.
2026-07-17 06:45:40 ThievingPhase: Loot detected in slot 1. Clicking it.
2026-07-17 06:45:42 ThievingPhase: Stall ready. Clicking.
2026-07-17 06:45:44 ThievingPhase: Loot detected in slot 1. Clicking it.
2026-07-17 06:45:45 ThievingPhase: Stall ready. Clicking.
2026-07-17 06:45:46 ThievingPhase: Loot detected in slot 1. Clicking it.
2026-07-17 06:45:48 ThievingPhase: Stall ready. Clicking.
2026-07-17 06:45:49 ThievingPhase: Loot detected in slot 1. Clicking it.
2026-07-17 06:45:51 ThievingPhase: Stall ready. Clicking.
2026-07-17 06:45:53 ThievingPhase: Loot detected in slot 1. Clicking it.
2026-07-17 06:45:54 ThievingPhase: Stall ready. Clicking.
2026-07-17 06:45:55 ThievingPhase: Loot detected in slot 1. Clicking it.
2026-07-17 06:45:57 ThievingPhase: Stall ready. Clicking.
2026-07-17 06:45:58 ThievingPhase: Loot detected in slot 1. Clicking it.
2026-07-17 06:46:00 ThievingPhase: Stall ready. Clicking.
2026-07-17 06:46:01 ThievingPhase: Loot detected in slot 1. Clicking it.
2026-07-17 06:46:03 ThievingPhase: Stall ready. Clicking.
2026-07-17 06:46:04 ThievingPhase: Loot detected in slot 1. Clicking it.
2026-07-17 06:46:06 ThievingPhase: Stall ready. Clicking.
2026-07-17 06:46:07 ThievingPhase: Loot detected in slot 1. Clicking it.
2026-07-17 06:46:09 ThievingPhase: Stall ready. Clicking.
2026-07-17 06:46:10 ThievingPhase: Loot detected in slot 1. Clicking it.
2026-07-17 06:46:12 ThievingPhase: Stall ready. Clicking.
2026-07-17 06:46:13 ThievingPhase: Loot detected in slot 1. Clicking it.
2026-07-17 06:46:15 ThievingPhase: Stall ready. Clicking.
2026-07-17 06:46:16 ThievingPhase: Loot detected in slot 1. Clicking it.
2026-07-17 06:46:18 ThievingPhase: Stall ready. Clicking.
2026-07-17 06:46:19 ThievingPhase: Loot detected in slot 1. Clicking it.
2026-07-17 06:46:21 ThievingPhase: Stall ready. Clicking.
2026-07-17 06:46:22 ThievingPhase: Loot detected in slot 1. Clicking it.
2026-07-17 06:46:24 ThievingPhase: Stall ready. Clicking.
2026-07-17 06:46:25 ThievingPhase: Loot detected in slot 1. Clicking it.
2026-07-17 06:46:27 ThievingPhase: Stall ready. Clicking.
2026-07-17 06:46:29 ThievingPhase: Loot detected in slot 1. Clicking it.
2026-07-17 06:46:30 ThievingPhase: Stall ready. Clicking.
2026-07-17 06:46:31 ThievingPhase: Loot detected in slot 1. Clicking it.
2026-07-17 06:46:33 ThievingPhase: Stall ready. Clicking.
2026-07-17 06:46:34 ThievingPhase: Loot detected in slot 1. Clicking it.
2026-07-17 06:46:36 ThievingPhase: Stall ready. Clicking.
2026-07-17 06:46:39 ThievingPhase: No loot after 2000ms - assuming detected, waiting for combat.
2026-07-17 06:46:43 WaitCombatPhase: No combat signal after 4000ms - retrying
2026-07-17 06:46:43 ThievingPhase: Stall ready. Clicking.
2026-07-17 06:46:44 ThievingPhase: Loot detected in slot 1. Clicking it.
2026-07-17 06:46:46 ThievingPhase: Stall ready. Clicking.
2026-07-17 06:46:47 ThievingPhase: Loot detected in slot 1. Clicking it.
2026-07-17 06:46:49 ThievingPhase: Stall ready. Clicking.
2026-07-17 06:46:50 ThievingPhase: Loot detected in slot 1. Clicking it.
2026-07-17 06:46:52 ThievingPhase: Stall ready. Clicking.
2026-07-17 06:46:53 ThievingPhase: Loot detected in slot 1. Clicking it.
2026-07-17 06:46:55 ThievingPhase: Stall ready. Clicking.
2026-07-17 06:46:56 ThievingPhase: Loot detected in slot 1. Clicking it.
2026-07-17 06:46:58 ThievingPhase: Stall ready. Clicking.
2026-07-17 06:46:59 ThievingPhase: Loot detected in slot 1. Clicking it.
2026-07-17 06:47:01 ThievingPhase: Stall ready. Clicking.
2026-07-17 06:47:02 ThievingPhase: Loot detected in slot 1. Clicking it.
2026-07-17 06:47:04 ThievingPhase: Stall ready. Clicking.
2026-07-17 06:47:05 ThievingPhase: Loot detected in slot 1. Clicking it.
2026-07-17 06:47:07 ThievingPhase: Stall ready. Clicking.
2026-07-17 06:47:08 ThievingPhase: Loot detected in slot 1. Clicking it.
2026-07-17 06:47:10 ThievingPhase: Stall ready. Clicking.
2026-07-17 06:47:11 ThievingPhase: Loot detected in slot 1. Clicking it.
2026-07-17 06:47:13 ThievingPhase: Stall ready. Clicking.
2026-07-17 06:47:14 ThievingPhase: Loot detected in slot 1. Clicking it.
2026-07-17 06:47:16 ThievingPhase: Stall ready. Clicking.
2026-07-17 06:47:17 ThievingPhase: Loot detected in slot 1. Clicking it.
2026-07-17 06:47:19 ThievingPhase: Stall ready. Clicking.
2026-07-17 06:47:20 ThievingPhase: Loot detected in slot 1. Clicking it.
2026-07-17 06:47:22 ThievingPhase: Stall ready. Clicking.
2026-07-17 06:47:23 ThievingPhase: Loot detected in slot 1. Clicking it.
2026-07-17 06:47:25 ThievingPhase: Stall ready. Clicking.
2026-07-17 06:47:26 ThievingPhase: Loot detected in slot 1. Clicking it.
2026-07-17 06:47:28 ThievingPhase: Stall ready. Clicking.
2026-07-17 06:47:29 ThievingPhase: Loot detected in slot 1. Clicking it.
2026-07-17 06:47:31 ThievingPhase: Stall ready. Clicking.
2026-07-17 06:47:32 ThievingPhase: Loot detected in slot 1. Clicking it.
2026-07-17 06:47:34 ThievingPhase: Stall ready. Clicking.
2026-07-17 06:47:35 ThievingPhase: Loot detected in slot 1. Clicking it.
2026-07-17 06:47:37 ThievingPhase: Stall ready. Clicking.
2026-07-17 06:47:38 ThievingPhase: Loot detected in slot 1. Clicking it.
2026-07-17 06:47:40 ThievingPhase: Stall ready. Clicking.
2026-07-17 06:47:41 ThievingPhase: Loot detected in slot 1. Clicking it.
2026-07-17 06:47:43 ThievingPhase: Stall ready. Clicking.
2026-07-17 06:47:44 ThievingPhase: Loot detected in slot 1. Clicking it.
2026-07-17 06:47:46 ThievingPhase: Stall ready. Clicking.
2026-07-17 06:47:47 ThievingPhase: Loot detected in slot 1. Clicking it.
2026-07-17 06:47:49 ThievingPhase: Stall ready. Clicking.
2026-07-17 06:47:50 ThievingPhase: Loot detected in slot 1. Clicking it.
2026-07-17 06:47:52 ThievingPhase: Stall ready. Clicking.
2026-07-17 06:47:53 ThievingPhase: Loot detected in slot 1. Clicking it.
2026-07-17 06:47:55 ThievingPhase: Stall ready. Clicking.
2026-07-17 06:47:56 ThievingPhase: Loot detected in slot 1. Clicking it.
2026-07-17 06:47:58 ThievingPhase: Stall ready. Clicking.
2026-07-17 06:47:59 ThievingPhase: Loot detected in slot 1. Clicking it.
2026-07-17 06:48:01 ThievingPhase: Stall ready. Clicking.
2026-07-17 06:48:02 ThievingPhase: Loot detected in slot 1. Clicking it.
2026-07-17 06:48:04 ThievingPhase: Stall ready. Clicking.
2026-07-17 06:48:05 ThievingPhase: Loot detected in slot 1. Clicking it.
2026-07-17 06:48:07 ThievingPhase: Stall ready. Clicking.
2026-07-17 06:48:08 ThievingPhase: Loot detected in slot 1. Clicking it.
2026-07-17 06:48:10 ThievingPhase: Stall ready. Clicking.
2026-07-17 06:48:11 ThievingPhase: Loot detected in slot 1. Clicking it.
2026-07-17 06:48:13 ThievingPhase: Stall ready. Clicking.
2026-07-17 06:48:14 ThievingPhase: Loot detected in slot 1. Clicking it.
2026-07-17 06:48:16 ThievingPhase: Stall ready. Clicking.
2026-07-17 06:48:17 ThievingPhase: Loot detected in slot 1. Clicking it.
2026-07-17 06:48:19 ThievingPhase: Stall ready. Clicking.
2026-07-17 06:48:20 ThievingPhase: Loot detected in slot 1. Clicking it.
2026-07-17 06:48:22 ThievingPhase: Stall ready. Clicking.
2026-07-17 06:48:23 ThievingPhase: Loot detected in slot 1. Clicking it.
2026-07-17 06:48:25 ThievingPhase: Stall ready. Clicking.
2026-07-17 06:48:26 ThievingPhase: Loot detected in slot 1. Clicking it.
2026-07-17 06:48:28 ThievingPhase: Stall ready. Clicking.
2026-07-17 06:48:29 ThievingPhase: Loot detected in slot 1. Clicking it.
2026-07-17 06:48:31 ThievingPhase: Stall ready. Clicking.
2026-07-17 06:48:32 ThievingPhase: Loot detected in slot 1. Clicking it.
2026-07-17 06:48:34 ThievingPhase: Stall ready. Clicking.
2026-07-17 06:48:35 ThievingPhase: Loot detected in slot 1. Clicking it.
2026-07-17 06:48:37 ThievingPhase: Stall ready. Clicking.
2026-07-17 06:48:38 ThievingPhase: Loot detected in slot 1. Clicking it.
2026-07-17 06:48:40 ThievingPhase: Stall ready. Clicking.
2026-07-17 06:48:41 ThievingPhase: Loot detected in slot 1. Clicking it.
2026-07-17 06:48:43 ThievingPhase: Stall ready. Clicking.
2026-07-17 06:48:44 ThievingPhase: Loot detected in slot 1. Clicking it.
2026-07-17 06:48:46 ThievingPhase: Stall ready. Clicking.
2026-07-17 06:48:47 ThievingPhase: Loot detected in slot 1. Clicking it.
2026-07-17 06:48:49 ThievingPhase: Stall ready. Clicking.
2026-07-17 06:48:50 ThievingPhase: Loot detected in slot 1. Clicking it.
2026-07-17 06:48:52 ThievingPhase: Stall ready. Clicking.
2026-07-17 06:48:53 ThievingPhase: Loot detected in slot 1. Clicking it.
2026-07-17 06:48:55 ThievingPhase: Stall ready. Clicking.
2026-07-17 06:48:56 ThievingPhase: Loot detected in slot 1. Clicking it.
2026-07-17 06:48:58 ThievingPhase: Stall ready. Clicking.
2026-07-17 06:48:59 ThievingPhase: Loot detected in slot 1. Clicking it.
2026-07-17 06:49:01 ThievingPhase: Stall ready. Clicking.
2026-07-17 06:49:02 ThievingPhase: Loot detected in slot 1. Clicking it.
2026-07-17 06:49:04 ThievingPhase: Stall ready. Clicking.
2026-07-17 06:49:05 ThievingPhase: Loot detected in slot 1. Clicking it.
2026-07-17 06:49:07 ThievingPhase: Stall ready. Clicking.
2026-07-17 06:49:08 ThievingPhase: Loot detected in slot 1. Clicking it.
2026-07-17 06:49:10 ThievingPhase: Stall ready. Clicking.
2026-07-17 06:49:11 ThievingPhase: Loot detected in slot 1. Clicking it.
2026-07-17 06:49:13 ThievingPhase: Stall ready. Clicking.
2026-07-17 06:49:14 ThievingPhase: Loot detected in slot 1. Clicking it.
2026-07-17 06:49:16 ThievingPhase: Stall ready. Clicking.
2026-07-17 06:49:17 ThievingPhase: Loot detected in slot 1. Clicking it.
2026-07-17 06:49:19 ThievingPhase: Stall ready. Clicking.
2026-07-17 06:49:20 ThievingPhase: Loot detected in slot 1. Clicking it.
2026-07-17 06:49:22 ThievingPhase: Stall ready. Clicking.
2026-07-17 06:49:23 ThievingPhase: Loot detected in slot 1. Clicking it.
2026-07-17 06:49:25 ThievingPhase: Stall ready. Clicking.
2026-07-17 06:49:26 ThievingPhase: Loot detected in slot 1. Clicking it.
2026-07-17 06:49:28 ThievingPhase: Stall ready. Clicking.
2026-07-17 06:49:29 ThievingPhase: Loot detected in slot 1. Clicking it.
2026-07-17 06:49:31 ThievingPhase: Stall ready. Clicking.
2026-07-17 06:49:32 ThievingPhase: Loot detected in slot 1. Clicking it.
2026-07-17 06:49:34 ThievingPhase: Stall ready. Clicking.
2026-07-17 06:49:35 ThievingPhase: Loot detected in slot 1. Clicking it.
2026-07-17 06:49:37 ThievingPhase: Stall ready. Clicking.
2026-07-17 06:49:38 ThievingPhase: Loot detected in slot 1. Clicking it.
2026-07-17 06:49:40 ThievingPhase: Stall ready. Clicking.
2026-07-17 06:49:41 ThievingPhase: Loot detected in slot 1. Clicking it.
2026-07-17 06:49:43 ThievingPhase: Stall ready. Clicking.
2026-07-17 06:49:44 ThievingPhase: Loot detected in slot 1. Clicking it.
2026-07-17 06:49:46 ThievingPhase: Stall ready. Clicking.
2026-07-17 06:49:47 ThievingPhase: Loot detected in slot 1. Clicking it.
2026-07-17 06:49:49 ThievingPhase: Stall ready. Clicking.
2026-07-17 06:49:50 ThievingPhase: Loot detected in slot 1. Clicking it.
2026-07-17 06:49:52 ThievingPhase: Stall ready. Clicking.
2026-07-17 06:49:53 ThievingPhase: Loot detected in slot 1. Clicking it.
2026-07-17 06:49:55 ThievingPhase: Stall ready. Clicking.
2026-07-17 06:49:56 ThievingPhase: Loot detected in slot 1. Clicking it.
2026-07-17 06:49:58 ThievingPhase: Stall ready. Clicking.
2026-07-17 06:49:59 ThievingPhase: Loot detected in slot 1. Clicking it.
2026-07-17 06:50:01 ThievingPhase: Stall ready. Clicking.
2026-07-17 06:50:02 ThievingPhase: Loot detected in slot 1. Clicking it.
2026-07-17 06:50:04 ThievingPhase: Stall ready. Clicking.
2026-07-17 06:50:05 ThievingPhase: Loot detected in slot 1. Clicking it.
2026-07-17 06:50:07 ThievingPhase: Stall ready. Clicking.
2026-07-17 06:50:08 ThievingPhase: Loot detected in slot 1. Clicking it.
2026-07-17 06:50:10 ThievingPhase: Stall ready. Clicking.
2026-07-17 06:50:11 ThievingPhase: Loot detected in slot 1. Clicking it.
2026-07-17 06:50:13 ThievingPhase: Stall ready. Clicking.
2026-07-17 06:50:14 ThievingPhase: Loot detected in slot 1. Clicking it.
2026-07-17 06:50:16 ThievingPhase: Stall ready. Clicking.
2026-07-17 06:50:17 ThievingPhase: Loot detected in slot 1. Clicking it.
2026-07-17 06:50:19 ThievingPhase: Stall ready. Clicking.
2026-07-17 06:50:20 ThievingPhase: Loot detected in slot 1. Clicking it.
2026-07-17 06:50:22 ThievingPhase: Stall ready. Clicking.
2026-07-17 06:50:23 ThievingPhase: Loot detected in slot 1. Clicking it.
2026-07-17 06:50:25 ThievingPhase: Stall ready. Clicking.
2026-07-17 06:50:26 ThievingPhase: Loot detected in slot 1. Clicking it.
2026-07-17 06:50:28 ThievingPhase: Stall ready. Clicking.
2026-07-17 06:50:29 ThievingPhase: Loot detected in slot 1. Clicking it.
2026-07-17 06:50:31 ThievingPhase: Stall ready. Clicking.
2026-07-17 06:50:32 ThievingPhase: Loot detected in slot 1. Clicking it.
2026-07-17 06:50:34 ThievingPhase: Stall ready. Clicking.
2026-07-17 06:50:35 ThievingPhase: Loot detected in slot 1. Clicking it.
2026-07-17 06:50:37 ThievingPhase: Stall ready. Clicking.
2026-07-17 06:50:38 ThievingPhase: Loot detected in slot 1. Clicking it.
2026-07-17 06:50:40 ThievingPhase: Stall ready. Clicking.
2026-07-17 06:50:41 ThievingPhase: Loot detected in slot 1. Clicking it.
2026-07-17 06:50:43 ThievingPhase: Stall ready. Clicking.
2026-07-17 06:50:44 ThievingPhase: Loot detected in slot 1. Clicking it.
2026-07-17 06:50:46 ThievingPhase: Stall ready. Clicking.
2026-07-17 06:50:47 ThievingPhase: Loot detected in slot 1. Clicking it.
2026-07-17 06:50:49 ThievingPhase: Stall ready. Clicking.
2026-07-17 06:50:50 ThievingPhase: Loot detected in slot 1. Clicking it.
2026-07-17 06:50:52 ThievingPhase: Stall ready. Clicking.
2026-07-17 06:50:53 ThievingPhase: Loot detected in slot 1. Clicking it.
2026-07-17 06:50:55 ThievingPhase: Stall ready. Clicking.
2026-07-17 06:50:56 ThievingPhase: Loot detected in slot 1. Clicking it.
2026-07-17 06:50:58 ThievingPhase: Stall ready. Clicking.
2026-07-17 06:50:59 ThievingPhase: Loot detected in slot 1. Clicking it.
2026-07-17 06:51:01 ThievingPhase: Stall ready. Clicking.
2026-07-17 06:51:02 ThievingPhase: Loot detected in slot 1. Clicking it.
2026-07-17 06:51:04 ThievingPhase: Stall ready. Clicking.
2026-07-17 06:51:05 ThievingPhase: Loot detected in slot 1. Clicking it.
2026-07-17 06:51:07 ThievingPhase: Stall ready. Clicking.
2026-07-17 06:51:08 ThievingPhase: Loot detected in slot 1. Clicking it.
2026-07-17 06:51:10 ThievingPhase: Stall ready. Clicking.
2026-07-17 06:51:11 ThievingPhase: Loot detected in slot 1. Clicking it.
2026-07-17 06:51:13 ThievingPhase: Stall ready. Clicking.
2026-07-17 06:51:14 ThievingPhase: Loot detected in slot 1. Clicking it.
2026-07-17 06:51:16 ThievingPhase: Stall ready. Clicking.
2026-07-17 06:51:17 ThievingPhase: Loot detected in slot 1. Clicking it.
2026-07-17 06:51:19 ThievingPhase: Stall ready. Clicking.
2026-07-17 06:51:20 ThievingPhase: Loot detected in slot 1. Clicking it.
2026-07-17 06:51:22 ThievingPhase: Stall ready. Clicking.
2026-07-17 06:51:23 ThievingPhase: Loot detected in slot 1. Clicking it.
2026-07-17 06:51:25 ThievingPhase: Stall ready. Clicking.
2026-07-17 06:51:26 ThievingPhase: Loot detected in slot 1. Clicking it.
2026-07-17 06:51:28 ThievingPhase: Stall ready. Clicking.
2026-07-17 06:51:29 ThievingPhase: Loot detected in slot 1. Clicking it.
2026-07-17 06:51:31 ThievingPhase: Stall ready. Clicking.
2026-07-17 06:51:32 ThievingPhase: Loot detected in slot 1. Clicking it.
2026-07-17 06:51:34 ThievingPhase: Stall ready. Clicking.
2026-07-17 06:51:35 ThievingPhase: Loot detected in slot 1. Clicking it.
2026-07-17 06:51:37 ThievingPhase: Stall ready. Clicking.
2026-07-17 06:51:38 ThievingPhase: Loot detected in slot 1. Clicking it.
2026-07-17 06:51:40 ThievingPhase: Stall ready. Clicking.
2026-07-17 06:51:41 ThievingPhase: Loot detected in slot 1. Clicking it.
2026-07-17 06:51:43 ThievingPhase: Stall ready. Clicking.
2026-07-17 06:51:44 ThievingPhase: Loot detected in slot 1. Clicking it.
2026-07-17 06:51:46 ThievingPhase: Stall ready. Clicking.
2026-07-17 06:51:47 ThievingPhase: Loot detected in slot 1. Clicking it.
2026-07-17 06:51:49 ThievingPhase: Stall ready. Clicking.
2026-07-17 06:51:50 ThievingPhase: Loot detected in slot 1. Clicking it.
2026-07-17 06:51:52 ThievingPhase: Stall ready. Clicking.
2026-07-17 06:51:53 ThievingPhase: Loot detected in slot 1. Clicking it.
2026-07-17 06:51:55 ThievingPhase: Stall ready. Clicking.
2026-07-17 06:51:56 ThievingPhase: Loot detected in slot 1. Clicking it.
2026-07-17 06:51:58 ThievingPhase: Stall ready. Clicking.
2026-07-17 06:51:59 ThievingPhase: Loot detected in slot 1. Clicking it.
2026-07-17 06:52:01 ThievingPhase: Stall ready. Clicking.
2026-07-17 06:52:02 ThievingPhase: Loot detected in slot 1. Clicking it.
2026-07-17 06:52:04 ThievingPhase: Stall ready. Clicking.
2026-07-17 06:52:05 ThievingPhase: Loot detected in slot 1. Clicking it.
2026-07-17 06:52:07 ThievingPhase: Stall ready. Clicking.
2026-07-17 06:52:08 ThievingPhase: Loot detected in slot 1. Clicking it.
2026-07-17 06:52:10 ThievingPhase: Stall ready. Clicking.
2026-07-17 06:52:11 ThievingPhase: Loot detected in slot 1. Clicking it.
2026-07-17 06:52:13 ThievingPhase: Stall ready. Clicking.
2026-07-17 06:52:14 ThievingPhase: Loot detected in slot 1. Clicking it.
2026-07-17 06:52:16 ThievingPhase: Stall ready. Clicking.
2026-07-17 06:52:17 ThievingPhase: Loot detected in slot 1. Clicking it.
2026-07-17 06:52:19 ThievingPhase: Stall ready. Clicking.
2026-07-17 06:52:20 ThievingPhase: Loot detected in slot 1. Clicking it.
2026-07-17 06:52:22 ThievingPhase: Stall ready. Clicking.
2026-07-17 06:52:23 ThievingPhase: Loot detected in slot 1. Clicking it.
2026-07-17 06:52:25 ThievingPhase: Stall ready. Clicking.
2026-07-17 06:52:26 ThievingPhase: Loot detected in slot 1. Clicking it.
2026-07-17 06:52:28 ThievingPhase: Stall ready. Clicking.
2026-07-17 06:52:29 ThievingPhase: Loot detected in slot 1. Clicking it.
2026-07-17 06:52:31 ThievingPhase: Stall ready. Clicking.
2026-07-17 06:52:32 ThievingPhase: Loot detected in slot 1. Clicking it.
2026-07-17 06:52:34 ThievingPhase: Stall ready. Clicking.
2026-07-17 06:52:35 ThievingPhase: Loot detected in slot 1. Clicking it.
2026-07-17 06:52:37 ThievingPhase: Stall ready. Clicking.
2026-07-17 06:52:38 ThievingPhase: Loot detected in slot 1. Clicking it.
2026-07-17 06:52:40 ThievingPhase: Stall ready. Clicking.
2026-07-17 06:52:41 ThievingPhase: Loot detected in slot 1. Clicking it.
2026-07-17 06:52:43 ThievingPhase: Stall ready. Clicking.
2026-07-17 06:52:44 ThievingPhase: Loot detected in slot 1. Clicking it.
2026-07-17 06:52:46 ThievingPhase: Stall ready. Clicking.
2026-07-17 06:52:47 ThievingPhase: Loot detected in slot 1. Clicking it.
2026-07-17 06:52:49 ThievingPhase: Stall ready. Clicking.
2026-07-17 06:52:50 ThievingPhase: Loot detected in slot 1. Clicking it.
2026-07-17 06:52:52 ThievingPhase: Stall ready. Clicking.
2026-07-17 06:52:53 ThievingPhase: Loot detected in slot 1. Clicking it.
2026-07-17 06:52:55 ThievingPhase: Stall ready. Clicking.
2026-07-17 06:52:56 ThievingPhase: Loot detected in slot 1. Clicking it.
2026-07-17 06:52:58 ThievingPhase: Stall ready. Clicking.
2026-07-17 06:52:59 ThievingPhase: Loot detected in slot 1. Clicking it.
2026-07-17 06:53:01 ThievingPhase: Stall ready. Clicking.
2026-07-17 06:53:02 ThievingPhase: Loot detected in slot 1. Clicking it.
2026-07-17 06:53:04 ThievingPhase: Stall ready. Clicking.
2026-07-17 06:53:05 ThievingPhase: Loot detected in slot 1. Clicking it.
2026-07-17 06:53:07 ThievingPhase: Stall ready. Clicking.
2026-07-17 06:53:08 ThievingPhase: Loot detected in slot 1. Clicking it.
2026-07-17 06:53:10 ThievingPhase: Stall ready. Clicking.
2026-07-17 06:53:11 ThievingPhase: Loot detected in slot 1. Clicking it.
2026-07-17 06:53:13 ThievingPhase: Stall ready. Clicking.
2026-07-17 06:53:14 ThievingPhase: Loot detected in slot 1. Clicking it.
2026-07-17 06:53:16 ThievingPhase: Stall ready. Clicking.
2026-07-17 06:53:17 ThievingPhase: Loot detected in slot 1. Clicking it.
2026-07-17 06:53:19 ThievingPhase: Stall ready. Clicking.
2026-07-17 06:53:20 ThievingPhase: Loot detected in slot 1. Clicking it.
2026-07-17 06:53:22 ThievingPhase: Stall ready. Clicking.
2026-07-17 06:53:23 ThievingPhase: Loot detected in slot 1. Clicking it.
2026-07-17 06:53:25 ThievingPhase: Stall ready. Clicking.
2026-07-17 06:53:26 ThievingPhase: Loot detected in slot 1. Clicking it.
2026-07-17 06:53:28 ThievingPhase: Stall ready. Clicking.
2026-07-17 06:53:29 ThievingPhase: Loot detected in slot 1. Clicking it.
2026-07-17 06:53:31 ThievingPhase: Stall ready. Clicking.
2026-07-17 06:53:32 ThievingPhase: Loot detected in slot 1. Clicking it.
2026-07-17 06:53:34 ThievingPhase: Stall ready. Clicking.
2026-07-17 06:53:35 ThievingPhase: Loot detected in slot 1. Clicking it.
2026-07-17 06:53:37 ThievingPhase: Stall ready. Clicking.
2026-07-17 06:53:38 ThievingPhase: Loot detected in slot 1. Clicking it.
2026-07-17 06:53:40 ThievingPhase: Stall ready. Clicking.
2026-07-17 06:53:41 ThievingPhase: Loot detected in slot 1. Clicking it.
2026-07-17 06:53:43 ThievingPhase: Stall ready. Clicking.
2026-07-17 06:53:44 ThievingPhase: Loot detected in slot 1. Clicking it.
2026-07-17 06:53:46 ThievingPhase: Stall ready. Clicking.
2026-07-17 06:53:47 ThievingPhase: Loot detected in slot 1. Clicking it.
2026-07-17 06:53:49 ThievingPhase: Stall ready. Clicking.
2026-07-17 06:53:50 ThievingPhase: Loot detected in slot 1. Clicking it.
2026-07-17 06:53:52 ThievingPhase: Stall ready. Clicking.
2026-07-17 06:53:53 ThievingPhase: Loot detected in slot 1. Clicking it.
2026-07-17 06:53:55 ThievingPhase: Stall ready. Clicking.
2026-07-17 06:53:56 ThievingPhase: Loot detected in slot 1. Clicking it.
2026-07-17 06:53:58 ThievingPhase: Stall ready. Clicking.
2026-07-17 06:53:59 ThievingPhase: Loot detected in slot 1. Clicking it.
2026-07-17 06:54:01 ThievingPhase: Stall ready. Clicking.
2026-07-17 06:54:02 ThievingPhase: Loot detected in slot 1. Clicking it.
2026-07-17 06:54:04 ThievingPhase: Stall ready. Clicking.
2026-07-17 06:54:05 ThievingPhase: Loot detected in slot 1. Clicking it.
2026-07-17 06:54:07 ThievingPhase: Stall ready. Clicking.
2026-07-17 06:54:08 ThievingPhase: Loot detected in slot 1. Clicking it.
2026-07-17 06:54:10 ThievingPhase: Stall ready. Clicking.
2026-07-17 06:54:11 ThievingPhase: Loot detected in slot 1. Clicking it.
2026-07-17 06:54:13 ThievingPhase: Stall ready. Clicking.
2026-07-17 06:54:14 ThievingPhase: Loot detected in slot 1. Clicking it.
2026-07-17 06:54:16 ThievingPhase: Stall ready. Clicking.
2026-07-17 06:54:17 ThievingPhase: Loot detected in slot 1. Clicking it.
2026-07-17 06:54:19 ThievingPhase: Stall ready. Clicking.
2026-07-17 06:54:20 ThievingPhase: Loot detected in slot 1. Clicking it.
2026-07-17 06:54:22 ThievingPhase: Stall ready. Clicking.
2026-07-17 06:54:24 ThievingPhase: No loot after 2000ms - assuming detected, waiting for combat.
2026-07-17 06:54:28 WaitCombatPhase: No combat signal after 4000ms - retrying
2026-07-17 06:54:28 ThievingPhase: Stall ready. Clicking.
2026-07-17 06:54:30 ThievingPhase: Loot detected in slot 1. Clicking it.
2026-07-17 06:54:31 ThievingPhase: Stall ready. Clicking.
2026-07-17 06:54:33 ThievingPhase: Loot detected in slot 1. Clicking it.
2026-07-17 06:54:35 ThievingPhase: Stall ready. Clicking.
2026-07-17 06:54:36 ThievingPhase: Loot detected in slot 1. Clicking it.
2026-07-17 06:54:38 ThievingPhase: Stall ready. Clicking.
2026-07-17 06:54:39 ThievingPhase: Loot detected in slot 1. Clicking it.
2026-07-17 06:54:41 ThievingPhase: Stall ready. Clicking.
2026-07-17 06:54:42 ThievingPhase: Loot detected in slot 1. Clicking it.
2026-07-17 06:54:43 ThievingPhase: Stall ready. Clicking.
2026-07-17 06:54:45 ThievingPhase: Loot detected in slot 1. Clicking it.
2026-07-17 06:54:46 ThievingPhase: Stall ready. Clicking.
2026-07-17 06:54:48 ThievingPhase: Loot detected in slot 1. Clicking it.
2026-07-17 06:54:50 ThievingPhase: Stall ready. Clicking.
2026-07-17 06:54:51 ThievingPhase: Loot detected in slot 1. Clicking it.
2026-07-17 06:54:53 ThievingPhase: Stall ready. Clicking.
2026-07-17 06:54:54 ThievingPhase: Loot detected in slot 1. Clicking it.
2026-07-17 06:54:56 ThievingPhase: Stall ready. Clicking.
2026-07-17 06:54:57 ThievingPhase: Loot detected in slot 1. Clicking it.
2026-07-17 06:54:58 ThievingPhase: Stall ready. Clicking.
2026-07-17 06:55:00 ThievingPhase: Loot detected in slot 1. Clicking it.
2026-07-17 06:55:02 ThievingPhase: Stall ready. Clicking.
2026-07-17 06:55:03 ThievingPhase: Loot detected in slot 1. Clicking it.
2026-07-17 06:55:04 ThievingPhase: Stall ready. Clicking.
2026-07-17 06:55:06 ThievingPhase: Loot detected in slot 1. Clicking it.
2026-07-17 06:55:07 ThievingPhase: Stall ready. Clicking.
2026-07-17 06:55:09 ThievingPhase: Loot detected in slot 1. Clicking it.
2026-07-17 06:55:11 ThievingPhase: Stall ready. Clicking.
2026-07-17 06:55:12 ThievingPhase: Loot detected in slot 1. Clicking it.
2026-07-17 06:55:14 ThievingPhase: Stall ready. Clicking.
2026-07-17 06:55:15 ThievingPhase: Loot detected in slot 1. Clicking it.
2026-07-17 06:55:16 ThievingPhase: Stall ready. Clicking.
2026-07-17 06:55:18 ThievingPhase: Loot detected in slot 1. Clicking it.
2026-07-17 06:55:20 ThievingPhase: Stall ready. Clicking.
2026-07-17 06:55:21 ThievingPhase: Loot detected in slot 1. Clicking it.
2026-07-17 06:55:23 ThievingPhase: Stall ready. Clicking.
2026-07-17 06:55:24 ThievingPhase: Loot detected in slot 1. Clicking it.
2026-07-17 06:55:25 ThievingPhase: Stall ready. Clicking.
2026-07-17 06:55:27 ThievingPhase: Loot detected in slot 1. Clicking it.
2026-07-17 06:55:28 ThievingPhase: Stall ready. Clicking.
2026-07-17 06:55:30 ThievingPhase: Loot detected in slot 1. Clicking it.
2026-07-17 06:55:32 ThievingPhase: Stall ready. Clicking.
2026-07-17 06:55:33 ThievingPhase: Loot detected in slot 1. Clicking it.
2026-07-17 06:55:34 ThievingPhase: Stall ready. Clicking.
2026-07-17 06:55:36 ThievingPhase: Loot detected in slot 1. Clicking it.
2026-07-17 06:55:38 ThievingPhase: Stall ready. Clicking.
2026-07-17 06:55:39 ThievingPhase: Loot detected in slot 1. Clicking it.
2026-07-17 06:55:41 ThievingPhase: Stall ready. Clicking.
2026-07-17 06:55:42 ThievingPhase: Loot detected in slot 1. Clicking it.
2026-07-17 06:55:44 ThievingPhase: Stall ready. Clicking.
2026-07-17 06:55:45 ThievingPhase: Loot detected in slot 1. Clicking it.
2026-07-17 06:55:46 ThievingPhase: Stall ready. Clicking.
2026-07-17 06:55:48 ThievingPhase: Loot detected in slot 1. Clicking it.
2026-07-17 06:55:49 ThievingPhase: Stall ready. Clicking.
2026-07-17 06:55:51 ThievingPhase: Loot detected in slot 1. Clicking it.
2026-07-17 06:55:53 ThievingPhase: Stall ready. Clicking.
2026-07-17 06:55:54 ThievingPhase: Loot detected in slot 1. Clicking it.
2026-07-17 06:55:55 ThievingPhase: Stall ready. Clicking.
2026-07-17 06:55:57 ThievingPhase: Loot detected in slot 1. Clicking it.
2026-07-17 06:55:58 ThievingPhase: Stall ready. Clicking.
2026-07-17 06:56:00 ThievingPhase: Loot detected in slot 1. Clicking it.
2026-07-17 06:56:02 ThievingPhase: Stall ready. Clicking.
2026-07-17 06:56:03 ThievingPhase: Loot detected in slot 1. Clicking it.
2026-07-17 06:56:05 ThievingPhase: Stall ready. Clicking.
2026-07-17 06:56:06 ThievingPhase: Loot detected in slot 1. Clicking it.
2026-07-17 06:56:07 ThievingPhase: Stall ready. Clicking.
2026-07-17 06:56:09 ThievingPhase: Loot detected in slot 1. Clicking it.
2026-07-17 06:56:11 ThievingPhase: Stall ready. Clicking.
2026-07-17 06:56:12 ThievingPhase: Loot detected in slot 1. Clicking it.
2026-07-17 06:56:13 ThievingPhase: Stall ready. Clicking.
2026-07-17 06:56:15 ThievingPhase: Loot detected in slot 1. Clicking it.
2026-07-17 06:56:17 ThievingPhase: Stall ready. Clicking.
2026-07-17 06:56:18 ThievingPhase: Loot detected in slot 1. Clicking it.
2026-07-17 06:56:20 ThievingPhase: Stall ready. Clicking.
2026-07-17 06:56:21 ThievingPhase: Loot detected in slot 1. Clicking it.
2026-07-17 06:56:22 ThievingPhase: Stall ready. Clicking.
2026-07-17 06:56:24 ThievingPhase: Loot detected in slot 1. Clicking it.
2026-07-17 06:56:26 ThievingPhase: Stall ready. Clicking.
2026-07-17 06:56:27 ThievingPhase: Loot detected in slot 1. Clicking it.
2026-07-17 06:56:29 ThievingPhase: Stall ready. Clicking.
2026-07-17 06:56:30 ThievingPhase: Loot detected in slot 1. Clicking it.
2026-07-17 06:56:31 ThievingPhase: Stall ready. Clicking.
2026-07-17 06:56:33 ThievingPhase: Loot detected in slot 1. Clicking it.
2026-07-17 06:56:34 ThievingPhase: Stall ready. Clicking.
2026-07-17 06:56:36 ThievingPhase: Loot detected in slot 1. Clicking it.
2026-07-17 06:56:37 ThievingPhase: Stall ready. Clicking.
2026-07-17 06:56:39 ThievingPhase: Loot detected in slot 1. Clicking it.
2026-07-17 06:56:41 ThievingPhase: Stall ready. Clicking.
2026-07-17 06:56:42 ThievingPhase: Loot detected in slot 1. Clicking it.
2026-07-17 06:56:43 ThievingPhase: Stall ready. Clicking.
2026-07-17 06:56:45 ThievingPhase: Loot detected in slot 1. Clicking it.
2026-07-17 06:56:46 ThievingPhase: Stall ready. Clicking.
2026-07-17 06:56:48 ThievingPhase: Loot detected in slot 1. Clicking it.
2026-07-17 06:56:49 ThievingPhase: Stall ready. Clicking.
2026-07-17 06:56:51 ThievingPhase: Loot detected in slot 1. Clicking it.
2026-07-17 06:56:53 ThievingPhase: Stall ready. Clicking.
2026-07-17 06:56:54 ThievingPhase: Loot detected in slot 1. Clicking it.
2026-07-17 06:56:56 ThievingPhase: Stall ready. Clicking.
2026-07-17 06:56:57 ThievingPhase: Loot detected in slot 1. Clicking it.
2026-07-17 06:56:59 ThievingPhase: Stall ready. Clicking.
2026-07-17 06:57:00 ThievingPhase: Loot detected in slot 1. Clicking it.
2026-07-17 06:57:01 ThievingPhase: Stall ready. Clicking.
2026-07-17 06:57:03 ThievingPhase: Loot detected in slot 1. Clicking it.
2026-07-17 06:57:04 ThievingPhase: Stall ready. Clicking.
2026-07-17 06:57:06 ThievingPhase: Loot detected in slot 1. Clicking it.
2026-07-17 06:57:08 ThievingPhase: Stall ready. Clicking.
2026-07-17 06:57:09 ThievingPhase: Loot detected in slot 1. Clicking it.
2026-07-17 06:57:11 ThievingPhase: Stall ready. Clicking.
2026-07-17 06:57:12 ThievingPhase: Loot detected in slot 1. Clicking it.
2026-07-17 06:57:13 ThievingPhase: Stall ready. Clicking.
2026-07-17 06:57:15 ThievingPhase: Loot detected in slot 1. Clicking it.
2026-07-17 06:57:17 ThievingPhase: Stall ready. Clicking.
2026-07-17 06:57:18 ThievingPhase: Loot detected in slot 1. Clicking it.
2026-07-17 06:57:19 ThievingPhase: Stall ready. Clicking.
2026-07-17 06:57:21 ThievingPhase: Loot detected in slot 1. Clicking it.
2026-07-17 06:57:22 ThievingPhase: Stall ready. Clicking.
2026-07-17 06:57:24 ThievingPhase: Loot detected in slot 1. Clicking it.
2026-07-17 06:57:26 ThievingPhase: Stall ready. Clicking.
2026-07-17 06:57:27 ThievingPhase: Loot detected in slot 1. Clicking it.
2026-07-17 06:57:29 ThievingPhase: Stall ready. Clicking.
2026-07-17 06:57:30 ThievingPhase: Loot detected in slot 1. Clicking it.
2026-07-17 06:57:31 ThievingPhase: Stall ready. Clicking.
2026-07-17 06:57:33 ThievingPhase: Loot detected in slot 1. Clicking it.
2026-07-17 06:57:34 ThievingPhase: Stall ready. Clicking.
2026-07-17 06:57:36 ThievingPhase: Loot detected in slot 1. Clicking it.
2026-07-17 06:57:38 ThievingPhase: Stall ready. Clicking.
2026-07-17 06:57:39 ThievingPhase: Loot detected in slot 1. Clicking it.
2026-07-17 06:57:41 ThievingPhase: Stall ready. Clicking.
2026-07-17 06:57:42 ThievingPhase: Loot detected in slot 1. Clicking it.
2026-07-17 06:57:44 ThievingPhase: Stall ready. Clicking.
2026-07-17 06:57:45 ThievingPhase: Loot detected in slot 1. Clicking it.
2026-07-17 06:57:47 ThievingPhase: Stall ready. Clicking.
2026-07-17 06:57:48 ThievingPhase: Loot detected in slot 1. Clicking it.
2026-07-17 06:57:50 ThievingPhase: Stall ready. Clicking.
2026-07-17 06:57:51 ThievingPhase: Loot detected in slot 1. Clicking it.
2026-07-17 06:57:52 ThievingPhase: Stall ready. Clicking.
2026-07-17 06:57:54 ThievingPhase: Loot detected in slot 1. Clicking it.
2026-07-17 06:57:56 ThievingPhase: Stall ready. Clicking.
2026-07-17 06:57:57 ThievingPhase: Loot detected in slot 1. Clicking it.
2026-07-17 06:57:59 ThievingPhase: Stall ready. Clicking.
2026-07-17 06:58:00 ThievingPhase: Loot detected in slot 1. Clicking it.
2026-07-17 06:58:02 ThievingPhase: Stall ready. Clicking.
2026-07-17 06:58:03 ThievingPhase: Loot detected in slot 1. Clicking it.
2026-07-17 06:58:04 ThievingPhase: Stall ready. Clicking.
2026-07-17 06:58:06 ThievingPhase: Loot detected in slot 1. Clicking it.
2026-07-17 06:58:08 ThievingPhase: Stall ready. Clicking.
2026-07-17 06:58:09 ThievingPhase: Loot detected in slot 1. Clicking it.
2026-07-17 06:58:11 ThievingPhase: Stall ready. Clicking.
2026-07-17 06:58:12 ThievingPhase: Loot detected in slot 1. Clicking it.
2026-07-17 06:58:13 ThievingPhase: Stall ready. Clicking.
2026-07-17 06:58:15 ThievingPhase: Loot detected in slot 1. Clicking it.
2026-07-17 06:58:16 ThievingPhase: Stall ready. Clicking.
2026-07-17 06:58:18 ThievingPhase: Loot detected in slot 1. Clicking it.
2026-07-17 06:58:20 ThievingPhase: Stall ready. Clicking.
2026-07-17 06:58:21 ThievingPhase: Loot detected in slot 1. Clicking it.
2026-07-17 06:58:23 ThievingPhase: Stall ready. Clicking.
2026-07-17 06:58:24 ThievingPhase: Loot detected in slot 1. Clicking it.
2026-07-17 06:58:25 ThievingPhase: Stall ready. Clicking.
2026-07-17 06:58:28 ThievingPhase: No loot after 2000ms - assuming detected, waiting for combat.
2026-07-17 06:58:32 WaitCombatPhase: No combat signal after 4000ms - retrying
2026-07-17 06:58:32 ThievingPhase: Stall ready. Clicking.
2026-07-17 06:58:33 ThievingPhase: Loot detected in slot 1. Clicking it.
2026-07-17 06:58:35 ThievingPhase: Stall ready. Clicking.
2026-07-17 06:58:36 ThievingPhase: Loot detected in slot 1. Clicking it.
2026-07-17 06:58:38 ThievingPhase: Stall ready. Clicking.
2026-07-17 06:58:39 ThievingPhase: Loot detected in slot 1. Clicking it.
2026-07-17 06:58:41 ThievingPhase: Stall ready. Clicking.
2026-07-17 06:58:42 ThievingPhase: Loot detected in slot 1. Clicking it.
2026-07-17 06:58:44 ThievingPhase: Stall ready. Clicking.
2026-07-17 06:58:45 ThievingPhase: Loot detected in slot 1. Clicking it.
2026-07-17 06:58:47 ThievingPhase: Stall ready. Clicking.
2026-07-17 06:58:48 ThievingPhase: Loot detected in slot 1. Clicking it.
2026-07-17 06:58:50 ThievingPhase: Stall ready. Clicking.
2026-07-17 06:58:51 ThievingPhase: Loot detected in slot 1. Clicking it.
2026-07-17 06:58:53 ThievingPhase: Stall ready. Clicking.
2026-07-17 06:58:54 ThievingPhase: Loot detected in slot 1. Clicking it.
2026-07-17 06:58:56 ThievingPhase: Stall ready. Clicking.
2026-07-17 06:58:57 ThievingPhase: Loot detected in slot 1. Clicking it.
2026-07-17 06:58:59 ThievingPhase: Stall ready. Clicking.
2026-07-17 06:59:00 ThievingPhase: Loot detected in slot 1. Clicking it.
2026-07-17 06:59:02 ThievingPhase: Stall ready. Clicking.
2026-07-17 06:59:03 ThievingPhase: Loot detected in slot 1. Clicking it.
2026-07-17 06:59:05 ThievingPhase: Stall ready. Clicking.
2026-07-17 06:59:06 ThievingPhase: Loot detected in slot 1. Clicking it.
2026-07-17 06:59:08 ThievingPhase: Stall ready. Clicking.
2026-07-17 06:59:09 ThievingPhase: Loot detected in slot 1. Clicking it.
2026-07-17 06:59:11 ThievingPhase: Stall ready. Clicking.
2026-07-17 06:59:12 ThievingPhase: Loot detected in slot 1. Clicking it.
2026-07-17 06:59:14 ThievingPhase: Stall ready. Clicking.
2026-07-17 06:59:15 ThievingPhase: Loot detected in slot 1. Clicking it.
2026-07-17 06:59:17 ThievingPhase: Stall ready. Clicking.
2026-07-17 06:59:18 ThievingPhase: Loot detected in slot 1. Clicking it.
2026-07-17 06:59:20 ThievingPhase: Stall ready. Clicking.
2026-07-17 06:59:21 ThievingPhase: Loot detected in slot 1. Clicking it.
2026-07-17 06:59:23 ThievingPhase: Stall ready. Clicking.
2026-07-17 06:59:24 ThievingPhase: Loot detected in slot 1. Clicking it.
2026-07-17 06:59:26 ThievingPhase: Stall ready. Clicking.
2026-07-17 06:59:27 ThievingPhase: Loot detected in slot 1. Clicking it.
2026-07-17 06:59:29 ThievingPhase: Stall ready. Clicking.
2026-07-17 06:59:30 ThievingPhase: Loot detected in slot 1. Clicking it.
2026-07-17 06:59:32 ThievingPhase: Stall ready. Clicking.
2026-07-17 06:59:33 ThievingPhase: Loot detected in slot 1. Clicking it.
2026-07-17 06:59:35 ThievingPhase: Stall ready. Clicking.
2026-07-17 06:59:36 ThievingPhase: Loot detected in slot 1. Clicking it.
2026-07-17 06:59:38 ThievingPhase: Stall ready. Clicking.
2026-07-17 06:59:39 ThievingPhase: Loot detected in slot 1. Clicking it.
2026-07-17 06:59:41 ThievingPhase: Stall ready. Clicking.
2026-07-17 06:59:42 ThievingPhase: Loot detected in slot 1. Clicking it.
2026-07-17 06:59:44 ThievingPhase: Stall ready. Clicking.
2026-07-17 06:59:45 ThievingPhase: Loot detected in slot 1. Clicking it.
2026-07-17 06:59:47 ThievingPhase: Stall ready. Clicking.
2026-07-17 06:59:48 ThievingPhase: Loot detected in slot 1. Clicking it.
2026-07-17 06:59:50 ThievingPhase: Stall ready. Clicking.
2026-07-17 06:59:51 ThievingPhase: Loot detected in slot 1. Clicking it.
2026-07-17 06:59:53 ThievingPhase: Stall ready. Clicking.
2026-07-17 06:59:54 ThievingPhase: Loot detected in slot 1. Clicking it.
2026-07-17 06:59:56 ThievingPhase: Stall ready. Clicking.
2026-07-17 06:59:57 ThievingPhase: Loot detected in slot 1. Clicking it.
2026-07-17 06:59:59 ThievingPhase: Stall ready. Clicking.
2026-07-17 07:00:00 ThievingPhase: Loot detected in slot 1. Clicking it.
2026-07-17 07:00:02 ThievingPhase: Stall ready. Clicking.
2026-07-17 07:00:03 ThievingPhase: Loot detected in slot 1. Clicking it.
2026-07-17 07:00:05 ThievingPhase: Stall ready. Clicking.
2026-07-17 07:00:06 ThievingPhase: Loot detected in slot 1. Clicking it.
2026-07-17 07:00:08 ThievingPhase: Stall ready. Clicking.
2026-07-17 07:00:09 ThievingPhase: Loot detected in slot 1. Clicking it.
2026-07-17 07:00:11 ThievingPhase: Stall ready. Clicking.
2026-07-17 07:00:12 ThievingPhase: Loot detected in slot 1. Clicking it.
2026-07-17 07:00:14 ThievingPhase: Stall ready. Clicking.
2026-07-17 07:00:15 ThievingPhase: Loot detected in slot 1. Clicking it.
2026-07-17 07:00:17 ThievingPhase: Stall ready. Clicking.
2026-07-17 07:00:18 ThievingPhase: Loot detected in slot 1. Clicking it.
2026-07-17 07:00:20 ThievingPhase: Stall ready. Clicking.
2026-07-17 07:00:21 ThievingPhase: Loot detected in slot 1. Clicking it.
2026-07-17 07:00:23 ThievingPhase: Stall ready. Clicking.
2026-07-17 07:00:24 ThievingPhase: Loot detected in slot 1. Clicking it.
2026-07-17 07:00:26 ThievingPhase: Stall ready. Clicking.
2026-07-17 07:00:27 ThievingPhase: Loot detected in slot 1. Clicking it.
2026-07-17 07:00:29 ThievingPhase: Stall ready. Clicking.
2026-07-17 07:00:30 ThievingPhase: Loot detected in slot 1. Clicking it.
2026-07-17 07:00:32 ThievingPhase: Stall ready. Clicking.
2026-07-17 07:00:33 ThievingPhase: Loot detected in slot 1. Clicking it.
2026-07-17 07:00:35 ThievingPhase: Stall ready. Clicking.
2026-07-17 07:00:36 ThievingPhase: Loot detected in slot 1. Clicking it.
2026-07-17 07:00:38 ThievingPhase: Stall ready. Clicking.
2026-07-17 07:00:39 ThievingPhase: Loot detected in slot 1. Clicking it.
2026-07-17 07:00:41 ThievingPhase: Stall ready. Clicking.
2026-07-17 07:00:42 ThievingPhase: Loot detected in slot 1. Clicking it.
2026-07-17 07:00:44 ThievingPhase: Stall ready. Clicking.
2026-07-17 07:00:45 ThievingPhase: Loot detected in slot 1. Clicking it.
2026-07-17 07:00:47 ThievingPhase: Stall ready. Clicking.
2026-07-17 07:00:48 ThievingPhase: Loot detected in slot 1. Clicking it.
2026-07-17 07:00:50 ThievingPhase: Stall ready. Clicking.
2026-07-17 07:00:51 ThievingPhase: Loot detected in slot 1. Clicking it.
2026-07-17 07:00:53 ThievingPhase: Stall ready. Clicking.
2026-07-17 07:00:54 ThievingPhase: Loot detected in slot 1. Clicking it.
2026-07-17 07:00:56 ThievingPhase: Stall ready. Clicking.
2026-07-17 07:00:57 ThievingPhase: Loot detected in slot 1. Clicking it.
2026-07-17 07:00:59 ThievingPhase: Stall ready. Clicking.
2026-07-17 07:01:00 ThievingPhase: Loot detected in slot 1. Clicking it.
2026-07-17 07:01:02 ThievingPhase: Stall ready. Clicking.
2026-07-17 07:01:03 ThievingPhase: Loot detected in slot 1. Clicking it.
2026-07-17 07:01:05 ThievingPhase: Stall ready. Clicking.
2026-07-17 07:01:06 ThievingPhase: Loot detected in slot 1. Clicking it.
2026-07-17 07:01:08 ThievingPhase: Stall ready. Clicking.
2026-07-17 07:01:09 ThievingPhase: Loot detected in slot 1. Clicking it.
2026-07-17 07:01:11 ThievingPhase: Stall ready. Clicking.
2026-07-17 07:01:12 ThievingPhase: Loot detected in slot 1. Clicking it.
2026-07-17 07:01:14 ThievingPhase: Stall ready. Clicking.
2026-07-17 07:01:15 ThievingPhase: Loot detected in slot 1. Clicking it.
2026-07-17 07:01:17 ThievingPhase: Stall ready. Clicking.
2026-07-17 07:01:18 ThievingPhase: Loot detected in slot 1. Clicking it.
2026-07-17 07:01:20 ThievingPhase: Stall ready. Clicking.
2026-07-17 07:01:21 ThievingPhase: Loot detected in slot 1. Clicking it.
2026-07-17 07:01:23 ThievingPhase: Stall ready. Clicking.
2026-07-17 07:01:24 ThievingPhase: Loot detected in slot 1. Clicking it.
2026-07-17 07:01:26 ThievingPhase: Stall ready. Clicking.
2026-07-17 07:01:27 ThievingPhase: Loot detected in slot 1. Clicking it.
2026-07-17 07:01:29 ThievingPhase: Stall ready. Clicking.
2026-07-17 07:01:30 ThievingPhase: Loot detected in slot 1. Clicking it.
2026-07-17 07:01:32 ThievingPhase: Stall ready. Clicking.
2026-07-17 07:01:33 ThievingPhase: Loot detected in slot 1. Clicking it.
2026-07-17 07:01:35 ThievingPhase: Stall ready. Clicking.
2026-07-17 07:01:36 ThievingPhase: Loot detected in slot 1. Clicking it.
2026-07-17 07:01:38 ThievingPhase: Stall ready. Clicking.
2026-07-17 07:01:39 ThievingPhase: Loot detected in slot 1. Clicking it.
2026-07-17 07:01:41 ThievingPhase: Stall ready. Clicking.
2026-07-17 07:01:42 ThievingPhase: Loot detected in slot 1. Clicking it.
2026-07-17 07:01:44 ThievingPhase: Stall ready. Clicking.
2026-07-17 07:01:45 ThievingPhase: Loot detected in slot 1. Clicking it.
2026-07-17 07:01:47 ThievingPhase: Stall ready. Clicking.
2026-07-17 07:01:48 ThievingPhase: Loot detected in slot 1. Clicking it.
2026-07-17 07:01:50 ThievingPhase: Stall ready. Clicking.
2026-07-17 07:01:51 ThievingPhase: Loot detected in slot 1. Clicking it.
2026-07-17 07:01:53 ThievingPhase: Stall ready. Clicking.
2026-07-17 07:01:54 ThievingPhase: Loot detected in slot 1. Clicking it.
2026-07-17 07:01:56 ThievingPhase: Stall ready. Clicking.
2026-07-17 07:01:57 ThievingPhase: Loot detected in slot 1. Clicking it.
2026-07-17 07:01:59 ThievingPhase: Stall ready. Clicking.
2026-07-17 07:02:00 ThievingPhase: Loot detected in slot 1. Clicking it.
2026-07-17 07:02:02 ThievingPhase: Stall ready. Clicking.
2026-07-17 07:02:03 ThievingPhase: Loot detected in slot 1. Clicking it.
2026-07-17 07:02:05 ThievingPhase: Stall ready. Clicking.
2026-07-17 07:02:06 ThievingPhase: Loot detected in slot 1. Clicking it.
2026-07-17 07:02:08 ThievingPhase: Stall ready. Clicking.
2026-07-17 07:02:09 ThievingPhase: Loot detected in slot 1. Clicking it.
2026-07-17 07:02:11 ThievingPhase: Stall ready. Clicking.
2026-07-17 07:02:12 ThievingPhase: Loot detected in slot 1. Clicking it.
2026-07-17 07:02:14 ThievingPhase: Stall ready. Clicking.
2026-07-17 07:02:15 ThievingPhase: Loot detected in slot 1. Clicking it.
2026-07-17 07:02:17 ThievingPhase: Stall ready. Clicking.
2026-07-17 07:02:18 ThievingPhase: Loot detected in slot 1. Clicking it.
2026-07-17 07:02:20 ThievingPhase: Stall ready. Clicking.
2026-07-17 07:02:21 ThievingPhase: Loot detected in slot 1. Clicking it.
2026-07-17 07:02:23 ThievingPhase: Stall ready. Clicking.
2026-07-17 07:02:24 ThievingPhase: Loot detected in slot 1. Clicking it.
2026-07-17 07:02:26 ThievingPhase: Stall ready. Clicking.
2026-07-17 07:02:27 ThievingPhase: Loot detected in slot 1. Clicking it.
2026-07-17 07:02:29 ThievingPhase: Stall ready. Clicking.
2026-07-17 07:02:30 ThievingPhase: Loot detected in slot 1. Clicking it.
2026-07-17 07:02:32 ThievingPhase: Stall ready. Clicking.
2026-07-17 07:02:33 ThievingPhase: Loot detected in slot 1. Clicking it.
2026-07-17 07:02:35 ThievingPhase: Stall ready. Clicking.
2026-07-17 07:02:36 ThievingPhase: Loot detected in slot 1. Clicking it.
2026-07-17 07:02:38 ThievingPhase: Stall ready. Clicking.
2026-07-17 07:02:39 ThievingPhase: Loot detected in slot 1. Clicking it.
2026-07-17 07:02:41 ThievingPhase: Stall ready. Clicking.
2026-07-17 07:02:42 ThievingPhase: Loot detected in slot 1. Clicking it.
2026-07-17 07:02:44 ThievingPhase: Stall ready. Clicking.
2026-07-17 07:02:45 ThievingPhase: Loot detected in slot 1. Clicking it.
2026-07-17 07:02:47 ThievingPhase: Stall ready. Clicking.
2026-07-17 07:02:48 ThievingPhase: Loot detected in slot 1. Clicking it.
2026-07-17 07:02:50 ThievingPhase: Stall ready. Clicking.
2026-07-17 07:02:51 ThievingPhase: Loot detected in slot 1. Clicking it.
2026-07-17 07:02:53 ThievingPhase: Stall ready. Clicking.
2026-07-17 07:02:54 ThievingPhase: Loot detected in slot 1. Clicking it.
2026-07-17 07:02:56 ThievingPhase: Stall ready. Clicking.
2026-07-17 07:02:57 ThievingPhase: Loot detected in slot 1. Clicking it.
2026-07-17 07:02:59 ThievingPhase: Stall ready. Clicking.
2026-07-17 07:03:00 ThievingPhase: Loot detected in slot 1. Clicking it.
2026-07-17 07:03:02 ThievingPhase: Stall ready. Clicking.
2026-07-17 07:03:03 ThievingPhase: Loot detected in slot 1. Clicking it.
2026-07-17 07:03:05 ThievingPhase: Stall ready. Clicking.
2026-07-17 07:03:06 ThievingPhase: Loot detected in slot 1. Clicking it.
2026-07-17 07:03:08 ThievingPhase: Stall ready. Clicking.
2026-07-17 07:03:09 ThievingPhase: Loot detected in slot 1. Clicking it.
2026-07-17 07:03:11 ThievingPhase: Stall ready. Clicking.
2026-07-17 07:03:12 ThievingPhase: Loot detected in slot 1. Clicking it.
2026-07-17 07:03:14 ThievingPhase: Stall ready. Clicking.
2026-07-17 07:03:15 ThievingPhase: Loot detected in slot 1. Clicking it.
2026-07-17 07:03:17 ThievingPhase: Stall ready. Clicking.
2026-07-17 07:03:18 ThievingPhase: Loot detected in slot 1. Clicking it.
2026-07-17 07:03:20 ThievingPhase: Stall ready. Clicking.
2026-07-17 07:03:21 ThievingPhase: Loot detected in slot 1. Clicking it.
2026-07-17 07:03:23 ThievingPhase: Stall ready. Clicking.
2026-07-17 07:03:24 ThievingPhase: Loot detected in slot 1. Clicking it.
2026-07-17 07:03:26 ThievingPhase: Stall ready. Clicking.
2026-07-17 07:03:27 ThievingPhase: Loot detected in slot 1. Clicking it.
2026-07-17 07:03:29 ThievingPhase: Stall ready. Clicking.
2026-07-17 07:03:30 ThievingPhase: Loot detected in slot 1. Clicking it.
2026-07-17 07:03:32 ThievingPhase: Stall ready. Clicking.
2026-07-17 07:03:33 ThievingPhase: Loot detected in slot 1. Clicking it.
2026-07-17 07:03:35 ThievingPhase: Stall ready. Clicking.
2026-07-17 07:03:36 ThievingPhase: Loot detected in slot 1. Clicking it.
2026-07-17 07:03:38 ThievingPhase: Stall ready. Clicking.
2026-07-17 07:03:39 ThievingPhase: Loot detected in slot 1. Clicking it.
2026-07-17 07:03:41 ThievingPhase: Stall ready. Clicking.
2026-07-17 07:03:42 ThievingPhase: Loot detected in slot 1. Clicking it.
2026-07-17 07:03:44 ThievingPhase: Stall ready. Clicking.
2026-07-17 07:03:45 ThievingPhase: Loot detected in slot 1. Clicking it.
2026-07-17 07:03:47 ThievingPhase: Stall ready. Clicking.
2026-07-17 07:03:48 ThievingPhase: Loot detected in slot 1. Clicking it.
2026-07-17 07:03:50 ThievingPhase: Stall ready. Clicking.
2026-07-17 07:03:51 ThievingPhase: Loot detected in slot 1. Clicking it.
2026-07-17 07:03:53 ThievingPhase: Stall ready. Clicking.
2026-07-17 07:03:54 ThievingPhase: Loot detected in slot 1. Clicking it.
2026-07-17 07:03:56 ThievingPhase: Stall ready. Clicking.
2026-07-17 07:03:57 ThievingPhase: Loot detected in slot 1. Clicking it.
2026-07-17 07:03:59 ThievingPhase: Stall ready. Clicking.
2026-07-17 07:04:00 ThievingPhase: Loot detected in slot 1. Clicking it.
2026-07-17 07:04:02 ThievingPhase: Stall ready. Clicking.
2026-07-17 07:04:03 ThievingPhase: Loot detected in slot 1. Clicking it.
2026-07-17 07:04:05 ThievingPhase: Stall ready. Clicking.
2026-07-17 07:04:06 ThievingPhase: Loot detected in slot 1. Clicking it.
2026-07-17 07:04:08 ThievingPhase: Stall ready. Clicking.
2026-07-17 07:04:09 ThievingPhase: Loot detected in slot 1. Clicking it.
2026-07-17 07:04:11 ThievingPhase: Stall ready. Clicking.
2026-07-17 07:04:13 ThievingPhase: No loot after 2000ms - assuming detected, waiting for combat.
2026-07-17 07:04:18 WaitCombatPhase: No combat signal after 4000ms - retrying
2026-07-17 07:04:18 ThievingPhase: Stall ready. Clicking.
2026-07-17 07:04:19 ThievingPhase: Loot detected in slot 1. Clicking it.
2026-07-17 07:04:21 ThievingPhase: Stall ready. Clicking.
2026-07-17 07:04:22 ThievingPhase: Loot detected in slot 1. Clicking it.
2026-07-17 07:04:24 ThievingPhase: Stall ready. Clicking.
2026-07-17 07:04:25 ThievingPhase: Loot detected in slot 1. Clicking it.
2026-07-17 07:04:27 ThievingPhase: Stall ready. Clicking.
2026-07-17 07:04:28 ThievingPhase: Loot detected in slot 1. Clicking it.
2026-07-17 07:04:30 ThievingPhase: Stall ready. Clicking.
2026-07-17 07:04:31 ThievingPhase: Loot detected in slot 1. Clicking it.
2026-07-17 07:04:33 ThievingPhase: Stall ready. Clicking.
2026-07-17 07:04:34 ThievingPhase: Loot detected in slot 1. Clicking it.
2026-07-17 07:04:36 ThievingPhase: Stall ready. Clicking.
2026-07-17 07:04:37 ThievingPhase: Loot detected in slot 1. Clicking it.
2026-07-17 07:04:39 ThievingPhase: Stall ready. Clicking.
2026-07-17 07:04:40 ThievingPhase: Loot detected in slot 1. Clicking it.
2026-07-17 07:04:42 ThievingPhase: Stall ready. Clicking.
2026-07-17 07:04:43 ThievingPhase: Loot detected in slot 1. Clicking it.
2026-07-17 07:04:45 ThievingPhase: Stall ready. Clicking.
2026-07-17 07:04:47 ThievingPhase: No loot after 2000ms - assuming detected, waiting for combat.
2026-07-17 07:04:51 WaitCombatPhase: No combat signal after 4000ms - retrying
2026-07-17 07:04:51 ThievingPhase: Stall ready. Clicking.
2026-07-17 07:04:52 ThievingPhase: Loot detected in slot 1. Clicking it.
2026-07-17 07:04:54 ThievingPhase: Stall ready. Clicking.
2026-07-17 07:04:56 ThievingPhase: Loot detected in slot 1. Clicking it.
2026-07-17 07:04:57 ThievingPhase: Stall ready. Clicking.
2026-07-17 07:04:59 ThievingPhase: Loot detected in slot 1. Clicking it.
2026-07-17 07:05:00 ThievingPhase: Stall ready. Clicking.
2026-07-17 07:05:02 ThievingPhase: Loot detected in slot 1. Clicking it.
2026-07-17 07:05:03 ThievingPhase: Stall ready. Clicking.
2026-07-17 07:05:04 ThievingPhase: Loot detected in slot 1. Clicking it.
2026-07-17 07:05:06 ThievingPhase: Stall ready. Clicking.
2026-07-17 07:05:08 ThievingPhase: Loot detected in slot 1. Clicking it.
2026-07-17 07:05:09 ThievingPhase: Stall ready. Clicking.
2026-07-17 07:05:11 ThievingPhase: Loot detected in slot 1. Clicking it.
2026-07-17 07:05:12 ThievingPhase: Stall ready. Clicking.
2026-07-17 07:05:13 ThievingPhase: Loot detected in slot 1. Clicking it.
2026-07-17 07:05:15 ThievingPhase: Stall ready. Clicking.
2026-07-17 07:05:17 ThievingPhase: Loot detected in slot 1. Clicking it.
2026-07-17 07:05:18 ThievingPhase: Stall ready. Clicking.
2026-07-17 07:05:20 ThievingPhase: Loot detected in slot 1. Clicking it.
2026-07-17 07:05:21 ThievingPhase: Stall ready. Clicking.
2026-07-17 07:05:23 ThievingPhase: Loot detected in slot 1. Clicking it.
2026-07-17 07:05:24 ThievingPhase: Stall ready. Clicking.
2026-07-17 07:05:26 ThievingPhase: Loot detected in slot 1. Clicking it.
2026-07-17 07:05:27 ThievingPhase: Stall ready. Clicking.
2026-07-17 07:05:29 ThievingPhase: Loot detected in slot 1. Clicking it.
2026-07-17 07:05:30 ThievingPhase: Stall ready. Clicking.
2026-07-17 07:05:32 ThievingPhase: Loot detected in slot 1. Clicking it.
2026-07-17 07:05:33 ThievingPhase: Stall ready. Clicking.
2026-07-17 07:05:34 ThievingPhase: Loot detected in slot 1. Clicking it.
2026-07-17 07:05:36 ThievingPhase: Stall ready. Clicking.
2026-07-17 07:05:38 ThievingPhase: Loot detected in slot 1. Clicking it.
2026-07-17 07:05:39 ThievingPhase: Stall ready. Clicking.
2026-07-17 07:05:41 ThievingPhase: Loot detected in slot 1. Clicking it.
2026-07-17 07:05:42 ThievingPhase: Stall ready. Clicking.
2026-07-17 07:05:44 ThievingPhase: Loot detected in slot 1. Clicking it.
2026-07-17 07:05:45 ThievingPhase: Stall ready. Clicking.
2026-07-17 07:05:46 ThievingPhase: Loot detected in slot 1. Clicking it.
2026-07-17 07:05:48 ThievingPhase: Stall ready. Clicking.
2026-07-17 07:05:49 ThievingPhase: Loot detected in slot 1. Clicking it.
2026-07-17 07:05:51 ThievingPhase: Stall ready. Clicking.
2026-07-17 07:05:53 ThievingPhase: Loot detected in slot 1. Clicking it.
2026-07-17 07:05:54 ThievingPhase: Stall ready. Clicking.
2026-07-17 07:05:56 ThievingPhase: Loot detected in slot 1. Clicking it.
2026-07-17 07:05:57 ThievingPhase: Stall ready. Clicking.
2026-07-17 07:05:58 ThievingPhase: Loot detected in slot 1. Clicking it.
2026-07-17 07:06:00 ThievingPhase: Stall ready. Clicking.
2026-07-17 07:06:02 ThievingPhase: Loot detected in slot 1. Clicking it.
2026-07-17 07:06:03 ThievingPhase: Stall ready. Clicking.
2026-07-17 07:06:05 ThievingPhase: Loot detected in slot 1. Clicking it.
2026-07-17 07:06:06 ThievingPhase: Stall ready. Clicking.
2026-07-17 07:06:08 ThievingPhase: Loot detected in slot 1. Clicking it.
2026-07-17 07:06:09 ThievingPhase: Stall ready. Clicking.
2026-07-17 07:06:10 ThievingPhase: Loot detected in slot 1. Clicking it.
2026-07-17 07:06:12 ThievingPhase: Stall ready. Clicking.
2026-07-17 07:06:14 ThievingPhase: Loot detected in slot 1. Clicking it.
2026-07-17 07:06:15 ThievingPhase: Stall ready. Clicking.
2026-07-17 07:06:17 ThievingPhase: Loot detected in slot 1. Clicking it.
2026-07-17 07:06:18 ThievingPhase: Stall ready. Clicking.
2026-07-17 07:06:20 ThievingPhase: Loot detected in slot 1. Clicking it.
2026-07-17 07:06:21 ThievingPhase: Stall ready. Clicking.
2026-07-17 07:06:22 ThievingPhase: Loot detected in slot 1. Clicking it.
2026-07-17 07:06:24 ThievingPhase: Stall ready. Clicking.
2026-07-17 07:06:26 ThievingPhase: Loot detected in slot 1. Clicking it.
2026-07-17 07:06:27 ThievingPhase: Stall ready. Clicking.
2026-07-17 07:06:29 ThievingPhase: Loot detected in slot 1. Clicking it.
2026-07-17 07:06:30 ThievingPhase: Stall ready. Clicking.
2026-07-17 07:06:31 ThievingPhase: Loot detected in slot 1. Clicking it.
2026-07-17 07:06:33 ThievingPhase: Stall ready. Clicking.
2026-07-17 07:06:35 ThievingPhase: Loot detected in slot 1. Clicking it.
2026-07-17 07:06:36 ThievingPhase: Stall ready. Clicking.
2026-07-17 07:06:37 ThievingPhase: Loot detected in slot 1. Clicking it.
2026-07-17 07:06:39 ThievingPhase: Stall ready. Clicking.
2026-07-17 07:06:41 ThievingPhase: Loot detected in slot 1. Clicking it.
2026-07-17 07:06:42 ThievingPhase: Stall ready. Clicking.
2026-07-17 07:06:44 ThievingPhase: Loot detected in slot 1. Clicking it.
2026-07-17 07:06:45 ThievingPhase: Stall ready. Clicking.
2026-07-17 07:06:47 ThievingPhase: Loot detected in slot 1. Clicking it.
2026-07-17 07:06:48 ThievingPhase: Stall ready. Clicking.
2026-07-17 07:06:50 ThievingPhase: Loot detected in slot 1. Clicking it.
2026-07-17 07:06:51 ThievingPhase: Stall ready. Clicking.
2026-07-17 07:06:53 ThievingPhase: Loot detected in slot 1. Clicking it.
2026-07-17 07:06:54 ThievingPhase: Stall ready. Clicking.
2026-07-17 07:06:56 ThievingPhase: Loot detected in slot 1. Clicking it.
2026-07-17 07:06:57 ThievingPhase: Stall ready. Clicking.
2026-07-17 07:06:58 ThievingPhase: Loot detected in slot 1. Clicking it.
2026-07-17 07:07:00 ThievingPhase: Stall ready. Clicking.
2026-07-17 07:07:02 ThievingPhase: Loot detected in slot 1. Clicking it.
2026-07-17 07:07:03 ThievingPhase: Stall ready. Clicking.
2026-07-17 07:07:05 ThievingPhase: Loot detected in slot 1. Clicking it.
2026-07-17 07:07:06 ThievingPhase: Stall ready. Clicking.
2026-07-17 07:07:07 ThievingPhase: Loot detected in slot 1. Clicking it.
2026-07-17 07:07:09 ThievingPhase: Stall ready. Clicking.
2026-07-17 07:07:11 ThievingPhase: Loot detected in slot 1. Clicking it.
2026-07-17 07:07:12 ThievingPhase: Stall ready. Clicking.
2026-07-17 07:07:14 ThievingPhase: Loot detected in slot 1. Clicking it.
2026-07-17 07:07:15 ThievingPhase: Stall ready. Clicking.
2026-07-17 07:07:17 ThievingPhase: Loot detected in slot 1. Clicking it.
2026-07-17 07:07:18 ThievingPhase: Stall ready. Clicking.
2026-07-17 07:07:20 ThievingPhase: Loot detected in slot 1. Clicking it.
2026-07-17 07:07:21 ThievingPhase: Stall ready. Clicking.
2026-07-17 07:07:23 ThievingPhase: Loot detected in slot 1. Clicking it.
2026-07-17 07:07:24 ThievingPhase: Stall ready. Clicking.
2026-07-17 07:07:25 ThievingPhase: Loot detected in slot 1. Clicking it.
2026-07-17 07:07:27 ThievingPhase: Stall ready. Clicking.
2026-07-17 07:07:28 ThievingPhase: Loot detected in slot 1. Clicking it.
2026-07-17 07:07:30 ThievingPhase: Stall ready. Clicking.
2026-07-17 07:07:32 ThievingPhase: Loot detected in slot 1. Clicking it.
2026-07-17 07:07:33 ThievingPhase: Stall ready. Clicking.
2026-07-17 07:07:34 ThievingPhase: Loot detected in slot 1. Clicking it.
2026-07-17 07:07:36 ThievingPhase: Stall ready. Clicking.
2026-07-17 07:07:38 ThievingPhase: Loot detected in slot 1. Clicking it.
2026-07-17 07:07:39 ThievingPhase: Stall ready. Clicking.
2026-07-17 07:07:41 ThievingPhase: Loot detected in slot 1. Clicking it.
2026-07-17 07:07:42 ThievingPhase: Stall ready. Clicking.
2026-07-17 07:07:44 ThievingPhase: Loot detected in slot 1. Clicking it.
2026-07-17 07:07:45 ThievingPhase: Stall ready. Clicking.
2026-07-17 07:07:46 ThievingPhase: Loot detected in slot 1. Clicking it.
2026-07-17 07:07:48 ThievingPhase: Stall ready. Clicking.
2026-07-17 07:07:50 ThievingPhase: Loot detected in slot 1. Clicking it.
2026-07-17 07:07:51 ThievingPhase: Stall ready. Clicking.
2026-07-17 07:07:53 ThievingPhase: Loot detected in slot 1. Clicking it.
2026-07-17 07:07:54 ThievingPhase: Stall ready. Clicking.
2026-07-17 07:07:55 ThievingPhase: Loot detected in slot 1. Clicking it.
2026-07-17 07:07:57 ThievingPhase: Stall ready. Clicking.
2026-07-17 07:07:59 ThievingPhase: Loot detected in slot 1. Clicking it.
2026-07-17 07:08:00 ThievingPhase: Stall ready. Clicking.
2026-07-17 07:08:02 ThievingPhase: Loot detected in slot 1. Clicking it.
2026-07-17 07:08:03 ThievingPhase: Stall ready. Clicking.
2026-07-17 07:08:05 ThievingPhase: Loot detected in slot 1. Clicking it.
2026-07-17 07:08:06 ThievingPhase: Stall ready. Clicking.
2026-07-17 07:08:08 ThievingPhase: Loot detected in slot 1. Clicking it.
2026-07-17 07:08:09 ThievingPhase: Stall ready. Clicking.
2026-07-17 07:08:11 ThievingPhase: Loot detected in slot 1. Clicking it.
2026-07-17 07:08:12 ThievingPhase: Stall ready. Clicking.
2026-07-17 07:08:14 ThievingPhase: Loot detected in slot 1. Clicking it.
2026-07-17 07:08:15 ThievingPhase: Stall ready. Clicking.
2026-07-17 07:08:17 ThievingPhase: Loot detected in slot 1. Clicking it.
2026-07-17 07:08:18 ThievingPhase: Stall ready. Clicking.
2026-07-17 07:08:19 ThievingPhase: Loot detected in slot 1. Clicking it.
2026-07-17 07:08:21 ThievingPhase: Stall ready. Clicking.
2026-07-17 07:08:23 ThievingPhase: Loot detected in slot 1. Clicking it.
2026-07-17 07:08:24 ThievingPhase: Stall ready. Clicking.
2026-07-17 07:08:26 ThievingPhase: Loot detected in slot 1. Clicking it.
2026-07-17 07:08:27 ThievingPhase: Stall ready. Clicking.
2026-07-17 07:08:28 ThievingPhase: Loot detected in slot 1. Clicking it.
2026-07-17 07:08:30 ThievingPhase: Stall ready. Clicking.
2026-07-17 07:08:32 ThievingPhase: Loot detected in slot 1. Clicking it.
2026-07-17 07:08:33 ThievingPhase: Stall ready. Clicking.
2026-07-17 07:08:35 ThievingPhase: Loot detected in slot 1. Clicking it.
2026-07-17 07:08:36 ThievingPhase: Stall ready. Clicking.
2026-07-17 07:08:37 ThievingPhase: Loot detected in slot 1. Clicking it.
2026-07-17 07:08:39 ThievingPhase: Stall ready. Clicking.
2026-07-17 07:08:41 ThievingPhase: Loot detected in slot 1. Clicking it.
2026-07-17 07:08:42 ThievingPhase: Stall ready. Clicking.
2026-07-17 07:08:44 ThievingPhase: Loot detected in slot 1. Clicking it.
2026-07-17 07:08:45 ThievingPhase: Stall ready. Clicking.
2026-07-17 07:08:47 ThievingPhase: Loot detected in slot 1. Clicking it.
2026-07-17 07:08:48 ThievingPhase: Stall ready. Clicking.
2026-07-17 07:08:50 ThievingPhase: Loot detected in slot 1. Clicking it.
2026-07-17 07:08:51 ThievingPhase: Stall ready. Clicking.
2026-07-17 07:08:53 ThievingPhase: Loot detected in slot 1. Clicking it.
2026-07-17 07:08:54 ThievingPhase: Stall ready. Clicking.
2026-07-17 07:08:55 ThievingPhase: Loot detected in slot 1. Clicking it.
2026-07-17 07:08:57 ThievingPhase: Stall ready. Clicking.
2026-07-17 07:08:58 ThievingPhase: Loot detected in slot 1. Clicking it.
2026-07-17 07:09:00 ThievingPhase: Stall ready. Clicking.
2026-07-17 07:09:02 ThievingPhase: Loot detected in slot 1. Clicking it.
2026-07-17 07:09:03 ThievingPhase: Stall ready. Clicking.
2026-07-17 07:09:04 ThievingPhase: Loot detected in slot 1. Clicking it.
2026-07-17 07:09:06 ThievingPhase: Stall ready. Clicking.
2026-07-17 07:09:08 ThievingPhase: Loot detected in slot 1. Clicking it.
2026-07-17 07:09:09 ThievingPhase: Stall ready. Clicking.
2026-07-17 07:09:11 ThievingPhase: Loot detected in slot 1. Clicking it.
2026-07-17 07:09:12 ThievingPhase: Stall ready. Clicking.
2026-07-17 07:09:13 ThievingPhase: Loot detected in slot 1. Clicking it.
2026-07-17 07:09:15 ThievingPhase: Stall ready. Clicking.
2026-07-17 07:09:17 ThievingPhase: Loot detected in slot 1. Clicking it.
2026-07-17 07:09:18 ThievingPhase: Stall ready. Clicking.
2026-07-17 07:09:20 ThievingPhase: Loot detected in slot 1. Clicking it.
2026-07-17 07:09:21 ThievingPhase: Stall ready. Clicking.
2026-07-17 07:09:22 ThievingPhase: Loot detected in slot 1. Clicking it.
2026-07-17 07:09:24 ThievingPhase: Stall ready. Clicking.
2026-07-17 07:09:26 ThievingPhase: Loot detected in slot 1. Clicking it.
2026-07-17 07:09:27 ThievingPhase: Stall ready. Clicking.
2026-07-17 07:09:28 ThievingPhase: Loot detected in slot 1. Clicking it.
2026-07-17 07:09:30 ThievingPhase: Stall ready. Clicking.
2026-07-17 07:09:31 ThievingPhase: Loot detected in slot 1. Clicking it.
2026-07-17 07:09:33 ThievingPhase: Stall ready. Clicking.
2026-07-17 07:09:35 ThievingPhase: Loot detected in slot 1. Clicking it.
2026-07-17 07:09:36 ThievingPhase: Stall ready. Clicking.
2026-07-17 07:09:38 ThievingPhase: Loot detected in slot 1. Clicking it.
2026-07-17 07:09:39 ThievingPhase: Stall ready. Clicking.
2026-07-17 07:09:41 ThievingPhase: Loot detected in slot 1. Clicking it.
2026-07-17 07:09:42 ThievingPhase: Stall ready. Clicking.
2026-07-17 07:09:44 ThievingPhase: Loot detected in slot 1. Clicking it.
2026-07-17 07:09:45 ThievingPhase: Stall ready. Clicking.
2026-07-17 07:09:47 ThievingPhase: Loot detected in slot 1. Clicking it.
2026-07-17 07:09:48 ThievingPhase: Stall ready. Clicking.
2026-07-17 07:09:50 ThievingPhase: Loot detected in slot 1. Clicking it.
2026-07-17 07:09:51 ThievingPhase: Stall ready. Clicking.
2026-07-17 07:09:53 ThievingPhase: Loot detected in slot 1. Clicking it.
2026-07-17 07:09:54 ThievingPhase: Stall ready. Clicking.
2026-07-17 07:09:56 ThievingPhase: Loot detected in slot 1. Clicking it.
2026-07-17 07:09:57 ThievingPhase: Stall ready. Clicking.
2026-07-17 07:09:58 ThievingPhase: Loot detected in slot 1. Clicking it.
2026-07-17 07:10:00 ThievingPhase: Stall ready. Clicking.
2026-07-17 07:10:02 ThievingPhase: Loot detected in slot 1. Clicking it.
2026-07-17 07:10:03 ThievingPhase: Stall ready. Clicking.
2026-07-17 07:10:05 ThievingPhase: Loot detected in slot 1. Clicking it.
2026-07-17 07:10:06 ThievingPhase: Stall ready. Clicking.
2026-07-17 07:10:07 ThievingPhase: Loot detected in slot 1. Clicking it.
2026-07-17 07:10:09 ThievingPhase: Stall ready. Clicking.
2026-07-17 07:10:11 ThievingPhase: Loot detected in slot 1. Clicking it.
2026-07-17 07:10:12 ThievingPhase: Stall ready. Clicking.
2026-07-17 07:10:14 ThievingPhase: Loot detected in slot 1. Clicking it.
2026-07-17 07:10:15 ThievingPhase: Stall ready. Clicking.
2026-07-17 07:10:16 ThievingPhase: Loot detected in slot 1. Clicking it.
2026-07-17 07:10:18 ThievingPhase: Stall ready. Clicking.
2026-07-17 07:10:20 ThievingPhase: Loot detected in slot 1. Clicking it.
2026-07-17 07:10:21 ThievingPhase: Stall ready. Clicking.
2026-07-17 07:10:23 ThievingPhase: Loot detected in slot 1. Clicking it.
2026-07-17 07:10:24 ThievingPhase: Stall ready. Clicking.
2026-07-17 07:10:26 ThievingPhase: Loot detected in slot 1. Clicking it.
2026-07-17 07:10:27 ThievingPhase: Stall ready. Clicking.
2026-07-17 07:10:29 ThievingPhase: Loot detected in slot 1. Clicking it.
2026-07-17 07:10:30 ThievingPhase: Stall ready. Clicking.
2026-07-17 07:10:31 ThievingPhase: Loot detected in slot 1. Clicking it.
2026-07-17 07:10:33 ThievingPhase: Stall ready. Clicking.
2026-07-17 07:10:35 ThievingPhase: Loot detected in slot 1. Clicking it.
2026-07-17 07:10:36 ThievingPhase: Stall ready. Clicking.
2026-07-17 07:10:38 ThievingPhase: Loot detected in slot 1. Clicking it.
2026-07-17 07:10:39 ThievingPhase: Stall ready. Clicking.
2026-07-17 07:10:42 ThievingPhase: No loot after 2000ms - assuming detected, waiting for combat.
2026-07-17 07:10:46 WaitCombatPhase: No combat signal after 4000ms - retrying
2026-07-17 07:10:46 ThievingPhase: Stall ready. Clicking.
2026-07-17 07:10:47 ThievingPhase: Loot detected in slot 1. Clicking it.
2026-07-17 07:10:49 ThievingPhase: Stall ready. Clicking.
2026-07-17 07:10:50 ThievingPhase: Loot detected in slot 1. Clicking it.
2026-07-17 07:10:52 ThievingPhase: Stall ready. Clicking.
2026-07-17 07:10:53 ThievingPhase: Loot detected in slot 1. Clicking it.
2026-07-17 07:10:55 ThievingPhase: Stall ready. Clicking.
2026-07-17 07:10:56 ThievingPhase: Loot detected in slot 1. Clicking it.
2026-07-17 07:10:58 ThievingPhase: Stall ready. Clicking.
2026-07-17 07:10:59 ThievingPhase: Loot detected in slot 1. Clicking it.
2026-07-17 07:11:01 ThievingPhase: Stall ready. Clicking.
2026-07-17 07:11:02 ThievingPhase: Loot detected in slot 1. Clicking it.
2026-07-17 07:11:04 ThievingPhase: Stall ready. Clicking.
2026-07-17 07:11:05 ThievingPhase: Loot detected in slot 1. Clicking it.
2026-07-17 07:11:07 ThievingPhase: Stall ready. Clicking.
2026-07-17 07:11:08 ThievingPhase: Loot detected in slot 1. Clicking it.
2026-07-17 07:11:10 ThievingPhase: Stall ready. Clicking.
2026-07-17 07:11:11 ThievingPhase: Loot detected in slot 1. Clicking it.
2026-07-17 07:11:13 ThievingPhase: Stall ready. Clicking.
2026-07-17 07:11:14 ThievingPhase: Loot detected in slot 1. Clicking it.
2026-07-17 07:11:16 ThievingPhase: Stall ready. Clicking.
2026-07-17 07:11:17 ThievingPhase: Loot detected in slot 1. Clicking it.
2026-07-17 07:11:19 ThievingPhase: Stall ready. Clicking.
2026-07-17 07:11:20 ThievingPhase: Loot detected in slot 1. Clicking it.
2026-07-17 07:11:22 ThievingPhase: Stall ready. Clicking.
2026-07-17 07:11:23 ThievingPhase: Loot detected in slot 1. Clicking it.
2026-07-17 07:11:25 ThievingPhase: Stall ready. Clicking.
2026-07-17 07:11:26 ThievingPhase: Loot detected in slot 1. Clicking it.
2026-07-17 07:11:28 ThievingPhase: Stall ready. Clicking.
2026-07-17 07:11:29 ThievingPhase: Loot detected in slot 1. Clicking it.
2026-07-17 07:11:31 ThievingPhase: Stall ready. Clicking.
2026-07-17 07:11:32 ThievingPhase: Loot detected in slot 1. Clicking it.
2026-07-17 07:11:34 ThievingPhase: Stall ready. Clicking.
2026-07-17 07:11:35 ThievingPhase: Loot detected in slot 1. Clicking it.
2026-07-17 07:11:37 ThievingPhase: Stall ready. Clicking.
2026-07-17 07:11:38 ThievingPhase: Loot detected in slot 1. Clicking it.
2026-07-17 07:11:40 ThievingPhase: Stall ready. Clicking.
2026-07-17 07:11:41 ThievingPhase: Loot detected in slot 1. Clicking it.
2026-07-17 07:11:43 ThievingPhase: Stall ready. Clicking.
2026-07-17 07:11:44 ThievingPhase: Loot detected in slot 1. Clicking it.
2026-07-17 07:11:46 ThievingPhase: Stall ready. Clicking.
2026-07-17 07:11:47 ThievingPhase: Loot detected in slot 1. Clicking it.
2026-07-17 07:11:49 ThievingPhase: Stall ready. Clicking.
2026-07-17 07:11:50 ThievingPhase: Loot detected in slot 1. Clicking it.
2026-07-17 07:11:52 ThievingPhase: Stall ready. Clicking.
2026-07-17 07:11:53 ThievingPhase: Loot detected in slot 1. Clicking it.
2026-07-17 07:11:55 ThievingPhase: Stall ready. Clicking.
2026-07-17 07:11:56 ThievingPhase: Loot detected in slot 1. Clicking it.
2026-07-17 07:11:58 ThievingPhase: Stall ready. Clicking.
2026-07-17 07:11:59 ThievingPhase: Loot detected in slot 1. Clicking it.
2026-07-17 07:12:01 ThievingPhase: Stall ready. Clicking.
2026-07-17 07:12:02 ThievingPhase: Loot detected in slot 1. Clicking it.
2026-07-17 07:12:04 ThievingPhase: Stall ready. Clicking.
2026-07-17 07:12:05 ThievingPhase: Loot detected in slot 1. Clicking it.
2026-07-17 07:12:07 ThievingPhase: Stall ready. Clicking.
2026-07-17 07:12:08 ThievingPhase: Loot detected in slot 1. Clicking it.
2026-07-17 07:12:10 ThievingPhase: Stall ready. Clicking.
2026-07-17 07:12:11 ThievingPhase: Loot detected in slot 1. Clicking it.
2026-07-17 07:12:13 ThievingPhase: Stall ready. Clicking.
2026-07-17 07:12:14 ThievingPhase: Loot detected in slot 1. Clicking it.
2026-07-17 07:12:16 ThievingPhase: Stall ready. Clicking.
2026-07-17 07:12:17 ThievingPhase: Loot detected in slot 1. Clicking it.
2026-07-17 07:12:19 ThievingPhase: Stall ready. Clicking.
2026-07-17 07:12:20 ThievingPhase: Loot detected in slot 1. Clicking it.
2026-07-17 07:12:22 ThievingPhase: Stall ready. Clicking.
2026-07-17 07:12:23 ThievingPhase: Loot detected in slot 1. Clicking it.
2026-07-17 07:12:25 ThievingPhase: Stall ready. Clicking.
2026-07-17 07:12:26 ThievingPhase: Loot detected in slot 1. Clicking it.
2026-07-17 07:12:28 ThievingPhase: Stall ready. Clicking.
2026-07-17 07:12:29 ThievingPhase: Loot detected in slot 1. Clicking it.
2026-07-17 07:12:31 ThievingPhase: Stall ready. Clicking.
2026-07-17 07:12:32 ThievingPhase: Loot detected in slot 1. Clicking it.
2026-07-17 07:12:34 ThievingPhase: Stall ready. Clicking.
2026-07-17 07:12:35 ThievingPhase: Loot detected in slot 1. Clicking it.
2026-07-17 07:12:37 ThievingPhase: Stall ready. Clicking.
2026-07-17 07:12:38 ThievingPhase: Loot detected in slot 1. Clicking it.
2026-07-17 07:12:40 ThievingPhase: Stall ready. Clicking.
2026-07-17 07:12:41 ThievingPhase: Loot detected in slot 1. Clicking it.
2026-07-17 07:12:43 ThievingPhase: Stall ready. Clicking.
2026-07-17 07:12:44 ThievingPhase: Loot detected in slot 1. Clicking it.
2026-07-17 07:12:46 ThievingPhase: Stall ready. Clicking.
2026-07-17 07:12:47 ThievingPhase: Loot detected in slot 1. Clicking it.
2026-07-17 07:12:49 ThievingPhase: Stall ready. Clicking.
2026-07-17 07:12:50 ThievingPhase: Loot detected in slot 1. Clicking it.
2026-07-17 07:12:52 ThievingPhase: Stall ready. Clicking.
2026-07-17 07:12:53 ThievingPhase: Loot detected in slot 1. Clicking it.
2026-07-17 07:12:55 ThievingPhase: Stall ready. Clicking.
2026-07-17 07:12:56 ThievingPhase: Loot detected in slot 1. Clicking it.
2026-07-17 07:12:58 ThievingPhase: Stall ready. Clicking.
2026-07-17 07:12:59 ThievingPhase: Loot detected in slot 1. Clicking it.
2026-07-17 07:13:01 ThievingPhase: Stall ready. Clicking.
2026-07-17 07:13:02 ThievingPhase: Loot detected in slot 1. Clicking it.
2026-07-17 07:13:04 ThievingPhase: Stall ready. Clicking.
2026-07-17 07:13:05 ThievingPhase: Loot detected in slot 1. Clicking it.
2026-07-17 07:13:07 ThievingPhase: Stall ready. Clicking.
2026-07-17 07:13:08 ThievingPhase: Loot detected in slot 1. Clicking it.
2026-07-17 07:13:10 ThievingPhase: Stall ready. Clicking.
2026-07-17 07:13:11 ThievingPhase: Loot detected in slot 1. Clicking it.
2026-07-17 07:13:13 ThievingPhase: Stall ready. Clicking.
2026-07-17 07:13:14 ThievingPhase: Loot detected in slot 1. Clicking it.
2026-07-17 07:13:16 ThievingPhase: Stall ready. Clicking.
2026-07-17 07:13:17 ThievingPhase: Loot detected in slot 1. Clicking it.
2026-07-17 07:13:19 ThievingPhase: Stall ready. Clicking.
2026-07-17 07:13:20 ThievingPhase: Loot detected in slot 1. Clicking it.
2026-07-17 07:13:22 ThievingPhase: Stall ready. Clicking.
2026-07-17 07:13:23 ThievingPhase: Loot detected in slot 1. Clicking it.
2026-07-17 07:13:25 ThievingPhase: Stall ready. Clicking.
2026-07-17 07:13:26 ThievingPhase: Loot detected in slot 1. Clicking it.
2026-07-17 07:13:28 ThievingPhase: Stall ready. Clicking.
2026-07-17 07:13:29 ThievingPhase: Loot detected in slot 1. Clicking it.
2026-07-17 07:13:31 ThievingPhase: Stall ready. Clicking.
2026-07-17 07:13:32 ThievingPhase: Loot detected in slot 1. Clicking it.
2026-07-17 07:13:34 ThievingPhase: Stall ready. Clicking.
2026-07-17 07:13:35 ThievingPhase: Loot detected in slot 1. Clicking it.
2026-07-17 07:13:37 ThievingPhase: Stall ready. Clicking.
2026-07-17 07:13:38 ThievingPhase: Loot detected in slot 1. Clicking it.
2026-07-17 07:13:40 ThievingPhase: Stall ready. Clicking.
2026-07-17 07:13:41 ThievingPhase: Loot detected in slot 1. Clicking it.
2026-07-17 07:13:43 ThievingPhase: Stall ready. Clicking.
2026-07-17 07:13:44 ThievingPhase: Loot detected in slot 1. Clicking it.
2026-07-17 07:13:46 ThievingPhase: Stall ready. Clicking.
2026-07-17 07:13:47 ThievingPhase: Loot detected in slot 1. Clicking it.
2026-07-17 07:13:49 ThievingPhase: Stall ready. Clicking.
2026-07-17 07:13:50 ThievingPhase: Loot detected in slot 1. Clicking it.
2026-07-17 07:13:52 ThievingPhase: Stall ready. Clicking.
2026-07-17 07:13:53 ThievingPhase: Loot detected in slot 1. Clicking it.
2026-07-17 07:13:55 ThievingPhase: Stall ready. Clicking.
2026-07-17 07:13:56 ThievingPhase: Loot detected in slot 1. Clicking it.
2026-07-17 07:13:58 ThievingPhase: Stall ready. Clicking.
2026-07-17 07:13:59 ThievingPhase: Loot detected in slot 1. Clicking it.
2026-07-17 07:14:01 ThievingPhase: Stall ready. Clicking.
2026-07-17 07:14:02 ThievingPhase: Loot detected in slot 1. Clicking it.
2026-07-17 07:14:04 ThievingPhase: Stall ready. Clicking.
2026-07-17 07:14:05 ThievingPhase: Loot detected in slot 1. Clicking it.
2026-07-17 07:14:07 ThievingPhase: Stall ready. Clicking.
2026-07-17 07:14:08 ThievingPhase: Loot detected in slot 1. Clicking it.
2026-07-17 07:14:10 ThievingPhase: Stall ready. Clicking.
2026-07-17 07:14:11 ThievingPhase: Loot detected in slot 1. Clicking it.
2026-07-17 07:14:13 ThievingPhase: Stall ready. Clicking.
2026-07-17 07:14:14 ThievingPhase: Loot detected in slot 1. Clicking it.
2026-07-17 07:14:16 ThievingPhase: Stall ready. Clicking.
2026-07-17 07:14:17 ThievingPhase: Loot detected in slot 1. Clicking it.
2026-07-17 07:14:19 ThievingPhase: Stall ready. Clicking.
2026-07-17 07:14:20 ThievingPhase: Loot detected in slot 1. Clicking it.
2026-07-17 07:14:22 ThievingPhase: Stall ready. Clicking.
2026-07-17 07:14:23 ThievingPhase: Loot detected in slot 1. Clicking it.
2026-07-17 07:14:25 ThievingPhase: Stall ready. Clicking.
2026-07-17 07:14:26 ThievingPhase: Loot detected in slot 1. Clicking it.
2026-07-17 07:14:28 ThievingPhase: Stall ready. Clicking.
2026-07-17 07:14:29 ThievingPhase: Loot detected in slot 1. Clicking it.
2026-07-17 07:14:31 ThievingPhase: Stall ready. Clicking.
2026-07-17 07:14:32 ThievingPhase: Loot detected in slot 1. Clicking it.
2026-07-17 07:14:34 ThievingPhase: Stall ready. Clicking.
2026-07-17 07:14:35 ThievingPhase: Loot detected in slot 1. Clicking it.
2026-07-17 07:14:37 ThievingPhase: Stall ready. Clicking.
2026-07-17 07:14:38 ThievingPhase: Loot detected in slot 1. Clicking it.
2026-07-17 07:14:40 ThievingPhase: Stall ready. Clicking.
2026-07-17 07:14:41 ThievingPhase: Loot detected in slot 1. Clicking it.
2026-07-17 07:14:43 ThievingPhase: Stall ready. Clicking.
2026-07-17 07:14:44 ThievingPhase: Loot detected in slot 1. Clicking it.
2026-07-17 07:14:46 ThievingPhase: Stall ready. Clicking.
2026-07-17 07:14:47 ThievingPhase: Loot detected in slot 1. Clicking it.
2026-07-17 07:14:49 ThievingPhase: Stall ready. Clicking.
2026-07-17 07:14:50 ThievingPhase: Loot detected in slot 1. Clicking it.
2026-07-17 07:14:52 ThievingPhase: Stall ready. Clicking.
2026-07-17 07:14:53 ThievingPhase: Loot detected in slot 1. Clicking it.
2026-07-17 07:14:55 ThievingPhase: Stall ready. Clicking.
2026-07-17 07:14:56 ThievingPhase: Loot detected in slot 1. Clicking it.
2026-07-17 07:14:58 ThievingPhase: Stall ready. Clicking.
2026-07-17 07:14:59 ThievingPhase: Loot detected in slot 1. Clicking it.
2026-07-17 07:15:01 ThievingPhase: Stall ready. Clicking.
2026-07-17 07:15:02 ThievingPhase: Loot detected in slot 1. Clicking it.
2026-07-17 07:15:04 ThievingPhase: Stall ready. Clicking.
2026-07-17 07:15:05 ThievingPhase: Loot detected in slot 1. Clicking it.
2026-07-17 07:15:07 ThievingPhase: Stall ready. Clicking.
2026-07-17 07:15:08 ThievingPhase: Loot detected in slot 1. Clicking it.
2026-07-17 07:15:10 ThievingPhase: Stall ready. Clicking.
2026-07-17 07:15:11 ThievingPhase: Loot detected in slot 1. Clicking it.
2026-07-17 07:15:13 ThievingPhase: Stall ready. Clicking.
2026-07-17 07:15:14 ThievingPhase: Loot detected in slot 1. Clicking it.
2026-07-17 07:15:16 ThievingPhase: Stall ready. Clicking.
2026-07-17 07:15:17 ThievingPhase: Loot detected in slot 1. Clicking it.
2026-07-17 07:15:19 ThievingPhase: Stall ready. Clicking.
2026-07-17 07:15:20 ThievingPhase: Loot detected in slot 1. Clicking it.
2026-07-17 07:15:22 ThievingPhase: Stall ready. Clicking.
2026-07-17 07:15:23 ThievingPhase: Loot detected in slot 1. Clicking it.
2026-07-17 07:15:25 ThievingPhase: Stall ready. Clicking.
2026-07-17 07:15:26 ThievingPhase: Loot detected in slot 1. Clicking it.
2026-07-17 07:15:28 ThievingPhase: Stall ready. Clicking.
2026-07-17 07:15:29 ThievingPhase: Loot detected in slot 1. Clicking it.
2026-07-17 07:15:31 ThievingPhase: Stall ready. Clicking.
2026-07-17 07:15:32 ThievingPhase: Loot detected in slot 1. Clicking it.
2026-07-17 07:15:34 ThievingPhase: Stall ready. Clicking.
2026-07-17 07:15:35 ThievingPhase: Loot detected in slot 1. Clicking it.
2026-07-17 07:15:37 ThievingPhase: Stall ready. Clicking.
2026-07-17 07:15:38 ThievingPhase: Loot detected in slot 1. Clicking it.
2026-07-17 07:15:40 ThievingPhase: Stall ready. Clicking.
2026-07-17 07:15:41 ThievingPhase: Loot detected in slot 1. Clicking it.
2026-07-17 07:15:43 ThievingPhase: Stall ready. Clicking.
2026-07-17 07:15:44 ThievingPhase: Loot detected in slot 1. Clicking it.
2026-07-17 07:15:46 ThievingPhase: Stall ready. Clicking.
2026-07-17 07:15:47 ThievingPhase: Loot detected in slot 1. Clicking it.
2026-07-17 07:15:49 ThievingPhase: Stall ready. Clicking.
2026-07-17 07:15:50 ThievingPhase: Loot detected in slot 1. Clicking it.
2026-07-17 07:15:52 ThievingPhase: Stall ready. Clicking.
2026-07-17 07:15:53 ThievingPhase: Loot detected in slot 1. Clicking it.
2026-07-17 07:15:55 ThievingPhase: Stall ready. Clicking.
2026-07-17 07:15:56 ThievingPhase: Loot detected in slot 1. Clicking it.
2026-07-17 07:15:58 ThievingPhase: Stall ready. Clicking.
2026-07-17 07:15:59 ThievingPhase: Loot detected in slot 1. Clicking it.
2026-07-17 07:16:01 ThievingPhase: Stall ready. Clicking.
2026-07-17 07:16:02 ThievingPhase: Loot detected in slot 1. Clicking it.
2026-07-17 07:16:04 ThievingPhase: Stall ready. Clicking.
2026-07-17 07:16:05 ThievingPhase: Loot detected in slot 1. Clicking it.
2026-07-17 07:16:07 ThievingPhase: Stall ready. Clicking.
2026-07-17 07:16:08 ThievingPhase: Loot detected in slot 1. Clicking it.
2026-07-17 07:16:10 ThievingPhase: Stall ready. Clicking.
2026-07-17 07:16:11 ThievingPhase: Loot detected in slot 1. Clicking it.
2026-07-17 07:16:13 ThievingPhase: Stall ready. Clicking.
2026-07-17 07:16:14 ThievingPhase: Loot detected in slot 1. Clicking it.
2026-07-17 07:16:16 ThievingPhase: Stall ready. Clicking.
2026-07-17 07:16:17 ThievingPhase: Loot detected in slot 1. Clicking it.
2026-07-17 07:16:19 ThievingPhase: Stall ready. Clicking.
2026-07-17 07:16:20 ThievingPhase: Loot detected in slot 1. Clicking it.
2026-07-17 07:16:22 ThievingPhase: Stall ready. Clicking.
2026-07-17 07:16:23 ThievingPhase: Loot detected in slot 1. Clicking it.
2026-07-17 07:16:25 ThievingPhase: Stall ready. Clicking.
2026-07-17 07:16:26 ThievingPhase: Loot detected in slot 1. Clicking it.
2026-07-17 07:16:28 ThievingPhase: Stall ready. Clicking.
2026-07-17 07:16:29 ThievingPhase: Loot detected in slot 1. Clicking it.
2026-07-17 07:16:31 ThievingPhase: Stall ready. Clicking.
2026-07-17 07:16:32 ThievingPhase: Loot detected in slot 1. Clicking it.
2026-07-17 07:16:34 ThievingPhase: Stall ready. Clicking.
2026-07-17 07:16:35 ThievingPhase: Loot detected in slot 1. Clicking it.
2026-07-17 07:16:37 ThievingPhase: Stall ready. Clicking.
2026-07-17 07:16:38 ThievingPhase: Loot detected in slot 1. Clicking it.
2026-07-17 07:16:40 ThievingPhase: Stall ready. Clicking.
2026-07-17 07:16:41 ThievingPhase: Loot detected in slot 1. Clicking it.
2026-07-17 07:16:43 ThievingPhase: Stall ready. Clicking.
2026-07-17 07:16:44 ThievingPhase: Loot detected in slot 1. Clicking it.
2026-07-17 07:16:46 ThievingPhase: Stall ready. Clicking.
2026-07-17 07:16:47 ThievingPhase: Loot detected in slot 1. Clicking it.
2026-07-17 07:16:49 ThievingPhase: Stall ready. Clicking.
2026-07-17 07:16:50 ThievingPhase: Loot detected in slot 1. Clicking it.
2026-07-17 07:16:52 ThievingPhase: Stall ready. Clicking.
2026-07-17 07:16:53 ThievingPhase: Loot detected in slot 1. Clicking it.
2026-07-17 07:16:55 ThievingPhase: Stall ready. Clicking.
2026-07-17 07:16:56 ThievingPhase: Loot detected in slot 1. Clicking it.
2026-07-17 07:16:58 ThievingPhase: Stall ready. Clicking.
2026-07-17 07:16:59 ThievingPhase: Loot detected in slot 1. Clicking it.
2026-07-17 07:17:01 ThievingPhase: Stall ready. Clicking.
2026-07-17 07:17:02 ThievingPhase: Loot detected in slot 1. Clicking it.
2026-07-17 07:17:04 ThievingPhase: Stall ready. Clicking.
2026-07-17 07:17:05 ThievingPhase: Loot detected in slot 1. Clicking it.
2026-07-17 07:17:07 ThievingPhase: Stall ready. Clicking.
2026-07-17 07:17:08 ThievingPhase: Loot detected in slot 1. Clicking it.
2026-07-17 07:17:10 ThievingPhase: Stall ready. Clicking.
2026-07-17 07:17:11 ThievingPhase: Loot detected in slot 1. Clicking it.
2026-07-17 07:17:13 ThievingPhase: Stall ready. Clicking.
2026-07-17 07:17:14 ThievingPhase: Loot detected in slot 1. Clicking it.
2026-07-17 07:17:16 ThievingPhase: Stall ready. Clicking.
2026-07-17 07:17:17 ThievingPhase: Loot detected in slot 1. Clicking it.
2026-07-17 07:17:19 ThievingPhase: Stall ready. Clicking.
2026-07-17 07:17:20 ThievingPhase: Loot detected in slot 1. Clicking it.
2026-07-17 07:17:22 ThievingPhase: Stall ready. Clicking.
2026-07-17 07:17:23 ThievingPhase: Loot detected in slot 1. Clicking it.
2026-07-17 07:17:25 ThievingPhase: Stall ready. Clicking.
2026-07-17 07:17:26 ThievingPhase: Loot detected in slot 1. Clicking it.
2026-07-17 07:17:28 ThievingPhase: Stall ready. Clicking.
2026-07-17 07:17:29 ThievingPhase: Loot detected in slot 1. Clicking it.
2026-07-17 07:17:31 ThievingPhase: Stall ready. Clicking.
2026-07-17 07:17:32 ThievingPhase: Loot detected in slot 1. Clicking it.
2026-07-17 07:17:34 ThievingPhase: Stall ready. Clicking.
2026-07-17 07:17:35 ThievingPhase: Loot detected in slot 1. Clicking it.
2026-07-17 07:17:37 ThievingPhase: Stall ready. Clicking.
2026-07-17 07:17:38 ThievingPhase: Loot detected in slot 1. Clicking it.
2026-07-17 07:17:40 ThievingPhase: Stall ready. Clicking.
2026-07-17 07:17:41 ThievingPhase: Loot detected in slot 1. Clicking it.
2026-07-17 07:17:43 ThievingPhase: Stall ready. Clicking.
2026-07-17 07:17:44 ThievingPhase: Loot detected in slot 1. Clicking it.
2026-07-17 07:17:46 ThievingPhase: Stall ready. Clicking.
2026-07-17 07:17:47 ThievingPhase: Loot detected in slot 1. Clicking it.
2026-07-17 07:17:49 ThievingPhase: Stall ready. Clicking.
2026-07-17 07:17:50 ThievingPhase: Loot detected in slot 1. Clicking it.
2026-07-17 07:17:52 ThievingPhase: Stall ready. Clicking.
2026-07-17 07:17:53 ThievingPhase: Loot detected in slot 1. Clicking it.
2026-07-17 07:17:55 ThievingPhase: Stall ready. Clicking.
2026-07-17 07:17:56 ThievingPhase: Loot detected in slot 1. Clicking it.
2026-07-17 07:17:58 ThievingPhase: Stall ready. Clicking.
2026-07-17 07:17:59 ThievingPhase: Loot detected in slot 1. Clicking it.
2026-07-17 07:18:01 ThievingPhase: Stall ready. Clicking.
2026-07-17 07:18:02 ThievingPhase: Loot detected in slot 1. Clicking it.
2026-07-17 07:18:04 ThievingPhase: Stall ready. Clicking.
2026-07-17 07:18:05 ThievingPhase: Loot detected in slot 1. Clicking it.
2026-07-17 07:18:07 ThievingPhase: Stall ready. Clicking.
2026-07-17 07:18:08 ThievingPhase: Loot detected in slot 1. Clicking it.
2026-07-17 07:18:10 ThievingPhase: Stall ready. Clicking.
2026-07-17 07:18:11 ThievingPhase: Loot detected in slot 1. Clicking it.
2026-07-17 07:18:13 ThievingPhase: Stall ready. Clicking.
2026-07-17 07:18:14 ThievingPhase: Loot detected in slot 1. Clicking it.
2026-07-17 07:18:16 ThievingPhase: Stall ready. Clicking.
2026-07-17 07:18:17 ThievingPhase: Loot detected in slot 1. Clicking it.
2026-07-17 07:18:19 ThievingPhase: Stall ready. Clicking.
2026-07-17 07:18:20 ThievingPhase: Loot detected in slot 1. Clicking it.
2026-07-17 07:18:22 ThievingPhase: Stall ready. Clicking.
2026-07-17 07:18:23 ThievingPhase: Loot detected in slot 1. Clicking it.
2026-07-17 07:18:25 ThievingPhase: Stall ready. Clicking.
2026-07-17 07:18:26 ThievingPhase: Loot detected in slot 1. Clicking it.
2026-07-17 07:18:28 ThievingPhase: Stall ready. Clicking.
2026-07-17 07:18:29 ThievingPhase: Loot detected in slot 1. Clicking it.
2026-07-17 07:18:31 ThievingPhase: Stall ready. Clicking.
2026-07-17 07:18:32 ThievingPhase: Loot detected in slot 1. Clicking it.
2026-07-17 07:18:34 ThievingPhase: Stall ready. Clicking.
2026-07-17 07:18:35 ThievingPhase: Loot detected in slot 1. Clicking it.
2026-07-17 07:18:37 ThievingPhase: Stall ready. Clicking.
2026-07-17 07:18:38 ThievingPhase: Loot detected in slot 1. Clicking it.
2026-07-17 07:18:40 ThievingPhase: Stall ready. Clicking.
2026-07-17 07:18:41 ThievingPhase: Loot detected in slot 1. Clicking it.
2026-07-17 07:18:43 ThievingPhase: Stall ready. Clicking.
2026-07-17 07:18:44 ThievingPhase: Loot detected in slot 1. Clicking it.
2026-07-17 07:18:46 ThievingPhase: Stall ready. Clicking.
2026-07-17 07:18:47 ThievingPhase: Loot detected in slot 1. Clicking it.
2026-07-17 07:18:49 ThievingPhase: Stall ready. Clicking.
2026-07-17 07:18:50 ThievingPhase: Loot detected in slot 1. Clicking it.
2026-07-17 07:18:52 ThievingPhase: Stall ready. Clicking.
2026-07-17 07:18:53 ThievingPhase: Loot detected in slot 1. Clicking it.
2026-07-17 07:18:55 ThievingPhase: Stall ready. Clicking.
2026-07-17 07:18:56 ThievingPhase: Loot detected in slot 1. Clicking it.
2026-07-17 07:18:58 ThievingPhase: Stall ready. Clicking.
2026-07-17 07:19:00 ThievingPhase: No loot after 2000ms - assuming detected, waiting for combat.
2026-07-17 07:19:05 WaitCombatPhase: No combat signal after 4000ms - retrying
2026-07-17 07:19:05 ThievingPhase: Stall ready. Clicking.
2026-07-17 07:19:06 ThievingPhase: Loot detected in slot 1. Clicking it.
2026-07-17 07:19:08 ThievingPhase: Stall ready. Clicking.
2026-07-17 07:19:09 ThievingPhase: Loot detected in slot 1. Clicking it.
2026-07-17 07:19:11 ThievingPhase: Stall ready. Clicking.
2026-07-17 07:19:12 ThievingPhase: Loot detected in slot 1. Clicking it.
2026-07-17 07:19:14 ThievingPhase: Stall ready. Clicking.
2026-07-17 07:19:15 ThievingPhase: Loot detected in slot 1. Clicking it.
2026-07-17 07:19:17 ThievingPhase: Stall ready. Clicking.
2026-07-17 07:19:18 ThievingPhase: Loot detected in slot 1. Clicking it.
2026-07-17 07:19:20 ThievingPhase: Stall ready. Clicking.
2026-07-17 07:19:21 ThievingPhase: Loot detected in slot 1. Clicking it.
2026-07-17 07:19:23 ThievingPhase: Stall ready. Clicking.
2026-07-17 07:19:24 ThievingPhase: Loot detected in slot 1. Clicking it.
2026-07-17 07:19:26 ThievingPhase: Stall ready. Clicking.
2026-07-17 07:19:27 ThievingPhase: Loot detected in slot 1. Clicking it.
2026-07-17 07:19:29 ThievingPhase: Stall ready. Clicking.
2026-07-17 07:19:30 ThievingPhase: Loot detected in slot 1. Clicking it.
2026-07-17 07:19:32 ThievingPhase: Stall ready. Clicking.
2026-07-17 07:19:33 ThievingPhase: Loot detected in slot 1. Clicking it.
2026-07-17 07:19:35 ThievingPhase: Stall ready. Clicking.
2026-07-17 07:19:36 ThievingPhase: Loot detected in slot 1. Clicking it.
2026-07-17 07:19:38 ThievingPhase: Stall ready. Clicking.
2026-07-17 07:19:39 ThievingPhase: Loot detected in slot 1. Clicking it.
2026-07-17 07:19:41 ThievingPhase: Stall ready. Clicking.
2026-07-17 07:19:42 ThievingPhase: Loot detected in slot 1. Clicking it.
2026-07-17 07:19:44 ThievingPhase: Stall ready. Clicking.
2026-07-17 07:19:45 ThievingPhase: Loot detected in slot 1. Clicking it.
2026-07-17 07:19:47 ThievingPhase: Stall ready. Clicking.
2026-07-17 07:19:48 ThievingPhase: Loot detected in slot 1. Clicking it.
2026-07-17 07:19:50 ThievingPhase: Stall ready. Clicking.
2026-07-17 07:19:51 ThievingPhase: Loot detected in slot 1. Clicking it.
2026-07-17 07:19:53 ThievingPhase: Stall ready. Clicking.
2026-07-17 07:19:54 ThievingPhase: Loot detected in slot 1. Clicking it.
2026-07-17 07:19:56 ThievingPhase: Stall ready. Clicking.
2026-07-17 07:19:57 ThievingPhase: Loot detected in slot 1. Clicking it.
2026-07-17 07:19:59 ThievingPhase: Stall ready. Clicking.
2026-07-17 07:20:00 ThievingPhase: Loot detected in slot 1. Clicking it.
2026-07-17 07:20:02 ThievingPhase: Stall ready. Clicking.
2026-07-17 07:20:03 ThievingPhase: Loot detected in slot 1. Clicking it.
2026-07-17 07:20:05 ThievingPhase: Stall ready. Clicking.
2026-07-17 07:20:06 ThievingPhase: Loot detected in slot 1. Clicking it.
2026-07-17 07:20:08 ThievingPhase: Stall ready. Clicking.
2026-07-17 07:20:09 ThievingPhase: Loot detected in slot 1. Clicking it.
2026-07-17 07:20:11 ThievingPhase: Stall ready. Clicking.
2026-07-17 07:20:12 ThievingPhase: Loot detected in slot 1. Clicking it.
2026-07-17 07:20:14 ThievingPhase: Stall ready. Clicking.
2026-07-17 07:20:15 ThievingPhase: Loot detected in slot 1. Clicking it.
2026-07-17 07:20:17 ThievingPhase: Stall ready. Clicking.
2026-07-17 07:20:18 ThievingPhase: Loot detected in slot 1. Clicking it.
2026-07-17 07:20:20 ThievingPhase: Stall ready. Clicking.
2026-07-17 07:20:21 ThievingPhase: Loot detected in slot 1. Clicking it.
2026-07-17 07:20:23 ThievingPhase: Stall ready. Clicking.
2026-07-17 07:20:24 ThievingPhase: Loot detected in slot 1. Clicking it.
2026-07-17 07:20:26 ThievingPhase: Stall ready. Clicking.
2026-07-17 07:20:27 ThievingPhase: Loot detected in slot 1. Clicking it.
2026-07-17 07:20:29 ThievingPhase: Stall ready. Clicking.
2026-07-17 07:20:30 ThievingPhase: Loot detected in slot 1. Clicking it.
2026-07-17 07:20:32 ThievingPhase: Stall ready. Clicking.
2026-07-17 07:20:33 ThievingPhase: Loot detected in slot 1. Clicking it.
2026-07-17 07:20:35 ThievingPhase: Stall ready. Clicking.
2026-07-17 07:20:36 ThievingPhase: Loot detected in slot 1. Clicking it.
2026-07-17 07:20:38 ThievingPhase: Stall ready. Clicking.
2026-07-17 07:20:39 ThievingPhase: Loot detected in slot 1. Clicking it.
2026-07-17 07:20:41 ThievingPhase: Stall ready. Clicking.
2026-07-17 07:20:42 ThievingPhase: Loot detected in slot 1. Clicking it.
2026-07-17 07:20:44 ThievingPhase: Stall ready. Clicking.
2026-07-17 07:20:45 ThievingPhase: Loot detected in slot 1. Clicking it.
2026-07-17 07:20:47 ThievingPhase: Stall ready. Clicking.
2026-07-17 07:20:48 ThievingPhase: Loot detected in slot 1. Clicking it.
2026-07-17 07:20:50 ThievingPhase: Stall ready. Clicking.
2026-07-17 07:20:51 ThievingPhase: Loot detected in slot 1. Clicking it.
2026-07-17 07:20:53 ThievingPhase: Stall ready. Clicking.
2026-07-17 07:20:54 ThievingPhase: Loot detected in slot 1. Clicking it.
2026-07-17 07:20:56 ThievingPhase: Stall ready. Clicking.
2026-07-17 07:20:57 ThievingPhase: Loot detected in slot 1. Clicking it.
2026-07-17 07:20:59 ThievingPhase: Stall ready. Clicking.
2026-07-17 07:21:00 ThievingPhase: Loot detected in slot 1. Clicking it.
2026-07-17 07:21:02 ThievingPhase: Stall ready. Clicking.
2026-07-17 07:21:03 ThievingPhase: Loot detected in slot 1. Clicking it.
2026-07-17 07:21:05 ThievingPhase: Stall ready. Clicking.
2026-07-17 07:21:06 ThievingPhase: Loot detected in slot 1. Clicking it.
2026-07-17 07:21:08 ThievingPhase: Stall ready. Clicking.
2026-07-17 07:21:09 ThievingPhase: Loot detected in slot 1. Clicking it.
2026-07-17 07:21:11 ThievingPhase: Stall ready. Clicking.
2026-07-17 07:21:12 ThievingPhase: Loot detected in slot 1. Clicking it.
2026-07-17 07:21:14 ThievingPhase: Stall ready. Clicking.
2026-07-17 07:21:15 ThievingPhase: Loot detected in slot 1. Clicking it.
2026-07-17 07:21:17 ThievingPhase: Stall ready. Clicking.
2026-07-17 07:21:18 ThievingPhase: Loot detected in slot 1. Clicking it.
2026-07-17 07:21:20 ThievingPhase: Stall ready. Clicking.
2026-07-17 07:21:21 ThievingPhase: Loot detected in slot 1. Clicking it.
2026-07-17 07:21:23 ThievingPhase: Stall ready. Clicking.
2026-07-17 07:21:24 ThievingPhase: Loot detected in slot 1. Clicking it.
2026-07-17 07:21:26 ThievingPhase: Stall ready. Clicking.
2026-07-17 07:21:27 ThievingPhase: Loot detected in slot 1. Clicking it.
2026-07-17 07:21:29 ThievingPhase: Stall ready. Clicking.
2026-07-17 07:21:30 ThievingPhase: Loot detected in slot 1. Clicking it.
2026-07-17 07:21:32 ThievingPhase: Stall ready. Clicking.
2026-07-17 07:21:33 ThievingPhase: Loot detected in slot 1. Clicking it.
2026-07-17 07:21:35 ThievingPhase: Stall ready. Clicking.
2026-07-17 07:21:36 ThievingPhase: Loot detected in slot 1. Clicking it.
2026-07-17 07:21:38 ThievingPhase: Stall ready. Clicking.
2026-07-17 07:21:39 ThievingPhase: Loot detected in slot 1. Clicking it.
2026-07-17 07:21:41 ThievingPhase: Stall ready. Clicking.
2026-07-17 07:21:42 ThievingPhase: Loot detected in slot 1. Clicking it.
2026-07-17 07:21:44 ThievingPhase: Stall ready. Clicking.
2026-07-17 07:21:45 ThievingPhase: Loot detected in slot 1. Clicking it.
2026-07-17 07:21:47 ThievingPhase: Stall ready. Clicking.
2026-07-17 07:21:48 ThievingPhase: Loot detected in slot 1. Clicking it.
2026-07-17 07:21:50 ThievingPhase: Stall ready. Clicking.
2026-07-17 07:21:51 ThievingPhase: Loot detected in slot 1. Clicking it.
2026-07-17 07:21:53 ThievingPhase: Stall ready. Clicking.
2026-07-17 07:21:54 ThievingPhase: Loot detected in slot 1. Clicking it.
2026-07-17 07:21:56 ThievingPhase: Stall ready. Clicking.
2026-07-17 07:21:57 ThievingPhase: Loot detected in slot 1. Clicking it.
2026-07-17 07:21:59 ThievingPhase: Stall ready. Clicking.
2026-07-17 07:22:00 ThievingPhase: Loot detected in slot 1. Clicking it.
2026-07-17 07:22:02 ThievingPhase: Stall ready. Clicking.
2026-07-17 07:22:03 ThievingPhase: Loot detected in slot 1. Clicking it.
2026-07-17 07:22:05 ThievingPhase: Stall ready. Clicking.
2026-07-17 07:22:06 ThievingPhase: Loot detected in slot 1. Clicking it.
2026-07-17 07:22:08 ThievingPhase: Stall ready. Clicking.
2026-07-17 07:22:09 ThievingPhase: Loot detected in slot 1. Clicking it.
2026-07-17 07:22:11 ThievingPhase: Stall ready. Clicking.
2026-07-17 07:22:12 ThievingPhase: Loot detected in slot 1. Clicking it.
2026-07-17 07:22:14 ThievingPhase: Stall ready. Clicking.
2026-07-17 07:22:15 ThievingPhase: Loot detected in slot 1. Clicking it.
2026-07-17 07:22:17 ThievingPhase: Stall ready. Clicking.
2026-07-17 07:22:18 ThievingPhase: Loot detected in slot 1. Clicking it.
2026-07-17 07:22:20 ThievingPhase: Stall ready. Clicking.
2026-07-17 07:22:21 ThievingPhase: Loot detected in slot 1. Clicking it.
2026-07-17 07:22:23 ThievingPhase: Stall ready. Clicking.
2026-07-17 07:22:24 ThievingPhase: Loot detected in slot 1. Clicking it.
2026-07-17 07:22:26 ThievingPhase: Stall ready. Clicking.
2026-07-17 07:22:27 ThievingPhase: Loot detected in slot 1. Clicking it.
2026-07-17 07:22:29 ThievingPhase: Stall ready. Clicking.
2026-07-17 07:22:30 ThievingPhase: Loot detected in slot 1. Clicking it.
2026-07-17 07:22:32 ThievingPhase: Stall ready. Clicking.
2026-07-17 07:22:33 ThievingPhase: Loot detected in slot 1. Clicking it.
2026-07-17 07:22:35 ThievingPhase: Stall ready. Clicking.
2026-07-17 07:22:36 ThievingPhase: Loot detected in slot 1. Clicking it.
2026-07-17 07:22:38 ThievingPhase: Stall ready. Clicking.
2026-07-17 07:22:39 ThievingPhase: Loot detected in slot 1. Clicking it.
2026-07-17 07:22:41 ThievingPhase: Stall ready. Clicking.
2026-07-17 07:22:42 ThievingPhase: Loot detected in slot 1. Clicking it.
2026-07-17 07:22:44 ThievingPhase: Stall ready. Clicking.
2026-07-17 07:22:45 ThievingPhase: Loot detected in slot 1. Clicking it.
2026-07-17 07:22:47 ThievingPhase: Stall ready. Clicking.
2026-07-17 07:22:48 ThievingPhase: Loot detected in slot 1. Clicking it.
2026-07-17 07:22:50 ThievingPhase: Stall ready. Clicking.
2026-07-17 07:22:51 ThievingPhase: Loot detected in slot 1. Clicking it.
2026-07-17 07:22:53 ThievingPhase: Stall ready. Clicking.
2026-07-17 07:22:54 ThievingPhase: Loot detected in slot 1. Clicking it.
2026-07-17 07:22:56 ThievingPhase: Stall ready. Clicking.
2026-07-17 07:22:57 ThievingPhase: Loot detected in slot 1. Clicking it.
2026-07-17 07:22:59 ThievingPhase: Stall ready. Clicking.
2026-07-17 07:23:00 ThievingPhase: Loot detected in slot 1. Clicking it.
2026-07-17 07:23:02 ThievingPhase: Stall ready. Clicking.
2026-07-17 07:23:03 ThievingPhase: Loot detected in slot 1. Clicking it.
2026-07-17 07:23:05 ThievingPhase: Stall ready. Clicking.
2026-07-17 07:23:06 ThievingPhase: Loot detected in slot 1. Clicking it.
2026-07-17 07:23:08 ThievingPhase: Stall ready. Clicking.
2026-07-17 07:23:09 ThievingPhase: Loot detected in slot 1. Clicking it.
2026-07-17 07:23:11 ThievingPhase: Stall ready. Clicking.
2026-07-17 07:23:12 ThievingPhase: Loot detected in slot 1. Clicking it.
2026-07-17 07:23:14 ThievingPhase: Stall ready. Clicking.
2026-07-17 07:23:15 ThievingPhase: Loot detected in slot 1. Clicking it.
2026-07-17 07:23:17 ThievingPhase: Stall ready. Clicking.
2026-07-17 07:23:18 ThievingPhase: Loot detected in slot 1. Clicking it.
2026-07-17 07:23:20 ThievingPhase: Stall ready. Clicking.
2026-07-17 07:23:21 ThievingPhase: Loot detected in slot 1. Clicking it.
2026-07-17 07:23:23 ThievingPhase: Stall ready. Clicking.
2026-07-17 07:23:24 ThievingPhase: Loot detected in slot 1. Clicking it.
2026-07-17 07:23:26 ThievingPhase: Stall ready. Clicking.
2026-07-17 07:23:27 ThievingPhase: Loot detected in slot 1. Clicking it.
2026-07-17 07:23:29 ThievingPhase: Stall ready. Clicking.
2026-07-17 07:23:30 ThievingPhase: Loot detected in slot 1. Clicking it.
2026-07-17 07:23:32 ThievingPhase: Stall ready. Clicking.
2026-07-17 07:23:33 ThievingPhase: Loot detected in slot 1. Clicking it.
2026-07-17 07:23:35 ThievingPhase: Stall ready. Clicking.
2026-07-17 07:23:36 ThievingPhase: Loot detected in slot 1. Clicking it.
2026-07-17 07:23:38 ThievingPhase: Stall ready. Clicking.
2026-07-17 07:23:39 ThievingPhase: Loot detected in slot 1. Clicking it.
2026-07-17 07:23:41 ThievingPhase: Stall ready. Clicking.
2026-07-17 07:23:42 ThievingPhase: Loot detected in slot 1. Clicking it.
2026-07-17 07:23:44 ThievingPhase: Stall ready. Clicking.
2026-07-17 07:23:45 ThievingPhase: Loot detected in slot 1. Clicking it.
2026-07-17 07:23:47 ThievingPhase: Stall ready. Clicking.
2026-07-17 07:23:48 ThievingPhase: Loot detected in slot 1. Clicking it.
2026-07-17 07:23:50 ThievingPhase: Stall ready. Clicking.
2026-07-17 07:23:51 ThievingPhase: Loot detected in slot 1. Clicking it.
2026-07-17 07:23:53 ThievingPhase: Stall ready. Clicking.
2026-07-17 07:23:54 ThievingPhase: Loot detected in slot 1. Clicking it.
2026-07-17 07:23:56 ThievingPhase: Stall ready. Clicking.
2026-07-17 07:23:57 ThievingPhase: Loot detected in slot 1. Clicking it.
2026-07-17 07:23:59 ThievingPhase: Stall ready. Clicking.
2026-07-17 07:24:00 ThievingPhase: Loot detected in slot 1. Clicking it.
2026-07-17 07:24:02 ThievingPhase: Stall ready. Clicking.
2026-07-17 07:24:03 ThievingPhase: Loot detected in slot 1. Clicking it.
2026-07-17 07:24:05 ThievingPhase: Stall ready. Clicking.
2026-07-17 07:24:06 ThievingPhase: Loot detected in slot 1. Clicking it.
2026-07-17 07:24:08 ThievingPhase: Stall ready. Clicking.
2026-07-17 07:24:09 ThievingPhase: Loot detected in slot 1. Clicking it.
2026-07-17 07:24:11 ThievingPhase: Stall ready. Clicking.
2026-07-17 07:24:12 ThievingPhase: Loot detected in slot 1. Clicking it.
2026-07-17 07:24:14 ThievingPhase: Stall ready. Clicking.
2026-07-17 07:24:15 ThievingPhase: Loot detected in slot 1. Clicking it.
2026-07-17 07:24:17 ThievingPhase: Stall ready. Clicking.
2026-07-17 07:24:18 ThievingPhase: Loot detected in slot 1. Clicking it.
2026-07-17 07:24:20 ThievingPhase: Stall ready. Clicking.
2026-07-17 07:24:21 ThievingPhase: Loot detected in slot 1. Clicking it.
2026-07-17 07:24:23 ThievingPhase: Stall ready. Clicking.
2026-07-17 07:24:24 ThievingPhase: Loot detected in slot 1. Clicking it.
2026-07-17 07:24:26 ThievingPhase: Stall ready. Clicking.
2026-07-17 07:24:27 ThievingPhase: Loot detected in slot 1. Clicking it.
2026-07-17 07:24:29 ThievingPhase: Stall ready. Clicking.
2026-07-17 07:24:30 ThievingPhase: Loot detected in slot 1. Clicking it.
2026-07-17 07:24:32 ThievingPhase: Stall ready. Clicking.
2026-07-17 07:24:33 ThievingPhase: Loot detected in slot 1. Clicking it.
2026-07-17 07:24:35 ThievingPhase: Stall ready. Clicking.
2026-07-17 07:24:36 ThievingPhase: Loot detected in slot 1. Clicking it.
2026-07-17 07:24:38 ThievingPhase: Stall ready. Clicking.
2026-07-17 07:24:39 ThievingPhase: Loot detected in slot 1. Clicking it.
2026-07-17 07:24:41 ThievingPhase: Stall ready. Clicking.
2026-07-17 07:24:42 ThievingPhase: Loot detected in slot 1. Clicking it.
2026-07-17 07:24:44 ThievingPhase: Stall ready. Clicking.
2026-07-17 07:24:45 ThievingPhase: Loot detected in slot 1. Clicking it.
2026-07-17 07:24:47 ThievingPhase: Stall ready. Clicking.
2026-07-17 07:24:48 ThievingPhase: Loot detected in slot 1. Clicking it.
2026-07-17 07:24:50 ThievingPhase: Stall ready. Clicking.
2026-07-17 07:24:51 ThievingPhase: Loot detected in slot 1. Clicking it.
2026-07-17 07:24:53 ThievingPhase: Stall ready. Clicking.
2026-07-17 07:24:54 ThievingPhase: Loot detected in slot 1. Clicking it.
2026-07-17 07:24:56 ThievingPhase: Stall ready. Clicking.
2026-07-17 07:24:57 ThievingPhase: Loot detected in slot 1. Clicking it.
2026-07-17 07:24:59 ThievingPhase: Stall ready. Clicking.
2026-07-17 07:25:00 ThievingPhase: Loot detected in slot 1. Clicking it.
2026-07-17 07:25:02 ThievingPhase: Stall ready. Clicking.
2026-07-17 07:25:03 ThievingPhase: Loot detected in slot 1. Clicking it.
2026-07-17 07:25:05 ThievingPhase: Stall ready. Clicking.
2026-07-17 07:25:06 ThievingPhase: Loot detected in slot 1. Clicking it.
2026-07-17 07:25:08 ThievingPhase: Stall ready. Clicking.
2026-07-17 07:25:09 ThievingPhase: Loot detected in slot 1. Clicking it.
2026-07-17 07:25:11 ThievingPhase: Stall ready. Clicking.
2026-07-17 07:25:12 ThievingPhase: Loot detected in slot 1. Clicking it.
2026-07-17 07:25:14 ThievingPhase: Stall ready. Clicking.
2026-07-17 07:25:15 ThievingPhase: Loot detected in slot 1. Clicking it.
2026-07-17 07:25:17 ThievingPhase: Stall ready. Clicking.
2026-07-17 07:25:18 ThievingPhase: Loot detected in slot 1. Clicking it.
2026-07-17 07:25:20 ThievingPhase: Stall ready. Clicking.
2026-07-17 07:25:21 ThievingPhase: Loot detected in slot 1. Clicking it.
2026-07-17 07:25:23 ThievingPhase: Stall ready. Clicking.
2026-07-17 07:25:24 ThievingPhase: Loot detected in slot 1. Clicking it.
2026-07-17 07:25:26 ThievingPhase: Stall ready. Clicking.
2026-07-17 07:25:27 ThievingPhase: Loot detected in slot 1. Clicking it.
2026-07-17 07:25:29 ThievingPhase: Stall ready. Clicking.
2026-07-17 07:25:30 ThievingPhase: Loot detected in slot 1. Clicking it.
2026-07-17 07:25:32 ThievingPhase: Stall ready. Clicking.
2026-07-17 07:25:33 ThievingPhase: Loot detected in slot 1. Clicking it.
2026-07-17 07:25:35 ThievingPhase: Stall ready. Clicking.
2026-07-17 07:25:36 ThievingPhase: Loot detected in slot 1. Clicking it.
2026-07-17 07:25:38 ThievingPhase: Stall ready. Clicking.
2026-07-17 07:25:39 ThievingPhase: Loot detected in slot 1. Clicking it.
2026-07-17 07:25:41 ThievingPhase: Stall ready. Clicking.
2026-07-17 07:25:42 ThievingPhase: Loot detected in slot 1. Clicking it.
2026-07-17 07:25:44 ThievingPhase: Stall ready. Clicking.
2026-07-17 07:25:46 ThievingPhase: No loot after 2000ms - assuming detected, waiting for combat.
2026-07-17 07:25:50 WaitCombatPhase: No combat signal after 4000ms - retrying
2026-07-17 07:25:50 ThievingPhase: Stall ready. Clicking.
2026-07-17 07:25:51 ThievingPhase: Loot detected in slot 1. Clicking it.
2026-07-17 07:25:53 ThievingPhase: Stall ready. Clicking.
2026-07-17 07:25:54 ThievingPhase: Loot detected in slot 1. Clicking it.
2026-07-17 07:25:56 ThievingPhase: Stall ready. Clicking.
2026-07-17 07:25:58 ThievingPhase: Loot detected in slot 1. Clicking it.
2026-07-17 07:25:59 ThievingPhase: Stall ready. Clicking.
2026-07-17 07:26:01 ThievingPhase: Loot detected in slot 1. Clicking it.
2026-07-17 07:26:02 ThievingPhase: Stall ready. Clicking.
2026-07-17 07:26:03 ThievingPhase: Loot detected in slot 1. Clicking it.
2026-07-17 07:26:05 ThievingPhase: Stall ready. Clicking.
2026-07-17 07:26:06 ThievingPhase: Loot detected in slot 1. Clicking it.
2026-07-17 07:26:08 ThievingPhase: Stall ready. Clicking.
2026-07-17 07:26:10 ThievingPhase: Loot detected in slot 1. Clicking it.
2026-07-17 07:26:11 ThievingPhase: Stall ready. Clicking.
2026-07-17 07:26:12 ThievingPhase: Loot detected in slot 1. Clicking it.
2026-07-17 07:26:15 ThievingPhase: Stall ready. Clicking.
2026-07-17 07:26:16 ThievingPhase: Loot detected in slot 1. Clicking it.
2026-07-17 07:26:18 ThievingPhase: Stall ready. Clicking.
2026-07-17 07:26:19 ThievingPhase: Loot detected in slot 1. Clicking it.
2026-07-17 07:26:21 ThievingPhase: Stall ready. Clicking.
2026-07-17 07:26:22 ThievingPhase: Loot detected in slot 1. Clicking it.
2026-07-17 07:26:24 ThievingPhase: Stall ready. Clicking.
2026-07-17 07:26:25 ThievingPhase: Loot detected in slot 1. Clicking it.
2026-07-17 07:26:27 ThievingPhase: Stall ready. Clicking.
2026-07-17 07:26:28 ThievingPhase: Loot detected in slot 1. Clicking it.
2026-07-17 07:26:30 ThievingPhase: Stall ready. Clicking.
2026-07-17 07:26:31 ThievingPhase: Loot detected in slot 1. Clicking it.
2026-07-17 07:26:33 ThievingPhase: Stall ready. Clicking.
2026-07-17 07:26:34 ThievingPhase: Loot detected in slot 1. Clicking it.
2026-07-17 07:26:36 ThievingPhase: Stall ready. Clicking.
2026-07-17 07:26:37 ThievingPhase: Loot detected in slot 1. Clicking it.
2026-07-17 07:26:39 ThievingPhase: Stall ready. Clicking.
2026-07-17 07:26:40 ThievingPhase: Loot detected in slot 1. Clicking it.
2026-07-17 07:26:42 ThievingPhase: Stall ready. Clicking.
2026-07-17 07:26:43 ThievingPhase: Loot detected in slot 1. Clicking it.
2026-07-17 07:26:45 ThievingPhase: Stall ready. Clicking.
2026-07-17 07:26:46 ThievingPhase: Loot detected in slot 1. Clicking it.
2026-07-17 07:26:48 ThievingPhase: Stall ready. Clicking.
2026-07-17 07:26:49 ThievingPhase: Loot detected in slot 1. Clicking it.
2026-07-17 07:26:51 ThievingPhase: Stall ready. Clicking.
2026-07-17 07:26:52 ThievingPhase: Loot detected in slot 1. Clicking it.
2026-07-17 07:26:54 ThievingPhase: Stall ready. Clicking.
2026-07-17 07:26:55 ThievingPhase: Loot detected in slot 1. Clicking it.
2026-07-17 07:26:57 ThievingPhase: Stall ready. Clicking.
2026-07-17 07:26:58 ThievingPhase: Loot detected in slot 1. Clicking it.
2026-07-17 07:27:00 ThievingPhase: Stall ready. Clicking.
2026-07-17 07:27:01 ThievingPhase: Loot detected in slot 1. Clicking it.
2026-07-17 07:27:03 ThievingPhase: Stall ready. Clicking.
2026-07-17 07:27:04 ThievingPhase: Loot detected in slot 1. Clicking it.
2026-07-17 07:27:06 ThievingPhase: Stall ready. Clicking.
2026-07-17 07:27:07 ThievingPhase: Loot detected in slot 1. Clicking it.
2026-07-17 07:27:09 ThievingPhase: Stall ready. Clicking.
2026-07-17 07:27:10 ThievingPhase: Loot detected in slot 1. Clicking it.
2026-07-17 07:27:12 ThievingPhase: Stall ready. Clicking.
2026-07-17 07:27:13 ThievingPhase: Loot detected in slot 1. Clicking it.
2026-07-17 07:27:15 ThievingPhase: Stall ready. Clicking.
2026-07-17 07:27:16 ThievingPhase: Loot detected in slot 1. Clicking it.
2026-07-17 07:27:18 ThievingPhase: Stall ready. Clicking.
2026-07-17 07:27:19 ThievingPhase: Loot detected in slot 1. Clicking it.
2026-07-17 07:27:21 ThievingPhase: Stall ready. Clicking.
2026-07-17 07:27:22 ThievingPhase: Loot detected in slot 1. Clicking it.
2026-07-17 07:27:24 ThievingPhase: Stall ready. Clicking.
2026-07-17 07:27:25 ThievingPhase: Loot detected in slot 1. Clicking it.
2026-07-17 07:27:27 ThievingPhase: Stall ready. Clicking.
2026-07-17 07:27:28 ThievingPhase: Loot detected in slot 1. Clicking it.
2026-07-17 07:27:30 ThievingPhase: Stall ready. Clicking.
2026-07-17 07:27:31 ThievingPhase: Loot detected in slot 1. Clicking it.
2026-07-17 07:27:33 ThievingPhase: Stall ready. Clicking.
2026-07-17 07:27:34 ThievingPhase: Loot detected in slot 1. Clicking it.
2026-07-17 07:27:36 ThievingPhase: Stall ready. Clicking.
2026-07-17 07:27:37 ThievingPhase: Loot detected in slot 1. Clicking it.
2026-07-17 07:27:39 ThievingPhase: Stall ready. Clicking.
2026-07-17 07:27:40 ThievingPhase: Loot detected in slot 1. Clicking it.
2026-07-17 07:27:42 ThievingPhase: Stall ready. Clicking.
2026-07-17 07:27:43 ThievingPhase: Loot detected in slot 1. Clicking it.
2026-07-17 07:27:45 ThievingPhase: Stall ready. Clicking.
2026-07-17 07:27:46 ThievingPhase: Loot detected in slot 1. Clicking it.
2026-07-17 07:27:48 ThievingPhase: Stall ready. Clicking.
2026-07-17 07:27:49 ThievingPhase: Loot detected in slot 1. Clicking it.
2026-07-17 07:27:51 ThievingPhase: Stall ready. Clicking.
2026-07-17 07:27:52 ThievingPhase: Loot detected in slot 1. Clicking it.
2026-07-17 07:27:54 ThievingPhase: Stall ready. Clicking.
2026-07-17 07:27:55 ThievingPhase: Loot detected in slot 1. Clicking it.
2026-07-17 07:27:57 ThievingPhase: Stall ready. Clicking.
2026-07-17 07:27:58 ThievingPhase: Loot detected in slot 1. Clicking it.
2026-07-17 07:28:00 ThievingPhase: Stall ready. Clicking.
2026-07-17 07:28:01 ThievingPhase: Loot detected in slot 1. Clicking it.
2026-07-17 07:28:03 ThievingPhase: Stall ready. Clicking.
2026-07-17 07:28:04 ThievingPhase: Loot detected in slot 1. Clicking it.
2026-07-17 07:28:06 ThievingPhase: Stall ready. Clicking.
2026-07-17 07:28:07 ThievingPhase: Loot detected in slot 1. Clicking it.
2026-07-17 07:28:09 ThievingPhase: Stall ready. Clicking.
2026-07-17 07:28:10 ThievingPhase: Loot detected in slot 1. Clicking it.
2026-07-17 07:28:12 ThievingPhase: Stall ready. Clicking.
2026-07-17 07:28:13 ThievingPhase: Loot detected in slot 1. Clicking it.
2026-07-17 07:28:15 ThievingPhase: Stall ready. Clicking.
2026-07-17 07:28:16 ThievingPhase: Loot detected in slot 1. Clicking it.
2026-07-17 07:28:18 ThievingPhase: Stall ready. Clicking.
2026-07-17 07:28:19 ThievingPhase: Loot detected in slot 1. Clicking it.
2026-07-17 07:28:21 ThievingPhase: Stall ready. Clicking.
2026-07-17 07:28:22 ThievingPhase: Loot detected in slot 1. Clicking it.
2026-07-17 07:28:24 ThievingPhase: Stall ready. Clicking.
2026-07-17 07:28:25 ThievingPhase: Loot detected in slot 1. Clicking it.
2026-07-17 07:28:27 ThievingPhase: Stall ready. Clicking.
2026-07-17 07:28:28 ThievingPhase: Loot detected in slot 1. Clicking it.
2026-07-17 07:28:30 ThievingPhase: Stall ready. Clicking.
2026-07-17 07:28:31 ThievingPhase: Loot detected in slot 1. Clicking it.
2026-07-17 07:28:33 ThievingPhase: Stall ready. Clicking.
2026-07-17 07:28:34 ThievingPhase: Loot detected in slot 1. Clicking it.
2026-07-17 07:28:36 ThievingPhase: Stall ready. Clicking.
2026-07-17 07:28:37 ThievingPhase: Loot detected in slot 1. Clicking it.
2026-07-17 07:28:39 ThievingPhase: Stall ready. Clicking.
2026-07-17 07:28:40 ThievingPhase: Loot detected in slot 1. Clicking it.
2026-07-17 07:28:42 ThievingPhase: Stall ready. Clicking.
2026-07-17 07:28:43 ThievingPhase: Loot detected in slot 1. Clicking it.
2026-07-17 07:28:45 ThievingPhase: Stall ready. Clicking.
2026-07-17 07:28:46 ThievingPhase: Loot detected in slot 1. Clicking it.
2026-07-17 07:28:48 ThievingPhase: Stall ready. Clicking.
2026-07-17 07:28:49 ThievingPhase: Loot detected in slot 1. Clicking it.
2026-07-17 07:28:51 ThievingPhase: Stall ready. Clicking.
2026-07-17 07:28:52 ThievingPhase: Loot detected in slot 1. Clicking it.
2026-07-17 07:28:54 ThievingPhase: Stall ready. Clicking.
2026-07-17 07:28:55 ThievingPhase: Loot detected in slot 1. Clicking it.
2026-07-17 07:28:57 ThievingPhase: Stall ready. Clicking.
2026-07-17 07:28:58 ThievingPhase: Loot detected in slot 1. Clicking it.
2026-07-17 07:29:00 ThievingPhase: Stall ready. Clicking.
2026-07-17 07:29:01 ThievingPhase: Loot detected in slot 1. Clicking it.
2026-07-17 07:29:03 ThievingPhase: Stall ready. Clicking.
2026-07-17 07:29:04 ThievingPhase: Loot detected in slot 1. Clicking it.
2026-07-17 07:29:06 ThievingPhase: Stall ready. Clicking.
2026-07-17 07:29:07 ThievingPhase: Loot detected in slot 1. Clicking it.
2026-07-17 07:29:09 ThievingPhase: Stall ready. Clicking.
2026-07-17 07:29:11 ThievingPhase: No loot after 2000ms - assuming detected, waiting for combat.
2026-07-17 07:29:15 WaitCombatPhase: No combat signal after 4000ms - retrying
2026-07-17 07:29:15 ThievingPhase: Stall ready. Clicking.
2026-07-17 07:29:17 ThievingPhase: Loot detected in slot 1. Clicking it.
2026-07-17 07:29:19 ThievingPhase: Stall ready. Clicking.
2026-07-17 07:29:20 ThievingPhase: Loot detected in slot 1. Clicking it.
2026-07-17 07:29:22 ThievingPhase: Stall ready. Clicking.
2026-07-17 07:29:23 ThievingPhase: Loot detected in slot 1. Clicking it.
2026-07-17 07:29:25 ThievingPhase: Stall ready. Clicking.
2026-07-17 07:29:26 ThievingPhase: Loot detected in slot 1. Clicking it.
2026-07-17 07:29:27 ThievingPhase: Stall ready. Clicking.
2026-07-17 07:29:29 ThievingPhase: Loot detected in slot 1. Clicking it.
2026-07-17 07:29:31 ThievingPhase: Stall ready. Clicking.
2026-07-17 07:29:32 ThievingPhase: Loot detected in slot 1. Clicking it.
2026-07-17 07:29:34 ThievingPhase: Stall ready. Clicking.
2026-07-17 07:29:35 ThievingPhase: Loot detected in slot 1. Clicking it.
2026-07-17 07:29:37 ThievingPhase: Stall ready. Clicking.
2026-07-17 07:29:38 ThievingPhase: Loot detected in slot 1. Clicking it.
2026-07-17 07:29:40 ThievingPhase: Stall ready. Clicking.
2026-07-17 07:29:41 ThievingPhase: Loot detected in slot 1. Clicking it.
2026-07-17 07:29:42 ThievingPhase: Stall ready. Clicking.
2026-07-17 07:29:44 ThievingPhase: Loot detected in slot 1. Clicking it.
2026-07-17 07:29:45 ThievingPhase: Stall ready. Clicking.
2026-07-17 07:29:47 ThievingPhase: Loot detected in slot 1. Clicking it.
2026-07-17 07:29:49 ThievingPhase: Stall ready. Clicking.
2026-07-17 07:29:50 ThievingPhase: Loot detected in slot 1. Clicking it.
2026-07-17 07:29:52 ThievingPhase: Stall ready. Clicking.
2026-07-17 07:29:53 ThievingPhase: Loot detected in slot 1. Clicking it.
2026-07-17 07:29:55 ThievingPhase: Stall ready. Clicking.
2026-07-17 07:29:56 ThievingPhase: Loot detected in slot 1. Clicking it.
2026-07-17 07:29:57 ThievingPhase: Stall ready. Clicking.
2026-07-17 07:29:59 ThievingPhase: Loot detected in slot 1. Clicking it.
2026-07-17 07:30:00 ThievingPhase: Stall ready. Clicking.
2026-07-17 07:30:02 ThievingPhase: Loot detected in slot 1. Clicking it.
2026-07-17 07:30:04 ThievingPhase: Stall ready. Clicking.
2026-07-17 07:30:05 ThievingPhase: Loot detected in slot 1. Clicking it.
2026-07-17 07:30:06 ThievingPhase: Stall ready. Clicking.
2026-07-17 07:30:08 ThievingPhase: Loot detected in slot 1. Clicking it.
2026-07-17 07:30:10 ThievingPhase: Stall ready. Clicking.
2026-07-17 07:30:11 ThievingPhase: Loot detected in slot 1. Clicking it.
2026-07-17 07:30:13 ThievingPhase: Stall ready. Clicking.
2026-07-17 07:30:14 ThievingPhase: Loot detected in slot 1. Clicking it.
2026-07-17 07:30:15 ThievingPhase: Stall ready. Clicking.
2026-07-17 07:30:17 ThievingPhase: Loot detected in slot 1. Clicking it.
2026-07-17 07:30:19 ThievingPhase: Stall ready. Clicking.
2026-07-17 07:30:20 ThievingPhase: Loot detected in slot 1. Clicking it.
2026-07-17 07:30:22 ThievingPhase: Stall ready. Clicking.
2026-07-17 07:30:23 ThievingPhase: Loot detected in slot 1. Clicking it.
2026-07-17 07:30:25 ThievingPhase: Stall ready. Clicking.
2026-07-17 07:30:26 ThievingPhase: Loot detected in slot 1. Clicking it.
2026-07-17 07:30:28 ThievingPhase: Stall ready. Clicking.
2026-07-17 07:30:29 ThievingPhase: Loot detected in slot 1. Clicking it.
2026-07-17 07:30:31 ThievingPhase: Stall ready. Clicking.
2026-07-17 07:30:32 ThievingPhase: Loot detected in slot 1. Clicking it.
2026-07-17 07:30:34 ThievingPhase: Stall ready. Clicking.
2026-07-17 07:30:35 ThievingPhase: Loot detected in slot 1. Clicking it.
2026-07-17 07:30:36 ThievingPhase: Stall ready. Clicking.
2026-07-17 07:30:38 ThievingPhase: Loot detected in slot 1. Clicking it.
2026-07-17 07:30:40 ThievingPhase: Stall ready. Clicking.
2026-07-17 07:30:41 ThievingPhase: Loot detected in slot 1. Clicking it.
2026-07-17 07:30:43 ThievingPhase: Stall ready. Clicking.
2026-07-17 07:30:44 ThievingPhase: Loot detected in slot 1. Clicking it.
2026-07-17 07:30:45 ThievingPhase: Stall ready. Clicking.
2026-07-17 07:30:47 ThievingPhase: Loot detected in slot 1. Clicking it.
2026-07-17 07:30:49 ThievingPhase: Stall ready. Clicking.
2026-07-17 07:30:50 ThievingPhase: Loot detected in slot 1. Clicking it.
2026-07-17 07:30:52 ThievingPhase: Stall ready. Clicking.
2026-07-17 07:30:53 ThievingPhase: Loot detected in slot 1. Clicking it.
2026-07-17 07:30:54 ThievingPhase: Stall ready. Clicking.
2026-07-17 07:30:56 ThievingPhase: Loot detected in slot 1. Clicking it.
2026-07-17 07:30:58 ThievingPhase: Stall ready. Clicking.
2026-07-17 07:30:59 ThievingPhase: Loot detected in slot 1. Clicking it.
2026-07-17 07:31:01 ThievingPhase: Stall ready. Clicking.
2026-07-17 07:31:02 ThievingPhase: Loot detected in slot 1. Clicking it.
2026-07-17 07:31:04 ThievingPhase: Stall ready. Clicking.
2026-07-17 07:31:05 ThievingPhase: Loot detected in slot 1. Clicking it.
2026-07-17 07:31:07 ThievingPhase: Stall ready. Clicking.
2026-07-17 07:31:08 ThievingPhase: Loot detected in slot 1. Clicking it.
2026-07-17 07:31:10 ThievingPhase: Stall ready. Clicking.
2026-07-17 07:31:11 ThievingPhase: Loot detected in slot 1. Clicking it.
2026-07-17 07:31:12 ThievingPhase: Stall ready. Clicking.
2026-07-17 07:31:14 ThievingPhase: Loot detected in slot 1. Clicking it.
2026-07-17 07:31:16 ThievingPhase: Stall ready. Clicking.
2026-07-17 07:31:17 ThievingPhase: Loot detected in slot 1. Clicking it.
2026-07-17 07:31:19 ThievingPhase: Stall ready. Clicking.
2026-07-17 07:31:20 ThievingPhase: Loot detected in slot 1. Clicking it.
2026-07-17 07:31:22 ThievingPhase: Stall ready. Clicking.
2026-07-17 07:31:23 ThievingPhase: Loot detected in slot 1. Clicking it.
2026-07-17 07:31:25 ThievingPhase: Stall ready. Clicking.
2026-07-17 07:31:26 ThievingPhase: Loot detected in slot 1. Clicking it.
2026-07-17 07:31:28 ThievingPhase: Stall ready. Clicking.
2026-07-17 07:31:29 ThievingPhase: Loot detected in slot 1. Clicking it.
2026-07-17 07:31:30 ThievingPhase: Stall ready. Clicking.
2026-07-17 07:31:32 ThievingPhase: Loot detected in slot 1. Clicking it.
2026-07-17 07:31:33 ThievingPhase: Stall ready. Clicking.
2026-07-17 07:31:35 ThievingPhase: Loot detected in slot 1. Clicking it.
2026-07-17 07:31:37 ThievingPhase: Stall ready. Clicking.
2026-07-17 07:31:38 ThievingPhase: Loot detected in slot 1. Clicking it.
2026-07-17 07:31:40 ThievingPhase: Stall ready. Clicking.
2026-07-17 07:31:41 ThievingPhase: Loot detected in slot 1. Clicking it.
2026-07-17 07:31:42 ThievingPhase: Stall ready. Clicking.
2026-07-17 07:31:44 ThievingPhase: Loot detected in slot 1. Clicking it.
2026-07-17 07:31:46 ThievingPhase: Stall ready. Clicking.
2026-07-17 07:31:47 ThievingPhase: Loot detected in slot 1. Clicking it.
2026-07-17 07:31:48 ThievingPhase: Stall ready. Clicking.
2026-07-17 07:31:50 ThievingPhase: Loot detected in slot 1. Clicking it.
2026-07-17 07:31:52 ThievingPhase: Stall ready. Clicking.
2026-07-17 07:31:53 ThievingPhase: Loot detected in slot 1. Clicking it.
2026-07-17 07:31:54 ThievingPhase: Stall ready. Clicking.
2026-07-17 07:31:56 ThievingPhase: Loot detected in slot 1. Clicking it.
2026-07-17 07:31:57 ThievingPhase: Stall ready. Clicking.
2026-07-17 07:31:59 ThievingPhase: Loot detected in slot 1. Clicking it.
2026-07-17 07:32:00 ThievingPhase: Stall ready. Clicking.
2026-07-17 07:32:02 ThievingPhase: Loot detected in slot 1. Clicking it.
2026-07-17 07:32:04 ThievingPhase: Stall ready. Clicking.
2026-07-17 07:32:05 ThievingPhase: Loot detected in slot 1. Clicking it.
2026-07-17 07:32:06 ThievingPhase: Stall ready. Clicking.
2026-07-17 07:32:08 ThievingPhase: Loot detected in slot 1. Clicking it.
2026-07-17 07:32:10 ThievingPhase: Stall ready. Clicking.
2026-07-17 07:32:11 ThievingPhase: Loot detected in slot 1. Clicking it.
2026-07-17 07:32:13 ThievingPhase: Stall ready. Clicking.
2026-07-17 07:32:14 ThievingPhase: Loot detected in slot 1. Clicking it.
2026-07-17 07:32:15 ThievingPhase: Stall ready. Clicking.
2026-07-17 07:32:17 ThievingPhase: Loot detected in slot 1. Clicking it.
2026-07-17 07:32:18 ThievingPhase: Stall ready. Clicking.
2026-07-17 07:32:20 ThievingPhase: Loot detected in slot 1. Clicking it.
2026-07-17 07:32:22 ThievingPhase: Stall ready. Clicking.
2026-07-17 07:32:23 ThievingPhase: Loot detected in slot 1. Clicking it.
2026-07-17 07:32:25 ThievingPhase: Stall ready. Clicking.
2026-07-17 07:32:26 ThievingPhase: Loot detected in slot 1. Clicking it.
2026-07-17 07:32:27 ThievingPhase: Stall ready. Clicking.
2026-07-17 07:32:29 ThievingPhase: Loot detected in slot 1. Clicking it.
2026-07-17 07:32:31 ThievingPhase: Stall ready. Clicking.
2026-07-17 07:32:32 ThievingPhase: Loot detected in slot 1. Clicking it.
2026-07-17 07:32:34 ThievingPhase: Stall ready. Clicking.
2026-07-17 07:32:35 ThievingPhase: Loot detected in slot 1. Clicking it.
2026-07-17 07:32:37 ThievingPhase: Stall ready. Clicking.
2026-07-17 07:32:38 ThievingPhase: Loot detected in slot 1. Clicking it.
2026-07-17 07:32:39 ThievingPhase: Stall ready. Clicking.
2026-07-17 07:32:41 ThievingPhase: Loot detected in slot 1. Clicking it.
2026-07-17 07:32:42 ThievingPhase: Stall ready. Clicking.
2026-07-17 07:32:44 ThievingPhase: Loot detected in slot 1. Clicking it.
2026-07-17 07:32:46 ThievingPhase: Stall ready. Clicking.
2026-07-17 07:32:47 ThievingPhase: Loot detected in slot 1. Clicking it.
2026-07-17 07:32:49 ThievingPhase: Stall ready. Clicking.
2026-07-17 07:32:50 ThievingPhase: Loot detected in slot 1. Clicking it.
2026-07-17 07:32:52 ThievingPhase: Stall ready. Clicking.
2026-07-17 07:32:53 ThievingPhase: Loot detected in slot 1. Clicking it.
2026-07-17 07:32:54 ThievingPhase: Stall ready. Clicking.
2026-07-17 07:32:56 ThievingPhase: Loot detected in slot 1. Clicking it.
2026-07-17 07:32:58 ThievingPhase: Stall ready. Clicking.
2026-07-17 07:32:59 ThievingPhase: Loot detected in slot 1. Clicking it.
2026-07-17 07:33:01 ThievingPhase: Stall ready. Clicking.
2026-07-17 07:33:02 ThievingPhase: Loot detected in slot 1. Clicking it.
2026-07-17 07:33:03 ThievingPhase: Stall ready. Clicking.
2026-07-17 07:33:05 ThievingPhase: Loot detected in slot 1. Clicking it.
2026-07-17 07:33:07 ThievingPhase: Stall ready. Clicking.
2026-07-17 07:33:08 ThievingPhase: Loot detected in slot 1. Clicking it.
2026-07-17 07:33:10 ThievingPhase: Stall ready. Clicking.
2026-07-17 07:33:11 ThievingPhase: Loot detected in slot 1. Clicking it.
2026-07-17 07:33:13 ThievingPhase: Stall ready. Clicking.
2026-07-17 07:33:14 ThievingPhase: Loot detected in slot 1. Clicking it.
2026-07-17 07:33:16 ThievingPhase: Stall ready. Clicking.
2026-07-17 07:33:17 ThievingPhase: Loot detected in slot 1. Clicking it.
2026-07-17 07:33:19 ThievingPhase: Stall ready. Clicking.
2026-07-17 07:33:20 ThievingPhase: Loot detected in slot 1. Clicking it.
2026-07-17 07:33:21 ThievingPhase: Stall ready. Clicking.
2026-07-17 07:33:23 ThievingPhase: Loot detected in slot 1. Clicking it.
2026-07-17 07:33:25 ThievingPhase: Stall ready. Clicking.
2026-07-17 07:33:26 ThievingPhase: Loot detected in slot 1. Clicking it.
2026-07-17 07:33:28 ThievingPhase: Stall ready. Clicking.
2026-07-17 07:33:29 ThievingPhase: Loot detected in slot 1. Clicking it.
2026-07-17 07:33:30 ThievingPhase: Stall ready. Clicking.
2026-07-17 07:33:32 ThievingPhase: Loot detected in slot 1. Clicking it.
2026-07-17 07:33:33 ThievingPhase: Stall ready. Clicking.
2026-07-17 07:33:35 ThievingPhase: Loot detected in slot 1. Clicking it.
2026-07-17 07:33:36 ThievingPhase: Stall ready. Clicking.
2026-07-17 07:33:38 ThievingPhase: Loot detected in slot 1. Clicking it.
2026-07-17 07:33:40 ThievingPhase: Stall ready. Clicking.
2026-07-17 07:33:41 ThievingPhase: Loot detected in slot 1. Clicking it.
2026-07-17 07:33:43 ThievingPhase: Stall ready. Clicking.
2026-07-17 07:33:44 ThievingPhase: Loot detected in slot 1. Clicking it.
2026-07-17 07:33:45 ThievingPhase: Stall ready. Clicking.
2026-07-17 07:33:47 ThievingPhase: Loot detected in slot 1. Clicking it.
2026-07-17 07:33:49 ThievingPhase: Stall ready. Clicking.
2026-07-17 07:33:50 ThievingPhase: Loot detected in slot 1. Clicking it.
2026-07-17 07:33:52 ThievingPhase: Stall ready. Clicking.
2026-07-17 07:33:53 ThievingPhase: Loot detected in slot 1. Clicking it.
2026-07-17 07:33:55 ThievingPhase: Stall ready. Clicking.
2026-07-17 07:33:56 ThievingPhase: Loot detected in slot 1. Clicking it.
2026-07-17 07:33:57 ThievingPhase: Stall ready. Clicking.
2026-07-17 07:33:59 ThievingPhase: Loot detected in slot 1. Clicking it.
2026-07-17 07:34:00 ThievingPhase: Stall ready. Clicking.
2026-07-17 07:34:02 ThievingPhase: Loot detected in slot 1. Clicking it.
2026-07-17 07:34:04 ThievingPhase: Stall ready. Clicking.
2026-07-17 07:34:05 ThievingPhase: Loot detected in slot 1. Clicking it.
2026-07-17 07:34:07 ThievingPhase: Stall ready. Clicking.
2026-07-17 07:34:08 ThievingPhase: Loot detected in slot 1. Clicking it.
2026-07-17 07:34:10 ThievingPhase: Stall ready. Clicking.
2026-07-17 07:34:11 ThievingPhase: Loot detected in slot 1. Clicking it.
2026-07-17 07:34:12 ThievingPhase: Stall ready. Clicking.
2026-07-17 07:34:14 ThievingPhase: Loot detected in slot 1. Clicking it.
2026-07-17 07:34:15 ThievingPhase: Stall ready. Clicking.
2026-07-17 07:34:17 ThievingPhase: Loot detected in slot 1. Clicking it.
2026-07-17 07:34:19 ThievingPhase: Stall ready. Clicking.
2026-07-17 07:34:20 ThievingPhase: Loot detected in slot 1. Clicking it.
2026-07-17 07:34:22 ThievingPhase: Stall ready. Clicking.
2026-07-17 07:34:23 ThievingPhase: Loot detected in slot 1. Clicking it.
2026-07-17 07:34:25 ThievingPhase: Stall ready. Clicking.
2026-07-17 07:34:26 ThievingPhase: Loot detected in slot 1. Clicking it.
2026-07-17 07:34:27 ThievingPhase: Stall ready. Clicking.
2026-07-17 07:34:29 ThievingPhase: Loot detected in slot 1. Clicking it.
2026-07-17 07:34:31 ThievingPhase: Stall ready. Clicking.
2026-07-17 07:34:32 ThievingPhase: Loot detected in slot 1. Clicking it.
2026-07-17 07:34:33 ThievingPhase: Stall ready. Clicking.
2026-07-17 07:34:35 ThievingPhase: Loot detected in slot 1. Clicking it.
2026-07-17 07:34:37 ThievingPhase: Stall ready. Clicking.
2026-07-17 07:34:38 ThievingPhase: Loot detected in slot 1. Clicking it.
2026-07-17 07:34:40 ThievingPhase: Stall ready. Clicking.
2026-07-17 07:34:41 ThievingPhase: Loot detected in slot 1. Clicking it.
2026-07-17 07:34:42 ThievingPhase: Stall ready. Clicking.
2026-07-17 07:34:44 ThievingPhase: Loot detected in slot 1. Clicking it.
2026-07-17 07:34:46 ThievingPhase: Stall ready. Clicking.
2026-07-17 07:34:47 ThievingPhase: Loot detected in slot 1. Clicking it.
2026-07-17 07:34:49 ThievingPhase: Stall ready. Clicking.
2026-07-17 07:34:50 ThievingPhase: Loot detected in slot 1. Clicking it.
2026-07-17 07:34:51 ThievingPhase: Stall ready. Clicking.
2026-07-17 07:34:53 ThievingPhase: Loot detected in slot 1. Clicking it.
2026-07-17 07:34:55 ThievingPhase: Stall ready. Clicking.
2026-07-17 07:34:56 ThievingPhase: Loot detected in slot 1. Clicking it.
2026-07-17 07:34:58 ThievingPhase: Stall ready. Clicking.
2026-07-17 07:34:59 ThievingPhase: Loot detected in slot 1. Clicking it.
2026-07-17 07:35:01 ThievingPhase: Stall ready. Clicking.
2026-07-17 07:35:02 ThievingPhase: Loot detected in slot 1. Clicking it.
2026-07-17 07:35:03 ThievingPhase: Stall ready. Clicking.
2026-07-17 07:35:05 ThievingPhase: Loot detected in slot 1. Clicking it.
2026-07-17 07:35:07 ThievingPhase: Stall ready. Clicking.
2026-07-17 07:35:08 ThievingPhase: Loot detected in slot 1. Clicking it.
2026-07-17 07:35:10 ThievingPhase: Stall ready. Clicking.
2026-07-17 07:35:11 ThievingPhase: Loot detected in slot 1. Clicking it.
2026-07-17 07:35:13 ThievingPhase: Stall ready. Clicking.
2026-07-17 07:35:14 ThievingPhase: Loot detected in slot 1. Clicking it.
2026-07-17 07:35:15 ThievingPhase: Stall ready. Clicking.
2026-07-17 07:35:17 ThievingPhase: Loot detected in slot 1. Clicking it.
2026-07-17 07:35:19 ThievingPhase: Stall ready. Clicking.
2026-07-17 07:35:20 ThievingPhase: Loot detected in slot 1. Clicking it.
2026-07-17 07:35:22 ThievingPhase: Stall ready. Clicking.
2026-07-17 07:35:23 ThievingPhase: Loot detected in slot 1. Clicking it.
2026-07-17 07:35:25 ThievingPhase: Stall ready. Clicking.
2026-07-17 07:35:26 ThievingPhase: Loot detected in slot 1. Clicking it.
2026-07-17 07:35:27 ThievingPhase: Stall ready. Clicking.
2026-07-17 07:35:29 ThievingPhase: Loot detected in slot 1. Clicking it.
2026-07-17 07:35:31 ThievingPhase: Stall ready. Clicking.
2026-07-17 07:35:32 ThievingPhase: Loot detected in slot 1. Clicking it.
2026-07-17 07:35:34 ThievingPhase: Stall ready. Clicking.
2026-07-17 07:35:35 ThievingPhase: Loot detected in slot 1. Clicking it.
2026-07-17 07:35:37 ThievingPhase: Stall ready. Clicking.
2026-07-17 07:35:38 ThievingPhase: Loot detected in slot 1. Clicking it.
2026-07-17 07:35:39 ThievingPhase: Stall ready. Clicking.
2026-07-17 07:35:41 ThievingPhase: Loot detected in slot 1. Clicking it.
2026-07-17 07:35:43 ThievingPhase: Stall ready. Clicking.
2026-07-17 07:35:44 ThievingPhase: Loot detected in slot 1. Clicking it.
2026-07-17 07:35:46 ThievingPhase: Stall ready. Clicking.
2026-07-17 07:35:47 ThievingPhase: Loot detected in slot 1. Clicking it.
2026-07-17 07:35:48 ThievingPhase: Stall ready. Clicking.
2026-07-17 07:35:50 ThievingPhase: Loot detected in slot 1. Clicking it.
2026-07-17 07:35:52 ThievingPhase: Stall ready. Clicking.
2026-07-17 07:35:53 ThievingPhase: Loot detected in slot 1. Clicking it.
2026-07-17 07:35:55 ThievingPhase: Stall ready. Clicking.
2026-07-17 07:35:56 ThievingPhase: Loot detected in slot 1. Clicking it.
2026-07-17 07:35:58 ThievingPhase: Stall ready. Clicking.
2026-07-17 07:35:59 ThievingPhase: Loot detected in slot 1. Clicking it.
2026-07-17 07:36:01 ThievingPhase: Stall ready. Clicking.
2026-07-17 07:36:02 ThievingPhase: Loot detected in slot 1. Clicking it.
2026-07-17 07:36:04 ThievingPhase: Stall ready. Clicking.
2026-07-17 07:36:05 ThievingPhase: Loot detected in slot 1. Clicking it.
2026-07-17 07:36:07 ThievingPhase: Stall ready. Clicking.
2026-07-17 07:36:08 ThievingPhase: Loot detected in slot 1. Clicking it.
2026-07-17 07:36:09 ThievingPhase: Stall ready. Clicking.
2026-07-17 07:36:11 ThievingPhase: Loot detected in slot 1. Clicking it.
2026-07-17 07:36:13 ThievingPhase: Stall ready. Clicking.
2026-07-17 07:36:14 ThievingPhase: Loot detected in slot 1. Clicking it.
2026-07-17 07:36:16 ThievingPhase: Stall ready. Clicking.
2026-07-17 07:36:17 ThievingPhase: Loot detected in slot 1. Clicking it.
2026-07-17 07:36:18 ThievingPhase: Stall ready. Clicking.
2026-07-17 07:36:20 ThievingPhase: Loot detected in slot 1. Clicking it.
2026-07-17 07:36:22 ThievingPhase: Stall ready. Clicking.
2026-07-17 07:36:23 ThievingPhase: Loot detected in slot 1. Clicking it.
2026-07-17 07:36:25 ThievingPhase: Stall ready. Clicking.
2026-07-17 07:36:26 ThievingPhase: Loot detected in slot 1. Clicking it.
2026-07-17 07:36:28 ThievingPhase: Stall ready. Clicking.
2026-07-17 07:36:29 ThievingPhase: Loot detected in slot 1. Clicking it.
2026-07-17 07:36:30 ThievingPhase: Stall ready. Clicking.
2026-07-17 07:36:32 ThievingPhase: Loot detected in slot 1. Clicking it.
2026-07-17 07:36:34 ThievingPhase: Stall ready. Clicking.
2026-07-17 07:36:35 ThievingPhase: Loot detected in slot 1. Clicking it.
2026-07-17 07:36:37 ThievingPhase: Stall ready. Clicking.
2026-07-17 07:36:39 ThievingPhase: No loot after 2000ms - assuming detected, waiting for combat.
2026-07-17 07:36:43 WaitCombatPhase: No combat signal after 4000ms - retrying
2026-07-17 07:36:43 ThievingPhase: Stall ready. Clicking.
2026-07-17 07:36:44 ThievingPhase: Loot detected in slot 1. Clicking it.
2026-07-17 07:36:46 ThievingPhase: Stall ready. Clicking.
2026-07-17 07:36:47 ThievingPhase: Loot detected in slot 1. Clicking it.
2026-07-17 07:36:49 ThievingPhase: Stall ready. Clicking.
2026-07-17 07:36:50 ThievingPhase: Loot detected in slot 1. Clicking it.
2026-07-17 07:36:52 ThievingPhase: Stall ready. Clicking.
2026-07-17 07:36:53 ThievingPhase: Loot detected in slot 1. Clicking it.
2026-07-17 07:36:55 ThievingPhase: Stall ready. Clicking.
2026-07-17 07:36:56 ThievingPhase: Loot detected in slot 1. Clicking it.
2026-07-17 07:36:58 ThievingPhase: Stall ready. Clicking.
2026-07-17 07:36:59 ThievingPhase: Loot detected in slot 1. Clicking it.
2026-07-17 07:37:01 ThievingPhase: Stall ready. Clicking.
2026-07-17 07:37:02 ThievingPhase: Loot detected in slot 1. Clicking it.
2026-07-17 07:37:04 ThievingPhase: Stall ready. Clicking.
2026-07-17 07:37:05 ThievingPhase: Loot detected in slot 1. Clicking it.
2026-07-17 07:37:07 ThievingPhase: Stall ready. Clicking.
2026-07-17 07:37:08 ThievingPhase: Loot detected in slot 1. Clicking it.
2026-07-17 07:37:10 ThievingPhase: Stall ready. Clicking.
2026-07-17 07:37:11 ThievingPhase: Loot detected in slot 1. Clicking it.
2026-07-17 07:37:13 ThievingPhase: Stall ready. Clicking.
2026-07-17 07:37:14 ThievingPhase: Loot detected in slot 1. Clicking it.
2026-07-17 07:37:16 ThievingPhase: Stall ready. Clicking.
2026-07-17 07:37:17 ThievingPhase: Loot detected in slot 1. Clicking it.
2026-07-17 07:37:19 ThievingPhase: Stall ready. Clicking.
2026-07-17 07:37:20 ThievingPhase: Loot detected in slot 1. Clicking it.
2026-07-17 07:37:22 ThievingPhase: Stall ready. Clicking.
2026-07-17 07:37:23 ThievingPhase: Loot detected in slot 1. Clicking it.
2026-07-17 07:37:25 ThievingPhase: Stall ready. Clicking.
2026-07-17 07:37:26 ThievingPhase: Loot detected in slot 1. Clicking it.
2026-07-17 07:37:28 ThievingPhase: Stall ready. Clicking.
2026-07-17 07:37:29 ThievingPhase: Loot detected in slot 1. Clicking it.
2026-07-17 07:37:31 ThievingPhase: Stall ready. Clicking.
2026-07-17 07:37:32 ThievingPhase: Loot detected in slot 1. Clicking it.
2026-07-17 07:37:34 ThievingPhase: Stall ready. Clicking.
2026-07-17 07:37:35 ThievingPhase: Loot detected in slot 1. Clicking it.
2026-07-17 07:37:37 ThievingPhase: Stall ready. Clicking.
2026-07-17 07:37:38 ThievingPhase: Loot detected in slot 1. Clicking it.
2026-07-17 07:37:40 ThievingPhase: Stall ready. Clicking.
2026-07-17 07:37:41 ThievingPhase: Loot detected in slot 1. Clicking it.
2026-07-17 07:37:43 ThievingPhase: Stall ready. Clicking.
2026-07-17 07:37:44 ThievingPhase: Loot detected in slot 1. Clicking it.
2026-07-17 07:37:46 ThievingPhase: Stall ready. Clicking.
2026-07-17 07:37:47 ThievingPhase: Loot detected in slot 1. Clicking it.
2026-07-17 07:37:49 ThievingPhase: Stall ready. Clicking.
2026-07-17 07:37:50 ThievingPhase: Loot detected in slot 1. Clicking it.
2026-07-17 07:37:52 ThievingPhase: Stall ready. Clicking.
2026-07-17 07:37:53 ThievingPhase: Loot detected in slot 1. Clicking it.
2026-07-17 07:37:55 ThievingPhase: Stall ready. Clicking.
2026-07-17 07:37:56 ThievingPhase: Loot detected in slot 1. Clicking it.
2026-07-17 07:37:58 ThievingPhase: Stall ready. Clicking.
2026-07-17 07:37:59 ThievingPhase: Loot detected in slot 1. Clicking it.
2026-07-17 07:38:01 ThievingPhase: Stall ready. Clicking.
2026-07-17 07:38:02 ThievingPhase: Loot detected in slot 1. Clicking it.
2026-07-17 07:38:04 ThievingPhase: Stall ready. Clicking.
2026-07-17 07:38:05 ThievingPhase: Loot detected in slot 1. Clicking it.
2026-07-17 07:38:07 ThievingPhase: Stall ready. Clicking.
2026-07-17 07:38:08 ThievingPhase: Loot detected in slot 1. Clicking it.
2026-07-17 07:38:10 ThievingPhase: Stall ready. Clicking.
2026-07-17 07:38:11 ThievingPhase: Loot detected in slot 1. Clicking it.
2026-07-17 07:38:13 ThievingPhase: Stall ready. Clicking.
2026-07-17 07:38:14 ThievingPhase: Loot detected in slot 1. Clicking it.
2026-07-17 07:38:16 ThievingPhase: Stall ready. Clicking.
2026-07-17 07:38:17 ThievingPhase: Loot detected in slot 1. Clicking it.
2026-07-17 07:38:19 ThievingPhase: Stall ready. Clicking.
2026-07-17 07:38:20 ThievingPhase: Loot detected in slot 1. Clicking it.
2026-07-17 07:38:22 ThievingPhase: Stall ready. Clicking.
2026-07-17 07:38:23 ThievingPhase: Loot detected in slot 1. Clicking it.
2026-07-17 07:38:25 ThievingPhase: Stall ready. Clicking.
2026-07-17 07:38:26 ThievingPhase: Loot detected in slot 1. Clicking it.
2026-07-17 07:38:28 ThievingPhase: Stall ready. Clicking.
2026-07-17 07:38:29 ThievingPhase: Loot detected in slot 1. Clicking it.
2026-07-17 07:38:31 ThievingPhase: Stall ready. Clicking.
2026-07-17 07:38:32 ThievingPhase: Loot detected in slot 1. Clicking it.
2026-07-17 07:38:34 ThievingPhase: Stall ready. Clicking.
2026-07-17 07:38:35 ThievingPhase: Loot detected in slot 1. Clicking it.
2026-07-17 07:38:37 ThievingPhase: Stall ready. Clicking.
2026-07-17 07:38:38 ThievingPhase: Loot detected in slot 1. Clicking it.
2026-07-17 07:38:40 ThievingPhase: Stall ready. Clicking.
2026-07-17 07:38:41 ThievingPhase: Loot detected in slot 1. Clicking it.
2026-07-17 07:38:43 ThievingPhase: Stall ready. Clicking.
2026-07-17 07:38:44 ThievingPhase: Loot detected in slot 1. Clicking it.
2026-07-17 07:38:46 ThievingPhase: Stall ready. Clicking.
2026-07-17 07:38:47 ThievingPhase: Loot detected in slot 1. Clicking it.
2026-07-17 07:38:49 ThievingPhase: Stall ready. Clicking.
2026-07-17 07:38:50 ThievingPhase: Loot detected in slot 1. Clicking it.
2026-07-17 07:38:52 ThievingPhase: Stall ready. Clicking.
2026-07-17 07:38:53 ThievingPhase: Loot detected in slot 1. Clicking it.
2026-07-17 07:38:55 ThievingPhase: Stall ready. Clicking.
2026-07-17 07:38:56 ThievingPhase: Loot detected in slot 1. Clicking it.
2026-07-17 07:38:58 ThievingPhase: Stall ready. Clicking.
2026-07-17 07:38:59 ThievingPhase: Loot detected in slot 1. Clicking it.
2026-07-17 07:39:01 ThievingPhase: Stall ready. Clicking.
2026-07-17 07:39:02 ThievingPhase: Loot detected in slot 1. Clicking it.
2026-07-17 07:39:04 ThievingPhase: Stall ready. Clicking.
2026-07-17 07:39:05 ThievingPhase: Loot detected in slot 1. Clicking it.
2026-07-17 07:39:07 ThievingPhase: Stall ready. Clicking.
2026-07-17 07:39:08 ThievingPhase: Loot detected in slot 1. Clicking it.
2026-07-17 07:39:10 ThievingPhase: Stall ready. Clicking.
2026-07-17 07:39:11 ThievingPhase: Loot detected in slot 1. Clicking it.
2026-07-17 07:39:13 ThievingPhase: Stall ready. Clicking.
2026-07-17 07:39:14 ThievingPhase: Loot detected in slot 1. Clicking it.
2026-07-17 07:39:16 ThievingPhase: Stall ready. Clicking.
2026-07-17 07:39:17 ThievingPhase: Loot detected in slot 1. Clicking it.
2026-07-17 07:39:19 ThievingPhase: Stall ready. Clicking.
2026-07-17 07:39:20 ThievingPhase: Loot detected in slot 1. Clicking it.
2026-07-17 07:39:22 ThievingPhase: Stall ready. Clicking.
2026-07-17 07:39:23 ThievingPhase: Loot detected in slot 1. Clicking it.
2026-07-17 07:39:25 ThievingPhase: Stall ready. Clicking.
2026-07-17 07:39:26 ThievingPhase: Loot detected in slot 1. Clicking it.
2026-07-17 07:39:28 ThievingPhase: Stall ready. Clicking.
2026-07-17 07:39:29 ThievingPhase: Loot detected in slot 1. Clicking it.
2026-07-17 07:39:31 ThievingPhase: Stall ready. Clicking.
2026-07-17 07:39:32 ThievingPhase: Loot detected in slot 1. Clicking it.
2026-07-17 07:39:34 ThievingPhase: Stall ready. Clicking.
2026-07-17 07:39:35 ThievingPhase: Loot detected in slot 1. Clicking it.
2026-07-17 07:39:37 ThievingPhase: Stall ready. Clicking.
2026-07-17 07:39:38 ThievingPhase: Loot detected in slot 1. Clicking it.
2026-07-17 07:39:40 ThievingPhase: Stall ready. Clicking.
2026-07-17 07:39:41 ThievingPhase: Loot detected in slot 1. Clicking it.
2026-07-17 07:39:43 ThievingPhase: Stall ready. Clicking.
2026-07-17 07:39:44 ThievingPhase: Loot detected in slot 1. Clicking it.
2026-07-17 07:39:46 ThievingPhase: Stall ready. Clicking.
2026-07-17 07:39:47 ThievingPhase: Loot detected in slot 1. Clicking it.
2026-07-17 07:39:49 ThievingPhase: Stall ready. Clicking.
2026-07-17 07:39:50 ThievingPhase: Loot detected in slot 1. Clicking it.
2026-07-17 07:39:52 ThievingPhase: Stall ready. Clicking.
2026-07-17 07:39:53 ThievingPhase: Loot detected in slot 1. Clicking it.
2026-07-17 07:39:55 ThievingPhase: Stall ready. Clicking.
2026-07-17 07:39:56 ThievingPhase: Loot detected in slot 1. Clicking it.
2026-07-17 07:39:58 ThievingPhase: Stall ready. Clicking.
2026-07-17 07:39:59 ThievingPhase: Loot detected in slot 1. Clicking it.
2026-07-17 07:40:01 ThievingPhase: Stall ready. Clicking.
2026-07-17 07:40:02 ThievingPhase: Loot detected in slot 1. Clicking it.
2026-07-17 07:40:04 ThievingPhase: Stall ready. Clicking.
2026-07-17 07:40:05 ThievingPhase: Loot detected in slot 1. Clicking it.
2026-07-17 07:40:07 ThievingPhase: Stall ready. Clicking.
2026-07-17 07:40:08 ThievingPhase: Loot detected in slot 1. Clicking it.
2026-07-17 07:40:10 ThievingPhase: Stall ready. Clicking.
2026-07-17 07:40:11 ThievingPhase: Loot detected in slot 1. Clicking it.
2026-07-17 07:40:13 ThievingPhase: Stall ready. Clicking.
2026-07-17 07:40:14 ThievingPhase: Loot detected in slot 1. Clicking it.
2026-07-17 07:40:16 ThievingPhase: Stall ready. Clicking.
2026-07-17 07:40:17 ThievingPhase: Loot detected in slot 1. Clicking it.
2026-07-17 07:40:19 ThievingPhase: Stall ready. Clicking.
2026-07-17 07:40:20 ThievingPhase: Loot detected in slot 1. Clicking it.
2026-07-17 07:40:22 ThievingPhase: Stall ready. Clicking.
2026-07-17 07:40:23 ThievingPhase: Loot detected in slot 1. Clicking it.
2026-07-17 07:40:25 ThievingPhase: Stall ready. Clicking.
2026-07-17 07:40:26 ThievingPhase: Loot detected in slot 1. Clicking it.
2026-07-17 07:40:28 ThievingPhase: Stall ready. Clicking.
2026-07-17 07:40:29 ThievingPhase: Loot detected in slot 1. Clicking it.
2026-07-17 07:40:31 ThievingPhase: Stall ready. Clicking.
2026-07-17 07:40:32 ThievingPhase: Loot detected in slot 1. Clicking it.
2026-07-17 07:40:34 ThievingPhase: Stall ready. Clicking.
2026-07-17 07:40:35 ThievingPhase: Loot detected in slot 1. Clicking it.
2026-07-17 07:40:37 ThievingPhase: Stall ready. Clicking.
2026-07-17 07:40:38 ThievingPhase: Loot detected in slot 1. Clicking it.
2026-07-17 07:40:40 ThievingPhase: Stall ready. Clicking.
2026-07-17 07:40:41 ThievingPhase: Loot detected in slot 1. Clicking it.
2026-07-17 07:40:43 ThievingPhase: Stall ready. Clicking.
2026-07-17 07:40:44 ThievingPhase: Loot detected in slot 1. Clicking it.
2026-07-17 07:40:46 ThievingPhase: Stall ready. Clicking.
2026-07-17 07:40:47 ThievingPhase: Loot detected in slot 1. Clicking it.
2026-07-17 07:40:49 ThievingPhase: Stall ready. Clicking.
2026-07-17 07:40:50 ThievingPhase: Loot detected in slot 1. Clicking it.
2026-07-17 07:40:52 ThievingPhase: Stall ready. Clicking.
2026-07-17 07:40:53 ThievingPhase: Loot detected in slot 1. Clicking it.
2026-07-17 07:40:55 ThievingPhase: Stall ready. Clicking.
2026-07-17 07:40:56 ThievingPhase: Loot detected in slot 1. Clicking it.
2026-07-17 07:40:58 ThievingPhase: Stall ready. Clicking.
2026-07-17 07:40:59 ThievingPhase: Loot detected in slot 1. Clicking it.
2026-07-17 07:41:01 ThievingPhase: Stall ready. Clicking.
2026-07-17 07:41:02 ThievingPhase: Loot detected in slot 1. Clicking it.
2026-07-17 07:41:04 ThievingPhase: Stall ready. Clicking.
2026-07-17 07:41:05 ThievingPhase: Loot detected in slot 1. Clicking it.
2026-07-17 07:41:07 ThievingPhase: Stall ready. Clicking.
2026-07-17 07:41:08 ThievingPhase: Loot detected in slot 1. Clicking it.
2026-07-17 07:41:10 ThievingPhase: Stall ready. Clicking.
2026-07-17 07:41:11 ThievingPhase: Loot detected in slot 1. Clicking it.
2026-07-17 07:41:13 ThievingPhase: Stall ready. Clicking.
2026-07-17 07:41:16 ThievingPhase: No loot after 2000ms - assuming detected, waiting for combat.
2026-07-17 07:41:20 WaitCombatPhase: No combat signal after 4000ms - retrying
2026-07-17 07:41:20 ThievingPhase: Stall ready. Clicking.
2026-07-17 07:41:21 ThievingPhase: Loot detected in slot 1. Clicking it.
2026-07-17 07:41:23 ThievingPhase: Stall ready. Clicking.
2026-07-17 07:41:24 ThievingPhase: Loot detected in slot 1. Clicking it.
2026-07-17 07:41:26 ThievingPhase: Stall ready. Clicking.
2026-07-17 07:41:27 ThievingPhase: Loot detected in slot 1. Clicking it.
2026-07-17 07:41:29 ThievingPhase: Stall ready. Clicking.
2026-07-17 07:41:30 ThievingPhase: Loot detected in slot 1. Clicking it.
2026-07-17 07:41:32 ThievingPhase: Stall ready. Clicking.
2026-07-17 07:41:33 ThievingPhase: Loot detected in slot 1. Clicking it.
2026-07-17 07:41:35 ThievingPhase: Stall ready. Clicking.
2026-07-17 07:41:36 ThievingPhase: Loot detected in slot 1. Clicking it.
2026-07-17 07:41:38 ThievingPhase: Stall ready. Clicking.
2026-07-17 07:41:39 ThievingPhase: Loot detected in slot 1. Clicking it.
2026-07-17 07:41:41 ThievingPhase: Stall ready. Clicking.
2026-07-17 07:41:42 ThievingPhase: Loot detected in slot 1. Clicking it.
2026-07-17 07:41:44 ThievingPhase: Stall ready. Clicking.
2026-07-17 07:41:45 ThievingPhase: Loot detected in slot 1. Clicking it.
2026-07-17 07:41:47 ThievingPhase: Stall ready. Clicking.
2026-07-17 07:41:48 ThievingPhase: Loot detected in slot 1. Clicking it.
2026-07-17 07:41:50 ThievingPhase: Stall ready. Clicking.
2026-07-17 07:41:51 ThievingPhase: Loot detected in slot 1. Clicking it.
2026-07-17 07:41:53 ThievingPhase: Stall ready. Clicking.
2026-07-17 07:41:54 ThievingPhase: Loot detected in slot 1. Clicking it.
2026-07-17 07:41:56 ThievingPhase: Stall ready. Clicking.
2026-07-17 07:41:57 ThievingPhase: Loot detected in slot 1. Clicking it.
2026-07-17 07:41:59 ThievingPhase: Stall ready. Clicking.
2026-07-17 07:42:00 ThievingPhase: Loot detected in slot 1. Clicking it.
2026-07-17 07:42:02 ThievingPhase: Stall ready. Clicking.
2026-07-17 07:42:03 ThievingPhase: Loot detected in slot 1. Clicking it.
2026-07-17 07:42:05 ThievingPhase: Stall ready. Clicking.
2026-07-17 07:42:06 ThievingPhase: Loot detected in slot 1. Clicking it.
2026-07-17 07:42:08 ThievingPhase: Stall ready. Clicking.
2026-07-17 07:42:09 ThievingPhase: Loot detected in slot 1. Clicking it.
2026-07-17 07:42:11 ThievingPhase: Stall ready. Clicking.
2026-07-17 07:42:12 ThievingPhase: Loot detected in slot 1. Clicking it.
2026-07-17 07:42:14 ThievingPhase: Stall ready. Clicking.
2026-07-17 07:42:15 ThievingPhase: Loot detected in slot 1. Clicking it.
2026-07-17 07:42:17 ThievingPhase: Stall ready. Clicking.
2026-07-17 07:42:18 ThievingPhase: Loot detected in slot 1. Clicking it.
2026-07-17 07:42:20 ThievingPhase: Stall ready. Clicking.
2026-07-17 07:42:21 ThievingPhase: Loot detected in slot 1. Clicking it.
2026-07-17 07:42:23 ThievingPhase: Stall ready. Clicking.
2026-07-17 07:42:24 ThievingPhase: Loot detected in slot 1. Clicking it.
2026-07-17 07:42:26 ThievingPhase: Stall ready. Clicking.
2026-07-17 07:42:27 ThievingPhase: Loot detected in slot 1. Clicking it.
2026-07-17 07:42:29 ThievingPhase: Stall ready. Clicking.
2026-07-17 07:42:30 ThievingPhase: Loot detected in slot 1. Clicking it.
2026-07-17 07:42:32 ThievingPhase: Stall ready. Clicking.
2026-07-17 07:42:34 ThievingPhase: No loot after 2000ms - assuming detected, waiting for combat.
2026-07-17 07:42:38 WaitCombatPhase: No combat signal after 4000ms - retrying
2026-07-17 07:42:38 ThievingPhase: Stall ready. Clicking.
2026-07-17 07:42:40 ThievingPhase: Loot detected in slot 1. Clicking it.
2026-07-17 07:42:41 ThievingPhase: Stall ready. Clicking.
2026-07-17 07:42:42 ThievingPhase: Loot detected in slot 1. Clicking it.
2026-07-17 07:42:44 ThievingPhase: Stall ready. Clicking.
2026-07-17 07:42:45 ThievingPhase: Loot detected in slot 1. Clicking it.
2026-07-17 07:42:47 ThievingPhase: Stall ready. Clicking.
2026-07-17 07:42:48 ThievingPhase: Loot detected in slot 1. Clicking it.
2026-07-17 07:42:50 ThievingPhase: Stall ready. Clicking.
2026-07-17 07:42:52 ThievingPhase: Loot detected in slot 1. Clicking it.
2026-07-17 07:42:53 ThievingPhase: Stall ready. Clicking.
2026-07-17 07:42:55 ThievingPhase: Loot detected in slot 1. Clicking it.
2026-07-17 07:42:56 ThievingPhase: Stall ready. Clicking.
2026-07-17 07:42:58 ThievingPhase: Loot detected in slot 1. Clicking it.
2026-07-17 07:42:59 ThievingPhase: Stall ready. Clicking.
2026-07-17 07:43:01 ThievingPhase: Loot detected in slot 1. Clicking it.
2026-07-17 07:43:02 ThievingPhase: Stall ready. Clicking.
2026-07-17 07:43:03 Engine: stopped - Stopped (F6)
2026-07-17 07:43:04 Engine: stopped - Stopped (F6)
2026-07-17 07:43:04 ThievingPhase: Loot detected in slot 1. Clicking it.
2026-07-17 07:43:04 Engine: stopped - Stopped (F6)
2026-07-17 07:43:49 Engine: started at phase 'thieving'
2026-07-17 07:43:49 ThievingPhase: Stall ready. Clicking.
2026-07-17 07:43:50 ThievingPhase: Loot detected in slot 1. Clicking it.
2026-07-17 07:43:52 ThievingPhase: Stall ready. Clicking.
2026-07-17 07:43:53 ThievingPhase: Loot detected in slot 1. Clicking it.
2026-07-17 07:43:55 ThievingPhase: Stall ready. Clicking.
2026-07-17 07:43:56 ThievingPhase: Loot detected in slot 1. Clicking it.
2026-07-17 07:43:58 ThievingPhase: Stall ready. Clicking.
2026-07-17 07:43:59 ThievingPhase: Loot detected in slot 1. Clicking it.
2026-07-17 07:44:01 ThievingPhase: Stall ready. Clicking.
2026-07-17 07:44:02 ThievingPhase: Loot detected in slot 1. Clicking it.
2026-07-17 07:44:04 ThievingPhase: Stall ready. Clicking.
2026-07-17 07:44:05 ThievingPhase: Loot detected in slot 1. Clicking it.
2026-07-17 07:44:07 ThievingPhase: Stall ready. Clicking.
2026-07-17 07:44:08 ThievingPhase: Loot detected in slot 1. Clicking it.
2026-07-17 07:44:10 ThievingPhase: Stall ready. Clicking.
2026-07-17 07:44:11 ThievingPhase: Loot detected in slot 1. Clicking it.
2026-07-17 07:44:13 ThievingPhase: Stall ready. Clicking.
2026-07-17 07:44:14 ThievingPhase: Loot detected in slot 1. Clicking it.
2026-07-17 07:44:16 ThievingPhase: Stall ready. Clicking.
2026-07-17 07:44:17 ThievingPhase: Loot detected in slot 1. Clicking it.
2026-07-17 07:44:19 ThievingPhase: Stall ready. Clicking.
2026-07-17 07:44:20 ThievingPhase: Loot detected in slot 1. Clicking it.
2026-07-17 07:44:22 ThievingPhase: Stall ready. Clicking.
2026-07-17 07:44:23 ThievingPhase: Loot detected in slot 1. Clicking it.
2026-07-17 07:44:25 ThievingPhase: Stall ready. Clicking.
2026-07-17 07:44:26 ThievingPhase: Loot detected in slot 1. Clicking it.
2026-07-17 07:44:28 ThievingPhase: Stall ready. Clicking.
2026-07-17 07:44:29 ThievingPhase: Loot detected in slot 1. Clicking it.
2026-07-17 07:44:31 ThievingPhase: Stall ready. Clicking.
2026-07-17 07:44:32 ThievingPhase: Loot detected in slot 1. Clicking it.
2026-07-17 07:44:34 ThievingPhase: Stall ready. Clicking.
2026-07-17 07:44:35 ThievingPhase: Loot detected in slot 1. Clicking it.
2026-07-17 07:44:37 ThievingPhase: Stall ready. Clicking.
2026-07-17 07:44:38 ThievingPhase: Loot detected in slot 1. Clicking it.
2026-07-17 07:44:40 ThievingPhase: Stall ready. Clicking.
2026-07-17 07:44:41 ThievingPhase: Loot detected in slot 1. Clicking it.
2026-07-17 07:44:43 ThievingPhase: Stall ready. Clicking.
2026-07-17 07:44:44 ThievingPhase: Loot detected in slot 1. Clicking it.
2026-07-17 07:44:46 ThievingPhase: Stall ready. Clicking.
2026-07-17 07:44:47 ThievingPhase: Loot detected in slot 1. Clicking it.
2026-07-17 07:44:49 ThievingPhase: Stall ready. Clicking.
2026-07-17 07:44:50 ThievingPhase: Loot detected in slot 1. Clicking it.
2026-07-17 07:44:52 ThievingPhase: Stall ready. Clicking.
2026-07-17 07:44:53 ThievingPhase: Loot detected in slot 1. Clicking it.
2026-07-17 07:44:55 ThievingPhase: Stall ready. Clicking.
2026-07-17 07:44:56 ThievingPhase: Loot detected in slot 1. Clicking it.
2026-07-17 07:44:58 ThievingPhase: Stall ready. Clicking.
2026-07-17 07:44:59 ThievingPhase: Loot detected in slot 1. Clicking it.
2026-07-17 07:45:01 ThievingPhase: Stall ready. Clicking.
2026-07-17 07:45:02 ThievingPhase: Loot detected in slot 1. Clicking it.
2026-07-17 07:45:04 ThievingPhase: Stall ready. Clicking.
2026-07-17 07:45:05 ThievingPhase: Loot detected in slot 1. Clicking it.
2026-07-17 07:45:07 ThievingPhase: Stall ready. Clicking.
2026-07-17 07:45:08 ThievingPhase: Loot detected in slot 1. Clicking it.
2026-07-17 07:45:10 ThievingPhase: Stall ready. Clicking.
2026-07-17 07:45:11 ThievingPhase: Loot detected in slot 1. Clicking it.
2026-07-17 07:45:13 ThievingPhase: Stall ready. Clicking.
2026-07-17 07:45:14 ThievingPhase: Loot detected in slot 1. Clicking it.
2026-07-17 07:45:16 ThievingPhase: Stall ready. Clicking.
2026-07-17 07:45:17 ThievingPhase: Loot detected in slot 1. Clicking it.
2026-07-17 07:45:19 ThievingPhase: Stall ready. Clicking.
2026-07-17 07:45:20 ThievingPhase: Loot detected in slot 1. Clicking it.
2026-07-17 07:45:22 ThievingPhase: Stall ready. Clicking.
2026-07-17 07:45:23 ThievingPhase: Loot detected in slot 1. Clicking it.
2026-07-17 07:45:25 ThievingPhase: Stall ready. Clicking.
2026-07-17 07:45:26 ThievingPhase: Loot detected in slot 1. Clicking it.
2026-07-17 07:45:28 ThievingPhase: Stall ready. Clicking.
2026-07-17 07:45:29 ThievingPhase: Loot detected in slot 1. Clicking it.
2026-07-17 07:45:31 ThievingPhase: Stall ready. Clicking.
2026-07-17 07:45:32 ThievingPhase: Loot detected in slot 1. Clicking it.
2026-07-17 07:45:34 ThievingPhase: Stall ready. Clicking.
2026-07-17 07:45:35 ThievingPhase: Loot detected in slot 1. Clicking it.
2026-07-17 07:45:37 ThievingPhase: Stall ready. Clicking.
2026-07-17 07:45:38 ThievingPhase: Loot detected in slot 1. Clicking it.
2026-07-17 07:45:40 ThievingPhase: Stall ready. Clicking.
2026-07-17 07:45:41 ThievingPhase: Loot detected in slot 1. Clicking it.
2026-07-17 07:45:43 ThievingPhase: Stall ready. Clicking.
2026-07-17 07:45:44 ThievingPhase: Loot detected in slot 1. Clicking it.
2026-07-17 07:45:46 ThievingPhase: Stall ready. Clicking.
2026-07-17 07:45:47 ThievingPhase: Loot detected in slot 1. Clicking it.
2026-07-17 07:45:49 ThievingPhase: Stall ready. Clicking.
2026-07-17 07:45:50 ThievingPhase: Loot detected in slot 1. Clicking it.
2026-07-17 07:45:52 ThievingPhase: Stall ready. Clicking.
2026-07-17 07:45:53 ThievingPhase: Loot detected in slot 1. Clicking it.
2026-07-17 07:45:55 ThievingPhase: Stall ready. Clicking.
2026-07-17 07:45:56 ThievingPhase: Loot detected in slot 1. Clicking it.
2026-07-17 07:45:58 ThievingPhase: Stall ready. Clicking.
2026-07-17 07:45:59 ThievingPhase: Loot detected in slot 1. Clicking it.
2026-07-17 07:46:01 ThievingPhase: Stall ready. Clicking.
2026-07-17 07:46:02 ThievingPhase: Loot detected in slot 1. Clicking it.
2026-07-17 07:46:04 ThievingPhase: Stall ready. Clicking.
2026-07-17 07:46:05 ThievingPhase: Loot detected in slot 1. Clicking it.
2026-07-17 07:46:07 ThievingPhase: Stall ready. Clicking.
2026-07-17 07:46:08 ThievingPhase: Loot detected in slot 1. Clicking it.
2026-07-17 07:46:10 ThievingPhase: Stall ready. Clicking.
2026-07-17 07:46:11 ThievingPhase: Loot detected in slot 1. Clicking it.
2026-07-17 07:46:13 ThievingPhase: Stall ready. Clicking.
2026-07-17 07:46:14 ThievingPhase: Loot detected in slot 1. Clicking it.
2026-07-17 07:46:16 ThievingPhase: Stall ready. Clicking.
2026-07-17 07:46:17 ThievingPhase: Loot detected in slot 1. Clicking it.
2026-07-17 07:46:19 ThievingPhase: Stall ready. Clicking.
2026-07-17 07:46:22 ThievingPhase: No loot after 2000ms - assuming detected, waiting for combat.
2026-07-17 07:46:26 WaitCombatPhase: No combat signal after 4000ms - retrying
2026-07-17 07:46:26 ThievingPhase: Stall ready. Clicking.
2026-07-17 07:46:27 ThievingPhase: Loot detected in slot 1. Clicking it.
2026-07-17 07:46:29 ThievingPhase: Stall ready. Clicking.
2026-07-17 07:46:30 ThievingPhase: Loot detected in slot 1. Clicking it.
2026-07-17 07:46:32 ThievingPhase: Stall ready. Clicking.
2026-07-17 07:46:33 ThievingPhase: Loot detected in slot 1. Clicking it.
2026-07-17 07:46:35 ThievingPhase: Stall ready. Clicking.
2026-07-17 07:46:36 ThievingPhase: Loot detected in slot 1. Clicking it.
2026-07-17 07:46:38 ThievingPhase: Stall ready. Clicking.
2026-07-17 07:46:39 ThievingPhase: Loot detected in slot 1. Clicking it.
2026-07-17 07:46:41 ThievingPhase: Stall ready. Clicking.
2026-07-17 07:46:42 ThievingPhase: Loot detected in slot 1. Clicking it.
2026-07-17 07:46:44 ThievingPhase: Stall ready. Clicking.
2026-07-17 07:46:45 ThievingPhase: Loot detected in slot 1. Clicking it.
2026-07-17 07:46:47 ThievingPhase: Stall ready. Clicking.
2026-07-17 07:46:48 ThievingPhase: Loot detected in slot 1. Clicking it.
2026-07-17 07:46:50 ThievingPhase: Stall ready. Clicking.
2026-07-17 07:46:51 ThievingPhase: Loot detected in slot 1. Clicking it.
2026-07-17 07:46:53 ThievingPhase: Stall ready. Clicking.
2026-07-17 07:46:54 ThievingPhase: Loot detected in slot 1. Clicking it.
2026-07-17 07:46:56 ThievingPhase: Stall ready. Clicking.
2026-07-17 07:46:57 ThievingPhase: Loot detected in slot 1. Clicking it.
2026-07-17 07:46:59 ThievingPhase: Stall ready. Clicking.
2026-07-17 07:47:00 ThievingPhase: Loot detected in slot 1. Clicking it.
2026-07-17 07:47:02 ThievingPhase: Stall ready. Clicking.
2026-07-17 07:47:03 ThievingPhase: Loot detected in slot 1. Clicking it.
2026-07-17 07:47:05 ThievingPhase: Stall ready. Clicking.
2026-07-17 07:47:06 ThievingPhase: Loot detected in slot 1. Clicking it.
2026-07-17 07:47:08 ThievingPhase: Stall ready. Clicking.
2026-07-17 07:47:09 ThievingPhase: Loot detected in slot 1. Clicking it.
2026-07-17 07:47:11 ThievingPhase: Stall ready. Clicking.
2026-07-17 07:47:12 ThievingPhase: Loot detected in slot 1. Clicking it.
2026-07-17 07:47:14 ThievingPhase: Stall ready. Clicking.
2026-07-17 07:47:15 ThievingPhase: Loot detected in slot 1. Clicking it.
2026-07-17 07:47:17 ThievingPhase: Stall ready. Clicking.
2026-07-17 07:47:18 ThievingPhase: Loot detected in slot 1. Clicking it.
2026-07-17 07:47:20 ThievingPhase: Stall ready. Clicking.
2026-07-17 07:47:21 ThievingPhase: Loot detected in slot 1. Clicking it.
2026-07-17 07:47:23 ThievingPhase: Stall ready. Clicking.
2026-07-17 07:47:24 ThievingPhase: Loot detected in slot 1. Clicking it.
2026-07-17 07:47:26 ThievingPhase: Stall ready. Clicking.
2026-07-17 07:47:27 ThievingPhase: Loot detected in slot 1. Clicking it.
2026-07-17 07:47:29 ThievingPhase: Stall ready. Clicking.
2026-07-17 07:47:30 ThievingPhase: Loot detected in slot 1. Clicking it.
2026-07-17 07:47:32 ThievingPhase: Stall ready. Clicking.
2026-07-17 07:47:33 ThievingPhase: Loot detected in slot 1. Clicking it.
2026-07-17 07:47:35 ThievingPhase: Stall ready. Clicking.
2026-07-17 07:47:36 ThievingPhase: Loot detected in slot 1. Clicking it.
2026-07-17 07:47:38 ThievingPhase: Stall ready. Clicking.
2026-07-17 07:47:39 ThievingPhase: Loot detected in slot 1. Clicking it.
2026-07-17 07:47:41 ThievingPhase: Stall ready. Clicking.
2026-07-17 07:47:42 ThievingPhase: Loot detected in slot 1. Clicking it.
2026-07-17 07:47:44 ThievingPhase: Stall ready. Clicking.
2026-07-17 07:47:45 ThievingPhase: Loot detected in slot 1. Clicking it.
2026-07-17 07:47:47 ThievingPhase: Stall ready. Clicking.
2026-07-17 07:47:48 ThievingPhase: Loot detected in slot 1. Clicking it.
2026-07-17 07:47:50 ThievingPhase: Stall ready. Clicking.
2026-07-17 07:47:51 ThievingPhase: Loot detected in slot 1. Clicking it.
2026-07-17 07:47:53 ThievingPhase: Stall ready. Clicking.
2026-07-17 07:47:54 ThievingPhase: Loot detected in slot 1. Clicking it.
2026-07-17 07:47:56 ThievingPhase: Stall ready. Clicking.
2026-07-17 07:47:57 ThievingPhase: Loot detected in slot 1. Clicking it.
2026-07-17 07:47:59 ThievingPhase: Stall ready. Clicking.
2026-07-17 07:48:00 ThievingPhase: Loot detected in slot 1. Clicking it.
2026-07-17 07:48:02 ThievingPhase: Stall ready. Clicking.
2026-07-17 07:48:03 ThievingPhase: Loot detected in slot 1. Clicking it.
2026-07-17 07:48:05 ThievingPhase: Stall ready. Clicking.
2026-07-17 07:48:06 ThievingPhase: Loot detected in slot 1. Clicking it.
2026-07-17 07:48:08 ThievingPhase: Stall ready. Clicking.
2026-07-17 07:48:09 ThievingPhase: Loot detected in slot 1. Clicking it.
2026-07-17 07:48:11 ThievingPhase: Stall ready. Clicking.
2026-07-17 07:48:12 ThievingPhase: Loot detected in slot 1. Clicking it.
2026-07-17 07:48:14 ThievingPhase: Stall ready. Clicking.
2026-07-17 07:48:15 ThievingPhase: Loot detected in slot 1. Clicking it.
2026-07-17 07:48:17 ThievingPhase: Stall ready. Clicking.
2026-07-17 07:48:18 ThievingPhase: Loot detected in slot 1. Clicking it.
2026-07-17 07:48:20 ThievingPhase: Stall ready. Clicking.
2026-07-17 07:48:21 ThievingPhase: Loot detected in slot 1. Clicking it.
2026-07-17 07:48:23 ThievingPhase: Stall ready. Clicking.
2026-07-17 07:48:24 ThievingPhase: Loot detected in slot 1. Clicking it.
2026-07-17 07:48:26 ThievingPhase: Stall ready. Clicking.
2026-07-17 07:48:27 ThievingPhase: Loot detected in slot 1. Clicking it.
2026-07-17 07:48:29 ThievingPhase: Stall ready. Clicking.
2026-07-17 07:48:31 ThievingPhase: No loot after 2000ms - assuming detected, waiting for combat.
2026-07-17 07:48:35 WaitCombatPhase: No combat signal after 4000ms - retrying
2026-07-17 07:48:35 ThievingPhase: Stall ready. Clicking.
2026-07-17 07:48:37 ThievingPhase: Loot detected in slot 1. Clicking it.
2026-07-17 07:48:38 ThievingPhase: Stall ready. Clicking.
2026-07-17 07:48:40 ThievingPhase: Loot detected in slot 1. Clicking it.
2026-07-17 07:48:41 ThievingPhase: Stall ready. Clicking.
2026-07-17 07:48:43 ThievingPhase: Loot detected in slot 1. Clicking it.
2026-07-17 07:48:44 ThievingPhase: Stall ready. Clicking.
2026-07-17 07:48:45 ThievingPhase: Loot detected in slot 1. Clicking it.
2026-07-17 07:48:47 ThievingPhase: Stall ready. Clicking.
2026-07-17 07:48:49 ThievingPhase: Loot detected in slot 1. Clicking it.
2026-07-17 07:48:50 ThievingPhase: Stall ready. Clicking.
2026-07-17 07:48:52 ThievingPhase: Loot detected in slot 1. Clicking it.
2026-07-17 07:48:53 ThievingPhase: Stall ready. Clicking.
2026-07-17 07:48:55 ThievingPhase: Loot detected in slot 1. Clicking it.
2026-07-17 07:48:56 ThievingPhase: Stall ready. Clicking.
2026-07-17 07:48:58 ThievingPhase: Loot detected in slot 1. Clicking it.
2026-07-17 07:48:59 ThievingPhase: Stall ready. Clicking.
2026-07-17 07:49:01 ThievingPhase: Loot detected in slot 1. Clicking it.
2026-07-17 07:49:02 ThievingPhase: Stall ready. Clicking.
2026-07-17 07:49:04 ThievingPhase: Loot detected in slot 1. Clicking it.
2026-07-17 07:49:05 ThievingPhase: Stall ready. Clicking.
2026-07-17 07:49:07 ThievingPhase: Loot detected in slot 1. Clicking it.
2026-07-17 07:49:08 ThievingPhase: Stall ready. Clicking.
2026-07-17 07:49:10 ThievingPhase: Loot detected in slot 1. Clicking it.
2026-07-17 07:49:11 ThievingPhase: Stall ready. Clicking.
2026-07-17 07:49:13 ThievingPhase: Loot detected in slot 1. Clicking it.
2026-07-17 07:49:14 ThievingPhase: Stall ready. Clicking.
2026-07-17 07:49:16 ThievingPhase: Loot detected in slot 1. Clicking it.
2026-07-17 07:49:17 ThievingPhase: Stall ready. Clicking.
2026-07-17 07:49:18 ThievingPhase: Loot detected in slot 1. Clicking it.
2026-07-17 07:49:20 ThievingPhase: Stall ready. Clicking.
2026-07-17 07:49:22 ThievingPhase: Loot detected in slot 1. Clicking it.
2026-07-17 07:49:23 ThievingPhase: Stall ready. Clicking.
2026-07-17 07:49:25 ThievingPhase: Loot detected in slot 1. Clicking it.
2026-07-17 07:49:26 ThievingPhase: Stall ready. Clicking.
2026-07-17 07:49:28 ThievingPhase: Loot detected in slot 1. Clicking it.
2026-07-17 07:49:29 ThievingPhase: Stall ready. Clicking.
2026-07-17 07:49:31 ThievingPhase: Loot detected in slot 1. Clicking it.
2026-07-17 07:49:33 ThievingPhase: Stall ready. Clicking.
2026-07-17 07:49:34 ThievingPhase: Loot detected in slot 1. Clicking it.
2026-07-17 07:49:35 ThievingPhase: Stall ready. Clicking.
2026-07-17 07:49:37 ThievingPhase: Loot detected in slot 1. Clicking it.
2026-07-17 07:49:38 ThievingPhase: Stall ready. Clicking.
2026-07-17 07:49:40 ThievingPhase: Loot detected in slot 1. Clicking it.
2026-07-17 07:49:41 ThievingPhase: Stall ready. Clicking.
2026-07-17 07:49:43 ThievingPhase: Loot detected in slot 1. Clicking it.
2026-07-17 07:49:45 ThievingPhase: Stall ready. Clicking.
2026-07-17 07:49:46 ThievingPhase: Loot detected in slot 1. Clicking it.
2026-07-17 07:49:47 ThievingPhase: Stall ready. Clicking.
2026-07-17 07:49:49 ThievingPhase: Loot detected in slot 1. Clicking it.
2026-07-17 07:49:50 ThievingPhase: Stall ready. Clicking.
2026-07-17 07:49:52 ThievingPhase: Loot detected in slot 1. Clicking it.
2026-07-17 07:49:53 ThievingPhase: Stall ready. Clicking.
2026-07-17 07:49:55 ThievingPhase: Loot detected in slot 1. Clicking it.
2026-07-17 07:49:56 ThievingPhase: Stall ready. Clicking.
2026-07-17 07:49:58 ThievingPhase: Loot detected in slot 1. Clicking it.
2026-07-17 07:49:59 ThievingPhase: Stall ready. Clicking.
2026-07-17 07:50:01 ThievingPhase: Loot detected in slot 1. Clicking it.
2026-07-17 07:50:02 ThievingPhase: Stall ready. Clicking.
2026-07-17 07:50:04 ThievingPhase: Loot detected in slot 1. Clicking it.
2026-07-17 07:50:05 ThievingPhase: Stall ready. Clicking.
2026-07-17 07:50:07 ThievingPhase: Loot detected in slot 1. Clicking it.
2026-07-17 07:50:08 ThievingPhase: Stall ready. Clicking.
2026-07-17 07:50:10 ThievingPhase: Loot detected in slot 1. Clicking it.
2026-07-17 07:50:12 ThievingPhase: Stall ready. Clicking.
2026-07-17 07:50:13 ThievingPhase: Loot detected in slot 1. Clicking it.
2026-07-17 07:50:14 ThievingPhase: Stall ready. Clicking.
2026-07-17 07:50:16 ThievingPhase: Loot detected in slot 1. Clicking it.
2026-07-17 07:50:18 ThievingPhase: Stall ready. Clicking.
2026-07-17 07:50:19 ThievingPhase: Loot detected in slot 1. Clicking it.
2026-07-17 07:50:20 ThievingPhase: Stall ready. Clicking.
2026-07-17 07:50:22 ThievingPhase: Loot detected in slot 1. Clicking it.
2026-07-17 07:50:24 ThievingPhase: Stall ready. Clicking.
2026-07-17 07:50:25 ThievingPhase: Loot detected in slot 1. Clicking it.
2026-07-17 07:50:26 ThievingPhase: Stall ready. Clicking.
2026-07-17 07:50:28 ThievingPhase: Loot detected in slot 1. Clicking it.
2026-07-17 07:50:29 ThievingPhase: Stall ready. Clicking.
2026-07-17 07:50:31 ThievingPhase: Loot detected in slot 1. Clicking it.
2026-07-17 07:50:32 ThievingPhase: Stall ready. Clicking.
2026-07-17 07:50:34 ThievingPhase: Loot detected in slot 1. Clicking it.
2026-07-17 07:50:35 ThievingPhase: Stall ready. Clicking.
2026-07-17 07:50:37 ThievingPhase: Loot detected in slot 1. Clicking it.
2026-07-17 07:50:38 ThievingPhase: Stall ready. Clicking.
2026-07-17 07:50:40 ThievingPhase: Loot detected in slot 1. Clicking it.
2026-07-17 07:50:41 ThievingPhase: Stall ready. Clicking.
2026-07-17 07:50:43 ThievingPhase: Loot detected in slot 1. Clicking it.
2026-07-17 07:50:45 ThievingPhase: Stall ready. Clicking.
2026-07-17 07:50:46 ThievingPhase: Loot detected in slot 1. Clicking it.
2026-07-17 07:50:47 ThievingPhase: Stall ready. Clicking.
2026-07-17 07:50:49 ThievingPhase: Loot detected in slot 1. Clicking it.
2026-07-17 07:50:50 ThievingPhase: Stall ready. Clicking.
2026-07-17 07:50:52 ThievingPhase: Loot detected in slot 1. Clicking it.
2026-07-17 07:50:53 ThievingPhase: Stall ready. Clicking.
2026-07-17 07:50:55 ThievingPhase: Loot detected in slot 1. Clicking it.
2026-07-17 07:50:56 ThievingPhase: Stall ready. Clicking.
2026-07-17 07:50:58 ThievingPhase: Loot detected in slot 1. Clicking it.
2026-07-17 07:50:59 ThievingPhase: Stall ready. Clicking.
2026-07-17 07:51:01 ThievingPhase: Loot detected in slot 1. Clicking it.
2026-07-17 07:51:02 ThievingPhase: Stall ready. Clicking.
2026-07-17 07:51:04 ThievingPhase: Loot detected in slot 1. Clicking it.
2026-07-17 07:51:05 ThievingPhase: Stall ready. Clicking.
2026-07-17 07:51:07 ThievingPhase: Loot detected in slot 1. Clicking it.
2026-07-17 07:51:09 ThievingPhase: Stall ready. Clicking.
2026-07-17 07:51:10 ThievingPhase: Loot detected in slot 1. Clicking it.
2026-07-17 07:51:12 ThievingPhase: Stall ready. Clicking.
2026-07-17 07:51:13 ThievingPhase: Loot detected in slot 1. Clicking it.
2026-07-17 07:51:14 ThievingPhase: Stall ready. Clicking.
2026-07-17 07:51:16 ThievingPhase: Loot detected in slot 1. Clicking it.
2026-07-17 07:51:17 ThievingPhase: Stall ready. Clicking.
2026-07-17 07:51:19 ThievingPhase: Loot detected in slot 1. Clicking it.
2026-07-17 07:51:20 ThievingPhase: Stall ready. Clicking.
2026-07-17 07:51:22 ThievingPhase: Loot detected in slot 1. Clicking it.
2026-07-17 07:51:23 ThievingPhase: Stall ready. Clicking.
2026-07-17 07:51:25 ThievingPhase: Loot detected in slot 1. Clicking it.
2026-07-17 07:51:27 ThievingPhase: Stall ready. Clicking.
2026-07-17 07:51:28 ThievingPhase: Loot detected in slot 1. Clicking it.
2026-07-17 07:51:29 ThievingPhase: Stall ready. Clicking.
2026-07-17 07:51:31 ThievingPhase: Loot detected in slot 1. Clicking it.
2026-07-17 07:51:32 ThievingPhase: Stall ready. Clicking.
2026-07-17 07:51:34 ThievingPhase: Loot detected in slot 1. Clicking it.
2026-07-17 07:51:35 ThievingPhase: Stall ready. Clicking.
2026-07-17 07:51:37 ThievingPhase: Loot detected in slot 1. Clicking it.
2026-07-17 07:51:39 ThievingPhase: Stall ready. Clicking.
2026-07-17 07:51:40 ThievingPhase: Loot detected in slot 1. Clicking it.
2026-07-17 07:51:42 ThievingPhase: Stall ready. Clicking.
2026-07-17 07:51:43 ThievingPhase: Loot detected in slot 1. Clicking it.
2026-07-17 07:51:44 ThievingPhase: Stall ready. Clicking.
2026-07-17 07:51:46 ThievingPhase: Loot detected in slot 1. Clicking it.
2026-07-17 07:51:48 ThievingPhase: Stall ready. Clicking.
2026-07-17 07:51:49 ThievingPhase: Loot detected in slot 1. Clicking it.
2026-07-17 07:51:50 ThievingPhase: Stall ready. Clicking.
2026-07-17 07:51:52 ThievingPhase: Loot detected in slot 1. Clicking it.
2026-07-17 07:51:53 ThievingPhase: Stall ready. Clicking.
2026-07-17 07:51:55 ThievingPhase: Loot detected in slot 1. Clicking it.
2026-07-17 07:51:56 ThievingPhase: Stall ready. Clicking.
2026-07-17 07:51:58 ThievingPhase: Loot detected in slot 1. Clicking it.
2026-07-17 07:52:00 ThievingPhase: Stall ready. Clicking.
2026-07-17 07:52:01 ThievingPhase: Loot detected in slot 1. Clicking it.
2026-07-17 07:52:03 ThievingPhase: Stall ready. Clicking.
2026-07-17 07:52:04 ThievingPhase: Loot detected in slot 1. Clicking it.
2026-07-17 07:52:05 ThievingPhase: Stall ready. Clicking.
2026-07-17 07:52:07 ThievingPhase: Loot detected in slot 1. Clicking it.
2026-07-17 07:52:09 ThievingPhase: Stall ready. Clicking.
2026-07-17 07:52:10 ThievingPhase: Loot detected in slot 1. Clicking it.
2026-07-17 07:52:11 ThievingPhase: Stall ready. Clicking.
2026-07-17 07:52:13 ThievingPhase: Loot detected in slot 1. Clicking it.
2026-07-17 07:52:14 ThievingPhase: Stall ready. Clicking.
2026-07-17 07:52:16 ThievingPhase: Loot detected in slot 1. Clicking it.
2026-07-17 07:52:17 ThievingPhase: Stall ready. Clicking.
2026-07-17 07:52:19 ThievingPhase: Loot detected in slot 1. Clicking it.
2026-07-17 07:52:21 ThievingPhase: Stall ready. Clicking.
2026-07-17 07:52:22 ThievingPhase: Loot detected in slot 1. Clicking it.
2026-07-17 07:52:23 ThievingPhase: Stall ready. Clicking.
2026-07-17 07:52:25 ThievingPhase: Loot detected in slot 1. Clicking it.
2026-07-17 07:52:26 ThievingPhase: Stall ready. Clicking.
2026-07-17 07:52:28 ThievingPhase: Loot detected in slot 1. Clicking it.
2026-07-17 07:52:29 ThievingPhase: Stall ready. Clicking.
2026-07-17 07:52:31 ThievingPhase: Loot detected in slot 1. Clicking it.
2026-07-17 07:52:32 ThievingPhase: Stall ready. Clicking.
2026-07-17 07:52:34 ThievingPhase: Loot detected in slot 1. Clicking it.
2026-07-17 07:52:35 ThievingPhase: Stall ready. Clicking.
2026-07-17 07:52:37 ThievingPhase: Loot detected in slot 1. Clicking it.
2026-07-17 07:52:38 ThievingPhase: Stall ready. Clicking.
2026-07-17 07:52:40 ThievingPhase: Loot detected in slot 1. Clicking it.
2026-07-17 07:52:41 ThievingPhase: Stall ready. Clicking.
2026-07-17 07:52:43 ThievingPhase: Loot detected in slot 1. Clicking it.
2026-07-17 07:52:44 ThievingPhase: Stall ready. Clicking.
2026-07-17 07:52:46 ThievingPhase: Loot detected in slot 1. Clicking it.
2026-07-17 07:52:47 ThievingPhase: Stall ready. Clicking.
2026-07-17 07:52:49 ThievingPhase: Loot detected in slot 1. Clicking it.
2026-07-17 07:52:50 ThievingPhase: Stall ready. Clicking.
2026-07-17 07:52:52 ThievingPhase: Loot detected in slot 1. Clicking it.
2026-07-17 07:52:53 ThievingPhase: Stall ready. Clicking.
2026-07-17 07:52:55 ThievingPhase: Loot detected in slot 1. Clicking it.
2026-07-17 07:52:57 ThievingPhase: Stall ready. Clicking.
2026-07-17 07:52:58 ThievingPhase: Loot detected in slot 1. Clicking it.
2026-07-17 07:53:00 ThievingPhase: Stall ready. Clicking.
2026-07-17 07:53:01 ThievingPhase: Loot detected in slot 1. Clicking it.
2026-07-17 07:53:02 ThievingPhase: Stall ready. Clicking.
2026-07-17 07:53:04 ThievingPhase: Loot detected in slot 1. Clicking it.
2026-07-17 07:53:05 ThievingPhase: Stall ready. Clicking.
2026-07-17 07:53:07 ThievingPhase: Loot detected in slot 1. Clicking it.
2026-07-17 07:53:08 ThievingPhase: Stall ready. Clicking.
2026-07-17 07:53:10 ThievingPhase: Loot detected in slot 1. Clicking it.
2026-07-17 07:53:11 ThievingPhase: Stall ready. Clicking.
2026-07-17 07:53:13 ThievingPhase: Loot detected in slot 1. Clicking it.
2026-07-17 07:53:14 ThievingPhase: Stall ready. Clicking.
2026-07-17 07:53:16 ThievingPhase: Loot detected in slot 1. Clicking it.
2026-07-17 07:53:17 ThievingPhase: Stall ready. Clicking.
2026-07-17 07:53:19 ThievingPhase: Loot detected in slot 1. Clicking it.
2026-07-17 07:53:20 ThievingPhase: Stall ready. Clicking.
2026-07-17 07:53:22 ThievingPhase: Loot detected in slot 1. Clicking it.
2026-07-17 07:53:24 ThievingPhase: Stall ready. Clicking.
2026-07-17 07:53:25 ThievingPhase: Loot detected in slot 1. Clicking it.
2026-07-17 07:53:26 ThievingPhase: Stall ready. Clicking.
2026-07-17 07:53:28 ThievingPhase: Loot detected in slot 1. Clicking it.
2026-07-17 07:53:29 ThievingPhase: Stall ready. Clicking.
2026-07-17 07:53:31 ThievingPhase: Loot detected in slot 1. Clicking it.
2026-07-17 07:53:32 ThievingPhase: Stall ready. Clicking.
2026-07-17 07:53:34 ThievingPhase: Loot detected in slot 1. Clicking it.
2026-07-17 07:53:35 ThievingPhase: Stall ready. Clicking.
2026-07-17 07:53:37 ThievingPhase: Loot detected in slot 1. Clicking it.
2026-07-17 07:53:38 ThievingPhase: Stall ready. Clicking.
2026-07-17 07:53:40 ThievingPhase: Loot detected in slot 1. Clicking it.
2026-07-17 07:53:41 ThievingPhase: Stall ready. Clicking.
2026-07-17 07:53:43 ThievingPhase: Loot detected in slot 1. Clicking it.
2026-07-17 07:53:44 ThievingPhase: Stall ready. Clicking.
2026-07-17 07:53:46 ThievingPhase: Loot detected in slot 1. Clicking it.
2026-07-17 07:53:47 ThievingPhase: Stall ready. Clicking.
2026-07-17 07:53:49 ThievingPhase: Loot detected in slot 1. Clicking it.
2026-07-17 07:53:50 ThievingPhase: Stall ready. Clicking.
2026-07-17 07:53:52 ThievingPhase: Loot detected in slot 1. Clicking it.
2026-07-17 07:53:53 ThievingPhase: Stall ready. Clicking.
2026-07-17 07:53:55 ThievingPhase: Loot detected in slot 1. Clicking it.
2026-07-17 07:53:56 ThievingPhase: Stall ready. Clicking.
2026-07-17 07:53:58 ThievingPhase: Loot detected in slot 1. Clicking it.
2026-07-17 07:53:59 ThievingPhase: Stall ready. Clicking.
2026-07-17 07:54:01 ThievingPhase: Loot detected in slot 1. Clicking it.
2026-07-17 07:54:03 ThievingPhase: Stall ready. Clicking.
2026-07-17 07:54:04 ThievingPhase: Loot detected in slot 1. Clicking it.
2026-07-17 07:54:05 ThievingPhase: Stall ready. Clicking.
2026-07-17 07:54:07 ThievingPhase: Loot detected in slot 1. Clicking it.
2026-07-17 07:54:08 ThievingPhase: Stall ready. Clicking.
2026-07-17 07:54:10 ThievingPhase: Loot detected in slot 1. Clicking it.
2026-07-17 07:54:12 ThievingPhase: Stall ready. Clicking.
2026-07-17 07:54:13 ThievingPhase: Loot detected in slot 1. Clicking it.
2026-07-17 07:54:14 ThievingPhase: Stall ready. Clicking.
2026-07-17 07:54:16 ThievingPhase: Loot detected in slot 1. Clicking it.
2026-07-17 07:54:18 ThievingPhase: Stall ready. Clicking.
2026-07-17 07:54:19 ThievingPhase: Loot detected in slot 1. Clicking it.
2026-07-17 07:54:20 ThievingPhase: Stall ready. Clicking.
2026-07-17 07:54:22 ThievingPhase: Loot detected in slot 1. Clicking it.
2026-07-17 07:54:23 ThievingPhase: Stall ready. Clicking.
2026-07-17 07:54:25 ThievingPhase: Loot detected in slot 1. Clicking it.
2026-07-17 07:54:27 ThievingPhase: Stall ready. Clicking.
2026-07-17 07:54:28 ThievingPhase: Loot detected in slot 1. Clicking it.
2026-07-17 07:54:30 ThievingPhase: Stall ready. Clicking.
2026-07-17 07:54:31 ThievingPhase: Loot detected in slot 1. Clicking it.
2026-07-17 07:54:33 ThievingPhase: Stall ready. Clicking.
2026-07-17 07:54:34 ThievingPhase: Loot detected in slot 1. Clicking it.
2026-07-17 07:54:35 ThievingPhase: Stall ready. Clicking.
2026-07-17 07:54:37 ThievingPhase: Loot detected in slot 1. Clicking it.
2026-07-17 07:54:38 ThievingPhase: Stall ready. Clicking.
2026-07-17 07:54:40 ThievingPhase: Loot detected in slot 1. Clicking it.
2026-07-17 07:54:41 ThievingPhase: Stall ready. Clicking.
2026-07-17 07:54:43 ThievingPhase: Loot detected in slot 1. Clicking it.
2026-07-17 07:54:44 ThievingPhase: Stall ready. Clicking.
2026-07-17 07:54:46 ThievingPhase: Loot detected in slot 1. Clicking it.
2026-07-17 07:54:47 ThievingPhase: Stall ready. Clicking.
2026-07-17 07:54:49 ThievingPhase: Loot detected in slot 1. Clicking it.
2026-07-17 07:54:50 ThievingPhase: Stall ready. Clicking.
2026-07-17 07:54:52 ThievingPhase: Loot detected in slot 1. Clicking it.
2026-07-17 07:54:53 ThievingPhase: Stall ready. Clicking.
2026-07-17 07:54:55 ThievingPhase: Loot detected in slot 1. Clicking it.
2026-07-17 07:54:56 ThievingPhase: Stall ready. Clicking.
2026-07-17 07:54:58 ThievingPhase: Loot detected in slot 1. Clicking it.
2026-07-17 07:55:00 ThievingPhase: Stall ready. Clicking.
2026-07-17 07:55:01 ThievingPhase: Loot detected in slot 1. Clicking it.
2026-07-17 07:55:02 ThievingPhase: Stall ready. Clicking.
2026-07-17 07:55:04 ThievingPhase: Loot detected in slot 1. Clicking it.
2026-07-17 07:55:05 ThievingPhase: Stall ready. Clicking.
2026-07-17 07:55:07 ThievingPhase: Loot detected in slot 1. Clicking it.
2026-07-17 07:55:09 ThievingPhase: Stall ready. Clicking.
2026-07-17 07:55:10 ThievingPhase: Loot detected in slot 1. Clicking it.
2026-07-17 07:55:11 ThievingPhase: Stall ready. Clicking.
2026-07-17 07:55:13 ThievingPhase: Loot detected in slot 1. Clicking it.
2026-07-17 07:55:14 ThievingPhase: Stall ready. Clicking.
2026-07-17 07:55:16 ThievingPhase: Loot detected in slot 1. Clicking it.
2026-07-17 07:55:17 ThievingPhase: Stall ready. Clicking.
2026-07-17 07:55:19 ThievingPhase: Loot detected in slot 1. Clicking it.
2026-07-17 07:55:20 ThievingPhase: Stall ready. Clicking.
2026-07-17 07:55:22 ThievingPhase: Loot detected in slot 1. Clicking it.
2026-07-17 07:55:24 ThievingPhase: Stall ready. Clicking.
2026-07-17 07:55:25 ThievingPhase: Loot detected in slot 1. Clicking it.
2026-07-17 07:55:26 ThievingPhase: Stall ready. Clicking.
2026-07-17 07:55:28 ThievingPhase: Loot detected in slot 1. Clicking it.
2026-07-17 07:55:29 ThievingPhase: Stall ready. Clicking.
2026-07-17 07:55:31 ThievingPhase: Loot detected in slot 1. Clicking it.
2026-07-17 07:55:33 ThievingPhase: Stall ready. Clicking.
2026-07-17 07:55:34 ThievingPhase: Loot detected in slot 1. Clicking it.
2026-07-17 07:55:35 ThievingPhase: Stall ready. Clicking.
2026-07-17 07:55:37 ThievingPhase: Loot detected in slot 1. Clicking it.
2026-07-17 07:55:38 ThievingPhase: Stall ready. Clicking.
2026-07-17 07:55:40 ThievingPhase: Loot detected in slot 1. Clicking it.
2026-07-17 07:55:42 ThievingPhase: Stall ready. Clicking.
2026-07-17 07:55:43 ThievingPhase: Loot detected in slot 1. Clicking it.
2026-07-17 07:55:44 ThievingPhase: Stall ready. Clicking.
2026-07-17 07:55:46 ThievingPhase: Loot detected in slot 1. Clicking it.
2026-07-17 07:55:47 ThievingPhase: Stall ready. Clicking.
2026-07-17 07:55:49 ThievingPhase: Loot detected in slot 1. Clicking it.
2026-07-17 07:55:51 ThievingPhase: Stall ready. Clicking.
2026-07-17 07:55:52 ThievingPhase: Loot detected in slot 1. Clicking it.
2026-07-17 07:55:53 ThievingPhase: Stall ready. Clicking.
2026-07-17 07:55:55 ThievingPhase: Loot detected in slot 1. Clicking it.
2026-07-17 07:55:57 ThievingPhase: Stall ready. Clicking.
2026-07-17 07:55:58 ThievingPhase: Loot detected in slot 1. Clicking it.
2026-07-17 07:55:59 ThievingPhase: Stall ready. Clicking.
2026-07-17 07:56:01 ThievingPhase: Loot detected in slot 1. Clicking it.
2026-07-17 07:56:02 ThievingPhase: Stall ready. Clicking.
2026-07-17 07:56:04 ThievingPhase: Loot detected in slot 1. Clicking it.
2026-07-17 07:56:06 ThievingPhase: Stall ready. Clicking.
2026-07-17 07:56:07 ThievingPhase: Loot detected in slot 1. Clicking it.
2026-07-17 07:56:08 ThievingPhase: Stall ready. Clicking.
2026-07-17 07:56:10 ThievingPhase: Loot detected in slot 1. Clicking it.
2026-07-17 07:56:12 ThievingPhase: Stall ready. Clicking.
2026-07-17 07:56:13 ThievingPhase: Loot detected in slot 1. Clicking it.
2026-07-17 07:56:14 ThievingPhase: Stall ready. Clicking.
2026-07-17 07:56:16 ThievingPhase: Loot detected in slot 1. Clicking it.
2026-07-17 07:56:17 ThievingPhase: Stall ready. Clicking.
2026-07-17 07:56:19 ThievingPhase: Loot detected in slot 1. Clicking it.
2026-07-17 07:56:20 ThievingPhase: Stall ready. Clicking.
2026-07-17 07:56:22 ThievingPhase: Loot detected in slot 1. Clicking it.
2026-07-17 07:56:23 ThievingPhase: Stall ready. Clicking.
2026-07-17 07:56:25 ThievingPhase: Loot detected in slot 1. Clicking it.
2026-07-17 07:56:27 ThievingPhase: Stall ready. Clicking.
2026-07-17 07:56:28 ThievingPhase: Loot detected in slot 1. Clicking it.
2026-07-17 07:56:30 ThievingPhase: Stall ready. Clicking.
2026-07-17 07:56:31 ThievingPhase: Loot detected in slot 1. Clicking it.
2026-07-17 07:56:32 ThievingPhase: Stall ready. Clicking.
2026-07-17 07:56:34 ThievingPhase: Loot detected in slot 1. Clicking it.
2026-07-17 07:56:36 ThievingPhase: Stall ready. Clicking.
2026-07-17 07:56:37 ThievingPhase: Loot detected in slot 1. Clicking it.
2026-07-17 07:56:39 ThievingPhase: Stall ready. Clicking.
2026-07-17 07:56:40 ThievingPhase: Loot detected in slot 1. Clicking it.
2026-07-17 07:56:41 ThievingPhase: Stall ready. Clicking.
2026-07-17 07:56:43 ThievingPhase: Loot detected in slot 1. Clicking it.
2026-07-17 07:56:44 ThievingPhase: Stall ready. Clicking.
2026-07-17 07:56:46 ThievingPhase: Loot detected in slot 1. Clicking it.
2026-07-17 07:56:48 ThievingPhase: Stall ready. Clicking.
2026-07-17 07:56:49 ThievingPhase: Loot detected in slot 1. Clicking it.
2026-07-17 07:56:50 ThievingPhase: Stall ready. Clicking.
2026-07-17 07:56:52 ThievingPhase: Loot detected in slot 1. Clicking it.
2026-07-17 07:56:53 ThievingPhase: Stall ready. Clicking.
2026-07-17 07:56:55 ThievingPhase: Loot detected in slot 1. Clicking it.
2026-07-17 07:56:56 ThievingPhase: Stall ready. Clicking.
2026-07-17 07:56:58 ThievingPhase: Loot detected in slot 1. Clicking it.
2026-07-17 07:57:00 ThievingPhase: Stall ready. Clicking.
2026-07-17 07:57:01 ThievingPhase: Loot detected in slot 1. Clicking it.
2026-07-17 07:57:03 ThievingPhase: Stall ready. Clicking.
2026-07-17 07:57:04 ThievingPhase: Loot detected in slot 1. Clicking it.
2026-07-17 07:57:05 ThievingPhase: Stall ready. Clicking.
2026-07-17 07:57:07 ThievingPhase: Loot detected in slot 1. Clicking it.
2026-07-17 07:57:08 ThievingPhase: Stall ready. Clicking.
2026-07-17 07:57:10 ThievingPhase: Loot detected in slot 1. Clicking it.
2026-07-17 07:57:11 ThievingPhase: Stall ready. Clicking.
2026-07-17 07:57:13 ThievingPhase: Loot detected in slot 1. Clicking it.
2026-07-17 07:57:15 ThievingPhase: Stall ready. Clicking.
2026-07-17 07:57:16 ThievingPhase: Loot detected in slot 1. Clicking it.
2026-07-17 07:57:17 ThievingPhase: Stall ready. Clicking.
2026-07-17 07:57:19 ThievingPhase: Loot detected in slot 1. Clicking it.
2026-07-17 07:57:21 ThievingPhase: Stall ready. Clicking.
2026-07-17 07:57:22 ThievingPhase: Loot detected in slot 1. Clicking it.
2026-07-17 07:57:23 ThievingPhase: Stall ready. Clicking.
2026-07-17 07:57:25 ThievingPhase: Loot detected in slot 1. Clicking it.
2026-07-17 07:57:26 ThievingPhase: Stall ready. Clicking.
2026-07-17 07:57:28 ThievingPhase: Loot detected in slot 1. Clicking it.
2026-07-17 07:57:30 ThievingPhase: Stall ready. Clicking.
2026-07-17 07:57:31 ThievingPhase: Loot detected in slot 1. Clicking it.
2026-07-17 07:57:32 ThievingPhase: Stall ready. Clicking.
2026-07-17 07:57:34 ThievingPhase: Loot detected in slot 1. Clicking it.
2026-07-17 07:57:35 ThievingPhase: Stall ready. Clicking.
2026-07-17 07:57:37 ThievingPhase: Loot detected in slot 1. Clicking it.
2026-07-17 07:57:39 ThievingPhase: Stall ready. Clicking.
2026-07-17 07:57:40 ThievingPhase: Loot detected in slot 1. Clicking it.
2026-07-17 07:57:42 ThievingPhase: Stall ready. Clicking.
2026-07-17 07:57:43 ThievingPhase: Loot detected in slot 1. Clicking it.
2026-07-17 07:57:44 ThievingPhase: Stall ready. Clicking.
2026-07-17 07:57:46 ThievingPhase: Loot detected in slot 1. Clicking it.
2026-07-17 07:57:48 ThievingPhase: Stall ready. Clicking.
2026-07-17 07:57:49 ThievingPhase: Loot detected in slot 1. Clicking it.
2026-07-17 07:57:50 ThievingPhase: Stall ready. Clicking.
2026-07-17 07:57:52 ThievingPhase: Loot detected in slot 1. Clicking it.
2026-07-17 07:57:53 ThievingPhase: Stall ready. Clicking.
2026-07-17 07:57:55 ThievingPhase: Loot detected in slot 1. Clicking it.
2026-07-17 07:57:57 ThievingPhase: Stall ready. Clicking.
2026-07-17 07:57:58 ThievingPhase: Loot detected in slot 1. Clicking it.
2026-07-17 07:58:00 ThievingPhase: Stall ready. Clicking.
2026-07-17 07:58:01 ThievingPhase: Loot detected in slot 1. Clicking it.
2026-07-17 07:58:02 ThievingPhase: Stall ready. Clicking.
2026-07-17 07:58:04 ThievingPhase: Loot detected in slot 1. Clicking it.
2026-07-17 07:58:06 ThievingPhase: Stall ready. Clicking.
2026-07-17 07:58:07 ThievingPhase: Loot detected in slot 1. Clicking it.
2026-07-17 07:58:08 ThievingPhase: Stall ready. Clicking.
2026-07-17 07:58:10 ThievingPhase: Loot detected in slot 1. Clicking it.
2026-07-17 07:58:11 ThievingPhase: Stall ready. Clicking.
2026-07-17 07:58:13 ThievingPhase: Loot detected in slot 1. Clicking it.
2026-07-17 07:58:14 ThievingPhase: Stall ready. Clicking.
2026-07-17 07:58:16 ThievingPhase: Loot detected in slot 1. Clicking it.
2026-07-17 07:58:17 ThievingPhase: Stall ready. Clicking.
2026-07-17 07:58:19 ThievingPhase: Loot detected in slot 1. Clicking it.
2026-07-17 07:58:21 ThievingPhase: Stall ready. Clicking.
2026-07-17 07:58:22 ThievingPhase: Loot detected in slot 1. Clicking it.
2026-07-17 07:58:23 ThievingPhase: Stall ready. Clicking.
2026-07-17 07:58:25 ThievingPhase: Loot detected in slot 1. Clicking it.
2026-07-17 07:58:27 ThievingPhase: Stall ready. Clicking.
2026-07-17 07:58:28 ThievingPhase: Loot detected in slot 1. Clicking it.
2026-07-17 07:58:29 ThievingPhase: Stall ready. Clicking.
2026-07-17 07:58:31 ThievingPhase: Loot detected in slot 1. Clicking it.
2026-07-17 07:58:33 ThievingPhase: Stall ready. Clicking.
2026-07-17 07:58:34 ThievingPhase: Loot detected in slot 1. Clicking it.
2026-07-17 07:58:35 ThievingPhase: Stall ready. Clicking.
2026-07-17 07:58:37 ThievingPhase: Loot detected in slot 1. Clicking it.
2026-07-17 07:58:38 ThievingPhase: Stall ready. Clicking.
2026-07-17 07:58:40 ThievingPhase: Loot detected in slot 1. Clicking it.
2026-07-17 07:58:42 ThievingPhase: Stall ready. Clicking.
2026-07-17 07:58:43 ThievingPhase: Loot detected in slot 1. Clicking it.
2026-07-17 07:58:44 ThievingPhase: Stall ready. Clicking.
2026-07-17 07:58:46 ThievingPhase: Loot detected in slot 1. Clicking it.
2026-07-17 07:58:47 ThievingPhase: Stall ready. Clicking.
2026-07-17 07:58:49 ThievingPhase: Loot detected in slot 1. Clicking it.
2026-07-17 07:58:50 ThievingPhase: Stall ready. Clicking.
2026-07-17 07:58:52 ThievingPhase: Loot detected in slot 1. Clicking it.
2026-07-17 07:58:54 ThievingPhase: Stall ready. Clicking.
2026-07-17 07:58:55 ThievingPhase: Loot detected in slot 1. Clicking it.
2026-07-17 07:58:56 ThievingPhase: Stall ready. Clicking.
2026-07-17 07:58:58 ThievingPhase: Loot detected in slot 1. Clicking it.
2026-07-17 07:58:59 ThievingPhase: Stall ready. Clicking.
2026-07-17 07:59:01 ThievingPhase: Loot detected in slot 1. Clicking it.
2026-07-17 07:59:02 ThievingPhase: Stall ready. Clicking.
2026-07-17 07:59:04 ThievingPhase: Loot detected in slot 1. Clicking it.
2026-07-17 07:59:06 ThievingPhase: Stall ready. Clicking.
2026-07-17 07:59:07 ThievingPhase: Loot detected in slot 1. Clicking it.
2026-07-17 07:59:09 ThievingPhase: Stall ready. Clicking.
2026-07-17 07:59:10 ThievingPhase: Loot detected in slot 1. Clicking it.
2026-07-17 07:59:11 ThievingPhase: Stall ready. Clicking.
2026-07-17 07:59:13 ThievingPhase: Loot detected in slot 1. Clicking it.
2026-07-17 07:59:15 ThievingPhase: Stall ready. Clicking.
2026-07-17 07:59:16 ThievingPhase: Loot detected in slot 1. Clicking it.
2026-07-17 07:59:17 ThievingPhase: Stall ready. Clicking.
2026-07-17 07:59:19 ThievingPhase: Loot detected in slot 1. Clicking it.
2026-07-17 07:59:20 ThievingPhase: Stall ready. Clicking.
2026-07-17 07:59:22 ThievingPhase: Loot detected in slot 1. Clicking it.
2026-07-17 07:59:24 ThievingPhase: Stall ready. Clicking.
2026-07-17 07:59:25 ThievingPhase: Loot detected in slot 1. Clicking it.
2026-07-17 07:59:26 ThievingPhase: Stall ready. Clicking.
2026-07-17 07:59:29 ThievingPhase: No loot after 2000ms - assuming detected, waiting for combat.
2026-07-17 07:59:33 WaitCombatPhase: No combat signal after 4000ms - retrying
2026-07-17 07:59:33 ThievingPhase: Stall ready. Clicking.
2026-07-17 07:59:34 ThievingPhase: Loot detected in slot 1. Clicking it.
2026-07-17 07:59:36 ThievingPhase: Stall ready. Clicking.
2026-07-17 07:59:37 ThievingPhase: Loot detected in slot 1. Clicking it.
2026-07-17 07:59:39 ThievingPhase: Stall ready. Clicking.
2026-07-17 07:59:40 ThievingPhase: Loot detected in slot 1. Clicking it.
2026-07-17 07:59:42 ThievingPhase: Stall ready. Clicking.
2026-07-17 07:59:43 ThievingPhase: Loot detected in slot 1. Clicking it.
2026-07-17 07:59:45 ThievingPhase: Stall ready. Clicking.
2026-07-17 07:59:46 ThievingPhase: Loot detected in slot 1. Clicking it.
2026-07-17 07:59:48 ThievingPhase: Stall ready. Clicking.
2026-07-17 07:59:49 ThievingPhase: Loot detected in slot 1. Clicking it.
2026-07-17 07:59:51 ThievingPhase: Stall ready. Clicking.
2026-07-17 07:59:52 ThievingPhase: Loot detected in slot 1. Clicking it.
2026-07-17 07:59:54 ThievingPhase: Stall ready. Clicking.
2026-07-17 07:59:55 ThievingPhase: Loot detected in slot 1. Clicking it.
2026-07-17 07:59:57 ThievingPhase: Stall ready. Clicking.
2026-07-17 07:59:58 ThievingPhase: Loot detected in slot 1. Clicking it.
2026-07-17 08:00:00 ThievingPhase: Stall ready. Clicking.
2026-07-17 08:00:01 ThievingPhase: Loot detected in slot 1. Clicking it.
2026-07-17 08:00:03 ThievingPhase: Stall ready. Clicking.
2026-07-17 08:00:04 ThievingPhase: Loot detected in slot 1. Clicking it.
2026-07-17 08:00:06 ThievingPhase: Stall ready. Clicking.
2026-07-17 08:00:07 ThievingPhase: Loot detected in slot 1. Clicking it.
2026-07-17 08:00:09 ThievingPhase: Stall ready. Clicking.
2026-07-17 08:00:10 ThievingPhase: Loot detected in slot 1. Clicking it.
2026-07-17 08:00:12 ThievingPhase: Stall ready. Clicking.
2026-07-17 08:00:13 ThievingPhase: Loot detected in slot 1. Clicking it.
2026-07-17 08:00:15 ThievingPhase: Stall ready. Clicking.
2026-07-17 08:00:16 ThievingPhase: Loot detected in slot 1. Clicking it.
2026-07-17 08:00:18 ThievingPhase: Stall ready. Clicking.
2026-07-17 08:00:19 ThievingPhase: Loot detected in slot 1. Clicking it.
2026-07-17 08:00:21 ThievingPhase: Stall ready. Clicking.
2026-07-17 08:00:22 ThievingPhase: Loot detected in slot 1. Clicking it.
2026-07-17 08:00:24 ThievingPhase: Stall ready. Clicking.
2026-07-17 08:00:25 ThievingPhase: Loot detected in slot 1. Clicking it.
2026-07-17 08:00:27 ThievingPhase: Stall ready. Clicking.
2026-07-17 08:00:28 ThievingPhase: Loot detected in slot 1. Clicking it.
2026-07-17 08:00:30 ThievingPhase: Stall ready. Clicking.
2026-07-17 08:00:31 ThievingPhase: Loot detected in slot 1. Clicking it.
2026-07-17 08:00:33 ThievingPhase: Stall ready. Clicking.
2026-07-17 08:00:34 ThievingPhase: Loot detected in slot 1. Clicking it.
2026-07-17 08:00:36 ThievingPhase: Stall ready. Clicking.
2026-07-17 08:00:37 ThievingPhase: Loot detected in slot 1. Clicking it.
2026-07-17 08:00:39 ThievingPhase: Stall ready. Clicking.
2026-07-17 08:00:40 ThievingPhase: Loot detected in slot 1. Clicking it.
2026-07-17 08:00:42 ThievingPhase: Stall ready. Clicking.
2026-07-17 08:00:43 ThievingPhase: Loot detected in slot 1. Clicking it.
2026-07-17 08:00:45 ThievingPhase: Stall ready. Clicking.
2026-07-17 08:00:46 ThievingPhase: Loot detected in slot 1. Clicking it.
2026-07-17 08:00:48 ThievingPhase: Stall ready. Clicking.
2026-07-17 08:00:49 ThievingPhase: Loot detected in slot 1. Clicking it.
2026-07-17 08:00:51 ThievingPhase: Stall ready. Clicking.
2026-07-17 08:00:52 ThievingPhase: Loot detected in slot 1. Clicking it.
2026-07-17 08:00:54 ThievingPhase: Stall ready. Clicking.
2026-07-17 08:00:55 ThievingPhase: Loot detected in slot 1. Clicking it.
2026-07-17 08:00:57 ThievingPhase: Stall ready. Clicking.
2026-07-17 08:00:58 ThievingPhase: Loot detected in slot 1. Clicking it.
2026-07-17 08:01:00 ThievingPhase: Stall ready. Clicking.
2026-07-17 08:01:01 ThievingPhase: Loot detected in slot 1. Clicking it.
2026-07-17 08:01:03 ThievingPhase: Stall ready. Clicking.
2026-07-17 08:01:04 ThievingPhase: Loot detected in slot 1. Clicking it.
2026-07-17 08:01:06 ThievingPhase: Stall ready. Clicking.
2026-07-17 08:01:07 ThievingPhase: Loot detected in slot 1. Clicking it.
2026-07-17 08:01:09 ThievingPhase: Stall ready. Clicking.
2026-07-17 08:01:10 ThievingPhase: Loot detected in slot 1. Clicking it.
2026-07-17 08:01:12 ThievingPhase: Stall ready. Clicking.
2026-07-17 08:01:13 ThievingPhase: Loot detected in slot 1. Clicking it.
2026-07-17 08:01:15 ThievingPhase: Stall ready. Clicking.
2026-07-17 08:01:16 ThievingPhase: Loot detected in slot 1. Clicking it.
2026-07-17 08:01:18 ThievingPhase: Stall ready. Clicking.
2026-07-17 08:01:19 ThievingPhase: Loot detected in slot 1. Clicking it.
2026-07-17 08:01:21 ThievingPhase: Stall ready. Clicking.
2026-07-17 08:01:22 ThievingPhase: Loot detected in slot 1. Clicking it.
2026-07-17 08:01:24 ThievingPhase: Stall ready. Clicking.
2026-07-17 08:01:25 ThievingPhase: Loot detected in slot 1. Clicking it.
2026-07-17 08:01:27 ThievingPhase: Stall ready. Clicking.
2026-07-17 08:01:28 ThievingPhase: Loot detected in slot 1. Clicking it.
2026-07-17 08:01:30 ThievingPhase: Stall ready. Clicking.
2026-07-17 08:01:31 ThievingPhase: Loot detected in slot 1. Clicking it.
2026-07-17 08:01:33 ThievingPhase: Stall ready. Clicking.
2026-07-17 08:01:34 ThievingPhase: Loot detected in slot 1. Clicking it.
2026-07-17 08:01:36 ThievingPhase: Stall ready. Clicking.
2026-07-17 08:01:37 ThievingPhase: Loot detected in slot 1. Clicking it.
2026-07-17 08:01:39 ThievingPhase: Stall ready. Clicking.
2026-07-17 08:01:40 ThievingPhase: Loot detected in slot 1. Clicking it.
2026-07-17 08:01:42 ThievingPhase: Stall ready. Clicking.
2026-07-17 08:01:43 ThievingPhase: Loot detected in slot 1. Clicking it.
2026-07-17 08:01:45 ThievingPhase: Stall ready. Clicking.
2026-07-17 08:01:46 ThievingPhase: Loot detected in slot 1. Clicking it.
2026-07-17 08:01:48 ThievingPhase: Stall ready. Clicking.
2026-07-17 08:01:49 ThievingPhase: Loot detected in slot 1. Clicking it.
2026-07-17 08:01:51 ThievingPhase: Stall ready. Clicking.
2026-07-17 08:01:52 ThievingPhase: Loot detected in slot 1. Clicking it.
2026-07-17 08:01:54 ThievingPhase: Stall ready. Clicking.
2026-07-17 08:01:56 ThievingPhase: No loot after 2000ms - assuming detected, waiting for combat.
2026-07-17 08:02:01 WaitCombatPhase: No combat signal after 4000ms - retrying
2026-07-17 08:02:01 ThievingPhase: Stall ready. Clicking.
2026-07-17 08:02:02 ThievingPhase: Loot detected in slot 1. Clicking it.
2026-07-17 08:02:04 ThievingPhase: Stall ready. Clicking.
2026-07-17 08:02:05 ThievingPhase: Loot detected in slot 1. Clicking it.
2026-07-17 08:02:07 ThievingPhase: Stall ready. Clicking.
2026-07-17 08:02:08 ThievingPhase: Loot detected in slot 1. Clicking it.
2026-07-17 08:02:10 ThievingPhase: Stall ready. Clicking.
2026-07-17 08:02:11 ThievingPhase: Loot detected in slot 1. Clicking it.
2026-07-17 08:02:13 ThievingPhase: Stall ready. Clicking.
2026-07-17 08:02:14 ThievingPhase: Loot detected in slot 1. Clicking it.
2026-07-17 08:02:16 ThievingPhase: Stall ready. Clicking.
2026-07-17 08:02:17 ThievingPhase: Loot detected in slot 1. Clicking it.
2026-07-17 08:02:19 ThievingPhase: Stall ready. Clicking.
2026-07-17 08:02:20 ThievingPhase: Loot detected in slot 1. Clicking it.
2026-07-17 08:02:22 ThievingPhase: Stall ready. Clicking.
2026-07-17 08:02:23 ThievingPhase: Loot detected in slot 1. Clicking it.
2026-07-17 08:02:25 ThievingPhase: Stall ready. Clicking.
2026-07-17 08:02:26 ThievingPhase: Loot detected in slot 1. Clicking it.
2026-07-17 08:02:28 ThievingPhase: Stall ready. Clicking.
2026-07-17 08:02:29 ThievingPhase: Loot detected in slot 1. Clicking it.
2026-07-17 08:02:31 ThievingPhase: Stall ready. Clicking.
2026-07-17 08:02:32 ThievingPhase: Loot detected in slot 1. Clicking it.
2026-07-17 08:02:34 ThievingPhase: Stall ready. Clicking.
2026-07-17 08:02:35 ThievingPhase: Loot detected in slot 1. Clicking it.
2026-07-17 08:02:37 ThievingPhase: Stall ready. Clicking.
2026-07-17 08:02:38 ThievingPhase: Loot detected in slot 1. Clicking it.
2026-07-17 08:02:40 ThievingPhase: Stall ready. Clicking.
2026-07-17 08:02:41 ThievingPhase: Loot detected in slot 1. Clicking it.
2026-07-17 08:02:43 ThievingPhase: Stall ready. Clicking.
2026-07-17 08:02:44 ThievingPhase: Loot detected in slot 1. Clicking it.
2026-07-17 08:02:46 ThievingPhase: Stall ready. Clicking.
2026-07-17 08:02:47 ThievingPhase: Loot detected in slot 1. Clicking it.
2026-07-17 08:02:49 ThievingPhase: Stall ready. Clicking.
2026-07-17 08:02:50 ThievingPhase: Loot detected in slot 1. Clicking it.
2026-07-17 08:02:52 ThievingPhase: Stall ready. Clicking.
2026-07-17 08:02:53 ThievingPhase: Loot detected in slot 1. Clicking it.
2026-07-17 08:02:55 ThievingPhase: Stall ready. Clicking.
2026-07-17 08:02:56 ThievingPhase: Loot detected in slot 1. Clicking it.
2026-07-17 08:02:58 ThievingPhase: Stall ready. Clicking.
2026-07-17 08:02:59 ThievingPhase: Loot detected in slot 1. Clicking it.
2026-07-17 08:03:01 ThievingPhase: Stall ready. Clicking.
2026-07-17 08:03:02 ThievingPhase: Loot detected in slot 1. Clicking it.
2026-07-17 08:03:04 ThievingPhase: Stall ready. Clicking.
2026-07-17 08:03:05 ThievingPhase: Loot detected in slot 1. Clicking it.
2026-07-17 08:03:07 ThievingPhase: Stall ready. Clicking.
2026-07-17 08:03:08 ThievingPhase: Loot detected in slot 1. Clicking it.
2026-07-17 08:03:10 ThievingPhase: Stall ready. Clicking.
2026-07-17 08:03:11 ThievingPhase: Loot detected in slot 1. Clicking it.
2026-07-17 08:03:13 ThievingPhase: Stall ready. Clicking.
2026-07-17 08:03:14 ThievingPhase: Loot detected in slot 1. Clicking it.
2026-07-17 08:03:16 ThievingPhase: Stall ready. Clicking.
2026-07-17 08:03:18 ThievingPhase: No loot after 2000ms - assuming detected, waiting for combat.
2026-07-17 08:03:22 WaitCombatPhase: No combat signal after 4000ms - retrying
2026-07-17 08:03:22 ThievingPhase: Stall ready. Clicking.
2026-07-17 08:03:24 ThievingPhase: Loot detected in slot 1. Clicking it.
2026-07-17 08:03:25 ThievingPhase: Stall ready. Clicking.
2026-07-17 08:03:27 ThievingPhase: Loot detected in slot 1. Clicking it.
2026-07-17 08:03:28 ThievingPhase: Stall ready. Clicking.
2026-07-17 08:03:29 ThievingPhase: Loot detected in slot 1. Clicking it.
2026-07-17 08:03:31 ThievingPhase: Stall ready. Clicking.
2026-07-17 08:03:33 ThievingPhase: Loot detected in slot 1. Clicking it.
2026-07-17 08:03:34 ThievingPhase: Stall ready. Clicking.
2026-07-17 08:03:35 ThievingPhase: Loot detected in slot 1. Clicking it.
2026-07-17 08:03:37 ThievingPhase: Stall ready. Clicking.
2026-07-17 08:03:38 ThievingPhase: Loot detected in slot 1. Clicking it.
2026-07-17 08:03:40 ThievingPhase: Stall ready. Clicking.
2026-07-17 08:03:41 ThievingPhase: Loot detected in slot 1. Clicking it.
2026-07-17 08:03:43 ThievingPhase: Stall ready. Clicking.
2026-07-17 08:03:44 ThievingPhase: Loot detected in slot 1. Clicking it.
2026-07-17 08:03:46 ThievingPhase: Stall ready. Clicking.
2026-07-17 08:03:48 ThievingPhase: Loot detected in slot 1. Clicking it.
2026-07-17 08:03:49 ThievingPhase: Stall ready. Clicking.
2026-07-17 08:03:50 ThievingPhase: Loot detected in slot 1. Clicking it.
2026-07-17 08:03:52 ThievingPhase: Stall ready. Clicking.
2026-07-17 08:03:53 ThievingPhase: Loot detected in slot 1. Clicking it.
2026-07-17 08:03:55 ThievingPhase: Stall ready. Clicking.
2026-07-17 08:03:56 ThievingPhase: Loot detected in slot 1. Clicking it.
2026-07-17 08:03:58 ThievingPhase: Stall ready. Clicking.
2026-07-17 08:04:01 ThievingPhase: No loot after 2000ms - assuming detected, waiting for combat.
2026-07-17 08:04:05 WaitCombatPhase: No combat signal after 4000ms - retrying
2026-07-17 08:04:05 ThievingPhase: Stall ready. Clicking.
2026-07-17 08:04:06 ThievingPhase: Loot detected in slot 1. Clicking it.
2026-07-17 08:04:08 ThievingPhase: Stall ready. Clicking.
2026-07-17 08:04:09 ThievingPhase: Loot detected in slot 1. Clicking it.
2026-07-17 08:04:11 ThievingPhase: Stall ready. Clicking.
2026-07-17 08:04:12 ThievingPhase: Loot detected in slot 1. Clicking it.
2026-07-17 08:04:14 ThievingPhase: Stall ready. Clicking.
2026-07-17 08:04:15 ThievingPhase: Loot detected in slot 1. Clicking it.
2026-07-17 08:04:17 ThievingPhase: Stall ready. Clicking.
2026-07-17 08:04:18 ThievingPhase: Loot detected in slot 1. Clicking it.
2026-07-17 08:04:20 ThievingPhase: Stall ready. Clicking.
2026-07-17 08:04:21 ThievingPhase: Loot detected in slot 1. Clicking it.
2026-07-17 08:04:23 ThievingPhase: Stall ready. Clicking.
2026-07-17 08:04:24 ThievingPhase: Loot detected in slot 1. Clicking it.
2026-07-17 08:04:26 ThievingPhase: Stall ready. Clicking.
2026-07-17 08:04:27 ThievingPhase: Loot detected in slot 1. Clicking it.
2026-07-17 08:04:29 ThievingPhase: Stall ready. Clicking.
2026-07-17 08:04:30 ThievingPhase: Loot detected in slot 1. Clicking it.
2026-07-17 08:04:32 ThievingPhase: Stall ready. Clicking.
2026-07-17 08:04:33 ThievingPhase: Loot detected in slot 1. Clicking it.
2026-07-17 08:04:35 ThievingPhase: Stall ready. Clicking.
2026-07-17 08:04:36 ThievingPhase: Loot detected in slot 1. Clicking it.
2026-07-17 08:04:38 ThievingPhase: Stall ready. Clicking.
2026-07-17 08:04:39 ThievingPhase: Loot detected in slot 1. Clicking it.
2026-07-17 08:04:41 ThievingPhase: Stall ready. Clicking.
2026-07-17 08:04:42 ThievingPhase: Loot detected in slot 1. Clicking it.
2026-07-17 08:04:44 ThievingPhase: Stall ready. Clicking.
2026-07-17 08:04:45 ThievingPhase: Loot detected in slot 1. Clicking it.
2026-07-17 08:04:47 ThievingPhase: Stall ready. Clicking.
2026-07-17 08:04:48 ThievingPhase: Loot detected in slot 1. Clicking it.
2026-07-17 08:04:50 ThievingPhase: Stall ready. Clicking.
2026-07-17 08:04:51 ThievingPhase: Loot detected in slot 1. Clicking it.
2026-07-17 08:04:53 ThievingPhase: Stall ready. Clicking.
2026-07-17 08:04:54 ThievingPhase: Loot detected in slot 1. Clicking it.
2026-07-17 08:04:56 ThievingPhase: Stall ready. Clicking.
2026-07-17 08:04:57 ThievingPhase: Loot detected in slot 1. Clicking it.
2026-07-17 08:04:59 ThievingPhase: Stall ready. Clicking.
2026-07-17 08:05:00 ThievingPhase: Loot detected in slot 1. Clicking it.
2026-07-17 08:05:02 ThievingPhase: Stall ready. Clicking.
2026-07-17 08:05:03 ThievingPhase: Loot detected in slot 1. Clicking it.
2026-07-17 08:05:05 ThievingPhase: Stall ready. Clicking.
2026-07-17 08:05:06 ThievingPhase: Loot detected in slot 1. Clicking it.
2026-07-17 08:05:08 ThievingPhase: Stall ready. Clicking.
2026-07-17 08:05:09 ThievingPhase: Loot detected in slot 1. Clicking it.
2026-07-17 08:05:11 ThievingPhase: Stall ready. Clicking.
2026-07-17 08:05:12 ThievingPhase: Loot detected in slot 1. Clicking it.
2026-07-17 08:05:14 ThievingPhase: Stall ready. Clicking.
2026-07-17 08:05:15 ThievingPhase: Loot detected in slot 1. Clicking it.
2026-07-17 08:05:17 ThievingPhase: Stall ready. Clicking.
2026-07-17 08:05:18 ThievingPhase: Loot detected in slot 1. Clicking it.
2026-07-17 08:05:20 ThievingPhase: Stall ready. Clicking.
2026-07-17 08:05:21 ThievingPhase: Loot detected in slot 1. Clicking it.
2026-07-17 08:05:23 ThievingPhase: Stall ready. Clicking.
2026-07-17 08:05:24 ThievingPhase: Loot detected in slot 1. Clicking it.
2026-07-17 08:05:26 ThievingPhase: Stall ready. Clicking.
2026-07-17 08:05:27 ThievingPhase: Loot detected in slot 1. Clicking it.
2026-07-17 08:05:29 ThievingPhase: Stall ready. Clicking.
2026-07-17 08:05:30 ThievingPhase: Loot detected in slot 1. Clicking it.
2026-07-17 08:05:32 ThievingPhase: Stall ready. Clicking.
2026-07-17 08:05:33 ThievingPhase: Loot detected in slot 1. Clicking it.
2026-07-17 08:05:35 ThievingPhase: Stall ready. Clicking.
2026-07-17 08:05:36 ThievingPhase: Loot detected in slot 1. Clicking it.
2026-07-17 08:05:38 ThievingPhase: Stall ready. Clicking.
2026-07-17 08:05:39 ThievingPhase: Loot detected in slot 1. Clicking it.
2026-07-17 08:05:41 ThievingPhase: Stall ready. Clicking.
2026-07-17 08:05:42 ThievingPhase: Loot detected in slot 1. Clicking it.
2026-07-17 08:05:44 ThievingPhase: Stall ready. Clicking.
2026-07-17 08:05:45 ThievingPhase: Loot detected in slot 1. Clicking it.
2026-07-17 08:05:47 ThievingPhase: Stall ready. Clicking.
2026-07-17 08:05:48 ThievingPhase: Loot detected in slot 1. Clicking it.
2026-07-17 08:05:50 ThievingPhase: Stall ready. Clicking.
2026-07-17 08:05:51 ThievingPhase: Loot detected in slot 1. Clicking it.
2026-07-17 08:05:53 ThievingPhase: Stall ready. Clicking.
2026-07-17 08:05:54 ThievingPhase: Loot detected in slot 1. Clicking it.
2026-07-17 08:05:56 ThievingPhase: Stall ready. Clicking.
2026-07-17 08:05:57 ThievingPhase: Loot detected in slot 1. Clicking it.
2026-07-17 08:05:59 ThievingPhase: Stall ready. Clicking.
2026-07-17 08:06:00 ThievingPhase: Loot detected in slot 1. Clicking it.
2026-07-17 08:06:02 ThievingPhase: Stall ready. Clicking.
2026-07-17 08:06:03 ThievingPhase: Loot detected in slot 1. Clicking it.
2026-07-17 08:06:05 ThievingPhase: Stall ready. Clicking.
2026-07-17 08:06:06 ThievingPhase: Loot detected in slot 1. Clicking it.
2026-07-17 08:06:08 ThievingPhase: Stall ready. Clicking.
2026-07-17 08:06:09 ThievingPhase: Loot detected in slot 1. Clicking it.
2026-07-17 08:06:11 ThievingPhase: Stall ready. Clicking.
2026-07-17 08:06:12 ThievingPhase: Loot detected in slot 1. Clicking it.
2026-07-17 08:06:14 ThievingPhase: Stall ready. Clicking.
2026-07-17 08:06:15 ThievingPhase: Loot detected in slot 1. Clicking it.
2026-07-17 08:06:17 ThievingPhase: Stall ready. Clicking.
2026-07-17 08:06:18 ThievingPhase: Loot detected in slot 1. Clicking it.
2026-07-17 08:06:20 ThievingPhase: Stall ready. Clicking.
2026-07-17 08:06:21 ThievingPhase: Loot detected in slot 1. Clicking it.
2026-07-17 08:06:23 ThievingPhase: Stall ready. Clicking.
2026-07-17 08:06:24 ThievingPhase: Loot detected in slot 1. Clicking it.
2026-07-17 08:06:26 ThievingPhase: Stall ready. Clicking.
2026-07-17 08:06:27 ThievingPhase: Loot detected in slot 1. Clicking it.
2026-07-17 08:06:29 ThievingPhase: Stall ready. Clicking.
2026-07-17 08:06:30 ThievingPhase: Loot detected in slot 1. Clicking it.
2026-07-17 08:06:32 ThievingPhase: Stall ready. Clicking.
2026-07-17 08:06:33 ThievingPhase: Loot detected in slot 1. Clicking it.
2026-07-17 08:06:35 ThievingPhase: Stall ready. Clicking.
2026-07-17 08:06:36 ThievingPhase: Loot detected in slot 1. Clicking it.
2026-07-17 08:06:38 ThievingPhase: Stall ready. Clicking.
2026-07-17 08:06:39 ThievingPhase: Loot detected in slot 1. Clicking it.
2026-07-17 08:06:41 ThievingPhase: Stall ready. Clicking.
2026-07-17 08:06:42 ThievingPhase: Loot detected in slot 1. Clicking it.
2026-07-17 08:06:44 ThievingPhase: Stall ready. Clicking.
2026-07-17 08:06:45 ThievingPhase: Loot detected in slot 1. Clicking it.
2026-07-17 08:06:47 ThievingPhase: Stall ready. Clicking.
2026-07-17 08:06:48 ThievingPhase: Loot detected in slot 1. Clicking it.
2026-07-17 08:06:50 ThievingPhase: Stall ready. Clicking.
2026-07-17 08:06:51 ThievingPhase: Loot detected in slot 1. Clicking it.
2026-07-17 08:06:53 ThievingPhase: Stall ready. Clicking.
2026-07-17 08:06:54 ThievingPhase: Loot detected in slot 1. Clicking it.
2026-07-17 08:06:56 ThievingPhase: Stall ready. Clicking.
2026-07-17 08:06:57 ThievingPhase: Loot detected in slot 1. Clicking it.
2026-07-17 08:06:59 ThievingPhase: Stall ready. Clicking.
2026-07-17 08:07:00 ThievingPhase: Loot detected in slot 1. Clicking it.
2026-07-17 08:07:02 ThievingPhase: Stall ready. Clicking.
2026-07-17 08:07:03 ThievingPhase: Loot detected in slot 1. Clicking it.
2026-07-17 08:07:05 ThievingPhase: Stall ready. Clicking.
2026-07-17 08:07:06 ThievingPhase: Loot detected in slot 1. Clicking it.
2026-07-17 08:07:08 ThievingPhase: Stall ready. Clicking.
2026-07-17 08:07:09 ThievingPhase: Loot detected in slot 1. Clicking it.
2026-07-17 08:07:11 ThievingPhase: Stall ready. Clicking.
2026-07-17 08:07:12 ThievingPhase: Loot detected in slot 1. Clicking it.
2026-07-17 08:07:14 ThievingPhase: Stall ready. Clicking.
2026-07-17 08:07:15 ThievingPhase: Loot detected in slot 1. Clicking it.
2026-07-17 08:07:17 ThievingPhase: Stall ready. Clicking.
2026-07-17 08:07:18 ThievingPhase: Loot detected in slot 1. Clicking it.
2026-07-17 08:07:20 ThievingPhase: Stall ready. Clicking.
2026-07-17 08:07:21 ThievingPhase: Loot detected in slot 1. Clicking it.
2026-07-17 08:07:23 ThievingPhase: Stall ready. Clicking.
2026-07-17 08:07:24 ThievingPhase: Loot detected in slot 1. Clicking it.
2026-07-17 08:07:26 ThievingPhase: Stall ready. Clicking.
2026-07-17 08:07:27 ThievingPhase: Loot detected in slot 1. Clicking it.
2026-07-17 08:07:29 ThievingPhase: Stall ready. Clicking.
2026-07-17 08:07:30 ThievingPhase: Loot detected in slot 1. Clicking it.
2026-07-17 08:07:32 ThievingPhase: Stall ready. Clicking.
2026-07-17 08:07:33 ThievingPhase: Loot detected in slot 1. Clicking it.
2026-07-17 08:07:35 ThievingPhase: Stall ready. Clicking.
2026-07-17 08:07:36 ThievingPhase: Loot detected in slot 1. Clicking it.
2026-07-17 08:07:38 ThievingPhase: Stall ready. Clicking.
2026-07-17 08:07:39 ThievingPhase: Loot detected in slot 1. Clicking it.
2026-07-17 08:07:41 ThievingPhase: Stall ready. Clicking.
2026-07-17 08:07:42 ThievingPhase: Loot detected in slot 1. Clicking it.
2026-07-17 08:07:44 ThievingPhase: Stall ready. Clicking.
2026-07-17 08:07:45 ThievingPhase: Loot detected in slot 1. Clicking it.
2026-07-17 08:07:47 ThievingPhase: Stall ready. Clicking.
2026-07-17 08:07:48 ThievingPhase: Loot detected in slot 1. Clicking it.
2026-07-17 08:07:50 ThievingPhase: Stall ready. Clicking.
2026-07-17 08:07:51 ThievingPhase: Loot detected in slot 1. Clicking it.
2026-07-17 08:07:53 ThievingPhase: Stall ready. Clicking.
2026-07-17 08:07:54 ThievingPhase: Loot detected in slot 1. Clicking it.
2026-07-17 08:07:56 ThievingPhase: Stall ready. Clicking.
2026-07-17 08:07:57 ThievingPhase: Loot detected in slot 1. Clicking it.
2026-07-17 08:07:59 ThievingPhase: Stall ready. Clicking.
2026-07-17 08:08:00 ThievingPhase: Loot detected in slot 1. Clicking it.
2026-07-17 08:08:02 ThievingPhase: Stall ready. Clicking.
2026-07-17 08:08:03 ThievingPhase: Loot detected in slot 1. Clicking it.
2026-07-17 08:08:05 ThievingPhase: Stall ready. Clicking.
2026-07-17 08:08:06 ThievingPhase: Loot detected in slot 1. Clicking it.
2026-07-17 08:08:08 ThievingPhase: Stall ready. Clicking.
2026-07-17 08:08:09 ThievingPhase: Loot detected in slot 1. Clicking it.
2026-07-17 08:08:11 ThievingPhase: Stall ready. Clicking.
2026-07-17 08:08:12 ThievingPhase: Loot detected in slot 1. Clicking it.
2026-07-17 08:08:14 ThievingPhase: Stall ready. Clicking.
2026-07-17 08:08:15 ThievingPhase: Loot detected in slot 1. Clicking it.
2026-07-17 08:08:17 ThievingPhase: Stall ready. Clicking.
2026-07-17 08:08:18 ThievingPhase: Loot detected in slot 1. Clicking it.
2026-07-17 08:08:20 ThievingPhase: Stall ready. Clicking.
2026-07-17 08:08:21 ThievingPhase: Loot detected in slot 1. Clicking it.
2026-07-17 08:08:23 ThievingPhase: Stall ready. Clicking.
2026-07-17 08:08:24 ThievingPhase: Loot detected in slot 1. Clicking it.
2026-07-17 08:08:26 ThievingPhase: Stall ready. Clicking.
2026-07-17 08:08:27 ThievingPhase: Loot detected in slot 1. Clicking it.
2026-07-17 08:08:29 ThievingPhase: Stall ready. Clicking.
2026-07-17 08:08:30 ThievingPhase: Loot detected in slot 1. Clicking it.
2026-07-17 08:08:32 ThievingPhase: Stall ready. Clicking.
2026-07-17 08:08:33 ThievingPhase: Loot detected in slot 1. Clicking it.
2026-07-17 08:08:35 ThievingPhase: Stall ready. Clicking.
2026-07-17 08:08:36 ThievingPhase: Loot detected in slot 1. Clicking it.
2026-07-17 08:08:38 ThievingPhase: Stall ready. Clicking.
2026-07-17 08:08:39 ThievingPhase: Loot detected in slot 1. Clicking it.
2026-07-17 08:08:41 ThievingPhase: Stall ready. Clicking.
2026-07-17 08:08:42 ThievingPhase: Loot detected in slot 1. Clicking it.
2026-07-17 08:08:44 ThievingPhase: Stall ready. Clicking.
2026-07-17 08:08:45 ThievingPhase: Loot detected in slot 1. Clicking it.
2026-07-17 08:08:47 ThievingPhase: Stall ready. Clicking.
2026-07-17 08:08:48 ThievingPhase: Loot detected in slot 1. Clicking it.
2026-07-17 08:08:50 ThievingPhase: Stall ready. Clicking.
2026-07-17 08:08:51 ThievingPhase: Loot detected in slot 1. Clicking it.
2026-07-17 08:08:53 ThievingPhase: Stall ready. Clicking.
2026-07-17 08:08:54 ThievingPhase: Loot detected in slot 1. Clicking it.
2026-07-17 08:08:56 ThievingPhase: Stall ready. Clicking.
2026-07-17 08:08:57 ThievingPhase: Loot detected in slot 1. Clicking it.
2026-07-17 08:08:59 ThievingPhase: Stall ready. Clicking.
2026-07-17 08:09:00 ThievingPhase: Loot detected in slot 1. Clicking it.
2026-07-17 08:09:02 ThievingPhase: Stall ready. Clicking.
2026-07-17 08:09:03 ThievingPhase: Loot detected in slot 1. Clicking it.
2026-07-17 08:09:05 ThievingPhase: Stall ready. Clicking.
2026-07-17 08:09:06 ThievingPhase: Loot detected in slot 1. Clicking it.
2026-07-17 08:09:08 ThievingPhase: Stall ready. Clicking.
2026-07-17 08:09:09 ThievingPhase: Loot detected in slot 1. Clicking it.
2026-07-17 08:09:11 ThievingPhase: Stall ready. Clicking.
2026-07-17 08:09:12 ThievingPhase: Loot detected in slot 1. Clicking it.
2026-07-17 08:09:14 ThievingPhase: Stall ready. Clicking.
2026-07-17 08:09:15 ThievingPhase: Loot detected in slot 1. Clicking it.
2026-07-17 08:09:17 ThievingPhase: Stall ready. Clicking.
2026-07-17 08:09:18 ThievingPhase: Loot detected in slot 1. Clicking it.
2026-07-17 08:09:20 ThievingPhase: Stall ready. Clicking.
2026-07-17 08:09:21 ThievingPhase: Loot detected in slot 1. Clicking it.
2026-07-17 08:09:23 ThievingPhase: Stall ready. Clicking.
2026-07-17 08:09:24 ThievingPhase: Loot detected in slot 1. Clicking it.
2026-07-17 08:09:26 ThievingPhase: Stall ready. Clicking.
2026-07-17 08:09:27 ThievingPhase: Loot detected in slot 1. Clicking it.
2026-07-17 08:09:29 ThievingPhase: Stall ready. Clicking.
2026-07-17 08:09:30 ThievingPhase: Loot detected in slot 1. Clicking it.
2026-07-17 08:09:32 ThievingPhase: Stall ready. Clicking.
2026-07-17 08:09:33 ThievingPhase: Loot detected in slot 1. Clicking it.
2026-07-17 08:09:35 ThievingPhase: Stall ready. Clicking.
2026-07-17 08:09:36 ThievingPhase: Loot detected in slot 1. Clicking it.
2026-07-17 08:09:38 ThievingPhase: Stall ready. Clicking.
2026-07-17 08:09:39 ThievingPhase: Loot detected in slot 1. Clicking it.
2026-07-17 08:09:41 ThievingPhase: Stall ready. Clicking.
2026-07-17 08:09:42 ThievingPhase: Loot detected in slot 1. Clicking it.
2026-07-17 08:09:44 ThievingPhase: Stall ready. Clicking.
2026-07-17 08:09:45 ThievingPhase: Loot detected in slot 1. Clicking it.
2026-07-17 08:09:47 ThievingPhase: Stall ready. Clicking.
2026-07-17 08:09:48 ThievingPhase: Loot detected in slot 1. Clicking it.
2026-07-17 08:09:50 ThievingPhase: Stall ready. Clicking.
2026-07-17 08:09:51 ThievingPhase: Loot detected in slot 1. Clicking it.
2026-07-17 08:09:53 ThievingPhase: Stall ready. Clicking.
2026-07-17 08:09:54 ThievingPhase: Loot detected in slot 1. Clicking it.
2026-07-17 08:09:56 ThievingPhase: Stall ready. Clicking.
2026-07-17 08:09:57 ThievingPhase: Loot detected in slot 1. Clicking it.
2026-07-17 08:09:59 ThievingPhase: Stall ready. Clicking.
2026-07-17 08:10:00 ThievingPhase: Loot detected in slot 1. Clicking it.
2026-07-17 08:10:02 ThievingPhase: Stall ready. Clicking.
2026-07-17 08:10:03 ThievingPhase: Loot detected in slot 1. Clicking it.
2026-07-17 08:10:05 ThievingPhase: Stall ready. Clicking.
2026-07-17 08:10:06 ThievingPhase: Loot detected in slot 1. Clicking it.
2026-07-17 08:10:08 ThievingPhase: Stall ready. Clicking.
2026-07-17 08:10:09 ThievingPhase: Loot detected in slot 1. Clicking it.
2026-07-17 08:10:11 ThievingPhase: Stall ready. Clicking.
2026-07-17 08:10:12 ThievingPhase: Loot detected in slot 1. Clicking it.
2026-07-17 08:10:14 ThievingPhase: Stall ready. Clicking.
2026-07-17 08:10:15 ThievingPhase: Loot detected in slot 1. Clicking it.
2026-07-17 08:10:17 ThievingPhase: Stall ready. Clicking.
2026-07-17 08:10:18 ThievingPhase: Loot detected in slot 1. Clicking it.
2026-07-17 08:10:20 ThievingPhase: Stall ready. Clicking.
2026-07-17 08:10:21 ThievingPhase: Loot detected in slot 1. Clicking it.
2026-07-17 08:10:23 ThievingPhase: Stall ready. Clicking.
2026-07-17 08:10:24 ThievingPhase: Loot detected in slot 1. Clicking it.
2026-07-17 08:10:26 ThievingPhase: Stall ready. Clicking.
2026-07-17 08:10:27 ThievingPhase: Loot detected in slot 1. Clicking it.
2026-07-17 08:10:29 ThievingPhase: Stall ready. Clicking.
2026-07-17 08:10:30 ThievingPhase: Loot detected in slot 1. Clicking it.
2026-07-17 08:10:32 ThievingPhase: Stall ready. Clicking.
2026-07-17 08:10:33 ThievingPhase: Loot detected in slot 1. Clicking it.
2026-07-17 08:10:35 ThievingPhase: Stall ready. Clicking.
2026-07-17 08:10:36 ThievingPhase: Loot detected in slot 1. Clicking it.
2026-07-17 08:10:38 ThievingPhase: Stall ready. Clicking.
2026-07-17 08:10:39 ThievingPhase: Loot detected in slot 1. Clicking it.
2026-07-17 08:10:41 ThievingPhase: Stall ready. Clicking.
2026-07-17 08:10:42 ThievingPhase: Loot detected in slot 1. Clicking it.
2026-07-17 08:10:44 ThievingPhase: Stall ready. Clicking.
2026-07-17 08:10:45 ThievingPhase: Loot detected in slot 1. Clicking it.
2026-07-17 08:10:47 ThievingPhase: Stall ready. Clicking.
2026-07-17 08:10:48 ThievingPhase: Loot detected in slot 1. Clicking it.
2026-07-17 08:10:50 ThievingPhase: Stall ready. Clicking.
2026-07-17 08:10:51 ThievingPhase: Loot detected in slot 1. Clicking it.
2026-07-17 08:10:53 ThievingPhase: Stall ready. Clicking.
2026-07-17 08:10:54 ThievingPhase: Loot detected in slot 1. Clicking it.
2026-07-17 08:10:56 ThievingPhase: Stall ready. Clicking.
2026-07-17 08:10:57 ThievingPhase: Loot detected in slot 1. Clicking it.
2026-07-17 08:10:59 ThievingPhase: Stall ready. Clicking.
2026-07-17 08:11:00 ThievingPhase: Loot detected in slot 1. Clicking it.
2026-07-17 08:11:02 ThievingPhase: Stall ready. Clicking.
2026-07-17 08:11:03 ThievingPhase: Loot detected in slot 1. Clicking it.
2026-07-17 08:11:05 ThievingPhase: Stall ready. Clicking.
2026-07-17 08:11:06 ThievingPhase: Loot detected in slot 1. Clicking it.
2026-07-17 08:11:08 ThievingPhase: Stall ready. Clicking.
2026-07-17 08:11:09 ThievingPhase: Loot detected in slot 1. Clicking it.
2026-07-17 08:11:11 ThievingPhase: Stall ready. Clicking.
2026-07-17 08:11:12 ThievingPhase: Loot detected in slot 1. Clicking it.
2026-07-17 08:11:14 ThievingPhase: Stall ready. Clicking.
2026-07-17 08:11:15 ThievingPhase: Loot detected in slot 1. Clicking it.
2026-07-17 08:11:17 ThievingPhase: Stall ready. Clicking.
2026-07-17 08:11:18 ThievingPhase: Loot detected in slot 1. Clicking it.
2026-07-17 08:11:20 ThievingPhase: Stall ready. Clicking.
2026-07-17 08:11:21 ThievingPhase: Loot detected in slot 1. Clicking it.
2026-07-17 08:11:23 ThievingPhase: Stall ready. Clicking.
2026-07-17 08:11:24 ThievingPhase: Loot detected in slot 1. Clicking it.
2026-07-17 08:11:26 ThievingPhase: Stall ready. Clicking.
2026-07-17 08:11:27 ThievingPhase: Loot detected in slot 1. Clicking it.
2026-07-17 08:11:29 ThievingPhase: Stall ready. Clicking.
2026-07-17 08:11:30 ThievingPhase: Loot detected in slot 1. Clicking it.
2026-07-17 08:11:32 ThievingPhase: Stall ready. Clicking.
2026-07-17 08:11:33 ThievingPhase: Loot detected in slot 1. Clicking it.
2026-07-17 08:11:35 ThievingPhase: Stall ready. Clicking.
2026-07-17 08:11:36 ThievingPhase: Loot detected in slot 1. Clicking it.
2026-07-17 08:11:38 ThievingPhase: Stall ready. Clicking.
2026-07-17 08:11:39 ThievingPhase: Loot detected in slot 1. Clicking it.
2026-07-17 08:11:41 ThievingPhase: Stall ready. Clicking.
2026-07-17 08:11:42 ThievingPhase: Loot detected in slot 1. Clicking it.
2026-07-17 08:11:44 ThievingPhase: Stall ready. Clicking.
2026-07-17 08:11:45 ThievingPhase: Loot detected in slot 1. Clicking it.
2026-07-17 08:11:47 ThievingPhase: Stall ready. Clicking.
2026-07-17 08:11:48 ThievingPhase: Loot detected in slot 1. Clicking it.
2026-07-17 08:11:50 ThievingPhase: Stall ready. Clicking.
2026-07-17 08:11:51 ThievingPhase: Loot detected in slot 1. Clicking it.
2026-07-17 08:11:53 ThievingPhase: Stall ready. Clicking.
2026-07-17 08:11:54 ThievingPhase: Loot detected in slot 1. Clicking it.
2026-07-17 08:11:56 ThievingPhase: Stall ready. Clicking.
2026-07-17 08:11:57 ThievingPhase: Loot detected in slot 1. Clicking it.
2026-07-17 08:11:59 ThievingPhase: Stall ready. Clicking.
2026-07-17 08:12:00 ThievingPhase: Loot detected in slot 1. Clicking it.
2026-07-17 08:12:02 ThievingPhase: Stall ready. Clicking.
2026-07-17 08:12:03 ThievingPhase: Loot detected in slot 1. Clicking it.
2026-07-17 08:12:05 ThievingPhase: Stall ready. Clicking.
2026-07-17 08:12:06 ThievingPhase: Loot detected in slot 1. Clicking it.
2026-07-17 08:12:08 ThievingPhase: Stall ready. Clicking.
2026-07-17 08:12:09 ThievingPhase: Loot detected in slot 1. Clicking it.
2026-07-17 08:12:11 ThievingPhase: Stall ready. Clicking.
2026-07-17 08:12:12 ThievingPhase: Loot detected in slot 1. Clicking it.
2026-07-17 08:12:14 ThievingPhase: Stall ready. Clicking.
2026-07-17 08:12:15 ThievingPhase: Loot detected in slot 1. Clicking it.
2026-07-17 08:12:17 ThievingPhase: Stall ready. Clicking.
2026-07-17 08:12:18 ThievingPhase: Loot detected in slot 1. Clicking it.
2026-07-17 08:12:20 ThievingPhase: Stall ready. Clicking.
2026-07-17 08:12:21 ThievingPhase: Loot detected in slot 1. Clicking it.
2026-07-17 08:12:23 ThievingPhase: Stall ready. Clicking.
2026-07-17 08:12:24 ThievingPhase: Loot detected in slot 1. Clicking it.
2026-07-17 08:12:26 ThievingPhase: Stall ready. Clicking.
2026-07-17 08:12:27 ThievingPhase: Loot detected in slot 1. Clicking it.
2026-07-17 08:12:29 ThievingPhase: Stall ready. Clicking.
2026-07-17 08:12:30 ThievingPhase: Loot detected in slot 1. Clicking it.
2026-07-17 08:12:32 ThievingPhase: Stall ready. Clicking.
2026-07-17 08:12:33 ThievingPhase: Loot detected in slot 1. Clicking it.
2026-07-17 08:12:35 ThievingPhase: Stall ready. Clicking.
2026-07-17 08:12:36 ThievingPhase: Loot detected in slot 1. Clicking it.
2026-07-17 08:12:38 ThievingPhase: Stall ready. Clicking.
2026-07-17 08:12:39 ThievingPhase: Loot detected in slot 1. Clicking it.
2026-07-17 08:12:41 ThievingPhase: Stall ready. Clicking.
2026-07-17 08:12:42 ThievingPhase: Loot detected in slot 1. Clicking it.
2026-07-17 08:12:44 ThievingPhase: Stall ready. Clicking.
2026-07-17 08:12:45 ThievingPhase: Loot detected in slot 1. Clicking it.
2026-07-17 08:12:47 ThievingPhase: Stall ready. Clicking.
2026-07-17 08:12:48 ThievingPhase: Loot detected in slot 1. Clicking it.
2026-07-17 08:12:50 ThievingPhase: Stall ready. Clicking.
2026-07-17 08:12:51 ThievingPhase: Loot detected in slot 1. Clicking it.
2026-07-17 08:12:53 ThievingPhase: Stall ready. Clicking.
2026-07-17 08:12:54 ThievingPhase: Loot detected in slot 1. Clicking it.
2026-07-17 08:12:56 ThievingPhase: Stall ready. Clicking.
2026-07-17 08:12:57 ThievingPhase: Loot detected in slot 1. Clicking it.
2026-07-17 08:12:59 ThievingPhase: Stall ready. Clicking.
2026-07-17 08:13:00 ThievingPhase: Loot detected in slot 1. Clicking it.
2026-07-17 08:13:02 ThievingPhase: Stall ready. Clicking.
2026-07-17 08:13:03 ThievingPhase: Loot detected in slot 1. Clicking it.
2026-07-17 08:13:05 ThievingPhase: Stall ready. Clicking.
2026-07-17 08:13:06 ThievingPhase: Loot detected in slot 1. Clicking it.
2026-07-17 08:13:08 ThievingPhase: Stall ready. Clicking.
2026-07-17 08:13:09 ThievingPhase: Loot detected in slot 1. Clicking it.
2026-07-17 08:13:11 ThievingPhase: Stall ready. Clicking.
2026-07-17 08:13:12 ThievingPhase: Loot detected in slot 1. Clicking it.
2026-07-17 08:13:14 ThievingPhase: Stall ready. Clicking.
2026-07-17 08:13:15 ThievingPhase: Loot detected in slot 1. Clicking it.
2026-07-17 08:13:17 ThievingPhase: Stall ready. Clicking.
2026-07-17 08:13:18 ThievingPhase: Loot detected in slot 1. Clicking it.
2026-07-17 08:13:20 ThievingPhase: Stall ready. Clicking.
2026-07-17 08:13:21 ThievingPhase: Loot detected in slot 1. Clicking it.
2026-07-17 08:13:23 ThievingPhase: Stall ready. Clicking.
2026-07-17 08:13:24 ThievingPhase: Loot detected in slot 1. Clicking it.
2026-07-17 08:13:26 ThievingPhase: Stall ready. Clicking.
2026-07-17 08:13:27 ThievingPhase: Loot detected in slot 1. Clicking it.
2026-07-17 08:13:29 ThievingPhase: Stall ready. Clicking.
2026-07-17 08:13:30 ThievingPhase: Loot detected in slot 1. Clicking it.
2026-07-17 08:13:32 ThievingPhase: Stall ready. Clicking.
2026-07-17 08:13:33 ThievingPhase: Loot detected in slot 1. Clicking it.
2026-07-17 08:13:35 ThievingPhase: Stall ready. Clicking.
2026-07-17 08:13:36 ThievingPhase: Loot detected in slot 1. Clicking it.
2026-07-17 08:13:38 ThievingPhase: Stall ready. Clicking.
2026-07-17 08:13:40 ThievingPhase: No loot after 2000ms - assuming detected, waiting for combat.
2026-07-17 08:13:44 WaitCombatPhase: No combat signal after 4000ms - retrying
2026-07-17 08:13:45 ThievingPhase: Stall ready. Clicking.
2026-07-17 08:13:46 ThievingPhase: Loot detected in slot 1. Clicking it.
2026-07-17 08:13:48 ThievingPhase: Stall ready. Clicking.
2026-07-17 08:13:49 ThievingPhase: Loot detected in slot 1. Clicking it.
2026-07-17 08:13:51 ThievingPhase: Stall ready. Clicking.
2026-07-17 08:13:52 ThievingPhase: Loot detected in slot 1. Clicking it.
2026-07-17 08:13:54 ThievingPhase: Stall ready. Clicking.
2026-07-17 08:13:55 ThievingPhase: Loot detected in slot 1. Clicking it.
2026-07-17 08:13:57 ThievingPhase: Stall ready. Clicking.
2026-07-17 08:13:58 ThievingPhase: Loot detected in slot 1. Clicking it.
2026-07-17 08:14:00 ThievingPhase: Stall ready. Clicking.
2026-07-17 08:14:01 ThievingPhase: Loot detected in slot 1. Clicking it.
2026-07-17 08:14:03 ThievingPhase: Stall ready. Clicking.
2026-07-17 08:14:04 ThievingPhase: Loot detected in slot 1. Clicking it.
2026-07-17 08:14:06 ThievingPhase: Stall ready. Clicking.
2026-07-17 08:14:07 ThievingPhase: Loot detected in slot 1. Clicking it.
2026-07-17 08:14:09 ThievingPhase: Stall ready. Clicking.
2026-07-17 08:14:10 ThievingPhase: Loot detected in slot 1. Clicking it.
2026-07-17 08:14:12 ThievingPhase: Stall ready. Clicking.
2026-07-17 08:14:13 ThievingPhase: Loot detected in slot 1. Clicking it.
2026-07-17 08:14:15 ThievingPhase: Stall ready. Clicking.
2026-07-17 08:14:16 ThievingPhase: Loot detected in slot 1. Clicking it.
2026-07-17 08:14:18 ThievingPhase: Stall ready. Clicking.
2026-07-17 08:14:19 ThievingPhase: Loot detected in slot 1. Clicking it.
2026-07-17 08:14:21 ThievingPhase: Stall ready. Clicking.
2026-07-17 08:14:22 ThievingPhase: Loot detected in slot 1. Clicking it.
2026-07-17 08:14:24 ThievingPhase: Stall ready. Clicking.
2026-07-17 08:14:25 ThievingPhase: Loot detected in slot 1. Clicking it.
2026-07-17 08:14:27 ThievingPhase: Stall ready. Clicking.
2026-07-17 08:14:29 ThievingPhase: No loot after 2000ms - assuming detected, waiting for combat.
2026-07-17 08:14:33 WaitCombatPhase: No combat signal after 4000ms - retrying
2026-07-17 08:14:33 ThievingPhase: Stall ready. Clicking.
2026-07-17 08:14:34 ThievingPhase: Loot detected in slot 1. Clicking it.
2026-07-17 08:14:36 ThievingPhase: Stall ready. Clicking.
2026-07-17 08:14:37 ThievingPhase: Loot detected in slot 1. Clicking it.
2026-07-17 08:14:39 ThievingPhase: Stall ready. Clicking.
2026-07-17 08:14:40 ThievingPhase: Loot detected in slot 1. Clicking it.
2026-07-17 08:14:42 ThievingPhase: Stall ready. Clicking.
2026-07-17 08:14:43 ThievingPhase: Loot detected in slot 1. Clicking it.
2026-07-17 08:14:45 ThievingPhase: Stall ready. Clicking.
2026-07-17 08:14:46 ThievingPhase: Loot detected in slot 1. Clicking it.
2026-07-17 08:14:48 ThievingPhase: Stall ready. Clicking.
2026-07-17 08:14:49 ThievingPhase: Loot detected in slot 1. Clicking it.
2026-07-17 08:14:51 ThievingPhase: Stall ready. Clicking.
2026-07-17 08:14:52 ThievingPhase: Loot detected in slot 1. Clicking it.
2026-07-17 08:14:54 ThievingPhase: Stall ready. Clicking.
2026-07-17 08:14:55 ThievingPhase: Loot detected in slot 1. Clicking it.
2026-07-17 08:14:57 ThievingPhase: Stall ready. Clicking.
2026-07-17 08:14:59 ThievingPhase: Loot detected in slot 1. Clicking it.
2026-07-17 08:15:00 ThievingPhase: Stall ready. Clicking.
2026-07-17 08:15:01 ThievingPhase: Loot detected in slot 1. Clicking it.
2026-07-17 08:15:03 ThievingPhase: Stall ready. Clicking.
2026-07-17 08:15:04 ThievingPhase: Loot detected in slot 1. Clicking it.
2026-07-17 08:15:06 ThievingPhase: Stall ready. Clicking.
2026-07-17 08:15:07 ThievingPhase: Loot detected in slot 1. Clicking it.
2026-07-17 08:15:09 ThievingPhase: Stall ready. Clicking.
2026-07-17 08:15:10 ThievingPhase: Loot detected in slot 1. Clicking it.
2026-07-17 08:15:12 ThievingPhase: Stall ready. Clicking.
2026-07-17 08:15:13 ThievingPhase: Loot detected in slot 1. Clicking it.
2026-07-17 08:15:15 ThievingPhase: Stall ready. Clicking.
2026-07-17 08:15:16 ThievingPhase: Loot detected in slot 1. Clicking it.
2026-07-17 08:15:18 ThievingPhase: Stall ready. Clicking.
2026-07-17 08:15:19 ThievingPhase: Loot detected in slot 1. Clicking it.
2026-07-17 08:15:21 ThievingPhase: Stall ready. Clicking.
2026-07-17 08:15:22 ThievingPhase: Loot detected in slot 1. Clicking it.
2026-07-17 08:15:24 ThievingPhase: Stall ready. Clicking.
2026-07-17 08:15:25 ThievingPhase: Loot detected in slot 1. Clicking it.
2026-07-17 08:15:27 ThievingPhase: Stall ready. Clicking.
2026-07-17 08:15:28 ThievingPhase: Loot detected in slot 1. Clicking it.
2026-07-17 08:15:30 ThievingPhase: Stall ready. Clicking.
2026-07-17 08:15:31 ThievingPhase: Loot detected in slot 1. Clicking it.
2026-07-17 08:15:33 ThievingPhase: Stall ready. Clicking.
2026-07-17 08:15:34 ThievingPhase: Loot detected in slot 1. Clicking it.
2026-07-17 08:15:36 ThievingPhase: Stall ready. Clicking.
2026-07-17 08:15:37 ThievingPhase: Loot detected in slot 1. Clicking it.
2026-07-17 08:15:39 ThievingPhase: Stall ready. Clicking.
2026-07-17 08:15:40 ThievingPhase: Loot detected in slot 1. Clicking it.
2026-07-17 08:15:42 ThievingPhase: Stall ready. Clicking.
2026-07-17 08:15:43 ThievingPhase: Loot detected in slot 1. Clicking it.
2026-07-17 08:15:45 ThievingPhase: Stall ready. Clicking.
2026-07-17 08:15:46 ThievingPhase: Loot detected in slot 1. Clicking it.
2026-07-17 08:15:48 ThievingPhase: Stall ready. Clicking.
2026-07-17 08:15:49 ThievingPhase: Loot detected in slot 1. Clicking it.
2026-07-17 08:15:51 ThievingPhase: Stall ready. Clicking.
2026-07-17 08:15:52 ThievingPhase: Loot detected in slot 1. Clicking it.
2026-07-17 08:15:54 ThievingPhase: Stall ready. Clicking.
2026-07-17 08:15:55 ThievingPhase: Loot detected in slot 1. Clicking it.
2026-07-17 08:15:57 ThievingPhase: Stall ready. Clicking.
2026-07-17 08:15:58 ThievingPhase: Loot detected in slot 1. Clicking it.
2026-07-17 08:16:00 ThievingPhase: Stall ready. Clicking.
2026-07-17 08:16:01 ThievingPhase: Loot detected in slot 1. Clicking it.
2026-07-17 08:16:03 ThievingPhase: Stall ready. Clicking.
2026-07-17 08:16:04 ThievingPhase: Loot detected in slot 1. Clicking it.
2026-07-17 08:16:06 ThievingPhase: Stall ready. Clicking.
2026-07-17 08:16:07 ThievingPhase: Loot detected in slot 1. Clicking it.
2026-07-17 08:16:09 ThievingPhase: Stall ready. Clicking.
2026-07-17 08:16:10 ThievingPhase: Loot detected in slot 1. Clicking it.
2026-07-17 08:16:12 ThievingPhase: Stall ready. Clicking.
2026-07-17 08:16:13 ThievingPhase: Loot detected in slot 1. Clicking it.
2026-07-17 08:16:15 ThievingPhase: Stall ready. Clicking.
2026-07-17 08:16:16 ThievingPhase: Loot detected in slot 1. Clicking it.
2026-07-17 08:16:18 ThievingPhase: Stall ready. Clicking.
2026-07-17 08:16:19 ThievingPhase: Loot detected in slot 1. Clicking it.
2026-07-17 08:16:21 ThievingPhase: Stall ready. Clicking.
2026-07-17 08:16:22 ThievingPhase: Loot detected in slot 1. Clicking it.
2026-07-17 08:16:24 ThievingPhase: Stall ready. Clicking.
2026-07-17 08:16:25 ThievingPhase: Loot detected in slot 1. Clicking it.
2026-07-17 08:16:27 ThievingPhase: Stall ready. Clicking.
2026-07-17 08:16:28 ThievingPhase: Loot detected in slot 1. Clicking it.
2026-07-17 08:16:30 ThievingPhase: Stall ready. Clicking.
2026-07-17 08:16:31 ThievingPhase: Loot detected in slot 1. Clicking it.
2026-07-17 08:16:33 ThievingPhase: Stall ready. Clicking.
2026-07-17 08:16:35 ThievingPhase: No loot after 2000ms - assuming detected, waiting for combat.
2026-07-17 08:16:40 WaitCombatPhase: No combat signal after 4000ms - retrying
2026-07-17 08:16:40 ThievingPhase: Stall ready. Clicking.
2026-07-17 08:16:41 ThievingPhase: Loot detected in slot 1. Clicking it.
2026-07-17 08:16:43 ThievingPhase: Stall ready. Clicking.
2026-07-17 08:16:44 ThievingPhase: Loot detected in slot 1. Clicking it.
2026-07-17 08:16:46 ThievingPhase: Stall ready. Clicking.
2026-07-17 08:16:47 ThievingPhase: Loot detected in slot 1. Clicking it.
2026-07-17 08:16:49 ThievingPhase: Stall ready. Clicking.
2026-07-17 08:16:50 ThievingPhase: Loot detected in slot 1. Clicking it.
2026-07-17 08:16:52 ThievingPhase: Stall ready. Clicking.
2026-07-17 08:16:53 ThievingPhase: Loot detected in slot 1. Clicking it.
2026-07-17 08:16:55 ThievingPhase: Stall ready. Clicking.
2026-07-17 08:16:56 ThievingPhase: Loot detected in slot 1. Clicking it.
2026-07-17 08:16:58 ThievingPhase: Stall ready. Clicking.
2026-07-17 08:16:59 ThievingPhase: Loot detected in slot 1. Clicking it.
2026-07-17 08:17:01 ThievingPhase: Stall ready. Clicking.
2026-07-17 08:17:02 ThievingPhase: Loot detected in slot 1. Clicking it.
2026-07-17 08:17:04 ThievingPhase: Stall ready. Clicking.
2026-07-17 08:17:05 ThievingPhase: Loot detected in slot 1. Clicking it.
2026-07-17 08:17:07 ThievingPhase: Stall ready. Clicking.
2026-07-17 08:17:08 ThievingPhase: Loot detected in slot 1. Clicking it.
2026-07-17 08:17:10 ThievingPhase: Stall ready. Clicking.
2026-07-17 08:17:11 ThievingPhase: Loot detected in slot 1. Clicking it.
2026-07-17 08:17:13 ThievingPhase: Stall ready. Clicking.
2026-07-17 08:17:14 ThievingPhase: Loot detected in slot 1. Clicking it.
2026-07-17 08:17:15 Engine: stopped - Stopped (F6)
