2026-07-13 00:42:46 Engine: started at phase 'mine'
2026-07-13 00:42:46 MinePhase: Clicked vein A at [1198, 697]
2026-07-13 00:42:55 MinePhase: Vein A depleted. Checking for another.
2026-07-13 00:42:55 MinePhase: Clicked vein B at [1232, 732]
2026-07-13 00:43:11 Engine: stopped - Stopped (F6)
2026-07-13 00:43:48 Engine: started at phase 'mine'
2026-07-13 00:43:48 MinePhase: Clicked vein A at [1198, 697]
2026-07-13 00:44:10 MinePhase: Vein A depleted. Checking for another.
2026-07-13 00:44:10 MinePhase: Clicked vein B at [1232, 732]
2026-07-13 00:44:24 MinePhase: Vein B depleted. Checking for another.
2026-07-13 00:44:24 MinePhase: Clicked vein A at [1198, 697]
2026-07-13 00:44:38 MinePhase: Vein A depleted. Checking for another.
2026-07-13 00:44:39 MinePhase: Clicked vein B at [1232, 732]
2026-07-13 00:44:56 MinePhase: Inventory full, transitioning to depositBank
2026-07-13 00:44:57 DepositBankPhase: Clicked deposit container at [996, 500]
2026-07-13 00:44:57 DepositBankPhase: Waiting for deposit box to open...
2026-07-13 00:44:59 DepositBankPhase: Deposited all - returning to mine
2026-07-13 00:44:59 ReturnToMinePhase: Clicked return point at [1428, 886]
2026-07-13 00:45:02 ReturnToMinePhase: Arrived - vein visible. Resuming mining.
2026-07-13 00:45:02 MinePhase: Clicked vein A at [1198, 697]
2026-07-13 00:45:04 MinePhase: Vein A depleted. Checking for another.
2026-07-13 00:45:04 MinePhase: Clicked vein B at [1232, 732]
2026-07-13 00:45:20 Engine: stopped - Stopped (F6)
2026-07-13 00:49:02 Engine: started at phase 'mine'
2026-07-13 00:49:02 MinePhase: Inventory full, transitioning to depositBank
2026-07-13 00:49:02 DepositBankPhase: Clicked deposit container at [996, 500]
2026-07-13 00:49:02 DepositBankPhase: Waiting for deposit box to open...
2026-07-13 00:49:04 DepositBankPhase: Deposited all - returning to mine
2026-07-13 00:49:05 ReturnToMinePhase: Clicked return point at [1438, 906]
2026-07-13 00:49:07 ReturnToMinePhase: Arrived - vein visible. Resuming mining.
2026-07-13 00:49:08 MinePhase: Clicked vein A at [1198, 697]
2026-07-13 00:49:20 MinePhase: Vein A depleted. Checking for another.
2026-07-13 00:49:20 MinePhase: Clicked vein B at [1240, 740]
2026-07-13 00:49:54 Engine: started at phase 'mine'
2026-07-13 00:49:55 MinePhase: Inventory full, transitioning to depositBank
2026-07-13 00:49:55 DepositBankPhase: Clicked deposit container at [996, 500]
2026-07-13 00:49:55 DepositBankPhase: Waiting for deposit box to open...
2026-07-13 00:49:57 DepositBankPhase: Deposited all - returning to mine
2026-07-13 00:49:57 ReturnToMinePhase: Clicked return point at [1438, 906]
2026-07-13 00:50:00 ReturnToMinePhase: Arrived - vein visible. Resuming mining.
2026-07-13 00:50:00 MinePhase: Clicked vein A at [1198, 697]
2026-07-13 00:50:01 MinePhase: Vein A depleted. Checking for another.
2026-07-13 00:50:05 MinePhase: Clicked vein A at [1198, 697]
2026-07-13 00:50:07 MinePhase: Vein A depleted. Checking for another.
2026-07-13 00:50:10 Engine: started at phase 'mine'
2026-07-13 00:50:11 MinePhase: Clicked vein A at [1198, 697]
2026-07-13 00:50:22 Engine: started at phase 'mine'
2026-07-13 00:50:22 MinePhase: Inventory full, transitioning to depositBank
2026-07-13 00:50:22 DepositBankPhase: Clicked deposit container at [996, 500]
2026-07-13 00:50:22 DepositBankPhase: Waiting for deposit box to open...
2026-07-13 00:50:24 DepositBankPhase: Deposited all - returning to mine
2026-07-13 00:50:24 ReturnToMinePhase: Clicked return point at [1438, 906]
2026-07-13 00:50:27 ReturnToMinePhase: Arrived - vein visible. Resuming mining.
2026-07-13 00:50:27 MinePhase: Clicked vein A at [1198, 697]
2026-07-13 00:50:29 MinePhase: Vein A depleted. Checking for another.
2026-07-13 00:50:29 MinePhase: Clicked vein B at [1240, 740]
2026-07-13 00:50:40 MinePhase: Vein B depleted. Checking for another.
2026-07-13 00:50:43 MinePhase: Clicked vein A at [1198, 697]
2026-07-13 00:50:47 Engine: stopped - Stopped (F6)
2026-07-13 00:50:55 Engine: started at phase 'mine'
2026-07-13 00:50:55 MinePhase: Inventory full, transitioning to depositBank
2026-07-13 00:50:55 DepositBankPhase: Clicked deposit container at [996, 500]
2026-07-13 00:50:55 DepositBankPhase: Waiting for deposit box to open...
2026-07-13 00:50:57 DepositBankPhase: Deposited all - returning to mine
2026-07-13 00:50:57 ReturnToMinePhase: Clicked return point at [1438, 906]
2026-07-13 00:51:00 ReturnToMinePhase: Arrived - vein visible. Resuming mining.
2026-07-13 00:51:00 MinePhase: Clicked vein A at [1198, 697]
2026-07-13 00:51:10 Engine: stopped - Stopped (F6)
2026-07-13 00:51:39 Engine: started at phase 'mine'
2026-07-13 00:51:40 MinePhase: Clicked vein A at [1198, 697]
2026-07-13 00:51:42 Engine: stopped - Stopped (F6)
2026-07-13 00:51:48 Engine: started at phase 'mine'
2026-07-13 00:51:50 Engine: stopped - Stopped (F6)
2026-07-13 00:51:52 Engine: started at phase 'mine'
2026-07-13 00:51:54 Engine: started at phase 'mine'
2026-07-13 00:51:55 MinePhase: Clicked vein B at [1240, 740]
2026-07-13 00:52:07 MinePhase: Vein B depleted. Checking for another.
2026-07-13 00:52:07 MinePhase: Clicked vein A at [1198, 697]
2026-07-13 00:52:34 MinePhase: Vein A depleted. Checking for another.
2026-07-13 00:52:34 MinePhase: Clicked vein B at [1240, 740]
2026-07-13 00:52:50 MinePhase: Vein B depleted. Checking for another.
2026-07-13 00:52:51 MinePhase: Clicked vein A at [1198, 697]
2026-07-13 00:53:05 MinePhase: Vein A depleted. Checking for another.
2026-07-13 00:53:05 MinePhase: Clicked vein B at [1240, 740]
2026-07-13 00:53:28 MinePhase: Vein B depleted. Checking for another.
2026-07-13 00:53:28 MinePhase: Clicked vein A at [1198, 697]
2026-07-13 00:53:34 MinePhase: Inventory full, transitioning to depositBank
2026-07-13 00:53:34 DepositBankPhase: Clicked deposit container at [996, 500]
2026-07-13 00:53:34 DepositBankPhase: Waiting for deposit box to open...
2026-07-13 00:53:36 DepositBankPhase: Deposited all - returning to mine
2026-07-13 00:53:37 ReturnToMinePhase: Clicked return point at [1438, 906]
2026-07-13 00:53:39 ReturnToMinePhase: Arrived - vein visible. Resuming mining.
2026-07-13 00:53:39 MinePhase: Clicked vein A at [1198, 697]
2026-07-13 00:54:02 MinePhase: Vein A depleted. Checking for another.
2026-07-13 00:54:03 MinePhase: Clicked vein B at [1240, 740]
2026-07-13 00:54:24 MinePhase: Vein B depleted. Checking for another.
2026-07-13 00:54:24 MinePhase: Clicked vein A at [1198, 697]
2026-07-13 00:54:33 MinePhase: Vein A depleted. Checking for another.
2026-07-13 00:54:39 MinePhase: Clicked vein B at [1240, 740]
2026-07-13 00:55:00 MinePhase: Vein B depleted. Checking for another.
2026-07-13 00:55:00 MinePhase: Clicked vein A at [1198, 697]
2026-07-13 00:55:15 Engine: stopped - Stopped (F6)
2026-07-13 00:55:27 Engine: stopped - Stopped (F6)
2026-07-13 00:55:29 Engine: started at phase 'mine'
2026-07-13 00:55:29 MinePhase: Clicked vein B at [1240, 740]
2026-07-13 00:55:43 MinePhase: Vein B depleted. Checking for another.
2026-07-13 00:55:43 MinePhase: Clicked vein A at [1198, 697]
2026-07-13 00:56:07 MinePhase: Vein A depleted. Checking for another.
2026-07-13 00:56:07 MinePhase: Clicked vein B at [1240, 740]
2026-07-13 00:56:07 MinePhase: Inventory full, transitioning to depositBank
2026-07-13 00:56:07 DepositBankPhase: Clicked deposit container at [996, 500]
2026-07-13 00:56:07 DepositBankPhase: Waiting for deposit box to open...
2026-07-13 00:56:10 DepositBankPhase: Deposited all - returning to mine
2026-07-13 00:56:10 ReturnToMinePhase: Clicked return point at [1438, 906]
2026-07-13 00:56:13 ReturnToMinePhase: Arrived - vein visible. Resuming mining.
2026-07-13 00:56:13 MinePhase: Clicked vein B at [1240, 740]
2026-07-13 00:56:20 MinePhase: Vein B depleted. Checking for another.
2026-07-13 00:56:21 MinePhase: Clicked vein A at [1198, 697]
2026-07-13 00:56:32 MinePhase: Vein A depleted. Checking for another.
2026-07-13 00:56:35 MinePhase: Clicked vein B at [1240, 740]
2026-07-13 00:57:14 MinePhase: Vein B depleted. Checking for another.
2026-07-13 00:57:14 MinePhase: Clicked vein A at [1198, 697]
2026-07-13 00:57:30 MinePhase: Vein A depleted. Checking for another.
2026-07-13 00:57:30 MinePhase: Clicked vein B at [1240, 740]
2026-07-13 00:57:43 MinePhase: Vein B depleted. Checking for another.
2026-07-13 00:57:45 MinePhase: Clicked vein A at [1198, 697]
2026-07-13 00:57:55 MinePhase: Vein A depleted. Checking for another.
2026-07-13 00:57:57 MinePhase: Clicked vein B at [1240, 740]
2026-07-13 00:58:04 MinePhase: Inventory full, transitioning to depositBank
2026-07-13 00:58:05 DepositBankPhase: Clicked deposit container at [996, 500]
2026-07-13 00:58:05 DepositBankPhase: Waiting for deposit box to open...
2026-07-13 00:58:07 DepositBankPhase: Deposited all - returning to mine
2026-07-13 00:58:07 ReturnToMinePhase: Clicked return point at [1438, 906]
2026-07-13 00:58:10 ReturnToMinePhase: Arrived - vein visible. Resuming mining.
2026-07-13 00:58:10 MinePhase: Clicked vein A at [1198, 697]
2026-07-13 00:58:19 MinePhase: Vein A depleted. Checking for another.
2026-07-13 00:58:19 MinePhase: Clicked vein B at [1240, 740]
2026-07-13 00:58:37 MinePhase: Vein B depleted. Checking for another.
2026-07-13 00:58:37 MinePhase: Clicked vein A at [1198, 697]
2026-07-13 00:58:55 MinePhase: Vein A depleted. Checking for another.
2026-07-13 00:58:55 MinePhase: Clicked vein B at [1240, 740]
2026-07-13 00:59:18 MinePhase: Vein B depleted. Checking for another.
2026-07-13 00:59:18 MinePhase: Clicked vein A at [1198, 697]
2026-07-13 00:59:43 MinePhase: Vein A depleted. Checking for another.
2026-07-13 00:59:44 MinePhase: Clicked vein B at [1240, 740]
2026-07-13 01:00:05 MinePhase: Vein B depleted. Checking for another.
2026-07-13 01:00:05 MinePhase: Clicked vein A at [1198, 697]
2026-07-13 01:00:36 MinePhase: Vein A depleted. Checking for another.
2026-07-13 01:00:36 MinePhase: Clicked vein B at [1240, 740]
2026-07-13 01:00:45 MinePhase: Inventory full, transitioning to depositBank
2026-07-13 01:00:45 DepositBankPhase: Clicked deposit container at [996, 500]
2026-07-13 01:00:45 DepositBankPhase: Waiting for deposit box to open...
2026-07-13 01:00:47 DepositBankPhase: Deposited all - returning to mine
2026-07-13 01:00:47 ReturnToMinePhase: Clicked return point at [1438, 906]
2026-07-13 01:00:50 ReturnToMinePhase: Arrived - vein visible. Resuming mining.
2026-07-13 01:00:50 MinePhase: Clicked vein A at [1198, 697]
2026-07-13 01:01:12 MinePhase: Vein A depleted. Checking for another.
2026-07-13 01:01:12 MinePhase: Clicked vein B at [1240, 740]
2026-07-13 01:01:24 MinePhase: Vein B depleted. Checking for another.
2026-07-13 01:01:26 MinePhase: Clicked vein A at [1198, 697]
2026-07-13 01:01:37 MinePhase: Vein A depleted. Checking for another.
2026-07-13 01:01:39 MinePhase: Clicked vein B at [1240, 740]
2026-07-13 01:01:48 MinePhase: Vein B depleted. Checking for another.
2026-07-13 01:01:51 MinePhase: Clicked vein A at [1198, 697]
2026-07-13 01:02:07 MinePhase: Vein A depleted. Checking for another.
2026-07-13 01:02:08 MinePhase: Clicked vein B at [1240, 740]
2026-07-13 01:02:29 MinePhase: Vein B depleted. Checking for another.
2026-07-13 01:02:29 MinePhase: Clicked vein A at [1198, 697]
2026-07-13 01:02:42 MinePhase: Vein A depleted. Checking for another.
2026-07-13 01:02:42 MinePhase: Inventory full, transitioning to depositBank
2026-07-13 01:02:42 DepositBankPhase: Clicked deposit container at [996, 500]
2026-07-13 01:02:42 DepositBankPhase: Waiting for deposit box to open...
2026-07-13 01:02:44 DepositBankPhase: Deposited all - returning to mine
2026-07-13 01:02:44 ReturnToMinePhase: Clicked return point at [1438, 906]
2026-07-13 01:02:47 ReturnToMinePhase: Arrived - vein visible. Resuming mining.
2026-07-13 01:02:47 MinePhase: Clicked vein B at [1240, 740]
2026-07-13 01:03:00 MinePhase: Vein B depleted. Checking for another.
2026-07-13 01:03:00 MinePhase: Clicked vein A at [1198, 697]
2026-07-13 01:03:18 MinePhase: Vein A depleted. Checking for another.
2026-07-13 01:03:18 MinePhase: Clicked vein B at [1240, 740]
2026-07-13 01:03:37 MinePhase: Vein B depleted. Checking for another.
2026-07-13 01:03:38 MinePhase: Clicked vein A at [1198, 697]
2026-07-13 01:03:52 MinePhase: Vein A depleted. Checking for another.
2026-07-13 01:03:52 MinePhase: Clicked vein B at [1240, 740]
2026-07-13 01:04:01 MinePhase: Vein B depleted. Checking for another.
2026-07-13 01:04:06 MinePhase: Clicked vein A at [1198, 697]
2026-07-13 01:04:31 MinePhase: Vein A depleted. Checking for another.
2026-07-13 01:04:32 MinePhase: Clicked vein B at [1240, 740]
2026-07-13 01:04:42 MinePhase: Vein B depleted. Checking for another.
2026-07-13 01:04:42 MinePhase: Inventory full, transitioning to depositBank
2026-07-13 01:04:42 DepositBankPhase: Clicked deposit container at [996, 500]
2026-07-13 01:04:43 DepositBankPhase: Waiting for deposit box to open...
2026-07-13 01:04:45 DepositBankPhase: Deposited all - returning to mine
2026-07-13 01:04:45 ReturnToMinePhase: Clicked return point at [1438, 906]
2026-07-13 01:04:48 ReturnToMinePhase: Arrived - vein visible. Resuming mining.
2026-07-13 01:04:48 MinePhase: Clicked vein A at [1198, 697]
2026-07-13 01:05:13 MinePhase: Vein A depleted. Checking for another.
2026-07-13 01:05:13 MinePhase: Clicked vein B at [1240, 740]
2026-07-13 01:05:49 MinePhase: Vein B depleted. Checking for another.
2026-07-13 01:05:49 MinePhase: Clicked vein A at [1198, 697]
2026-07-13 01:06:10 MinePhase: Vein A depleted. Checking for another.
2026-07-13 01:06:11 MinePhase: Clicked vein B at [1240, 740]
2026-07-13 01:06:25 MinePhase: Vein B depleted. Checking for another.
2026-07-13 01:06:25 MinePhase: Clicked vein A at [1198, 697]
2026-07-13 01:06:50 MinePhase: Vein A depleted. Checking for another.
2026-07-13 01:06:50 MinePhase: Clicked vein B at [1240, 740]
2026-07-13 01:07:12 MinePhase: Vein B depleted. Checking for another.
2026-07-13 01:07:12 MinePhase: Clicked vein A at [1198, 697]
2026-07-13 01:07:19 MinePhase: Inventory full, transitioning to depositBank
2026-07-13 01:07:19 DepositBankPhase: Clicked deposit container at [996, 500]
2026-07-13 01:07:19 DepositBankPhase: Waiting for deposit box to open...
2026-07-13 01:07:21 DepositBankPhase: Deposited all - returning to mine
2026-07-13 01:07:22 ReturnToMinePhase: Clicked return point at [1438, 906]
2026-07-13 01:07:24 ReturnToMinePhase: Arrived - vein visible. Resuming mining.
2026-07-13 01:07:24 MinePhase: Clicked vein A at [1198, 697]
2026-07-13 01:07:33 MinePhase: Vein A depleted. Checking for another.
2026-07-13 01:07:34 MinePhase: Clicked vein A at [1198, 697]
2026-07-13 01:07:35 MinePhase: Vein A depleted. Checking for another.
2026-07-13 01:07:35 MinePhase: Clicked vein B at [1240, 740]
2026-07-13 01:07:36 MinePhase: Vein B depleted. Checking for another.
2026-07-13 01:07:37 MinePhase: Clicked vein B at [1240, 740]
2026-07-13 01:07:39 Engine: stopped - Stopped (F6)
2026-07-13 01:07:39 Engine: stopped - Stopped (F6)
2026-07-13 01:07:39 Engine: stopped - Stopped (F6)
2026-07-13 01:07:39 Engine: stopped - Stopped (F6)
2026-07-13 01:07:43 Engine: started at phase 'mine'
2026-07-13 01:08:06 MinePhase: Vein B depleted. Checking for another.
2026-07-13 01:08:06 MinePhase: Clicked vein A at [1198, 697]
2026-07-13 01:08:07 Engine: stopped - Stopped (F6)
2026-07-13 01:08:43 Engine: started at phase 'mine'
2026-07-13 01:08:48 Engine: started at phase 'mine'
2026-07-13 01:08:48 MinePhase: Clicked vein A at [1198, 697]
2026-07-13 01:08:53 MinePhase: Vein A depleted. Checking for another.
2026-07-13 01:08:54 MinePhase: Clicked vein B at [1240, 740]
2026-07-13 01:09:03 MinePhase: Vein B depleted. Checking for another.
2026-07-13 01:09:08 MinePhase: Clicked vein A at [1198, 697]
2026-07-13 01:09:33 MinePhase: Vein A depleted. Checking for another.
2026-07-13 01:09:33 MinePhase: Clicked vein B at [1240, 740]
2026-07-13 01:09:48 MinePhase: Vein B depleted. Checking for another.
2026-07-13 01:09:48 MinePhase: Clicked vein A at [1198, 697]
2026-07-13 01:10:04 MinePhase: Vein A depleted. Checking for another.
2026-07-13 01:10:04 MinePhase: Clicked vein B at [1240, 740]
2026-07-13 01:10:15 MinePhase: Inventory full, transitioning to depositBank
2026-07-13 01:10:15 DepositBankPhase: Clicked deposit container at [996, 500]
2026-07-13 01:10:15 DepositBankPhase: Waiting for deposit box to open...
2026-07-13 01:10:17 DepositBankPhase: Deposited all - returning to mine
2026-07-13 01:10:17 ReturnToMinePhase: Clicked return point at [1438, 906]
2026-07-13 01:10:20 ReturnToMinePhase: Arrived - vein visible. Resuming mining.
2026-07-13 01:10:20 MinePhase: Clicked vein A at [1198, 697]
2026-07-13 01:10:28 MinePhase: Vein A depleted. Checking for another.
2026-07-13 01:10:29 MinePhase: Clicked vein B at [1240, 740]
2026-07-13 01:10:54 MinePhase: Vein B depleted. Checking for another.
2026-07-13 01:10:54 MinePhase: Clicked vein A at [1198, 697]
2026-07-13 01:11:17 MinePhase: Vein A depleted. Checking for another.
2026-07-13 01:11:17 MinePhase: Clicked vein B at [1240, 740]
2026-07-13 01:11:40 MinePhase: Vein B depleted. Checking for another.
2026-07-13 01:11:41 MinePhase: Clicked vein A at [1198, 697]
2026-07-13 01:11:58 MinePhase: Vein A depleted. Checking for another.
2026-07-13 01:11:59 MinePhase: Clicked vein B at [1240, 740]
2026-07-13 01:12:11 MinePhase: Vein B depleted. Checking for another.
2026-07-13 01:12:13 MinePhase: Clicked vein A at [1198, 697]
2026-07-13 01:12:33 MinePhase: Vein A depleted. Checking for another.
2026-07-13 01:12:33 MinePhase: Clicked vein B at [1240, 740]
2026-07-13 01:12:45 MinePhase: Inventory full, transitioning to depositBank
2026-07-13 01:12:45 DepositBankPhase: Clicked deposit container at [996, 500]
2026-07-13 01:12:46 DepositBankPhase: Waiting for deposit box to open...
2026-07-13 01:12:48 DepositBankPhase: Deposited all - returning to mine
2026-07-13 01:12:48 ReturnToMinePhase: Clicked return point at [1438, 906]
2026-07-13 01:12:50 ReturnToMinePhase: Arrived - vein visible. Resuming mining.
2026-07-13 01:12:51 MinePhase: Clicked vein A at [1198, 697]
2026-07-13 01:12:58 MinePhase: Vein A depleted. Checking for another.
2026-07-13 01:12:58 MinePhase: Clicked vein B at [1240, 740]
2026-07-13 01:13:14 MinePhase: Vein B depleted. Checking for another.
2026-07-13 01:13:14 MinePhase: Clicked vein A at [1198, 697]
2026-07-13 01:13:43 MinePhase: Vein A depleted. Checking for another.
2026-07-13 01:13:43 MinePhase: Clicked vein B at [1240, 740]
2026-07-13 01:13:57 MinePhase: Vein B depleted. Checking for another.
2026-07-13 01:13:57 MinePhase: Clicked vein A at [1198, 697]
2026-07-13 01:14:15 MinePhase: Vein A depleted. Checking for another.
2026-07-13 01:14:15 MinePhase: Clicked vein B at [1240, 740]
2026-07-13 01:14:33 MinePhase: Vein B depleted. Checking for another.
2026-07-13 01:14:33 MinePhase: Clicked vein A at [1198, 697]
2026-07-13 01:14:40 MinePhase: Vein A depleted. Checking for another.
2026-07-13 01:14:48 MinePhase: Clicked vein B at [1240, 740]
2026-07-13 01:15:04 MinePhase: Inventory full, transitioning to depositBank
2026-07-13 01:15:04 DepositBankPhase: Clicked deposit container at [996, 500]
2026-07-13 01:15:04 DepositBankPhase: Waiting for deposit box to open...
2026-07-13 01:15:06 DepositBankPhase: Deposited all - returning to mine
2026-07-13 01:15:07 ReturnToMinePhase: Clicked return point at [1438, 906]
2026-07-13 01:15:09 ReturnToMinePhase: Arrived - vein visible. Resuming mining.
2026-07-13 01:15:09 MinePhase: Clicked vein A at [1198, 697]
2026-07-13 01:15:13 MinePhase: Vein A depleted. Checking for another.
2026-07-13 01:15:13 MinePhase: Clicked vein B at [1240, 740]
2026-07-13 01:15:25 MinePhase: Vein B depleted. Checking for another.
2026-07-13 01:15:27 MinePhase: Clicked vein A at [1198, 697]
2026-07-13 01:15:38 MinePhase: Vein A depleted. Checking for another.
2026-07-13 01:15:40 MinePhase: Clicked vein B at [1240, 740]
2026-07-13 01:16:07 MinePhase: Vein B depleted. Checking for another.
2026-07-13 01:16:07 MinePhase: Clicked vein A at [1198, 697]
2026-07-13 01:16:32 MinePhase: Vein A depleted. Checking for another.
2026-07-13 01:16:32 MinePhase: Clicked vein B at [1240, 740]
2026-07-13 01:16:43 MinePhase: Vein B depleted. Checking for another.
2026-07-13 01:16:47 MinePhase: Clicked vein A at [1198, 697]
2026-07-13 01:17:10 MinePhase: Vein A depleted. Checking for another.
2026-07-13 01:17:10 MinePhase: Clicked vein B at [1240, 740]
2026-07-13 01:17:12 MinePhase: Inventory full, transitioning to depositBank
2026-07-13 01:17:12 DepositBankPhase: Clicked deposit container at [996, 500]
2026-07-13 01:17:12 DepositBankPhase: Waiting for deposit box to open...
2026-07-13 01:17:14 DepositBankPhase: Deposited all - returning to mine
2026-07-13 01:17:14 ReturnToMinePhase: Clicked return point at [1438, 906]
2026-07-13 01:17:17 ReturnToMinePhase: Arrived - vein visible. Resuming mining.
2026-07-13 01:17:17 MinePhase: Clicked vein B at [1240, 740]
2026-07-13 01:17:24 MinePhase: Vein B depleted. Checking for another.
2026-07-13 01:17:24 MinePhase: Clicked vein A at [1198, 697]
2026-07-13 01:17:37 MinePhase: Vein A depleted. Checking for another.
2026-07-13 01:17:38 MinePhase: Clicked vein B at [1240, 740]
2026-07-13 01:18:05 MinePhase: Vein B depleted. Checking for another.
2026-07-13 01:18:05 MinePhase: Clicked vein A at [1198, 697]
2026-07-13 01:18:23 MinePhase: Vein A depleted. Checking for another.
2026-07-13 01:18:23 MinePhase: Clicked vein B at [1240, 740]
2026-07-13 01:18:45 MinePhase: Vein B depleted. Checking for another.
2026-07-13 01:18:45 MinePhase: Clicked vein A at [1198, 697]
2026-07-13 01:19:12 MinePhase: Vein A depleted. Checking for another.
2026-07-13 01:19:12 MinePhase: Clicked vein B at [1240, 740]
2026-07-13 01:19:35 MinePhase: Vein B depleted. Checking for another.
2026-07-13 01:19:35 MinePhase: Clicked vein A at [1198, 697]
2026-07-13 01:19:37 MinePhase: Inventory full, transitioning to depositBank
2026-07-13 01:19:37 DepositBankPhase: Clicked deposit container at [996, 500]
2026-07-13 01:19:37 DepositBankPhase: Waiting for deposit box to open...
2026-07-13 01:19:39 DepositBankPhase: Deposited all - returning to mine
2026-07-13 01:19:40 ReturnToMinePhase: Clicked return point at [1438, 906]
2026-07-13 01:19:42 ReturnToMinePhase: Arrived - vein visible. Resuming mining.
2026-07-13 01:19:42 MinePhase: Clicked vein A at [1198, 697]
2026-07-13 01:19:51 MinePhase: Vein A depleted. Checking for another.
2026-07-13 01:19:51 MinePhase: Clicked vein B at [1240, 740]
2026-07-13 01:20:04 MinePhase: Vein B depleted. Checking for another.
2026-07-13 01:20:06 MinePhase: Clicked vein A at [1198, 697]
2026-07-13 01:20:20 MinePhase: Vein A depleted. Checking for another.
2026-07-13 01:20:20 MinePhase: Clicked vein B at [1240, 740]
2026-07-13 01:20:36 MinePhase: Vein B depleted. Checking for another.
2026-07-13 01:20:36 MinePhase: Clicked vein A at [1198, 697]
2026-07-13 01:20:49 MinePhase: Vein A depleted. Checking for another.
2026-07-13 01:20:51 MinePhase: Clicked vein B at [1240, 740]
2026-07-13 01:21:07 MinePhase: Vein B depleted. Checking for another.
2026-07-13 01:21:07 MinePhase: Clicked vein A at [1198, 697]
2026-07-13 01:21:25 MinePhase: Vein A depleted. Checking for another.
2026-07-13 01:21:25 MinePhase: Clicked vein B at [1240, 740]
2026-07-13 01:21:30 MinePhase: Inventory full, transitioning to depositBank
2026-07-13 01:21:30 DepositBankPhase: Clicked deposit container at [996, 500]
2026-07-13 01:21:31 DepositBankPhase: Waiting for deposit box to open...
2026-07-13 01:21:33 DepositBankPhase: Deposited all - returning to mine
2026-07-13 01:21:33 ReturnToMinePhase: Clicked return point at [1438, 906]
2026-07-13 01:21:36 ReturnToMinePhase: Arrived - vein visible. Resuming mining.
2026-07-13 01:21:36 MinePhase: Clicked vein B at [1240, 740]
2026-07-13 01:21:42 MinePhase: Vein B depleted. Checking for another.
2026-07-13 01:21:42 MinePhase: Clicked vein A at [1198, 697]
2026-07-13 01:21:58 MinePhase: Vein A depleted. Checking for another.
2026-07-13 01:21:59 MinePhase: Clicked vein B at [1240, 740]
2026-07-13 01:22:31 MinePhase: Vein B depleted. Checking for another.
2026-07-13 01:22:31 MinePhase: Clicked vein A at [1198, 697]
2026-07-13 01:22:43 MinePhase: Vein A depleted. Checking for another.
2026-07-13 01:22:45 MinePhase: Clicked vein B at [1240, 740]
2026-07-13 01:23:21 MinePhase: Vein B depleted. Checking for another.
2026-07-13 01:23:21 MinePhase: Clicked vein A at [1198, 697]
2026-07-13 01:23:41 MinePhase: Vein A depleted. Checking for another.
2026-07-13 01:23:41 MinePhase: Clicked vein B at [1240, 740]
2026-07-13 01:24:01 MinePhase: Vein B depleted. Checking for another.
2026-07-13 01:24:01 MinePhase: Clicked vein A at [1198, 697]
2026-07-13 01:24:04 MinePhase: Inventory full, transitioning to depositBank
2026-07-13 01:24:05 DepositBankPhase: Clicked deposit container at [996, 500]
2026-07-13 01:24:05 DepositBankPhase: Waiting for deposit box to open...
2026-07-13 01:24:07 DepositBankPhase: Deposited all - returning to mine
2026-07-13 01:24:07 ReturnToMinePhase: Clicked return point at [1438, 906]
2026-07-13 01:24:10 ReturnToMinePhase: Arrived - vein visible. Resuming mining.
2026-07-13 01:24:10 MinePhase: Clicked vein A at [1198, 697]
2026-07-13 01:24:35 MinePhase: Vein A depleted. Checking for another.
2026-07-13 01:24:35 MinePhase: Clicked vein B at [1240, 740]
2026-07-13 01:24:46 MinePhase: Vein B depleted. Checking for another.
2026-07-13 01:24:50 MinePhase: Clicked vein A at [1198, 697]
2026-07-13 01:25:02 MinePhase: Vein A depleted. Checking for another.
2026-07-13 01:25:02 MinePhase: Clicked vein B at [1240, 740]
2026-07-13 01:25:20 MinePhase: Vein B depleted. Checking for another.
2026-07-13 01:25:20 MinePhase: Clicked vein A at [1198, 697]
2026-07-13 01:25:45 MinePhase: Vein A depleted. Checking for another.
2026-07-13 01:25:45 MinePhase: Clicked vein B at [1240, 740]
2026-07-13 01:25:52 MinePhase: Vein B depleted. Checking for another.
2026-07-13 01:26:00 MinePhase: Clicked vein A at [1198, 697]
2026-07-13 01:26:27 MinePhase: Vein A depleted. Checking for another.
2026-07-13 01:26:27 MinePhase: Clicked vein B at [1240, 740]
2026-07-13 01:26:32 MinePhase: Inventory full, transitioning to depositBank
2026-07-13 01:26:32 DepositBankPhase: Clicked deposit container at [996, 500]
2026-07-13 01:26:32 DepositBankPhase: Waiting for deposit box to open...
2026-07-13 01:26:35 DepositBankPhase: Deposited all - returning to mine
2026-07-13 01:26:35 ReturnToMinePhase: Clicked return point at [1438, 906]
2026-07-13 01:26:37 ReturnToMinePhase: Arrived - vein visible. Resuming mining.
2026-07-13 01:26:38 MinePhase: Clicked vein B at [1240, 740]
2026-07-13 01:26:58 MinePhase: Vein B depleted. Checking for another.
2026-07-13 01:26:59 MinePhase: Clicked vein A at [1198, 697]
2026-07-13 01:27:20 MinePhase: Vein A depleted. Checking for another.
2026-07-13 01:27:20 MinePhase: Clicked vein B at [1240, 740]
2026-07-13 01:27:31 MinePhase: Vein B depleted. Checking for another.
2026-07-13 01:27:35 MinePhase: Clicked vein A at [1198, 697]
2026-07-13 01:27:49 MinePhase: Vein A depleted. Checking for another.
2026-07-13 01:27:49 MinePhase: Clicked vein B at [1240, 740]
2026-07-13 01:28:01 MinePhase: Vein B depleted. Checking for another.
2026-07-13 01:28:03 MinePhase: Clicked vein A at [1198, 697]
2026-07-13 01:28:21 MinePhase: Vein A depleted. Checking for another.
2026-07-13 01:28:21 MinePhase: Clicked vein B at [1240, 740]
2026-07-13 01:28:36 MinePhase: Vein B depleted. Checking for another.
2026-07-13 01:28:36 MinePhase: Clicked vein A at [1198, 697]
2026-07-13 01:28:41 MinePhase: Inventory full, transitioning to depositBank
2026-07-13 01:28:41 DepositBankPhase: Clicked deposit container at [996, 500]
2026-07-13 01:28:41 DepositBankPhase: Waiting for deposit box to open...
2026-07-13 01:28:44 DepositBankPhase: Deposited all - returning to mine
2026-07-13 01:28:44 ReturnToMinePhase: Clicked return point at [1438, 906]
2026-07-13 01:28:46 ReturnToMinePhase: Arrived - vein visible. Resuming mining.
2026-07-13 01:28:47 MinePhase: Clicked vein A at [1198, 697]
2026-07-13 01:28:59 MinePhase: Vein A depleted. Checking for another.
2026-07-13 01:28:59 MinePhase: Clicked vein B at [1240, 740]
2026-07-13 01:29:08 MinePhase: Vein B depleted. Checking for another.
2026-07-13 01:29:14 MinePhase: Clicked vein A at [1198, 697]
2026-07-13 01:29:22 MinePhase: Vein A depleted. Checking for another.
2026-07-13 01:29:23 MinePhase: Clicked vein B at [1240, 740]
2026-07-13 01:29:37 MinePhase: Vein B depleted. Checking for another.
2026-07-13 01:29:37 MinePhase: Clicked vein A at [1198, 697]
2026-07-13 01:29:49 MinePhase: Vein A depleted. Checking for another.
2026-07-13 01:29:51 MinePhase: Clicked vein B at [1240, 740]
2026-07-13 01:30:20 MinePhase: Vein B depleted. Checking for another.
2026-07-13 01:30:20 MinePhase: Clicked vein A at [1198, 697]
2026-07-13 01:30:40 MinePhase: Vein A depleted. Checking for another.
2026-07-13 01:30:40 MinePhase: Clicked vein B at [1240, 740]
2026-07-13 01:30:43 MinePhase: Inventory full, transitioning to depositBank
2026-07-13 01:30:44 DepositBankPhase: Clicked deposit container at [996, 500]
2026-07-13 01:30:44 DepositBankPhase: Waiting for deposit box to open...
2026-07-13 01:30:46 DepositBankPhase: Deposited all - returning to mine
2026-07-13 01:30:46 ReturnToMinePhase: Clicked return point at [1438, 906]
2026-07-13 01:30:49 ReturnToMinePhase: Arrived - vein visible. Resuming mining.
2026-07-13 01:30:49 MinePhase: Clicked vein B at [1240, 740]
2026-07-13 01:31:19 MinePhase: Vein B depleted. Checking for another.
2026-07-13 01:31:20 MinePhase: Clicked vein A at [1198, 697]
2026-07-13 01:31:34 MinePhase: Vein A depleted. Checking for another.
2026-07-13 01:31:34 MinePhase: Clicked vein B at [1240, 740]
2026-07-13 01:31:52 MinePhase: Vein B depleted. Checking for another.
2026-07-13 01:31:52 MinePhase: Clicked vein A at [1198, 697]
2026-07-13 01:32:04 MinePhase: Vein A depleted. Checking for another.
2026-07-13 01:32:06 MinePhase: Clicked vein B at [1240, 740]
2026-07-13 01:32:39 MinePhase: Vein B depleted. Checking for another.
2026-07-13 01:32:39 MinePhase: Clicked vein A at [1198, 697]
2026-07-13 01:32:57 MinePhase: Vein A depleted. Checking for another.
2026-07-13 01:32:57 MinePhase: Clicked vein B at [1240, 740]
2026-07-13 01:33:13 MinePhase: Vein B depleted. Checking for another.
2026-07-13 01:33:13 MinePhase: Clicked vein A at [1198, 697]
2026-07-13 01:33:15 MinePhase: Inventory full, transitioning to depositBank
2026-07-13 01:33:15 DepositBankPhase: Clicked deposit container at [996, 500]
2026-07-13 01:33:15 DepositBankPhase: Waiting for deposit box to open...
2026-07-13 01:33:17 DepositBankPhase: Deposited all - returning to mine
2026-07-13 01:33:17 ReturnToMinePhase: Clicked return point at [1438, 906]
2026-07-13 01:33:20 ReturnToMinePhase: Arrived - vein visible. Resuming mining.
2026-07-13 01:33:20 MinePhase: Clicked vein A at [1198, 697]
2026-07-13 01:33:42 MinePhase: Vein A depleted. Checking for another.
2026-07-13 01:33:42 MinePhase: Clicked vein B at [1240, 740]
2026-07-13 01:34:21 MinePhase: Vein B depleted. Checking for another.
2026-07-13 01:34:21 MinePhase: Clicked vein A at [1198, 697]
2026-07-13 01:34:57 MinePhase: Vein A depleted. Checking for another.
2026-07-13 01:34:58 MinePhase: Clicked vein B at [1240, 740]
2026-07-13 01:35:08 MinePhase: Vein B depleted. Checking for another.
2026-07-13 01:35:12 MinePhase: Clicked vein A at [1198, 697]
2026-07-13 01:35:21 MinePhase: Vein A depleted. Checking for another.
2026-07-13 01:35:23 MinePhase: Clicked vein B at [1240, 740]
2026-07-13 01:35:37 MinePhase: Vein B depleted. Checking for another.
2026-07-13 01:35:37 MinePhase: Clicked vein A at [1198, 697]
2026-07-13 01:35:51 MinePhase: Vein A depleted. Checking for another.
2026-07-13 01:35:51 MinePhase: Clicked vein B at [1240, 740]
2026-07-13 01:35:52 MinePhase: Inventory full, transitioning to depositBank
2026-07-13 01:35:52 DepositBankPhase: Clicked deposit container at [996, 500]
2026-07-13 01:35:52 DepositBankPhase: Waiting for deposit box to open...
2026-07-13 01:35:55 DepositBankPhase: Deposited all - returning to mine
2026-07-13 01:35:55 ReturnToMinePhase: Clicked return point at [1438, 906]
2026-07-13 01:35:57 ReturnToMinePhase: Arrived - vein visible. Resuming mining.
2026-07-13 01:35:58 MinePhase: Clicked vein B at [1240, 740]
2026-07-13 01:36:17 MinePhase: Vein B depleted. Checking for another.
2026-07-13 01:36:17 MinePhase: Clicked vein A at [1198, 697]
2026-07-13 01:36:31 MinePhase: Vein A depleted. Checking for another.
2026-07-13 01:36:32 MinePhase: Clicked vein B at [1240, 740]
2026-07-13 01:36:42 MinePhase: Vein B depleted. Checking for another.
2026-07-13 01:36:46 MinePhase: Clicked vein A at [1198, 697]
2026-07-13 01:37:04 MinePhase: Vein A depleted. Checking for another.
2026-07-13 01:37:04 MinePhase: Clicked vein B at [1240, 740]
2026-07-13 01:37:11 MinePhase: Vein B depleted. Checking for another.
2026-07-13 01:37:19 MinePhase: Clicked vein A at [1198, 697]
2026-07-13 01:37:31 MinePhase: Vein A depleted. Checking for another.
2026-07-13 01:37:31 MinePhase: Clicked vein B at [1240, 740]
2026-07-13 01:37:58 MinePhase: Vein B depleted. Checking for another.
2026-07-13 01:37:58 MinePhase: Clicked vein A at [1198, 697]
2026-07-13 01:37:58 MinePhase: Inventory full, transitioning to depositBank
2026-07-13 01:37:58 DepositBankPhase: Clicked deposit container at [996, 500]
2026-07-13 01:37:59 DepositBankPhase: Waiting for deposit box to open...
2026-07-13 01:38:01 DepositBankPhase: Deposited all - returning to mine
2026-07-13 01:38:01 ReturnToMinePhase: Clicked return point at [1438, 906]
2026-07-13 01:38:04 ReturnToMinePhase: Arrived - vein visible. Resuming mining.
2026-07-13 01:38:04 MinePhase: Clicked vein A at [1198, 697]
2026-07-13 01:38:18 MinePhase: Vein A depleted. Checking for another.
2026-07-13 01:38:19 MinePhase: Clicked vein B at [1240, 740]
2026-07-13 01:38:31 MinePhase: Vein B depleted. Checking for another.
2026-07-13 01:38:33 MinePhase: Clicked vein A at [1198, 697]
2026-07-13 01:38:51 MinePhase: Vein A depleted. Checking for another.
2026-07-13 01:38:51 MinePhase: Clicked vein B at [1240, 740]
2026-07-13 01:39:00 MinePhase: Vein B depleted. Checking for another.
2026-07-13 01:39:05 MinePhase: Clicked vein A at [1198, 697]
2026-07-13 01:39:29 MinePhase: Vein A depleted. Checking for another.
2026-07-13 01:39:29 MinePhase: Clicked vein B at [1240, 740]
2026-07-13 01:39:47 MinePhase: Vein B depleted. Checking for another.
2026-07-13 01:39:47 MinePhase: Clicked vein A at [1198, 697]
2026-07-13 01:39:59 MinePhase: Inventory full, transitioning to depositBank
2026-07-13 01:39:59 DepositBankPhase: Clicked deposit container at [996, 500]
2026-07-13 01:39:59 DepositBankPhase: Waiting for deposit box to open...
2026-07-13 01:40:02 DepositBankPhase: Deposited all - returning to mine
2026-07-13 01:40:02 ReturnToMinePhase: Clicked return point at [1438, 906]
2026-07-13 01:40:05 ReturnToMinePhase: Arrived - vein visible. Resuming mining.
2026-07-13 01:40:05 MinePhase: Clicked vein A at [1198, 697]
2026-07-13 01:40:06 MinePhase: Vein A depleted. Checking for another.
2026-07-13 01:40:07 MinePhase: Clicked vein B at [1240, 740]
2026-07-13 01:40:35 MinePhase: Vein B depleted. Checking for another.
2026-07-13 01:40:35 MinePhase: Clicked vein A at [1198, 697]
2026-07-13 01:41:02 MinePhase: Vein A depleted. Checking for another.
2026-07-13 01:41:02 MinePhase: Clicked vein B at [1240, 740]
2026-07-13 01:41:11 MinePhase: Vein B depleted. Checking for another.
2026-07-13 01:41:17 MinePhase: Clicked vein A at [1198, 697]
2026-07-13 01:41:49 MinePhase: Vein A depleted. Checking for another.
2026-07-13 01:41:49 MinePhase: Clicked vein B at [1240, 740]
2026-07-13 01:42:11 MinePhase: Vein B depleted. Checking for another.
2026-07-13 01:42:11 MinePhase: Clicked vein A at [1198, 697]
2026-07-13 01:42:39 MinePhase: Vein A depleted. Checking for another.
2026-07-13 01:42:40 MinePhase: Clicked vein B at [1240, 740]
2026-07-13 01:42:52 MinePhase: Inventory full, transitioning to depositBank
2026-07-13 01:42:52 DepositBankPhase: Clicked deposit container at [996, 500]
2026-07-13 01:42:52 DepositBankPhase: Waiting for deposit box to open...
2026-07-13 01:42:55 DepositBankPhase: Deposited all - returning to mine
2026-07-13 01:42:55 ReturnToMinePhase: Clicked return point at [1438, 906]
2026-07-13 01:42:57 ReturnToMinePhase: Arrived - vein visible. Resuming mining.
2026-07-13 01:42:58 MinePhase: Clicked vein A at [1198, 697]
2026-07-13 01:42:59 MinePhase: Vein A depleted. Checking for another.
2026-07-13 01:42:59 MinePhase: Clicked vein B at [1240, 740]
2026-07-13 01:43:08 MinePhase: Vein B depleted. Checking for another.
2026-07-13 01:43:14 MinePhase: Clicked vein A at [1198, 697]
2026-07-13 01:43:24 MinePhase: Vein A depleted. Checking for another.
2026-07-13 01:43:25 MinePhase: Clicked vein B at [1240, 740]
2026-07-13 01:43:53 MinePhase: Vein B depleted. Checking for another.
2026-07-13 01:43:53 MinePhase: Clicked vein A at [1198, 697]
2026-07-13 01:44:13 MinePhase: Vein A depleted. Checking for another.
2026-07-13 01:44:13 MinePhase: Clicked vein B at [1240, 740]
2026-07-13 01:44:40 MinePhase: Vein B depleted. Checking for another.
2026-07-13 01:44:40 MinePhase: Clicked vein A at [1198, 697]
2026-07-13 01:45:09 MinePhase: Vein A depleted. Checking for another.
2026-07-13 01:45:09 MinePhase: Clicked vein B at [1240, 740]
2026-07-13 01:45:14 MinePhase: Inventory full, transitioning to depositBank
2026-07-13 01:45:14 DepositBankPhase: Clicked deposit container at [996, 500]
2026-07-13 01:45:15 DepositBankPhase: Waiting for deposit box to open...
2026-07-13 01:45:17 DepositBankPhase: Deposited all - returning to mine
2026-07-13 01:45:17 ReturnToMinePhase: Clicked return point at [1438, 906]
2026-07-13 01:45:20 ReturnToMinePhase: Arrived - vein visible. Resuming mining.
2026-07-13 01:45:20 MinePhase: Clicked vein B at [1240, 740]
2026-07-13 01:45:24 MinePhase: Vein B depleted. Checking for another.
2026-07-13 01:45:25 MinePhase: Clicked vein A at [1198, 697]
2026-07-13 01:45:41 MinePhase: Vein A depleted. Checking for another.
2026-07-13 01:45:41 MinePhase: Clicked vein B at [1240, 740]
2026-07-13 01:45:59 MinePhase: Vein B depleted. Checking for another.
2026-07-13 01:45:59 MinePhase: Clicked vein A at [1198, 697]
2026-07-13 01:46:22 MinePhase: Vein A depleted. Checking for another.
2026-07-13 01:46:22 MinePhase: Clicked vein B at [1240, 740]
2026-07-13 01:46:36 MinePhase: Vein B depleted. Checking for another.
2026-07-13 01:46:37 MinePhase: Clicked vein A at [1198, 697]
2026-07-13 01:46:58 MinePhase: Vein A depleted. Checking for another.
2026-07-13 01:46:58 MinePhase: Clicked vein B at [1240, 740]
2026-07-13 01:47:09 MinePhase: Vein B depleted. Checking for another.
2026-07-13 01:47:13 MinePhase: Clicked vein A at [1198, 697]
2026-07-13 01:47:23 MinePhase: Inventory full, transitioning to depositBank
2026-07-13 01:47:23 DepositBankPhase: Clicked deposit container at [996, 500]
2026-07-13 01:47:24 DepositBankPhase: Waiting for deposit box to open...
2026-07-13 01:47:26 DepositBankPhase: Deposited all - returning to mine
2026-07-13 01:47:26 ReturnToMinePhase: Clicked return point at [1438, 906]
2026-07-13 01:47:29 ReturnToMinePhase: Arrived - vein visible. Resuming mining.
2026-07-13 01:47:29 MinePhase: Clicked vein A at [1198, 697]
2026-07-13 01:47:36 MinePhase: Vein A depleted. Checking for another.
2026-07-13 01:47:36 MinePhase: Clicked vein B at [1240, 740]
2026-07-13 01:47:56 MinePhase: Vein B depleted. Checking for another.
2026-07-13 01:47:56 MinePhase: Clicked vein A at [1198, 697]
2026-07-13 01:48:17 MinePhase: Vein A depleted. Checking for another.
2026-07-13 01:48:17 MinePhase: Clicked vein B at [1240, 740]
2026-07-13 01:48:33 MinePhase: Vein B depleted. Checking for another.
2026-07-13 01:48:34 MinePhase: Clicked vein A at [1198, 697]
2026-07-13 01:48:46 MinePhase: Vein A depleted. Checking for another.
2026-07-13 01:48:48 MinePhase: Clicked vein B at [1240, 740]
2026-07-13 01:49:11 MinePhase: Vein B depleted. Checking for another.
2026-07-13 01:49:11 MinePhase: Clicked vein A at [1198, 697]
2026-07-13 01:49:35 MinePhase: Vein A depleted. Checking for another.
2026-07-13 01:49:35 MinePhase: Clicked vein B at [1240, 740]
2026-07-13 01:49:47 MinePhase: Inventory full, transitioning to depositBank
2026-07-13 01:49:47 DepositBankPhase: Clicked deposit container at [996, 500]
2026-07-13 01:49:48 DepositBankPhase: Waiting for deposit box to open...
2026-07-13 01:49:50 DepositBankPhase: Deposited all - returning to mine
2026-07-13 01:49:50 ReturnToMinePhase: Clicked return point at [1438, 906]
2026-07-13 01:49:53 ReturnToMinePhase: Arrived - vein visible. Resuming mining.
2026-07-13 01:49:53 MinePhase: Clicked vein A at [1198, 697]
2026-07-13 01:49:56 MinePhase: Vein A depleted. Checking for another.
2026-07-13 01:49:56 MinePhase: Clicked vein B at [1240, 740]
2026-07-13 01:50:10 MinePhase: Vein B depleted. Checking for another.
2026-07-13 01:50:10 MinePhase: Clicked vein A at [1198, 697]
2026-07-13 01:50:17 MinePhase: Vein A depleted. Checking for another.
2026-07-13 01:50:25 MinePhase: Clicked vein B at [1240, 740]
2026-07-13 01:50:42 MinePhase: Vein B depleted. Checking for another.
2026-07-13 01:50:43 MinePhase: Clicked vein A at [1198, 697]
2026-07-13 01:50:57 MinePhase: Vein A depleted. Checking for another.
2026-07-13 01:50:57 MinePhase: Clicked vein B at [1240, 740]
2026-07-13 01:51:09 MinePhase: Vein B depleted. Checking for another.
2026-07-13 01:51:11 MinePhase: Clicked vein A at [1198, 697]
2026-07-13 01:51:33 MinePhase: Vein A depleted. Checking for another.
2026-07-13 01:51:33 MinePhase: Clicked vein B at [1240, 740]
2026-07-13 01:51:35 MinePhase: Inventory full, transitioning to depositBank
2026-07-13 01:51:35 DepositBankPhase: Clicked deposit container at [996, 500]
2026-07-13 01:51:35 DepositBankPhase: Waiting for deposit box to open...
2026-07-13 01:51:37 DepositBankPhase: Deposited all - returning to mine
2026-07-13 01:51:37 ReturnToMinePhase: Clicked return point at [1438, 906]
2026-07-13 01:51:40 ReturnToMinePhase: Arrived - vein visible. Resuming mining.
2026-07-13 01:51:40 MinePhase: Clicked vein B at [1240, 740]
2026-07-13 01:51:49 MinePhase: Vein B depleted. Checking for another.
2026-07-13 01:51:49 MinePhase: Clicked vein A at [1198, 697]
2026-07-13 01:52:11 MinePhase: Vein A depleted. Checking for another.
2026-07-13 01:52:11 MinePhase: Clicked vein B at [1240, 740]
2026-07-13 01:52:29 MinePhase: Vein B depleted. Checking for another.
2026-07-13 01:52:29 MinePhase: Clicked vein A at [1198, 697]
2026-07-13 01:52:48 MinePhase: Vein A depleted. Checking for another.
2026-07-13 01:52:49 MinePhase: Clicked vein B at [1240, 740]
2026-07-13 01:53:05 MinePhase: Vein B depleted. Checking for another.
2026-07-13 01:53:05 MinePhase: Clicked vein A at [1198, 697]
2026-07-13 01:53:21 MinePhase: Vein A depleted. Checking for another.
2026-07-13 01:53:21 MinePhase: Clicked vein B at [1240, 740]
2026-07-13 01:53:41 MinePhase: Vein B depleted. Checking for another.
2026-07-13 01:53:41 MinePhase: Clicked vein A at [1198, 697]
2026-07-13 01:53:41 MinePhase: Inventory full, transitioning to depositBank
2026-07-13 01:53:41 DepositBankPhase: Clicked deposit container at [996, 500]
2026-07-13 01:53:41 DepositBankPhase: Waiting for deposit box to open...
2026-07-13 01:53:44 DepositBankPhase: Deposited all - returning to mine
2026-07-13 01:53:44 ReturnToMinePhase: Clicked return point at [1438, 906]
2026-07-13 01:53:47 ReturnToMinePhase: Arrived - vein visible. Resuming mining.
2026-07-13 01:53:47 MinePhase: Clicked vein A at [1198, 697]
2026-07-13 01:53:59 MinePhase: Vein A depleted. Checking for another.
2026-07-13 01:53:59 MinePhase: Clicked vein B at [1240, 740]
2026-07-13 01:54:17 MinePhase: Vein B depleted. Checking for another.
2026-07-13 01:54:17 MinePhase: Clicked vein A at [1198, 697]
2026-07-13 01:54:53 MinePhase: Vein A depleted. Checking for another.
2026-07-13 01:54:53 MinePhase: Clicked vein B at [1240, 740]
2026-07-13 01:55:15 MinePhase: Vein B depleted. Checking for another.
2026-07-13 01:55:15 MinePhase: Clicked vein A at [1198, 697]
2026-07-13 01:55:31 MinePhase: Vein A depleted. Checking for another.
2026-07-13 01:55:31 MinePhase: Clicked vein B at [1240, 740]
2026-07-13 01:55:40 MinePhase: Vein B depleted. Checking for another.
2026-07-13 01:55:46 MinePhase: Clicked vein A at [1198, 697]
2026-07-13 01:56:05 MinePhase: Vein A depleted. Checking for another.
2026-07-13 01:56:05 MinePhase: Clicked vein B at [1240, 740]
2026-07-13 01:56:05 MinePhase: Inventory full, transitioning to depositBank
2026-07-13 01:56:06 DepositBankPhase: Clicked deposit container at [996, 500]
2026-07-13 01:56:06 DepositBankPhase: Waiting for deposit box to open...
2026-07-13 01:56:08 DepositBankPhase: Deposited all - returning to mine
2026-07-13 01:56:09 ReturnToMinePhase: Clicked return point at [1438, 906]
2026-07-13 01:56:11 ReturnToMinePhase: Arrived - vein visible. Resuming mining.
2026-07-13 01:56:12 MinePhase: Clicked vein B at [1240, 740]
2026-07-13 01:56:32 MinePhase: Vein B depleted. Checking for another.
2026-07-13 01:56:32 MinePhase: Clicked vein A at [1198, 697]
2026-07-13 01:56:52 MinePhase: Vein A depleted. Checking for another.
2026-07-13 01:56:52 MinePhase: Clicked vein B at [1240, 740]
2026-07-13 01:57:19 MinePhase: Vein B depleted. Checking for another.
2026-07-13 01:57:19 MinePhase: Clicked vein A at [1198, 697]
2026-07-13 01:57:35 MinePhase: Vein A depleted. Checking for another.
2026-07-13 01:57:35 MinePhase: Clicked vein B at [1240, 740]
2026-07-13 01:57:53 MinePhase: Vein B depleted. Checking for another.
2026-07-13 01:57:53 MinePhase: Clicked vein A at [1198, 697]
2026-07-13 01:58:08 MinePhase: Vein A depleted. Checking for another.
2026-07-13 01:58:08 MinePhase: Clicked vein B at [1240, 740]
2026-07-13 01:58:27 MinePhase: Vein B depleted. Checking for another.
2026-07-13 01:58:28 MinePhase: Clicked vein A at [1198, 697]
2026-07-13 01:58:28 MinePhase: Inventory full, transitioning to depositBank
2026-07-13 01:58:28 DepositBankPhase: Clicked deposit container at [996, 500]
2026-07-13 01:58:28 DepositBankPhase: Waiting for deposit box to open...
2026-07-13 01:58:31 DepositBankPhase: Deposited all - returning to mine
2026-07-13 01:58:31 ReturnToMinePhase: Clicked return point at [1438, 906]
2026-07-13 01:58:33 ReturnToMinePhase: Arrived - vein visible. Resuming mining.
2026-07-13 01:58:34 MinePhase: Clicked vein A at [1198, 697]
2026-07-13 01:59:08 MinePhase: Vein A depleted. Checking for another.
2026-07-13 01:59:08 MinePhase: Clicked vein B at [1240, 740]
2026-07-13 01:59:20 MinePhase: Vein B depleted. Checking for another.
2026-07-13 01:59:22 MinePhase: Clicked vein A at [1198, 697]
2026-07-13 01:59:33 MinePhase: Vein A depleted. Checking for another.
2026-07-13 01:59:35 MinePhase: Clicked vein B at [1240, 740]
2026-07-13 02:00:00 MinePhase: Vein B depleted. Checking for another.
2026-07-13 02:00:00 MinePhase: Clicked vein A at [1198, 697]
2026-07-13 02:00:32 MinePhase: Vein A depleted. Checking for another.
2026-07-13 02:00:32 MinePhase: Clicked vein B at [1240, 740]
2026-07-13 02:00:45 MinePhase: Vein B depleted. Checking for another.
2026-07-13 02:00:47 MinePhase: Clicked vein A at [1198, 697]
2026-07-13 02:00:58 MinePhase: Inventory full, transitioning to depositBank
2026-07-13 02:00:58 DepositBankPhase: Clicked deposit container at [996, 500]
2026-07-13 02:00:58 DepositBankPhase: Waiting for deposit box to open...
2026-07-13 02:01:00 DepositBankPhase: Deposited all - returning to mine
2026-07-13 02:01:00 ReturnToMinePhase: Clicked return point at [1438, 906]
2026-07-13 02:01:03 ReturnToMinePhase: Arrived - vein visible. Resuming mining.
2026-07-13 02:01:03 MinePhase: Clicked vein A at [1198, 697]
2026-07-13 02:01:06 MinePhase: Vein A depleted. Checking for another.
2026-07-13 02:01:07 MinePhase: Clicked vein B at [1240, 740]
2026-07-13 02:01:24 MinePhase: Vein B depleted. Checking for another.
2026-07-13 02:01:25 MinePhase: Clicked vein A at [1198, 697]
2026-07-13 02:01:46 MinePhase: Vein A depleted. Checking for another.
2026-07-13 02:01:46 MinePhase: Clicked vein B at [1240, 740]
2026-07-13 02:02:13 MinePhase: Vein B depleted. Checking for another.
2026-07-13 02:02:13 MinePhase: Clicked vein A at [1198, 697]
2026-07-13 02:02:33 MinePhase: Vein A depleted. Checking for another.
2026-07-13 02:02:33 MinePhase: Clicked vein B at [1240, 740]
2026-07-13 02:03:04 MinePhase: Vein B depleted. Checking for another.
2026-07-13 02:03:04 MinePhase: Clicked vein A at [1198, 697]
2026-07-13 02:03:29 MinePhase: Vein A depleted. Checking for another.
2026-07-13 02:03:29 MinePhase: Clicked vein B at [1240, 740]
2026-07-13 02:03:40 MinePhase: Inventory full, transitioning to depositBank
2026-07-13 02:03:40 DepositBankPhase: Clicked deposit container at [996, 500]
2026-07-13 02:03:40 DepositBankPhase: Waiting for deposit box to open...
2026-07-13 02:03:42 DepositBankPhase: Deposited all - returning to mine
2026-07-13 02:03:42 ReturnToMinePhase: Clicked return point at [1438, 906]
2026-07-13 02:03:45 ReturnToMinePhase: Arrived - vein visible. Resuming mining.
2026-07-13 02:03:45 MinePhase: Clicked vein A at [1198, 697]
2026-07-13 02:03:54 MinePhase: Vein A depleted. Checking for another.
2026-07-13 02:03:54 MinePhase: Clicked vein B at [1240, 740]
2026-07-13 02:04:03 MinePhase: Vein B depleted. Checking for another.
2026-07-13 02:04:09 MinePhase: Clicked vein A at [1198, 697]
2026-07-13 02:04:25 MinePhase: Vein A depleted. Checking for another.
2026-07-13 02:04:25 MinePhase: Clicked vein B at [1240, 740]
2026-07-13 02:04:39 MinePhase: Vein B depleted. Checking for another.
2026-07-13 02:04:39 MinePhase: Clicked vein A at [1198, 697]
2026-07-13 02:05:11 MinePhase: Vein A depleted. Checking for another.
2026-07-13 02:05:12 MinePhase: Clicked vein B at [1240, 740]
2026-07-13 02:05:29 MinePhase: Vein B depleted. Checking for another.
2026-07-13 02:05:30 MinePhase: Clicked vein A at [1198, 697]
2026-07-13 02:05:42 MinePhase: Vein A depleted. Checking for another.
2026-07-13 02:05:44 MinePhase: Clicked vein B at [1240, 740]
2026-07-13 02:05:55 MinePhase: Inventory full, transitioning to depositBank
2026-07-13 02:05:55 DepositBankPhase: Clicked deposit container at [996, 500]
2026-07-13 02:05:55 DepositBankPhase: Waiting for deposit box to open...
2026-07-13 02:05:57 DepositBankPhase: Deposited all - returning to mine
2026-07-13 02:05:57 ReturnToMinePhase: Clicked return point at [1438, 906]
2026-07-13 02:06:02 ReturnToMinePhase: Arrived - vein visible. Resuming mining.
2026-07-13 02:06:03 MinePhase: Clicked vein A at [1198, 697]
2026-07-13 02:06:09 MinePhase: Vein A depleted. Checking for another.
2026-07-13 02:06:10 MinePhase: Clicked vein B at [1240, 740]
2026-07-13 02:06:31 MinePhase: Vein B depleted. Checking for another.
2026-07-13 02:06:31 MinePhase: Clicked vein A at [1198, 697]
2026-07-13 02:06:40 MinePhase: Vein A depleted. Checking for another.
2026-07-13 02:06:46 MinePhase: Clicked vein B at [1240, 740]
2026-07-13 02:07:04 MinePhase: Vein B depleted. Checking for another.
2026-07-13 02:07:04 MinePhase: Clicked vein A at [1198, 697]
2026-07-13 02:07:31 MinePhase: Vein A depleted. Checking for another.
2026-07-13 02:07:31 MinePhase: Clicked vein B at [1240, 740]
2026-07-13 02:07:50 MinePhase: Vein B depleted. Checking for another.
2026-07-13 02:07:51 MinePhase: Clicked vein A at [1198, 697]
2026-07-13 02:08:08 MinePhase: Vein A depleted. Checking for another.
2026-07-13 02:08:09 MinePhase: Clicked vein B at [1240, 740]
2026-07-13 02:08:12 MinePhase: Inventory full, transitioning to depositBank
2026-07-13 02:08:12 DepositBankPhase: Clicked deposit container at [996, 500]
2026-07-13 02:08:12 DepositBankPhase: Waiting for deposit box to open...
2026-07-13 02:08:15 DepositBankPhase: Deposited all - returning to mine
2026-07-13 02:08:15 ReturnToMinePhase: Clicked return point at [1438, 906]
2026-07-13 02:08:17 ReturnToMinePhase: Arrived - vein visible. Resuming mining.
2026-07-13 02:08:18 MinePhase: Clicked vein B at [1240, 740]
2026-07-13 02:08:34 MinePhase: Vein B depleted. Checking for another.
2026-07-13 02:08:34 MinePhase: Clicked vein A at [1198, 697]
2026-07-13 02:08:55 MinePhase: Vein A depleted. Checking for another.
2026-07-13 02:08:55 MinePhase: Clicked vein B at [1240, 740]
2026-07-13 02:09:04 MinePhase: Vein B depleted. Checking for another.
2026-07-13 02:09:10 MinePhase: Clicked vein A at [1198, 697]
2026-07-13 02:09:20 MinePhase: Vein A depleted. Checking for another.
2026-07-13 02:09:21 MinePhase: Clicked vein B at [1240, 740]
2026-07-13 02:09:55 MinePhase: Vein B depleted. Checking for another.
2026-07-13 02:09:55 MinePhase: Clicked vein A at [1198, 697]
2026-07-13 02:10:07 MinePhase: Vein A depleted. Checking for another.
2026-07-13 02:10:09 MinePhase: Clicked vein B at [1240, 740]
2026-07-13 02:10:25 MinePhase: Vein B depleted. Checking for another.
2026-07-13 02:10:25 MinePhase: Clicked vein A at [1198, 697]
2026-07-13 02:10:25 MinePhase: Inventory full, transitioning to depositBank
2026-07-13 02:10:26 DepositBankPhase: Clicked deposit container at [996, 500]
2026-07-13 02:10:26 DepositBankPhase: Waiting for deposit box to open...
2026-07-13 02:10:28 DepositBankPhase: Deposited all - returning to mine
2026-07-13 02:10:29 ReturnToMinePhase: Clicked return point at [1438, 906]
2026-07-13 02:10:33 ReturnToMinePhase: Arrived - vein visible. Resuming mining.
2026-07-13 02:10:33 MinePhase: Clicked vein A at [1198, 697]
2026-07-13 02:10:49 MinePhase: Vein A depleted. Checking for another.
2026-07-13 02:10:49 MinePhase: Clicked vein B at [1240, 740]
2026-07-13 02:11:05 MinePhase: Vein B depleted. Checking for another.
2026-07-13 02:11:06 MinePhase: Clicked vein A at [1198, 697]
2026-07-13 02:11:25 MinePhase: Vein A depleted. Checking for another.
2026-07-13 02:11:25 MinePhase: Clicked vein B at [1240, 740]
2026-07-13 02:11:59 MinePhase: Vein B depleted. Checking for another.
2026-07-13 02:12:00 MinePhase: Clicked vein A at [1198, 697]
2026-07-13 02:12:52 MinePhase: Vein A depleted. Checking for another.
2026-07-13 02:12:52 MinePhase: Clicked vein B at [1240, 740]
2026-07-13 02:13:04 MinePhase: Vein B depleted. Checking for another.
2026-07-13 02:13:06 MinePhase: Clicked vein A at [1198, 697]
2026-07-13 02:13:19 MinePhase: Vein A depleted. Checking for another.
2026-07-13 02:13:19 MinePhase: Clicked vein B at [1240, 740]
2026-07-13 02:13:19 MinePhase: Inventory full, transitioning to depositBank
2026-07-13 02:13:19 DepositBankPhase: Clicked deposit container at [996, 500]
2026-07-13 02:13:19 DepositBankPhase: Waiting for deposit box to open...
2026-07-13 02:13:22 DepositBankPhase: Deposited all - returning to mine
2026-07-13 02:13:22 ReturnToMinePhase: Clicked return point at [1438, 906]
2026-07-13 02:13:25 ReturnToMinePhase: Arrived - vein visible. Resuming mining.
2026-07-13 02:13:25 MinePhase: Clicked vein B at [1240, 740]
2026-07-13 02:16:25 Engine: stopped - Phase 'mine' timed out
2026-07-13 02:24:43 Engine: started at phase 'mine'
2026-07-13 02:24:43 MinePhase: Clicked vein A at [1198, 697]
2026-07-13 02:24:48 MinePhase: Vein A depleted. Checking for another.
2026-07-13 02:24:48 MinePhase: Clicked vein B at [1240, 740]
2026-07-13 02:25:11 MinePhase: Vein B depleted. Checking for another.
2026-07-13 02:25:12 MinePhase: Clicked vein A at [1198, 697]
2026-07-13 02:25:33 MinePhase: Vein A depleted. Checking for another.
2026-07-13 02:25:33 MinePhase: Clicked vein B at [1240, 740]
2026-07-13 02:25:56 MinePhase: Vein B depleted. Checking for another.
2026-07-13 02:25:57 MinePhase: Clicked vein A at [1198, 697]
2026-07-13 02:26:04 MinePhase: Inventory full, transitioning to depositBank
2026-07-13 02:26:04 DepositBankPhase: Clicked deposit container at [994, 500]
2026-07-13 02:26:04 DepositBankPhase: Waiting for deposit box to open...
2026-07-13 02:26:08 Engine: started at phase 'mine'
2026-07-13 02:26:09 Engine: stopped - Stopped (F6)
2026-07-13 02:26:09 Engine: started at phase 'mine'
2026-07-13 02:26:11 Engine: stopped - Stopped (F6)
2026-07-13 02:26:15 Engine: started at phase 'mine'
2026-07-13 02:26:15 MinePhase: Inventory full, transitioning to depositBank
2026-07-13 02:26:15 DepositBankPhase: Clicked deposit container at [994, 500]
2026-07-13 02:26:15 DepositBankPhase: Waiting for deposit box to open...
2026-07-13 02:26:18 DepositBankPhase: Deposited all - returning to mine
2026-07-13 02:26:18 ReturnToMinePhase: Clicked return point at [1438, 906]
2026-07-13 02:26:20 ReturnToMinePhase: Arrived - vein visible. Resuming mining.
2026-07-13 02:26:21 MinePhase: Clicked vein B at [1240, 740]
2026-07-13 02:26:29 MinePhase: Vein B depleted. Checking for another.
2026-07-13 02:26:30 MinePhase: Clicked vein A at [1198, 697]
2026-07-13 02:26:42 MinePhase: Vein A depleted. Checking for another.
2026-07-13 02:26:44 MinePhase: Clicked vein B at [1240, 740]
2026-07-13 02:26:47 Engine: stopped - Stopped (F6)
2026-07-13 02:27:17 Engine: started at phase 'mine'
2026-07-13 02:27:17 MinePhase: Inventory full, transitioning to depositBank
2026-07-13 02:27:17 DepositBankPhase: Clicked deposit container at [994, 500]
2026-07-13 02:27:17 DepositBankPhase: Waiting for deposit box to open...
2026-07-13 02:27:19 DepositBankPhase: Deposited all - returning to mine
2026-07-13 02:27:19 ReturnToMinePhase: Clicked return point at [1438, 906]
2026-07-13 02:27:22 ReturnToMinePhase: Arrived - vein visible. Resuming mining.
2026-07-13 02:27:22 MinePhase: Clicked vein A at [1198, 697]
2026-07-13 02:27:31 MinePhase: Vein A depleted. Checking for another.
2026-07-13 02:27:31 MinePhase: Clicked vein B at [1240, 740]
2026-07-13 02:28:09 MinePhase: Vein B depleted. Checking for another.
2026-07-13 02:28:09 MinePhase: Clicked vein A at [1198, 697]
2026-07-13 02:28:23 MinePhase: Vein A depleted. Checking for another.
2026-07-13 02:28:23 MinePhase: Clicked vein B at [1240, 740]
2026-07-13 02:29:05 MinePhase: Vein B depleted. Checking for another.
2026-07-13 02:29:05 MinePhase: Clicked vein A at [1198, 697]
2026-07-13 02:29:26 MinePhase: Vein A depleted. Checking for another.
2026-07-13 02:29:26 MinePhase: Clicked vein B at [1240, 740]
2026-07-13 02:29:37 MinePhase: Vein B depleted. Checking for another.
2026-07-13 02:29:41 MinePhase: Clicked vein A at [1198, 697]
2026-07-13 02:29:55 MinePhase: Vein A depleted. Checking for another.
2026-07-13 02:29:55 MinePhase: Clicked vein B at [1240, 740]
2026-07-13 02:30:00 MinePhase: Inventory full, transitioning to depositBank
2026-07-13 02:30:01 DepositBankPhase: Clicked deposit container at [994, 500]
2026-07-13 02:30:01 DepositBankPhase: Waiting for deposit box to open...
2026-07-13 02:30:03 DepositBankPhase: Deposited all - returning to mine
2026-07-13 02:30:03 ReturnToMinePhase: Clicked return point at [1438, 906]
2026-07-13 02:30:06 ReturnToMinePhase: Arrived - vein visible. Resuming mining.
2026-07-13 02:30:06 MinePhase: Clicked vein B at [1240, 740]
2026-07-13 02:30:15 MinePhase: Vein B depleted. Checking for another.
2026-07-13 02:30:15 MinePhase: Clicked vein A at [1198, 697]
2026-07-13 02:30:27 MinePhase: Vein A depleted. Checking for another.
2026-07-13 02:30:29 MinePhase: Clicked vein B at [1240, 740]
2026-07-13 02:30:40 MinePhase: Vein B depleted. Checking for another.
2026-07-13 02:30:42 MinePhase: Clicked vein A at [1198, 697]
2026-07-13 02:31:14 MinePhase: Vein A depleted. Checking for another.
2026-07-13 02:31:14 MinePhase: Clicked vein B at [1240, 740]
2026-07-13 02:31:39 MinePhase: Vein B depleted. Checking for another.
2026-07-13 02:31:40 MinePhase: Clicked vein A at [1198, 697]
2026-07-13 02:32:14 MinePhase: Vein A depleted. Checking for another.
2026-07-13 02:32:14 MinePhase: Clicked vein B at [1240, 740]
2026-07-13 02:32:26 MinePhase: Vein B depleted. Checking for another.
2026-07-13 02:32:28 MinePhase: Clicked vein A at [1198, 697]
2026-07-13 02:32:32 MinePhase: Inventory full, transitioning to depositBank
2026-07-13 02:32:32 DepositBankPhase: Clicked deposit container at [994, 500]
2026-07-13 02:32:32 DepositBankPhase: Waiting for deposit box to open...
2026-07-13 02:32:34 DepositBankPhase: Deposited all - returning to mine
2026-07-13 02:32:34 ReturnToMinePhase: Clicked return point at [1438, 906]
2026-07-13 02:33:04 Engine: stopped - Phase 'returnToMine' timed out
2026-07-13 02:37:53 Engine: started at phase 'mine'
2026-07-13 02:37:54 MinePhase: Clicked vein A at [1198, 697]
2026-07-13 02:37:57 Engine: stopped - Stopped (F6)
2026-07-13 02:37:58 Engine: started at phase 'mine'
2026-07-13 02:37:58 MinePhase: Inventory full, transitioning to depositBank
2026-07-13 02:37:58 DepositBankPhase: Clicked deposit container at [996, 500]
2026-07-13 02:37:59 DepositBankPhase: Waiting for deposit box to open...
2026-07-13 02:38:01 DepositBankPhase: Deposited all - returning to mine
2026-07-13 02:38:01 ReturnToMinePhase: Clicked return point at [1438, 906]
2026-07-13 02:38:04 ReturnToMinePhase: Arrived - vein visible. Resuming mining.
2026-07-13 02:38:04 MinePhase: Clicked vein A at [1198, 697]
2026-07-13 02:38:22 MinePhase: Vein A depleted. Checking for another.
2026-07-13 02:38:22 MinePhase: Clicked vein B at [1240, 740]
2026-07-13 02:38:47 MinePhase: Vein B depleted. Checking for another.
2026-07-13 02:38:47 MinePhase: Clicked vein A at [1198, 697]
2026-07-13 02:39:05 MinePhase: Vein A depleted. Checking for another.
2026-07-13 02:39:05 MinePhase: Clicked vein B at [1240, 740]
2026-07-13 02:39:16 MinePhase: Vein B depleted. Checking for another.
2026-07-13 02:39:20 MinePhase: Clicked vein A at [1198, 697]
2026-07-13 02:39:36 MinePhase: Vein A depleted. Checking for another.
2026-07-13 02:39:36 MinePhase: Clicked vein B at [1240, 740]
2026-07-13 02:39:59 MinePhase: Vein B depleted. Checking for another.
2026-07-13 02:39:59 MinePhase: Clicked vein A at [1198, 697]
2026-07-13 02:40:24 MinePhase: Inventory full, transitioning to depositBank
2026-07-13 02:40:25 DepositBankPhase: Clicked deposit container at [996, 500]
2026-07-13 02:40:25 DepositBankPhase: Waiting for deposit box to open...
2026-07-13 02:40:27 DepositBankPhase: Deposited all - returning to mine
2026-07-13 02:40:27 ReturnToMinePhase: Clicked return point at [1438, 906]
2026-07-13 02:40:30 ReturnToMinePhase: Arrived - vein visible. Resuming mining.
2026-07-13 02:40:31 MinePhase: Clicked vein A at [1198, 697]
2026-07-13 02:40:34 MinePhase: Vein A depleted. Checking for another.
2026-07-13 02:40:34 MinePhase: Clicked vein B at [1240, 740]
2026-07-13 02:41:08 MinePhase: Vein B depleted. Checking for another.
2026-07-13 02:41:08 MinePhase: Clicked vein A at [1198, 697]
2026-07-13 02:41:30 MinePhase: Vein A depleted. Checking for another.
2026-07-13 02:41:30 MinePhase: Clicked vein B at [1240, 740]
2026-07-13 02:41:57 MinePhase: Vein B depleted. Checking for another.
2026-07-13 02:41:57 MinePhase: Clicked vein A at [1198, 697]
2026-07-13 02:42:38 MinePhase: Vein A depleted. Checking for another.
2026-07-13 02:42:38 MinePhase: Clicked vein B at [1240, 740]
2026-07-13 02:42:51 MinePhase: Vein B depleted. Checking for another.
2026-07-13 02:42:53 MinePhase: Clicked vein A at [1198, 697]
2026-07-13 02:43:09 MinePhase: Vein A depleted. Checking for another.
2026-07-13 02:43:09 MinePhase: Clicked vein B at [1240, 740]
2026-07-13 02:43:27 MinePhase: Inventory full, transitioning to depositBank
2026-07-13 02:43:27 DepositBankPhase: Clicked deposit container at [996, 500]
2026-07-13 02:43:27 DepositBankPhase: Waiting for deposit box to open...
2026-07-13 02:43:30 DepositBankPhase: Deposited all - returning to mine
2026-07-13 02:43:30 ReturnToMinePhase: Clicked return point at [1438, 906]
2026-07-13 02:43:33 ReturnToMinePhase: Arrived - vein visible. Resuming mining.
2026-07-13 02:43:33 MinePhase: Clicked vein A at [1198, 697]
2026-07-13 02:43:45 MinePhase: Vein A depleted. Checking for another.
2026-07-13 02:43:46 MinePhase: Clicked vein B at [1240, 740]
2026-07-13 02:44:05 MinePhase: Vein B depleted. Checking for another.
2026-07-13 02:44:06 MinePhase: Clicked vein A at [1198, 697]
2026-07-13 02:44:21 MinePhase: Vein A depleted. Checking for another.
2026-07-13 02:44:22 MinePhase: Clicked vein B at [1240, 740]
2026-07-13 02:44:32 MinePhase: Vein B depleted. Checking for another.
2026-07-13 02:44:36 MinePhase: Clicked vein A at [1198, 697]
2026-07-13 02:44:45 MinePhase: Vein A depleted. Checking for another.
2026-07-13 02:44:47 MinePhase: Clicked vein B at [1240, 740]
2026-07-13 02:44:59 MinePhase: Vein B depleted. Checking for another.
2026-07-13 02:45:00 MinePhase: Clicked vein A at [1198, 697]
2026-07-13 02:45:14 MinePhase: Vein A depleted. Checking for another.
2026-07-13 02:45:14 MinePhase: Clicked vein B at [1240, 740]
2026-07-13 02:45:28 MinePhase: Inventory full, transitioning to depositBank
2026-07-13 02:45:28 DepositBankPhase: Clicked deposit container at [996, 500]
2026-07-13 02:45:29 DepositBankPhase: Waiting for deposit box to open...
2026-07-13 02:45:31 DepositBankPhase: Deposited all - returning to mine
2026-07-13 02:45:31 ReturnToMinePhase: Clicked return point at [1438, 906]
2026-07-13 02:45:34 ReturnToMinePhase: Arrived - vein visible. Resuming mining.
2026-07-13 02:45:34 MinePhase: Clicked vein A at [1198, 697]
2026-07-13 02:45:43 MinePhase: Vein A depleted. Checking for another.
2026-07-13 02:45:43 MinePhase: Clicked vein B at [1240, 740]
2026-07-13 02:45:52 MinePhase: Vein B depleted. Checking for another.
2026-07-13 02:45:58 MinePhase: Clicked vein A at [1198, 697]
2026-07-13 02:46:32 MinePhase: Vein A depleted. Checking for another.
2026-07-13 02:46:32 MinePhase: Clicked vein B at [1240, 740]
2026-07-13 02:46:41 MinePhase: Vein B depleted. Checking for another.
2026-07-13 02:46:46 MinePhase: Clicked vein A at [1198, 697]
2026-07-13 02:47:00 MinePhase: Vein A depleted. Checking for another.
2026-07-13 02:47:01 MinePhase: Clicked vein B at [1240, 740]
2026-07-13 02:47:09 MinePhase: Vein B depleted. Checking for another.
2026-07-13 02:47:15 MinePhase: Clicked vein A at [1198, 697]
2026-07-13 02:47:26 MinePhase: Vein A depleted. Checking for another.
2026-07-13 02:47:26 MinePhase: Clicked vein B at [1240, 740]
2026-07-13 02:47:29 MinePhase: Inventory full, transitioning to depositBank
2026-07-13 02:47:29 DepositBankPhase: Clicked deposit container at [996, 500]
2026-07-13 02:47:30 DepositBankPhase: Waiting for deposit box to open...
2026-07-13 02:47:32 DepositBankPhase: Deposited all - returning to mine
2026-07-13 02:47:32 ReturnToMinePhase: Clicked return point at [1438, 906]
2026-07-13 02:47:35 ReturnToMinePhase: Arrived - vein visible. Resuming mining.
2026-07-13 02:47:35 MinePhase: Clicked vein B at [1240, 740]
2026-07-13 02:47:49 MinePhase: Vein B depleted. Checking for another.
2026-07-13 02:47:49 MinePhase: Clicked vein A at [1198, 697]
2026-07-13 02:48:23 MinePhase: Vein A depleted. Checking for another.
2026-07-13 02:48:24 MinePhase: Clicked vein B at [1240, 740]
2026-07-13 02:48:32 MinePhase: Vein B depleted. Checking for another.
2026-07-13 02:48:38 MinePhase: Clicked vein A at [1198, 697]
2026-07-13 02:49:01 MinePhase: Vein A depleted. Checking for another.
2026-07-13 02:49:01 MinePhase: Clicked vein B at [1240, 740]
2026-07-13 02:49:26 MinePhase: Vein B depleted. Checking for another.
2026-07-13 02:49:27 MinePhase: Clicked vein A at [1198, 697]
2026-07-13 02:49:53 MinePhase: Vein A depleted. Checking for another.
2026-07-13 02:49:54 MinePhase: Clicked vein B at [1240, 740]
2026-07-13 02:50:06 MinePhase: Vein B depleted. Checking for another.
2026-07-13 02:50:08 MinePhase: Clicked vein A at [1198, 697]
2026-07-13 02:50:13 MinePhase: Inventory full, transitioning to depositBank
2026-07-13 02:50:13 DepositBankPhase: Clicked deposit container at [996, 500]
2026-07-13 02:50:14 DepositBankPhase: Waiting for deposit box to open...
2026-07-13 02:50:16 DepositBankPhase: Deposited all - returning to mine
2026-07-13 02:50:16 ReturnToMinePhase: Clicked return point at [1438, 906]
2026-07-13 02:50:46 Engine: stopped - Phase 'returnToMine' timed out
2026-07-13 02:51:19 Engine: stopped - Stopped (F6)
2026-07-13 02:51:34 Engine: started at phase 'mine'
2026-07-13 02:51:34 MinePhase: Inventory full, transitioning to depositBank
2026-07-13 02:51:34 DepositBankPhase: Clicked deposit container at [996, 500]
2026-07-13 02:51:35 DepositBankPhase: Waiting for deposit box to open...
2026-07-13 02:51:37 DepositBankPhase: Deposited all - returning to mine
2026-07-13 02:51:37 ReturnToMinePhase: Clicked return point at [1448, 916]
2026-07-13 02:51:39 ReturnToMinePhase: Arrived - vein visible. Resuming mining.
2026-07-13 02:51:40 MinePhase: Clicked vein A at [1198, 697]
2026-07-13 02:52:00 MinePhase: Vein A depleted. Checking for another.
2026-07-13 02:52:01 MinePhase: Clicked vein B at [1240, 740]
2026-07-13 02:52:04 Engine: stopped - Stopped (F6)
2026-07-13 02:52:25 Engine: started at phase 'mine'
2026-07-13 02:52:25 MinePhase: Inventory full, transitioning to depositBank
2026-07-13 02:52:25 DepositBankPhase: Clicked deposit container at [996, 500]
2026-07-13 02:52:25 DepositBankPhase: Waiting for deposit box to open...
2026-07-13 02:52:28 DepositBankPhase: Deposited all - returning to mine
2026-07-13 02:52:28 ReturnToMinePhase: Clicked return point at [1448, 916]
2026-07-13 02:52:31 ReturnToMinePhase: Arrived - vein visible. Resuming mining.
2026-07-13 02:52:31 MinePhase: Clicked vein A at [1198, 697]
2026-07-13 02:53:00 MinePhase: Vein A depleted. Checking for another.
2026-07-13 02:53:00 MinePhase: Clicked vein B at [1240, 740]
2026-07-13 02:53:30 MinePhase: Vein B depleted. Checking for another.
2026-07-13 02:53:31 MinePhase: Clicked vein A at [1198, 697]
2026-07-13 02:53:49 MinePhase: Vein A depleted. Checking for another.
2026-07-13 02:53:49 MinePhase: Clicked vein B at [1240, 740]
2026-07-13 02:54:07 MinePhase: Vein B depleted. Checking for another.
2026-07-13 02:54:07 MinePhase: Clicked vein A at [1198, 697]
2026-07-13 02:54:46 MinePhase: Vein A depleted. Checking for another.
2026-07-13 02:54:46 MinePhase: Clicked vein B at [1240, 740]
2026-07-13 02:54:57 MinePhase: Vein B depleted. Checking for another.
2026-07-13 02:55:01 MinePhase: Clicked vein A at [1198, 697]
2026-07-13 02:55:19 MinePhase: Inventory full, transitioning to depositBank
2026-07-13 02:55:19 DepositBankPhase: Clicked deposit container at [996, 500]
2026-07-13 02:55:19 DepositBankPhase: Waiting for deposit box to open...
2026-07-13 02:55:21 DepositBankPhase: Deposited all - returning to mine
2026-07-13 02:55:21 ReturnToMinePhase: Clicked return point at [1448, 916]
2026-07-13 02:55:24 ReturnToMinePhase: Arrived - vein visible. Resuming mining.
2026-07-13 02:55:24 MinePhase: Clicked vein B at [1240, 740]
2026-07-13 02:55:51 MinePhase: Vein B depleted. Checking for another.
2026-07-13 02:55:51 MinePhase: Clicked vein A at [1198, 697]
2026-07-13 02:56:09 MinePhase: Vein A depleted. Checking for another.
2026-07-13 02:56:09 MinePhase: Clicked vein B at [1240, 740]
2026-07-13 02:56:20 MinePhase: Vein B depleted. Checking for another.
2026-07-13 02:56:24 MinePhase: Clicked vein A at [1198, 697]
2026-07-13 02:56:34 MinePhase: Vein A depleted. Checking for another.
2026-07-13 02:56:34 MinePhase: Clicked vein B at [1240, 740]
2026-07-13 02:56:52 MinePhase: Vein B depleted. Checking for another.
2026-07-13 02:56:52 MinePhase: Clicked vein A at [1198, 697]
2026-07-13 02:57:14 MinePhase: Vein A depleted. Checking for another.
2026-07-13 02:57:14 MinePhase: Clicked vein B at [1240, 740]
2026-07-13 02:57:21 MinePhase: Inventory full, transitioning to depositBank
2026-07-13 02:57:21 DepositBankPhase: Clicked deposit container at [996, 500]
2026-07-13 02:57:21 DepositBankPhase: Waiting for deposit box to open...
2026-07-13 02:57:24 DepositBankPhase: Deposited all - returning to mine
2026-07-13 02:57:24 ReturnToMinePhase: Clicked return point at [1448, 916]
2026-07-13 02:57:26 ReturnToMinePhase: Arrived - vein visible. Resuming mining.
2026-07-13 02:57:27 MinePhase: Clicked vein B at [1240, 740]
2026-07-13 02:57:37 MinePhase: Vein B depleted. Checking for another.
2026-07-13 02:57:37 MinePhase: Clicked vein A at [1198, 697]
2026-07-13 02:57:46 MinePhase: Vein A depleted. Checking for another.
2026-07-13 02:57:52 MinePhase: Clicked vein B at [1240, 740]
2026-07-13 02:58:02 MinePhase: Vein B depleted. Checking for another.
2026-07-13 02:58:03 MinePhase: Clicked vein A at [1198, 697]
2026-07-13 02:58:26 MinePhase: Vein A depleted. Checking for another.
2026-07-13 02:58:26 MinePhase: Clicked vein B at [1240, 740]
2026-07-13 02:58:40 MinePhase: Vein B depleted. Checking for another.
2026-07-13 02:58:40 MinePhase: Clicked vein A at [1198, 697]
2026-07-13 02:58:49 MinePhase: Vein A depleted. Checking for another.
2026-07-13 02:58:55 MinePhase: Clicked vein B at [1240, 740]
2026-07-13 02:59:09 MinePhase: Vein B depleted. Checking for another.
2026-07-13 02:59:09 MinePhase: Clicked vein A at [1198, 697]
2026-07-13 02:59:20 MinePhase: Inventory full, transitioning to depositBank
2026-07-13 02:59:20 DepositBankPhase: Clicked deposit container at [996, 500]
2026-07-13 02:59:20 DepositBankPhase: Waiting for deposit box to open...
2026-07-13 02:59:22 DepositBankPhase: Deposited all - returning to mine
2026-07-13 02:59:23 ReturnToMinePhase: Clicked return point at [1448, 916]
2026-07-13 02:59:25 ReturnToMinePhase: Arrived - vein visible. Resuming mining.
2026-07-13 02:59:26 MinePhase: Clicked vein A at [1198, 697]
2026-07-13 02:59:29 MinePhase: Vein A depleted. Checking for another.
2026-07-13 02:59:29 MinePhase: Clicked vein B at [1240, 740]
2026-07-13 02:59:54 MinePhase: Vein B depleted. Checking for another.
2026-07-13 02:59:54 MinePhase: Clicked vein A at [1198, 697]
2026-07-13 03:00:14 MinePhase: Vein A depleted. Checking for another.
2026-07-13 03:00:14 MinePhase: Clicked vein B at [1240, 740]
2026-07-13 03:00:25 MinePhase: Vein B depleted. Checking for another.
2026-07-13 03:00:28 MinePhase: Clicked vein A at [1198, 697]
2026-07-13 03:00:50 MinePhase: Vein A depleted. Checking for another.
2026-07-13 03:00:50 MinePhase: Clicked vein B at [1240, 740]
2026-07-13 03:01:10 MinePhase: Vein B depleted. Checking for another.
2026-07-13 03:01:10 MinePhase: Clicked vein A at [1198, 697]
2026-07-13 03:01:24 MinePhase: Vein A depleted. Checking for another.
2026-07-13 03:01:24 MinePhase: Clicked vein B at [1240, 740]
2026-07-13 03:01:37 MinePhase: Inventory full, transitioning to depositBank
2026-07-13 03:01:37 DepositBankPhase: Clicked deposit container at [996, 500]
2026-07-13 03:01:37 DepositBankPhase: Waiting for deposit box to open...
2026-07-13 03:01:39 DepositBankPhase: Deposited all - returning to mine
2026-07-13 03:01:39 ReturnToMinePhase: Clicked return point at [1448, 916]
2026-07-13 03:01:42 ReturnToMinePhase: Arrived - vein visible. Resuming mining.
2026-07-13 03:01:42 MinePhase: Clicked vein A at [1198, 697]
2026-07-13 03:01:56 MinePhase: Vein A depleted. Checking for another.
2026-07-13 03:01:56 MinePhase: Clicked vein B at [1240, 740]
2026-07-13 03:02:25 MinePhase: Vein B depleted. Checking for another.
2026-07-13 03:02:25 MinePhase: Clicked vein A at [1198, 697]
2026-07-13 03:02:44 MinePhase: Vein A depleted. Checking for another.
2026-07-13 03:02:45 MinePhase: Clicked vein B at [1240, 740]
2026-07-13 03:03:06 MinePhase: Vein B depleted. Checking for another.
2026-07-13 03:03:06 MinePhase: Clicked vein A at [1198, 697]
2026-07-13 03:03:22 MinePhase: Vein A depleted. Checking for another.
2026-07-13 03:03:22 MinePhase: Clicked vein B at [1240, 740]
2026-07-13 03:03:44 MinePhase: Vein B depleted. Checking for another.
2026-07-13 03:03:44 MinePhase: Clicked vein A at [1198, 697]
2026-07-13 03:04:11 MinePhase: Vein A depleted. Checking for another.
2026-07-13 03:04:11 MinePhase: Clicked vein B at [1240, 740]
2026-07-13 03:04:18 MinePhase: Inventory full, transitioning to depositBank
2026-07-13 03:04:18 DepositBankPhase: Clicked deposit container at [996, 500]
2026-07-13 03:04:18 DepositBankPhase: Waiting for deposit box to open...
2026-07-13 03:04:21 DepositBankPhase: Deposited all - returning to mine
2026-07-13 03:04:21 ReturnToMinePhase: Clicked return point at [1448, 916]
2026-07-13 03:04:23 ReturnToMinePhase: Arrived - vein visible. Resuming mining.
2026-07-13 03:04:24 MinePhase: Clicked vein B at [1240, 740]
2026-07-13 03:04:25 MinePhase: Vein B depleted. Checking for another.
2026-07-13 03:04:25 MinePhase: Clicked vein A at [1198, 697]
2026-07-13 03:04:43 MinePhase: Vein A depleted. Checking for another.
2026-07-13 03:04:43 MinePhase: Clicked vein B at [1240, 740]
2026-07-13 03:04:50 MinePhase: Vein B depleted. Checking for another.
2026-07-13 03:04:58 MinePhase: Clicked vein A at [1198, 697]
2026-07-13 03:05:07 MinePhase: Vein A depleted. Checking for another.
2026-07-13 03:05:07 MinePhase: Clicked vein B at [1240, 740]
2026-07-13 03:05:30 MinePhase: Vein B depleted. Checking for another.
2026-07-13 03:05:30 MinePhase: Clicked vein A at [1198, 697]
2026-07-13 03:06:04 MinePhase: Vein A depleted. Checking for another.
2026-07-13 03:06:04 MinePhase: Clicked vein B at [1240, 740]
2026-07-13 03:06:29 MinePhase: Vein B depleted. Checking for another.
2026-07-13 03:06:30 MinePhase: Clicked vein A at [1198, 697]
2026-07-13 03:06:33 MinePhase: Inventory full, transitioning to depositBank
2026-07-13 03:06:33 DepositBankPhase: Clicked deposit container at [996, 500]
2026-07-13 03:06:33 DepositBankPhase: Waiting for deposit box to open...
2026-07-13 03:06:36 DepositBankPhase: Deposited all - returning to mine
2026-07-13 03:06:36 ReturnToMinePhase: Clicked return point at [1448, 916]
2026-07-13 03:06:38 ReturnToMinePhase: Arrived - vein visible. Resuming mining.
2026-07-13 03:06:39 MinePhase: Clicked vein A at [1198, 697]
2026-07-13 03:06:53 MinePhase: Vein A depleted. Checking for another.
2026-07-13 03:06:53 MinePhase: Clicked vein B at [1240, 740]
2026-07-13 03:07:18 MinePhase: Vein B depleted. Checking for another.
2026-07-13 03:07:18 MinePhase: Clicked vein A at [1198, 697]
2026-07-13 03:07:32 MinePhase: Vein A depleted. Checking for another.
2026-07-13 03:07:33 MinePhase: Clicked vein B at [1240, 740]
2026-07-13 03:07:52 MinePhase: Vein B depleted. Checking for another.
2026-07-13 03:07:52 MinePhase: Clicked vein A at [1198, 697]
2026-07-13 03:08:08 MinePhase: Vein A depleted. Checking for another.
2026-07-13 03:08:09 MinePhase: Clicked vein B at [1240, 740]
2026-07-13 03:08:21 MinePhase: Vein B depleted. Checking for another.
2026-07-13 03:08:23 MinePhase: Clicked vein A at [1198, 697]
2026-07-13 03:08:41 MinePhase: Vein A depleted. Checking for another.
2026-07-13 03:08:41 MinePhase: Clicked vein B at [1240, 740]
2026-07-13 03:08:46 MinePhase: Inventory full, transitioning to depositBank
2026-07-13 03:08:46 DepositBankPhase: Clicked deposit container at [996, 500]
2026-07-13 03:08:47 DepositBankPhase: Waiting for deposit box to open...
2026-07-13 03:08:49 DepositBankPhase: Deposited all - returning to mine
2026-07-13 03:08:49 ReturnToMinePhase: Clicked return point at [1448, 916]
2026-07-13 03:08:52 ReturnToMinePhase: Arrived - vein visible. Resuming mining.
2026-07-13 03:08:52 MinePhase: Clicked vein B at [1240, 740]
2026-07-13 03:09:07 MinePhase: Vein B depleted. Checking for another.
2026-07-13 03:09:08 MinePhase: Clicked vein A at [1198, 697]
2026-07-13 03:09:23 MinePhase: Vein A depleted. Checking for another.
2026-07-13 03:09:24 MinePhase: Clicked vein B at [1240, 740]
2026-07-13 03:09:32 MinePhase: Vein B depleted. Checking for another.
2026-07-13 03:09:38 MinePhase: Clicked vein A at [1198, 697]
2026-07-13 03:10:08 MinePhase: Vein A depleted. Checking for another.
2026-07-13 03:10:09 MinePhase: Clicked vein B at [1240, 740]
2026-07-13 03:10:32 MinePhase: Vein B depleted. Checking for another.
2026-07-13 03:10:32 MinePhase: Clicked vein A at [1198, 697]
2026-07-13 03:10:59 MinePhase: Vein A depleted. Checking for another.
2026-07-13 03:10:59 MinePhase: Clicked vein B at [1240, 740]
2026-07-13 03:11:15 MinePhase: Inventory full, transitioning to depositBank
2026-07-13 03:11:15 DepositBankPhase: Clicked deposit container at [996, 500]
2026-07-13 03:11:15 DepositBankPhase: Waiting for deposit box to open...
2026-07-13 03:11:18 DepositBankPhase: Deposited all - returning to mine
2026-07-13 03:11:18 ReturnToMinePhase: Clicked return point at [1448, 916]
2026-07-13 03:11:20 ReturnToMinePhase: Arrived - vein visible. Resuming mining.
2026-07-13 03:11:21 MinePhase: Clicked vein A at [1198, 697]
2026-07-13 03:11:29 MinePhase: Vein A depleted. Checking for another.
2026-07-13 03:11:29 MinePhase: Clicked vein B at [1240, 740]
2026-07-13 03:11:40 MinePhase: Vein B depleted. Checking for another.
2026-07-13 03:11:43 MinePhase: Clicked vein A at [1198, 697]
2026-07-13 03:12:05 MinePhase: Vein A depleted. Checking for another.
2026-07-13 03:12:05 MinePhase: Clicked vein B at [1240, 740]
2026-07-13 03:12:30 MinePhase: Vein B depleted. Checking for another.
2026-07-13 03:12:30 MinePhase: Clicked vein A at [1198, 697]
2026-07-13 03:12:55 MinePhase: Vein A depleted. Checking for another.
2026-07-13 03:12:56 MinePhase: Clicked vein B at [1240, 740]
2026-07-13 03:13:06 MinePhase: Vein B depleted. Checking for another.
2026-07-13 03:13:10 MinePhase: Clicked vein A at [1198, 697]
2026-07-13 03:13:19 MinePhase: Vein A depleted. Checking for another.
2026-07-13 03:13:21 MinePhase: Clicked vein B at [1240, 740]
2026-07-13 03:13:31 MinePhase: Inventory full, transitioning to depositBank
2026-07-13 03:13:31 DepositBankPhase: Clicked deposit container at [996, 500]
2026-07-13 03:13:32 DepositBankPhase: Waiting for deposit box to open...
2026-07-13 03:13:34 DepositBankPhase: Deposited all - returning to mine
2026-07-13 03:13:34 ReturnToMinePhase: Clicked return point at [1448, 916]
2026-07-13 03:13:37 ReturnToMinePhase: Arrived - vein visible. Resuming mining.
2026-07-13 03:13:37 MinePhase: Clicked vein A at [1198, 697]
2026-07-13 03:13:58 MinePhase: Vein A depleted. Checking for another.
2026-07-13 03:13:59 MinePhase: Clicked vein B at [1240, 740]
2026-07-13 03:14:09 MinePhase: Vein B depleted. Checking for another.
2026-07-13 03:14:13 MinePhase: Clicked vein A at [1198, 697]
2026-07-13 03:14:43 MinePhase: Vein A depleted. Checking for another.
2026-07-13 03:14:44 MinePhase: Clicked vein B at [1240, 740]
2026-07-13 03:15:10 MinePhase: Vein B depleted. Checking for another.
2026-07-13 03:15:11 MinePhase: Clicked vein A at [1198, 697]
2026-07-13 03:15:25 MinePhase: Vein A depleted. Checking for another.
2026-07-13 03:15:25 MinePhase: Clicked vein B at [1240, 740]
2026-07-13 03:15:39 MinePhase: Vein B depleted. Checking for another.
2026-07-13 03:15:39 MinePhase: Clicked vein A at [1198, 697]
2026-07-13 03:16:01 MinePhase: Vein A depleted. Checking for another.
2026-07-13 03:16:01 MinePhase: Clicked vein B at [1240, 740]
2026-07-13 03:16:26 MinePhase: Inventory full, transitioning to depositBank
2026-07-13 03:16:26 DepositBankPhase: Clicked deposit container at [996, 500]
2026-07-13 03:16:26 DepositBankPhase: Waiting for deposit box to open...
2026-07-13 03:16:28 DepositBankPhase: Deposited all - returning to mine
2026-07-13 03:16:29 ReturnToMinePhase: Clicked return point at [1448, 916]
2026-07-13 03:16:31 ReturnToMinePhase: Arrived - vein visible. Resuming mining.
2026-07-13 03:16:32 MinePhase: Clicked vein A at [1198, 697]
2026-07-13 03:16:43 MinePhase: Vein A depleted. Checking for another.
2026-07-13 03:16:44 MinePhase: Clicked vein B at [1240, 740]
2026-07-13 03:17:21 MinePhase: Vein B depleted. Checking for another.
2026-07-13 03:17:21 MinePhase: Clicked vein A at [1198, 697]
2026-07-13 03:17:37 MinePhase: Vein A depleted. Checking for another.
2026-07-13 03:17:38 MinePhase: Clicked vein B at [1240, 740]
2026-07-13 03:18:08 MinePhase: Vein B depleted. Checking for another.
2026-07-13 03:18:08 MinePhase: Clicked vein A at [1198, 697]
2026-07-13 03:18:24 MinePhase: Vein A depleted. Checking for another.
2026-07-13 03:18:24 MinePhase: Clicked vein B at [1240, 740]
2026-07-13 03:18:42 MinePhase: Vein B depleted. Checking for another.
2026-07-13 03:18:42 MinePhase: Clicked vein A at [1198, 697]
2026-07-13 03:18:51 MinePhase: Vein A depleted. Checking for another.
2026-07-13 03:18:57 MinePhase: Clicked vein B at [1240, 740]
2026-07-13 03:18:58 MinePhase: Inventory full, transitioning to depositBank
2026-07-13 03:18:59 DepositBankPhase: Clicked deposit container at [996, 500]
2026-07-13 03:18:59 DepositBankPhase: Waiting for deposit box to open...
2026-07-13 03:19:01 DepositBankPhase: Deposited all - returning to mine
2026-07-13 03:19:01 ReturnToMinePhase: Clicked return point at [1448, 916]
2026-07-13 03:19:04 ReturnToMinePhase: Arrived - vein visible. Resuming mining.
2026-07-13 03:19:04 MinePhase: Clicked vein B at [1240, 740]
2026-07-13 03:19:19 MinePhase: Vein B depleted. Checking for another.
2026-07-13 03:19:20 MinePhase: Clicked vein A at [1198, 697]
2026-07-13 03:19:55 MinePhase: Vein A depleted. Checking for another.
2026-07-13 03:19:56 MinePhase: Clicked vein B at [1240, 740]
2026-07-13 03:20:15 MinePhase: Vein B depleted. Checking for another.
2026-07-13 03:20:15 MinePhase: Clicked vein A at [1198, 697]
2026-07-13 03:20:30 MinePhase: Vein A depleted. Checking for another.
2026-07-13 03:20:30 MinePhase: Clicked vein B at [1240, 740]
2026-07-13 03:20:44 MinePhase: Vein B depleted. Checking for another.
2026-07-13 03:20:44 MinePhase: Clicked vein A at [1198, 697]
2026-07-13 03:21:24 MinePhase: Vein A depleted. Checking for another.
2026-07-13 03:21:24 MinePhase: Clicked vein B at [1240, 740]
2026-07-13 03:22:07 MinePhase: Vein B depleted. Checking for another.
2026-07-13 03:22:07 MinePhase: Clicked vein A at [1198, 697]
2026-07-13 03:22:12 MinePhase: Inventory full, transitioning to depositBank
2026-07-13 03:22:12 DepositBankPhase: Clicked deposit container at [996, 500]
2026-07-13 03:22:13 DepositBankPhase: Waiting for deposit box to open...
2026-07-13 03:22:15 DepositBankPhase: Deposited all - returning to mine
2026-07-13 03:22:15 ReturnToMinePhase: Clicked return point at [1448, 916]
2026-07-13 03:22:18 ReturnToMinePhase: Arrived - vein visible. Resuming mining.
2026-07-13 03:22:18 MinePhase: Clicked vein A at [1198, 697]
2026-07-13 03:22:49 MinePhase: Vein A depleted. Checking for another.
2026-07-13 03:22:49 MinePhase: Clicked vein B at [1240, 740]
2026-07-13 03:23:07 MinePhase: Vein B depleted. Checking for another.
2026-07-13 03:23:07 MinePhase: Clicked vein A at [1198, 697]
2026-07-13 03:23:41 MinePhase: Vein A depleted. Checking for another.
2026-07-13 03:23:41 MinePhase: Clicked vein B at [1240, 740]
2026-07-13 03:23:55 MinePhase: Vein B depleted. Checking for another.
2026-07-13 03:23:56 MinePhase: Clicked vein A at [1198, 697]
2026-07-13 03:24:21 MinePhase: Vein A depleted. Checking for another.
2026-07-13 03:24:21 MinePhase: Clicked vein B at [1240, 740]
2026-07-13 03:24:35 MinePhase: Vein B depleted. Checking for another.
2026-07-13 03:24:35 MinePhase: Clicked vein A at [1198, 697]
2026-07-13 03:24:57 MinePhase: Vein A depleted. Checking for another.
2026-07-13 03:24:57 MinePhase: Clicked vein B at [1240, 740]
2026-07-13 03:25:04 MinePhase: Inventory full, transitioning to depositBank
2026-07-13 03:25:04 DepositBankPhase: Clicked deposit container at [996, 500]
2026-07-13 03:25:04 DepositBankPhase: Waiting for deposit box to open...
2026-07-13 03:25:06 DepositBankPhase: Deposited all - returning to mine
2026-07-13 03:25:07 ReturnToMinePhase: Clicked return point at [1448, 916]
2026-07-13 03:25:09 ReturnToMinePhase: Arrived - vein visible. Resuming mining.
2026-07-13 03:25:10 MinePhase: Clicked vein B at [1240, 740]
2026-07-13 03:25:28 MinePhase: Vein B depleted. Checking for another.
2026-07-13 03:25:29 MinePhase: Clicked vein A at [1198, 697]
2026-07-13 03:25:43 MinePhase: Vein A depleted. Checking for another.
2026-07-13 03:25:43 MinePhase: Clicked vein B at [1240, 740]
2026-07-13 03:26:03 MinePhase: Vein B depleted. Checking for another.
2026-07-13 03:26:03 MinePhase: Clicked vein A at [1198, 697]
2026-07-13 03:26:13 MinePhase: Vein A depleted. Checking for another.
2026-07-13 03:26:17 MinePhase: Clicked vein B at [1240, 740]
2026-07-13 03:26:31 MinePhase: Vein B depleted. Checking for another.
2026-07-13 03:26:32 MinePhase: Clicked vein A at [1198, 697]
2026-07-13 03:26:55 MinePhase: Vein A depleted. Checking for another.
2026-07-13 03:26:55 MinePhase: Clicked vein B at [1240, 740]
2026-07-13 03:27:11 MinePhase: Vein B depleted. Checking for another.
2026-07-13 03:27:11 MinePhase: Clicked vein A at [1198, 697]
2026-07-13 03:27:22 MinePhase: Inventory full, transitioning to depositBank
2026-07-13 03:27:22 DepositBankPhase: Clicked deposit container at [996, 500]
2026-07-13 03:27:22 DepositBankPhase: Waiting for deposit box to open...
2026-07-13 03:27:24 DepositBankPhase: Deposited all - returning to mine
2026-07-13 03:27:25 ReturnToMinePhase: Clicked return point at [1448, 916]
2026-07-13 03:27:27 ReturnToMinePhase: Arrived - vein visible. Resuming mining.
2026-07-13 03:27:27 MinePhase: Clicked vein A at [1198, 697]
2026-07-13 03:27:56 MinePhase: Vein A depleted. Checking for another.
2026-07-13 03:27:56 MinePhase: Clicked vein B at [1240, 740]
2026-07-13 03:28:14 MinePhase: Vein B depleted. Checking for another.
2026-07-13 03:28:14 MinePhase: Clicked vein A at [1198, 697]
2026-07-13 03:28:32 MinePhase: Vein A depleted. Checking for another.
2026-07-13 03:28:32 MinePhase: Clicked vein B at [1240, 740]
2026-07-13 03:28:52 MinePhase: Vein B depleted. Checking for another.
2026-07-13 03:28:52 MinePhase: Clicked vein A at [1198, 697]
2026-07-13 03:29:22 MinePhase: Vein A depleted. Checking for another.
2026-07-13 03:29:23 MinePhase: Clicked vein B at [1240, 740]
2026-07-13 03:29:31 MinePhase: Vein B depleted. Checking for another.
2026-07-13 03:29:37 MinePhase: Clicked vein A at [1198, 697]
2026-07-13 03:29:53 MinePhase: Vein A depleted. Checking for another.
2026-07-13 03:29:53 MinePhase: Clicked vein B at [1240, 740]
2026-07-13 03:29:53 MinePhase: Inventory full, transitioning to depositBank
2026-07-13 03:29:53 DepositBankPhase: Clicked deposit container at [996, 500]
2026-07-13 03:29:54 DepositBankPhase: Waiting for deposit box to open...
2026-07-13 03:29:56 DepositBankPhase: Deposited all - returning to mine
2026-07-13 03:29:56 ReturnToMinePhase: Clicked return point at [1448, 916]
2026-07-13 03:29:59 ReturnToMinePhase: Arrived - vein visible. Resuming mining.
2026-07-13 03:29:59 MinePhase: Clicked vein B at [1240, 740]
2026-07-13 03:30:06 MinePhase: Vein B depleted. Checking for another.
2026-07-13 03:30:08 MinePhase: Clicked vein A at [1198, 697]
2026-07-13 03:30:27 MinePhase: Vein A depleted. Checking for another.
2026-07-13 03:30:27 MinePhase: Clicked vein B at [1240, 740]
2026-07-13 03:30:47 MinePhase: Vein B depleted. Checking for another.
2026-07-13 03:30:47 MinePhase: Clicked vein A at [1198, 697]
2026-07-13 03:30:58 MinePhase: Vein A depleted. Checking for another.
2026-07-13 03:31:02 MinePhase: Clicked vein B at [1240, 740]
2026-07-13 03:31:23 MinePhase: Vein B depleted. Checking for another.
2026-07-13 03:31:23 MinePhase: Clicked vein A at [1198, 697]
2026-07-13 03:31:37 MinePhase: Vein A depleted. Checking for another.
2026-07-13 03:31:38 MinePhase: Clicked vein B at [1240, 740]
2026-07-13 03:31:57 MinePhase: Inventory full, transitioning to depositBank
2026-07-13 03:31:57 DepositBankPhase: Clicked deposit container at [996, 500]
2026-07-13 03:31:58 DepositBankPhase: Waiting for deposit box to open...
2026-07-13 03:32:00 DepositBankPhase: Deposited all - returning to mine
2026-07-13 03:32:00 ReturnToMinePhase: Clicked return point at [1448, 916]
2026-07-13 03:32:03 ReturnToMinePhase: Arrived - vein visible. Resuming mining.
2026-07-13 03:32:03 MinePhase: Clicked vein A at [1198, 697]
2026-07-13 03:32:17 MinePhase: Vein A depleted. Checking for another.
2026-07-13 03:32:17 MinePhase: Clicked vein B at [1240, 740]
2026-07-13 03:32:48 MinePhase: Vein B depleted. Checking for another.
2026-07-13 03:32:48 MinePhase: Clicked vein A at [1198, 697]
2026-07-13 03:33:00 MinePhase: Vein A depleted. Checking for another.
2026-07-13 03:33:02 MinePhase: Clicked vein B at [1240, 740]
2026-07-13 03:33:15 MinePhase: Vein B depleted. Checking for another.
2026-07-13 03:33:15 MinePhase: Clicked vein A at [1198, 697]
2026-07-13 03:33:24 MinePhase: Vein A depleted. Checking for another.
2026-07-13 03:33:29 MinePhase: Clicked vein B at [1240, 740]
2026-07-13 03:33:38 MinePhase: Vein B depleted. Checking for another.
2026-07-13 03:33:38 MinePhase: Clicked vein A at [1198, 697]
2026-07-13 03:33:45 MinePhase: Inventory full, transitioning to depositBank
2026-07-13 03:33:45 DepositBankPhase: Clicked deposit container at [996, 500]
2026-07-13 03:33:46 DepositBankPhase: Waiting for deposit box to open...
2026-07-13 03:33:48 DepositBankPhase: Deposited all - returning to mine
2026-07-13 03:33:48 ReturnToMinePhase: Clicked return point at [1448, 916]
2026-07-13 03:33:51 ReturnToMinePhase: Arrived - vein visible. Resuming mining.
2026-07-13 03:33:51 MinePhase: Clicked vein A at [1198, 697]
2026-07-13 03:33:52 MinePhase: Vein A depleted. Checking for another.
2026-07-13 03:33:53 MinePhase: Clicked vein B at [1240, 740]
2026-07-13 03:34:03 MinePhase: Vein B depleted. Checking for another.
2026-07-13 03:34:07 MinePhase: Clicked vein A at [1198, 697]
2026-07-13 03:34:21 MinePhase: Vein A depleted. Checking for another.
2026-07-13 03:34:22 MinePhase: Clicked vein B at [1240, 740]
2026-07-13 03:34:36 MinePhase: Vein B depleted. Checking for another.
2026-07-13 03:34:36 MinePhase: Clicked vein A at [1198, 697]
2026-07-13 03:34:46 MinePhase: Vein A depleted. Checking for another.
2026-07-13 03:34:50 MinePhase: Clicked vein B at [1240, 740]
2026-07-13 03:35:06 MinePhase: Vein B depleted. Checking for another.
2026-07-13 03:35:06 MinePhase: Clicked vein A at [1198, 697]
2026-07-13 03:35:15 MinePhase: Vein A depleted. Checking for another.
2026-07-13 03:35:21 MinePhase: Clicked vein B at [1240, 740]
2026-07-13 03:35:30 MinePhase: Inventory full, transitioning to depositBank
2026-07-13 03:35:30 DepositBankPhase: Clicked deposit container at [996, 500]
2026-07-13 03:35:30 DepositBankPhase: Waiting for deposit box to open...
2026-07-13 03:35:32 DepositBankPhase: Deposited all - returning to mine
2026-07-13 03:35:33 ReturnToMinePhase: Clicked return point at [1448, 916]
2026-07-13 03:35:35 ReturnToMinePhase: Arrived - vein visible. Resuming mining.
2026-07-13 03:35:35 MinePhase: Clicked vein A at [1198, 697]
2026-07-13 03:35:36 MinePhase: Vein A depleted. Checking for another.
2026-07-13 03:35:37 MinePhase: Clicked vein B at [1240, 740]
2026-07-13 03:35:47 MinePhase: Vein B depleted. Checking for another.
2026-07-13 03:35:51 MinePhase: Clicked vein A at [1198, 697]
2026-07-13 03:36:16 MinePhase: Vein A depleted. Checking for another.
2026-07-13 03:36:16 MinePhase: Clicked vein B at [1240, 740]
2026-07-13 03:36:43 MinePhase: Vein B depleted. Checking for another.
2026-07-13 03:36:43 MinePhase: Clicked vein A at [1198, 697]
2026-07-13 03:37:03 MinePhase: Vein A depleted. Checking for another.
2026-07-13 03:37:03 MinePhase: Clicked vein B at [1240, 740]
2026-07-13 03:37:12 MinePhase: Vein B depleted. Checking for another.
2026-07-13 03:37:17 MinePhase: Clicked vein A at [1198, 697]
2026-07-13 03:37:40 MinePhase: Vein A depleted. Checking for another.
2026-07-13 03:37:41 MinePhase: Clicked vein B at [1240, 740]
2026-07-13 03:37:49 MinePhase: Inventory full, transitioning to depositBank
2026-07-13 03:37:50 DepositBankPhase: Clicked deposit container at [996, 500]
2026-07-13 03:37:50 DepositBankPhase: Waiting for deposit box to open...
2026-07-13 03:37:52 DepositBankPhase: Deposited all - returning to mine
2026-07-13 03:37:52 ReturnToMinePhase: Clicked return point at [1448, 916]
2026-07-13 03:37:55 ReturnToMinePhase: Arrived - vein visible. Resuming mining.
2026-07-13 03:37:55 MinePhase: Clicked vein A at [1198, 697]
2026-07-13 03:37:56 MinePhase: Vein A depleted. Checking for another.
2026-07-13 03:37:56 MinePhase: Clicked vein B at [1240, 740]
2026-07-13 03:38:16 MinePhase: Vein B depleted. Checking for another.
2026-07-13 03:38:16 MinePhase: Clicked vein A at [1198, 697]
2026-07-13 03:38:25 MinePhase: Vein A depleted. Checking for another.
2026-07-13 03:38:31 MinePhase: Clicked vein B at [1240, 740]
2026-07-13 03:38:48 MinePhase: Vein B depleted. Checking for another.
2026-07-13 03:38:49 MinePhase: Clicked vein A at [1198, 697]
2026-07-13 03:39:04 MinePhase: Vein A depleted. Checking for another.
2026-07-13 03:39:05 MinePhase: Clicked vein B at [1240, 740]
2026-07-13 03:39:46 MinePhase: Vein B depleted. Checking for another.
2026-07-13 03:39:46 MinePhase: Clicked vein A at [1198, 697]
2026-07-13 03:40:11 MinePhase: Vein A depleted. Checking for another.
2026-07-13 03:40:11 MinePhase: Clicked vein B at [1240, 740]
2026-07-13 03:40:18 MinePhase: Inventory full, transitioning to depositBank
2026-07-13 03:40:19 DepositBankPhase: Clicked deposit container at [996, 500]
2026-07-13 03:40:19 DepositBankPhase: Waiting for deposit box to open...
2026-07-13 03:40:21 DepositBankPhase: Deposited all - returning to mine
2026-07-13 03:40:21 ReturnToMinePhase: Clicked return point at [1448, 916]
2026-07-13 03:40:24 ReturnToMinePhase: Arrived - vein visible. Resuming mining.
2026-07-13 03:40:24 MinePhase: Clicked vein B at [1240, 740]
2026-07-13 03:40:41 MinePhase: Vein B depleted. Checking for another.
2026-07-13 03:40:41 MinePhase: Clicked vein A at [1198, 697]
2026-07-13 03:41:10 MinePhase: Vein A depleted. Checking for another.
2026-07-13 03:41:10 MinePhase: Clicked vein B at [1240, 740]
2026-07-13 03:41:21 MinePhase: Vein B depleted. Checking for another.
2026-07-13 03:41:25 MinePhase: Clicked vein A at [1198, 697]
2026-07-13 03:41:42 MinePhase: Vein A depleted. Checking for another.
2026-07-13 03:41:43 MinePhase: Clicked vein B at [1240, 740]
2026-07-13 03:42:06 MinePhase: Vein B depleted. Checking for another.
2026-07-13 03:42:06 MinePhase: Clicked vein A at [1198, 697]
2026-07-13 03:42:22 MinePhase: Vein A depleted. Checking for another.
2026-07-13 03:42:22 MinePhase: Clicked vein B at [1240, 740]
2026-07-13 03:42:49 MinePhase: Vein B depleted. Checking for another.
2026-07-13 03:42:49 MinePhase: Clicked vein A at [1198, 697]
2026-07-13 03:42:49 MinePhase: Inventory full, transitioning to depositBank
2026-07-13 03:42:49 DepositBankPhase: Clicked deposit container at [996, 500]
2026-07-13 03:42:50 DepositBankPhase: Waiting for deposit box to open...
2026-07-13 03:42:52 DepositBankPhase: Deposited all - returning to mine
2026-07-13 03:42:52 ReturnToMinePhase: Clicked return point at [1448, 916]
2026-07-13 03:42:55 ReturnToMinePhase: Arrived - vein visible. Resuming mining.
2026-07-13 03:42:56 MinePhase: Clicked vein A at [1198, 697]
2026-07-13 03:43:12 MinePhase: Vein A depleted. Checking for another.
2026-07-13 03:43:12 MinePhase: Clicked vein B at [1240, 740]
2026-07-13 03:43:32 MinePhase: Vein B depleted. Checking for another.
2026-07-13 03:43:32 MinePhase: Clicked vein A at [1198, 697]
2026-07-13 03:43:50 MinePhase: Vein A depleted. Checking for another.
2026-07-13 03:43:50 MinePhase: Clicked vein B at [1240, 740]
2026-07-13 03:44:02 MinePhase: Vein B depleted. Checking for another.
2026-07-13 03:44:04 MinePhase: Clicked vein A at [1198, 697]
2026-07-13 03:44:22 MinePhase: Vein A depleted. Checking for another.
2026-07-13 03:44:22 MinePhase: Clicked vein B at [1240, 740]
2026-07-13 03:44:35 MinePhase: Vein B depleted. Checking for another.
2026-07-13 03:44:37 MinePhase: Clicked vein A at [1198, 697]
2026-07-13 03:45:07 MinePhase: Vein A depleted. Checking for another.
2026-07-13 03:45:07 MinePhase: Clicked vein B at [1240, 740]
2026-07-13 03:45:07 MinePhase: Inventory full, transitioning to depositBank
2026-07-13 03:45:07 DepositBankPhase: Clicked deposit container at [996, 500]
2026-07-13 03:45:08 DepositBankPhase: Waiting for deposit box to open...
2026-07-13 03:45:10 DepositBankPhase: Deposited all - returning to mine
2026-07-13 03:45:10 ReturnToMinePhase: Clicked return point at [1448, 916]
2026-07-13 03:45:13 ReturnToMinePhase: Arrived - vein visible. Resuming mining.
2026-07-13 03:45:13 MinePhase: Clicked vein B at [1240, 740]
2026-07-13 03:45:21 MinePhase: Vein B depleted. Checking for another.
2026-07-13 03:45:22 MinePhase: Clicked vein A at [1198, 697]
2026-07-13 03:45:43 MinePhase: Vein A depleted. Checking for another.
2026-07-13 03:45:43 MinePhase: Clicked vein B at [1240, 740]
2026-07-13 03:45:59 MinePhase: Vein B depleted. Checking for another.
2026-07-13 03:45:59 MinePhase: Clicked vein A at [1198, 697]
2026-07-13 03:46:19 MinePhase: Vein A depleted. Checking for another.
2026-07-13 03:46:19 MinePhase: Clicked vein B at [1240, 740]
2026-07-13 03:46:37 MinePhase: Vein B depleted. Checking for another.
2026-07-13 03:46:37 MinePhase: Clicked vein A at [1198, 697]
2026-07-13 03:46:46 MinePhase: Vein A depleted. Checking for another.
2026-07-13 03:46:52 MinePhase: Clicked vein B at [1240, 740]
2026-07-13 03:47:02 MinePhase: Inventory full, transitioning to depositBank
2026-07-13 03:47:02 DepositBankPhase: Clicked deposit container at [996, 500]
2026-07-13 03:47:03 DepositBankPhase: Waiting for deposit box to open...
2026-07-13 03:47:05 DepositBankPhase: Deposited all - returning to mine
2026-07-13 03:47:05 ReturnToMinePhase: Clicked return point at [1448, 916]
2026-07-13 03:47:08 ReturnToMinePhase: Arrived - vein visible. Resuming mining.
2026-07-13 03:47:08 MinePhase: Clicked vein A at [1198, 697]
2026-07-13 03:47:11 MinePhase: Vein A depleted. Checking for another.
2026-07-13 03:47:11 MinePhase: Clicked vein B at [1240, 740]
2026-07-13 03:47:30 MinePhase: Vein B depleted. Checking for another.
2026-07-13 03:47:31 MinePhase: Clicked vein A at [1198, 697]
2026-07-13 03:47:47 MinePhase: Vein A depleted. Checking for another.
2026-07-13 03:47:47 MinePhase: Clicked vein B at [1240, 740]
2026-07-13 03:48:06 MinePhase: Vein B depleted. Checking for another.
2026-07-13 03:48:07 MinePhase: Clicked vein A at [1198, 697]
2026-07-13 03:48:30 MinePhase: Vein A depleted. Checking for another.
2026-07-13 03:48:30 MinePhase: Clicked vein B at [1240, 740]
2026-07-13 03:48:41 MinePhase: Vein B depleted. Checking for another.
2026-07-13 03:48:44 MinePhase: Clicked vein A at [1198, 697]
2026-07-13 03:48:57 MinePhase: Vein A depleted. Checking for another.
2026-07-13 03:48:57 MinePhase: Clicked vein B at [1240, 740]
2026-07-13 03:49:08 MinePhase: Inventory full, transitioning to depositBank
2026-07-13 03:49:08 DepositBankPhase: Clicked deposit container at [996, 500]
2026-07-13 03:49:08 DepositBankPhase: Waiting for deposit box to open...
2026-07-13 03:49:10 DepositBankPhase: Deposited all - returning to mine
2026-07-13 03:49:11 ReturnToMinePhase: Clicked return point at [1448, 916]
2026-07-13 03:49:14 ReturnToMinePhase: Arrived - vein visible. Resuming mining.
2026-07-13 03:49:14 MinePhase: Clicked vein A at [1198, 697]
2026-07-13 03:49:28 MinePhase: Vein A depleted. Checking for another.
2026-07-13 03:49:28 MinePhase: Clicked vein B at [1240, 740]
2026-07-13 03:49:46 MinePhase: Vein B depleted. Checking for another.
2026-07-13 03:49:46 MinePhase: Clicked vein A at [1198, 697]
2026-07-13 03:50:15 MinePhase: Vein A depleted. Checking for another.
2026-07-13 03:50:15 MinePhase: Clicked vein B at [1240, 740]
2026-07-13 03:50:35 MinePhase: Vein B depleted. Checking for another.
2026-07-13 03:50:35 MinePhase: Clicked vein A at [1198, 697]
2026-07-13 03:50:53 MinePhase: Vein A depleted. Checking for another.
2026-07-13 03:50:53 MinePhase: Clicked vein B at [1240, 740]
2026-07-13 03:51:16 MinePhase: Vein B depleted. Checking for another.
2026-07-13 03:51:16 MinePhase: Clicked vein A at [1198, 697]
2026-07-13 03:51:27 MinePhase: Vein A depleted. Checking for another.
2026-07-13 03:51:31 MinePhase: Clicked vein B at [1240, 740]
2026-07-13 03:51:45 MinePhase: Inventory full, transitioning to depositBank
2026-07-13 03:51:45 DepositBankPhase: Clicked deposit container at [996, 500]
2026-07-13 03:51:45 DepositBankPhase: Waiting for deposit box to open...
2026-07-13 03:51:47 DepositBankPhase: Deposited all - returning to mine
2026-07-13 03:51:48 ReturnToMinePhase: Clicked return point at [1448, 916]
2026-07-13 03:51:50 ReturnToMinePhase: Arrived - vein visible. Resuming mining.
2026-07-13 03:51:51 MinePhase: Clicked vein A at [1198, 697]
2026-07-13 03:51:57 MinePhase: Vein A depleted. Checking for another.
2026-07-13 03:51:57 MinePhase: Clicked vein B at [1240, 740]
2026-07-13 03:52:08 MinePhase: Vein B depleted. Checking for another.
2026-07-13 03:52:12 MinePhase: Clicked vein A at [1198, 697]
2026-07-13 03:52:18 MinePhase: Vein A depleted. Checking for another.
2026-07-13 03:52:22 MinePhase: Clicked vein B at [1240, 740]
2026-07-13 03:52:51 MinePhase: Vein B depleted. Checking for another.
2026-07-13 03:52:51 MinePhase: Clicked vein A at [1198, 697]
2026-07-13 03:53:02 MinePhase: Vein A depleted. Checking for another.
2026-07-13 03:53:05 MinePhase: Clicked vein B at [1240, 740]
2026-07-13 03:53:16 MinePhase: Vein B depleted. Checking for another.
2026-07-13 03:53:16 MinePhase: Clicked vein A at [1198, 697]
2026-07-13 03:53:25 MinePhase: Vein A depleted. Checking for another.
2026-07-13 03:53:31 MinePhase: Clicked vein B at [1240, 740]
2026-07-13 03:53:34 MinePhase: Inventory full, transitioning to depositBank
2026-07-13 03:53:34 DepositBankPhase: Clicked deposit container at [996, 500]
2026-07-13 03:53:34 DepositBankPhase: Waiting for deposit box to open...
2026-07-13 03:53:37 DepositBankPhase: Deposited all - returning to mine
2026-07-13 03:53:37 ReturnToMinePhase: Clicked return point at [1448, 916]
2026-07-13 03:53:39 ReturnToMinePhase: Arrived - vein visible. Resuming mining.
2026-07-13 03:53:40 MinePhase: Clicked vein A at [1198, 697]
2026-07-13 03:53:44 MinePhase: Vein A depleted. Checking for another.
2026-07-13 03:53:44 MinePhase: Clicked vein B at [1240, 740]
2026-07-13 03:54:00 MinePhase: Vein B depleted. Checking for another.
2026-07-13 03:54:01 MinePhase: Clicked vein A at [1198, 697]
2026-07-13 03:54:17 MinePhase: Vein A depleted. Checking for another.
2026-07-13 03:54:17 MinePhase: Clicked vein B at [1240, 740]
2026-07-13 03:54:40 MinePhase: Vein B depleted. Checking for another.
2026-07-13 03:54:40 MinePhase: Clicked vein A at [1198, 697]
2026-07-13 03:55:18 MinePhase: Vein A depleted. Checking for another.
2026-07-13 03:55:18 MinePhase: Clicked vein B at [1240, 740]
2026-07-13 03:55:34 MinePhase: Vein B depleted. Checking for another.
2026-07-13 03:55:34 MinePhase: Clicked vein A at [1198, 697]
2026-07-13 03:55:50 MinePhase: Vein A depleted. Checking for another.
2026-07-13 03:55:50 MinePhase: Clicked vein B at [1240, 740]
2026-07-13 03:55:54 MinePhase: Inventory full, transitioning to depositBank
2026-07-13 03:55:54 DepositBankPhase: Clicked deposit container at [996, 500]
2026-07-13 03:55:54 DepositBankPhase: Waiting for deposit box to open...
2026-07-13 03:55:56 DepositBankPhase: Deposited all - returning to mine
2026-07-13 03:55:57 ReturnToMinePhase: Clicked return point at [1448, 916]
2026-07-13 03:55:59 ReturnToMinePhase: Arrived - vein visible. Resuming mining.
2026-07-13 03:56:00 MinePhase: Clicked vein B at [1240, 740]
2026-07-13 03:56:09 MinePhase: Vein B depleted. Checking for another.
2026-07-13 03:56:10 MinePhase: Clicked vein A at [1198, 697]
2026-07-13 03:56:26 MinePhase: Vein A depleted. Checking for another.
2026-07-13 03:56:26 MinePhase: Clicked vein B at [1240, 740]
2026-07-13 03:56:44 MinePhase: Vein B depleted. Checking for another.
2026-07-13 03:56:44 MinePhase: Clicked vein A at [1198, 697]
2026-07-13 03:57:03 MinePhase: Vein A depleted. Checking for another.
2026-07-13 03:57:04 MinePhase: Clicked vein B at [1240, 740]
2026-07-13 03:57:23 MinePhase: Vein B depleted. Checking for another.
2026-07-13 03:57:24 MinePhase: Clicked vein A at [1198, 697]
2026-07-13 03:57:50 MinePhase: Vein A depleted. Checking for another.
2026-07-13 03:57:51 MinePhase: Clicked vein B at [1240, 740]
2026-07-13 03:58:12 MinePhase: Vein B depleted. Checking for another.
2026-07-13 03:58:12 MinePhase: Clicked vein A at [1198, 697]
2026-07-13 03:58:14 MinePhase: Inventory full, transitioning to depositBank
2026-07-13 03:58:14 DepositBankPhase: Clicked deposit container at [996, 500]
2026-07-13 03:58:14 DepositBankPhase: Waiting for deposit box to open...
2026-07-13 03:58:16 DepositBankPhase: Deposited all - returning to mine
2026-07-13 03:58:17 ReturnToMinePhase: Clicked return point at [1448, 916]
2026-07-13 03:58:19 ReturnToMinePhase: Arrived - vein visible. Resuming mining.
2026-07-13 03:58:19 MinePhase: Clicked vein A at [1198, 697]
2026-07-13 03:58:24 MinePhase: Vein A depleted. Checking for another.
2026-07-13 03:58:27 MinePhase: Clicked vein B at [1240, 740]
2026-07-13 03:58:44 MinePhase: Vein B depleted. Checking for another.
2026-07-13 03:58:45 MinePhase: Clicked vein A at [1198, 697]
2026-07-13 03:58:53 MinePhase: Vein A depleted. Checking for another.
2026-07-13 03:58:59 MinePhase: Clicked vein B at [1240, 740]
2026-07-13 03:59:17 MinePhase: Vein B depleted. Checking for another.
2026-07-13 03:59:17 MinePhase: Clicked vein A at [1198, 697]
2026-07-13 03:59:29 MinePhase: Vein A depleted. Checking for another.
2026-07-13 03:59:31 MinePhase: Clicked vein B at [1240, 740]
2026-07-13 03:59:54 MinePhase: Vein B depleted. Checking for another.
2026-07-13 03:59:55 MinePhase: Clicked vein A at [1198, 697]
2026-07-13 04:00:14 MinePhase: Vein A depleted. Checking for another.
2026-07-13 04:00:15 MinePhase: Clicked vein B at [1240, 740]
2026-07-13 04:00:16 MinePhase: Inventory full, transitioning to depositBank
2026-07-13 04:00:16 DepositBankPhase: Clicked deposit container at [996, 500]
2026-07-13 04:00:17 DepositBankPhase: Waiting for deposit box to open...
2026-07-13 04:00:19 DepositBankPhase: Deposited all - returning to mine
2026-07-13 04:00:19 ReturnToMinePhase: Clicked return point at [1448, 916]
2026-07-13 04:00:21 ReturnToMinePhase: Arrived - vein visible. Resuming mining.
2026-07-13 04:00:22 MinePhase: Clicked vein B at [1240, 740]
2026-07-13 04:00:29 MinePhase: Vein B depleted. Checking for another.
2026-07-13 04:00:29 MinePhase: Clicked vein A at [1198, 697]
2026-07-13 04:00:41 MinePhase: Vein A depleted. Checking for another.
2026-07-13 04:00:43 MinePhase: Clicked vein B at [1240, 740]
2026-07-13 04:01:08 MinePhase: Vein B depleted. Checking for another.
2026-07-13 04:01:09 MinePhase: Clicked vein A at [1198, 697]
2026-07-13 04:01:23 MinePhase: Vein A depleted. Checking for another.
2026-07-13 04:01:23 MinePhase: Clicked vein B at [1240, 740]
2026-07-13 04:01:41 MinePhase: Vein B depleted. Checking for another.
2026-07-13 04:01:41 MinePhase: Clicked vein A at [1198, 697]
2026-07-13 04:01:51 MinePhase: Vein A depleted. Checking for another.
2026-07-13 04:01:55 MinePhase: Clicked vein B at [1240, 740]
2026-07-13 04:02:29 MinePhase: Vein B depleted. Checking for another.
2026-07-13 04:02:30 MinePhase: Clicked vein A at [1198, 697]
2026-07-13 04:02:31 MinePhase: Inventory full, transitioning to depositBank
2026-07-13 04:02:31 DepositBankPhase: Clicked deposit container at [996, 500]
2026-07-13 04:02:32 DepositBankPhase: Waiting for deposit box to open...
2026-07-13 04:02:34 DepositBankPhase: Deposited all - returning to mine
2026-07-13 04:02:34 ReturnToMinePhase: Clicked return point at [1448, 916]
2026-07-13 04:02:36 ReturnToMinePhase: Arrived - vein visible. Resuming mining.
2026-07-13 04:02:37 MinePhase: Clicked vein A at [1198, 697]
2026-07-13 04:02:45 MinePhase: Vein A depleted. Checking for another.
2026-07-13 04:02:46 MinePhase: Clicked vein B at [1240, 740]
2026-07-13 04:02:56 MinePhase: Vein B depleted. Checking for another.
2026-07-13 04:03:00 MinePhase: Clicked vein A at [1198, 697]
2026-07-13 04:03:21 MinePhase: Vein A depleted. Checking for another.
2026-07-13 04:03:22 MinePhase: Clicked vein B at [1240, 740]
2026-07-13 04:03:47 MinePhase: Vein B depleted. Checking for another.
2026-07-13 04:03:47 MinePhase: Clicked vein A at [1198, 697]
2026-07-13 04:04:21 MinePhase: Vein A depleted. Checking for another.
2026-07-13 04:04:21 MinePhase: Clicked vein B at [1240, 740]
2026-07-13 04:04:41 MinePhase: Vein B depleted. Checking for another.
2026-07-13 04:04:41 MinePhase: Clicked vein A at [1198, 697]
2026-07-13 04:04:53 MinePhase: Vein A depleted. Checking for another.
2026-07-13 04:04:53 MinePhase: Inventory full, transitioning to depositBank
2026-07-13 04:04:54 DepositBankPhase: Clicked deposit container at [996, 500]
2026-07-13 04:04:54 DepositBankPhase: Waiting for deposit box to open...
2026-07-13 04:04:56 DepositBankPhase: Deposited all - returning to mine
2026-07-13 04:04:56 ReturnToMinePhase: Clicked return point at [1448, 916]
2026-07-13 04:04:59 ReturnToMinePhase: Arrived - vein visible. Resuming mining.
2026-07-13 04:04:59 MinePhase: Clicked vein B at [1240, 740]
2026-07-13 04:07:59 Engine: stopped - Phase 'mine' timed out
