02:38:05 STOPPED: Stopped (F5)
02:38:06 ===== Bot started =====
02:38:07 STOPPED: Stopped (F5)
02:38:13 ===== Bot started =====
02:38:14 STOPPED: Stopped (F5)
02:38:16 ===== Bot started =====
02:38:17 STOPPED: Stopped (F5)
02:38:19 ===== Bot started =====
02:38:29 ===== Bot started =====
02:38:31 STOPPED: Stopped (F5)
02:38:35 ===== Bot started =====
02:38:38 ===== Bot started =====
02:38:38 ===== Bot started =====
02:38:39 ===== Bot started =====
02:38:39 ===== Bot started =====
02:38:39 ===== Bot started =====
02:38:39 ===== Bot started =====
02:38:40 ===== Bot started =====
02:38:40 ===== Bot started =====
02:38:40 ===== Bot started =====
02:38:40 ===== Bot started =====
02:38:40 STOPPED: Stopped (F5)
02:38:41 ===== Bot started =====
02:38:42 ===== Bot started =====
02:38:42 ===== Bot started =====
02:39:39 ===== Bot started =====
02:39:39 fight: outline found at 1051,751 - clicked (1056,751)
02:39:41 fight: combat started - waiting for kill
02:39:42 STOPPED: Stopped (F5)
02:39:42 fight: kill not confirmed within timeout - retrying
02:40:06 ===== Bot started =====
02:40:07 fight: outline found at 1151,677 - clicked (1156,677)
02:40:08 fight: combat started - waiting for kill
02:40:16 fight: target confirmed dead - looking for next target
02:40:16 fight: outline found at 965,660 - clicked (965,655)
02:40:17 ===== Bot started =====
02:40:18 STOPPED: Stopped (F5)
02:40:18 fight: combat never started after click - retrying
02:40:25 ===== Bot started =====
02:40:26 fight: outline found at 1119,593 - clicked (1119,588)
02:40:26 STOPPED: Stopped (F5)
02:40:26 fight: combat never started after click - retrying
02:44:28 ===== Bot started =====
02:44:28 fight: outline found at 1007,653 - clicked (1007,648)
02:44:30 fight: combat started - waiting for kill
02:44:40 fight: target confirmed dead - looking for next target
02:44:40 fight: outline found at 1059,749 - clicked (1064,749)
02:44:42 fight: combat started - waiting for kill
02:44:54 fight: target confirmed dead - looking for next target
02:44:54 fight: outline found at 968,673 - clicked (963,673)
02:44:56 fight: combat started - waiting for kill
02:45:08 fight: target confirmed dead - looking for next target
02:45:09 fight: outline found at 1227,509 - clicked (1232,509)
02:45:11 fight: combat started - waiting for kill
02:45:25 STOPPED: Stopped (F5)
02:45:31 ===== Bot started =====
02:45:33 ===== Bot started =====
02:45:36 ===== Bot started =====
02:45:51 STOPPED: Stopped (F5)
02:45:57 ===== Bot started =====
02:45:58 STOPPED: Stopped (F5)
02:46:27 fight: outline near 1049,657 - centroid click (1110,593)
02:46:27 fight: combat never started after click - retrying
02:50:26 ===== Bot started =====
02:50:28 ===== Bot started =====
02:50:28 STOPPED: Stopped (F5)
02:50:29 fight: highlight found - centered click (1085,823)
02:50:29 fight: combat never started after click - retrying
02:51:17 ===== Bot started =====
02:51:19 STOPPED: Stopped (F5)
02:51:19 fight: highlight found - centered click (1226,779)
02:51:20 fight: combat never started after click - retrying
02:51:21 STOPPED: Stopped (F5)
02:51:22 ===== Bot started =====
02:51:23 fight: highlight found - centered click (1150,749)
02:51:24 fight: combat started - waiting for kill
02:51:30 fight: target confirmed dead - looking for next target
02:51:33 fight: highlight found - centered click (860,633)
02:51:35 fight: combat started - waiting for kill
02:51:47 fight: target confirmed dead - looking for next target
02:51:47 fight: highlight found - centered click (1060,683)
02:51:51 fight: combat never started after click - retrying
02:51:55 fight: highlight found - centered click (1093,630)
02:51:57 fight: combat started - waiting for kill
02:52:05 STOPPED: Stopped (F5)
02:52:36 ===== Bot started =====
02:52:40 fight: highlight found - centered click (916,738)
02:52:41 fight: combat started - waiting for kill
02:52:49 fight: target confirmed dead - looking for next target
02:52:52 STOPPED: Stopped (F5)
02:56:43 ===== Bot started =====
02:56:47 fight: highlight found - centered click (855,743)
02:56:49 fight: combat never started after click - retrying
02:56:50 fight: highlight found - centered click (931,615)
02:56:53 fight: combat never started after click - retrying
02:56:53 fight: highlight found - centered click (1045,705)
02:56:55 fight: combat never started after click - retrying
02:56:57 fight: highlight found - centered click (1019,652)
02:56:59 fight: combat started - waiting for kill
02:57:06 fight: target confirmed dead - looking for next target
02:57:09 fight: highlight found - centered click (985,582)
02:57:11 fight: combat never started after click - retrying
02:57:11 fight: highlight found - centered click (1115,771)
02:57:11 fight: combat started - waiting for kill
02:57:27 fight: target confirmed dead - looking for next target
02:57:29 fight: highlight found - centered click (1030,770)
02:57:32 fight: combat never started after click - retrying
02:57:34 fight: highlight found - centered click (1071,690)
02:57:35 fight: combat started - waiting for kill
02:57:38 STOPPED: Stopped (F5)
02:57:56 ===== Bot started =====
02:57:56 fight: highlight found - centered click (898,728)
02:57:58 fight: combat started - waiting for kill
02:58:05 fight: target confirmed dead - looking for next target
02:58:05 fight: highlight found - centered click (1025,766)
02:58:07 fight: combat started - waiting for kill
02:58:19 fight: target confirmed dead - looking for next target
02:58:20 fight: highlight found - centered click (1119,768)
02:58:22 fight: combat started - waiting for kill
02:58:34 fight: target confirmed dead - looking for next target
02:58:34 fight: highlight found - centered click (1138,537)
02:58:36 fight: combat never started after click - retrying
02:58:37 fight: highlight found - centered click (1077,718)
02:58:37 fight: combat started - waiting for kill
02:58:38 STOPPED: Stopped (F5)
02:58:38 fight: kill not confirmed within timeout - retrying
02:59:03 ===== Bot started =====
02:59:03 fight: highlight found - centered click (985,772)
02:59:05 fight: combat started - waiting for kill
02:59:14 fight: target confirmed dead - looking for next target
02:59:15 fight: highlight found - centered click (1123,847)
02:59:17 fight: combat started - waiting for kill
02:59:24 fight: target confirmed dead - looking for next target
02:59:24 fight: highlight found - centered click (964,734)
02:59:27 fight: combat never started after click - retrying
02:59:27 fight: highlight found - centered click (946,618)
02:59:27 fight: combat started - waiting for kill
02:59:39 STOPPED: Stopped (F5)
02:59:39 fight: kill not confirmed within timeout - retrying
03:00:32 ===== Bot started =====
03:00:32 fight: highlight found - centered click (1305,802)
03:00:35 fight: combat started - waiting for kill
03:00:41 STOPPED: Stopped (F5)
03:00:41 fight: kill not confirmed within timeout - retrying
03:01:11 ===== Bot started =====
03:01:11 fight: highlight found - centered click (1252,729)
03:01:12 fight: combat never started after click - retrying
03:01:13 fight: highlight found - centered click (1215,807)
03:01:14 fight: combat never started after click - retrying
03:01:14 fight: highlight found - centered click (1212,807)
03:01:15 STOPPED: Stopped (F5)
03:01:15 fight: combat never started after click - retrying
03:01:27 ===== Bot started =====
03:01:27 fight: highlight found - centered click (1339,778)
03:01:28 fight: combat started - waiting for kill
03:01:28 STOPPED: Stopped (F5)
03:01:28 fight: kill not confirmed within timeout - retrying
03:01:29 ===== Bot started =====
03:01:30 fight: highlight found - centered click (1259,926)
03:01:30 fight: combat never started after click - retrying
03:01:31 fight: highlight found - centered click (1230,1026)
03:01:31 fight: combat never started after click - retrying
03:01:32 fight: highlight found - centered click (1132,950)
03:01:33 fight: combat never started after click - retrying
03:01:33 fight: highlight found - centered click (1184,596)
03:01:33 fight: combat started - waiting for kill
03:01:34 STOPPED: Stopped (F5)
03:01:34 fight: kill not confirmed within timeout - retrying
03:02:57 STOPPED: Stopped (F5)
03:03:00 ===== Bot started =====
03:03:00 fight: highlight found - centered click (1322,947)
03:03:01 fight: combat never started after click - retrying
03:03:01 fight: highlight found - centered click (1305,1003)
03:03:02 fight: combat never started after click - retrying
03:03:02 fight: highlight found - centered click (1259,1005)
03:03:03 fight: combat never started after click - retrying
03:03:03 fight: highlight found - centered click (1262,996)
03:03:03 fight: combat started - waiting for kill
03:03:06 STOPPED: Stopped (F5)
03:03:06 fight: kill not confirmed within timeout - retrying
03:03:18 ===== Bot started =====
03:03:19 fight: highlight found - centered click (1082,736)
03:03:21 fight: combat never started after click - retrying
03:03:21 fight: highlight found - centered click (1171,804)
03:03:22 fight: combat started - waiting for kill
03:03:27 STOPPED: Stopped (F5)
03:03:27 fight: kill not confirmed within timeout - retrying
03:03:52 ===== Bot started =====
03:03:53 fight: highlight found - centered click (1130,853)
03:03:55 fight: combat started - waiting for kill
03:04:04 fight: target confirmed dead - looking for next target
03:04:05 fight: highlight found - centered click (1314,775)
03:04:07 fight: combat started - waiting for kill
03:04:21 fight: target confirmed dead - looking for next target
03:04:22 fight: highlight found - centered click (1333,889)
03:04:24 fight: combat started - waiting for kill
03:04:36 fight: target confirmed dead - looking for next target
03:04:36 fight: highlight found - centered click (1157,684)
03:04:39 fight: combat started - waiting for kill
03:04:45 fight: target confirmed dead - looking for next target
03:04:46 fight: highlight found - centered click (1189,589)
03:04:48 fight: combat started - waiting for kill
03:05:00 fight: target confirmed dead - looking for next target
03:05:00 fight: highlight found - centered click (1021,521)
03:05:03 fight: combat started - waiting for kill
03:05:16 fight: target confirmed dead - looking for next target
03:05:17 fight: highlight found - centered click (1027,832)
03:05:19 fight: combat started - waiting for kill
03:05:24 fight: target confirmed dead - looking for next target
03:05:24 fight: highlight found - centered click (1073,652)
03:05:26 fight: combat started - waiting for kill
03:05:40 fight: target confirmed dead - looking for next target
03:05:41 fight: highlight found - centered click (1323,681)
03:05:43 fight: combat started - waiting for kill
03:05:57 fight: target confirmed dead - looking for next target
03:05:58 fight: highlight found - centered click (1211,759)
03:06:00 fight: combat started - waiting for kill
03:06:12 fight: target confirmed dead - looking for next target
03:06:12 fight: highlight found - centered click (1139,747)
03:06:14 fight: combat started - waiting for kill
03:06:26 fight: target confirmed dead - looking for next target
03:06:27 fight: highlight found - centered click (1024,651)
03:06:28 fight: combat started - waiting for kill
03:06:38 fight: target confirmed dead - looking for next target
03:06:38 fight: highlight found - centered click (1167,764)
03:06:41 fight: combat started - waiting for kill
03:06:52 fight: target confirmed dead - looking for next target
03:06:53 fight: highlight found - centered click (1078,855)
03:06:55 fight: combat started - waiting for kill
03:07:04 fight: target confirmed dead - looking for next target
03:07:05 fight: highlight found - centered click (1223,750)
03:07:07 fight: combat started - waiting for kill
03:07:14 fight: target confirmed dead - looking for next target
03:07:14 fight: highlight found - centered click (1166,604)
03:07:17 fight: combat started - waiting for kill
03:07:24 fight: target confirmed dead - looking for next target
03:07:24 fight: highlight found - centered click (1275,645)
03:07:27 fight: combat started - waiting for kill
03:07:36 fight: target confirmed dead - looking for next target
03:07:36 fight: highlight found - centered click (1211,759)
03:07:39 fight: combat started - waiting for kill
03:07:43 fight: target confirmed dead - looking for next target
03:07:43 fight: highlight found - centered click (1157,696)
03:07:45 fight: combat started - waiting for kill
03:07:50 fight: target confirmed dead - looking for next target
03:07:51 fight: highlight found - centered click (985,656)
03:07:54 fight: combat never started after click - retrying
03:07:54 fight: highlight found - centered click (1147,649)
03:07:57 fight: combat started - waiting for kill
03:08:06 fight: target confirmed dead - looking for next target
03:08:06 fight: highlight found - centered click (1323,732)
03:08:09 fight: combat started - waiting for kill
03:08:25 fight: target confirmed dead - looking for next target
03:08:25 fight: highlight found - centered click (1357,1003)
03:08:28 fight: combat started - waiting for kill
03:08:34 fight: target confirmed dead - looking for next target
03:08:35 fight: highlight found - centered click (1131,901)
03:08:37 fight: combat started - waiting for kill
03:08:46 fight: target confirmed dead - looking for next target
03:08:47 fight: highlight found - centered click (1095,690)
03:08:49 fight: combat started - waiting for kill
03:08:58 fight: target confirmed dead - looking for next target
03:08:59 fight: highlight found - centered click (1292,763)
03:09:01 fight: combat started - waiting for kill
03:09:06 fight: target confirmed dead - looking for next target
03:09:06 fight: highlight found - centered click (1118,768)
03:09:09 fight: combat started - waiting for kill
03:09:20 fight: target confirmed dead - looking for next target
03:09:20 fight: highlight found - centered click (1237,896)
03:09:23 fight: combat started - waiting for kill
03:09:37 fight: target confirmed dead - looking for next target
03:09:37 fight: highlight found - centered click (1373,724)
03:09:40 fight: combat started - waiting for kill
03:09:44 fight: target confirmed dead - looking for next target
03:09:44 fight: highlight found - centered click (1179,853)
03:09:47 fight: combat started - waiting for kill
03:09:56 fight: target confirmed dead - looking for next target
03:09:57 fight: highlight found - centered click (1118,768)
03:09:58 fight: combat started - waiting for kill
03:10:10 fight: target confirmed dead - looking for next target
03:10:11 fight: highlight found - centered click (1291,827)
03:10:13 fight: combat started - waiting for kill
03:10:22 fight: target confirmed dead - looking for next target
03:10:23 fight: highlight found - centered click (1246,725)
03:10:25 fight: combat started - waiting for kill
03:10:34 fight: target confirmed dead - looking for next target
03:10:35 fight: highlight found - centered click (1287,695)
03:10:37 fight: combat started - waiting for kill
03:10:46 fight: target confirmed dead - looking for next target
03:10:47 fight: highlight found - centered click (1169,809)
03:10:49 fight: combat started - waiting for kill
03:10:54 fight: target confirmed dead - looking for next target
03:10:54 fight: highlight found - centered click (1224,851)
03:10:57 fight: combat started - waiting for kill
03:11:03 fight: target confirmed dead - looking for next target
03:11:04 fight: highlight found - centered click (1157,711)
03:11:06 fight: combat started - waiting for kill
03:11:13 fight: target confirmed dead - looking for next target
03:11:13 fight: highlight found - centered click (1151,1057)
03:11:16 fight: combat started - waiting for kill
03:11:25 fight: target confirmed dead - looking for next target
03:11:25 fight: highlight found - centered click (1332,748)
03:11:28 fight: combat started - waiting for kill
03:11:37 fight: target confirmed dead - looking for next target
03:11:37 fight: highlight found - centered click (1309,1054)
03:11:40 fight: combat started - waiting for kill
03:11:46 fight: target confirmed dead - looking for next target
03:11:47 fight: highlight found - centered click (1106,615)
03:11:49 fight: combat started - waiting for kill
03:11:58 fight: target confirmed dead - looking for next target
03:11:59 fight: highlight found - centered click (1020,480)
03:12:01 fight: combat started - waiting for kill
03:12:09 fight: target confirmed dead - looking for next target
03:12:09 fight: highlight found - centered click (1289,724)
03:12:12 fight: combat started - waiting for kill
03:12:18 fight: target confirmed dead - looking for next target
03:12:19 fight: highlight found - centered click (1224,851)
03:12:21 fight: combat started - waiting for kill
03:12:30 fight: target confirmed dead - looking for next target
03:12:31 fight: highlight found - centered click (1128,854)
03:12:33 fight: combat started - waiting for kill
03:12:45 fight: target confirmed dead - looking for next target
03:12:45 fight: highlight found - centered click (1227,851)
03:12:48 fight: combat started - waiting for kill
03:12:58 STOPPED: Stopped (F5)
03:12:58 fight: kill not confirmed within timeout - retrying
03:15:41 ===== Bot started =====
03:15:42 fight: highlight found - centered click (1190,753)
03:15:44 fight: combat started - waiting for kill
03:15:49 fight: target confirmed dead - looking for next target
03:15:49 fight: highlight found - centered click (1094,954)
03:15:52 fight: combat started - waiting for kill
03:16:01 fight: target confirmed dead - looking for next target
03:16:01 fight: highlight found - centered click (1331,855)
03:16:04 fight: combat started - waiting for kill
03:16:13 fight: target confirmed dead - looking for next target
03:16:13 fight: highlight found - centered click (1216,773)
03:16:16 fight: combat started - waiting for kill
03:16:20 fight: target confirmed dead - looking for next target
03:16:21 fight: highlight found - centered click (1224,851)
03:16:23 fight: combat started - waiting for kill
03:16:30 fight: target confirmed dead - looking for next target
03:16:30 fight: highlight found - centered click (1198,683)
03:16:33 fight: combat started - waiting for kill
03:16:39 fight: target confirmed dead - looking for next target
03:16:40 fight: highlight found - centered click (1023,515)
03:16:42 fight: combat started - waiting for kill
03:16:56 fight: target confirmed dead - looking for next target
03:16:57 fight: highlight found - centered click (1224,617)
03:16:59 fight: combat started - waiting for kill
03:17:03 fight: target confirmed dead - looking for next target
03:17:04 fight: highlight found - centered click (1228,898)
03:17:06 fight: combat started - waiting for kill
03:17:13 fight: target confirmed dead - looking for next target
03:17:13 fight: highlight found - centered click (1268,678)
03:17:16 fight: combat started - waiting for kill
03:17:22 fight: target confirmed dead - looking for next target
03:17:23 fight: highlight found - centered click (1085,903)
03:17:26 fight: combat started - waiting for kill
03:17:27 fight: target confirmed dead - looking for next target
03:17:28 fight: highlight found - centered click (1176,581)
03:17:30 fight: combat started - waiting for kill
03:17:42 fight: target confirmed dead - looking for next target
03:17:42 fight: highlight found - centered click (1328,724)
03:17:45 fight: combat started - waiting for kill
03:17:52 fight: target confirmed dead - looking for next target
03:17:52 fight: highlight found - centered click (1116,729)
03:17:54 fight: combat started - waiting for kill
03:18:01 fight: target confirmed dead - looking for next target
03:18:02 fight: highlight found - centered click (1061,783)
03:18:04 fight: combat started - waiting for kill
03:18:11 fight: target confirmed dead - looking for next target
03:18:12 fight: highlight found - centered click (1119,765)
03:18:14 fight: combat started - waiting for kill
03:18:21 fight: target confirmed dead - looking for next target
03:18:21 fight: highlight found - centered click (1019,448)
03:18:24 fight: combat started - waiting for kill
03:18:28 fight: target confirmed dead - looking for next target
03:18:28 fight: highlight found - centered click (1356,766)
03:18:31 fight: combat started - waiting for kill
03:18:35 fight: target confirmed dead - looking for next target
03:18:36 fight: highlight found - centered click (1307,804)
03:18:38 fight: combat started - waiting for kill
03:18:42 fight: target confirmed dead - looking for next target
03:18:43 fight: highlight found - centered click (1139,765)
03:18:45 fight: combat started - waiting for kill
03:18:50 fight: target confirmed dead - looking for next target
03:18:50 fight: highlight found - centered click (980,519)
03:18:53 fight: combat started - waiting for kill
03:19:04 fight: target confirmed dead - looking for next target
03:19:04 fight: highlight found - centered click (1193,683)
03:19:07 fight: combat started - waiting for kill
03:19:11 fight: target confirmed dead - looking for next target
03:19:12 fight: highlight found - centered click (1328,724)
03:19:14 fight: combat started - waiting for kill
03:19:26 fight: target confirmed dead - looking for next target
03:19:26 fight: highlight found - centered click (1271,846)
03:19:29 fight: combat started - waiting for kill
03:19:33 fight: target confirmed dead - looking for next target
03:19:33 fight: highlight found - centered click (1204,1033)
03:19:36 fight: combat started - waiting for kill
03:19:45 fight: target confirmed dead - looking for next target
03:19:45 fight: highlight found - centered click (1182,901)
03:19:48 fight: combat started - waiting for kill
03:19:52 fight: target confirmed dead - looking for next target
03:19:52 fight: highlight found - centered click (1070,690)
03:19:54 fight: combat started - waiting for kill
03:20:06 fight: target confirmed dead - looking for next target
03:20:07 fight: highlight found - centered click (1302,761)
03:20:09 fight: combat started - waiting for kill
03:20:14 fight: target confirmed dead - looking for next target
03:20:14 fight: highlight found - centered click (1108,653)
03:20:17 fight: combat started - waiting for kill
03:20:25 fight: target confirmed dead - looking for next target
03:20:26 fight: highlight found - centered click (1054,572)
03:20:29 fight: combat started - waiting for kill
03:20:38 fight: target confirmed dead - looking for next target
03:20:38 fight: highlight found - centered click (1253,807)
03:20:41 fight: combat started - waiting for kill
03:20:50 fight: target confirmed dead - looking for next target
03:20:50 fight: highlight found - centered click (1356,766)
03:20:53 fight: combat started - waiting for kill
03:20:57 fight: target confirmed dead - looking for next target
03:20:58 fight: highlight found - centered click (1130,855)
03:21:00 fight: combat started - waiting for kill
03:21:07 fight: target confirmed dead - looking for next target
03:21:07 fight: highlight found - centered click (1128,820)
03:21:10 fight: combat started - waiting for kill
03:21:21 fight: target confirmed dead - looking for next target
03:21:22 fight: highlight found - centered click (1227,852)
03:21:24 fight: combat started - waiting for kill
03:21:32 fight: target confirmed dead - looking for next target
03:21:32 fight: highlight found - centered click (1129,855)
03:21:35 fight: combat started - waiting for kill
03:21:41 fight: target confirmed dead - looking for next target
03:21:42 fight: highlight found - centered click (1285,703)
03:21:44 fight: combat started - waiting for kill
03:21:49 fight: target confirmed dead - looking for next target
03:21:49 fight: highlight found - centered click (1045,674)
03:21:53 fight: combat never started after click - retrying
03:21:53 fight: highlight found - centered click (1103,618)
03:21:55 fight: combat started - waiting for kill
03:22:02 fight: target confirmed dead - looking for next target
03:22:03 fight: highlight found - centered click (1222,851)
03:22:05 fight: combat started - waiting for kill
03:22:12 fight: target confirmed dead - looking for next target
03:22:12 fight: highlight found - centered click (1268,849)
03:22:15 fight: combat started - waiting for kill
03:22:26 fight: target confirmed dead - looking for next target
03:22:27 fight: highlight found - centered click (1276,688)
03:22:29 fight: combat started - waiting for kill
03:22:36 fight: target confirmed dead - looking for next target
03:22:36 fight: highlight found - centered click (1063,581)
03:22:39 fight: combat started - waiting for kill
03:22:50 fight: target confirmed dead - looking for next target
03:22:51 fight: highlight found - centered click (1077,767)
03:22:53 fight: combat started - waiting for kill
03:23:02 fight: target confirmed dead - looking for next target
03:23:03 fight: highlight found - centered click (1339,932)
03:23:05 fight: combat started - waiting for kill
03:23:12 fight: target confirmed dead - looking for next target
03:23:12 fight: highlight found - centered click (1215,805)
03:23:15 fight: combat started - waiting for kill
03:23:19 fight: target confirmed dead - looking for next target
03:23:19 fight: highlight found - centered click (1279,895)
03:23:22 fight: combat started - waiting for kill
03:23:36 fight: target confirmed dead - looking for next target
03:23:36 fight: highlight found - centered click (1090,803)
03:23:39 fight: combat started - waiting for kill
03:23:41 fight: target confirmed dead - looking for next target
03:23:42 fight: highlight found - centered click (1224,851)
03:23:44 fight: combat started - waiting for kill
03:23:53 fight: target confirmed dead - looking for next target
03:23:54 fight: highlight found - centered click (1355,766)
03:23:56 fight: combat started - waiting for kill
03:24:06 fight: target confirmed dead - looking for next target
03:24:06 fight: highlight found - centered click (1159,721)
03:24:09 fight: combat started - waiting for kill
03:24:20 fight: target confirmed dead - looking for next target
03:24:21 fight: highlight found - centered click (1153,880)
03:24:23 fight: combat started - waiting for kill
03:24:35 fight: target confirmed dead - looking for next target
03:24:35 fight: highlight found - centered click (1354,998)
03:24:38 fight: combat started - waiting for kill
03:24:44 fight: target confirmed dead - looking for next target
03:24:45 fight: highlight found - centered click (1206,718)
03:24:47 fight: combat started - waiting for kill
03:24:56 fight: target confirmed dead - looking for next target
03:24:57 fight: highlight found - centered click (1149,1065)
03:24:59 fight: combat started - waiting for kill
03:25:08 fight: target confirmed dead - looking for next target
03:25:09 fight: highlight found - centered click (1136,952)
03:25:11 fight: combat started - waiting for kill
03:25:15 fight: target confirmed dead - looking for next target
03:25:16 fight: highlight found - centered click (1207,839)
03:25:18 fight: combat started - waiting for kill
03:25:30 fight: target confirmed dead - looking for next target
03:25:30 fight: highlight found - centered click (1328,724)
03:25:33 fight: combat started - waiting for kill
03:25:44 fight: target confirmed dead - looking for next target
03:25:45 fight: highlight found - centered click (1130,855)
03:25:47 fight: combat started - waiting for kill
03:25:54 fight: target confirmed dead - looking for next target
03:25:54 fight: highlight found - centered click (1188,949)
03:25:57 fight: combat started - waiting for kill
03:26:01 fight: target confirmed dead - looking for next target
03:26:01 fight: highlight found - centered click (1222,851)
03:26:04 fight: combat started - waiting for kill
03:26:09 fight: target confirmed dead - looking for next target
03:26:09 fight: highlight found - centered click (1111,683)
03:26:11 fight: combat started - waiting for kill
03:26:23 fight: target confirmed dead - looking for next target
03:26:24 fight: highlight found - centered click (1075,767)
03:26:26 fight: combat started - waiting for kill
03:26:30 fight: target confirmed dead - looking for next target
03:26:31 fight: highlight found - centered click (1209,632)
03:26:33 fight: combat started - waiting for kill
03:26:42 fight: target confirmed dead - looking for next target
03:26:43 fight: highlight found - centered click (1076,768)
03:26:45 fight: combat started - waiting for kill
03:26:54 fight: target confirmed dead - looking for next target
03:26:55 fight: highlight found - centered click (1065,613)
03:26:57 fight: combat started - waiting for kill
03:27:04 fight: target confirmed dead - looking for next target
03:27:04 fight: highlight found - centered click (1167,766)
03:27:07 fight: combat started - waiting for kill
03:27:16 fight: target confirmed dead - looking for next target
03:27:16 fight: highlight found - centered click (1289,724)
03:27:19 fight: combat started - waiting for kill
03:27:28 fight: target confirmed dead - looking for next target
03:27:29 fight: highlight found - centered click (1222,851)
03:27:31 fight: combat started - waiting for kill
03:27:40 fight: target confirmed dead - looking for next target
03:27:41 fight: highlight found - centered click (1132,901)
03:27:43 fight: combat started - waiting for kill
03:27:54 fight: target confirmed dead - looking for next target
03:27:55 fight: highlight found - centered click (1228,614)
03:27:57 fight: combat started - waiting for kill
03:28:04 fight: target confirmed dead - looking for next target
03:28:04 fight: highlight found - centered click (1289,724)
03:28:07 fight: combat started - waiting for kill
03:28:14 fight: target confirmed dead - looking for next target
03:28:14 fight: highlight found - centered click (1175,853)
03:28:17 fight: combat started - waiting for kill
03:28:26 fight: target confirmed dead - looking for next target
03:28:26 fight: highlight found - centered click (1116,736)
03:28:29 fight: combat started - waiting for kill
03:28:35 fight: target confirmed dead - looking for next target
03:28:36 fight: highlight found - centered click (1145,1012)
03:28:38 fight: combat started - waiting for kill
03:28:42 fight: target confirmed dead - looking for next target
03:28:43 fight: highlight found - centered click (1277,687)
03:28:45 fight: combat started - waiting for kill
03:28:50 fight: target confirmed dead - looking for next target
03:28:50 fight: highlight found - centered click (1239,947)
03:28:53 fight: combat started - waiting for kill
03:29:02 fight: target confirmed dead - looking for next target
03:29:02 fight: highlight found - centered click (1256,1013)
03:29:05 fight: combat started - waiting for kill
03:29:11 fight: target confirmed dead - looking for next target
03:29:12 fight: highlight found - centered click (1168,765)
03:29:14 fight: combat started - waiting for kill
03:29:19 fight: target confirmed dead - looking for next target
03:29:20 fight: highlight found - centered click (1146,615)
03:29:22 fight: combat started - waiting for kill
03:29:29 fight: target confirmed dead - looking for next target
03:29:29 fight: highlight found - centered click (1175,853)
03:29:31 fight: combat started - waiting for kill
03:29:41 fight: target confirmed dead - looking for next target
03:29:41 fight: highlight found - centered click (1222,851)
03:29:44 fight: combat started - waiting for kill
03:29:50 fight: target confirmed dead - looking for next target
03:29:51 fight: highlight found - centered click (1065,613)
03:29:53 fight: combat started - waiting for kill
03:30:02 fight: target confirmed dead - looking for next target
03:30:03 fight: highlight found - centered click (1252,764)
03:30:05 fight: combat started - waiting for kill
03:30:08 fight: target confirmed dead - looking for next target
03:30:08 fight: highlight found - centered click (1208,777)
03:30:11 fight: combat started - waiting for kill
03:30:17 fight: target confirmed dead - looking for next target
03:30:18 fight: highlight found - centered click (1185,765)
03:30:20 fight: combat started - waiting for kill
03:30:32 fight: target confirmed dead - looking for next target
03:30:32 fight: highlight found - centered click (1257,852)
03:30:35 fight: combat started - waiting for kill
03:30:44 fight: target confirmed dead - looking for next target
03:30:44 fight: highlight found - centered click (1082,768)
03:30:46 fight: combat started - waiting for kill
03:30:53 fight: target confirmed dead - looking for next target
03:30:54 fight: highlight found - centered click (1319,732)
03:30:56 fight: combat started - waiting for kill
03:30:59 fight: target confirmed dead - looking for next target
03:30:59 fight: highlight found - centered click (1220,615)
03:31:02 fight: combat started - waiting for kill
03:31:11 fight: target confirmed dead - looking for next target
03:31:11 fight: highlight found - centered click (1025,629)
03:31:13 fight: combat started - waiting for kill
03:31:32 fight: target confirmed dead - looking for next target
03:31:33 fight: highlight found - centered click (1342,961)
03:31:35 fight: combat started - waiting for kill
03:31:42 fight: target confirmed dead - looking for next target
03:31:42 fight: highlight found - centered click (1367,845)
03:31:45 fight: combat started - waiting for kill
03:31:54 fight: target confirmed dead - looking for next target
03:31:54 fight: highlight found - centered click (1375,722)
03:31:57 fight: combat started - waiting for kill
03:32:01 fight: target confirmed dead - looking for next target
03:32:01 fight: highlight found - centered click (1300,791)
03:32:04 fight: combat started - waiting for kill
03:32:05 STOPPED: Stopped (F5)
03:32:05 fight: kill not confirmed within timeout - retrying
03:32:26 ===== Bot started =====
03:32:27 fight: highlight found - centered click (1241,826)
03:32:29 fight: combat started - waiting for kill
03:32:36 fight: target confirmed dead - looking for next target
03:32:36 fight: highlight found - centered click (1305,874)
03:32:39 fight: combat started - waiting for kill
03:32:45 fight: target confirmed dead - looking for next target
03:32:46 fight: highlight found - centered click (1249,767)
03:32:48 fight: combat started - waiting for kill
03:32:53 fight: target confirmed dead - looking for next target
03:32:53 fight: highlight found - centered click (1182,612)
03:32:56 fight: combat started - waiting for kill
03:33:00 fight: target confirmed dead - looking for next target
03:33:00 fight: highlight found - centered click (1203,633)
03:33:03 fight: combat started - waiting for kill
03:33:09 fight: target confirmed dead - looking for next target
03:33:10 fight: highlight found - centered click (1342,959)
03:33:12 fight: combat started - waiting for kill
03:33:21 fight: target confirmed dead - looking for next target
03:33:22 fight: highlight found - centered click (1117,729)
03:33:24 fight: combat started - waiting for kill
03:33:31 fight: target confirmed dead - looking for next target
03:33:31 fight: highlight found - centered click (1268,681)
03:33:34 fight: combat started - waiting for kill
03:33:41 fight: target confirmed dead - looking for next target
03:33:41 fight: highlight found - centered click (1124,615)
03:33:43 fight: combat started - waiting for kill
03:33:45 fight: target confirmed dead - looking for next target
03:33:46 fight: highlight found - centered click (1061,543)
03:33:48 fight: combat started - waiting for kill
03:33:55 fight: target confirmed dead - looking for next target
03:33:56 fight: highlight found - centered click (1149,652)
03:33:58 fight: combat started - waiting for kill
03:34:05 fight: target confirmed dead - looking for next target
03:34:05 fight: highlight found - centered click (1300,993)
03:34:08 fight: combat started - waiting for kill
03:34:24 fight: target confirmed dead - looking for next target
03:34:24 fight: highlight found - centered click (1268,698)
03:34:27 fight: combat started - waiting for kill
03:34:34 fight: target confirmed dead - looking for next target
03:34:35 fight: highlight found - centered click (1104,740)
03:34:36 fight: combat started - waiting for kill
03:34:44 fight: target confirmed dead - looking for next target
03:34:44 fight: highlight found - centered click (1239,685)
03:34:47 fight: combat started - waiting for kill
03:34:56 fight: target confirmed dead - looking for next target
03:34:57 fight: highlight found - centered click (1224,851)
03:34:59 fight: combat started - waiting for kill
03:35:02 fight: target confirmed dead - looking for next target
03:35:02 fight: highlight found - centered click (1148,644)
03:35:04 fight: combat started - waiting for kill
03:35:09 fight: target confirmed dead - looking for next target
03:35:09 fight: highlight found - centered click (1195,853)
03:35:12 fight: combat started - waiting for kill
03:35:16 fight: target confirmed dead - looking for next target
03:35:16 fight: highlight found - centered click (1219,993)
03:35:19 fight: combat started - waiting for kill
03:35:23 fight: target confirmed dead - looking for next target
03:35:24 fight: highlight found - centered click (1281,683)
03:35:26 fight: combat started - waiting for kill
03:35:30 fight: target confirmed dead - looking for next target
03:35:31 fight: highlight found - centered click (1220,618)
03:35:33 fight: combat started - waiting for kill
03:35:38 fight: target confirmed dead - looking for next target
03:35:38 fight: highlight found - centered click (1288,862)
03:35:41 fight: combat started - waiting for kill
03:35:47 fight: target confirmed dead - looking for next target
03:35:48 fight: highlight found - centered click (1171,823)
03:35:50 fight: combat started - waiting for kill
03:35:54 fight: target confirmed dead - looking for next target
03:35:55 fight: highlight found - centered click (1181,900)
03:35:57 fight: combat started - waiting for kill
03:36:06 fight: target confirmed dead - looking for next target
03:36:07 fight: highlight found - centered click (1216,1026)
03:36:09 fight: combat started - waiting for kill
03:36:16 fight: target confirmed dead - looking for next target
03:36:17 fight: highlight found - centered click (1246,720)
03:36:19 fight: combat started - waiting for kill
03:36:26 fight: target confirmed dead - looking for next target
03:36:26 fight: highlight found - centered click (1401,766)
03:36:29 fight: combat started - waiting for kill
03:36:33 fight: target confirmed dead - looking for next target
03:36:33 fight: highlight found - centered click (1125,808)
03:36:36 fight: combat started - waiting for kill
03:36:47 fight: target confirmed dead - looking for next target
03:36:48 fight: highlight found - centered click (1307,737)
03:36:50 fight: combat started - waiting for kill
03:37:58 STOPPED: Stopped (F5)
03:37:58 fight: kill not confirmed within timeout - retrying
03:38:27 ===== Bot started =====
03:38:28 fight: highlight found - centered click (984,770)
03:38:29 fight: combat started - waiting for kill
03:38:30 STOPPED: Stopped (F5)
03:38:30 fight: kill not confirmed within timeout - retrying
03:38:30 ===== Bot started =====
03:38:30 fight: highlight found - centered click (994,739)
03:38:31 fight: combat started - waiting for kill
03:38:36 fight: target confirmed dead - looking for next target
03:38:37 fight: highlight found - centered click (939,690)
03:38:39 fight: combat started - waiting for kill
03:38:42 STOPPED: Stopped (F5)
03:38:42 fight: kill not confirmed within timeout - retrying
03:38:58 ===== Bot started =====
03:38:59 fight: highlight found - centered click (1061,702)
03:39:01 fight: combat started - waiting for kill
03:39:05 fight: target confirmed dead - looking for next target
03:39:06 fight: highlight found - centered click (1127,803)
03:39:08 fight: combat started - waiting for kill
03:39:10 fight: target confirmed dead - looking for next target
03:39:11 fight: highlight found - centered click (1024,615)
03:39:12 fight: combat started - waiting for kill
03:39:20 fight: target confirmed dead - looking for next target
03:39:20 fight: highlight found - centered click (1015,801)
03:39:23 fight: combat never started after click - retrying
03:39:24 fight: highlight found - centered click (1110,800)
03:39:25 fight: combat started - waiting for kill
03:39:32 fight: target confirmed dead - looking for next target
03:39:33 fight: highlight found - centered click (1028,652)
03:39:35 fight: combat started - waiting for kill
03:39:44 fight: target confirmed dead - looking for next target
03:39:45 fight: highlight found - centered click (1027,580)
03:39:47 fight: combat started - waiting for kill
03:39:52 fight: target confirmed dead - looking for next target
03:39:52 fight: highlight found - centered click (983,618)
03:39:55 fight: combat started - waiting for kill
03:40:01 fight: target confirmed dead - looking for next target
03:40:02 fight: highlight found - centered click (1109,649)
03:40:04 fight: combat started - waiting for kill
03:40:13 fight: target confirmed dead - looking for next target
03:40:14 fight: highlight found - centered click (987,815)
03:40:15 fight: combat started - waiting for kill
03:40:25 fight: target confirmed dead - looking for next target
03:40:26 fight: highlight found - centered click (1111,685)
03:40:27 fight: combat started - waiting for kill
03:40:37 fight: target confirmed dead - looking for next target
03:40:37 fight: highlight found - centered click (1086,557)
03:40:40 fight: combat started - waiting for kill
03:40:49 fight: target confirmed dead - looking for next target
03:40:49 fight: highlight found - centered click (938,684)
03:40:52 fight: combat started - waiting for kill
03:40:56 fight: target confirmed dead - looking for next target
03:40:57 fight: highlight found - centered click (984,689)
03:40:59 fight: combat started - waiting for kill
03:41:08 fight: target confirmed dead - looking for next target
03:41:09 fight: highlight found - centered click (1151,651)
03:41:11 fight: combat started - waiting for kill
03:41:18 fight: target confirmed dead - looking for next target
03:41:18 fight: highlight found - centered click (939,574)
03:41:21 fight: combat started - waiting for kill
03:41:28 fight: target confirmed dead - looking for next target
03:41:28 fight: highlight found - centered click (969,799)
03:41:30 fight: combat started - waiting for kill
03:41:35 fight: target confirmed dead - looking for next target
03:41:35 fight: highlight found - centered click (1052,686)
03:41:38 fight: combat started - waiting for kill
03:41:44 fight: target confirmed dead - looking for next target
03:41:45 fight: highlight found - centered click (909,722)
03:41:47 fight: combat started - waiting for kill
03:41:52 fight: target confirmed dead - looking for next target
03:41:52 fight: highlight found - centered click (871,522)
03:41:55 fight: combat started - waiting for kill
03:42:01 fight: target confirmed dead - looking for next target
03:42:02 fight: highlight found - centered click (1143,613)
03:42:04 fight: combat started - waiting for kill
03:42:08 fight: target confirmed dead - looking for next target
03:42:09 fight: highlight found - centered click (962,688)
03:42:11 fight: combat started - waiting for kill
03:42:20 fight: target confirmed dead - looking for next target
03:42:21 fight: highlight found - centered click (1115,723)
03:42:23 fight: combat started - waiting for kill
03:42:32 fight: target confirmed dead - looking for next target
03:42:33 fight: highlight found - centered click (944,682)
03:42:35 fight: combat started - waiting for kill
03:42:44 fight: target confirmed dead - looking for next target
03:42:45 fight: highlight found - centered click (869,647)
03:42:47 fight: combat started - waiting for kill
03:42:52 fight: target confirmed dead - looking for next target
03:42:52 fight: highlight found - centered click (1021,698)
03:42:54 fight: combat started - waiting for kill
03:43:01 fight: target confirmed dead - looking for next target
03:43:02 fight: highlight found - centered click (945,653)
03:43:04 fight: combat started - waiting for kill
03:43:11 fight: target confirmed dead - looking for next target
03:43:11 fight: highlight found - centered click (1101,557)
03:43:14 fight: combat started - waiting for kill
03:43:18 fight: target confirmed dead - looking for next target
03:43:18 fight: highlight found - centered click (1000,768)
03:43:21 fight: combat started - waiting for kill
03:43:37 fight: target confirmed dead - looking for next target
03:43:38 fight: highlight found - centered click (959,673)
03:43:40 fight: combat started - waiting for kill
03:43:47 fight: target confirmed dead - looking for next target
03:43:47 fight: highlight found - centered click (907,618)
03:43:49 fight: combat started - waiting for kill
03:43:56 fight: target confirmed dead - looking for next target
03:43:57 fight: highlight found - centered click (906,613)
03:43:59 fight: combat started - waiting for kill
03:44:02 fight: target confirmed dead - looking for next target
03:44:02 fight: highlight found - centered click (958,777)
03:44:05 fight: combat never started after click - retrying
03:44:06 fight: highlight found - centered click (1065,652)
03:44:08 fight: combat started - waiting for kill
03:44:15 fight: target confirmed dead - looking for next target
03:44:15 fight: highlight found - centered click (982,651)
03:44:17 fight: combat started - waiting for kill
03:44:27 fight: target confirmed dead - looking for next target
03:44:27 fight: highlight found - centered click (1151,651)
03:44:30 fight: combat started - waiting for kill
03:44:41 fight: target confirmed dead - looking for next target
03:44:42 fight: highlight found - centered click (984,769)
03:44:44 fight: combat started - waiting for kill
03:44:49 fight: target confirmed dead - looking for next target
03:44:49 fight: highlight found - centered click (1059,649)
03:44:51 fight: combat started - waiting for kill
03:44:53 fight: target confirmed dead - looking for next target
03:44:54 fight: highlight found - centered click (1073,724)
03:44:56 fight: combat started - waiting for kill
03:45:08 fight: target confirmed dead - looking for next target
03:45:08 fight: highlight found - centered click (1062,566)
03:45:11 fight: combat started - waiting for kill
03:45:20 fight: target confirmed dead - looking for next target
03:45:20 fight: highlight found - centered click (894,730)
03:45:22 fight: combat started - waiting for kill
03:45:29 fight: target confirmed dead - looking for next target
03:45:30 fight: highlight found - centered click (986,812)
03:45:32 fight: combat started - waiting for kill
03:45:49 fight: target confirmed dead - looking for next target
03:45:49 fight: highlight found - centered click (1116,615)
03:45:52 fight: combat started - waiting for kill
03:45:58 fight: target confirmed dead - looking for next target
03:45:59 fight: highlight found - centered click (942,650)
03:46:01 fight: combat started - waiting for kill
03:46:15 fight: target confirmed dead - looking for next target
03:46:15 fight: highlight found - centered click (895,815)
03:46:17 fight: combat started - waiting for kill
03:46:22 fight: target confirmed dead - looking for next target
03:46:23 fight: highlight found - centered click (985,819)
03:46:25 fight: combat started - waiting for kill
03:46:29 fight: target confirmed dead - looking for next target
03:46:30 fight: highlight found - centered click (1025,546)
03:46:32 fight: combat started - waiting for kill
03:46:37 fight: target confirmed dead - looking for next target
03:46:37 fight: highlight found - centered click (912,785)
03:46:40 fight: combat started - waiting for kill
03:46:49 fight: target confirmed dead - looking for next target
03:46:49 fight: highlight found - centered click (1176,552)
03:46:52 fight: combat started - waiting for kill
03:47:08 fight: target confirmed dead - looking for next target
03:47:08 fight: highlight found - centered click (1009,561)
03:47:10 fight: combat started - waiting for kill
03:47:17 fight: target confirmed dead - looking for next target
03:47:18 fight: highlight found - centered click (1154,520)
03:47:20 fight: combat started - waiting for kill
03:47:28 fight: target confirmed dead - looking for next target
03:47:28 fight: highlight found - centered click (941,771)
03:47:30 fight: combat started - waiting for kill
03:47:40 fight: target confirmed dead - looking for next target
03:47:40 fight: highlight found - centered click (1107,614)
03:47:42 fight: combat started - waiting for kill
03:47:52 fight: target confirmed dead - looking for next target
03:47:52 fight: highlight found - centered click (991,775)
03:47:54 fight: combat started - waiting for kill
03:48:06 fight: target confirmed dead - looking for next target
03:48:06 fight: highlight found - centered click (1104,583)
03:48:09 fight: combat started - waiting for kill
03:48:13 fight: target confirmed dead - looking for next target
03:48:14 fight: highlight found - centered click (943,771)
03:48:16 fight: combat started - waiting for kill
03:48:28 fight: target confirmed dead - looking for next target
03:48:28 fight: highlight found - centered click (1142,589)
03:48:31 fight: combat started - waiting for kill
03:48:40 fight: target confirmed dead - looking for next target
03:48:41 fight: highlight found - centered click (1033,654)
03:48:43 fight: combat started - waiting for kill
03:48:54 fight: target confirmed dead - looking for next target
03:48:54 fight: highlight found - centered click (986,809)
03:48:56 fight: combat started - waiting for kill
03:49:11 fight: target confirmed dead - looking for next target
03:49:11 fight: highlight found - centered click (1057,549)
03:49:14 fight: combat started - waiting for kill
03:49:20 fight: target confirmed dead - looking for next target
03:49:21 fight: highlight found - centered click (1110,650)
03:49:23 fight: combat started - waiting for kill
03:49:31 fight: target confirmed dead - looking for next target
03:49:31 fight: highlight found - centered click (1055,651)
03:49:32 fight: combat started - waiting for kill
03:49:40 fight: target confirmed dead - looking for next target
03:49:40 fight: highlight found - centered click (1177,849)
03:49:43 fight: combat started - waiting for kill
03:49:47 fight: target confirmed dead - looking for next target
03:49:47 fight: highlight found - centered click (1127,808)
03:49:50 fight: combat started - waiting for kill
03:49:59 fight: target confirmed dead - looking for next target
03:49:59 fight: highlight found - centered click (980,652)
03:50:01 fight: combat started - waiting for kill
03:50:08 fight: target confirmed dead - looking for next target
03:50:09 fight: highlight found - centered click (1071,685)
03:50:11 fight: combat started - waiting for kill
03:50:18 fight: target confirmed dead - looking for next target
03:50:18 fight: highlight found - centered click (973,757)
03:50:20 fight: combat started - waiting for kill
03:50:25 fight: target confirmed dead - looking for next target
03:50:26 fight: highlight found - centered click (1172,549)
03:50:28 fight: combat started - waiting for kill
03:50:37 fight: target confirmed dead - looking for next target
03:50:38 fight: highlight found - centered click (1092,809)
03:50:40 fight: combat started - waiting for kill
03:50:49 fight: target confirmed dead - looking for next target
03:50:50 fight: highlight found - centered click (1037,660)
03:50:52 fight: combat started - waiting for kill
03:51:01 fight: target confirmed dead - looking for next target
03:51:02 fight: highlight found - centered click (900,674)
03:51:04 fight: combat started - waiting for kill
03:51:16 fight: target confirmed dead - looking for next target
03:51:16 fight: highlight found - centered click (1075,767)
03:51:18 fight: combat started - waiting for kill
03:51:30 fight: target confirmed dead - looking for next target
03:51:30 fight: highlight found - centered click (1074,726)
03:51:32 fight: combat started - waiting for kill
03:51:37 fight: target confirmed dead - looking for next target
03:51:38 fight: highlight found - centered click (1024,516)
03:51:40 fight: combat started - waiting for kill
03:51:44 fight: target confirmed dead - looking for next target
03:51:45 fight: highlight found - centered click (1000,813)
03:51:47 fight: combat started - waiting for kill
03:51:54 fight: target confirmed dead - looking for next target
03:51:54 fight: highlight found - centered click (1169,635)
03:51:57 fight: combat started - waiting for kill
03:52:06 fight: target confirmed dead - looking for next target
03:52:06 fight: highlight found - centered click (856,719)
03:52:09 fight: combat started - waiting for kill
03:52:13 fight: target confirmed dead - looking for next target
03:52:14 fight: highlight found - centered click (1071,687)
03:52:16 fight: combat started - waiting for kill
03:52:23 fight: target confirmed dead - looking for next target
03:52:23 fight: highlight found - centered click (1079,623)
03:52:26 fight: combat started - waiting for kill
03:52:40 fight: target confirmed dead - looking for next target
03:52:40 fight: highlight found - centered click (1188,615)
03:52:43 fight: combat started - waiting for kill
03:52:47 fight: target confirmed dead - looking for next target
03:52:47 fight: highlight found - centered click (1165,663)
03:52:50 fight: combat started - waiting for kill
03:53:04 fight: target confirmed dead - looking for next target
03:53:04 fight: highlight found - centered click (1062,643)
03:53:06 fight: combat started - waiting for kill
03:53:18 fight: target confirmed dead - looking for next target
03:53:18 fight: highlight found - centered click (1064,735)
03:53:20 fight: combat started - waiting for kill
03:53:30 fight: target confirmed dead - looking for next target
03:53:30 fight: highlight found - centered click (1118,723)
03:53:32 fight: combat started - waiting for kill
03:53:42 fight: target confirmed dead - looking for next target
03:53:42 fight: highlight found - centered click (1067,780)
03:53:45 fight: combat started - waiting for kill
03:53:54 fight: target confirmed dead - looking for next target
03:53:55 fight: highlight found - centered click (1031,495)
03:53:57 fight: combat started - waiting for kill
03:54:11 fight: target confirmed dead - looking for next target
03:54:11 fight: highlight found - centered click (1085,618)
03:54:14 fight: combat started - waiting for kill
03:54:19 fight: target confirmed dead - looking for next target
03:54:19 fight: highlight found - centered click (1073,727)
03:54:21 fight: combat started - waiting for kill
03:54:31 fight: target confirmed dead - looking for next target
03:54:31 fight: highlight found - centered click (1100,527)
03:54:34 fight: combat started - waiting for kill
03:54:43 fight: target confirmed dead - looking for next target
03:54:43 fight: highlight found - centered click (934,815)
03:54:45 fight: combat started - waiting for kill
03:54:52 fight: target confirmed dead - looking for next target
03:54:53 fight: highlight found - centered click (1030,767)
03:54:55 fight: combat started - waiting for kill
03:54:57 fight: target confirmed dead - looking for next target
03:54:58 fight: highlight found - centered click (1212,805)
03:55:00 fight: combat started - waiting for kill
03:55:04 fight: target confirmed dead - looking for next target
03:55:05 fight: highlight found - centered click (1024,652)
03:55:07 fight: combat started - waiting for kill
03:55:16 fight: target confirmed dead - looking for next target
03:55:17 fight: highlight found - centered click (1077,811)
03:55:19 fight: combat started - waiting for kill
03:55:23 fight: target confirmed dead - looking for next target
03:55:24 fight: highlight found - centered click (1055,589)
03:55:26 fight: combat started - waiting for kill
03:55:31 fight: target confirmed dead - looking for next target
03:55:31 fight: highlight found - centered click (941,692)
03:55:33 fight: combat started - waiting for kill
03:55:38 fight: target confirmed dead - looking for next target
03:55:38 fight: highlight found - centered click (990,748)
03:55:40 fight: combat started - waiting for kill
03:55:47 fight: target confirmed dead - looking for next target
03:55:48 fight: highlight found - centered click (1067,657)
03:55:50 fight: combat started - waiting for kill
03:55:57 fight: target confirmed dead - looking for next target
03:55:57 fight: highlight found - centered click (1075,726)
03:55:59 fight: combat started - waiting for kill
03:56:09 fight: target confirmed dead - looking for next target
03:56:09 fight: highlight found - centered click (1091,791)
03:56:11 fight: combat started - waiting for kill
03:56:21 fight: target confirmed dead - looking for next target
03:56:21 fight: highlight found - centered click (1067,618)
03:56:23 fight: combat started - waiting for kill
03:56:31 fight: target confirmed dead - looking for next target
03:56:31 fight: highlight found - centered click (946,547)
03:56:34 fight: combat started - waiting for kill
03:56:38 fight: target confirmed dead - looking for next target
03:56:38 fight: highlight found - centered click (1021,698)
03:56:41 fight: combat never started after click - retrying
03:56:42 fight: highlight found - centered click (1069,766)
03:56:45 fight: combat never started after click - retrying
03:56:45 fight: highlight found - centered click (1029,729)
03:56:47 fight: combat started - waiting for kill
03:56:49 fight: target confirmed dead - looking for next target
03:56:50 fight: highlight found - centered click (895,615)
03:56:52 fight: combat started - waiting for kill
03:56:59 fight: target confirmed dead - looking for next target
03:57:00 fight: highlight found - centered click (993,804)
03:57:03 fight: combat never started after click - retrying
03:57:04 fight: highlight found - centered click (940,817)
03:57:04 STOPPED: Stopped (F5)
03:57:04 fight: combat never started after click - retrying
03:57:26 ===== Bot started =====
03:57:26 fight: highlight found - centered click (1068,690)
03:57:28 fight: combat started - waiting for kill
03:57:32 fight: target confirmed dead - looking for next target
03:57:33 fight: highlight found - centered click (993,810)
03:57:35 fight: combat started - waiting for kill
03:57:40 fight: target confirmed dead - looking for next target
03:57:40 fight: highlight found - centered click (1077,813)
03:57:42 fight: combat started - waiting for kill
03:57:45 STOPPED: Stopped (F5)
03:57:45 fight: kill not confirmed within timeout - retrying
03:57:52 ===== Bot started =====
03:57:52 fight: highlight found - centered click (943,690)
03:57:54 fight: combat started - waiting for kill
03:57:56 fight: target confirmed dead - looking for next target
03:57:57 fight: highlight found - centered click (1068,651)
03:57:59 fight: combat started - waiting for kill
03:58:01 fight: target confirmed dead - looking for next target
03:58:02 fight: highlight found - centered click (1021,582)
03:58:05 fight: combat never started after click - retrying
03:58:05 fight: highlight found - centered click (943,672)
03:58:07 fight: combat started - waiting for kill
03:58:12 fight: target confirmed dead - looking for next target
03:58:13 fight: highlight found - centered click (1111,647)
03:58:14 fight: combat started - waiting for kill
03:58:19 fight: target confirmed dead - looking for next target
03:58:20 fight: highlight found - centered click (947,589)
03:58:22 fight: combat started - waiting for kill
03:58:26 fight: target confirmed dead - looking for next target
03:58:27 fight: highlight found - centered click (1067,690)
03:58:29 fight: combat started - waiting for kill
03:58:34 fight: target confirmed dead - looking for next target
03:58:34 fight: highlight found - centered click (1167,861)
03:58:37 fight: combat started - waiting for kill
03:58:38 fight: target confirmed dead - looking for next target
03:58:39 fight: highlight found - centered click (848,816)
03:58:41 fight: combat started - waiting for kill
03:58:48 fight: target confirmed dead - looking for next target
03:58:48 fight: highlight found - centered click (937,608)
03:58:50 fight: combat started - waiting for kill
03:58:58 fight: target confirmed dead - looking for next target
03:58:58 fight: highlight found - centered click (983,618)
03:59:01 fight: combat started - waiting for kill
03:59:08 fight: target confirmed dead - looking for next target
03:59:08 fight: highlight found - centered click (942,729)
03:59:10 fight: combat started - waiting for kill
03:59:17 fight: target confirmed dead - looking for next target
03:59:18 fight: highlight found - centered click (1158,610)
03:59:20 fight: combat started - waiting for kill
03:59:25 fight: target confirmed dead - looking for next target
03:59:25 fight: highlight found - centered click (1048,859)
03:59:28 fight: combat started - waiting for kill
03:59:34 fight: target confirmed dead - looking for next target
03:59:35 fight: highlight found - centered click (1187,739)
03:59:37 fight: combat started - waiting for kill
03:59:41 fight: target confirmed dead - looking for next target
03:59:42 fight: highlight found - centered click (1178,903)
03:59:44 fight: combat started - waiting for kill
03:59:56 fight: target confirmed dead - looking for next target
03:59:57 fight: highlight found - centered click (1071,669)
03:59:59 fight: combat started - waiting for kill
04:00:08 fight: target confirmed dead - looking for next target
04:00:09 fight: highlight found - centered click (943,651)
04:00:11 fight: combat started - waiting for kill
04:00:16 fight: target confirmed dead - looking for next target
04:00:16 fight: highlight found - centered click (1076,765)
04:00:19 fight: combat started - waiting for kill
04:00:25 fight: target confirmed dead - looking for next target
04:00:26 fight: highlight found - centered click (911,773)
04:00:28 fight: combat started - waiting for kill
04:00:33 fight: target confirmed dead - looking for next target
04:00:33 fight: highlight found - centered click (1082,761)
04:00:36 fight: combat started - waiting for kill
04:00:37 fight: target confirmed dead - looking for next target
04:00:38 fight: highlight found - centered click (911,720)
04:00:40 fight: combat started - waiting for kill
04:00:47 fight: target confirmed dead - looking for next target
04:00:47 fight: highlight found - centered click (888,565)
04:00:50 fight: combat started - waiting for kill
04:00:54 fight: target confirmed dead - looking for next target
04:00:55 fight: highlight found - centered click (1102,577)
04:00:57 fight: combat started - waiting for kill
04:01:06 fight: target confirmed dead - looking for next target
04:01:06 fight: highlight found - centered click (952,681)
04:01:08 fight: combat started - waiting for kill
04:01:11 fight: target confirmed dead - looking for next target
04:01:11 fight: highlight found - centered click (1070,689)
04:01:13 fight: combat started - waiting for kill
04:01:16 fight: target confirmed dead - looking for next target
04:01:16 fight: highlight found - centered click (935,860)
04:01:19 fight: combat started - waiting for kill
04:01:28 fight: target confirmed dead - looking for next target
04:01:28 fight: highlight found - centered click (1103,651)
04:01:30 fight: combat started - waiting for kill
04:01:37 fight: target confirmed dead - looking for next target
04:01:38 fight: highlight found - centered click (999,628)
04:01:40 fight: combat started - waiting for kill
04:01:47 fight: target confirmed dead - looking for next target
04:01:47 fight: highlight found - centered click (962,511)
04:01:50 fight: combat started - waiting for kill
04:01:56 fight: target confirmed dead - looking for next target
04:01:57 fight: highlight found - centered click (901,726)
04:01:59 fight: combat started - waiting for kill
04:02:06 fight: target confirmed dead - looking for next target
04:02:07 fight: highlight found - centered click (837,871)
04:02:09 fight: combat started - waiting for kill
04:02:11 fight: target confirmed dead - looking for next target
04:02:11 fight: highlight found - centered click (1075,769)
04:02:13 fight: combat started - waiting for kill
04:02:20 fight: target confirmed dead - looking for next target
04:02:21 fight: highlight found - centered click (976,657)
04:02:23 fight: combat started - waiting for kill
04:02:30 fight: target confirmed dead - looking for next target
04:02:30 fight: highlight found - centered click (1033,813)
04:02:32 fight: combat started - waiting for kill
04:02:45 fight: target confirmed dead - looking for next target
04:02:45 fight: highlight found - centered click (940,693)
04:02:47 fight: combat started - waiting for kill
04:02:54 fight: target confirmed dead - looking for next target
04:02:54 fight: highlight found - centered click (1107,781)
04:02:56 fight: combat started - waiting for kill
04:03:01 fight: target confirmed dead - looking for next target
04:03:02 fight: highlight found - centered click (1070,811)
04:03:04 fight: combat started - waiting for kill
04:03:09 fight: target confirmed dead - looking for next target
04:03:09 fight: highlight found - centered click (940,813)
04:03:12 fight: combat started - waiting for kill
04:03:18 fight: target confirmed dead - looking for next target
04:03:19 fight: highlight found - centered click (943,707)
04:03:21 fight: combat started - waiting for kill
04:03:23 fight: target confirmed dead - looking for next target
04:03:23 fight: highlight found - centered click (1133,853)
04:03:26 fight: combat started - waiting for kill
04:03:35 fight: target confirmed dead - looking for next target
04:03:35 fight: highlight found - centered click (1137,548)
04:03:37 fight: combat started - waiting for kill
04:03:52 fight: target confirmed dead - looking for next target
04:03:52 fight: highlight found - centered click (1119,769)
04:03:54 fight: combat started - waiting for kill
04:03:59 fight: target confirmed dead - looking for next target
04:03:59 fight: highlight found - centered click (903,617)
04:04:01 fight: combat started - waiting for kill
04:04:11 fight: target confirmed dead - looking for next target
04:04:11 fight: highlight found - centered click (902,655)
04:04:13 fight: combat started - waiting for kill
04:04:21 fight: target confirmed dead - looking for next target
04:04:21 fight: highlight found - centered click (1121,807)
04:04:23 fight: combat started - waiting for kill
04:04:30 fight: target confirmed dead - looking for next target
04:04:31 fight: highlight found - centered click (1053,651)
04:04:33 fight: combat started - waiting for kill
04:04:45 fight: target confirmed dead - looking for next target
04:04:45 fight: highlight found - centered click (1158,727)
04:04:48 fight: combat started - waiting for kill
04:04:56 fight: target confirmed dead - looking for next target
04:04:57 fight: highlight found - centered click (1122,811)
04:05:00 fight: combat started - waiting for kill
04:05:09 fight: target confirmed dead - looking for next target
04:05:09 fight: highlight found - centered click (942,634)
04:05:11 fight: combat started - waiting for kill
04:05:16 fight: target confirmed dead - looking for next target
04:05:16 fight: highlight found - centered click (969,692)
04:05:19 fight: combat never started after click - retrying
04:05:20 fight: highlight found - centered click (946,549)
04:05:22 fight: combat started - waiting for kill
04:05:24 fight: target confirmed dead - looking for next target
04:05:24 fight: highlight found - centered click (1057,853)
04:05:27 fight: combat started - waiting for kill
04:05:41 fight: target confirmed dead - looking for next target
04:05:41 fight: highlight found - centered click (940,854)
04:05:44 fight: combat started - waiting for kill
04:05:48 fight: target confirmed dead - looking for next target
04:05:49 fight: highlight found - centered click (1129,856)
04:05:51 fight: combat started - waiting for kill
04:05:55 fight: target confirmed dead - looking for next target
04:05:56 fight: highlight found - centered click (940,687)
04:05:58 fight: combat started - waiting for kill
04:06:03 fight: target confirmed dead - looking for next target
04:06:03 fight: highlight found - centered click (1038,553)
04:06:06 fight: combat started - waiting for kill
04:06:08 fight: target confirmed dead - looking for next target
04:06:08 fight: highlight found - centered click (1095,582)
04:06:10 fight: combat started - waiting for kill
04:06:17 fight: target confirmed dead - looking for next target
04:06:17 fight: highlight found - centered click (1142,577)
04:06:20 fight: combat started - waiting for kill
04:06:24 fight: target confirmed dead - looking for next target
04:06:25 fight: highlight found - centered click (983,650)
04:06:27 fight: combat started - waiting for kill
04:06:29 fight: target confirmed dead - looking for next target
04:06:29 fight: highlight found - centered click (1075,794)
04:06:31 fight: combat started - waiting for kill
04:06:41 fight: target confirmed dead - looking for next target
04:06:41 fight: highlight found - centered click (940,824)
04:06:43 fight: combat started - waiting for kill
04:06:45 STOPPED: Stopped (F5)
04:06:45 fight: kill not confirmed within timeout - retrying
04:07:09 ===== Bot started =====
04:07:10 fight: highlight found - centered click (1037,733)
04:07:12 fight: combat started - waiting for kill
04:07:19 fight: target confirmed dead - looking for next target
04:07:19 fight: highlight found - centered click (1070,684)
04:07:21 fight: combat started - waiting for kill
04:07:26 fight: target confirmed dead - looking for next target
04:07:27 fight: highlight found - centered click (1066,577)
04:07:29 fight: combat started - waiting for kill
04:07:36 fight: target confirmed dead - looking for next target
04:07:36 fight: highlight found - centered click (942,689)
04:07:38 fight: combat started - waiting for kill
04:07:45 fight: target confirmed dead - looking for next target
04:07:46 fight: highlight found - centered click (1002,842)
04:07:48 fight: combat started - waiting for kill
04:07:55 fight: target confirmed dead - looking for next target
04:07:55 fight: highlight found - centered click (940,799)
04:07:57 fight: combat started - waiting for kill
04:08:05 fight: target confirmed dead - looking for next target
04:08:05 fight: highlight found - centered click (1155,688)
04:08:08 fight: combat started - waiting for kill
04:08:09 fight: target confirmed dead - looking for next target
04:08:10 fight: highlight found - centered click (941,545)
04:08:12 fight: combat started - waiting for kill
04:08:17 fight: target confirmed dead - looking for next target
04:08:17 fight: highlight found - centered click (908,699)
04:08:19 fight: combat started - waiting for kill
04:08:29 fight: target confirmed dead - looking for next target
04:08:29 fight: highlight found - centered click (1026,648)
04:08:31 fight: combat started - waiting for kill
04:08:38 fight: target confirmed dead - looking for next target
04:08:39 fight: highlight found - centered click (1056,770)
04:08:41 fight: combat started - waiting for kill
04:08:45 fight: target confirmed dead - looking for next target
04:08:46 fight: highlight found - centered click (1070,689)
04:08:48 fight: combat started - waiting for kill
04:08:53 fight: target confirmed dead - looking for next target
04:08:53 fight: highlight found - centered click (981,809)
04:08:55 fight: combat started - waiting for kill
04:09:00 fight: target confirmed dead - looking for next target
04:09:00 fight: highlight found - centered click (908,677)
04:09:03 fight: combat started - waiting for kill
04:09:12 fight: target confirmed dead - looking for next target
04:09:12 fight: highlight found - centered click (1152,690)
04:09:15 fight: combat started - waiting for kill
04:09:21 fight: target confirmed dead - looking for next target
04:09:22 fight: highlight found - centered click (1126,854)
04:09:24 fight: combat started - waiting for kill
04:09:38 fight: target confirmed dead - looking for next target
04:09:39 fight: highlight found - centered click (1077,680)
04:09:41 fight: combat started - waiting for kill
04:09:50 fight: target confirmed dead - looking for next target
04:09:51 fight: highlight found - centered click (1027,859)
04:09:53 fight: combat started - waiting for kill
04:09:57 fight: target confirmed dead - looking for next target
04:09:58 fight: highlight found - centered click (900,671)
04:10:00 fight: combat started - waiting for kill
04:10:09 fight: target confirmed dead - looking for next target
04:10:10 fight: highlight found - centered click (986,771)
04:10:12 fight: combat started - waiting for kill
04:10:19 fight: target confirmed dead - looking for next target
04:10:19 fight: highlight found - centered click (969,683)
04:10:21 fight: combat started - waiting for kill
04:10:29 fight: target confirmed dead - looking for next target
04:10:29 fight: highlight found - centered click (1028,662)
04:10:31 fight: combat started - waiting for kill
04:10:36 fight: target confirmed dead - looking for next target
04:10:36 fight: highlight found - centered click (972,753)
04:10:38 fight: combat started - waiting for kill
04:10:45 fight: target confirmed dead - looking for next target
04:10:46 fight: highlight found - centered click (849,813)
04:10:48 fight: combat started - waiting for kill
04:10:53 fight: target confirmed dead - looking for next target
04:10:53 fight: highlight found - centered click (1034,857)
04:10:56 fight: combat started - waiting for kill
04:11:05 fight: target confirmed dead - looking for next target
04:11:05 fight: highlight found - centered click (865,779)
04:11:08 fight: combat started - waiting for kill
04:11:12 fight: target confirmed dead - looking for next target
04:11:12 fight: highlight found - centered click (1124,815)
04:11:15 fight: combat started - waiting for kill
04:11:17 fight: target confirmed dead - looking for next target
04:11:18 fight: highlight found - centered click (857,687)
04:11:20 fight: combat started - waiting for kill
04:11:24 fight: target confirmed dead - looking for next target
04:11:25 fight: highlight found - centered click (1033,768)
04:11:27 fight: combat started - waiting for kill
04:11:34 fight: target confirmed dead - looking for next target
04:11:34 fight: highlight found - centered click (1030,769)
04:11:36 fight: combat started - waiting for kill
04:11:41 fight: target confirmed dead - looking for next target
04:11:42 fight: highlight found - centered click (1134,905)
04:11:44 fight: combat started - waiting for kill
04:11:53 fight: target confirmed dead - looking for next target
04:11:54 fight: highlight found - centered click (943,687)
04:11:56 fight: combat started - waiting for kill
04:12:05 fight: target confirmed dead - looking for next target
04:12:06 fight: highlight found - centered click (1020,778)
04:12:08 fight: combat started - waiting for kill
04:12:15 fight: target confirmed dead - looking for next target
04:12:15 fight: highlight found - centered click (1039,665)
04:12:17 fight: combat started - waiting for kill
04:12:22 fight: target confirmed dead - looking for next target
04:12:22 fight: highlight found - centered click (1084,715)
04:12:25 fight: combat started - waiting for kill
04:12:34 fight: target confirmed dead - looking for next target
04:12:34 fight: highlight found - centered click (1034,857)
04:12:37 fight: combat started - waiting for kill
04:12:39 fight: target confirmed dead - looking for next target
04:12:40 fight: highlight found - centered click (1144,656)
04:12:42 fight: combat started - waiting for kill
04:12:44 fight: target confirmed dead - looking for next target
04:12:45 fight: highlight found - centered click (1130,856)
04:12:48 fight: combat never started after click - retrying
04:12:48 fight: highlight found - centered click (1087,804)
04:12:51 fight: combat started - waiting for kill
04:12:58 fight: target confirmed dead - looking for next target
04:12:59 fight: highlight found - centered click (889,771)
04:13:00 fight: combat started - waiting for kill
04:13:05 fight: target confirmed dead - looking for next target
04:13:06 fight: highlight found - centered click (1071,690)
04:13:08 fight: combat started - waiting for kill
04:13:15 fight: target confirmed dead - looking for next target
04:13:15 fight: highlight found - centered click (1053,792)
04:13:17 fight: combat started - waiting for kill
04:13:24 fight: target confirmed dead - looking for next target
04:13:25 fight: highlight found - centered click (914,707)
04:13:27 fight: combat started - waiting for kill
04:13:34 fight: target confirmed dead - looking for next target
04:13:34 fight: highlight found - centered click (1010,887)
04:13:38 fight: combat never started after click - retrying
04:13:38 fight: highlight found - centered click (979,642)
04:13:40 fight: combat started - waiting for kill
04:13:52 fight: target confirmed dead - looking for next target
04:13:53 fight: highlight found - centered click (1064,581)
04:13:55 fight: combat started - waiting for kill
04:14:09 fight: target confirmed dead - looking for next target
04:14:09 fight: highlight found - centered click (1031,766)
04:14:11 fight: combat started - waiting for kill
04:14:14 fight: target confirmed dead - looking for next target
04:14:14 fight: highlight found - centered click (1020,646)
04:14:16 fight: combat started - waiting for kill
04:14:21 fight: target confirmed dead - looking for next target
04:14:21 fight: highlight found - centered click (826,549)
04:14:24 fight: combat started - waiting for kill
04:14:26 fight: target confirmed dead - looking for next target
04:14:27 fight: highlight found - centered click (1029,682)
04:14:29 fight: combat started - waiting for kill
04:14:38 fight: target confirmed dead - looking for next target
04:14:39 fight: highlight found - centered click (978,656)
04:14:42 fight: combat never started after click - retrying
04:14:42 fight: highlight found - centered click (969,757)
04:14:44 fight: combat started - waiting for kill
04:14:48 fight: target confirmed dead - looking for next target
04:14:49 fight: highlight found - centered click (987,583)
04:14:51 fight: combat started - waiting for kill
04:14:56 fight: target confirmed dead - looking for next target
04:14:56 fight: highlight found - centered click (1146,607)
04:14:59 fight: combat started - waiting for kill
04:15:08 fight: target confirmed dead - looking for next target
04:15:08 fight: highlight found - centered click (1119,768)
04:15:10 fight: combat started - waiting for kill
04:15:12 fight: target confirmed dead - looking for next target
04:15:13 fight: highlight found - centered click (903,620)
04:15:15 fight: combat started - waiting for kill
04:15:23 fight: target confirmed dead - looking for next target
04:15:23 fight: highlight found - centered click (980,691)
04:15:24 fight: combat started - waiting for kill
04:15:36 fight: target confirmed dead - looking for next target
04:15:37 fight: highlight found - centered click (1093,820)
04:15:39 fight: combat started - waiting for kill
04:15:44 fight: target confirmed dead - looking for next target
04:15:44 fight: highlight found - centered click (1073,729)
04:15:46 fight: combat started - waiting for kill
04:15:56 fight: target confirmed dead - looking for next target
04:15:56 fight: highlight found - centered click (1015,651)
04:15:58 fight: combat started - waiting for kill
04:16:03 fight: target confirmed dead - looking for next target
04:16:03 fight: highlight found - centered click (900,653)
04:16:05 fight: combat started - waiting for kill
04:16:12 fight: target confirmed dead - looking for next target
04:16:13 fight: highlight found - centered click (953,705)
04:16:16 fight: combat never started after click - retrying
04:16:16 fight: highlight found - centered click (940,812)
04:16:18 fight: combat started - waiting for kill
04:16:25 fight: target confirmed dead - looking for next target
04:16:26 fight: highlight found - centered click (894,779)
04:16:27 fight: combat started - waiting for kill
04:16:35 fight: target confirmed dead - looking for next target
04:16:35 fight: highlight found - centered click (1063,573)
04:16:38 fight: combat started - waiting for kill
04:16:44 fight: target confirmed dead - looking for next target
04:16:45 fight: highlight found - centered click (1130,670)
04:16:48 fight: combat never started after click - retrying
04:16:48 fight: highlight found - centered click (943,729)
04:16:50 fight: combat started - waiting for kill
04:16:52 fight: target confirmed dead - looking for next target
04:16:52 fight: highlight found - centered click (1029,770)
04:16:54 fight: combat started - waiting for kill
04:16:59 fight: target confirmed dead - looking for next target
04:17:00 fight: highlight found - centered click (943,713)
04:17:02 fight: combat started - waiting for kill
04:17:06 fight: target confirmed dead - looking for next target
04:17:07 fight: highlight found - centered click (812,680)
04:17:10 fight: combat never started after click - retrying
04:17:11 fight: highlight found - centered click (900,617)
04:17:13 fight: combat started - waiting for kill
04:17:17 fight: target confirmed dead - looking for next target
04:17:18 fight: highlight found - centered click (1071,645)
04:17:20 fight: combat started - waiting for kill
04:17:27 fight: target confirmed dead - looking for next target
04:17:27 fight: highlight found - centered click (943,654)
04:17:29 fight: combat started - waiting for kill
04:17:36 fight: target confirmed dead - looking for next target
04:17:37 fight: highlight found - centered click (1144,698)
04:17:39 fight: combat started - waiting for kill
04:17:46 fight: target confirmed dead - looking for next target
04:17:47 fight: highlight found - centered click (1075,771)
04:17:48 fight: combat started - waiting for kill
04:17:53 fight: target confirmed dead - looking for next target
04:17:54 fight: highlight found - centered click (1066,839)
04:17:56 fight: combat started - waiting for kill
04:18:03 fight: target confirmed dead - looking for next target
04:18:03 fight: highlight found - centered click (1142,533)
04:18:06 fight: combat started - waiting for kill
04:18:17 fight: target confirmed dead - looking for next target
04:18:18 fight: highlight found - centered click (1001,796)
04:18:20 fight: combat started - waiting for kill
04:18:29 fight: target confirmed dead - looking for next target
04:18:30 fight: highlight found - centered click (1069,651)
04:18:32 fight: combat started - waiting for kill
04:18:39 fight: target confirmed dead - looking for next target
04:18:39 fight: highlight found - centered click (928,679)
04:18:41 fight: combat started - waiting for kill
04:18:44 fight: target confirmed dead - looking for next target
04:18:44 fight: highlight found - centered click (1077,813)
04:18:46 fight: combat started - waiting for kill
04:18:56 fight: target confirmed dead - looking for next target
04:18:56 fight: highlight found - centered click (940,811)
04:18:59 fight: combat started - waiting for kill
04:19:03 fight: target confirmed dead - looking for next target
04:19:03 fight: highlight found - centered click (1150,643)
04:19:06 fight: combat started - waiting for kill
04:19:10 fight: target confirmed dead - looking for next target
04:19:11 fight: highlight found - centered click (915,770)
04:19:12 fight: combat started - waiting for kill
04:19:20 fight: target confirmed dead - looking for next target
04:19:20 fight: highlight found - centered click (940,813)
04:19:22 fight: combat started - waiting for kill
04:19:24 fight: target confirmed dead - looking for next target
04:19:25 fight: highlight found - centered click (940,744)
04:19:27 fight: combat started - waiting for kill
04:19:34 fight: target confirmed dead - looking for next target
04:19:35 fight: highlight found - centered click (1037,948)
04:19:37 fight: combat started - waiting for kill
04:19:41 fight: target confirmed dead - looking for next target
04:19:42 fight: highlight found - centered click (1118,770)
04:19:44 fight: combat started - waiting for kill
04:19:49 fight: target confirmed dead - looking for next target
04:19:49 fight: highlight found - centered click (845,861)
04:19:51 fight: combat started - waiting for kill
04:19:53 fight: target confirmed dead - looking for next target
04:19:54 fight: highlight found - centered click (1081,772)
04:19:56 fight: combat started - waiting for kill
04:20:00 fight: target confirmed dead - looking for next target
04:20:01 fight: highlight found - centered click (895,773)
04:20:04 fight: combat started - waiting for kill
04:20:05 fight: target confirmed dead - looking for next target
04:20:06 fight: highlight found - centered click (944,608)
04:20:08 fight: combat started - waiting for kill
04:20:13 fight: target confirmed dead - looking for next target
04:20:13 fight: highlight found - centered click (1115,724)
04:20:15 fight: combat started - waiting for kill
04:20:17 fight: target confirmed dead - looking for next target
04:20:18 fight: highlight found - centered click (708,727)
04:20:21 fight: combat never started after click - retrying
04:20:21 fight: highlight found - centered click (917,655)
04:20:24 fight: combat started - waiting for kill
04:20:29 fight: target confirmed dead - looking for next target
04:20:29 fight: highlight found - centered click (954,761)
04:20:31 fight: combat started - waiting for kill
04:20:37 fight: target confirmed dead - looking for next target
04:20:38 fight: highlight found - centered click (1030,768)
04:20:39 fight: combat started - waiting for kill
04:20:42 fight: target confirmed dead - looking for next target
04:20:42 fight: highlight found - centered click (1106,608)
04:20:44 fight: combat started - waiting for kill
04:20:49 fight: target confirmed dead - looking for next target
04:20:50 fight: highlight found - centered click (1131,905)
04:20:52 fight: combat started - waiting for kill
04:20:59 fight: target confirmed dead - looking for next target
04:20:59 fight: highlight found - centered click (826,543)
04:21:02 fight: combat started - waiting for kill
04:21:06 fight: target confirmed dead - looking for next target
04:21:06 fight: highlight found - centered click (1075,813)
04:21:09 fight: combat started - waiting for kill
04:21:13 fight: target confirmed dead - looking for next target
04:21:13 fight: highlight found - centered click (986,742)
04:21:16 fight: combat started - waiting for kill
04:21:23 fight: target confirmed dead - looking for next target
04:21:23 fight: highlight found - centered click (1081,634)
04:21:25 fight: combat started - waiting for kill
04:21:32 fight: target confirmed dead - looking for next target
04:21:33 fight: highlight found - centered click (940,815)
04:21:35 fight: combat started - waiting for kill
04:21:42 fight: target confirmed dead - looking for next target
04:21:42 fight: highlight found - centered click (1112,687)
04:21:44 fight: combat started - waiting for kill
04:21:49 fight: target confirmed dead - looking for next target
04:21:50 fight: highlight found - centered click (1076,771)
04:21:52 fight: combat started - waiting for kill
04:21:59 fight: target confirmed dead - looking for next target
04:21:59 fight: highlight found - centered click (934,660)
04:22:01 fight: combat started - waiting for kill
04:22:04 fight: target confirmed dead - looking for next target
04:22:04 fight: highlight found - centered click (894,775)
04:22:07 fight: combat started - waiting for kill
04:22:18 fight: target confirmed dead - looking for next target
04:22:18 fight: highlight found - centered click (1014,860)
04:22:21 fight: combat started - waiting for kill
04:22:23 fight: target confirmed dead - looking for next target
04:22:24 fight: highlight found - centered click (1115,603)
04:22:26 fight: combat started - waiting for kill
04:22:33 fight: target confirmed dead - looking for next target
04:22:33 fight: highlight found - centered click (1019,763)
04:22:35 fight: combat started - waiting for kill
04:22:42 fight: target confirmed dead - looking for next target
04:22:43 fight: highlight found - centered click (1153,688)
04:22:45 fight: combat started - waiting for kill
04:22:52 fight: target confirmed dead - looking for next target
04:22:53 fight: highlight found - centered click (793,909)
04:22:55 fight: combat started - waiting for kill
04:22:59 fight: target confirmed dead - looking for next target
04:23:00 fight: highlight found - centered click (914,643)
04:23:02 fight: combat started - waiting for kill
04:23:19 fight: target confirmed dead - looking for next target
04:23:19 fight: highlight found - centered click (977,738)
04:23:22 fight: combat started - waiting for kill
04:23:28 fight: target confirmed dead - looking for next target
04:23:29 fight: highlight found - centered click (942,689)
04:23:31 fight: combat started - waiting for kill
04:23:38 fight: target confirmed dead - looking for next target
04:23:38 fight: highlight found - centered click (935,861)
04:23:41 fight: combat started - waiting for kill
04:23:50 fight: target confirmed dead - looking for next target
04:23:50 fight: highlight found - centered click (947,545)
04:23:53 fight: combat started - waiting for kill
04:23:59 fight: target confirmed dead - looking for next target
04:24:00 fight: highlight found - centered click (986,742)
04:24:02 fight: combat started - waiting for kill
04:24:04 fight: target confirmed dead - looking for next target
04:24:05 fight: highlight found - centered click (854,692)
04:24:07 fight: combat started - waiting for kill
04:24:12 fight: target confirmed dead - looking for next target
04:24:12 fight: highlight found - centered click (1063,611)
04:24:14 fight: combat started - waiting for kill
04:24:29 fight: target confirmed dead - looking for next target
04:24:29 fight: highlight found - centered click (825,723)
04:24:32 fight: combat started - waiting for kill
04:24:41 fight: target confirmed dead - looking for next target
04:24:41 fight: highlight found - centered click (1067,848)
04:24:43 fight: combat started - waiting for kill
04:24:53 fight: target confirmed dead - looking for next target
04:24:53 fight: highlight found - centered click (897,732)
04:24:55 fight: combat started - waiting for kill
04:25:00 fight: target confirmed dead - looking for next target
04:25:00 fight: highlight found - centered click (893,815)
04:25:02 fight: combat started - waiting for kill
04:25:10 fight: target confirmed dead - looking for next target
04:25:10 fight: highlight found - centered click (1071,687)
04:25:12 fight: combat started - waiting for kill
04:25:14 fight: target confirmed dead - looking for next target
04:25:15 fight: highlight found - centered click (1135,609)
04:25:17 fight: combat started - waiting for kill
04:25:19 fight: target confirmed dead - looking for next target
04:25:19 fight: highlight found - centered click (872,550)
04:25:22 fight: combat started - waiting for kill
04:25:25 fight: target confirmed dead - looking for next target
04:25:25 fight: highlight found - centered click (943,729)
04:25:27 fight: combat started - waiting for kill
04:25:41 fight: target confirmed dead - looking for next target
04:25:42 fight: highlight found - centered click (1062,574)
04:25:44 fight: combat started - waiting for kill
04:25:49 fight: target confirmed dead - looking for next target
04:25:49 fight: highlight found - centered click (1104,785)
04:25:52 fight: combat started - waiting for kill
04:25:54 fight: target confirmed dead - looking for next target
04:25:54 fight: highlight found - centered click (819,619)
04:25:57 fight: combat started - waiting for kill
04:26:01 fight: target confirmed dead - looking for next target
04:26:02 fight: highlight found - centered click (1164,779)
04:26:04 fight: combat started - waiting for kill
04:26:08 fight: target confirmed dead - looking for next target
04:26:09 fight: highlight found - centered click (1115,846)
04:26:11 fight: combat started - waiting for kill
04:26:18 fight: target confirmed dead - looking for next target
04:26:18 fight: highlight found - centered click (1026,612)
04:26:20 fight: combat started - waiting for kill
04:26:25 fight: target confirmed dead - looking for next target
04:26:26 fight: highlight found - centered click (1039,812)
04:26:28 fight: combat started - waiting for kill
04:26:32 fight: target confirmed dead - looking for next target
04:26:33 fight: highlight found - centered click (1055,837)
04:26:36 fight: combat never started after click - retrying
04:26:36 fight: highlight found - centered click (985,815)
04:26:38 fight: combat started - waiting for kill
04:26:47 fight: target confirmed dead - looking for next target
04:26:48 fight: highlight found - centered click (1108,655)
04:26:50 fight: combat started - waiting for kill
04:27:02 fight: target confirmed dead - looking for next target
04:27:02 fight: highlight found - centered click (858,693)
04:27:05 fight: combat started - waiting for kill
04:27:09 fight: target confirmed dead - looking for next target
04:27:09 fight: highlight found - centered click (1101,754)
04:27:11 fight: combat started - waiting for kill
04:27:16 fight: target confirmed dead - looking for next target
04:27:17 fight: highlight found - centered click (860,617)
04:27:19 fight: combat started - waiting for kill
04:27:26 fight: target confirmed dead - looking for next target
04:27:26 fight: highlight found - centered click (1103,544)
04:27:29 fight: combat started - waiting for kill
04:27:33 fight: target confirmed dead - looking for next target
04:27:33 fight: highlight found - centered click (1075,766)
04:27:36 fight: combat started - waiting for kill
04:27:41 fight: target confirmed dead - looking for next target
04:27:41 fight: highlight found - centered click (1090,710)
04:27:44 fight: combat never started after click - retrying
04:27:45 fight: highlight found - centered click (1066,617)
04:27:47 fight: combat started - waiting for kill
04:27:59 fight: target confirmed dead - looking for next target
04:27:59 fight: highlight found - centered click (1156,729)
04:28:02 fight: combat started - waiting for kill
04:28:08 fight: target confirmed dead - looking for next target
04:28:09 fight: highlight found - centered click (1033,791)
04:28:11 fight: combat started - waiting for kill
04:28:13 fight: target confirmed dead - looking for next target
04:28:14 fight: highlight found - centered click (1057,651)
04:28:16 fight: combat started - waiting for kill
04:28:23 fight: target confirmed dead - looking for next target
04:28:23 fight: highlight found - centered click (1112,842)
04:28:26 fight: combat started - waiting for kill
04:28:30 fight: target confirmed dead - looking for next target
04:28:30 fight: highlight found - centered click (952,628)
04:28:32 fight: combat started - waiting for kill
04:28:37 fight: target confirmed dead - looking for next target
04:28:38 fight: highlight found - centered click (1064,617)
04:28:40 fight: combat started - waiting for kill
04:28:44 fight: target confirmed dead - looking for next target
04:28:45 fight: highlight found - centered click (993,654)
04:28:47 fight: combat started - waiting for kill
04:28:49 fight: target confirmed dead - looking for next target
04:28:50 fight: highlight found - centered click (863,583)
04:28:52 fight: combat started - waiting for kill
04:28:59 fight: target confirmed dead - looking for next target
04:28:59 fight: highlight found - centered click (909,551)
04:29:02 fight: combat started - waiting for kill
04:29:11 fight: target confirmed dead - looking for next target
04:29:11 fight: highlight found - centered click (911,701)
04:29:14 fight: combat never started after click - retrying
04:29:15 fight: highlight found - centered click (940,768)
04:29:17 fight: combat started - waiting for kill
04:29:26 fight: target confirmed dead - looking for next target
04:29:27 fight: highlight found - centered click (1042,593)
04:29:29 fight: combat started - waiting for kill
04:29:38 fight: target confirmed dead - looking for next target
04:29:39 fight: highlight found - centered click (917,797)
04:29:41 fight: combat started - waiting for kill
04:29:46 fight: target confirmed dead - looking for next target
04:29:46 fight: highlight found - centered click (967,833)
04:29:49 fight: combat never started after click - retrying
04:29:49 fight: highlight found - centered click (1048,735)
04:29:53 fight: combat never started after click - retrying
04:29:53 fight: highlight found - centered click (954,677)
04:29:55 fight: combat started - waiting for kill
04:29:59 fight: target confirmed dead - looking for next target
04:30:00 fight: highlight found - centered click (943,690)
04:30:02 fight: combat started - waiting for kill
04:30:07 fight: target confirmed dead - looking for next target
04:30:07 fight: highlight found - centered click (1225,617)
04:30:10 fight: combat started - waiting for kill
04:30:14 fight: target confirmed dead - looking for next target
04:30:14 fight: highlight found - centered click (1153,719)
04:30:16 fight: combat started - waiting for kill
04:30:19 fight: target confirmed dead - looking for next target
04:30:19 fight: highlight found - centered click (1143,618)
04:30:22 fight: combat started - waiting for kill
04:30:26 fight: target confirmed dead - looking for next target
04:30:26 fight: highlight found - centered click (937,858)
04:30:29 fight: combat started - waiting for kill
04:30:38 fight: target confirmed dead - looking for next target
04:30:38 fight: highlight found - centered click (1103,576)
04:30:41 fight: combat started - waiting for kill
04:30:47 fight: target confirmed dead - looking for next target
04:30:48 fight: highlight found - centered click (909,517)
04:30:50 fight: combat started - waiting for kill
04:30:59 fight: target confirmed dead - looking for next target
04:31:00 fight: highlight found - centered click (1035,769)
04:31:02 fight: combat started - waiting for kill
04:31:04 fight: target confirmed dead - looking for next target
04:31:05 fight: highlight found - centered click (1043,631)
04:31:07 fight: combat started - waiting for kill
04:31:11 fight: target confirmed dead - looking for next target
04:31:12 fight: highlight found - centered click (901,771)
04:31:14 fight: combat started - waiting for kill
04:31:19 fight: target confirmed dead - looking for next target
04:31:19 fight: highlight found - centered click (1103,576)
04:31:22 fight: combat started - waiting for kill
04:31:23 fight: target confirmed dead - looking for next target
04:31:24 fight: highlight found - centered click (906,551)
04:31:26 fight: combat started - waiting for kill
04:31:31 fight: target confirmed dead - looking for next target
04:31:31 fight: highlight found - centered click (817,693)
04:31:34 fight: combat started - waiting for kill
04:31:40 fight: target confirmed dead - looking for next target
04:31:41 fight: highlight found - centered click (1028,745)
04:31:43 fight: combat started - waiting for kill
04:31:52 fight: target confirmed dead - looking for next target
04:31:53 fight: highlight found - centered click (1065,610)
04:31:55 fight: combat started - waiting for kill
04:32:02 fight: target confirmed dead - looking for next target
04:32:02 fight: highlight found - centered click (860,648)
04:32:05 fight: combat started - waiting for kill
04:32:14 fight: target confirmed dead - looking for next target
04:32:14 fight: highlight found - centered click (986,813)
04:32:17 fight: combat started - waiting for kill
04:32:23 fight: target confirmed dead - looking for next target
04:32:24 fight: highlight found - centered click (1073,727)
04:32:26 fight: combat started - waiting for kill
04:32:38 fight: target confirmed dead - looking for next target
04:32:38 fight: highlight found - centered click (972,756)
04:32:40 fight: combat started - waiting for kill
04:32:43 fight: target confirmed dead - looking for next target
04:32:43 fight: highlight found - centered click (942,614)
04:32:45 fight: combat started - waiting for kill
04:32:55 fight: target confirmed dead - looking for next target
04:32:55 fight: highlight found - centered click (856,653)
04:32:58 fight: combat started - waiting for kill
04:33:04 fight: target confirmed dead - looking for next target
04:33:05 fight: highlight found - centered click (857,687)
04:33:07 fight: combat started - waiting for kill
04:33:09 fight: target confirmed dead - looking for next target
04:33:09 fight: highlight found - centered click (1073,727)
04:33:11 fight: combat started - waiting for kill
04:33:16 fight: target confirmed dead - looking for next target
04:33:17 fight: highlight found - centered click (1127,803)
04:33:19 fight: combat started - waiting for kill
04:33:22 fight: target confirmed dead - looking for next target
04:33:22 fight: highlight found - centered click (1150,688)
04:33:25 fight: combat never started after click - retrying
04:33:26 fight: highlight found - centered click (1056,724)
04:33:28 fight: combat started - waiting for kill
04:33:32 fight: target confirmed dead - looking for next target
04:33:32 fight: highlight found - centered click (900,617)
04:33:34 fight: combat started - waiting for kill
04:33:37 fight: target confirmed dead - looking for next target
04:33:37 fight: highlight found - centered click (1115,689)
04:33:39 fight: combat started - waiting for kill
04:33:44 fight: target confirmed dead - looking for next target
04:33:44 fight: highlight found - centered click (1075,609)
04:33:46 fight: combat started - waiting for kill
04:33:49 fight: target confirmed dead - looking for next target
04:33:49 fight: highlight found - centered click (893,773)
04:33:52 fight: combat started - waiting for kill
04:33:58 fight: target confirmed dead - looking for next target
04:33:59 fight: highlight found - centered click (1119,750)
04:34:01 fight: combat started - waiting for kill
04:34:05 fight: target confirmed dead - looking for next target
04:34:06 fight: highlight found - centered click (1040,724)
04:34:08 fight: combat started - waiting for kill
04:34:15 fight: target confirmed dead - looking for next target
04:34:15 fight: highlight found - centered click (902,582)
04:34:17 fight: combat started - waiting for kill
04:34:22 fight: target confirmed dead - looking for next target
04:34:23 fight: highlight found - centered click (999,798)
04:34:25 fight: combat started - waiting for kill
04:34:27 fight: target confirmed dead - looking for next target
04:34:27 fight: highlight found - centered click (1095,554)
04:34:29 fight: combat started - waiting for kill
04:34:32 fight: target confirmed dead - looking for next target
04:34:32 fight: highlight found - centered click (945,769)
04:34:34 fight: combat started - waiting for kill
04:34:37 fight: target confirmed dead - looking for next target
04:34:37 fight: highlight found - centered click (1183,583)
04:34:40 fight: combat started - waiting for kill
04:34:44 fight: target confirmed dead - looking for next target
04:34:44 fight: highlight found - centered click (1190,686)
04:34:47 fight: combat started - waiting for kill
04:34:51 fight: target confirmed dead - looking for next target
04:34:51 fight: highlight found - centered click (1117,605)
04:34:55 fight: combat never started after click - retrying
04:34:55 fight: highlight found - centered click (1145,585)
04:34:58 fight: combat started - waiting for kill
04:35:02 fight: target confirmed dead - looking for next target
04:35:02 fight: highlight found - centered click (1025,617)
04:35:04 fight: combat started - waiting for kill
04:35:09 fight: target confirmed dead - looking for next target
04:35:09 fight: highlight found - centered click (1075,766)
04:35:11 fight: combat started - waiting for kill
04:35:19 fight: target confirmed dead - looking for next target
04:35:19 fight: highlight found - centered click (974,642)
04:35:21 fight: combat started - waiting for kill
04:35:28 fight: target confirmed dead - looking for next target
04:35:29 fight: highlight found - centered click (1079,810)
04:35:31 fight: combat started - waiting for kill
04:35:38 fight: target confirmed dead - looking for next target
04:35:38 fight: highlight found - centered click (899,655)
04:35:40 fight: combat started - waiting for kill
04:35:47 fight: target confirmed dead - looking for next target
04:35:48 fight: highlight found - centered click (1068,651)
04:35:50 fight: combat started - waiting for kill
04:35:57 fight: target confirmed dead - looking for next target
04:35:57 fight: highlight found - centered click (987,613)
04:36:00 fight: combat started - waiting for kill
04:36:07 fight: target confirmed dead - looking for next target
04:36:07 fight: highlight found - centered click (1112,684)
04:36:09 fight: combat started - waiting for kill
04:36:16 fight: target confirmed dead - looking for next target
04:36:17 fight: highlight found - centered click (928,565)
04:36:19 fight: combat started - waiting for kill
04:36:23 fight: target confirmed dead - looking for next target
04:36:24 fight: highlight found - centered click (1068,651)
04:36:26 fight: combat started - waiting for kill
04:36:33 fight: target confirmed dead - looking for next target
04:36:33 fight: highlight found - centered click (1147,651)
04:36:37 fight: combat never started after click - retrying
04:36:37 fight: highlight found - centered click (960,674)
04:36:39 fight: combat started - waiting for kill
04:36:46 fight: target confirmed dead - looking for next target
04:36:46 fight: highlight found - centered click (1019,648)
04:36:49 fight: combat started - waiting for kill
04:36:55 fight: target confirmed dead - looking for next target
04:36:56 fight: highlight found - centered click (936,692)
04:36:58 fight: combat started - waiting for kill
04:37:05 fight: target confirmed dead - looking for next target
04:37:05 fight: highlight found - centered click (1093,797)
04:37:07 fight: combat started - waiting for kill
04:37:17 fight: target confirmed dead - looking for next target
04:37:17 fight: highlight found - centered click (941,813)
04:37:19 fight: combat started - waiting for kill
04:37:22 fight: target confirmed dead - looking for next target
04:37:22 fight: highlight found - centered click (948,434)
04:37:25 fight: combat started - waiting for kill
04:37:27 fight: target confirmed dead - looking for next target
04:37:27 fight: highlight found - centered click (1029,688)
04:37:29 fight: combat started - waiting for kill
04:37:37 fight: target confirmed dead - looking for next target
04:37:37 fight: highlight found - centered click (851,729)
04:37:40 fight: combat started - waiting for kill
04:37:51 fight: target confirmed dead - looking for next target
04:37:52 fight: highlight found - centered click (937,859)
04:37:54 fight: combat started - waiting for kill
04:38:03 fight: target confirmed dead - looking for next target
04:38:04 fight: highlight found - centered click (1119,766)
04:38:05 fight: combat started - waiting for kill
04:38:15 fight: target confirmed dead - looking for next target
04:38:15 fight: highlight found - centered click (912,835)
04:38:18 fight: combat started - waiting for kill
04:38:27 fight: target confirmed dead - looking for next target
04:38:28 fight: highlight found - centered click (852,731)
04:38:30 fight: combat started - waiting for kill
04:38:32 fight: target confirmed dead - looking for next target
04:38:32 fight: highlight found - centered click (899,656)
04:38:35 fight: combat never started after click - retrying
04:38:36 fight: highlight found - centered click (879,812)
04:38:38 fight: combat started - waiting for kill
04:38:45 fight: target confirmed dead - looking for next target
04:38:45 fight: highlight found - centered click (1106,809)
04:38:47 fight: combat started - waiting for kill
04:38:50 fight: target confirmed dead - looking for next target
04:38:50 fight: highlight found - centered click (926,652)
04:38:52 fight: combat started - waiting for kill
04:39:02 fight: target confirmed dead - looking for next target
04:39:02 fight: highlight found - centered click (997,718)
04:39:04 fight: combat started - waiting for kill
04:39:11 fight: target confirmed dead - looking for next target
04:39:12 fight: highlight found - centered click (897,617)
04:39:14 fight: combat started - waiting for kill
04:39:19 fight: target confirmed dead - looking for next target
04:39:19 fight: highlight found - centered click (943,727)
04:39:21 fight: combat started - waiting for kill
04:39:28 fight: target confirmed dead - looking for next target
04:39:29 fight: highlight found - centered click (887,909)
04:39:31 fight: combat started - waiting for kill
04:39:38 fight: target confirmed dead - looking for next target
04:39:38 fight: highlight found - centered click (1079,809)
04:39:40 fight: combat started - waiting for kill
04:39:47 fight: target confirmed dead - looking for next target
04:39:48 fight: highlight found - centered click (932,686)
04:39:50 fight: combat started - waiting for kill
04:39:59 fight: target confirmed dead - looking for next target
04:40:00 fight: highlight found - centered click (940,770)
04:40:02 fight: combat started - waiting for kill
04:40:09 fight: target confirmed dead - looking for next target
04:40:09 fight: highlight found - centered click (1068,648)
04:40:12 fight: combat started - waiting for kill
04:40:16 fight: target confirmed dead - looking for next target
04:40:17 fight: highlight found - centered click (989,852)
04:40:19 fight: combat started - waiting for kill
04:40:24 fight: target confirmed dead - looking for next target
04:40:24 fight: highlight found - centered click (1164,767)
04:40:26 fight: combat started - waiting for kill
04:40:31 fight: target confirmed dead - looking for next target
04:40:31 fight: highlight found - centered click (1034,706)
04:40:33 fight: combat started - waiting for kill
04:40:43 fight: target confirmed dead - looking for next target
04:40:43 fight: highlight found - centered click (942,617)
04:40:45 fight: combat started - waiting for kill
04:40:50 fight: target confirmed dead - looking for next target
04:40:50 fight: highlight found - centered click (974,813)
04:40:52 fight: combat started - waiting for kill
04:40:57 fight: target confirmed dead - looking for next target
04:40:58 fight: highlight found - centered click (894,785)
04:41:00 fight: combat started - waiting for kill
04:41:07 fight: target confirmed dead - looking for next target
04:41:07 fight: highlight found - centered click (849,811)
04:41:10 fight: combat started - waiting for kill
04:41:23 fight: target confirmed dead - looking for next target
04:41:24 fight: highlight found - centered click (900,617)
04:41:26 fight: combat started - waiting for kill
04:41:31 fight: target confirmed dead - looking for next target
04:41:31 fight: highlight found - centered click (986,856)
04:41:34 fight: combat started - waiting for kill
04:41:40 fight: target confirmed dead - looking for next target
04:41:41 fight: highlight found - centered click (897,727)
04:41:43 fight: combat started - waiting for kill
04:41:45 fight: target confirmed dead - looking for next target
04:41:45 fight: highlight found - centered click (1065,683)
04:41:47 fight: combat started - waiting for kill
04:41:52 fight: target confirmed dead - looking for next target
04:41:53 fight: highlight found - centered click (940,546)
04:41:55 fight: combat started - waiting for kill
04:41:57 fight: target confirmed dead - looking for next target
04:41:57 fight: highlight found - centered click (811,687)
04:41:59 fight: combat started - waiting for kill
04:42:07 fight: target confirmed dead - looking for next target
04:42:07 fight: highlight found - centered click (1071,568)
04:42:10 fight: combat started - waiting for kill
04:42:14 fight: target confirmed dead - looking for next target
04:42:14 fight: highlight found - centered click (986,856)
04:42:17 fight: combat started - waiting for kill
04:42:19 fight: target confirmed dead - looking for next target
04:42:19 fight: highlight found - centered click (882,522)
04:42:22 fight: combat started - waiting for kill
04:42:31 fight: target confirmed dead - looking for next target
04:42:31 fight: highlight found - centered click (989,770)
04:42:33 fight: combat started - waiting for kill
04:42:40 fight: target confirmed dead - looking for next target
04:42:41 fight: highlight found - centered click (1048,648)
04:42:43 fight: combat started - waiting for kill
04:42:48 fight: target confirmed dead - looking for next target
04:42:48 fight: highlight found - centered click (1072,617)
04:42:50 fight: combat started - waiting for kill
04:42:55 fight: target confirmed dead - looking for next target
04:42:55 fight: highlight found - centered click (1103,573)
04:42:58 fight: combat started - waiting for kill
04:43:02 fight: target confirmed dead - looking for next target
04:43:02 fight: highlight found - centered click (857,731)
04:43:04 fight: combat started - waiting for kill
04:43:09 fight: target confirmed dead - looking for next target
04:43:10 fight: highlight found - centered click (1132,852)
04:43:11 fight: combat started - waiting for kill
04:43:16 fight: target confirmed dead - looking for next target
04:43:17 fight: highlight found - centered click (1043,749)
04:43:19 fight: combat started - waiting for kill
04:43:31 fight: target confirmed dead - looking for next target
04:43:31 fight: highlight found - centered click (1075,767)
04:43:33 fight: combat started - waiting for kill
04:43:40 fight: target confirmed dead - looking for next target
04:43:41 fight: highlight found - centered click (1125,809)
04:43:43 fight: combat started - waiting for kill
04:43:47 fight: target confirmed dead - looking for next target
04:43:48 fight: highlight found - centered click (1104,579)
04:43:50 fight: combat started - waiting for kill
04:43:55 fight: target confirmed dead - looking for next target
04:43:55 fight: highlight found - centered click (908,656)
04:43:58 fight: combat started - waiting for kill
04:44:07 fight: target confirmed dead - looking for next target
04:44:07 fight: highlight found - centered click (970,839)
04:44:09 fight: combat started - waiting for kill
04:44:14 fight: target confirmed dead - looking for next target
04:44:14 fight: highlight found - centered click (896,731)
04:44:17 fight: combat started - waiting for kill
04:44:21 fight: target confirmed dead - looking for next target
04:44:22 fight: highlight found - centered click (1027,575)
04:44:24 fight: combat started - waiting for kill
04:44:33 fight: target confirmed dead - looking for next target
04:44:34 fight: highlight found - centered click (937,861)
04:44:36 fight: combat started - waiting for kill
04:44:43 fight: target confirmed dead - looking for next target
04:44:43 fight: highlight found - centered click (918,670)
04:44:45 fight: combat started - waiting for kill
04:44:50 fight: target confirmed dead - looking for next target
04:44:50 fight: highlight found - centered click (888,730)
04:44:52 fight: combat started - waiting for kill
04:45:02 fight: target confirmed dead - looking for next target
04:45:02 fight: highlight found - centered click (1011,771)
04:45:04 fight: combat started - waiting for kill
04:45:09 fight: target confirmed dead - looking for next target
04:45:10 fight: highlight found - centered click (1073,724)
04:45:12 fight: combat started - waiting for kill
04:45:14 fight: target confirmed dead - looking for next target
04:45:14 fight: highlight found - centered click (940,651)
04:45:16 fight: combat started - waiting for kill
04:45:26 fight: target confirmed dead - looking for next target
04:45:26 fight: highlight found - centered click (940,786)
04:45:29 fight: combat started - waiting for kill
04:45:33 fight: target confirmed dead - looking for next target
04:45:34 fight: highlight found - centered click (1068,648)
04:45:35 fight: combat started - waiting for kill
04:45:43 fight: target confirmed dead - looking for next target
04:45:43 fight: highlight found - centered click (1075,737)
04:45:46 fight: combat started - waiting for kill
04:45:55 fight: target confirmed dead - looking for next target
04:45:55 fight: highlight found - centered click (1035,656)
04:45:58 fight: combat started - waiting for kill
04:46:07 fight: target confirmed dead - looking for next target
04:46:07 fight: highlight found - centered click (897,728)
04:46:09 fight: combat started - waiting for kill
04:46:16 fight: target confirmed dead - looking for next target
04:46:17 fight: highlight found - centered click (942,577)
04:46:19 fight: combat started - waiting for kill
04:46:23 fight: target confirmed dead - looking for next target
04:46:24 fight: highlight found - centered click (941,617)
04:46:26 fight: combat started - waiting for kill
04:46:33 fight: target confirmed dead - looking for next target
04:46:33 fight: highlight found - centered click (1073,727)
04:46:36 fight: combat started - waiting for kill
04:46:43 fight: target confirmed dead - looking for next target
04:46:43 fight: highlight found - centered click (1069,678)
04:46:45 fight: combat started - waiting for kill
04:46:55 fight: target confirmed dead - looking for next target
04:46:55 fight: highlight found - centered click (859,653)
04:46:58 fight: combat started - waiting for kill
04:47:04 fight: target confirmed dead - looking for next target
04:47:05 fight: highlight found - centered click (986,768)
04:47:07 fight: combat started - waiting for kill
04:47:19 fight: target confirmed dead - looking for next target
04:47:19 fight: highlight found - centered click (857,655)
04:47:22 fight: combat started - waiting for kill
04:47:33 fight: target confirmed dead - looking for next target
04:47:33 fight: highlight found - centered click (1093,841)
04:47:36 fight: combat started - waiting for kill
04:47:43 fight: target confirmed dead - looking for next target
04:47:43 fight: highlight found - centered click (919,709)
04:47:46 fight: combat started - waiting for kill
04:47:57 fight: target confirmed dead - looking for next target
04:47:57 fight: highlight found - centered click (1078,765)
04:48:00 fight: combat started - waiting for kill
04:48:02 fight: target confirmed dead - looking for next target
04:48:02 fight: highlight found - centered click (955,622)
04:48:04 fight: combat started - waiting for kill
04:48:09 fight: target confirmed dead - looking for next target
04:48:10 fight: highlight found - centered click (1073,622)
04:48:12 fight: combat started - waiting for kill
04:48:19 fight: target confirmed dead - looking for next target
04:48:19 fight: highlight found - centered click (1033,905)
04:48:22 fight: combat started - waiting for kill
04:48:26 fight: target confirmed dead - looking for next target
04:48:26 fight: highlight found - centered click (942,730)
04:48:28 fight: combat started - waiting for kill
04:48:31 fight: target confirmed dead - looking for next target
04:48:31 fight: highlight found - centered click (933,737)
04:48:34 fight: combat never started after click - retrying
04:48:35 fight: highlight found - centered click (1115,692)
04:48:37 fight: combat started - waiting for kill
04:48:46 fight: target confirmed dead - looking for next target
04:48:46 fight: highlight found - centered click (992,645)
04:48:49 fight: combat started - waiting for kill
04:48:55 fight: target confirmed dead - looking for next target
04:48:56 fight: highlight found - centered click (1067,730)
04:48:58 fight: combat started - waiting for kill
04:49:00 fight: target confirmed dead - looking for next target
04:49:01 fight: highlight found - centered click (940,811)
04:49:03 fight: combat started - waiting for kill
04:49:07 fight: target confirmed dead - looking for next target
04:49:08 fight: highlight found - centered click (1201,878)
04:49:10 fight: combat started - waiting for kill
04:49:17 fight: target confirmed dead - looking for next target
04:49:17 fight: highlight found - centered click (986,856)
04:49:20 fight: combat started - waiting for kill
04:49:27 fight: target confirmed dead - looking for next target
04:49:27 fight: highlight found - centered click (942,730)
04:49:29 fight: combat started - waiting for kill
04:49:34 fight: target confirmed dead - looking for next target
04:49:34 fight: highlight found - centered click (1070,689)
04:49:36 fight: combat started - waiting for kill
04:49:46 fight: target confirmed dead - looking for next target
04:49:46 fight: highlight found - centered click (936,730)
04:49:48 fight: combat started - waiting for kill
04:49:53 fight: target confirmed dead - looking for next target
04:49:53 fight: highlight found - centered click (1034,585)
04:49:56 fight: combat started - waiting for kill
04:50:00 fight: target confirmed dead - looking for next target
04:50:00 fight: highlight found - centered click (1008,883)
04:50:03 fight: combat started - waiting for kill
04:50:07 fight: target confirmed dead - looking for next target
04:50:08 fight: highlight found - centered click (937,860)
04:50:10 fight: combat started - waiting for kill
04:50:15 fight: target confirmed dead - looking for next target
04:50:15 fight: highlight found - centered click (1069,651)
04:50:17 fight: combat started - waiting for kill
04:50:22 fight: target confirmed dead - looking for next target
04:50:22 fight: highlight found - centered click (1093,713)
04:50:25 fight: combat started - waiting for kill
04:50:37 fight: target confirmed dead - looking for next target
04:50:37 fight: highlight found - centered click (984,642)
04:50:39 fight: combat started - waiting for kill
04:50:42 fight: target confirmed dead - looking for next target
04:50:42 fight: highlight found - centered click (928,771)
04:50:44 fight: combat started - waiting for kill
04:50:58 fight: target confirmed dead - looking for next target
04:50:59 fight: highlight found - centered click (889,955)
04:51:01 fight: combat started - waiting for kill
04:51:08 fight: target confirmed dead - looking for next target
04:51:08 fight: highlight found - centered click (1070,689)
04:51:11 fight: combat started - waiting for kill
04:51:20 fight: target confirmed dead - looking for next target
04:51:20 fight: highlight found - centered click (941,813)
04:51:22 fight: combat started - waiting for kill
04:51:27 fight: target confirmed dead - looking for next target
04:51:28 fight: highlight found - centered click (946,505)
04:51:30 fight: combat started - waiting for kill
04:51:37 fight: target confirmed dead - looking for next target
04:51:37 fight: highlight found - centered click (856,652)
04:51:40 fight: combat started - waiting for kill
04:51:44 fight: target confirmed dead - looking for next target
04:51:44 fight: highlight found - centered click (986,856)
04:51:47 fight: combat started - waiting for kill
04:51:58 fight: target confirmed dead - looking for next target
04:51:59 fight: highlight found - centered click (1070,689)
04:52:01 fight: combat started - waiting for kill
04:52:08 fight: target confirmed dead - looking for next target
04:52:08 fight: highlight found - centered click (858,551)
04:52:11 fight: combat started - waiting for kill
04:52:20 fight: target confirmed dead - looking for next target
04:52:20 fight: highlight found - centered click (1155,688)
04:52:23 fight: combat started - waiting for kill
04:52:30 fight: target confirmed dead - looking for next target
04:52:30 fight: highlight found - centered click (905,738)
04:52:32 fight: combat started - waiting for kill
04:52:39 fight: target confirmed dead - looking for next target
04:52:40 fight: highlight found - centered click (1069,687)
04:52:42 fight: combat started - waiting for kill
04:52:46 fight: target confirmed dead - looking for next target
04:52:47 fight: highlight found - centered click (1024,534)
04:52:49 fight: combat started - waiting for kill
04:52:51 fight: target confirmed dead - looking for next target
04:52:52 fight: highlight found - centered click (897,727)
04:52:54 fight: combat started - waiting for kill
04:52:58 fight: target confirmed dead - looking for next target
04:52:59 fight: highlight found - centered click (805,815)
04:53:01 fight: combat started - waiting for kill
04:53:08 fight: target confirmed dead - looking for next target
04:53:08 fight: highlight found - centered click (1027,651)
04:53:10 fight: combat started - waiting for kill
04:53:13 fight: target confirmed dead - looking for next target
04:53:13 fight: highlight found - centered click (986,857)
04:53:16 fight: combat started - waiting for kill
04:53:20 fight: target confirmed dead - looking for next target
04:53:20 fight: highlight found - centered click (942,730)
04:53:22 fight: combat started - waiting for kill
04:53:30 fight: target confirmed dead - looking for next target
04:53:30 fight: highlight found - centered click (1073,622)
04:53:32 fight: combat started - waiting for kill
04:53:39 fight: target confirmed dead - looking for next target
04:53:40 fight: highlight found - centered click (943,651)
04:53:42 fight: combat started - waiting for kill
04:53:44 fight: target confirmed dead - looking for next target
04:53:44 fight: highlight found - centered click (1115,726)
04:53:46 fight: combat started - waiting for kill
04:53:54 fight: target confirmed dead - looking for next target
04:53:54 fight: highlight found - centered click (987,645)
04:53:56 fight: combat started - waiting for kill
04:54:01 fight: target confirmed dead - looking for next target
04:54:01 fight: highlight found - centered click (1147,739)
04:54:04 fight: combat started - waiting for kill
04:54:10 fight: target confirmed dead - looking for next target
04:54:11 fight: highlight found - centered click (1061,739)
04:54:13 fight: combat started - waiting for kill
04:54:20 fight: target confirmed dead - looking for next target
04:54:20 fight: highlight found - centered click (1082,855)
04:54:23 fight: combat started - waiting for kill
04:54:27 fight: target confirmed dead - looking for next target
04:54:28 fight: highlight found - centered click (1019,577)
04:54:30 fight: combat started - waiting for kill
04:54:34 fight: target confirmed dead - looking for next target
04:54:35 fight: highlight found - centered click (1178,851)
04:54:37 fight: combat started - waiting for kill
04:54:42 fight: target confirmed dead - looking for next target
04:54:42 fight: highlight found - centered click (902,544)
04:54:45 fight: combat started - waiting for kill
04:54:51 fight: target confirmed dead - looking for next target
04:54:52 fight: highlight found - centered click (1071,690)
04:54:54 fight: combat started - waiting for kill
04:55:01 fight: target confirmed dead - looking for next target
04:55:01 fight: highlight found - centered click (899,729)
04:55:03 fight: combat started - waiting for kill
04:55:08 fight: target confirmed dead - looking for next target
04:55:08 fight: highlight found - centered click (1110,774)
04:55:11 fight: combat started - waiting for kill
04:55:15 fight: target confirmed dead - looking for next target
04:55:16 fight: highlight found - centered click (993,643)
04:55:18 fight: combat started - waiting for kill
04:55:30 fight: target confirmed dead - looking for next target
04:55:30 fight: highlight found - centered click (942,730)
04:55:32 fight: combat started - waiting for kill
04:55:39 fight: target confirmed dead - looking for next target
04:55:40 fight: highlight found - centered click (1124,719)
04:55:42 fight: combat started - waiting for kill
04:55:46 fight: target confirmed dead - looking for next target
04:55:47 fight: highlight found - centered click (1217,809)
04:55:49 fight: combat started - waiting for kill
04:55:54 fight: target confirmed dead - looking for next target
04:55:54 fight: highlight found - centered click (846,816)
04:55:57 fight: combat started - waiting for kill
04:56:01 fight: target confirmed dead - looking for next target
04:56:01 fight: highlight found - centered click (1035,856)
04:56:03 fight: combat started - waiting for kill
04:56:08 fight: target confirmed dead - looking for next target
04:56:08 fight: highlight found - centered click (1069,687)
04:56:10 fight: combat started - waiting for kill
04:56:22 fight: target confirmed dead - looking for next target
04:56:23 fight: highlight found - centered click (1044,757)
04:56:25 fight: combat started - waiting for kill
04:56:30 fight: target confirmed dead - looking for next target
04:56:30 fight: highlight found - centered click (1065,683)
04:56:32 fight: combat started - waiting for kill
04:56:39 fight: target confirmed dead - looking for next target
04:56:40 fight: highlight found - centered click (943,648)
04:56:42 fight: combat started - waiting for kill
04:56:46 fight: target confirmed dead - looking for next target
04:56:47 fight: highlight found - centered click (851,607)
04:56:49 fight: combat started - waiting for kill
04:56:51 fight: target confirmed dead - looking for next target
04:56:52 fight: highlight found - centered click (1030,771)
04:56:54 fight: combat started - waiting for kill
04:57:01 fight: target confirmed dead - looking for next target
04:57:01 fight: highlight found - centered click (994,619)
04:57:03 fight: combat started - waiting for kill
04:57:10 fight: target confirmed dead - looking for next target
04:57:11 fight: highlight found - centered click (897,728)
04:57:13 fight: combat started - waiting for kill
04:57:18 fight: target confirmed dead - looking for next target
04:57:18 fight: highlight found - centered click (967,599)
04:57:21 fight: combat started - waiting for kill
04:57:25 fight: target confirmed dead - looking for next target
04:57:25 fight: highlight found - centered click (896,731)
04:57:27 fight: combat started - waiting for kill
04:57:32 fight: target confirmed dead - looking for next target
04:57:32 fight: highlight found - centered click (987,832)
04:57:35 fight: combat started - waiting for kill
04:57:39 fight: target confirmed dead - looking for next target
04:57:40 fight: highlight found - centered click (823,581)
04:57:42 fight: combat started - waiting for kill
04:57:46 fight: target confirmed dead - looking for next target
04:57:47 fight: highlight found - centered click (1052,625)
04:57:49 fight: combat started - waiting for kill
04:57:52 fight: target confirmed dead - looking for next target
04:57:52 fight: highlight found - centered click (1161,928)
04:57:55 fight: combat started - waiting for kill
04:58:01 fight: target confirmed dead - looking for next target
04:58:02 fight: highlight found - centered click (896,731)
04:58:04 fight: combat started - waiting for kill
04:58:09 fight: target confirmed dead - looking for next target
04:58:09 fight: highlight found - centered click (940,770)
04:58:11 fight: combat started - waiting for kill
04:58:21 fight: target confirmed dead - looking for next target
04:58:21 fight: highlight found - centered click (1072,762)
04:58:23 fight: combat started - waiting for kill
04:58:25 fight: target confirmed dead - looking for next target
04:58:26 fight: highlight found - centered click (1069,705)
04:58:28 fight: combat started - waiting for kill
04:58:40 fight: target confirmed dead - looking for next target
04:58:40 fight: highlight found - centered click (896,731)
04:58:43 fight: combat started - waiting for kill
04:58:49 fight: target confirmed dead - looking for next target
04:58:50 fight: highlight found - centered click (938,617)
04:58:52 fight: combat started - waiting for kill
04:59:01 fight: target confirmed dead - looking for next target
04:59:02 fight: highlight found - centered click (857,655)
04:59:04 fight: combat started - waiting for kill
04:59:11 fight: target confirmed dead - looking for next target
04:59:11 fight: highlight found - centered click (1070,689)
04:59:13 fight: combat started - waiting for kill
04:59:23 fight: target confirmed dead - looking for next target
04:59:23 fight: highlight found - centered click (925,714)
04:59:26 fight: combat started - waiting for kill
04:59:33 fight: target confirmed dead - looking for next target
04:59:33 fight: highlight found - centered click (983,813)
04:59:35 fight: combat started - waiting for kill
04:59:47 fight: target confirmed dead - looking for next target
04:59:47 fight: highlight found - centered click (1044,593)
04:59:50 fight: combat started - waiting for kill
04:59:54 fight: target confirmed dead - looking for next target
04:59:55 fight: highlight found - centered click (1070,689)
04:59:57 fight: combat started - waiting for kill
05:00:09 fight: target confirmed dead - looking for next target
05:00:09 fight: highlight found - centered click (985,651)
05:00:11 fight: combat started - waiting for kill
05:00:13 fight: target confirmed dead - looking for next target
05:00:14 fight: highlight found - centered click (1043,780)
05:00:16 fight: combat started - waiting for kill
05:00:18 fight: target confirmed dead - looking for next target
05:00:19 fight: highlight found - centered click (938,858)
05:00:21 fight: combat started - waiting for kill
05:00:28 fight: target confirmed dead - looking for next target
05:00:28 fight: highlight found - centered click (987,537)
05:00:30 fight: combat started - waiting for kill
05:00:37 fight: target confirmed dead - looking for next target
05:00:38 fight: highlight found - centered click (1200,873)
05:00:40 fight: combat started - waiting for kill
05:00:45 fight: target confirmed dead - looking for next target
05:00:45 fight: highlight found - centered click (1094,713)
05:00:48 fight: combat started - waiting for kill
05:00:52 fight: target confirmed dead - looking for next target
05:00:52 fight: highlight found - centered click (820,804)
05:00:54 fight: combat started - waiting for kill
05:01:04 fight: target confirmed dead - looking for next target
05:01:04 fight: highlight found - centered click (1103,504)
05:01:07 fight: combat started - waiting for kill
05:01:09 fight: target confirmed dead - looking for next target
05:01:10 fight: highlight found - centered click (860,692)
05:01:13 fight: combat never started after click - retrying
05:01:13 fight: highlight found - centered click (943,602)
05:01:15 fight: combat started - waiting for kill
05:01:22 fight: target confirmed dead - looking for next target
05:01:23 fight: highlight found - centered click (1070,689)
05:01:25 fight: combat started - waiting for kill
05:01:30 fight: target confirmed dead - looking for next target
05:01:30 fight: highlight found - centered click (1075,767)
05:01:32 fight: combat started - waiting for kill
05:01:39 fight: target confirmed dead - looking for next target
05:01:40 fight: highlight found - centered click (937,813)
05:01:42 fight: combat started - waiting for kill
05:01:49 fight: target confirmed dead - looking for next target
05:01:49 fight: highlight found - centered click (999,617)
05:01:51 fight: combat started - waiting for kill
05:01:56 fight: target confirmed dead - looking for next target
05:01:56 fight: highlight found - centered click (942,730)
05:01:58 fight: combat started - waiting for kill
05:02:06 fight: target confirmed dead - looking for next target
05:02:06 fight: highlight found - centered click (1070,689)
05:02:08 fight: combat started - waiting for kill
05:02:15 fight: target confirmed dead - looking for next target
05:02:16 fight: highlight found - centered click (976,657)
05:02:18 fight: combat started - waiting for kill
05:02:22 fight: target confirmed dead - looking for next target
05:02:23 fight: highlight found - centered click (1033,774)
05:02:25 fight: combat started - waiting for kill
05:02:32 fight: target confirmed dead - looking for next target
05:02:32 fight: highlight found - centered click (897,727)
05:02:34 fight: combat started - waiting for kill
05:02:39 fight: target confirmed dead - looking for next target
05:02:40 fight: highlight found - centered click (989,770)
05:02:42 fight: combat started - waiting for kill
05:02:54 fight: target confirmed dead - looking for next target
05:02:54 fight: highlight found - centered click (1118,742)
05:02:56 fight: combat started - waiting for kill
05:03:01 fight: target confirmed dead - looking for next target
05:03:01 fight: highlight found - centered click (857,649)
05:03:04 fight: combat started - waiting for kill
05:03:10 fight: target confirmed dead - looking for next target
05:03:11 fight: highlight found - centered click (896,731)
05:03:13 fight: combat started - waiting for kill
05:03:15 fight: target confirmed dead - looking for next target
05:03:16 fight: highlight found - centered click (986,768)
05:03:18 fight: combat started - waiting for kill
05:03:25 fight: target confirmed dead - looking for next target
05:03:25 fight: highlight found - centered click (900,611)
05:03:28 fight: combat started - waiting for kill
05:03:34 fight: target confirmed dead - looking for next target
05:03:35 fight: highlight found - centered click (960,768)
05:03:37 fight: combat started - waiting for kill
05:03:46 fight: target confirmed dead - looking for next target
05:03:47 fight: highlight found - centered click (1015,651)
05:03:49 fight: combat started - waiting for kill
05:03:51 fight: target confirmed dead - looking for next target
05:03:52 fight: highlight found - centered click (1013,651)
05:03:55 fight: combat never started after click - retrying
05:03:55 fight: highlight found - centered click (985,648)
05:03:57 fight: combat started - waiting for kill
05:04:07 fight: target confirmed dead - looking for next target
05:04:07 fight: highlight found - centered click (928,688)
05:04:10 fight: combat started - waiting for kill
05:04:14 fight: target confirmed dead - looking for next target
05:04:14 fight: highlight found - centered click (1116,692)
05:04:16 fight: combat started - waiting for kill
05:04:24 fight: target confirmed dead - looking for next target
05:04:24 fight: highlight found - centered click (1040,686)
05:04:27 fight: combat never started after click - retrying
05:04:28 fight: highlight found - centered click (1067,680)
05:04:29 fight: combat started - waiting for kill
05:04:31 fight: target confirmed dead - looking for next target
05:04:32 fight: highlight found - centered click (1084,774)
05:04:35 fight: combat never started after click - retrying
05:04:36 fight: highlight found - centered click (893,649)
05:04:38 fight: combat started - waiting for kill
05:04:40 fight: target confirmed dead - looking for next target
05:04:40 fight: highlight found - centered click (1104,579)
05:04:43 fight: combat started - waiting for kill
05:04:47 fight: target confirmed dead - looking for next target
05:04:48 fight: highlight found - centered click (859,615)
05:04:50 fight: combat started - waiting for kill
05:04:57 fight: target confirmed dead - looking for next target
05:04:57 fight: highlight found - centered click (1229,823)
05:05:00 fight: combat started - waiting for kill
05:05:06 fight: target confirmed dead - looking for next target
05:05:07 fight: highlight found - centered click (942,769)
05:05:09 fight: combat started - waiting for kill
05:05:21 fight: target confirmed dead - looking for next target
05:05:21 fight: highlight found - centered click (939,689)
05:05:23 fight: combat started - waiting for kill
05:05:30 fight: target confirmed dead - looking for next target
05:05:31 fight: highlight found - centered click (1072,727)
05:05:33 fight: combat started - waiting for kill
05:05:37 fight: target confirmed dead - looking for next target
05:05:38 fight: highlight found - centered click (933,577)
05:05:40 fight: combat started - waiting for kill
05:05:49 fight: target confirmed dead - looking for next target
05:05:50 fight: highlight found - centered click (1051,517)
05:05:52 fight: combat started - waiting for kill
05:06:01 fight: target confirmed dead - looking for next target
05:06:02 fight: highlight found - centered click (986,857)
05:06:04 fight: combat started - waiting for kill
05:06:09 fight: target confirmed dead - looking for next target
05:06:09 fight: highlight found - centered click (943,651)
05:06:11 fight: combat started - waiting for kill
05:06:13 fight: target confirmed dead - looking for next target
05:06:14 fight: highlight found - centered click (1167,803)
05:06:16 fight: combat started - waiting for kill
05:06:25 fight: target confirmed dead - looking for next target
05:06:26 fight: highlight found - centered click (899,731)
05:06:28 fight: combat started - waiting for kill
05:06:35 fight: target confirmed dead - looking for next target
05:06:35 fight: highlight found - centered click (933,771)
05:06:38 fight: combat started - waiting for kill
05:06:45 fight: target confirmed dead - looking for next target
05:06:45 fight: highlight found - centered click (1139,786)
05:06:48 fight: combat started - waiting for kill
05:06:55 fight: target confirmed dead - looking for next target
05:06:55 fight: highlight found - centered click (1067,689)
05:06:57 fight: combat started - waiting for kill
05:07:02 fight: target confirmed dead - looking for next target
05:07:02 fight: highlight found - centered click (1016,831)
05:07:06 fight: combat never started after click - retrying
05:07:06 fight: highlight found - centered click (994,763)
05:07:07 fight: combat started - waiting for kill
05:07:17 fight: target confirmed dead - looking for next target
05:07:18 fight: highlight found - centered click (1066,704)
05:07:19 fight: combat started - waiting for kill
05:07:27 fight: target confirmed dead - looking for next target
05:07:27 fight: highlight found - centered click (1135,641)
05:07:29 fight: combat started - waiting for kill
05:07:39 fight: target confirmed dead - looking for next target
05:07:39 fight: highlight found - centered click (1057,585)
05:07:42 fight: combat started - waiting for kill
05:07:53 fight: target confirmed dead - looking for next target
05:07:53 fight: highlight found - centered click (1029,800)
05:07:55 fight: combat started - waiting for kill
05:08:03 fight: target confirmed dead - looking for next target
05:08:03 fight: highlight found - centered click (1067,719)
05:08:05 fight: combat started - waiting for kill
05:08:12 fight: target confirmed dead - looking for next target
05:08:13 fight: highlight found - centered click (1095,648)
05:08:15 fight: combat started - waiting for kill
05:08:24 fight: target confirmed dead - looking for next target
05:08:25 fight: highlight found - centered click (1023,579)
05:08:27 fight: combat started - waiting for kill
05:08:36 fight: target confirmed dead - looking for next target
05:08:37 fight: highlight found - centered click (1053,749)
05:08:39 fight: combat started - waiting for kill
05:08:46 fight: target confirmed dead - looking for next target
05:08:46 fight: highlight found - centered click (943,690)
05:08:48 fight: combat started - waiting for kill
05:08:53 fight: target confirmed dead - looking for next target
05:08:53 fight: highlight found - centered click (940,813)
05:08:55 fight: combat started - waiting for kill
05:09:00 fight: target confirmed dead - looking for next target
05:09:01 fight: highlight found - centered click (902,655)
05:09:03 fight: combat started - waiting for kill
05:09:10 fight: target confirmed dead - looking for next target
05:09:10 fight: highlight found - centered click (1023,579)
05:09:13 fight: combat started - waiting for kill
05:09:24 fight: target confirmed dead - looking for next target
05:09:25 fight: highlight found - centered click (942,730)
05:09:27 fight: combat started - waiting for kill
05:09:36 fight: target confirmed dead - looking for next target
05:09:37 fight: highlight found - centered click (1102,584)
05:09:39 fight: combat started - waiting for kill
05:09:44 fight: target confirmed dead - looking for next target
05:09:44 fight: highlight found - centered click (868,620)
05:09:46 fight: combat started - waiting for kill
05:09:51 fight: target confirmed dead - looking for next target
05:09:51 fight: highlight found - centered click (1187,738)
05:09:54 fight: combat started - waiting for kill
05:10:00 fight: target confirmed dead - looking for next target
05:10:01 fight: highlight found - centered click (897,623)
05:10:03 fight: combat started - waiting for kill
05:10:12 fight: target confirmed dead - looking for next target
05:10:13 fight: highlight found - centered click (891,859)
05:10:15 fight: combat started - waiting for kill
05:10:17 fight: target confirmed dead - looking for next target
05:10:18 fight: highlight found - centered click (940,770)
05:10:19 fight: combat started - waiting for kill
05:10:32 fight: target confirmed dead - looking for next target
05:10:32 fight: highlight found - centered click (983,598)
05:10:34 fight: combat started - waiting for kill
05:10:42 fight: target confirmed dead - looking for next target
05:10:42 fight: highlight found - centered click (1076,651)
05:10:44 fight: combat started - waiting for kill
05:10:56 fight: target confirmed dead - looking for next target
05:10:57 fight: highlight found - centered click (997,573)
05:10:59 fight: combat started - waiting for kill
05:11:04 fight: target confirmed dead - looking for next target
05:11:04 fight: highlight found - centered click (932,826)
05:11:07 fight: combat never started after click - retrying
05:11:08 fight: highlight found - centered click (894,773)
05:11:10 fight: combat started - waiting for kill
05:11:20 fight: target confirmed dead - looking for next target
05:11:20 fight: highlight found - centered click (1032,654)
05:11:22 fight: combat started - waiting for kill
05:11:32 fight: target confirmed dead - looking for next target
05:11:32 fight: highlight found - centered click (1116,725)
05:11:35 fight: combat never started after click - retrying
05:11:36 fight: highlight found - centered click (989,764)
05:11:37 fight: combat started - waiting for kill
05:11:42 fight: target confirmed dead - looking for next target
05:11:43 fight: highlight found - centered click (1108,649)
05:11:45 fight: combat started - waiting for kill
05:11:47 fight: target confirmed dead - looking for next target
05:11:47 fight: highlight found - centered click (834,631)
05:11:50 fight: combat started - waiting for kill
05:11:57 fight: target confirmed dead - looking for next target
05:11:57 fight: highlight found - centered click (938,859)
05:12:00 fight: combat started - waiting for kill
05:12:09 fight: target confirmed dead - looking for next target
05:12:09 fight: highlight found - centered click (1042,665)
05:12:12 fight: combat started - waiting for kill
05:12:16 fight: target confirmed dead - looking for next target
05:12:16 fight: highlight found - centered click (856,733)
05:12:19 fight: combat started - waiting for kill
05:12:23 fight: target confirmed dead - looking for next target
05:12:24 fight: highlight found - centered click (990,562)
05:12:26 fight: combat started - waiting for kill
05:12:33 fight: target confirmed dead - looking for next target
05:12:33 fight: highlight found - centered click (987,674)
05:12:36 fight: combat started - waiting for kill
05:12:47 fight: target confirmed dead - looking for next target
05:12:47 fight: highlight found - centered click (1020,703)
05:12:51 fight: combat never started after click - retrying
05:12:51 fight: highlight found - centered click (1023,691)
05:12:52 fight: combat started - waiting for kill
05:12:57 fight: target confirmed dead - looking for next target
05:12:58 fight: highlight found - centered click (1063,563)
05:13:00 fight: combat started - waiting for kill
05:13:07 fight: target confirmed dead - looking for next target
05:13:07 fight: highlight found - centered click (905,582)
05:13:10 fight: combat started - waiting for kill
05:13:19 fight: target confirmed dead - looking for next target
05:13:19 fight: highlight found - centered click (946,619)
05:13:21 fight: combat started - waiting for kill
05:13:29 fight: target confirmed dead - looking for next target
05:13:29 fight: highlight found - centered click (1071,689)
05:13:31 fight: combat started - waiting for kill
05:13:36 fight: target confirmed dead - looking for next target
05:13:36 fight: highlight found - centered click (1182,613)
05:13:39 fight: combat started - waiting for kill
05:13:45 fight: target confirmed dead - looking for next target
05:13:46 fight: highlight found - centered click (903,623)
05:13:48 fight: combat started - waiting for kill
05:13:53 fight: target confirmed dead - looking for next target
05:13:53 fight: highlight found - centered click (1012,500)
05:13:56 fight: combat started - waiting for kill
05:14:02 fight: target confirmed dead - looking for next target
05:14:02 fight: highlight found - centered click (942,616)
05:14:04 fight: combat started - waiting for kill
05:14:12 fight: target confirmed dead - looking for next target
05:14:12 fight: highlight found - centered click (1070,689)
05:14:15 fight: combat started - waiting for kill
05:14:17 fight: target confirmed dead - looking for next target
05:14:17 fight: highlight found - centered click (1101,619)
05:14:19 fight: combat started - waiting for kill
05:14:26 fight: target confirmed dead - looking for next target
05:14:26 fight: highlight found - centered click (897,817)
05:14:29 fight: combat started - waiting for kill
05:14:31 fight: target confirmed dead - looking for next target
05:14:31 fight: highlight found - centered click (828,841)
05:14:34 fight: combat started - waiting for kill
05:14:41 fight: target confirmed dead - looking for next target
05:14:41 fight: highlight found - centered click (909,620)
05:14:43 fight: combat started - waiting for kill
05:14:52 fight: target confirmed dead - looking for next target
05:14:53 fight: highlight found - centered click (1070,689)
05:14:55 fight: combat started - waiting for kill
05:15:00 fight: target confirmed dead - looking for next target
05:15:00 fight: highlight found - centered click (916,599)
05:15:03 fight: combat started - waiting for kill
05:15:07 fight: target confirmed dead - looking for next target
05:15:07 fight: highlight found - centered click (885,781)
05:15:10 fight: combat started - waiting for kill
05:15:14 fight: target confirmed dead - looking for next target
05:15:15 fight: highlight found - centered click (1104,582)
05:15:17 fight: combat started - waiting for kill
05:15:24 fight: target confirmed dead - looking for next target
05:15:24 fight: highlight found - centered click (1100,557)
05:15:27 fight: combat started - waiting for kill
05:15:31 fight: target confirmed dead - looking for next target
05:15:31 fight: highlight found - centered click (1070,695)
05:15:33 fight: combat started - waiting for kill
05:15:38 fight: target confirmed dead - looking for next target
05:15:38 fight: highlight found - centered click (922,599)
05:15:41 fight: combat started - waiting for kill
05:15:45 fight: target confirmed dead - looking for next target
05:15:46 fight: highlight found - centered click (897,752)
05:15:48 fight: combat started - waiting for kill
05:15:55 fight: target confirmed dead - looking for next target
05:15:55 fight: highlight found - centered click (911,562)
05:15:58 fight: combat started - waiting for kill
05:16:02 fight: target confirmed dead - looking for next target
05:16:03 fight: highlight found - centered click (1156,697)
05:16:05 fight: combat started - waiting for kill
05:16:12 fight: target confirmed dead - looking for next target
05:16:12 fight: highlight found - centered click (1041,689)
05:16:15 fight: combat never started after click - retrying
05:16:16 fight: highlight found - centered click (946,619)
05:16:17 fight: combat started - waiting for kill
05:16:22 fight: target confirmed dead - looking for next target
05:16:22 fight: highlight found - centered click (1072,687)
05:16:24 fight: combat started - waiting for kill
05:16:27 fight: target confirmed dead - looking for next target
05:16:27 fight: highlight found - centered click (828,590)
05:16:30 fight: combat started - waiting for kill
05:16:36 fight: target confirmed dead - looking for next target
05:16:37 fight: highlight found - centered click (1136,553)
05:16:39 fight: combat started - waiting for kill
05:16:41 fight: target confirmed dead - looking for next target
05:16:42 fight: highlight found - centered click (1143,583)
05:16:44 fight: combat started - waiting for kill
05:16:48 fight: target confirmed dead - looking for next target
05:16:49 fight: highlight found - centered click (904,591)
05:16:51 fight: combat started - waiting for kill
05:16:56 fight: target confirmed dead - looking for next target
05:16:56 fight: highlight found - centered click (942,616)
05:16:58 fight: combat started - waiting for kill
05:17:08 fight: target confirmed dead - looking for next target
05:17:08 fight: highlight found - centered click (999,797)
05:17:10 fight: combat started - waiting for kill
05:17:15 fight: target confirmed dead - looking for next target
05:17:15 fight: highlight found - centered click (900,695)
05:17:17 fight: combat started - waiting for kill
05:17:22 fight: target confirmed dead - looking for next target
05:17:22 fight: highlight found - centered click (982,602)
05:17:25 fight: combat started - waiting for kill
05:17:29 fight: target confirmed dead - looking for next target
05:17:30 fight: highlight found - centered click (1178,586)
05:17:32 fight: combat started - waiting for kill
05:17:36 fight: target confirmed dead - looking for next target
05:17:37 fight: highlight found - centered click (748,724)
05:17:39 fight: combat started - waiting for kill
05:17:44 fight: target confirmed dead - looking for next target
05:17:44 fight: highlight found - centered click (1034,546)
05:17:46 fight: combat started - waiting for kill
05:17:53 fight: target confirmed dead - looking for next target
05:17:53 fight: highlight found - centered click (1045,753)
05:17:56 fight: combat started - waiting for kill
05:18:03 fight: target confirmed dead - looking for next target
05:18:03 fight: highlight found - centered click (1136,553)
05:18:06 fight: combat started - waiting for kill
05:18:12 fight: target confirmed dead - looking for next target
05:18:13 fight: highlight found - centered click (843,911)
05:18:15 fight: combat started - waiting for kill
05:18:23 fight: target confirmed dead - looking for next target
05:18:23 fight: highlight found - centered click (942,619)
05:18:25 fight: combat started - waiting for kill
05:18:30 fight: target confirmed dead - looking for next target
05:18:30 fight: highlight found - centered click (915,843)
05:18:33 fight: combat never started after click - retrying
05:18:34 fight: highlight found - centered click (1134,571)
05:18:36 fight: combat started - waiting for kill
05:18:43 fight: target confirmed dead - looking for next target
05:18:43 fight: highlight found - centered click (865,591)
05:18:46 fight: combat started - waiting for kill
05:18:50 fight: target confirmed dead - looking for next target
05:18:51 fight: highlight found - centered click (873,524)
05:18:53 fight: combat started - waiting for kill
05:19:00 fight: target confirmed dead - looking for next target
05:19:00 fight: highlight found - centered click (1022,519)
05:19:03 fight: combat started - waiting for kill
05:19:14 fight: target confirmed dead - looking for next target
05:19:15 fight: highlight found - centered click (987,586)
05:19:17 fight: combat started - waiting for kill
05:19:21 fight: target confirmed dead - looking for next target
05:19:22 fight: highlight found - centered click (866,583)
05:19:24 fight: combat started - waiting for kill
05:19:31 fight: target confirmed dead - looking for next target
05:19:31 fight: highlight found - centered click (1070,686)
05:19:33 fight: combat started - waiting for kill
05:19:38 fight: target confirmed dead - looking for next target
05:19:39 fight: highlight found - centered click (1122,763)
05:19:41 fight: combat started - waiting for kill
05:19:45 fight: target confirmed dead - looking for next target
05:19:46 fight: highlight found - centered click (822,623)
05:19:48 fight: combat started - waiting for kill
05:19:55 fight: target confirmed dead - looking for next target
05:19:55 fight: highlight found - centered click (853,774)
05:19:58 fight: combat started - waiting for kill
05:20:02 fight: target confirmed dead - looking for next target
05:20:03 fight: highlight found - centered click (866,583)
05:20:05 fight: combat started - waiting for kill
05:20:09 fight: target confirmed dead - looking for next target
05:20:10 fight: highlight found - centered click (1089,617)
05:20:12 fight: combat started - waiting for kill
05:20:29 fight: target confirmed dead - looking for next target
05:20:29 fight: highlight found - centered click (1024,601)
05:20:32 fight: combat started - waiting for kill
05:20:33 fight: target confirmed dead - looking for next target
05:20:34 fight: highlight found - centered click (848,767)
05:20:36 fight: combat started - waiting for kill
05:20:43 fight: target confirmed dead - looking for next target
05:20:43 fight: highlight found - centered click (866,583)
05:20:46 fight: combat started - waiting for kill
05:20:53 fight: target confirmed dead - looking for next target
05:20:54 fight: highlight found - centered click (1253,548)
05:20:56 fight: combat started - waiting for kill
05:21:05 fight: target confirmed dead - looking for next target
05:21:06 fight: highlight found - centered click (1149,615)
05:21:08 fight: combat started - waiting for kill
05:21:13 fight: target confirmed dead - looking for next target
05:21:13 fight: highlight found - centered click (1068,645)
05:21:15 fight: combat started - waiting for kill
05:21:20 fight: target confirmed dead - looking for next target
05:21:20 fight: highlight found - centered click (963,755)
05:21:23 fight: combat never started after click - retrying
05:21:24 fight: highlight found - centered click (899,542)
05:21:26 fight: combat started - waiting for kill
05:21:33 fight: target confirmed dead - looking for next target
05:21:33 fight: highlight found - centered click (945,732)
05:21:35 fight: combat started - waiting for kill
05:21:40 fight: target confirmed dead - looking for next target
05:21:40 fight: highlight found - centered click (863,729)
05:21:43 fight: combat started - waiting for kill
05:21:47 fight: target confirmed dead - looking for next target
05:21:48 fight: highlight found - centered click (1055,497)
05:21:50 fight: combat started - waiting for kill
05:21:59 fight: target confirmed dead - looking for next target
05:22:00 fight: highlight found - centered click (869,592)
05:22:02 fight: combat started - waiting for kill
05:22:09 fight: target confirmed dead - looking for next target
05:22:09 fight: highlight found - centered click (1161,713)
05:22:12 fight: combat started - waiting for kill
05:22:18 fight: target confirmed dead - looking for next target
05:22:19 fight: highlight found - centered click (920,689)
05:22:21 fight: combat started - waiting for kill
05:22:28 fight: target confirmed dead - looking for next target
05:22:28 fight: highlight found - centered click (896,774)
05:22:30 fight: combat started - waiting for kill
05:22:33 fight: target confirmed dead - looking for next target
05:22:33 fight: highlight found - centered click (1212,485)
05:22:36 fight: combat started - waiting for kill
05:22:45 fight: target confirmed dead - looking for next target
05:22:45 fight: highlight found - centered click (1028,525)
05:22:48 fight: combat started - waiting for kill
05:22:54 fight: target confirmed dead - looking for next target
05:22:55 fight: highlight found - centered click (943,690)
05:22:57 fight: combat started - waiting for kill
05:23:06 fight: target confirmed dead - looking for next target
05:23:07 fight: highlight found - centered click (1073,725)
05:23:09 fight: combat started - waiting for kill
05:23:16 fight: target confirmed dead - looking for next target
05:23:16 fight: highlight found - centered click (849,816)
05:23:19 fight: combat started - waiting for kill
05:23:26 fight: target confirmed dead - looking for next target
05:23:26 fight: highlight found - centered click (828,584)
05:23:29 fight: combat started - waiting for kill
05:23:30 fight: target confirmed dead - looking for next target
05:23:31 fight: highlight found - centered click (1056,536)
05:23:33 fight: combat started - waiting for kill
05:23:35 fight: target confirmed dead - looking for next target
05:23:36 fight: highlight found - centered click (985,551)
05:23:39 fight: combat never started after click - retrying
05:23:39 fight: highlight found - centered click (985,551)
05:23:42 fight: combat started - waiting for kill
05:23:48 fight: target confirmed dead - looking for next target
05:23:49 fight: highlight found - centered click (927,585)
05:23:51 fight: combat started - waiting for kill
05:23:56 fight: target confirmed dead - looking for next target
05:23:56 fight: highlight found - centered click (943,657)
05:23:58 fight: combat started - waiting for kill
05:24:03 fight: target confirmed dead - looking for next target
05:24:03 fight: highlight found - centered click (1185,488)
05:24:06 fight: combat started - waiting for kill
05:24:13 fight: target confirmed dead - looking for next target
05:24:13 fight: highlight found - centered click (1026,654)
05:24:15 fight: combat started - waiting for kill
05:24:25 fight: target confirmed dead - looking for next target
05:24:25 fight: highlight found - centered click (904,585)
05:24:28 fight: combat started - waiting for kill
05:24:32 fight: target confirmed dead - looking for next target
05:24:33 fight: highlight found - centered click (939,692)
05:24:35 fight: combat started - waiting for kill
05:24:42 fight: target confirmed dead - looking for next target
05:24:42 fight: highlight found - centered click (942,771)
05:24:44 fight: combat started - waiting for kill
05:24:54 fight: target confirmed dead - looking for next target
05:24:54 fight: highlight found - centered click (1187,603)
05:24:57 fight: combat started - waiting for kill
05:24:59 fight: target confirmed dead - looking for next target
05:25:00 fight: highlight found - centered click (1149,611)
05:25:03 fight: combat never started after click - retrying
05:25:03 fight: highlight found - centered click (907,585)
05:25:06 fight: combat started - waiting for kill
05:25:08 fight: target confirmed dead - looking for next target
05:25:08 fight: highlight found - centered click (902,568)
05:25:10 fight: combat started - waiting for kill
05:25:15 fight: target confirmed dead - looking for next target
05:25:15 fight: highlight found - centered click (1030,769)
05:25:17 fight: combat started - waiting for kill
05:25:27 fight: target confirmed dead - looking for next target
05:25:27 fight: highlight found - centered click (1143,571)
05:25:30 fight: combat started - waiting for kill
05:25:32 fight: target confirmed dead - looking for next target
05:25:32 fight: highlight found - centered click (1072,687)
05:25:34 fight: combat started - waiting for kill
05:25:39 fight: target confirmed dead - looking for next target
05:25:39 fight: highlight found - centered click (907,582)
05:25:42 fight: combat started - waiting for kill
05:25:51 fight: target confirmed dead - looking for next target
05:25:51 fight: highlight found - centered click (846,511)
05:25:54 fight: combat started - waiting for kill
05:25:57 fight: target confirmed dead - looking for next target
05:25:57 fight: highlight found - centered click (1065,634)
05:25:59 fight: combat started - waiting for kill
05:26:06 fight: target confirmed dead - looking for next target
05:26:07 fight: highlight found - centered click (1171,807)
05:26:09 fight: combat started - waiting for kill
05:26:16 fight: target confirmed dead - looking for next target
05:26:16 fight: highlight found - centered click (929,625)
05:26:18 fight: combat started - waiting for kill
05:26:23 fight: target confirmed dead - looking for next target
05:26:24 fight: highlight found - centered click (900,697)
05:26:26 fight: combat started - waiting for kill
05:26:33 fight: target confirmed dead - looking for next target
05:26:33 fight: highlight found - centered click (984,553)
05:26:36 fight: combat started - waiting for kill
05:26:40 fight: target confirmed dead - looking for next target
05:26:40 fight: highlight found - centered click (1112,676)
05:26:42 fight: combat started - waiting for kill
05:26:45 fight: target confirmed dead - looking for next target
05:26:45 fight: highlight found - centered click (1138,520)
05:26:48 fight: combat started - waiting for kill
05:26:54 fight: target confirmed dead - looking for next target
05:26:55 fight: highlight found - centered click (999,769)
05:26:57 fight: combat started - waiting for kill
05:27:02 fight: target confirmed dead - looking for next target
05:27:02 fight: highlight found - centered click (860,631)
05:27:05 fight: combat started - waiting for kill
05:27:11 fight: target confirmed dead - looking for next target
05:27:12 fight: highlight found - centered click (911,704)
05:27:14 fight: combat started - waiting for kill
05:27:21 fight: target confirmed dead - looking for next target
05:27:21 fight: highlight found - centered click (1020,583)
05:27:24 fight: combat started - waiting for kill
05:27:26 fight: target confirmed dead - looking for next target
05:27:26 fight: highlight found - centered click (1068,645)
05:27:28 fight: combat started - waiting for kill
05:27:33 fight: target confirmed dead - looking for next target
05:27:33 fight: highlight found - centered click (1117,716)
05:27:35 fight: combat started - waiting for kill
05:27:40 fight: target confirmed dead - looking for next target
05:27:40 fight: highlight found - centered click (940,768)
05:27:42 fight: combat started - waiting for kill
05:27:47 fight: target confirmed dead - looking for next target
05:27:48 fight: highlight found - centered click (939,692)
05:27:50 fight: combat started - waiting for kill
05:27:59 fight: target confirmed dead - looking for next target
05:28:00 fight: highlight found - centered click (903,656)
05:28:02 fight: combat started - waiting for kill
05:28:11 fight: target confirmed dead - looking for next target
05:28:12 fight: highlight found - centered click (1118,723)
05:28:14 fight: combat started - waiting for kill
05:28:23 fight: target confirmed dead - looking for next target
05:28:24 fight: highlight found - centered click (942,617)
05:28:26 fight: combat started - waiting for kill
05:28:30 fight: target confirmed dead - looking for next target
05:28:31 fight: highlight found - centered click (1040,757)
05:28:33 fight: combat started - waiting for kill
05:28:38 fight: target confirmed dead - looking for next target
05:28:38 fight: highlight found - centered click (1024,650)
05:28:40 fight: combat started - waiting for kill
05:28:50 fight: target confirmed dead - looking for next target
05:28:50 fight: highlight found - centered click (976,660)
05:28:52 fight: combat started - waiting for kill
05:28:59 fight: target confirmed dead - looking for next target
05:29:00 fight: highlight found - centered click (1074,765)
05:29:02 fight: combat started - waiting for kill
05:29:09 fight: target confirmed dead - looking for next target
05:29:09 fight: highlight found - centered click (1098,582)
05:29:12 fight: combat started - waiting for kill
05:29:21 fight: target confirmed dead - looking for next target
05:29:21 fight: highlight found - centered click (986,771)
05:29:23 fight: combat started - waiting for kill
05:29:30 fight: target confirmed dead - looking for next target
05:29:31 fight: highlight found - centered click (1068,645)
05:29:33 fight: combat started - waiting for kill
05:29:38 fight: target confirmed dead - looking for next target
05:29:38 fight: highlight found - centered click (985,551)
05:29:41 fight: combat started - waiting for kill
05:29:45 fight: target confirmed dead - looking for next target
05:29:45 fight: highlight found - centered click (1144,694)
05:29:48 fight: combat started - waiting for kill
05:29:50 fight: target confirmed dead - looking for next target
05:29:51 fight: highlight found - centered click (951,749)
05:29:52 fight: combat started - waiting for kill
05:30:06 fight: target confirmed dead - looking for next target
05:30:07 fight: highlight found - centered click (943,690)
05:30:09 fight: combat started - waiting for kill
05:30:16 fight: target confirmed dead - looking for next target
05:30:17 fight: highlight found - centered click (1158,682)
05:30:19 fight: combat started - waiting for kill
05:30:23 fight: target confirmed dead - looking for next target
05:30:24 fight: highlight found - centered click (1001,599)
05:30:27 fight: combat never started after click - retrying
05:30:27 fight: highlight found - centered click (1027,648)
05:30:29 fight: combat started - waiting for kill
05:30:33 fight: target confirmed dead - looking for next target
05:30:34 fight: highlight found - centered click (940,488)
05:30:36 fight: combat started - waiting for kill
05:30:43 fight: target confirmed dead - looking for next target
05:30:43 fight: highlight found - centered click (1195,683)
05:30:46 fight: combat started - waiting for kill
05:30:48 fight: target confirmed dead - looking for next target
05:30:48 fight: highlight found - centered click (1193,651)
05:30:51 fight: combat started - waiting for kill
05:30:57 fight: target confirmed dead - looking for next target
05:30:58 fight: highlight found - centered click (968,889)
05:31:00 fight: combat started - waiting for kill
05:31:09 fight: target confirmed dead - looking for next target
05:31:10 fight: highlight found - centered click (877,848)
05:31:12 fight: combat started - waiting for kill
05:31:14 fight: target confirmed dead - looking for next target
05:31:15 fight: highlight found - centered click (1103,582)
05:31:17 fight: combat started - waiting for kill
05:31:24 fight: target confirmed dead - looking for next target
05:31:24 fight: highlight found - centered click (931,681)
05:31:26 fight: combat started - waiting for kill
05:31:31 fight: target confirmed dead - looking for next target
05:31:31 fight: highlight found - centered click (1066,686)
05:31:34 fight: combat started - waiting for kill
05:31:38 fight: target confirmed dead - looking for next target
05:31:39 fight: highlight found - centered click (896,772)
05:31:41 fight: combat started - waiting for kill
05:31:43 fight: target confirmed dead - looking for next target
05:31:43 fight: highlight found - centered click (987,769)
05:31:45 fight: combat started - waiting for kill
05:31:53 fight: target confirmed dead - looking for next target
05:31:53 fight: highlight found - centered click (1004,793)
05:31:56 fight: combat never started after click - retrying
05:31:57 fight: highlight found - centered click (1026,766)
05:31:58 fight: combat started - waiting for kill
05:32:03 fight: target confirmed dead - looking for next target
05:32:03 fight: highlight found - centered click (902,655)
05:32:05 fight: combat started - waiting for kill
05:32:12 fight: target confirmed dead - looking for next target
05:32:13 fight: highlight found - centered click (940,772)
05:32:15 fight: combat started - waiting for kill
05:32:20 fight: target confirmed dead - looking for next target
05:32:20 fight: highlight found - centered click (1124,766)
05:32:22 fight: combat started - waiting for kill
05:32:24 fight: target confirmed dead - looking for next target
05:32:25 fight: highlight found - centered click (896,733)
05:32:27 fight: combat started - waiting for kill
05:32:32 fight: target confirmed dead - looking for next target
05:32:32 fight: highlight found - centered click (1073,727)
05:32:34 fight: combat started - waiting for kill
05:32:44 fight: target confirmed dead - looking for next target
05:32:44 fight: highlight found - centered click (1118,649)
05:32:47 fight: combat started - waiting for kill
05:32:51 fight: target confirmed dead - looking for next target
05:32:51 fight: highlight found - centered click (937,858)
05:32:54 fight: combat started - waiting for kill
05:33:00 fight: target confirmed dead - looking for next target
05:33:01 fight: highlight found - centered click (1145,864)
05:33:03 fight: combat started - waiting for kill
05:33:08 fight: target confirmed dead - looking for next target
05:33:08 fight: highlight found - centered click (940,769)
05:33:11 fight: combat started - waiting for kill
05:33:13 fight: target confirmed dead - looking for next target
05:33:14 fight: highlight found - centered click (1131,856)
05:33:16 fight: combat started - waiting for kill
05:33:20 fight: target confirmed dead - looking for next target
05:33:21 fight: highlight found - centered click (977,585)
05:33:23 fight: combat started - waiting for kill
05:33:30 fight: target confirmed dead - looking for next target
05:33:30 fight: highlight found - centered click (940,814)
05:33:32 fight: combat started - waiting for kill
05:33:37 fight: target confirmed dead - looking for next target
05:33:38 fight: highlight found - centered click (1068,686)
05:33:39 fight: combat started - waiting for kill
05:33:42 fight: target confirmed dead - looking for next target
05:33:42 fight: highlight found - centered click (1148,615)
05:33:45 fight: combat started - waiting for kill
05:33:51 fight: target confirmed dead - looking for next target
05:33:52 fight: highlight found - centered click (851,732)
05:33:54 fight: combat started - waiting for kill
05:33:56 fight: target confirmed dead - looking for next target
05:33:57 fight: highlight found - centered click (1025,548)
05:33:59 fight: combat started - waiting for kill
05:34:06 fight: target confirmed dead - looking for next target
05:34:07 fight: highlight found - centered click (943,654)
05:34:09 fight: combat started - waiting for kill
05:34:18 fight: target confirmed dead - looking for next target
05:34:19 fight: highlight found - centered click (940,772)
05:34:21 fight: combat started - waiting for kill
05:34:30 fight: target confirmed dead - looking for next target
05:34:31 fight: highlight found - centered click (851,822)
05:34:33 fight: combat started - waiting for kill
05:34:35 fight: target confirmed dead - looking for next target
05:34:36 fight: highlight found - centered click (1109,649)
05:34:38 fight: combat started - waiting for kill
05:34:42 fight: target confirmed dead - looking for next target
05:34:43 fight: highlight found - centered click (1147,613)
05:34:45 fight: combat started - waiting for kill
05:34:52 fight: target confirmed dead - looking for next target
05:34:52 fight: highlight found - centered click (999,597)
05:34:55 fight: combat started - waiting for kill
05:35:02 fight: target confirmed dead - looking for next target
05:35:02 fight: highlight found - centered click (985,616)
05:35:04 fight: combat started - waiting for kill
05:35:09 fight: target confirmed dead - looking for next target
05:35:09 fight: highlight found - centered click (906,773)
05:35:11 fight: combat started - waiting for kill
05:35:16 fight: target confirmed dead - looking for next target
05:35:17 fight: highlight found - centered click (1149,687)
05:35:19 fight: combat started - waiting for kill
05:35:21 fight: target confirmed dead - looking for next target
05:35:22 fight: highlight found - centered click (1058,548)
05:35:25 fight: combat never started after click - retrying
05:35:26 fight: highlight found - centered click (897,705)
05:35:28 fight: combat started - waiting for kill
05:35:32 fight: target confirmed dead - looking for next target
05:35:33 fight: highlight found - centered click (1127,713)
05:35:35 fight: combat started - waiting for kill
05:35:38 fight: target confirmed dead - looking for next target
05:35:38 fight: highlight found - centered click (1073,725)
05:35:39 fight: combat started - waiting for kill
05:35:42 fight: target confirmed dead - looking for next target
05:35:42 fight: highlight found - centered click (937,525)
05:35:45 fight: combat started - waiting for kill
05:35:54 fight: target confirmed dead - looking for next target
05:35:54 fight: highlight found - centered click (1070,710)
05:35:56 fight: combat started - waiting for kill
05:36:03 fight: target confirmed dead - looking for next target
05:36:04 fight: highlight found - centered click (964,654)
05:36:06 fight: combat started - waiting for kill
05:36:08 fight: target confirmed dead - looking for next target
05:36:09 fight: highlight found - centered click (897,730)
05:36:11 fight: combat started - waiting for kill
05:36:25 fight: target confirmed dead - looking for next target
05:36:25 fight: highlight found - centered click (970,795)
05:36:27 fight: combat started - waiting for kill
05:36:32 fight: target confirmed dead - looking for next target
05:36:33 fight: highlight found - centered click (945,729)
05:36:35 fight: combat started - waiting for kill
05:36:44 fight: target confirmed dead - looking for next target
05:36:45 fight: highlight found - centered click (1082,717)
05:36:47 fight: combat started - waiting for kill
05:36:52 fight: target confirmed dead - looking for next target
05:36:52 fight: highlight found - centered click (938,607)
05:36:54 fight: combat started - waiting for kill
05:36:59 fight: target confirmed dead - looking for next target
05:36:59 fight: highlight found - centered click (896,733)
05:37:01 fight: combat started - waiting for kill
05:37:13 fight: target confirmed dead - looking for next target
05:37:13 fight: highlight found - centered click (987,613)
05:37:15 fight: combat started - waiting for kill
05:37:25 fight: target confirmed dead - looking for next target
05:37:26 fight: highlight found - centered click (1143,763)
05:37:28 fight: combat started - waiting for kill
05:37:30 fight: target confirmed dead - looking for next target
05:37:30 fight: highlight found - centered click (1107,635)
05:37:32 fight: combat started - waiting for kill
05:37:37 fight: target confirmed dead - looking for next target
05:37:37 fight: highlight found - centered click (914,788)
05:37:40 fight: combat started - waiting for kill
05:37:44 fight: target confirmed dead - looking for next target
05:37:45 fight: highlight found - centered click (896,733)
05:37:47 fight: combat started - waiting for kill
05:37:49 fight: target confirmed dead - looking for next target
05:37:50 fight: highlight found - centered click (942,614)
05:37:51 fight: combat started - waiting for kill
05:37:59 fight: target confirmed dead - looking for next target
05:37:59 fight: highlight found - centered click (916,858)
05:38:02 fight: combat started - waiting for kill
05:38:08 fight: target confirmed dead - looking for next target
05:38:09 fight: highlight found - centered click (987,769)
05:38:11 fight: combat started - waiting for kill
05:38:16 fight: target confirmed dead - looking for next target
05:38:16 fight: highlight found - centered click (984,592)
05:38:18 fight: combat started - waiting for kill
05:38:23 fight: target confirmed dead - looking for next target
05:38:23 fight: highlight found - centered click (955,696)
05:38:25 fight: combat started - waiting for kill
05:38:32 fight: target confirmed dead - looking for next target
05:38:33 fight: highlight found - centered click (920,795)
05:38:35 fight: combat started - waiting for kill
05:38:39 fight: target confirmed dead - looking for next target
05:38:40 fight: highlight found - centered click (938,859)
05:38:42 fight: combat started - waiting for kill
05:38:51 fight: target confirmed dead - looking for next target
05:38:52 fight: highlight found - centered click (983,582)
05:38:54 fight: combat started - waiting for kill
05:39:01 fight: target confirmed dead - looking for next target
05:39:01 fight: highlight found - centered click (973,614)
05:39:04 fight: combat started - waiting for kill
05:39:08 fight: target confirmed dead - looking for next target
05:39:09 fight: highlight found - centered click (949,690)
05:39:11 fight: combat started - waiting for kill
05:39:15 fight: target confirmed dead - looking for next target
05:39:16 fight: highlight found - centered click (1071,687)
05:39:18 fight: combat started - waiting for kill
05:39:23 fight: target confirmed dead - looking for next target
05:39:23 fight: highlight found - centered click (937,858)
05:39:26 fight: combat started - waiting for kill
05:39:28 fight: target confirmed dead - looking for next target
05:39:29 fight: highlight found - centered click (1141,648)
05:39:31 fight: combat started - waiting for kill
05:39:38 fight: target confirmed dead - looking for next target
05:39:38 fight: highlight found - centered click (983,583)
05:39:41 fight: combat started - waiting for kill
05:39:42 fight: target confirmed dead - looking for next target
05:39:43 fight: highlight found - centered click (925,858)
05:39:45 fight: combat started - waiting for kill
05:39:47 fight: target confirmed dead - looking for next target
05:39:48 fight: highlight found - centered click (1105,585)
05:39:50 fight: combat started - waiting for kill
05:39:52 fight: target confirmed dead - looking for next target
05:39:53 fight: highlight found - centered click (1071,689)
05:39:54 fight: combat started - waiting for kill
05:39:59 fight: target confirmed dead - looking for next target
05:40:00 fight: highlight found - centered click (900,773)
05:40:02 fight: combat started - waiting for kill
05:40:06 fight: target confirmed dead - looking for next target
05:40:07 fight: highlight found - centered click (929,802)
05:40:09 fight: combat started - waiting for kill
05:40:11 fight: target confirmed dead - looking for next target
05:40:12 fight: highlight found - centered click (1079,854)
05:40:14 fight: combat started - waiting for kill
05:40:21 fight: target confirmed dead - looking for next target
05:40:21 fight: highlight found - centered click (1090,670)
05:40:24 fight: combat started - waiting for kill
05:40:30 fight: target confirmed dead - looking for next target
05:40:31 fight: highlight found - centered click (1070,689)
05:40:33 fight: combat started - waiting for kill
05:40:38 fight: target confirmed dead - looking for next target
05:40:38 fight: highlight found - centered click (1116,767)
05:40:41 fight: combat started - waiting for kill
05:40:45 fight: target confirmed dead - looking for next target
05:40:45 fight: highlight found - centered click (900,659)
05:40:47 fight: combat started - waiting for kill
05:40:50 fight: target confirmed dead - looking for next target
05:40:50 fight: highlight found - centered click (1189,641)
05:40:53 fight: combat started - waiting for kill
05:40:57 fight: target confirmed dead - looking for next target
05:40:57 fight: highlight found - centered click (986,771)
05:40:59 fight: combat started - waiting for kill
05:41:02 fight: target confirmed dead - looking for next target
05:41:02 fight: highlight found - centered click (982,576)
05:41:05 fight: combat started - waiting for kill
05:41:06 fight: target confirmed dead - looking for next target
05:41:07 fight: highlight found - centered click (1056,545)
05:41:09 fight: combat started - waiting for kill
05:41:16 fight: target confirmed dead - looking for next target
05:41:17 fight: highlight found - centered click (984,583)
05:41:19 fight: combat started - waiting for kill
05:41:21 fight: target confirmed dead - looking for next target
05:41:21 fight: highlight found - centered click (938,859)
05:41:24 fight: combat started - waiting for kill
05:41:30 fight: target confirmed dead - looking for next target
05:41:31 fight: highlight found - centered click (987,654)
05:41:33 fight: combat started - waiting for kill
05:41:40 fight: target confirmed dead - looking for next target
05:41:41 fight: highlight found - centered click (1121,724)
05:41:42 fight: combat started - waiting for kill
05:41:47 fight: target confirmed dead - looking for next target
05:41:48 fight: highlight found - centered click (920,573)
05:41:50 fight: combat started - waiting for kill
05:41:57 fight: target confirmed dead - looking for next target
05:41:57 fight: highlight found - centered click (897,770)
05:41:59 fight: combat started - waiting for kill
05:42:04 fight: target confirmed dead - looking for next target
05:42:05 fight: highlight found - centered click (937,858)
05:42:07 fight: combat started - waiting for kill
05:42:12 fight: target confirmed dead - looking for next target
05:42:12 fight: highlight found - centered click (937,780)
05:42:15 fight: combat started - waiting for kill
05:42:19 fight: target confirmed dead - looking for next target
05:42:20 fight: highlight found - centered click (1071,687)
05:42:22 fight: combat started - waiting for kill
05:42:26 fight: target confirmed dead - looking for next target
05:42:27 fight: highlight found - centered click (982,576)
05:42:29 fight: combat started - waiting for kill
05:42:31 fight: target confirmed dead - looking for next target
05:42:32 fight: highlight found - centered click (1141,580)
05:42:34 fight: combat started - waiting for kill
05:42:38 fight: target confirmed dead - looking for next target
05:42:39 fight: highlight found - centered click (1210,549)
05:42:41 fight: combat started - waiting for kill
05:42:45 fight: target confirmed dead - looking for next target
05:42:46 fight: highlight found - centered click (937,858)
05:42:48 fight: combat started - waiting for kill
05:42:51 fight: target confirmed dead - looking for next target
05:42:51 fight: highlight found - centered click (903,647)
05:42:53 fight: combat started - waiting for kill
05:43:01 fight: target confirmed dead - looking for next target
05:43:01 fight: highlight found - centered click (1069,684)
05:43:03 fight: combat started - waiting for kill
05:43:05 fight: target confirmed dead - looking for next target
05:43:06 fight: highlight found - centered click (897,732)
05:43:08 fight: combat started - waiting for kill
05:43:12 fight: target confirmed dead - looking for next target
05:43:13 fight: highlight found - centered click (1138,849)
05:43:15 fight: combat started - waiting for kill
05:43:20 fight: target confirmed dead - looking for next target
05:43:20 fight: highlight found - centered click (988,614)
05:43:23 fight: combat started - waiting for kill
05:43:27 fight: target confirmed dead - looking for next target
05:43:27 fight: highlight found - centered click (1110,551)
05:43:30 fight: combat started - waiting for kill
05:43:44 fight: target confirmed dead - looking for next target
05:43:44 fight: highlight found - centered click (1071,687)
05:43:46 fight: combat started - waiting for kill
05:43:56 fight: target confirmed dead - looking for next target
05:43:56 fight: highlight found - centered click (1084,807)
05:43:59 fight: combat started - waiting for kill
05:44:03 fight: target confirmed dead - looking for next target
05:44:03 fight: highlight found - centered click (982,583)
05:44:06 fight: combat started - waiting for kill
05:44:08 fight: target confirmed dead - looking for next target
05:44:08 fight: highlight found - centered click (939,689)
05:44:10 fight: combat started - waiting for kill
05:44:17 fight: target confirmed dead - looking for next target
05:44:18 fight: highlight found - centered click (1072,654)
05:44:20 fight: combat started - waiting for kill
05:44:25 fight: target confirmed dead - looking for next target
05:44:25 fight: highlight found - centered click (939,907)
05:44:28 fight: combat started - waiting for kill
05:44:32 fight: target confirmed dead - looking for next target
05:44:32 fight: highlight found - centered click (943,761)
05:44:34 fight: combat started - waiting for kill
05:44:41 fight: target confirmed dead - looking for next target
05:44:42 fight: highlight found - centered click (1046,751)
05:44:44 fight: combat started - waiting for kill
05:44:46 fight: target confirmed dead - looking for next target
05:44:47 fight: highlight found - centered click (982,579)
05:44:49 fight: combat started - waiting for kill
05:44:53 fight: target confirmed dead - looking for next target
05:44:54 fight: highlight found - centered click (899,733)
05:44:56 fight: combat started - waiting for kill
05:45:01 fight: target confirmed dead - looking for next target
05:45:01 fight: highlight found - centered click (1144,832)
05:45:03 fight: combat started - waiting for kill
05:45:05 fight: target confirmed dead - looking for next target
05:45:06 fight: highlight found - centered click (1026,767)
05:45:08 fight: combat started - waiting for kill
05:45:13 fight: target confirmed dead - looking for next target
05:45:13 fight: highlight found - centered click (1075,689)
05:45:15 fight: combat started - waiting for kill
05:45:22 fight: target confirmed dead - looking for next target
05:45:23 fight: highlight found - centered click (1145,850)
05:45:25 fight: combat started - waiting for kill
05:45:29 fight: target confirmed dead - looking for next target
05:45:30 fight: highlight found - centered click (984,550)
05:45:32 fight: combat started - waiting for kill
05:45:36 fight: target confirmed dead - looking for next target
05:45:37 fight: highlight found - centered click (899,733)
05:45:39 fight: combat started - waiting for kill
05:45:41 fight: target confirmed dead - looking for next target
05:45:42 fight: highlight found - centered click (791,977)
05:45:44 fight: combat started - waiting for kill
05:45:49 fight: target confirmed dead - looking for next target
05:45:49 fight: highlight found - centered click (862,905)
05:45:51 fight: combat started - waiting for kill
05:46:01 fight: target confirmed dead - looking for next target
05:46:01 fight: highlight found - centered click (854,728)
05:46:03 fight: combat started - waiting for kill
05:46:05 fight: target confirmed dead - looking for next target
05:46:06 fight: highlight found - centered click (1150,689)
05:46:08 fight: combat started - waiting for kill
05:46:13 fight: target confirmed dead - looking for next target
05:46:13 fight: highlight found - centered click (1020,605)
05:46:15 fight: combat started - waiting for kill
05:46:22 fight: target confirmed dead - looking for next target
05:46:23 fight: highlight found - centered click (939,623)
05:46:25 fight: combat started - waiting for kill
05:46:34 fight: target confirmed dead - looking for next target
05:46:35 fight: highlight found - centered click (1173,806)
05:46:37 fight: combat started - waiting for kill
05:46:41 fight: target confirmed dead - looking for next target
05:46:42 fight: highlight found - centered click (1071,687)
05:46:44 fight: combat started - waiting for kill
05:46:46 fight: target confirmed dead - looking for next target
05:46:47 fight: highlight found - centered click (868,513)
05:46:49 fight: combat started - waiting for kill
05:46:53 fight: target confirmed dead - looking for next target
05:46:54 fight: highlight found - centered click (1110,692)
05:46:56 fight: combat started - waiting for kill
05:47:00 fight: target confirmed dead - looking for next target
05:47:01 fight: highlight found - centered click (1034,847)
05:47:03 fight: combat started - waiting for kill
05:47:10 fight: target confirmed dead - looking for next target
05:47:11 fight: highlight found - centered click (1115,719)
05:47:13 fight: combat started - waiting for kill
05:47:17 fight: target confirmed dead - looking for next target
05:47:18 fight: highlight found - centered click (1037,683)
05:47:21 fight: combat never started after click - retrying
05:47:21 fight: highlight found - centered click (936,686)
05:47:23 fight: combat started - waiting for kill
05:47:30 fight: target confirmed dead - looking for next target
05:47:30 fight: highlight found - centered click (938,859)
05:47:33 fight: combat started - waiting for kill
05:47:37 fight: target confirmed dead - looking for next target
05:47:38 fight: highlight found - centered click (903,614)
05:47:40 fight: combat started - waiting for kill
05:47:44 fight: target confirmed dead - looking for next target
05:47:45 fight: highlight found - centered click (1121,764)
05:47:47 fight: combat started - waiting for kill
05:47:54 fight: target confirmed dead - looking for next target
05:47:54 fight: highlight found - centered click (940,648)
05:47:56 fight: combat started - waiting for kill
05:47:59 fight: target confirmed dead - looking for next target
05:47:59 fight: highlight found - centered click (1203,720)
05:48:01 fight: combat started - waiting for kill
05:48:06 fight: target confirmed dead - looking for next target
05:48:06 fight: highlight found - centered click (1075,724)
05:48:08 fight: combat started - waiting for kill
05:48:13 fight: target confirmed dead - looking for next target
05:48:14 fight: highlight found - centered click (894,687)
05:48:16 fight: combat started - waiting for kill
05:48:18 fight: target confirmed dead - looking for next target
05:48:18 fight: highlight found - centered click (1069,696)
05:48:20 fight: combat started - waiting for kill
05:48:25 fight: target confirmed dead - looking for next target
05:48:26 fight: highlight found - centered click (863,577)
05:48:28 fight: combat started - waiting for kill
05:48:35 fight: target confirmed dead - looking for next target
05:48:35 fight: highlight found - centered click (987,613)
05:48:37 fight: combat started - waiting for kill
05:48:40 fight: target confirmed dead - looking for next target
05:48:40 fight: highlight found - centered click (1087,778)
05:48:42 fight: combat started - waiting for kill
05:48:49 fight: target confirmed dead - looking for next target
05:48:50 fight: highlight found - centered click (941,813)
05:48:52 fight: combat started - waiting for kill
05:48:56 fight: target confirmed dead - looking for next target
05:48:57 fight: highlight found - centered click (1073,732)
05:48:59 fight: combat started - waiting for kill
05:49:08 fight: target confirmed dead - looking for next target
05:49:09 fight: highlight found - centered click (1073,701)
05:49:11 fight: combat started - waiting for kill
05:49:13 fight: target confirmed dead - looking for next target
05:49:14 fight: highlight found - centered click (945,545)
05:49:16 fight: combat started - waiting for kill
05:49:18 fight: target confirmed dead - looking for next target
05:49:18 fight: highlight found - centered click (970,795)
05:49:21 fight: combat never started after click - retrying
05:49:22 fight: highlight found - centered click (859,621)
05:49:25 fight: combat started - waiting for kill
05:49:26 fight: target confirmed dead - looking for next target
05:49:27 fight: highlight found - centered click (1115,722)
05:49:29 fight: combat started - waiting for kill
05:49:31 fight: target confirmed dead - looking for next target
05:49:32 fight: highlight found - centered click (1121,764)
05:49:34 fight: combat started - waiting for kill
05:49:38 fight: target confirmed dead - looking for next target
05:49:39 fight: highlight found - centered click (1071,687)
05:49:41 fight: combat started - waiting for kill
05:49:46 fight: target confirmed dead - looking for next target
05:49:46 fight: highlight found - centered click (1070,689)
05:49:48 fight: combat started - waiting for kill
05:49:58 fight: target confirmed dead - looking for next target
05:49:58 fight: highlight found - centered click (894,726)
05:50:00 fight: combat started - waiting for kill
05:50:02 fight: target confirmed dead - looking for next target
05:50:03 fight: highlight found - centered click (986,770)
05:50:05 fight: combat started - waiting for kill
05:50:07 fight: target confirmed dead - looking for next target
05:50:07 fight: highlight found - centered click (943,705)
05:50:10 fight: combat started - waiting for kill
05:50:22 fight: target confirmed dead - looking for next target
05:50:22 fight: highlight found - centered click (1071,663)
05:50:25 fight: combat never started after click - retrying
05:50:26 fight: highlight found - centered click (940,796)
05:50:27 fight: combat started - waiting for kill
05:50:29 fight: target confirmed dead - looking for next target
05:50:30 fight: highlight found - centered click (1157,685)
05:50:32 fight: combat started - waiting for kill
05:50:34 fight: target confirmed dead - looking for next target
05:50:35 fight: highlight found - centered click (1118,729)
05:50:37 fight: combat started - waiting for kill
05:50:39 fight: target confirmed dead - looking for next target
05:50:39 fight: highlight found - centered click (983,551)
05:50:42 fight: combat started - waiting for kill
05:50:46 fight: target confirmed dead - looking for next target
05:50:47 fight: highlight found - centered click (867,520)
05:50:49 fight: combat started - waiting for kill
05:50:52 fight: target confirmed dead - looking for next target
05:50:52 fight: highlight found - centered click (940,774)
05:50:54 fight: combat started - waiting for kill
05:50:59 fight: target confirmed dead - looking for next target
05:50:59 fight: highlight found - centered click (938,859)
05:51:02 fight: combat started - waiting for kill
05:51:08 fight: target confirmed dead - looking for next target
05:51:09 fight: highlight found - centered click (1071,687)
05:51:11 fight: combat started - waiting for kill
05:51:13 fight: target confirmed dead - looking for next target
05:51:14 fight: highlight found - centered click (882,790)
05:51:16 fight: combat started - waiting for kill
05:51:20 fight: target confirmed dead - looking for next target
05:51:21 fight: highlight found - centered click (1105,585)
05:51:23 fight: combat started - waiting for kill
05:51:28 fight: target confirmed dead - looking for next target
05:51:28 fight: highlight found - centered click (1102,809)
05:51:30 fight: combat started - waiting for kill
05:51:35 fight: target confirmed dead - looking for next target
05:51:35 fight: highlight found - centered click (943,583)
05:51:38 fight: combat started - waiting for kill
05:51:42 fight: target confirmed dead - looking for next target
05:51:42 fight: highlight found - centered click (1107,690)
05:51:44 fight: combat started - waiting for kill
05:51:56 fight: target confirmed dead - looking for next target
05:51:57 fight: highlight found - centered click (1033,769)
05:51:59 fight: combat started - waiting for kill
05:52:01 fight: target confirmed dead - looking for next target
05:52:02 fight: highlight found - centered click (897,732)
05:52:04 fight: combat started - waiting for kill
05:52:08 fight: target confirmed dead - looking for next target
05:52:09 fight: highlight found - centered click (1171,724)
05:52:11 fight: combat started - waiting for kill
05:52:18 fight: target confirmed dead - looking for next target
05:52:18 fight: highlight found - centered click (942,769)
05:52:20 fight: combat started - waiting for kill
05:52:23 fight: target confirmed dead - looking for next target
05:52:23 fight: highlight found - centered click (1069,585)
05:52:26 fight: combat started - waiting for kill
05:52:30 fight: target confirmed dead - looking for next target
05:52:30 fight: highlight found - centered click (903,620)
05:52:33 fight: combat started - waiting for kill
05:52:40 fight: target confirmed dead - looking for next target
05:52:40 fight: highlight found - centered click (986,741)
05:52:42 fight: combat started - waiting for kill
05:52:47 fight: target confirmed dead - looking for next target
05:52:47 fight: highlight found - centered click (857,677)
05:52:50 fight: combat started - waiting for kill
05:52:59 fight: target confirmed dead - looking for next target
05:52:59 fight: highlight found - centered click (945,732)
05:53:02 fight: combat started - waiting for kill
05:53:06 fight: target confirmed dead - looking for next target
05:53:06 fight: highlight found - centered click (1127,808)
05:53:08 fight: combat started - waiting for kill
05:53:13 fight: target confirmed dead - looking for next target
05:53:14 fight: highlight found - centered click (1069,684)
05:53:16 fight: combat started - waiting for kill
05:53:18 fight: target confirmed dead - looking for next target
05:53:18 fight: highlight found - centered click (937,858)
05:53:20 fight: combat started - waiting for kill
05:53:25 fight: target confirmed dead - looking for next target
05:53:26 fight: highlight found - centered click (1207,673)
05:53:28 fight: combat started - waiting for kill
05:53:30 fight: target confirmed dead - looking for next target
05:53:30 fight: highlight found - centered click (850,771)
05:53:33 fight: combat started - waiting for kill
05:53:35 fight: target confirmed dead - looking for next target
05:53:35 fight: highlight found - centered click (928,769)
05:53:37 fight: combat started - waiting for kill
05:53:44 fight: target confirmed dead - looking for next target
05:53:45 fight: highlight found - centered click (1075,689)
05:53:47 fight: combat started - waiting for kill
05:53:59 fight: target confirmed dead - looking for next target
05:53:59 fight: highlight found - centered click (938,859)
05:54:02 fight: combat started - waiting for kill
05:54:04 fight: target confirmed dead - looking for next target
05:54:04 fight: highlight found - centered click (1108,653)
05:54:07 fight: combat started - waiting for kill
05:54:11 fight: target confirmed dead - looking for next target
05:54:11 fight: highlight found - centered click (1062,541)
05:54:14 fight: combat started - waiting for kill
05:54:18 fight: target confirmed dead - looking for next target
05:54:18 fight: highlight found - centered click (846,863)
05:54:21 fight: combat started - waiting for kill
05:54:30 fight: target confirmed dead - looking for next target
05:54:30 fight: highlight found - centered click (1070,689)
05:54:34 fight: combat never started after click - retrying
05:54:34 fight: highlight found - centered click (1029,769)
05:54:37 fight: combat never started after click - retrying
05:54:38 fight: highlight found - centered click (1029,769)
05:54:41 fight: combat never started after click - retrying
05:54:41 fight: highlight found - centered click (987,771)
05:54:45 fight: combat never started after click - retrying
05:54:45 fight: highlight found - centered click (984,771)
05:54:48 fight: combat never started after click - retrying
05:54:49 fight: highlight found - centered click (984,770)
05:54:52 fight: combat never started after click - retrying
05:54:52 fight: highlight found - centered click (1088,765)
05:54:56 fight: combat never started after click - retrying
05:54:56 fight: highlight found - centered click (1104,752)
05:54:59 fight: combat never started after click - retrying
05:55:00 fight: highlight found - centered click (987,619)
05:55:03 fight: combat never started after click - retrying
05:55:03 fight: highlight found - centered click (886,585)
05:55:07 fight: combat never started after click - retrying
05:55:07 fight: highlight found - centered click (927,594)
05:55:10 fight: combat never started after click - retrying
05:55:11 fight: highlight found - centered click (1032,646)
05:55:14 fight: combat never started after click - retrying
05:55:14 fight: highlight found - centered click (972,662)
05:55:17 fight: combat never started after click - retrying
05:55:18 fight: highlight found - centered click (1089,718)
05:55:21 fight: combat never started after click - retrying
05:55:21 fight: highlight found - centered click (940,657)
05:55:24 fight: combat never started after click - retrying
05:55:25 fight: highlight found - centered click (994,657)
05:55:28 fight: combat never started after click - retrying
05:55:28 fight: highlight found - centered click (1024,650)
05:55:32 fight: combat never started after click - retrying
05:55:32 fight: highlight found - centered click (1025,648)
05:55:35 fight: combat never started after click - retrying
05:55:36 fight: highlight found - centered click (927,770)
05:55:39 fight: combat never started after click - retrying
05:55:39 fight: highlight found - centered click (943,660)
05:55:43 fight: combat never started after click - retrying
05:55:43 fight: highlight found - centered click (946,657)
05:55:46 fight: combat never started after click - retrying
05:55:47 fight: highlight found - centered click (1041,768)
05:55:50 fight: combat never started after click - retrying
05:55:50 fight: highlight found - centered click (1015,651)
05:55:53 fight: combat never started after click - retrying
05:55:54 fight: highlight found - centered click (900,653)
05:55:57 fight: combat never started after click - retrying
05:55:58 fight: highlight found - centered click (1072,654)
05:56:01 fight: combat never started after click - retrying
05:56:01 fight: highlight found - centered click (984,654)
05:56:04 fight: combat never started after click - retrying
05:56:05 fight: highlight found - centered click (900,653)
05:56:08 fight: combat never started after click - retrying
05:56:08 fight: highlight found - centered click (1100,617)
05:56:12 fight: combat never started after click - retrying
05:56:12 fight: highlight found - centered click (921,769)
05:56:15 fight: combat never started after click - retrying
05:56:16 fight: highlight found - centered click (1029,767)
05:56:19 fight: combat never started after click - retrying
05:56:19 fight: highlight found - centered click (1029,767)
05:56:22 fight: combat never started after click - retrying
05:56:23 fight: highlight found - centered click (1028,790)
05:56:26 fight: combat never started after click - retrying
05:56:26 fight: highlight found - centered click (945,619)
05:56:30 fight: combat never started after click - retrying
05:56:30 fight: highlight found - centered click (952,681)
05:56:33 fight: combat never started after click - retrying
05:56:34 fight: highlight found - centered click (952,681)
05:56:37 fight: combat never started after click - retrying
05:56:37 fight: highlight found - centered click (1046,651)
05:56:40 fight: combat never started after click - retrying
05:56:41 fight: highlight found - centered click (943,663)
05:56:44 fight: combat never started after click - retrying
05:56:44 fight: highlight found - centered click (938,703)
05:56:48 fight: combat never started after click - retrying
05:56:48 fight: highlight found - centered click (943,693)
05:56:51 fight: combat never started after click - retrying
05:56:52 fight: highlight found - centered click (943,690)
05:56:55 fight: combat never started after click - retrying
05:56:55 fight: highlight found - centered click (1061,736)
05:56:59 fight: combat never started after click - retrying
05:56:59 fight: highlight found - centered click (946,719)
05:57:02 fight: combat never started after click - retrying
05:57:03 fight: highlight found - centered click (1016,648)
05:57:06 fight: combat never started after click - retrying
05:57:06 fight: highlight found - centered click (1112,691)
05:57:09 fight: combat never started after click - retrying
05:57:10 fight: highlight found - centered click (943,701)
05:57:13 fight: combat never started after click - retrying
05:57:14 fight: highlight found - centered click (980,611)
05:57:17 fight: combat never started after click - retrying
05:57:17 fight: highlight found - centered click (1108,686)
05:57:20 fight: combat never started after click - retrying
05:57:21 fight: highlight found - centered click (988,617)
05:57:24 fight: combat never started after click - retrying
05:57:24 fight: highlight found - centered click (1070,693)
05:57:28 fight: combat never started after click - retrying
05:57:28 fight: highlight found - centered click (1069,684)
05:57:31 fight: combat never started after click - retrying
05:57:32 fight: highlight found - centered click (1069,666)
05:57:35 fight: combat never started after click - retrying
05:57:35 fight: highlight found - centered click (943,654)
05:57:39 fight: combat never started after click - retrying
05:57:39 fight: highlight found - centered click (943,648)
05:57:42 fight: combat never started after click - retrying
05:57:43 fight: highlight found - centered click (943,690)
05:57:46 fight: combat never started after click - retrying
05:57:46 fight: highlight found - centered click (943,690)
05:57:50 fight: combat never started after click - retrying
05:57:50 fight: highlight found - centered click (943,687)
05:57:53 fight: combat never started after click - retrying
05:57:54 fight: highlight found - centered click (942,769)
05:57:57 fight: combat never started after click - retrying
05:57:57 fight: highlight found - centered click (939,769)
05:58:00 fight: combat never started after click - retrying
05:58:01 fight: highlight found - centered click (948,776)
05:58:04 fight: combat never started after click - retrying
05:58:04 fight: highlight found - centered click (983,770)
05:58:08 fight: combat never started after click - retrying
05:58:08 fight: highlight found - centered click (1073,725)
05:58:11 fight: combat never started after click - retrying
05:58:12 fight: highlight found - centered click (1070,719)
05:58:15 fight: combat never started after click - retrying
05:58:15 fight: highlight found - centered click (948,683)
05:58:18 fight: combat never started after click - retrying
05:58:19 fight: highlight found - centered click (943,622)
05:58:22 fight: combat never started after click - retrying
05:58:23 fight: highlight found - centered click (943,687)
05:58:26 fight: combat never started after click - retrying
05:58:26 fight: highlight found - centered click (985,624)
05:58:29 fight: combat never started after click - retrying
05:58:30 fight: highlight found - centered click (1069,684)
05:58:33 fight: combat never started after click - retrying
05:58:33 fight: highlight found - centered click (1069,684)
05:58:37 fight: combat never started after click - retrying
05:58:37 fight: highlight found - centered click (939,689)
05:58:40 fight: combat never started after click - retrying
05:58:41 fight: highlight found - centered click (939,689)
05:58:44 fight: combat never started after click - retrying
05:58:44 fight: highlight found - centered click (1023,651)
05:58:48 fight: combat never started after click - retrying
05:58:48 fight: highlight found - centered click (945,692)
05:58:51 fight: combat never started after click - retrying
05:58:52 fight: highlight found - centered click (1078,781)
05:58:55 fight: combat never started after click - retrying
05:58:55 fight: highlight found - centered click (1027,656)
05:58:59 fight: combat never started after click - retrying
05:58:59 fight: highlight found - centered click (1073,725)
05:59:02 fight: combat never started after click - retrying
05:59:03 fight: highlight found - centered click (940,657)
05:59:06 fight: combat never started after click - retrying
05:59:06 fight: highlight found - centered click (1067,730)
05:59:09 fight: combat never started after click - retrying
05:59:10 fight: highlight found - centered click (1067,727)
05:59:13 fight: combat never started after click - retrying
05:59:13 fight: highlight found - centered click (991,648)
05:59:17 fight: combat never started after click - retrying
05:59:17 fight: highlight found - centered click (997,822)
05:59:20 fight: combat never started after click - retrying
05:59:21 fight: highlight found - centered click (1127,631)
05:59:24 fight: combat never started after click - retrying
05:59:24 fight: highlight found - centered click (960,677)
05:59:27 fight: combat never started after click - retrying
05:59:28 fight: highlight found - centered click (975,662)
05:59:31 fight: combat never started after click - retrying
05:59:31 fight: highlight found - centered click (964,651)
05:59:35 fight: combat never started after click - retrying
05:59:35 fight: highlight found - centered click (986,768)
05:59:38 fight: combat never started after click - retrying
05:59:39 fight: highlight found - centered click (1037,767)
05:59:42 fight: combat never started after click - retrying
05:59:42 fight: highlight found - centered click (1068,766)
05:59:45 fight: combat never started after click - retrying
05:59:46 fight: highlight found - centered click (943,770)
05:59:49 fight: combat never started after click - retrying
05:59:49 fight: highlight found - centered click (1058,645)
05:59:53 fight: combat never started after click - retrying
05:59:53 fight: highlight found - centered click (943,614)
05:59:56 fight: combat never started after click - retrying
05:59:57 fight: highlight found - centered click (1120,765)
06:00:00 fight: combat never started after click - retrying
06:00:01 fight: highlight found - centered click (984,651)
06:00:04 fight: combat never started after click - retrying
06:00:04 fight: highlight found - centered click (982,651)
06:00:07 fight: combat never started after click - retrying
06:00:08 fight: highlight found - centered click (945,689)
06:00:11 fight: combat never started after click - retrying
06:00:11 fight: highlight found - centered click (1073,725)
06:00:15 fight: combat never started after click - retrying
06:00:15 fight: highlight found - centered click (1073,706)
06:00:18 fight: combat never started after click - retrying
06:00:19 fight: highlight found - centered click (1075,767)
06:00:22 fight: combat never started after click - retrying
06:00:22 fight: highlight found - centered click (1078,770)
06:00:26 fight: combat never started after click - retrying
06:00:26 fight: highlight found - centered click (985,603)
06:00:29 fight: combat never started after click - retrying
06:00:30 fight: highlight found - centered click (1075,767)
06:00:33 fight: combat never started after click - retrying
06:00:33 fight: highlight found - centered click (1078,764)
06:00:37 fight: combat never started after click - retrying
06:00:37 fight: highlight found - centered click (949,716)
06:00:40 fight: combat never started after click - retrying
06:00:41 fight: highlight found - centered click (984,771)
06:00:44 fight: combat never started after click - retrying
06:00:44 fight: highlight found - centered click (978,743)
06:00:47 fight: combat never started after click - retrying
06:00:48 fight: highlight found - centered click (1020,654)
06:00:51 fight: combat never started after click - retrying
06:00:51 fight: highlight found - centered click (986,651)
06:00:55 fight: combat never started after click - retrying
06:00:55 fight: highlight found - centered click (1068,689)
06:00:58 fight: combat never started after click - retrying
06:00:59 fight: highlight found - centered click (986,651)
06:01:02 fight: combat never started after click - retrying
06:01:02 fight: highlight found - centered click (986,651)
06:01:06 fight: combat never started after click - retrying
06:01:06 fight: highlight found - centered click (1070,724)
06:01:09 fight: combat never started after click - retrying
06:01:10 fight: highlight found - centered click (1073,725)
06:01:13 fight: combat never started after click - retrying
06:01:13 fight: highlight found - centered click (940,731)
06:01:17 fight: combat never started after click - retrying
06:01:17 fight: highlight found - centered click (940,725)
06:01:20 fight: combat never started after click - retrying
06:01:21 fight: highlight found - centered click (938,622)
06:01:24 fight: combat never started after click - retrying
06:01:24 fight: highlight found - centered click (941,664)
06:01:27 fight: combat never started after click - retrying
06:01:28 fight: highlight found - centered click (1043,685)
06:01:31 fight: combat never started after click - retrying
06:01:31 fight: highlight found - centered click (1025,547)
06:01:35 fight: combat never started after click - retrying
06:01:35 fight: highlight found - centered click (882,635)
06:01:38 fight: combat never started after click - retrying
06:01:39 fight: highlight found - centered click (1105,617)
06:01:42 fight: combat never started after click - retrying
06:01:42 fight: highlight found - centered click (1072,721)
06:01:46 fight: combat never started after click - retrying
06:01:46 fight: highlight found - centered click (1067,689)
06:01:49 fight: combat never started after click - retrying
06:01:50 fight: highlight found - centered click (1070,689)
06:01:53 fight: combat never started after click - retrying
06:01:53 fight: highlight found - centered click (923,798)
06:01:57 fight: combat never started after click - retrying
06:01:57 fight: highlight found - centered click (1093,668)
06:02:00 fight: combat never started after click - retrying
06:02:01 fight: highlight found - centered click (986,727)
06:02:04 fight: combat never started after click - retrying
06:02:04 fight: highlight found - centered click (1030,726)
06:02:07 fight: combat never started after click - retrying
06:02:08 fight: highlight found - centered click (986,727)
06:02:11 fight: combat never started after click - retrying
06:02:11 fight: highlight found - centered click (986,728)
06:02:15 fight: combat never started after click - retrying
06:02:15 fight: highlight found - centered click (1071,690)
06:02:18 fight: combat never started after click - retrying
06:02:19 fight: highlight found - centered click (1066,660)
06:02:22 fight: combat never started after click - retrying
06:02:22 fight: highlight found - centered click (954,780)
06:02:26 fight: combat never started after click - retrying
06:02:26 fight: highlight found - centered click (1030,727)
06:02:29 fight: combat never started after click - retrying
06:02:30 fight: highlight found - centered click (915,729)
06:02:33 fight: combat never started after click - retrying
06:02:33 fight: highlight found - centered click (1069,687)
06:02:37 fight: combat never started after click - retrying
06:02:37 fight: highlight found - centered click (986,769)
06:02:40 fight: combat never started after click - retrying
06:02:41 fight: highlight found - centered click (986,768)
06:02:44 fight: combat never started after click - retrying
06:02:44 fight: highlight found - centered click (986,771)
06:02:48 fight: combat never started after click - retrying
06:02:48 fight: highlight found - centered click (943,727)
06:02:51 fight: combat never started after click - retrying
06:02:51 fight: highlight found - centered click (969,707)
06:02:55 fight: combat never started after click - retrying
06:02:55 fight: highlight found - centered click (1099,620)
06:02:58 fight: combat never started after click - retrying
06:02:59 fight: highlight found - centered click (1099,620)
06:03:02 fight: combat never started after click - retrying
06:03:02 fight: highlight found - centered click (1070,688)
06:03:05 fight: combat never started after click - retrying
06:03:06 fight: highlight found - centered click (940,624)
06:03:09 fight: combat never started after click - retrying
06:03:10 fight: highlight found - centered click (1070,689)
06:03:13 fight: combat never started after click - retrying
06:03:13 fight: highlight found - centered click (1067,689)
06:03:16 fight: combat never started after click - retrying
06:03:17 fight: highlight found - centered click (1070,689)
06:03:20 fight: combat never started after click - retrying
06:03:21 fight: highlight found - centered click (1070,689)
06:03:24 fight: combat never started after click - retrying
06:03:24 fight: highlight found - centered click (1070,686)
06:03:28 fight: combat never started after click - retrying
06:03:28 fight: highlight found - centered click (894,623)
06:03:31 fight: combat never started after click - retrying
06:03:32 fight: highlight found - centered click (1079,854)
06:03:35 fight: combat never started after click - retrying
06:03:35 fight: highlight found - centered click (1121,791)
06:03:39 fight: combat never started after click - retrying
06:03:39 fight: highlight found - centered click (996,760)
06:03:42 fight: combat never started after click - retrying
06:03:43 fight: highlight found - centered click (996,760)
06:03:46 fight: combat never started after click - retrying
06:03:46 fight: highlight found - centered click (963,748)
06:03:49 fight: combat never started after click - retrying
06:03:50 fight: highlight found - centered click (951,738)
06:03:53 fight: combat never started after click - retrying
06:03:53 fight: highlight found - centered click (903,614)
06:03:57 fight: combat never started after click - retrying
06:03:57 fight: highlight found - centered click (915,557)
06:04:00 fight: combat never started after click - retrying
06:04:01 fight: highlight found - centered click (884,568)
06:04:04 fight: combat never started after click - retrying
06:04:04 fight: highlight found - centered click (900,611)
06:04:08 fight: combat never started after click - retrying
06:04:08 fight: highlight found - centered click (967,666)
06:04:11 fight: combat never started after click - retrying
06:04:12 fight: highlight found - centered click (943,702)
06:04:15 fight: combat never started after click - retrying
06:04:15 fight: highlight found - centered click (1030,769)
06:04:19 fight: combat never started after click - retrying
06:04:19 fight: highlight found - centered click (1029,767)
06:04:22 fight: combat never started after click - retrying
06:04:23 fight: highlight found - centered click (943,690)
06:04:26 fight: combat never started after click - retrying
06:04:26 fight: highlight found - centered click (943,690)
06:04:30 fight: combat never started after click - retrying
06:04:30 fight: highlight found - centered click (989,769)
06:04:33 fight: combat never started after click - retrying
06:04:34 fight: highlight found - centered click (981,782)
06:04:37 fight: combat never started after click - retrying
06:04:37 fight: highlight found - centered click (939,769)
06:04:40 fight: combat never started after click - retrying
06:04:41 fight: highlight found - centered click (1082,857)
06:04:44 fight: combat never started after click - retrying
06:04:44 fight: highlight found - centered click (1075,792)
06:04:48 fight: combat never started after click - retrying
06:04:48 fight: highlight found - centered click (1072,727)
06:04:51 fight: combat never started after click - retrying
06:04:52 fight: highlight found - centered click (989,769)
06:04:55 fight: combat never started after click - retrying
06:04:55 fight: highlight found - centered click (989,769)
06:04:59 fight: combat never started after click - retrying
06:04:59 fight: highlight found - centered click (976,648)
06:05:02 fight: combat never started after click - retrying
06:05:03 fight: highlight found - centered click (985,651)
06:05:06 fight: combat never started after click - retrying
06:05:06 fight: highlight found - centered click (937,698)
06:05:09 fight: combat never started after click - retrying
06:05:10 fight: highlight found - centered click (1073,727)
06:05:13 fight: combat never started after click - retrying
06:05:13 fight: highlight found - centered click (975,759)
06:05:16 fight: combat never started after click - retrying
06:05:17 fight: highlight found - centered click (1016,769)
06:05:20 fight: combat never started after click - retrying
06:05:20 fight: highlight found - centered click (1033,768)
06:05:24 fight: combat never started after click - retrying
06:05:24 fight: highlight found - centered click (1030,768)
06:05:27 fight: combat never started after click - retrying
06:05:28 fight: highlight found - centered click (1033,771)
06:05:31 fight: combat never started after click - retrying
06:05:31 fight: highlight found - centered click (1033,768)
06:05:35 fight: combat never started after click - retrying
06:05:35 fight: highlight found - centered click (1033,768)
06:05:38 fight: combat never started after click - retrying
06:05:39 fight: highlight found - centered click (853,693)
06:05:42 fight: combat never started after click - retrying
06:05:42 fight: highlight found - centered click (959,861)
06:05:46 fight: combat never started after click - retrying
06:05:46 fight: highlight found - centered click (919,790)
06:05:49 fight: combat never started after click - retrying
06:05:50 fight: highlight found - centered click (863,616)
06:05:53 fight: combat never started after click - retrying
06:05:53 fight: highlight found - centered click (1033,774)
06:05:56 fight: combat never started after click - retrying
06:05:57 fight: highlight found - centered click (987,771)
06:06:00 fight: combat never started after click - retrying
06:06:00 fight: highlight found - centered click (1067,683)
06:06:04 fight: combat never started after click - retrying
06:06:04 fight: highlight found - centered click (942,769)
06:06:07 fight: combat never started after click - retrying
06:06:08 fight: highlight found - centered click (939,769)
06:06:11 fight: combat never started after click - retrying
06:06:11 fight: highlight found - centered click (1001,769)
06:06:14 fight: combat never started after click - retrying
06:06:15 fight: highlight found - centered click (1033,771)
06:06:18 fight: combat never started after click - retrying
06:06:18 fight: highlight found - centered click (991,771)
06:06:22 fight: combat never started after click - retrying
06:06:22 fight: highlight found - centered click (940,807)
06:06:25 fight: combat never started after click - retrying
06:06:26 fight: highlight found - centered click (940,772)
06:06:29 fight: combat never started after click - retrying
06:06:29 fight: highlight found - centered click (940,769)
06:06:33 fight: combat never started after click - retrying
06:06:33 fight: highlight found - centered click (943,687)
06:06:36 fight: combat never started after click - retrying
06:06:37 fight: highlight found - centered click (963,671)
06:06:40 fight: combat never started after click - retrying
06:06:40 fight: highlight found - centered click (939,689)
06:06:44 fight: combat never started after click - retrying
06:06:44 fight: highlight found - centered click (1072,705)
06:06:47 fight: combat never started after click - retrying
06:06:48 fight: highlight found - centered click (1073,724)
06:06:51 fight: combat never started after click - retrying
06:06:51 fight: highlight found - centered click (1073,727)
06:06:55 fight: combat never started after click - retrying
06:06:55 fight: highlight found - centered click (1073,727)
06:06:58 fight: combat never started after click - retrying
06:06:59 fight: highlight found - centered click (1045,761)
06:07:02 fight: combat never started after click - retrying
06:07:02 fight: highlight found - centered click (1032,858)
06:07:05 fight: combat never started after click - retrying
06:07:06 fight: highlight found - centered click (1122,811)
06:07:09 fight: combat never started after click - retrying
06:07:10 fight: highlight found - centered click (1051,768)
06:07:13 fight: combat never started after click - retrying
06:07:13 fight: highlight found - centered click (1047,844)
06:07:16 fight: combat never started after click - retrying
06:07:17 fight: highlight found - centered click (1032,811)
06:07:20 fight: combat never started after click - retrying
06:07:20 fight: highlight found - centered click (1032,811)
06:07:24 fight: combat never started after click - retrying
06:07:24 fight: highlight found - centered click (1069,651)
06:07:27 fight: combat never started after click - retrying
06:07:28 fight: highlight found - centered click (1069,648)
06:07:31 fight: combat never started after click - retrying
06:07:31 fight: highlight found - centered click (975,784)
06:07:35 fight: combat never started after click - retrying
06:07:35 fight: highlight found - centered click (1068,651)
06:07:38 fight: combat never started after click - retrying
06:07:39 fight: highlight found - centered click (1066,651)
06:07:42 fight: combat never started after click - retrying
06:07:42 fight: highlight found - centered click (942,617)
06:07:46 fight: combat never started after click - retrying
06:07:46 fight: highlight found - centered click (1030,771)
06:07:49 fight: combat never started after click - retrying
06:07:50 fight: highlight found - centered click (1038,659)
06:07:53 fight: combat never started after click - retrying
06:07:53 fight: highlight found - centered click (1032,650)
06:07:56 fight: combat never started after click - retrying
06:07:57 fight: highlight found - centered click (1010,633)
06:08:00 fight: combat never started after click - retrying
06:08:00 fight: highlight found - centered click (985,640)
06:08:04 fight: combat never started after click - retrying
06:08:04 fight: highlight found - centered click (942,692)
06:08:07 fight: combat never started after click - retrying
06:08:08 fight: highlight found - centered click (1086,810)
06:08:11 fight: combat never started after click - retrying
06:08:11 fight: highlight found - centered click (1009,746)
06:08:14 fight: combat never started after click - retrying
06:08:15 fight: highlight found - centered click (996,759)
06:08:18 fight: combat never started after click - retrying
06:08:18 fight: highlight found - centered click (996,759)
06:08:21 fight: combat never started after click - retrying
06:08:22 fight: highlight found - centered click (996,759)
06:08:25 fight: combat never started after click - retrying
06:08:25 fight: highlight found - centered click (1061,737)
06:08:29 fight: combat never started after click - retrying
06:08:29 fight: highlight found - centered click (1061,737)
06:08:32 fight: combat never started after click - retrying
06:08:33 fight: highlight found - centered click (1061,737)
06:08:36 fight: combat never started after click - retrying
06:08:36 fight: highlight found - centered click (1025,651)
06:08:39 fight: combat never started after click - retrying
06:08:40 fight: highlight found - centered click (997,625)
06:08:43 fight: combat never started after click - retrying
06:08:43 fight: highlight found - centered click (1090,753)
06:08:47 fight: combat never started after click - retrying
06:08:47 fight: highlight found - centered click (1027,651)
06:08:50 fight: combat never started after click - retrying
06:08:51 fight: highlight found - centered click (1154,686)
06:08:54 fight: combat never started after click - retrying
06:08:54 fight: highlight found - centered click (928,758)
06:08:58 fight: combat never started after click - retrying
06:08:58 fight: highlight found - centered click (971,735)
06:09:01 fight: combat never started after click - retrying
06:09:02 fight: highlight found - centered click (903,617)
06:09:05 fight: combat never started after click - retrying
06:09:05 fight: highlight found - centered click (900,626)
06:09:08 fight: combat never started after click - retrying
06:09:09 fight: highlight found - centered click (1113,732)
06:09:12 fight: combat never started after click - retrying
06:09:13 fight: highlight found - centered click (986,770)
06:09:16 fight: combat never started after click - retrying
06:09:16 fight: highlight found - centered click (1071,690)
06:09:19 fight: combat never started after click - retrying
06:09:20 fight: highlight found - centered click (1071,690)
06:09:23 fight: combat never started after click - retrying
06:09:24 fight: highlight found - centered click (1028,769)
06:09:27 fight: combat never started after click - retrying
06:09:27 fight: highlight found - centered click (936,689)
06:09:30 fight: combat never started after click - retrying
06:09:31 fight: highlight found - centered click (1053,674)
06:09:34 fight: combat never started after click - retrying
06:09:35 fight: highlight found - centered click (967,617)
06:09:38 fight: combat never started after click - retrying
06:09:38 fight: highlight found - centered click (1128,811)
06:09:41 fight: combat never started after click - retrying
06:09:42 fight: highlight found - centered click (903,617)
06:09:45 fight: combat never started after click - retrying
06:09:46 fight: highlight found - centered click (1069,648)
06:09:49 fight: combat never started after click - retrying
06:09:49 fight: highlight found - centered click (1073,770)
06:09:52 fight: combat never started after click - retrying
06:09:53 fight: highlight found - centered click (1076,770)
06:09:56 fight: combat never started after click - retrying
06:09:57 fight: highlight found - centered click (1076,770)
06:10:00 fight: combat never started after click - retrying
06:10:00 fight: highlight found - centered click (1021,762)
06:10:03 fight: combat never started after click - retrying
06:10:04 fight: highlight found - centered click (1074,770)
06:10:07 fight: combat never started after click - retrying
06:10:08 fight: highlight found - centered click (951,773)
06:10:11 fight: combat never started after click - retrying
06:10:11 fight: highlight found - centered click (1105,772)
06:10:14 fight: combat never started after click - retrying
06:10:15 fight: highlight found - centered click (1012,804)
06:10:18 fight: combat never started after click - retrying
06:10:18 fight: highlight found - centered click (1079,812)
06:10:22 fight: combat never started after click - retrying
06:10:22 fight: highlight found - centered click (1032,815)
06:10:25 fight: combat never started after click - retrying
06:10:26 fight: highlight found - centered click (1032,811)
06:10:29 fight: combat never started after click - retrying
06:10:29 fight: highlight found - centered click (1030,769)
06:10:33 fight: combat never started after click - retrying
06:10:33 fight: highlight found - centered click (1124,812)
06:10:36 fight: combat never started after click - retrying
06:10:37 fight: highlight found - centered click (1114,727)
06:10:40 fight: combat never started after click - retrying
06:10:40 fight: highlight found - centered click (1114,727)
06:10:44 fight: combat never started after click - retrying
06:10:44 fight: highlight found - centered click (1114,727)
06:10:47 fight: combat never started after click - retrying
06:10:48 fight: highlight found - centered click (1124,812)
06:10:51 fight: combat never started after click - retrying
06:10:51 fight: highlight found - centered click (1115,724)
06:10:55 fight: combat never started after click - retrying
06:10:55 fight: highlight found - centered click (1088,813)
06:10:58 fight: combat never started after click - retrying
06:10:59 fight: highlight found - centered click (1060,677)
06:11:02 fight: combat never started after click - retrying
06:11:02 fight: highlight found - centered click (1027,613)
06:11:05 fight: combat never started after click - retrying
06:11:06 fight: highlight found - centered click (1027,625)
06:11:09 fight: combat never started after click - retrying
06:11:09 fight: highlight found - centered click (988,642)
06:11:13 fight: combat never started after click - retrying
06:11:13 fight: highlight found - centered click (989,769)
06:11:16 fight: combat never started after click - retrying
06:11:17 fight: highlight found - centered click (985,805)
06:11:20 fight: combat never started after click - retrying
06:11:20 fight: highlight found - centered click (986,771)
06:11:24 fight: combat never started after click - retrying
06:11:24 fight: highlight found - centered click (986,771)
06:11:27 fight: combat never started after click - retrying
06:11:28 fight: highlight found - centered click (954,745)
06:11:31 fight: combat never started after click - retrying
06:11:31 fight: highlight found - centered click (943,698)
06:11:34 fight: combat never started after click - retrying
06:11:35 fight: highlight found - centered click (1026,615)
06:11:38 fight: combat never started after click - retrying
06:11:38 fight: highlight found - centered click (1115,729)
06:11:42 fight: combat never started after click - retrying
06:11:42 fight: highlight found - centered click (948,737)
06:11:45 fight: combat never started after click - retrying
06:11:46 fight: highlight found - centered click (1070,648)
06:11:49 fight: combat never started after click - retrying
06:11:49 fight: highlight found - centered click (1070,648)
06:11:53 fight: combat never started after click - retrying
06:11:53 fight: highlight found - centered click (943,690)
06:11:56 fight: combat never started after click - retrying
06:11:57 fight: highlight found - centered click (943,690)
06:12:00 fight: combat never started after click - retrying
06:12:00 fight: highlight found - centered click (1026,769)
06:12:04 fight: combat never started after click - retrying
06:12:04 fight: highlight found - centered click (910,772)
06:12:07 fight: combat never started after click - retrying
06:12:08 fight: highlight found - centered click (1015,622)
06:12:11 fight: combat never started after click - retrying
06:12:11 fight: highlight found - centered click (1015,622)
06:12:14 fight: combat never started after click - retrying
06:12:15 fight: highlight found - centered click (1015,622)
06:12:18 fight: combat never started after click - retrying
06:12:18 fight: highlight found - centered click (1015,622)
06:12:22 fight: combat never started after click - retrying
06:12:22 fight: highlight found - centered click (1019,759)
06:12:25 fight: combat never started after click - retrying
06:12:26 fight: highlight found - centered click (1073,727)
06:12:29 fight: combat never started after click - retrying
06:12:29 fight: highlight found - centered click (1081,715)
06:12:32 fight: combat never started after click - retrying
06:12:33 fight: highlight found - centered click (1027,613)
06:12:36 fight: combat never started after click - retrying
06:12:37 fight: highlight found - centered click (1027,613)
06:12:40 fight: combat never started after click - retrying
06:12:40 fight: highlight found - centered click (1027,613)
06:12:43 fight: combat never started after click - retrying
06:12:44 fight: highlight found - centered click (1027,613)
06:12:47 fight: combat never started after click - retrying
06:12:48 fight: highlight found - centered click (1009,617)
06:12:51 fight: combat never started after click - retrying
06:12:51 fight: highlight found - centered click (1078,815)
06:12:54 fight: combat never started after click - retrying
06:12:55 fight: highlight found - centered click (982,617)
06:12:58 fight: combat never started after click - retrying
06:12:58 fight: highlight found - centered click (922,672)
06:13:02 fight: combat never started after click - retrying
06:13:02 fight: highlight found - centered click (897,775)
06:13:05 fight: combat never started after click - retrying
06:13:06 fight: highlight found - centered click (898,772)
06:13:09 fight: combat never started after click - retrying
06:13:09 fight: highlight found - centered click (903,829)
06:13:13 fight: combat never started after click - retrying
06:13:13 fight: highlight found - centered click (1015,622)
06:13:16 fight: combat never started after click - retrying
06:13:17 fight: highlight found - centered click (987,617)
06:13:20 fight: combat never started after click - retrying
06:13:20 fight: highlight found - centered click (897,700)
06:13:24 fight: combat never started after click - retrying
06:13:24 fight: highlight found - centered click (955,678)
06:13:27 fight: combat never started after click - retrying
06:13:28 fight: highlight found - centered click (1029,654)
06:13:31 fight: combat never started after click - retrying
06:13:31 fight: highlight found - centered click (1027,613)
06:13:34 fight: combat never started after click - retrying
06:13:35 fight: highlight found - centered click (986,811)
06:13:38 fight: combat never started after click - retrying
06:13:38 fight: highlight found - centered click (1084,813)
06:13:42 fight: combat never started after click - retrying
06:13:42 fight: highlight found - centered click (945,729)
06:13:45 fight: combat never started after click - retrying
06:13:46 fight: highlight found - centered click (943,690)
06:13:49 fight: combat never started after click - retrying
06:13:49 fight: highlight found - centered click (949,628)
06:13:52 fight: combat never started after click - retrying
06:13:53 fight: highlight found - centered click (1023,617)
06:13:56 fight: combat never started after click - retrying
06:13:57 fight: highlight found - centered click (976,657)
06:14:00 fight: combat never started after click - retrying
06:14:00 fight: highlight found - centered click (903,617)
06:14:03 fight: combat never started after click - retrying
06:14:04 fight: highlight found - centered click (903,617)
06:14:07 fight: combat never started after click - retrying
06:14:08 fight: highlight found - centered click (903,617)
06:14:11 fight: combat never started after click - retrying
06:14:11 fight: highlight found - centered click (903,617)
06:14:14 fight: combat never started after click - retrying
06:14:15 fight: highlight found - centered click (995,783)
06:14:18 fight: combat never started after click - retrying
06:14:18 fight: highlight found - centered click (986,813)
06:14:22 fight: combat never started after click - retrying
06:14:22 fight: highlight found - centered click (1072,688)
06:14:25 fight: combat never started after click - retrying
06:14:26 fight: highlight found - centered click (897,623)
06:14:29 fight: combat never started after click - retrying
06:14:29 fight: highlight found - centered click (1015,651)
06:14:33 fight: combat never started after click - retrying
06:14:33 fight: highlight found - centered click (949,654)
06:14:36 fight: combat never started after click - retrying
06:14:37 fight: highlight found - centered click (899,659)
06:14:40 fight: combat never started after click - retrying
06:14:40 fight: highlight found - centered click (945,693)
06:14:43 fight: combat never started after click - retrying
06:14:44 fight: highlight found - centered click (945,693)
06:14:47 fight: combat never started after click - retrying
06:14:47 fight: highlight found - centered click (945,695)
06:14:51 fight: combat never started after click - retrying
06:14:51 fight: highlight found - centered click (1102,654)
06:14:54 fight: combat never started after click - retrying
06:14:55 fight: highlight found - centered click (920,814)
06:14:58 fight: combat never started after click - retrying
06:14:58 fight: highlight found - centered click (900,729)
06:15:02 fight: combat never started after click - retrying
06:15:02 fight: highlight found - centered click (847,811)
06:15:05 fight: combat never started after click - retrying
06:15:06 fight: highlight found - centered click (914,666)
06:15:09 fight: combat never started after click - retrying
06:15:09 fight: highlight found - centered click (1069,684)
06:15:13 fight: combat never started after click - retrying
06:15:13 fight: highlight found - centered click (1068,651)
06:15:16 fight: combat never started after click - retrying
06:15:17 fight: highlight found - centered click (1029,769)
06:15:20 fight: combat never started after click - retrying
06:15:20 fight: highlight found - centered click (1029,771)
06:15:23 fight: combat never started after click - retrying
06:15:24 fight: highlight found - centered click (1029,727)
06:15:27 fight: combat never started after click - retrying
06:15:28 fight: highlight found - centered click (1069,648)
06:15:31 fight: combat never started after click - retrying
06:15:31 fight: highlight found - centered click (1069,648)
06:15:34 fight: combat never started after click - retrying
06:15:35 fight: highlight found - centered click (1075,770)
06:15:38 fight: combat never started after click - retrying
06:15:38 fight: highlight found - centered click (1075,770)
06:15:42 fight: combat never started after click - retrying
06:15:42 fight: highlight found - centered click (1074,726)
06:15:45 fight: combat never started after click - retrying
06:15:46 fight: highlight found - centered click (1066,651)
06:15:49 fight: combat never started after click - retrying
06:15:49 fight: highlight found - centered click (1066,651)
06:15:53 fight: combat never started after click - retrying
06:15:53 fight: highlight found - centered click (1066,651)
06:15:56 fight: combat never started after click - retrying
06:15:57 fight: highlight found - centered click (995,619)
06:16:00 fight: combat never started after click - retrying
06:16:00 fight: highlight found - centered click (943,687)
06:16:03 fight: combat never started after click - retrying
06:16:04 fight: highlight found - centered click (943,651)
06:16:07 fight: combat never started after click - retrying
06:16:08 fight: highlight found - centered click (943,651)
06:16:11 fight: combat never started after click - retrying
06:16:11 fight: highlight found - centered click (938,814)
06:16:14 fight: combat never started after click - retrying
06:16:15 fight: highlight found - centered click (938,814)
06:16:18 fight: combat never started after click - retrying
06:16:19 fight: highlight found - centered click (938,814)
06:16:22 fight: combat never started after click - retrying
06:16:22 fight: highlight found - centered click (940,834)
06:16:26 fight: combat never started after click - retrying
06:16:26 fight: highlight found - centered click (980,614)
06:16:29 fight: combat never started after click - retrying
06:16:30 fight: highlight found - centered click (940,814)
06:16:33 fight: combat never started after click - retrying
06:16:33 fight: highlight found - centered click (940,811)
06:16:37 fight: combat never started after click - retrying
06:16:37 fight: highlight found - centered click (1119,849)
06:16:40 fight: combat never started after click - retrying
06:16:41 fight: highlight found - centered click (1159,725)
06:16:44 fight: combat never started after click - retrying
06:16:44 fight: highlight found - centered click (897,691)
06:16:48 fight: combat never started after click - retrying
06:16:48 fight: highlight found - centered click (997,787)
06:16:51 fight: combat never started after click - retrying
06:16:51 fight: highlight found - centered click (1011,715)
06:16:55 fight: combat never started after click - retrying
06:16:55 fight: highlight found - centered click (1061,721)
06:16:58 fight: combat never started after click - retrying
06:16:58 fight: highlight found - centered click (1061,721)
06:17:02 fight: combat never started after click - retrying
06:17:02 fight: highlight found - centered click (1060,720)
06:17:05 fight: combat never started after click - retrying
06:17:06 fight: highlight found - centered click (1078,812)
06:17:09 fight: combat never started after click - retrying
06:17:09 fight: highlight found - centered click (1078,812)
06:17:13 fight: combat never started after click - retrying
06:17:13 fight: highlight found - centered click (1115,720)
06:17:16 fight: combat never started after click - retrying
06:17:17 fight: highlight found - centered click (1118,765)
06:17:20 fight: combat never started after click - retrying
06:17:20 fight: highlight found - centered click (894,626)
06:17:24 fight: combat never started after click - retrying
06:17:24 fight: highlight found - centered click (1069,689)
06:17:27 fight: combat never started after click - retrying
06:17:28 fight: highlight found - centered click (935,814)
06:17:31 fight: combat never started after click - retrying
06:17:31 fight: highlight found - centered click (987,813)
06:17:35 fight: combat never started after click - retrying
06:17:35 fight: highlight found - centered click (896,771)
06:19:23 STOPPED: Stopped (F5)
06:19:38 ===== Bot started =====
06:19:38 fight: highlight found - centered click (904,780)
06:19:40 fight: combat started - waiting for kill
06:19:45 fight: target confirmed dead - looking for next target
06:19:45 fight: highlight found - centered click (1123,852)
06:19:47 fight: combat started - waiting for kill
06:19:54 fight: target confirmed dead - looking for next target
06:19:55 fight: highlight found - centered click (1079,810)
06:19:57 fight: combat started - waiting for kill
06:20:04 fight: target confirmed dead - looking for next target
06:20:04 fight: highlight found - centered click (1138,544)
06:20:07 fight: combat started - waiting for kill
06:20:11 fight: target confirmed dead - looking for next target
06:20:11 fight: highlight found - centered click (1243,479)
06:20:14 fight: combat started - waiting for kill
06:20:16 fight: target confirmed dead - looking for next target
06:20:17 fight: highlight found - centered click (942,581)
06:20:19 fight: combat started - waiting for kill
06:20:24 fight: target confirmed dead - looking for next target
06:20:24 fight: highlight found - centered click (986,813)
06:20:26 fight: combat started - waiting for kill
06:20:28 fight: target confirmed dead - looking for next target
06:20:29 fight: highlight found - centered click (895,861)
06:20:31 fight: combat started - waiting for kill
06:20:38 fight: target confirmed dead - looking for next target
06:20:38 fight: highlight found - centered click (892,861)
06:20:41 fight: combat started - waiting for kill
06:20:46 fight: target confirmed dead - looking for next target
06:20:46 fight: highlight found - centered click (950,803)
06:20:48 fight: combat started - waiting for kill
06:20:51 fight: target confirmed dead - looking for next target
06:20:51 fight: highlight found - centered click (905,687)
06:20:54 fight: combat never started after click - retrying
06:20:55 fight: highlight found - centered click (908,684)
06:20:56 fight: combat started - waiting for kill
06:20:58 fight: target confirmed dead - looking for next target
06:20:59 fight: highlight found - centered click (940,813)
06:21:01 fight: combat started - waiting for kill
06:21:08 fight: target confirmed dead - looking for next target
06:21:08 fight: highlight found - centered click (897,727)
06:21:10 fight: combat started - waiting for kill
06:21:13 fight: target confirmed dead - looking for next target
06:21:13 fight: highlight found - centered click (1071,725)
06:21:15 fight: combat started - waiting for kill
06:21:22 fight: target confirmed dead - looking for next target
06:21:23 fight: highlight found - centered click (942,759)
06:21:25 fight: combat started - waiting for kill
06:21:30 fight: target confirmed dead - looking for next target
06:21:30 fight: highlight found - centered click (1104,607)
06:21:33 fight: combat started - waiting for kill
06:21:37 fight: target confirmed dead - looking for next target
06:21:37 fight: highlight found - centered click (1137,767)
06:21:40 fight: combat started - waiting for kill
06:21:49 fight: target confirmed dead - looking for next target
06:21:49 fight: highlight found - centered click (1138,603)
06:21:52 fight: combat started - waiting for kill
06:21:56 fight: target confirmed dead - looking for next target
06:21:56 fight: highlight found - centered click (940,613)
06:21:59 fight: combat started - waiting for kill
06:22:03 fight: target confirmed dead - looking for next target
06:22:04 fight: highlight found - centered click (938,618)
06:22:07 fight: combat never started after click - retrying
06:22:07 fight: highlight found - centered click (898,689)
06:22:09 fight: combat started - waiting for kill
06:22:13 fight: target confirmed dead - looking for next target
06:22:14 fight: highlight found - centered click (985,581)
06:22:16 fight: combat started - waiting for kill
06:22:21 fight: target confirmed dead - looking for next target
06:22:21 fight: highlight found - centered click (1106,756)
06:22:23 fight: combat started - waiting for kill
06:22:30 fight: target confirmed dead - looking for next target
06:22:31 fight: highlight found - centered click (897,622)
06:22:33 fight: combat started - waiting for kill
06:22:37 fight: target confirmed dead - looking for next target
06:22:38 fight: highlight found - centered click (1057,788)
06:22:40 fight: combat started - waiting for kill
06:22:42 fight: target confirmed dead - looking for next target
06:22:43 fight: highlight found - centered click (983,580)
06:22:45 fight: combat started - waiting for kill
06:22:47 fight: target confirmed dead - looking for next target
06:22:47 fight: highlight found - centered click (897,731)
06:22:49 fight: combat started - waiting for kill
06:22:57 fight: target confirmed dead - looking for next target
06:22:57 fight: highlight found - centered click (845,862)
06:23:00 fight: combat started - waiting for kill
06:23:01 fight: target confirmed dead - looking for next target
06:23:02 fight: highlight found - centered click (1123,601)
06:23:05 fight: combat never started after click - retrying
06:23:05 fight: highlight found - centered click (984,765)
06:23:07 fight: combat started - waiting for kill
06:23:09 fight: target confirmed dead - looking for next target
06:23:09 fight: highlight found - centered click (1053,679)
06:23:12 fight: combat started - waiting for kill
06:23:19 fight: target confirmed dead - looking for next target
06:23:19 fight: highlight found - centered click (1148,647)
06:23:22 fight: combat started - waiting for kill
06:23:26 fight: target confirmed dead - looking for next target
06:23:26 fight: highlight found - centered click (891,651)
06:23:29 fight: combat started - waiting for kill
06:23:36 fight: target confirmed dead - looking for next target
06:23:36 fight: highlight found - centered click (936,771)
06:23:38 fight: combat started - waiting for kill
06:23:40 fight: target confirmed dead - looking for next target
06:23:41 fight: highlight found - centered click (1029,815)
06:23:43 fight: combat started - waiting for kill
06:23:50 fight: target confirmed dead - looking for next target
06:23:50 fight: highlight found - centered click (1033,699)
06:23:52 fight: combat started - waiting for kill
06:23:57 fight: target confirmed dead - looking for next target
06:23:58 fight: highlight found - centered click (1076,797)
06:24:00 fight: combat started - waiting for kill
06:24:04 fight: target confirmed dead - looking for next target
06:24:05 fight: highlight found - centered click (1172,855)
06:24:07 fight: combat started - waiting for kill
06:24:12 fight: target confirmed dead - looking for next target
06:24:12 fight: highlight found - centered click (956,862)
06:24:14 fight: combat started - waiting for kill
06:24:16 fight: target confirmed dead - looking for next target
06:24:17 fight: highlight found - centered click (1157,706)
06:24:19 fight: combat started - waiting for kill
06:24:26 fight: target confirmed dead - looking for next target
06:24:26 fight: highlight found - centered click (895,732)
06:24:28 fight: combat started - waiting for kill
06:24:33 fight: target confirmed dead - looking for next target
06:24:34 fight: highlight found - centered click (1053,671)
06:24:36 fight: combat started - waiting for kill
06:24:40 fight: target confirmed dead - looking for next target
06:24:41 fight: highlight found - centered click (1164,768)
06:24:43 fight: combat started - waiting for kill
06:24:45 fight: target confirmed dead - looking for next target
06:24:46 fight: highlight found - centered click (817,655)
06:24:48 fight: combat started - waiting for kill
06:24:52 fight: target confirmed dead - looking for next target
06:24:53 fight: highlight found - centered click (938,900)
06:24:56 fight: combat never started after click - retrying
06:24:56 fight: highlight found - centered click (1098,587)
06:24:58 fight: combat started - waiting for kill
06:25:06 fight: target confirmed dead - looking for next target
06:25:06 fight: highlight found - centered click (894,807)
06:25:09 fight: combat started - waiting for kill
06:25:18 fight: target confirmed dead - looking for next target
06:25:18 fight: highlight found - centered click (879,800)
06:25:20 fight: combat started - waiting for kill
06:25:25 fight: target confirmed dead - looking for next target
06:25:25 fight: highlight found - centered click (979,859)
06:25:28 fight: combat started - waiting for kill
06:25:32 fight: target confirmed dead - looking for next target
06:25:32 fight: highlight found - centered click (1005,635)
06:25:34 fight: combat started - waiting for kill
06:25:44 fight: target confirmed dead - looking for next target
06:25:44 fight: highlight found - centered click (1019,653)
06:25:46 fight: combat started - waiting for kill
06:25:49 fight: target confirmed dead - looking for next target
06:25:49 fight: highlight found - centered click (782,616)
06:25:52 fight: combat started - waiting for kill
06:26:01 fight: target confirmed dead - looking for next target
06:26:01 fight: highlight found - centered click (1072,691)
06:26:03 fight: combat started - waiting for kill
06:26:08 fight: target confirmed dead - looking for next target
06:26:08 fight: highlight found - centered click (863,618)
06:26:11 fight: combat started - waiting for kill
06:26:15 fight: target confirmed dead - looking for next target
06:26:16 fight: highlight found - centered click (1157,720)
06:26:18 fight: combat started - waiting for kill
06:26:22 fight: target confirmed dead - looking for next target
06:26:23 fight: highlight found - centered click (1156,857)
06:26:25 fight: combat started - waiting for kill
06:26:27 fight: target confirmed dead - looking for next target
06:26:28 fight: highlight found - centered click (837,547)
06:26:30 fight: combat started - waiting for kill
06:26:37 fight: target confirmed dead - looking for next target
06:26:38 fight: highlight found - centered click (984,653)
06:26:40 fight: combat started - waiting for kill
06:26:45 fight: target confirmed dead - looking for next target
06:26:45 fight: highlight found - centered click (887,564)
06:26:48 fight: combat started - waiting for kill
06:26:57 fight: target confirmed dead - looking for next target
06:26:57 fight: highlight found - centered click (1121,798)
06:27:00 fight: combat started - waiting for kill
06:27:02 fight: target confirmed dead - looking for next target
06:27:03 fight: highlight found - centered click (1089,579)
06:27:05 fight: combat started - waiting for kill
06:27:14 fight: target confirmed dead - looking for next target
06:27:14 fight: highlight found - centered click (1052,733)
06:27:17 fight: combat started - waiting for kill
06:27:21 fight: target confirmed dead - looking for next target
06:27:22 fight: highlight found - centered click (1185,577)
06:27:24 fight: combat started - waiting for kill
06:27:28 fight: target confirmed dead - looking for next target
06:27:29 fight: highlight found - centered click (863,579)
06:27:31 fight: combat started - waiting for kill
06:27:36 fight: target confirmed dead - looking for next target
06:27:36 fight: highlight found - centered click (1064,577)
06:27:39 fight: combat started - waiting for kill
06:27:40 fight: target confirmed dead - looking for next target
06:27:41 fight: highlight found - centered click (824,582)
06:27:43 fight: combat started - waiting for kill
06:27:46 fight: target confirmed dead - looking for next target
06:27:46 fight: highlight found - centered click (1030,815)
06:27:49 fight: combat never started after click - retrying
06:27:50 fight: highlight found - centered click (909,613)
06:27:52 fight: combat started - waiting for kill
06:27:57 fight: target confirmed dead - looking for next target
06:27:57 fight: highlight found - centered click (1149,612)
06:28:00 fight: combat started - waiting for kill
06:28:01 fight: target confirmed dead - looking for next target
06:28:02 fight: highlight found - centered click (1211,811)
06:28:04 fight: combat started - waiting for kill
06:28:11 fight: target confirmed dead - looking for next target
06:28:11 fight: highlight found - centered click (996,649)
06:28:13 fight: combat started - waiting for kill
06:28:18 fight: target confirmed dead - looking for next target
06:28:19 fight: highlight found - centered click (1029,649)
06:28:21 fight: combat started - waiting for kill
06:28:28 fight: target confirmed dead - looking for next target
06:28:28 fight: highlight found - centered click (1109,650)
06:28:31 fight: combat started - waiting for kill
06:28:40 fight: target confirmed dead - looking for next target
06:28:40 fight: highlight found - centered click (943,769)
06:28:42 fight: combat started - waiting for kill
06:28:45 fight: target confirmed dead - looking for next target
06:28:45 fight: highlight found - centered click (1067,856)
06:28:48 fight: combat started - waiting for kill
06:28:52 fight: target confirmed dead - looking for next target
06:28:53 fight: highlight found - centered click (1142,652)
06:28:55 fight: combat started - waiting for kill
06:29:00 fight: target confirmed dead - looking for next target
06:29:01 fight: highlight found - centered click (1111,651)
06:29:03 fight: combat started - waiting for kill
06:29:05 fight: target confirmed dead - looking for next target
06:29:05 fight: highlight found - centered click (937,865)
06:29:07 fight: combat started - waiting for kill
06:29:15 fight: target confirmed dead - looking for next target
06:29:15 fight: highlight found - centered click (956,708)
06:29:17 fight: combat started - waiting for kill
06:29:27 fight: target confirmed dead - looking for next target
06:29:27 fight: highlight found - centered click (986,907)
06:29:30 fight: combat started - waiting for kill
06:29:31 fight: target confirmed dead - looking for next target
06:29:32 fight: highlight found - centered click (1065,736)
06:29:34 fight: combat started - waiting for kill
06:29:43 fight: target confirmed dead - looking for next target
06:29:44 fight: highlight found - centered click (794,733)
06:29:46 fight: combat started - waiting for kill
06:29:53 fight: target confirmed dead - looking for next target
06:29:54 fight: highlight found - centered click (825,550)
06:29:56 fight: combat started - waiting for kill
06:30:00 fight: target confirmed dead - looking for next target
06:30:01 fight: highlight found - centered click (984,546)
06:30:03 fight: combat started - waiting for kill
06:30:12 fight: target confirmed dead - looking for next target
06:30:13 fight: highlight found - centered click (976,558)
06:30:15 fight: combat started - waiting for kill
06:30:22 fight: target confirmed dead - looking for next target
06:30:22 fight: highlight found - centered click (964,769)
06:30:24 fight: combat started - waiting for kill
06:30:27 fight: target confirmed dead - looking for next target
06:30:27 fight: highlight found - centered click (907,547)
06:30:30 fight: combat started - waiting for kill
06:30:36 fight: target confirmed dead - looking for next target
06:30:37 fight: highlight found - centered click (841,909)
06:30:39 fight: combat started - waiting for kill
06:30:42 fight: target confirmed dead - looking for next target
06:30:42 fight: highlight found - centered click (958,644)
06:30:45 fight: combat never started after click - retrying
06:30:46 fight: highlight found - centered click (1058,695)
06:30:48 fight: combat started - waiting for kill
06:30:50 fight: target confirmed dead - looking for next target
06:30:50 fight: highlight found - centered click (1075,768)
06:30:52 fight: combat started - waiting for kill
06:31:00 fight: target confirmed dead - looking for next target
06:31:00 fight: highlight found - centered click (1140,613)
06:31:03 fight: combat started - waiting for kill
06:31:07 fight: target confirmed dead - looking for next target
06:31:07 fight: highlight found - centered click (943,633)
06:31:09 fight: combat started - waiting for kill
06:31:19 fight: target confirmed dead - looking for next target
06:31:19 fight: highlight found - centered click (948,855)
06:31:22 fight: combat never started after click - retrying
06:31:23 fight: highlight found - centered click (1070,771)
06:31:25 fight: combat started - waiting for kill
06:31:32 fight: target confirmed dead - looking for next target
06:31:32 fight: highlight found - centered click (897,809)
06:31:34 fight: combat started - waiting for kill
06:31:42 fight: target confirmed dead - looking for next target
06:31:42 fight: highlight found - centered click (1128,686)
06:31:45 fight: combat started - waiting for kill
06:31:49 fight: target confirmed dead - looking for next target
06:31:49 fight: highlight found - centered click (996,778)
06:31:51 fight: combat started - waiting for kill
06:31:54 fight: target confirmed dead - looking for next target
06:31:54 fight: highlight found - centered click (1028,653)
06:31:56 fight: combat started - waiting for kill
06:31:58 fight: target confirmed dead - looking for next target
06:31:59 fight: highlight found - centered click (899,651)
06:32:01 fight: combat started - waiting for kill
06:32:08 fight: target confirmed dead - looking for next target
06:32:08 fight: highlight found - centered click (1138,713)
06:32:12 fight: combat never started after click - retrying
06:32:12 fight: highlight found - centered click (1096,547)
06:32:15 fight: combat started - waiting for kill
06:32:19 fight: target confirmed dead - looking for next target
06:32:19 fight: highlight found - centered click (944,612)
06:32:21 fight: combat started - waiting for kill
06:32:24 fight: target confirmed dead - looking for next target
06:32:24 fight: highlight found - centered click (942,676)
06:32:26 fight: combat started - waiting for kill
06:32:31 fight: target confirmed dead - looking for next target
06:32:31 fight: highlight found - centered click (1066,614)
06:32:34 fight: combat started - waiting for kill
06:32:40 fight: target confirmed dead - looking for next target
06:32:41 fight: highlight found - centered click (1067,825)
06:32:43 fight: combat started - waiting for kill
06:32:50 fight: target confirmed dead - looking for next target
06:32:50 fight: highlight found - centered click (862,584)
06:32:53 fight: combat started - waiting for kill
06:33:02 fight: target confirmed dead - looking for next target
06:33:02 fight: highlight found - centered click (944,729)
06:33:04 fight: combat started - waiting for kill
06:33:09 fight: target confirmed dead - looking for next target
06:33:10 fight: highlight found - centered click (1073,768)
06:33:12 fight: combat started - waiting for kill
06:33:14 fight: target confirmed dead - looking for next target
06:33:15 fight: highlight found - centered click (1072,691)
06:33:16 fight: combat started - waiting for kill
06:33:21 fight: target confirmed dead - looking for next target
06:33:22 fight: highlight found - centered click (873,646)
06:33:24 fight: combat started - waiting for kill
06:33:31 fight: target confirmed dead - looking for next target
06:33:31 fight: highlight found - centered click (1178,547)
06:33:34 fight: combat started - waiting for kill
06:33:40 fight: target confirmed dead - looking for next target
06:33:41 fight: highlight found - centered click (940,689)
06:33:43 fight: combat started - waiting for kill
06:33:50 fight: target confirmed dead - looking for next target
06:33:50 fight: highlight found - centered click (942,581)
06:33:53 fight: combat started - waiting for kill
06:33:55 fight: target confirmed dead - looking for next target
06:33:55 fight: highlight found - centered click (1069,691)
06:33:59 fight: combat never started after click - retrying
06:33:59 fight: highlight found - centered click (1034,763)
06:34:01 fight: combat started - waiting for kill
06:34:04 fight: target confirmed dead - looking for next target
06:34:04 fight: highlight found - centered click (1072,718)
06:34:06 fight: combat started - waiting for kill
06:34:10 fight: target confirmed dead - looking for next target
06:34:11 fight: highlight found - centered click (996,642)
06:34:13 fight: combat started - waiting for kill
06:34:22 fight: target confirmed dead - looking for next target
06:34:23 fight: highlight found - centered click (944,581)
06:34:25 fight: combat started - waiting for kill
06:34:32 fight: target confirmed dead - looking for next target
06:34:32 fight: highlight found - centered click (1147,617)
06:34:35 fight: combat started - waiting for kill
06:34:42 fight: target confirmed dead - looking for next target
06:34:42 fight: highlight found - centered click (1012,769)
06:34:44 fight: combat started - waiting for kill
06:34:49 fight: target confirmed dead - looking for next target
06:34:49 fight: highlight found - centered click (1085,905)
06:34:52 fight: combat started - waiting for kill
06:34:56 fight: target confirmed dead - looking for next target
06:34:56 fight: highlight found - centered click (955,609)
06:34:59 fight: combat started - waiting for kill
06:35:03 fight: target confirmed dead - looking for next target
06:35:04 fight: highlight found - centered click (1172,849)
06:35:06 fight: combat started - waiting for kill
06:35:08 fight: target confirmed dead - looking for next target
06:35:09 fight: highlight found - centered click (978,852)
06:35:10 fight: combat started - waiting for kill
06:35:13 fight: target confirmed dead - looking for next target
06:35:13 fight: highlight found - centered click (946,550)
06:35:16 fight: combat started - waiting for kill
06:35:18 fight: target confirmed dead - looking for next target
06:35:18 fight: highlight found - centered click (1126,828)
06:35:21 fight: combat started - waiting for kill
06:35:25 fight: target confirmed dead - looking for next target
06:35:25 fight: highlight found - centered click (1071,691)
06:35:27 fight: combat started - waiting for kill
06:35:30 fight: target confirmed dead - looking for next target
06:35:30 fight: highlight found - centered click (920,601)
06:35:33 fight: combat never started after click - retrying
06:35:34 fight: highlight found - centered click (1029,729)
06:35:36 fight: combat started - waiting for kill
06:35:38 fight: target confirmed dead - looking for next target
06:35:38 fight: highlight found - centered click (1095,663)
06:35:40 fight: combat started - waiting for kill
06:35:43 fight: target confirmed dead - looking for next target
06:35:43 fight: highlight found - centered click (905,782)
06:35:46 fight: combat started - waiting for kill
06:35:52 fight: target confirmed dead - looking for next target
06:35:53 fight: highlight found - centered click (900,619)
06:35:55 fight: combat started - waiting for kill
06:36:00 fight: target confirmed dead - looking for next target
06:36:00 fight: highlight found - centered click (788,742)
06:36:03 fight: combat started - waiting for kill
06:36:07 fight: target confirmed dead - looking for next target
06:36:07 fight: highlight found - centered click (1119,769)
06:36:10 fight: combat started - waiting for kill
06:36:16 fight: target confirmed dead - looking for next target
06:36:17 fight: highlight found - centered click (984,771)
06:36:19 fight: combat started - waiting for kill
06:36:21 fight: target confirmed dead - looking for next target
06:36:22 fight: highlight found - centered click (1063,797)
06:36:24 fight: combat started - waiting for kill
06:36:26 fight: target confirmed dead - looking for next target
06:36:26 fight: highlight found - centered click (926,800)
06:36:29 fight: combat started - waiting for kill
06:36:38 fight: target confirmed dead - looking for next target
06:36:39 fight: highlight found - centered click (989,653)
06:36:41 fight: combat started - waiting for kill
06:36:45 fight: target confirmed dead - looking for next target
06:36:46 fight: highlight found - centered click (1088,721)
06:36:48 fight: combat started - waiting for kill
06:36:52 fight: target confirmed dead - looking for next target
06:36:53 fight: highlight found - centered click (1144,641)
06:36:55 fight: combat started - waiting for kill
06:37:05 fight: target confirmed dead - looking for next target
06:37:05 fight: highlight found - centered click (1021,543)
06:37:07 fight: combat started - waiting for kill
06:37:09 fight: target confirmed dead - looking for next target
06:37:10 fight: highlight found - centered click (1115,685)
06:37:12 fight: combat started - waiting for kill
06:37:17 fight: target confirmed dead - looking for next target
06:37:17 fight: highlight found - centered click (986,858)
06:37:19 fight: combat started - waiting for kill
06:37:26 fight: target confirmed dead - looking for next target
06:37:27 fight: highlight found - centered click (1034,907)
06:37:29 fight: combat started - waiting for kill
06:37:34 fight: target confirmed dead - looking for next target
06:37:34 fight: highlight found - centered click (1084,698)
06:37:37 fight: combat started - waiting for kill
06:37:39 fight: target confirmed dead - looking for next target
06:37:40 fight: highlight found - centered click (987,768)
06:37:43 fight: combat never started after click - retrying
06:37:43 fight: highlight found - centered click (904,575)
06:37:46 fight: combat started - waiting for kill
06:37:48 fight: target confirmed dead - looking for next target
06:37:49 fight: highlight found - centered click (1070,727)
06:37:51 fight: combat started - waiting for kill
06:37:58 fight: target confirmed dead - looking for next target
06:37:58 fight: highlight found - centered click (897,619)
06:38:01 fight: combat started - waiting for kill
06:38:05 fight: target confirmed dead - looking for next target
06:38:06 fight: highlight found - centered click (1072,691)
06:38:08 fight: combat started - waiting for kill
06:38:12 fight: target confirmed dead - looking for next target
06:38:13 fight: highlight found - centered click (1142,582)
06:38:15 fight: combat started - waiting for kill
06:38:20 fight: target confirmed dead - looking for next target
06:38:20 fight: highlight found - centered click (825,684)
06:38:22 fight: combat started - waiting for kill
06:38:27 fight: target confirmed dead - looking for next target
06:38:27 fight: highlight found - centered click (967,894)
06:38:30 fight: combat never started after click - retrying
06:38:31 fight: highlight found - centered click (903,567)
06:38:33 fight: combat started - waiting for kill
06:38:37 fight: target confirmed dead - looking for next target
06:38:37 fight: highlight found - centered click (1064,575)
06:38:40 fight: combat started - waiting for kill
06:38:47 fight: target confirmed dead - looking for next target
06:38:47 fight: highlight found - centered click (1161,727)
06:38:49 fight: combat started - waiting for kill
06:38:54 fight: target confirmed dead - looking for next target
06:38:54 fight: highlight found - centered click (986,902)
06:38:56 fight: combat started - waiting for kill
06:38:58 fight: target confirmed dead - looking for next target
06:38:59 fight: highlight found - centered click (1119,610)
06:39:01 fight: combat started - waiting for kill
06:39:03 fight: target confirmed dead - looking for next target
06:39:04 fight: highlight found - centered click (817,648)
06:39:06 fight: combat started - waiting for kill
06:39:09 fight: target confirmed dead - looking for next target
06:39:09 fight: highlight found - centered click (943,704)
06:39:10 fight: combat started - waiting for kill
06:39:15 fight: target confirmed dead - looking for next target
06:39:16 fight: highlight found - centered click (1043,616)
06:39:18 fight: combat started - waiting for kill
06:39:21 fight: target confirmed dead - looking for next target
06:39:21 fight: highlight found - centered click (787,905)
06:39:24 fight: combat started - waiting for kill
06:39:28 fight: target confirmed dead - looking for next target
06:39:28 fight: highlight found - centered click (1112,774)
06:39:31 fight: combat started - waiting for kill
06:39:33 fight: target confirmed dead - looking for next target
06:39:33 fight: highlight found - centered click (919,889)
06:39:36 fight: combat never started after click - retrying
06:39:37 fight: highlight found - centered click (1003,833)
06:39:40 fight: combat never started after click - retrying
06:39:40 fight: highlight found - centered click (939,687)
06:39:42 fight: combat started - waiting for kill
06:39:46 fight: target confirmed dead - looking for next target
06:39:47 fight: highlight found - centered click (934,615)
06:39:50 fight: combat started - waiting for kill
06:39:52 fight: target confirmed dead - looking for next target
06:39:52 fight: highlight found - centered click (1072,727)
06:39:54 fight: combat started - waiting for kill
06:39:59 fight: target confirmed dead - looking for next target
06:40:00 fight: highlight found - centered click (854,687)
06:40:02 fight: combat started - waiting for kill
06:40:06 fight: target confirmed dead - looking for next target
06:40:07 fight: highlight found - centered click (1140,586)
06:40:09 fight: combat started - waiting for kill
06:40:16 fight: target confirmed dead - looking for next target
06:40:16 fight: highlight found - centered click (1013,773)
06:40:19 fight: combat started - waiting for kill
06:40:24 fight: target confirmed dead - looking for next target
06:40:24 fight: highlight found - centered click (1025,769)
06:40:26 fight: combat started - waiting for kill
06:40:35 fight: target confirmed dead - looking for next target
06:40:36 fight: highlight found - centered click (985,618)
06:40:37 fight: combat started - waiting for kill
06:40:42 fight: target confirmed dead - looking for next target
06:40:43 fight: highlight found - centered click (850,688)
06:40:45 fight: combat started - waiting for kill
06:40:50 fight: target confirmed dead - looking for next target
06:40:50 fight: highlight found - centered click (1146,612)
06:40:52 fight: combat started - waiting for kill
06:40:57 fight: target confirmed dead - looking for next target
06:40:57 fight: highlight found - centered click (842,859)
06:41:00 fight: combat started - waiting for kill
06:41:06 fight: target confirmed dead - looking for next target
06:41:07 fight: highlight found - centered click (1069,832)
06:41:09 fight: combat started - waiting for kill
06:41:11 fight: target confirmed dead - looking for next target
06:41:12 fight: highlight found - centered click (822,550)
06:41:14 fight: combat started - waiting for kill
06:41:16 fight: target confirmed dead - looking for next target
06:41:17 fight: highlight found - centered click (942,524)
06:41:19 fight: combat started - waiting for kill
06:41:23 fight: target confirmed dead - looking for next target
06:41:24 fight: highlight found - centered click (1031,856)
06:41:26 fight: combat started - waiting for kill
06:41:33 fight: target confirmed dead - looking for next target
06:41:33 fight: highlight found - centered click (865,587)
06:41:36 fight: combat started - waiting for kill
06:41:38 fight: target confirmed dead - looking for next target
06:41:38 fight: highlight found - centered click (1076,774)
06:41:40 fight: combat started - waiting for kill
06:41:45 fight: target confirmed dead - looking for next target
06:41:45 fight: highlight found - centered click (1082,906)
06:41:48 fight: combat started - waiting for kill
06:41:49 fight: target confirmed dead - looking for next target
06:41:50 fight: highlight found - centered click (794,525)
06:41:52 fight: combat started - waiting for kill
06:42:01 fight: target confirmed dead - looking for next target
06:42:02 fight: highlight found - centered click (853,730)
06:42:05 fight: combat started - waiting for kill
06:42:06 fight: target confirmed dead - looking for next target
06:42:07 fight: highlight found - centered click (1076,769)
06:42:09 fight: combat started - waiting for kill
06:42:12 fight: target confirmed dead - looking for next target
06:42:12 fight: highlight found - centered click (975,661)
06:42:15 fight: combat never started after click - retrying
06:42:16 fight: highlight found - centered click (975,661)
06:42:17 fight: combat started - waiting for kill
06:42:20 fight: target confirmed dead - looking for next target
06:42:20 fight: highlight found - centered click (1072,725)
06:42:22 fight: combat started - waiting for kill
06:42:29 fight: target confirmed dead - looking for next target
06:42:30 fight: highlight found - centered click (1041,848)
06:42:32 fight: combat started - waiting for kill
06:42:34 fight: target confirmed dead - looking for next target
06:42:34 fight: highlight found - centered click (1153,688)
06:42:37 fight: combat started - waiting for kill
06:42:39 fight: target confirmed dead - looking for next target
06:42:40 fight: highlight found - centered click (1047,670)
06:42:43 fight: combat never started after click - retrying
06:42:43 fight: highlight found - centered click (1026,619)
06:42:45 fight: combat started - waiting for kill
06:42:50 fight: target confirmed dead - looking for next target
06:42:51 fight: highlight found - centered click (943,689)
06:42:53 fight: combat started - waiting for kill
06:43:00 fight: target confirmed dead - looking for next target
06:43:00 fight: highlight found - centered click (942,553)
06:43:03 fight: combat started - waiting for kill
06:43:05 fight: target confirmed dead - looking for next target
06:43:05 fight: highlight found - centered click (876,794)
06:43:07 fight: combat started - waiting for kill
06:43:12 fight: target confirmed dead - looking for next target
06:43:12 fight: highlight found - centered click (1098,848)
06:43:15 fight: combat started - waiting for kill
06:43:19 fight: target confirmed dead - looking for next target
06:43:19 fight: highlight found - centered click (1181,606)
06:43:22 fight: combat started - waiting for kill
06:43:26 fight: target confirmed dead - looking for next target
06:43:27 fight: highlight found - centered click (1166,795)
06:43:29 fight: combat started - waiting for kill
06:43:33 fight: target confirmed dead - looking for next target
06:43:34 fight: highlight found - centered click (850,731)
06:43:36 fight: combat started - waiting for kill
06:43:38 fight: target confirmed dead - looking for next target
06:43:39 fight: highlight found - centered click (831,559)
06:43:41 fight: combat started - waiting for kill
06:43:48 fight: target confirmed dead - looking for next target
06:43:48 fight: highlight found - centered click (843,859)
06:43:51 fight: combat started - waiting for kill
06:43:53 fight: target confirmed dead - looking for next target
06:43:54 fight: highlight found - centered click (933,811)
06:43:57 fight: combat never started after click - retrying
06:43:57 fight: highlight found - centered click (1102,547)
06:44:00 fight: combat started - waiting for kill
06:44:06 fight: target confirmed dead - looking for next target
06:44:07 fight: highlight found - centered click (1126,853)
06:44:09 fight: combat started - waiting for kill
06:44:11 fight: target confirmed dead - looking for next target
06:44:12 fight: highlight found - centered click (930,676)
06:44:14 fight: combat started - waiting for kill
06:44:16 fight: target confirmed dead - looking for next target
06:44:16 fight: highlight found - centered click (1104,721)
06:44:19 fight: combat started - waiting for kill
06:44:23 fight: target confirmed dead - looking for next target
06:44:24 fight: highlight found - centered click (1023,581)
06:44:26 fight: combat started - waiting for kill
06:44:30 fight: target confirmed dead - looking for next target
06:44:31 fight: highlight found - centered click (842,858)
06:44:33 fight: combat started - waiting for kill
06:44:35 fight: target confirmed dead - looking for next target
06:44:36 fight: highlight found - centered click (794,525)
06:44:38 fight: combat started - waiting for kill
06:44:41 fight: target confirmed dead - looking for next target
06:44:41 fight: highlight found - centered click (1062,550)
06:44:43 fight: combat started - waiting for kill
06:44:51 fight: target confirmed dead - looking for next target
06:44:51 fight: highlight found - centered click (983,785)
06:44:53 fight: combat started - waiting for kill
06:45:02 fight: target confirmed dead - looking for next target
06:45:03 fight: highlight found - centered click (1074,763)
06:45:05 fight: combat started - waiting for kill
06:45:12 fight: target confirmed dead - looking for next target
06:45:13 fight: highlight found - centered click (928,754)
06:45:14 fight: combat started - waiting for kill
06:45:21 fight: target confirmed dead - looking for next target
06:45:22 fight: highlight found - centered click (1138,745)
06:45:25 fight: combat never started after click - retrying
06:45:25 fight: highlight found - centered click (1145,576)
06:45:28 fight: combat started - waiting for kill
06:45:30 fight: target confirmed dead - looking for next target
06:45:30 fight: highlight found - centered click (940,811)
06:45:32 fight: combat started - waiting for kill
06:45:37 fight: target confirmed dead - looking for next target
06:45:37 fight: highlight found - centered click (1027,653)
06:45:39 fight: combat started - waiting for kill
06:45:47 fight: target confirmed dead - looking for next target
06:45:47 fight: highlight found - centered click (868,584)
06:45:50 fight: combat started - waiting for kill
06:45:54 fight: target confirmed dead - looking for next target
06:45:54 fight: highlight found - centered click (937,858)
06:45:57 fight: combat started - waiting for kill
06:46:03 fight: target confirmed dead - looking for next target
06:46:04 fight: highlight found - centered click (1029,727)
06:46:06 fight: combat started - waiting for kill
06:46:08 fight: target confirmed dead - looking for next target
06:46:09 fight: highlight found - centered click (1110,689)
06:46:11 fight: combat started - waiting for kill
06:46:18 fight: target confirmed dead - looking for next target
06:46:18 fight: highlight found - centered click (1073,558)
06:46:21 fight: combat started - waiting for kill
06:46:25 fight: target confirmed dead - looking for next target
06:46:25 fight: highlight found - centered click (919,561)
06:46:28 fight: combat started - waiting for kill
06:46:35 fight: target confirmed dead - looking for next target
06:46:35 fight: highlight found - centered click (1022,515)
06:46:38 fight: combat started - waiting for kill
06:46:44 fight: target confirmed dead - looking for next target
06:46:44 fight: highlight found - centered click (900,674)
06:46:47 fight: combat started - waiting for kill
06:46:54 fight: target confirmed dead - looking for next target
06:46:54 fight: highlight found - centered click (845,821)
06:46:57 fight: combat started - waiting for kill
06:46:59 fight: target confirmed dead - looking for next target
06:46:59 fight: highlight found - centered click (1075,691)
06:47:01 fight: combat started - waiting for kill
06:47:06 fight: target confirmed dead - looking for next target
06:47:06 fight: highlight found - centered click (903,619)
06:47:08 fight: combat started - waiting for kill
06:47:13 fight: target confirmed dead - looking for next target
06:47:13 fight: highlight found - centered click (1073,727)
06:47:15 fight: combat started - waiting for kill
06:47:18 fight: target confirmed dead - looking for next target
06:47:18 fight: highlight found - centered click (1119,769)
06:47:21 fight: combat started - waiting for kill
06:47:26 fight: target confirmed dead - looking for next target
06:47:26 fight: highlight found - centered click (965,709)
06:47:27 fight: combat started - waiting for kill
06:47:32 fight: target confirmed dead - looking for next target
06:47:33 fight: highlight found - centered click (916,651)
06:47:35 fight: combat started - waiting for kill
06:47:37 fight: target confirmed dead - looking for next target
06:47:37 fight: highlight found - centered click (1143,579)
06:47:40 fight: combat started - waiting for kill
06:47:44 fight: target confirmed dead - looking for next target
06:47:45 fight: highlight found - centered click (854,689)
06:47:47 fight: combat started - waiting for kill
06:47:51 fight: target confirmed dead - looking for next target
06:47:52 fight: highlight found - centered click (1070,650)
06:47:54 fight: combat started - waiting for kill
06:47:56 fight: target confirmed dead - looking for next target
06:47:57 fight: highlight found - centered click (910,587)
06:47:59 fight: combat started - waiting for kill
06:48:02 fight: target confirmed dead - looking for next target
06:48:02 fight: highlight found - centered click (801,679)
06:48:05 fight: combat started - waiting for kill
06:48:07 fight: target confirmed dead - looking for next target
06:48:07 fight: highlight found - centered click (1015,769)
06:48:09 fight: combat started - waiting for kill
06:48:14 fight: target confirmed dead - looking for next target
06:48:14 fight: highlight found - centered click (1140,576)
06:48:17 fight: combat started - waiting for kill
06:48:21 fight: target confirmed dead - looking for next target
06:48:21 fight: highlight found - centered click (1067,581)
06:48:24 fight: combat started - waiting for kill
06:48:30 fight: target confirmed dead - looking for next target
06:48:31 fight: highlight found - centered click (1127,857)
06:48:33 fight: combat started - waiting for kill
06:48:35 fight: target confirmed dead - looking for next target
06:48:36 fight: highlight found - centered click (863,606)
06:48:38 fight: combat started - waiting for kill
06:48:42 fight: target confirmed dead - looking for next target
06:48:43 fight: highlight found - centered click (1179,899)
06:48:45 fight: combat started - waiting for kill
06:48:50 fight: target confirmed dead - looking for next target
06:48:50 fight: highlight found - centered click (1057,581)
06:48:53 fight: combat started - waiting for kill
06:48:57 fight: target confirmed dead - looking for next target
06:48:57 fight: highlight found - centered click (1020,553)
06:49:00 fight: combat started - waiting for kill
06:49:09 fight: target confirmed dead - looking for next target
06:49:09 fight: highlight found - centered click (805,732)
06:49:12 fight: combat started - waiting for kill
06:49:16 fight: target confirmed dead - looking for next target
06:49:16 fight: highlight found - centered click (1064,575)
06:49:19 fight: combat started - waiting for kill
06:49:24 fight: target confirmed dead - looking for next target
06:49:24 fight: highlight found - centered click (982,649)
06:49:26 fight: combat started - waiting for kill
06:49:31 fight: target confirmed dead - looking for next target
06:49:31 fight: highlight found - centered click (1120,851)
06:49:33 fight: combat started - waiting for kill
06:49:38 fight: target confirmed dead - looking for next target
06:49:39 fight: highlight found - centered click (1072,727)
06:49:41 fight: combat started - waiting for kill
06:49:43 fight: target confirmed dead - looking for next target
06:49:43 fight: highlight found - centered click (982,585)
06:49:46 fight: combat started - waiting for kill
06:49:48 fight: target confirmed dead - looking for next target
06:49:49 fight: highlight found - centered click (1115,684)
06:49:52 fight: combat never started after click - retrying
06:49:52 fight: highlight found - centered click (896,654)
06:49:54 fight: combat started - waiting for kill
06:50:02 fight: target confirmed dead - looking for next target
06:50:02 fight: highlight found - centered click (940,811)
06:50:04 fight: combat started - waiting for kill
06:50:14 fight: target confirmed dead - looking for next target
06:50:14 fight: highlight found - centered click (1073,727)
06:50:16 fight: combat started - waiting for kill
06:50:23 fight: target confirmed dead - looking for next target
06:50:24 fight: highlight found - centered click (1104,814)
06:50:26 fight: combat started - waiting for kill
06:50:28 fight: target confirmed dead - looking for next target
06:50:28 fight: highlight found - centered click (874,641)
06:50:30 fight: combat started - waiting for kill
06:50:35 fight: target confirmed dead - looking for next target
06:50:36 fight: highlight found - centered click (1129,667)
06:50:38 fight: combat started - waiting for kill
06:50:42 fight: target confirmed dead - looking for next target
06:50:43 fight: highlight found - centered click (926,633)
06:50:45 fight: combat started - waiting for kill
06:50:47 fight: target confirmed dead - looking for next target
06:50:48 fight: highlight found - centered click (1157,705)
06:50:50 fight: combat started - waiting for kill
06:50:54 fight: target confirmed dead - looking for next target
06:50:55 fight: highlight found - centered click (1127,857)
06:50:57 fight: combat started - waiting for kill
06:51:02 fight: target confirmed dead - looking for next target
06:51:02 fight: highlight found - centered click (1073,729)
06:51:04 fight: combat started - waiting for kill
06:51:16 fight: target confirmed dead - looking for next target
06:51:16 fight: highlight found - centered click (908,765)
06:51:19 fight: combat started - waiting for kill
06:51:28 fight: target confirmed dead - looking for next target
06:51:28 fight: highlight found - centered click (905,584)
06:51:31 fight: combat started - waiting for kill
06:51:35 fight: target confirmed dead - looking for next target
06:51:36 fight: highlight found - centered click (938,730)
06:51:38 fight: combat started - waiting for kill
06:51:42 fight: target confirmed dead - looking for next target
06:51:43 fight: highlight found - centered click (1071,691)
06:51:45 fight: combat started - waiting for kill
06:51:52 fight: target confirmed dead - looking for next target
06:51:52 fight: highlight found - centered click (1075,771)
06:51:55 fight: combat started - waiting for kill
06:52:06 fight: target confirmed dead - looking for next target
06:52:07 fight: highlight found - centered click (861,730)
06:52:09 fight: combat started - waiting for kill
06:52:14 fight: target confirmed dead - looking for next target
06:52:15 fight: highlight found - centered click (1104,610)
06:52:17 fight: combat started - waiting for kill
06:52:19 fight: target confirmed dead - looking for next target
06:52:19 fight: highlight found - centered click (1155,729)
06:52:22 fight: combat started - waiting for kill
06:52:26 fight: target confirmed dead - looking for next target
06:52:27 fight: highlight found - centered click (950,813)
06:52:29 fight: combat started - waiting for kill
06:52:36 fight: target confirmed dead - looking for next target
06:52:36 fight: highlight found - centered click (1073,729)
06:52:38 fight: combat started - waiting for kill
06:52:45 fight: target confirmed dead - looking for next target
06:52:46 fight: highlight found - centered click (857,655)
06:52:48 fight: combat started - waiting for kill
06:52:53 fight: target confirmed dead - looking for next target
06:52:53 fight: highlight found - centered click (1020,581)
06:52:56 fight: combat started - waiting for kill
06:52:58 fight: target confirmed dead - looking for next target
06:52:58 fight: highlight found - centered click (1089,827)
06:53:02 fight: combat never started after click - retrying
06:53:02 fight: highlight found - centered click (862,798)
06:53:04 fight: combat started - waiting for kill
06:53:09 fight: target confirmed dead - looking for next target
06:53:09 fight: highlight found - centered click (1032,855)
06:53:12 fight: combat started - waiting for kill
06:53:14 fight: target confirmed dead - looking for next target
06:53:15 fight: highlight found - centered click (1029,769)
06:53:16 fight: combat started - waiting for kill
06:53:28 fight: target confirmed dead - looking for next target
06:53:28 fight: highlight found - centered click (1026,619)
06:53:30 fight: combat started - waiting for kill
06:53:38 fight: target confirmed dead - looking for next target
06:53:38 fight: highlight found - centered click (986,770)
06:53:40 fight: combat started - waiting for kill
06:53:45 fight: target confirmed dead - looking for next target
06:53:45 fight: highlight found - centered click (939,691)
06:53:47 fight: combat started - waiting for kill
06:53:54 fight: target confirmed dead - looking for next target
06:53:55 fight: highlight found - centered click (939,769)
06:53:57 fight: combat started - waiting for kill
06:54:02 fight: target confirmed dead - looking for next target
06:54:02 fight: highlight found - centered click (1075,530)
06:54:04 fight: combat started - waiting for kill
06:54:06 fight: target confirmed dead - looking for next target
06:54:07 fight: highlight found - centered click (805,769)
06:54:09 fight: combat started - waiting for kill
06:54:11 fight: target confirmed dead - looking for next target
06:54:12 fight: highlight found - centered click (1143,576)
06:54:14 fight: combat started - waiting for kill
06:54:21 fight: target confirmed dead - looking for next target
06:54:22 fight: highlight found - centered click (984,653)
06:54:24 fight: combat started - waiting for kill
06:54:31 fight: target confirmed dead - looking for next target
06:54:31 fight: highlight found - centered click (899,699)
06:54:33 fight: combat started - waiting for kill
06:54:36 fight: target confirmed dead - looking for next target
06:54:36 fight: highlight found - centered click (1108,651)
06:54:38 fight: combat started - waiting for kill
06:54:41 fight: target confirmed dead - looking for next target
06:54:41 fight: highlight found - centered click (1005,790)
06:54:43 fight: combat started - waiting for kill
06:54:45 fight: target confirmed dead - looking for next target
06:54:46 fight: highlight found - centered click (1222,853)
06:54:48 fight: combat started - waiting for kill
06:54:53 fight: target confirmed dead - looking for next target
06:54:53 fight: highlight found - centered click (1153,649)
06:54:56 fight: combat started - waiting for kill
06:54:57 fight: target confirmed dead - looking for next target
06:54:58 fight: highlight found - centered click (940,811)
06:55:00 fight: combat started - waiting for kill
06:55:02 fight: target confirmed dead - looking for next target
06:55:03 fight: highlight found - centered click (1143,579)
06:55:05 fight: combat started - waiting for kill
06:55:09 fight: target confirmed dead - looking for next target
06:55:10 fight: highlight found - centered click (943,653)
06:55:12 fight: combat started - waiting for kill
06:55:26 fight: target confirmed dead - looking for next target
06:55:27 fight: highlight found - centered click (1073,727)
06:55:29 fight: combat started - waiting for kill
06:55:31 fight: target confirmed dead - looking for next target
06:55:31 fight: highlight found - centered click (977,733)
06:55:34 fight: combat never started after click - retrying
06:55:35 fight: highlight found - centered click (990,818)
06:55:36 fight: combat started - waiting for kill
06:55:39 fight: target confirmed dead - looking for next target
06:55:39 fight: highlight found - centered click (939,691)
06:55:41 fight: combat started - waiting for kill
06:55:48 fight: target confirmed dead - looking for next target
06:55:49 fight: highlight found - centered click (1108,651)
06:55:51 fight: combat started - waiting for kill
06:55:53 fight: target confirmed dead - looking for next target
06:55:54 fight: highlight found - centered click (985,653)
06:55:56 fight: combat started - waiting for kill
06:56:03 fight: target confirmed dead - looking for next target
06:56:03 fight: highlight found - centered click (879,674)
06:56:05 fight: combat started - waiting for kill
06:56:10 fight: target confirmed dead - looking for next target
06:56:10 fight: highlight found - centered click (1004,633)
06:56:13 fight: combat started - waiting for kill
06:56:15 fight: target confirmed dead - looking for next target
06:56:16 fight: highlight found - centered click (940,811)
06:56:19 fight: combat never started after click - retrying
06:56:19 fight: highlight found - centered click (937,811)
06:56:21 fight: combat started - waiting for kill
06:56:29 fight: target confirmed dead - looking for next target
06:56:29 fight: highlight found - centered click (896,651)
06:56:31 fight: combat started - waiting for kill
06:56:43 fight: target confirmed dead - looking for next target
06:56:43 fight: highlight found - centered click (938,770)
06:56:45 fight: combat started - waiting for kill
06:56:50 fight: target confirmed dead - looking for next target
06:56:51 fight: highlight found - centered click (842,859)
06:56:53 fight: combat started - waiting for kill
06:56:56 fight: target confirmed dead - looking for next target
06:56:56 fight: highlight found - centered click (1059,680)
06:56:57 fight: combat started - waiting for kill
06:57:02 fight: target confirmed dead - looking for next target
06:57:03 fight: highlight found - centered click (940,767)
06:57:05 fight: combat started - waiting for kill
06:57:09 fight: target confirmed dead - looking for next target
06:57:10 fight: highlight found - centered click (930,619)
06:57:12 fight: combat started - waiting for kill
06:57:17 fight: target confirmed dead - looking for next target
06:57:17 fight: highlight found - centered click (776,587)
06:57:20 fight: combat started - waiting for kill
06:57:24 fight: target confirmed dead - looking for next target
06:57:24 fight: highlight found - centered click (986,823)
06:57:27 fight: combat started - waiting for kill
06:57:29 fight: target confirmed dead - looking for next target
06:57:29 fight: highlight found - centered click (1117,727)
06:57:31 fight: combat started - waiting for kill
06:57:33 fight: target confirmed dead - looking for next target
06:57:34 fight: highlight found - centered click (939,691)
06:57:36 fight: combat started - waiting for kill
06:57:45 fight: target confirmed dead - looking for next target
06:57:46 fight: highlight found - centered click (1069,587)
06:57:48 fight: combat started - waiting for kill
06:57:53 fight: target confirmed dead - looking for next target
06:57:53 fight: highlight found - centered click (984,653)
06:57:55 fight: combat started - waiting for kill
06:57:57 fight: target confirmed dead - looking for next target
06:57:58 fight: highlight found - centered click (1002,778)
06:58:00 fight: combat started - waiting for kill
06:58:05 fight: target confirmed dead - looking for next target
06:58:05 fight: highlight found - centered click (1023,653)
06:58:07 fight: combat started - waiting for kill
06:58:12 fight: target confirmed dead - looking for next target
06:58:12 fight: highlight found - centered click (1143,579)
06:58:15 fight: combat started - waiting for kill
06:58:19 fight: target confirmed dead - looking for next target
06:58:19 fight: highlight found - centered click (990,575)
06:58:23 fight: combat never started after click - retrying
06:58:23 fight: highlight found - centered click (1071,691)
06:58:25 fight: combat started - waiting for kill
06:58:27 fight: target confirmed dead - looking for next target
06:58:28 fight: highlight found - centered click (876,643)
06:58:30 fight: combat started - waiting for kill
06:58:33 fight: target confirmed dead - looking for next target
06:58:33 fight: highlight found - centered click (942,691)
06:58:37 fight: combat never started after click - retrying
06:58:37 fight: highlight found - centered click (944,583)
06:58:39 fight: combat started - waiting for kill
06:58:46 fight: target confirmed dead - looking for next target
06:58:46 fight: highlight found - centered click (835,587)
06:58:49 fight: combat started - waiting for kill
06:58:58 fight: target confirmed dead - looking for next target
06:58:58 fight: highlight found - centered click (1069,653)
06:59:00 fight: combat started - waiting for kill
06:59:03 fight: target confirmed dead - looking for next target
06:59:03 fight: highlight found - centered click (984,769)
06:59:06 fight: combat started - waiting for kill
06:59:08 fight: target confirmed dead - looking for next target
06:59:09 fight: highlight found - centered click (847,814)
06:59:11 fight: combat started - waiting for kill
06:59:14 fight: target confirmed dead - looking for next target
06:59:14 fight: highlight found - centered click (1169,808)
06:59:17 fight: combat never started after click - retrying
06:59:18 fight: highlight found - centered click (901,581)
06:59:20 fight: combat started - waiting for kill
06:59:29 fight: target confirmed dead - looking for next target
06:59:30 fight: highlight found - centered click (984,549)
06:59:32 fight: combat started - waiting for kill
06:59:34 fight: target confirmed dead - looking for next target
06:59:34 fight: highlight found - centered click (1069,647)
06:59:36 fight: combat started - waiting for kill
06:59:39 fight: target confirmed dead - looking for next target
06:59:39 fight: highlight found - centered click (937,811)
06:59:41 fight: combat started - waiting for kill
06:59:44 fight: target confirmed dead - looking for next target
06:59:44 fight: highlight found - centered click (1033,811)
06:59:46 fight: combat started - waiting for kill
06:59:51 fight: target confirmed dead - looking for next target
06:59:51 fight: highlight found - centered click (1084,857)
06:59:54 fight: combat started - waiting for kill
06:59:56 fight: target confirmed dead - looking for next target
06:59:56 fight: highlight found - centered click (1029,649)
06:59:59 fight: combat never started after click - retrying
07:00:00 fight: highlight found - centered click (905,578)
07:00:02 fight: combat started - waiting for kill
07:00:04 fight: target confirmed dead - looking for next target
07:00:04 fight: highlight found - centered click (866,544)
07:00:07 fight: combat started - waiting for kill
07:00:16 fight: target confirmed dead - looking for next target
07:00:16 fight: highlight found - centered click (1110,688)
07:00:18 fight: combat started - waiting for kill
07:00:21 fight: target confirmed dead - looking for next target
07:00:22 fight: highlight found - centered click (1081,776)
07:00:24 fight: combat started - waiting for kill
07:00:26 fight: target confirmed dead - looking for next target
07:00:26 fight: highlight found - centered click (986,769)
07:00:28 fight: combat started - waiting for kill
07:00:33 fight: target confirmed dead - looking for next target
07:00:33 fight: highlight found - centered click (1069,689)
07:00:36 fight: combat started - waiting for kill
07:00:38 fight: target confirmed dead - looking for next target
07:00:39 fight: highlight found - centered click (943,580)
07:00:42 fight: combat never started after click - retrying
07:00:42 fight: highlight found - centered click (859,590)
07:00:45 fight: combat started - waiting for kill
07:00:49 fight: target confirmed dead - looking for next target
07:00:49 fight: highlight found - centered click (912,610)
07:00:52 fight: combat started - waiting for kill
07:00:59 fight: target confirmed dead - looking for next target
07:00:59 fight: highlight found - centered click (897,729)
07:01:01 fight: combat started - waiting for kill
07:01:06 fight: target confirmed dead - looking for next target
07:01:06 fight: highlight found - centered click (1025,653)
07:01:08 fight: combat started - waiting for kill
07:01:15 fight: target confirmed dead - looking for next target
07:01:16 fight: highlight found - centered click (1023,575)
07:01:18 fight: combat started - waiting for kill
07:01:20 fight: target confirmed dead - looking for next target
07:01:21 fight: highlight found - centered click (1129,901)
07:01:23 fight: combat started - waiting for kill
07:01:25 fight: target confirmed dead - looking for next target
07:01:25 fight: highlight found - centered click (1172,629)
07:01:28 fight: combat started - waiting for kill
07:01:30 fight: target confirmed dead - looking for next target
07:01:30 fight: highlight found - centered click (984,653)
07:01:32 fight: combat started - waiting for kill
07:01:37 fight: target confirmed dead - looking for next target
07:01:37 fight: highlight found - centered click (895,813)
07:01:39 fight: combat started - waiting for kill
07:01:47 fight: target confirmed dead - looking for next target
07:01:47 fight: highlight found - centered click (1069,647)
07:01:49 fight: combat started - waiting for kill
07:01:51 fight: target confirmed dead - looking for next target
07:01:52 fight: highlight found - centered click (1170,853)
07:01:54 fight: combat started - waiting for kill
07:01:59 fight: target confirmed dead - looking for next target
07:01:59 fight: highlight found - centered click (943,550)
07:02:02 fight: combat started - waiting for kill
07:02:06 fight: target confirmed dead - looking for next target
07:02:07 fight: highlight found - centered click (905,578)
07:02:09 fight: combat started - waiting for kill
07:02:14 fight: target confirmed dead - looking for next target
07:02:15 fight: highlight found - centered click (1226,906)
07:02:17 fight: combat started - waiting for kill
07:02:26 fight: target confirmed dead - looking for next target
07:02:27 fight: highlight found - centered click (1059,656)
07:02:29 fight: combat started - waiting for kill
07:02:31 fight: target confirmed dead - looking for next target
07:02:32 fight: highlight found - centered click (1196,689)
07:02:34 fight: combat started - waiting for kill
07:02:36 fight: target confirmed dead - looking for next target
07:02:37 fight: highlight found - centered click (908,481)
07:02:39 fight: combat started - waiting for kill
07:02:42 fight: target confirmed dead - looking for next target
07:02:42 fight: highlight found - centered click (1126,828)
07:02:46 fight: combat never started after click - retrying
07:02:46 fight: highlight found - centered click (905,578)
07:02:48 fight: combat started - waiting for kill
07:02:55 fight: target confirmed dead - looking for next target
07:02:56 fight: highlight found - centered click (1215,806)
07:02:58 fight: combat started - waiting for kill
07:03:07 fight: target confirmed dead - looking for next target
07:03:07 fight: highlight found - centered click (981,769)
07:03:09 fight: combat started - waiting for kill
07:03:17 fight: target confirmed dead - looking for next target
07:03:17 fight: highlight found - centered click (919,691)
07:03:19 fight: combat started - waiting for kill
07:03:26 fight: target confirmed dead - looking for next target
07:03:27 fight: highlight found - centered click (1029,771)
07:03:29 fight: combat started - waiting for kill
07:03:41 fight: target confirmed dead - looking for next target
07:03:41 fight: highlight found - centered click (1065,618)
07:03:43 fight: combat started - waiting for kill
07:03:45 fight: target confirmed dead - looking for next target
07:03:46 fight: highlight found - centered click (986,579)
07:03:48 fight: combat started - waiting for kill
07:03:55 fight: target confirmed dead - looking for next target
07:03:55 fight: highlight found - centered click (987,769)
07:03:57 fight: combat started - waiting for kill
07:04:05 fight: target confirmed dead - looking for next target
07:04:05 fight: highlight found - centered click (893,813)
07:04:07 fight: combat started - waiting for kill
07:04:09 fight: target confirmed dead - looking for next target
07:04:10 fight: highlight found - centered click (1020,513)
07:04:12 fight: combat started - waiting for kill
07:04:17 fight: target confirmed dead - looking for next target
07:04:17 fight: highlight found - centered click (1065,613)
07:04:20 fight: combat started - waiting for kill
07:04:22 fight: target confirmed dead - looking for next target
07:04:22 fight: highlight found - centered click (941,729)
07:04:24 fight: combat started - waiting for kill
07:04:27 fight: target confirmed dead - looking for next target
07:04:27 fight: highlight found - centered click (1057,581)
07:04:29 fight: combat started - waiting for kill
07:04:36 fight: target confirmed dead - looking for next target
07:04:37 fight: highlight found - centered click (1180,811)
07:04:39 fight: combat started - waiting for kill
07:04:49 fight: target confirmed dead - looking for next target
07:04:49 fight: highlight found - centered click (1156,697)
07:04:52 fight: combat started - waiting for kill
07:04:54 fight: target confirmed dead - looking for next target
07:04:54 fight: highlight found - centered click (1030,807)
07:04:57 fight: combat started - waiting for kill
07:05:08 fight: target confirmed dead - looking for next target
07:05:09 fight: highlight found - centered click (968,638)
07:05:12 fight: combat never started after click - retrying
07:05:12 fight: highlight found - centered click (985,649)
07:05:14 fight: combat started - waiting for kill
07:05:16 fight: target confirmed dead - looking for next target
07:05:17 fight: highlight found - centered click (795,861)
07:05:19 fight: combat started - waiting for kill
07:05:23 fight: target confirmed dead - looking for next target
07:05:24 fight: highlight found - centered click (885,809)
07:05:26 fight: combat started - waiting for kill
07:05:35 fight: target confirmed dead - looking for next target
07:05:36 fight: highlight found - centered click (933,833)
07:05:39 fight: combat never started after click - retrying
07:05:39 fight: highlight found - centered click (1074,767)
07:05:41 fight: combat started - waiting for kill
07:05:46 fight: target confirmed dead - looking for next target
07:05:46 fight: highlight found - centered click (906,584)
07:05:49 fight: combat started - waiting for kill
07:05:56 fight: target confirmed dead - looking for next target
07:05:56 fight: highlight found - centered click (1196,581)
07:05:59 fight: combat started - waiting for kill
07:06:04 fight: target confirmed dead - looking for next target
07:06:04 fight: highlight found - centered click (1111,685)
07:06:06 fight: combat started - waiting for kill
07:06:08 fight: target confirmed dead - looking for next target
07:06:09 fight: highlight found - centered click (845,823)
07:06:11 fight: combat started - waiting for kill
07:06:15 fight: target confirmed dead - looking for next target
07:06:16 fight: highlight found - centered click (899,711)
07:06:18 fight: combat started - waiting for kill
07:06:25 fight: target confirmed dead - looking for next target
07:06:26 fight: highlight found - centered click (946,550)
07:06:28 fight: combat started - waiting for kill
07:06:35 fight: target confirmed dead - looking for next target
07:06:35 fight: highlight found - centered click (1109,613)
07:06:37 fight: combat started - waiting for kill
07:06:44 fight: target confirmed dead - looking for next target
07:06:45 fight: highlight found - centered click (1195,651)
07:06:47 fight: combat started - waiting for kill
07:06:50 fight: target confirmed dead - looking for next target
07:06:50 fight: highlight found - centered click (1136,513)
07:06:53 fight: combat started - waiting for kill
07:06:57 fight: target confirmed dead - looking for next target
07:06:57 fight: highlight found - centered click (856,771)
07:06:59 fight: combat started - waiting for kill
07:07:06 fight: target confirmed dead - looking for next target
07:07:07 fight: highlight found - centered click (859,735)
07:07:09 fight: combat started - waiting for kill
07:07:14 fight: target confirmed dead - looking for next target
07:07:14 fight: highlight found - centered click (1026,616)
07:07:16 fight: combat started - waiting for kill
07:07:28 fight: target confirmed dead - looking for next target
07:07:29 fight: highlight found - centered click (1105,616)
07:07:31 fight: combat started - waiting for kill
07:07:38 fight: target confirmed dead - looking for next target
07:07:38 fight: highlight found - centered click (1147,617)
07:07:41 fight: combat started - waiting for kill
07:07:47 fight: target confirmed dead - looking for next target
07:07:48 fight: highlight found - centered click (986,702)
07:07:50 fight: combat started - waiting for kill
07:07:54 fight: target confirmed dead - looking for next target
07:07:55 fight: highlight found - centered click (894,772)
07:07:57 fight: combat started - waiting for kill
07:08:02 fight: target confirmed dead - looking for next target
07:08:02 fight: highlight found - centered click (855,655)
07:08:05 fight: combat started - waiting for kill
07:08:09 fight: target confirmed dead - looking for next target
07:08:09 fight: highlight found - centered click (941,731)
07:08:11 fight: combat started - waiting for kill
07:08:14 fight: target confirmed dead - looking for next target
07:08:14 fight: highlight found - centered click (1115,819)
07:08:16 fight: combat started - waiting for kill
07:08:23 fight: target confirmed dead - looking for next target
07:08:24 fight: highlight found - centered click (1042,801)
07:08:26 fight: combat started - waiting for kill
07:08:28 fight: target confirmed dead - looking for next target
07:08:29 fight: highlight found - centered click (1112,685)
07:08:30 fight: combat started - waiting for kill
07:08:35 fight: target confirmed dead - looking for next target
07:08:36 fight: highlight found - centered click (940,815)
07:08:38 fight: combat started - waiting for kill
07:08:40 fight: target confirmed dead - looking for next target
07:08:41 fight: highlight found - centered click (1032,859)
07:08:43 fight: combat started - waiting for kill
07:08:47 fight: target confirmed dead - looking for next target
07:08:48 fight: highlight found - centered click (1078,722)
07:08:51 fight: combat never started after click - retrying
07:08:51 fight: highlight found - centered click (1027,615)
07:08:53 fight: combat started - waiting for kill
07:09:00 fight: target confirmed dead - looking for next target
07:09:01 fight: highlight found - centered click (1123,811)
07:09:03 fight: combat started - waiting for kill
07:09:08 fight: target confirmed dead - looking for next target
07:09:08 fight: highlight found - centered click (1153,651)
07:09:11 fight: combat started - waiting for kill
07:09:15 fight: target confirmed dead - looking for next target
07:09:15 fight: highlight found - centered click (982,649)
07:09:17 fight: combat started - waiting for kill
07:09:20 fight: target confirmed dead - looking for next target
07:09:20 fight: highlight found - centered click (1068,723)
07:09:22 fight: combat started - waiting for kill
07:09:27 fight: target confirmed dead - looking for next target
07:09:27 fight: highlight found - centered click (899,690)
07:09:30 fight: combat started - waiting for kill
07:09:35 fight: target confirmed dead - looking for next target
07:09:35 fight: highlight found - centered click (944,615)
07:09:37 fight: combat started - waiting for kill
07:09:42 fight: target confirmed dead - looking for next target
07:09:42 fight: highlight found - centered click (945,618)
07:09:44 fight: combat started - waiting for kill
07:09:52 fight: target confirmed dead - looking for next target
07:09:52 fight: highlight found - centered click (989,769)
07:09:54 fight: combat started - waiting for kill
07:09:59 fight: target confirmed dead - looking for next target
07:09:59 fight: highlight found - centered click (1077,769)
07:10:01 fight: combat started - waiting for kill
07:10:03 fight: target confirmed dead - looking for next target
07:10:04 fight: highlight found - centered click (857,692)
07:10:07 fight: combat started - waiting for kill
07:10:13 fight: target confirmed dead - looking for next target
07:10:14 fight: highlight found - centered click (943,612)
07:10:16 fight: combat started - waiting for kill
07:10:23 fight: target confirmed dead - looking for next target
07:10:23 fight: highlight found - centered click (1069,685)
07:10:25 fight: combat started - waiting for kill
07:10:27 fight: target confirmed dead - looking for next target
07:10:28 fight: highlight found - centered click (1078,812)
07:10:30 fight: combat started - waiting for kill
07:10:33 fight: target confirmed dead - looking for next target
07:10:33 fight: highlight found - centered click (928,759)
07:10:37 fight: combat never started after click - retrying
07:10:37 fight: highlight found - centered click (1015,846)
07:10:39 fight: combat started - waiting for kill
07:10:43 fight: target confirmed dead - looking for next target
07:10:44 fight: highlight found - centered click (1070,727)
07:10:46 fight: combat started - waiting for kill
07:10:50 fight: target confirmed dead - looking for next target
07:10:51 fight: highlight found - centered click (986,772)
07:10:53 fight: combat started - waiting for kill
07:10:55 fight: target confirmed dead - looking for next target
07:10:55 fight: highlight found - centered click (1131,590)
07:10:58 fight: combat started - waiting for kill
07:11:02 fight: target confirmed dead - looking for next target
07:11:03 fight: highlight found - centered click (1029,771)
07:11:05 fight: combat started - waiting for kill
07:11:10 fight: target confirmed dead - looking for next target
07:11:10 fight: highlight found - centered click (839,621)
07:11:12 fight: combat started - waiting for kill
07:11:19 fight: target confirmed dead - looking for next target
07:11:19 fight: highlight found - centered click (939,725)
07:11:22 fight: combat started - waiting for kill
07:11:26 fight: target confirmed dead - looking for next target
07:11:27 fight: highlight found - centered click (1029,725)
07:11:30 fight: combat never started after click - retrying
07:11:30 fight: highlight found - centered click (1181,653)
07:11:33 fight: combat started - waiting for kill
07:11:37 fight: target confirmed dead - looking for next target
07:11:38 fight: highlight found - centered click (939,691)
07:11:39 fight: combat started - waiting for kill
07:11:44 fight: target confirmed dead - looking for next target
07:11:45 fight: highlight found - centered click (895,773)
07:11:47 fight: combat started - waiting for kill
07:11:49 fight: target confirmed dead - looking for next target
07:11:50 fight: highlight found - centered click (865,587)
07:11:52 fight: combat started - waiting for kill
07:11:56 fight: target confirmed dead - looking for next target
07:11:57 fight: highlight found - centered click (1032,679)
07:11:59 fight: combat started - waiting for kill
07:12:01 fight: target confirmed dead - looking for next target
07:12:02 fight: highlight found - centered click (857,690)
07:12:03 fight: combat started - waiting for kill
07:12:08 fight: target confirmed dead - looking for next target
07:12:09 fight: highlight found - centered click (1032,858)
07:12:11 fight: combat started - waiting for kill
07:12:14 fight: target confirmed dead - looking for next target
07:12:14 fight: highlight found - centered click (1113,689)
07:12:16 fight: combat started - waiting for kill
07:12:18 fight: target confirmed dead - looking for next target
07:12:19 fight: highlight found - centered click (945,618)
07:12:21 fight: combat started - waiting for kill
07:12:30 fight: target confirmed dead - looking for next target
07:12:31 fight: highlight found - centered click (1072,706)
07:12:33 fight: combat started - waiting for kill
07:12:35 fight: target confirmed dead - looking for next target
07:12:36 fight: highlight found - centered click (1071,691)
07:12:38 fight: combat started - waiting for kill
07:12:40 fight: target confirmed dead - looking for next target
07:12:40 fight: highlight found - centered click (1035,764)
07:12:43 fight: combat started - waiting for kill
07:12:50 fight: target confirmed dead - looking for next target
07:12:50 fight: highlight found - centered click (855,693)
07:12:53 fight: combat started - waiting for kill
07:12:54 fight: target confirmed dead - looking for next target
07:12:55 fight: highlight found - centered click (815,692)
07:12:57 fight: combat started - waiting for kill
07:13:02 fight: target confirmed dead - looking for next target
07:13:02 fight: highlight found - centered click (943,612)
07:13:04 fight: combat started - waiting for kill
07:13:06 fight: target confirmed dead - looking for next target
07:13:07 fight: highlight found - centered click (985,859)
07:13:10 fight: combat started - waiting for kill
07:13:14 fight: target confirmed dead - looking for next target
07:13:14 fight: highlight found - centered click (1092,669)
07:13:17 fight: combat started - waiting for kill
07:13:19 fight: target confirmed dead - looking for next target
07:13:19 fight: highlight found - centered click (1069,674)
07:13:22 fight: combat started - waiting for kill
07:13:26 fight: target confirmed dead - looking for next target
07:13:26 fight: highlight found - centered click (882,673)
07:13:29 fight: combat started - waiting for kill
07:13:35 fight: target confirmed dead - looking for next target
07:13:36 fight: highlight found - centered click (940,859)
07:13:38 fight: combat started - waiting for kill
07:13:41 fight: target confirmed dead - looking for next target
07:13:41 fight: highlight found - centered click (1085,909)
07:13:44 fight: combat started - waiting for kill
07:13:46 fight: target confirmed dead - looking for next target
07:13:47 fight: highlight found - centered click (894,625)
07:13:50 fight: combat never started after click - retrying
07:13:50 fight: highlight found - centered click (1069,688)
07:13:52 fight: combat started - waiting for kill
07:13:57 fight: target confirmed dead - looking for next target
07:13:57 fight: highlight found - centered click (982,650)
07:13:59 fight: combat started - waiting for kill
07:14:02 fight: target confirmed dead - looking for next target
07:14:02 fight: highlight found - centered click (1180,575)
07:14:05 fight: combat started - waiting for kill
07:14:11 fight: target confirmed dead - looking for next target
07:14:12 fight: highlight found - centered click (941,727)
07:14:14 fight: combat started - waiting for kill
07:14:21 fight: target confirmed dead - looking for next target
07:14:21 fight: highlight found - centered click (951,815)
07:14:23 fight: combat started - waiting for kill
07:14:26 fight: target confirmed dead - looking for next target
07:14:26 fight: highlight found - centered click (1153,690)
07:14:29 fight: combat started - waiting for kill
07:14:33 fight: target confirmed dead - looking for next target
07:14:33 fight: highlight found - centered click (939,778)
07:14:37 fight: combat never started after click - retrying
07:14:37 fight: highlight found - centered click (1087,804)
07:14:38 fight: combat started - waiting for kill
07:14:43 fight: target confirmed dead - looking for next target
07:14:44 fight: highlight found - centered click (899,731)
07:14:46 fight: combat started - waiting for kill
07:14:48 fight: target confirmed dead - looking for next target
07:14:48 fight: highlight found - centered click (935,859)
07:14:51 fight: combat started - waiting for kill
07:14:55 fight: target confirmed dead - looking for next target
07:14:56 fight: highlight found - centered click (951,581)
07:14:58 fight: combat started - waiting for kill
07:15:00 fight: target confirmed dead - looking for next target
07:15:00 fight: highlight found - centered click (1071,725)
07:15:02 fight: combat started - waiting for kill
07:15:10 fight: target confirmed dead - looking for next target
07:15:10 fight: highlight found - centered click (1145,756)
07:15:13 fight: combat started - waiting for kill
07:15:19 fight: target confirmed dead - looking for next target
07:15:20 fight: highlight found - centered click (1107,602)
07:15:22 fight: combat started - waiting for kill
07:15:24 fight: target confirmed dead - looking for next target
07:15:24 fight: highlight found - centered click (851,779)
07:15:27 fight: combat started - waiting for kill
07:15:29 fight: target confirmed dead - looking for next target
07:15:29 fight: highlight found - centered click (1143,576)
07:15:32 fight: combat started - waiting for kill
07:15:38 fight: target confirmed dead - looking for next target
07:15:39 fight: highlight found - centered click (1072,725)
07:15:41 fight: combat started - waiting for kill
07:15:46 fight: target confirmed dead - looking for next target
07:15:46 fight: highlight found - centered click (989,656)
07:15:48 fight: combat started - waiting for kill
07:15:53 fight: target confirmed dead - looking for next target
07:15:53 fight: highlight found - centered click (1100,619)
07:15:56 fight: combat started - waiting for kill
07:16:02 fight: target confirmed dead - looking for next target
07:16:03 fight: highlight found - centered click (944,619)
07:16:05 fight: combat started - waiting for kill
07:16:07 fight: target confirmed dead - looking for next target
07:16:08 fight: highlight found - centered click (1152,779)
07:16:10 fight: combat started - waiting for kill
07:16:14 fight: target confirmed dead - looking for next target
07:16:15 fight: highlight found - centered click (1151,547)
07:16:17 fight: combat started - waiting for kill
07:16:24 fight: target confirmed dead - looking for next target
07:16:24 fight: highlight found - centered click (1074,767)
07:16:27 fight: combat started - waiting for kill
07:16:31 fight: target confirmed dead - looking for next target
07:16:32 fight: highlight found - centered click (848,796)
07:16:34 fight: combat started - waiting for kill
07:16:41 fight: target confirmed dead - looking for next target
07:16:41 fight: highlight found - centered click (900,652)
07:16:43 fight: combat started - waiting for kill
07:16:50 fight: target confirmed dead - looking for next target
07:16:51 fight: highlight found - centered click (914,726)
07:16:53 fight: combat started - waiting for kill
07:16:55 fight: target confirmed dead - looking for next target
07:16:56 fight: highlight found - centered click (1117,767)
07:16:58 fight: combat started - waiting for kill
07:17:00 fight: target confirmed dead - looking for next target
07:17:00 fight: highlight found - centered click (1121,783)
07:17:03 fight: combat started - waiting for kill
07:17:07 fight: target confirmed dead - looking for next target
07:17:08 fight: highlight found - centered click (1058,547)
07:17:10 fight: combat started - waiting for kill
07:17:17 fight: target confirmed dead - looking for next target
07:17:17 fight: highlight found - centered click (925,772)
07:17:20 fight: combat started - waiting for kill
07:17:22 fight: target confirmed dead - looking for next target
07:17:22 fight: highlight found - centered click (889,909)
07:17:25 fight: combat started - waiting for kill
07:17:26 fight: target confirmed dead - looking for next target
07:17:27 fight: highlight found - centered click (987,813)
07:17:29 fight: combat started - waiting for kill
07:17:31 fight: target confirmed dead - looking for next target
07:17:32 fight: highlight found - centered click (1069,674)
07:17:34 fight: combat started - waiting for kill
07:17:36 fight: target confirmed dead - looking for next target
07:17:36 fight: highlight found - centered click (1031,769)
07:17:38 fight: combat started - waiting for kill
07:17:46 fight: target confirmed dead - looking for next target
07:17:46 fight: highlight found - centered click (1116,723)
07:17:48 fight: combat started - waiting for kill
07:17:55 fight: target confirmed dead - looking for next target
07:17:56 fight: highlight found - centered click (943,653)
07:17:58 fight: combat started - waiting for kill
07:18:02 fight: target confirmed dead - looking for next target
07:18:03 fight: highlight found - centered click (986,811)
07:18:05 fight: combat started - waiting for kill
07:18:14 fight: target confirmed dead - looking for next target
07:18:15 fight: highlight found - centered click (982,653)
07:18:17 fight: combat started - waiting for kill
07:18:22 fight: target confirmed dead - looking for next target
07:18:22 fight: highlight found - centered click (1067,653)
07:18:24 fight: combat started - waiting for kill
07:18:29 fight: target confirmed dead - looking for next target
07:18:29 fight: highlight found - centered click (940,859)
07:18:31 fight: combat started - waiting for kill
07:18:36 fight: target confirmed dead - looking for next target
07:18:36 fight: highlight found - centered click (1096,690)
07:18:38 fight: combat started - waiting for kill
07:18:43 fight: target confirmed dead - looking for next target
07:18:44 fight: highlight found - centered click (946,653)
07:18:46 fight: combat started - waiting for kill
07:18:50 fight: target confirmed dead - looking for next target
07:18:51 fight: highlight found - centered click (986,769)
07:18:53 fight: combat started - waiting for kill
07:18:55 fight: target confirmed dead - looking for next target
07:18:56 fight: highlight found - centered click (1069,647)
07:18:58 fight: combat started - waiting for kill
07:19:05 fight: target confirmed dead - looking for next target
07:19:05 fight: highlight found - centered click (948,627)
07:19:08 fight: combat started - waiting for kill
07:19:14 fight: target confirmed dead - looking for next target
07:19:15 fight: highlight found - centered click (1137,581)
07:19:17 fight: combat started - waiting for kill
07:19:22 fight: target confirmed dead - looking for next target
07:19:22 fight: highlight found - centered click (942,581)
07:19:25 fight: combat started - waiting for kill
07:19:29 fight: target confirmed dead - looking for next target
07:19:29 fight: highlight found - centered click (1033,779)
07:19:32 fight: combat never started after click - retrying
07:19:33 fight: highlight found - centered click (939,815)
07:19:34 fight: combat started - waiting for kill
07:19:37 fight: target confirmed dead - looking for next target
07:19:37 fight: highlight found - centered click (861,619)
07:19:40 fight: combat started - waiting for kill
07:19:44 fight: target confirmed dead - looking for next target
07:19:44 fight: highlight found - centered click (943,581)
07:19:47 fight: combat started - waiting for kill
07:19:53 fight: target confirmed dead - looking for next target
07:19:54 fight: highlight found - centered click (829,518)
07:19:56 fight: combat started - waiting for kill
07:19:59 fight: target confirmed dead - looking for next target
07:19:59 fight: highlight found - centered click (1063,650)
07:20:01 fight: combat started - waiting for kill
07:20:06 fight: target confirmed dead - looking for next target
07:20:06 fight: highlight found - centered click (928,761)
07:20:08 fight: combat started - waiting for kill
07:20:11 fight: target confirmed dead - looking for next target
07:20:11 fight: highlight found - centered click (1095,747)
07:20:14 fight: combat started - waiting for kill
07:20:23 fight: target confirmed dead - looking for next target
07:20:23 fight: highlight found - centered click (1143,579)
07:20:26 fight: combat started - waiting for kill
07:20:30 fight: target confirmed dead - looking for next target
07:20:30 fight: highlight found - centered click (1155,732)
07:20:33 fight: combat started - waiting for kill
07:20:37 fight: target confirmed dead - looking for next target
07:20:38 fight: highlight found - centered click (903,549)
07:20:40 fight: combat started - waiting for kill
07:20:49 fight: target confirmed dead - looking for next target
07:20:50 fight: highlight found - centered click (905,685)
07:20:52 fight: combat started - waiting for kill
07:20:54 fight: target confirmed dead - looking for next target
07:20:54 fight: highlight found - centered click (1061,717)
07:20:56 fight: combat started - waiting for kill
07:21:04 fight: target confirmed dead - looking for next target
07:21:04 fight: highlight found - centered click (900,613)
07:21:06 fight: combat started - waiting for kill
07:21:11 fight: target confirmed dead - looking for next target
07:21:11 fight: highlight found - centered click (1150,651)
07:21:14 fight: combat started - waiting for kill
07:21:18 fight: target confirmed dead - looking for next target
07:21:18 fight: highlight found - centered click (1158,849)
07:21:22 fight: combat never started after click - retrying
07:21:22 fight: highlight found - centered click (946,653)
07:21:24 fight: combat started - waiting for kill
07:21:34 fight: target confirmed dead - looking for next target
07:21:34 fight: highlight found - centered click (1069,685)
07:21:36 fight: combat started - waiting for kill
07:21:43 fight: target confirmed dead - looking for next target
07:21:44 fight: highlight found - centered click (893,814)
07:21:46 fight: combat started - waiting for kill
07:21:48 fight: target confirmed dead - looking for next target
07:21:48 fight: highlight found - centered click (857,653)
07:21:51 fight: combat started - waiting for kill
07:21:58 fight: target confirmed dead - looking for next target
07:21:58 fight: highlight found - centered click (1090,631)
07:22:01 fight: combat started - waiting for kill
07:22:03 fight: target confirmed dead - looking for next target
07:22:03 fight: highlight found - centered click (1039,559)
07:22:07 fight: combat never started after click - retrying
07:22:07 fight: highlight found - centered click (1181,674)
07:22:10 fight: combat never started after click - retrying
07:22:11 fight: highlight found - centered click (1141,550)
07:22:13 fight: combat started - waiting for kill
07:22:17 fight: target confirmed dead - looking for next target
07:22:18 fight: highlight found - centered click (1060,674)
07:22:20 fight: combat started - waiting for kill
07:22:27 fight: target confirmed dead - looking for next target
07:22:27 fight: highlight found - centered click (862,587)
07:22:30 fight: combat started - waiting for kill
07:22:34 fight: target confirmed dead - looking for next target
07:22:35 fight: highlight found - centered click (943,587)
07:22:37 fight: combat started - waiting for kill
07:22:39 fight: target confirmed dead - looking for next target
07:22:39 fight: highlight found - centered click (943,621)
07:22:42 fight: combat started - waiting for kill
07:22:46 fight: target confirmed dead - looking for next target
07:22:47 fight: highlight found - centered click (931,619)
07:22:49 fight: combat started - waiting for kill
07:22:53 fight: target confirmed dead - looking for next target
07:22:54 fight: highlight found - centered click (1216,584)
07:22:56 fight: combat started - waiting for kill
07:23:01 fight: target confirmed dead - looking for next target
07:23:01 fight: highlight found - centered click (1075,723)
07:23:03 fight: combat started - waiting for kill
07:23:05 fight: target confirmed dead - looking for next target
07:23:06 fight: highlight found - centered click (969,843)
07:23:08 fight: combat started - waiting for kill
07:23:20 fight: target confirmed dead - looking for next target
07:23:20 fight: highlight found - centered click (868,684)
07:23:23 fight: combat started - waiting for kill
07:23:30 fight: target confirmed dead - looking for next target
07:23:30 fight: highlight found - centered click (964,638)
07:23:32 fight: combat started - waiting for kill
07:23:34 fight: target confirmed dead - looking for next target
07:23:35 fight: highlight found - centered click (909,622)
07:23:37 fight: combat started - waiting for kill
07:23:41 fight: target confirmed dead - looking for next target
07:23:42 fight: highlight found - centered click (1159,795)
07:23:44 fight: combat started - waiting for kill
07:23:51 fight: target confirmed dead - looking for next target
07:23:51 fight: highlight found - centered click (1146,610)
07:23:54 fight: combat started - waiting for kill
07:23:56 fight: target confirmed dead - looking for next target
07:23:56 fight: highlight found - centered click (1166,562)
07:23:59 fight: combat started - waiting for kill
07:24:08 fight: target confirmed dead - looking for next target
07:24:08 fight: highlight found - centered click (1010,798)
07:24:10 fight: combat started - waiting for kill
07:24:15 fight: target confirmed dead - looking for next target
07:24:16 fight: highlight found - centered click (799,862)
07:24:18 fight: combat started - waiting for kill
07:24:20 fight: target confirmed dead - looking for next target
07:24:21 fight: highlight found - centered click (1113,687)
07:24:24 fight: combat never started after click - retrying
07:24:25 fight: highlight found - centered click (1113,687)
07:24:26 fight: combat started - waiting for kill
07:24:34 fight: target confirmed dead - looking for next target
07:24:34 fight: highlight found - centered click (776,695)
07:24:37 fight: combat started - waiting for kill
07:24:46 fight: target confirmed dead - looking for next target
07:24:46 fight: highlight found - centered click (986,620)
07:24:48 fight: combat started - waiting for kill
07:24:55 fight: target confirmed dead - looking for next target
07:24:56 fight: highlight found - centered click (853,773)
07:24:58 fight: combat started - waiting for kill
07:25:10 fight: target confirmed dead - looking for next target
07:25:10 fight: highlight found - centered click (947,587)
07:25:13 fight: combat started - waiting for kill
07:25:14 fight: target confirmed dead - looking for next target
07:25:15 fight: highlight found - centered click (1206,715)
07:25:17 fight: combat started - waiting for kill
07:25:22 fight: target confirmed dead - looking for next target
07:25:22 fight: highlight found - centered click (818,657)
07:25:25 fight: combat started - waiting for kill
07:25:29 fight: target confirmed dead - looking for next target
07:25:29 fight: highlight found - centered click (1104,714)
07:25:31 fight: combat started - waiting for kill
07:25:34 fight: target confirmed dead - looking for next target
07:25:34 fight: highlight found - centered click (945,489)
07:25:37 fight: combat started - waiting for kill
07:25:46 fight: target confirmed dead - looking for next target
07:25:46 fight: highlight found - centered click (1115,677)
07:25:48 fight: combat started - waiting for kill
07:25:50 fight: target confirmed dead - looking for next target
07:25:51 fight: highlight found - centered click (945,691)
07:25:53 fight: combat started - waiting for kill
07:25:58 fight: target confirmed dead - looking for next target
07:25:58 fight: highlight found - centered click (1180,557)
07:26:01 fight: combat started - waiting for kill
07:26:03 fight: target confirmed dead - looking for next target
07:26:04 fight: highlight found - centered click (978,619)
07:26:07 fight: combat never started after click - retrying
07:26:07 fight: highlight found - centered click (903,622)
07:26:10 fight: combat started - waiting for kill
07:26:16 fight: target confirmed dead - looking for next target
07:26:17 fight: highlight found - centered click (907,552)
07:26:19 fight: combat started - waiting for kill
07:26:26 fight: target confirmed dead - looking for next target
07:26:26 fight: highlight found - centered click (1130,495)
07:26:29 fight: combat started - waiting for kill
07:26:34 fight: target confirmed dead - looking for next target
07:26:34 fight: highlight found - centered click (1024,581)
07:26:37 fight: combat started - waiting for kill
07:26:38 fight: target confirmed dead - looking for next target
07:26:39 fight: highlight found - centered click (1023,530)
07:26:41 fight: combat started - waiting for kill
07:26:46 fight: target confirmed dead - looking for next target
07:26:46 fight: highlight found - centered click (955,788)
07:26:49 fight: combat never started after click - retrying
07:26:50 fight: highlight found - centered click (941,815)
07:26:51 fight: combat started - waiting for kill
07:26:56 fight: target confirmed dead - looking for next target
07:26:56 fight: highlight found - centered click (862,587)
07:26:59 fight: combat started - waiting for kill
07:27:05 fight: target confirmed dead - looking for next target
07:27:06 fight: highlight found - centered click (879,717)
07:27:08 fight: combat started - waiting for kill
07:27:13 fight: target confirmed dead - looking for next target
07:27:13 fight: highlight found - centered click (1136,550)
07:27:16 fight: combat started - waiting for kill
07:27:18 fight: target confirmed dead - looking for next target
07:27:18 fight: highlight found - centered click (1107,613)
07:27:22 fight: combat never started after click - retrying
07:27:22 fight: highlight found - centered click (1142,597)
07:27:25 fight: combat started - waiting for kill
07:27:27 fight: target confirmed dead - looking for next target
07:27:27 fight: highlight found - centered click (960,750)
07:27:29 fight: combat started - waiting for kill
07:27:31 fight: target confirmed dead - looking for next target
07:27:32 fight: highlight found - centered click (1166,630)
07:27:34 fight: combat started - waiting for kill
07:27:46 fight: target confirmed dead - looking for next target
07:27:46 fight: highlight found - centered click (817,695)
07:27:49 fight: combat started - waiting for kill
07:27:55 fight: target confirmed dead - looking for next target
07:27:56 fight: highlight found - centered click (918,814)
07:27:58 fight: combat started - waiting for kill
07:28:02 fight: target confirmed dead - looking for next target
07:28:03 fight: highlight found - centered click (900,694)
07:28:05 fight: combat started - waiting for kill
07:28:08 fight: target confirmed dead - looking for next target
07:28:08 fight: highlight found - centered click (849,624)
07:28:11 fight: combat started - waiting for kill
07:28:17 fight: target confirmed dead - looking for next target
07:28:18 fight: highlight found - centered click (1102,554)
07:28:20 fight: combat started - waiting for kill
07:28:25 fight: target confirmed dead - looking for next target
07:28:25 fight: highlight found - centered click (1061,581)
07:28:28 fight: combat started - waiting for kill
07:28:34 fight: target confirmed dead - looking for next target
07:28:35 fight: highlight found - centered click (943,665)
07:28:37 fight: combat started - waiting for kill
07:28:46 fight: target confirmed dead - looking for next target
07:28:47 fight: highlight found - centered click (893,695)
07:28:49 fight: combat started - waiting for kill
07:28:56 fight: target confirmed dead - looking for next target
07:28:56 fight: highlight found - centered click (987,581)
07:28:58 fight: combat started - waiting for kill
07:29:01 fight: target confirmed dead - looking for next target
07:29:01 fight: highlight found - centered click (1146,608)
07:29:04 fight: combat started - waiting for kill
07:29:08 fight: target confirmed dead - looking for next target
07:29:08 fight: highlight found - centered click (903,587)
07:29:11 fight: combat started - waiting for kill
07:29:15 fight: target confirmed dead - looking for next target
07:29:16 fight: highlight found - centered click (1200,490)
07:29:18 fight: combat started - waiting for kill
07:29:22 fight: target confirmed dead - looking for next target
07:29:23 fight: highlight found - centered click (825,559)
07:29:25 fight: combat started - waiting for kill
07:29:29 fight: target confirmed dead - looking for next target
07:29:30 fight: highlight found - centered click (1120,764)
07:29:32 fight: combat started - waiting for kill
07:29:34 fight: target confirmed dead - looking for next target
07:29:35 fight: highlight found - centered click (943,584)
07:29:37 fight: combat started - waiting for kill
07:29:44 fight: target confirmed dead - looking for next target
07:29:44 fight: highlight found - centered click (1137,550)
07:29:47 fight: combat started - waiting for kill
07:29:53 fight: target confirmed dead - looking for next target
07:29:54 fight: highlight found - centered click (1118,722)
07:29:56 fight: combat started - waiting for kill
07:30:03 fight: target confirmed dead - looking for next target
07:30:03 fight: highlight found - centered click (1146,608)
07:30:06 fight: combat started - waiting for kill
07:30:13 fight: target confirmed dead - looking for next target
07:30:13 fight: highlight found - centered click (994,769)
07:30:16 fight: combat started - waiting for kill
07:30:22 fight: target confirmed dead - looking for next target
07:30:23 fight: highlight found - centered click (951,624)
07:30:25 fight: combat started - waiting for kill
07:30:29 fight: target confirmed dead - looking for next target
07:30:30 fight: highlight found - centered click (1195,640)
07:30:32 fight: combat started - waiting for kill
07:30:34 fight: target confirmed dead - looking for next target
07:30:35 fight: highlight found - centered click (923,818)
07:30:38 fight: combat never started after click - retrying
07:30:38 fight: highlight found - centered click (987,650)
07:30:41 fight: combat started - waiting for kill
07:30:50 fight: target confirmed dead - looking for next target
07:30:50 fight: highlight found - centered click (1093,492)
07:30:53 fight: combat started - waiting for kill
07:30:59 fight: target confirmed dead - looking for next target
07:31:00 fight: highlight found - centered click (1060,584)
07:31:02 fight: combat started - waiting for kill
07:31:09 fight: target confirmed dead - looking for next target
07:31:10 fight: highlight found - centered click (1020,553)
07:31:12 fight: combat started - waiting for kill
07:31:16 fight: target confirmed dead - looking for next target
07:31:17 fight: highlight found - centered click (899,691)
07:31:19 fight: combat started - waiting for kill
07:31:21 fight: target confirmed dead - looking for next target
07:31:21 fight: highlight found - centered click (1175,583)
07:31:24 fight: combat started - waiting for kill
07:31:26 fight: target confirmed dead - looking for next target
07:31:27 fight: highlight found - centered click (900,550)
07:31:29 fight: combat started - waiting for kill
07:31:41 fight: target confirmed dead - looking for next target
07:31:41 fight: highlight found - centered click (900,691)
07:31:44 fight: combat started - waiting for kill
07:31:48 fight: target confirmed dead - looking for next target
07:31:48 fight: highlight found - centered click (1022,546)
07:31:51 fight: combat started - waiting for kill
07:31:58 fight: target confirmed dead - looking for next target
07:31:58 fight: highlight found - centered click (939,691)
07:32:00 fight: combat started - waiting for kill
07:32:05 fight: target confirmed dead - looking for next target
07:32:05 fight: highlight found - centered click (1098,658)
07:32:07 fight: combat started - waiting for kill
07:32:17 fight: target confirmed dead - looking for next target
07:32:17 fight: highlight found - centered click (941,693)
07:32:19 fight: combat started - waiting for kill
07:32:27 fight: target confirmed dead - looking for next target
07:32:27 fight: highlight found - centered click (898,694)
07:32:29 fight: combat started - waiting for kill
07:32:34 fight: target confirmed dead - looking for next target
07:32:34 fight: highlight found - centered click (804,819)
07:32:37 fight: combat started - waiting for kill
07:32:42 fight: target confirmed dead - looking for next target
07:32:42 fight: highlight found - centered click (808,501)
07:32:44 fight: combat started - waiting for kill
07:32:47 fight: target confirmed dead - looking for next target
07:32:47 fight: highlight found - centered click (1060,515)
07:32:50 fight: combat started - waiting for kill
07:32:52 fight: target confirmed dead - looking for next target
07:32:53 fight: highlight found - centered click (818,617)
07:32:55 fight: combat started - waiting for kill
07:32:58 fight: target confirmed dead - looking for next target
07:32:58 fight: highlight found - centered click (940,653)
07:33:00 fight: combat started - waiting for kill
07:33:02 fight: target confirmed dead - looking for next target
07:33:03 fight: highlight found - centered click (979,590)
07:33:06 fight: combat started - waiting for kill
07:33:10 fight: target confirmed dead - looking for next target
07:33:10 fight: highlight found - centered click (1022,736)
07:33:13 fight: combat started - waiting for kill
07:33:19 fight: target confirmed dead - looking for next target
07:33:20 fight: highlight found - centered click (870,519)
07:33:22 fight: combat started - waiting for kill
07:33:27 fight: target confirmed dead - looking for next target
07:33:27 fight: highlight found - centered click (850,817)
07:33:30 fight: combat started - waiting for kill
07:33:31 fight: target confirmed dead - looking for next target
07:33:32 fight: highlight found - centered click (1199,531)
07:33:34 fight: combat started - waiting for kill
07:33:41 fight: target confirmed dead - looking for next target
07:33:41 fight: highlight found - centered click (1073,727)
07:33:43 fight: combat started - waiting for kill
07:33:48 fight: target confirmed dead - looking for next target
07:33:49 fight: highlight found - centered click (832,474)
07:33:51 fight: combat started - waiting for kill
07:33:55 fight: target confirmed dead - looking for next target
07:33:56 fight: highlight found - centered click (1073,770)
07:33:58 fight: combat started - waiting for kill
07:34:10 fight: target confirmed dead - looking for next target
07:34:10 fight: highlight found - centered click (948,618)
07:34:12 fight: combat started - waiting for kill
07:34:17 fight: target confirmed dead - looking for next target
07:34:17 fight: highlight found - centered click (1065,616)
07:34:19 fight: combat started - waiting for kill
07:34:24 fight: target confirmed dead - looking for next target
07:34:25 fight: highlight found - centered click (940,689)
07:34:26 fight: combat started - waiting for kill
07:34:29 fight: target confirmed dead - looking for next target
07:34:29 fight: highlight found - centered click (1078,769)
07:34:31 fight: combat started - waiting for kill
07:34:34 fight: target confirmed dead - looking for next target
07:34:34 fight: highlight found - centered click (1135,623)
07:34:37 fight: combat started - waiting for kill
07:34:41 fight: target confirmed dead - looking for next target
07:34:41 fight: highlight found - centered click (1105,613)
07:34:44 fight: combat started - waiting for kill
07:34:53 fight: target confirmed dead - looking for next target
07:34:53 fight: highlight found - centered click (985,768)
07:34:55 fight: combat started - waiting for kill
07:34:58 fight: target confirmed dead - looking for next target
07:34:58 fight: highlight found - centered click (859,616)
07:35:01 fight: combat started - waiting for kill
07:35:05 fight: target confirmed dead - looking for next target
07:35:05 fight: highlight found - centered click (940,653)
07:35:07 fight: combat started - waiting for kill
07:35:19 fight: target confirmed dead - looking for next target
07:35:20 fight: highlight found - centered click (1050,553)
07:35:22 fight: combat started - waiting for kill
07:35:26 fight: target confirmed dead - looking for next target
07:35:27 fight: highlight found - centered click (1098,515)
07:35:29 fight: combat started - waiting for kill
07:35:36 fight: target confirmed dead - looking for next target
07:35:37 fight: highlight found - centered click (987,766)
07:35:38 fight: combat started - waiting for kill
07:35:46 fight: target confirmed dead - looking for next target
07:35:46 fight: highlight found - centered click (1148,614)
07:35:49 fight: combat started - waiting for kill
07:35:53 fight: target confirmed dead - looking for next target
07:35:53 fight: highlight found - centered click (943,653)
07:35:55 fight: combat started - waiting for kill
07:36:02 fight: target confirmed dead - looking for next target
07:36:03 fight: highlight found - centered click (903,619)
07:36:05 fight: combat started - waiting for kill
07:36:08 fight: target confirmed dead - looking for next target
07:36:08 fight: highlight found - centered click (1107,613)
07:36:11 fight: combat started - waiting for kill
07:36:15 fight: target confirmed dead - looking for next target
07:36:16 fight: highlight found - centered click (984,769)
07:36:17 fight: combat started - waiting for kill
07:36:22 fight: target confirmed dead - looking for next target
07:36:23 fight: highlight found - centered click (865,553)
07:36:25 fight: combat started - waiting for kill
07:36:30 fight: target confirmed dead - looking for next target
07:36:30 fight: highlight found - centered click (896,817)
07:36:32 fight: combat started - waiting for kill
07:36:39 fight: target confirmed dead - looking for next target
07:36:40 fight: highlight found - centered click (939,815)
07:36:42 fight: combat started - waiting for kill
07:36:49 fight: target confirmed dead - looking for next target
07:36:49 fight: highlight found - centered click (1105,613)
07:36:51 fight: combat started - waiting for kill
07:37:03 fight: target confirmed dead - looking for next target
07:37:04 fight: highlight found - centered click (868,611)
07:37:06 fight: combat started - waiting for kill
07:37:13 fight: target confirmed dead - looking for next target
07:37:13 fight: highlight found - centered click (1111,683)
07:37:15 fight: combat started - waiting for kill
07:37:18 fight: target confirmed dead - looking for next target
07:37:18 fight: highlight found - centered click (1213,761)
07:37:21 fight: combat started - waiting for kill
07:37:25 fight: target confirmed dead - looking for next target
07:37:25 fight: highlight found - centered click (916,705)
07:37:27 fight: combat started - waiting for kill
07:37:32 fight: target confirmed dead - looking for next target
07:37:32 fight: highlight found - centered click (1122,767)
07:37:34 fight: combat started - waiting for kill
07:37:37 fight: target confirmed dead - looking for next target
07:37:37 fight: highlight found - centered click (933,682)
07:37:40 fight: combat started - waiting for kill
07:37:42 fight: target confirmed dead - looking for next target
07:37:42 fight: highlight found - centered click (897,731)
07:37:44 fight: combat started - waiting for kill
07:37:51 fight: target confirmed dead - looking for next target
07:37:51 fight: highlight found - centered click (1083,665)
07:37:54 fight: combat started - waiting for kill
07:38:01 fight: target confirmed dead - looking for next target
07:38:02 fight: highlight found - centered click (943,650)
07:38:04 fight: combat started - waiting for kill
07:38:09 fight: target confirmed dead - looking for next target
07:38:09 fight: highlight found - centered click (902,524)
07:38:12 fight: combat started - waiting for kill
07:38:16 fight: target confirmed dead - looking for next target
07:38:16 fight: highlight found - centered click (795,863)
07:38:19 fight: combat started - waiting for kill
07:38:23 fight: target confirmed dead - looking for next target
07:38:23 fight: highlight found - centered click (992,775)
07:38:25 fight: combat started - waiting for kill
07:38:28 fight: target confirmed dead - looking for next target
07:38:28 fight: highlight found - centered click (775,694)
07:38:31 fight: combat started - waiting for kill
07:38:33 fight: target confirmed dead - looking for next target
07:38:34 fight: highlight found - centered click (1187,615)
07:38:36 fight: combat started - waiting for kill
07:38:40 fight: target confirmed dead - looking for next target
07:38:41 fight: highlight found - centered click (856,774)
07:38:43 fight: combat started - waiting for kill
07:38:47 fight: target confirmed dead - looking for next target
07:38:48 fight: highlight found - centered click (1069,685)
07:38:50 fight: combat started - waiting for kill
07:38:52 fight: target confirmed dead - looking for next target
07:38:53 fight: highlight found - centered click (988,769)
07:38:55 fight: combat started - waiting for kill
07:38:57 fight: target confirmed dead - looking for next target
07:38:58 fight: highlight found - centered click (1069,647)
07:39:00 fight: combat started - waiting for kill
07:39:02 fight: target confirmed dead - looking for next target
07:39:02 fight: highlight found - centered click (890,814)
07:39:04 fight: combat started - waiting for kill
07:39:07 fight: target confirmed dead - looking for next target
07:39:07 fight: highlight found - centered click (1105,613)
07:39:10 fight: combat started - waiting for kill
07:39:12 fight: target confirmed dead - looking for next target
07:39:13 fight: highlight found - centered click (943,647)
07:39:15 fight: combat started - waiting for kill
07:39:27 fight: target confirmed dead - looking for next target
07:39:27 fight: highlight found - centered click (1113,684)
07:39:29 fight: combat started - waiting for kill
07:39:34 fight: target confirmed dead - looking for next target
07:39:34 fight: highlight found - centered click (943,769)
07:39:36 fight: combat started - waiting for kill
07:39:43 fight: target confirmed dead - looking for next target
07:39:44 fight: highlight found - centered click (1026,641)
07:39:46 fight: combat started - waiting for kill
07:39:53 fight: target confirmed dead - looking for next target
07:39:53 fight: highlight found - centered click (890,814)
07:39:55 fight: combat started - waiting for kill
07:40:00 fight: target confirmed dead - looking for next target
07:40:01 fight: highlight found - centered click (851,719)
07:40:03 fight: combat started - waiting for kill
07:40:07 fight: target confirmed dead - looking for next target
07:40:08 fight: highlight found - centered click (1013,587)
07:40:10 fight: combat started - waiting for kill
07:40:17 fight: target confirmed dead - looking for next target
07:40:17 fight: highlight found - centered click (900,643)
07:40:19 fight: combat started - waiting for kill
07:40:24 fight: target confirmed dead - looking for next target
07:40:25 fight: highlight found - centered click (1062,649)
07:40:27 fight: combat started - waiting for kill
07:40:34 fight: target confirmed dead - looking for next target
07:40:34 fight: highlight found - centered click (1065,735)
07:40:36 fight: combat started - waiting for kill
07:40:41 fight: target confirmed dead - looking for next target
07:40:41 fight: highlight found - centered click (841,772)
07:40:44 fight: combat started - waiting for kill
07:40:53 fight: target confirmed dead - looking for next target
07:40:53 fight: highlight found - centered click (865,614)
07:40:56 fight: combat started - waiting for kill
07:40:58 fight: target confirmed dead - looking for next target
07:40:58 fight: highlight found - centered click (1189,610)
07:41:01 fight: combat started - waiting for kill
07:41:03 fight: target confirmed dead - looking for next target
07:41:03 fight: highlight found - centered click (1221,578)
07:41:06 fight: combat never started after click - retrying
07:41:07 fight: highlight found - centered click (894,598)
07:41:09 fight: combat started - waiting for kill
07:41:13 fight: target confirmed dead - looking for next target
07:41:14 fight: highlight found - centered click (1115,725)
07:41:16 fight: combat started - waiting for kill
07:41:21 fight: target confirmed dead - looking for next target
07:41:22 fight: highlight found - centered click (1028,653)
07:41:24 fight: combat started - waiting for kill
07:41:26 fight: target confirmed dead - looking for next target
07:41:26 fight: highlight found - centered click (985,581)
07:41:29 fight: combat started - waiting for kill
07:41:31 fight: target confirmed dead - looking for next target
07:41:32 fight: highlight found - centered click (1029,652)
07:41:35 fight: combat never started after click - retrying
07:41:35 fight: highlight found - centered click (1029,673)
07:41:37 fight: combat started - waiting for kill
07:41:42 fight: target confirmed dead - looking for next target
07:41:42 fight: highlight found - centered click (939,770)
07:41:44 fight: combat started - waiting for kill
07:41:46 fight: target confirmed dead - looking for next target
07:41:47 fight: highlight found - centered click (868,605)
07:41:49 fight: combat started - waiting for kill
07:41:58 fight: target confirmed dead - looking for next target
07:41:59 fight: highlight found - centered click (1035,658)
07:42:01 fight: combat started - waiting for kill
07:42:13 fight: target confirmed dead - looking for next target
07:42:13 fight: highlight found - centered click (1029,649)
07:42:15 fight: combat started - waiting for kill
07:42:20 fight: target confirmed dead - looking for next target
07:42:20 fight: highlight found - centered click (1037,764)
07:42:22 fight: combat started - waiting for kill
07:42:25 fight: target confirmed dead - looking for next target
07:42:25 fight: highlight found - centered click (1178,607)
07:42:28 fight: combat started - waiting for kill
07:42:34 fight: target confirmed dead - looking for next target
07:42:35 fight: highlight found - centered click (899,814)
07:42:37 fight: combat started - waiting for kill
07:42:40 fight: target confirmed dead - looking for next target
07:42:40 fight: highlight found - centered click (943,647)
07:42:43 fight: combat started - waiting for kill
07:42:45 fight: target confirmed dead - looking for next target
07:42:45 fight: highlight found - centered click (1022,512)
07:42:48 fight: combat started - waiting for kill
07:42:52 fight: target confirmed dead - looking for next target
07:42:53 fight: highlight found - centered click (931,665)
07:42:55 fight: combat started - waiting for kill
07:43:00 fight: target confirmed dead - looking for next target
07:43:00 fight: highlight found - centered click (1073,724)
07:43:02 fight: combat started - waiting for kill
07:43:09 fight: target confirmed dead - looking for next target
07:43:10 fight: highlight found - centered click (1086,595)
07:43:12 fight: combat started - waiting for kill
07:43:16 fight: target confirmed dead - looking for next target
07:43:17 fight: highlight found - centered click (938,729)
07:43:19 fight: combat started - waiting for kill
07:43:21 fight: target confirmed dead - looking for next target
07:43:22 fight: highlight found - centered click (815,648)
07:43:24 fight: combat started - waiting for kill
07:43:28 fight: target confirmed dead - looking for next target
07:43:29 fight: highlight found - centered click (1059,547)
07:43:31 fight: combat started - waiting for kill
07:43:34 fight: target confirmed dead - looking for next target
07:43:34 fight: highlight found - centered click (938,859)
07:43:37 fight: combat never started after click - retrying
07:43:38 fight: highlight found - centered click (987,766)
07:43:40 fight: combat started - waiting for kill
07:43:42 fight: target confirmed dead - looking for next target
07:43:43 fight: highlight found - centered click (1098,742)
07:43:46 fight: combat never started after click - retrying
07:43:46 fight: highlight found - centered click (1027,580)
07:43:49 fight: combat started - waiting for kill
07:43:55 fight: target confirmed dead - looking for next target
07:43:56 fight: highlight found - centered click (847,815)
07:43:58 fight: combat started - waiting for kill
07:44:00 fight: target confirmed dead - looking for next target
07:44:01 fight: highlight found - centered click (890,642)
07:44:03 fight: combat started - waiting for kill
07:44:07 fight: target confirmed dead - looking for next target
07:44:08 fight: highlight found - centered click (1133,632)
07:44:10 fight: combat started - waiting for kill
07:44:15 fight: target confirmed dead - looking for next target
07:44:15 fight: highlight found - centered click (1012,538)
07:44:18 fight: combat started - waiting for kill
07:44:20 fight: target confirmed dead - looking for next target
07:44:20 fight: highlight found - centered click (798,814)
07:44:23 fight: combat started - waiting for kill
07:44:34 fight: target confirmed dead - looking for next target
07:44:35 fight: highlight found - centered click (987,812)
07:44:37 fight: combat started - waiting for kill
07:44:42 fight: target confirmed dead - looking for next target
07:44:42 fight: highlight found - centered click (940,689)
07:44:44 fight: combat started - waiting for kill
07:44:51 fight: target confirmed dead - looking for next target
07:44:52 fight: highlight found - centered click (991,521)
07:44:54 fight: combat started - waiting for kill
07:44:57 fight: target confirmed dead - looking for next target
07:44:57 fight: highlight found - centered click (902,695)
07:45:00 fight: combat never started after click - retrying
07:45:01 fight: highlight found - centered click (939,726)
07:45:02 fight: combat started - waiting for kill
07:45:04 fight: target confirmed dead - looking for next target
07:45:05 fight: highlight found - centered click (898,578)
07:45:07 fight: combat started - waiting for kill
07:45:12 fight: target confirmed dead - looking for next target
07:45:12 fight: highlight found - centered click (986,811)
07:45:14 fight: combat started - waiting for kill
07:45:21 fight: target confirmed dead - looking for next target
07:45:22 fight: highlight found - centered click (939,691)
07:45:24 fight: combat started - waiting for kill
07:45:31 fight: target confirmed dead - looking for next target
07:45:31 fight: highlight found - centered click (931,852)
07:45:33 fight: combat started - waiting for kill
07:45:38 fight: target confirmed dead - looking for next target
07:45:38 fight: highlight found - centered click (1177,580)
07:45:41 fight: combat started - waiting for kill
07:45:46 fight: target confirmed dead - looking for next target
07:45:46 fight: highlight found - centered click (1067,653)
07:45:48 fight: combat started - waiting for kill
07:45:58 fight: target confirmed dead - looking for next target
07:45:58 fight: highlight found - centered click (1070,725)
07:46:00 fight: combat started - waiting for kill
07:46:10 fight: target confirmed dead - looking for next target
07:46:10 fight: highlight found - centered click (1099,625)
07:46:12 fight: combat started - waiting for kill
07:46:19 fight: target confirmed dead - looking for next target
07:46:20 fight: highlight found - centered click (906,619)
07:46:22 fight: combat started - waiting for kill
07:46:27 fight: target confirmed dead - looking for next target
07:46:27 fight: highlight found - centered click (861,619)
07:46:30 fight: combat started - waiting for kill
07:46:32 fight: target confirmed dead - looking for next target
07:46:32 fight: highlight found - centered click (903,613)
07:46:34 fight: combat started - waiting for kill
07:46:39 fight: target confirmed dead - looking for next target
07:46:40 fight: highlight found - centered click (1108,651)
07:46:42 fight: combat started - waiting for kill
07:46:49 fight: target confirmed dead - looking for next target
07:46:49 fight: highlight found - centered click (985,770)
07:46:51 fight: combat started - waiting for kill
07:46:56 fight: target confirmed dead - looking for next target
07:46:56 fight: highlight found - centered click (968,730)
07:46:59 fight: combat started - waiting for kill
07:47:01 fight: target confirmed dead - looking for next target
07:47:02 fight: highlight found - centered click (913,665)
07:47:05 fight: combat never started after click - retrying
07:47:05 fight: highlight found - centered click (896,644)
07:47:08 fight: combat started - waiting for kill
07:47:10 fight: target confirmed dead - looking for next target
07:47:11 fight: highlight found - centered click (793,776)
07:47:13 fight: combat started - waiting for kill
07:47:20 fight: target confirmed dead - looking for next target
07:47:20 fight: highlight found - centered click (1109,645)
07:47:22 fight: combat started - waiting for kill
07:47:27 fight: target confirmed dead - looking for next target
07:47:28 fight: highlight found - centered click (986,811)
07:47:30 fight: combat started - waiting for kill
07:47:37 fight: target confirmed dead - looking for next target
07:47:37 fight: highlight found - centered click (1106,540)
07:47:40 fight: combat started - waiting for kill
07:47:44 fight: target confirmed dead - looking for next target
07:47:44 fight: highlight found - centered click (942,691)
07:47:48 fight: combat never started after click - retrying
07:47:48 fight: highlight found - centered click (942,691)
07:47:50 fight: combat started - waiting for kill
07:48:09 fight: target confirmed dead - looking for next target
07:48:10 fight: highlight found - centered click (903,619)
07:48:12 fight: combat started - waiting for kill
07:48:19 fight: target confirmed dead - looking for next target
07:48:19 fight: highlight found - centered click (1129,850)
07:48:22 fight: combat started - waiting for kill
07:48:33 fight: target confirmed dead - looking for next target
07:48:34 fight: highlight found - centered click (1060,584)
07:48:36 fight: combat started - waiting for kill
07:48:48 fight: target confirmed dead - looking for next target
07:48:48 fight: highlight found - centered click (939,682)
07:48:50 fight: combat started - waiting for kill
07:48:57 fight: target confirmed dead - looking for next target
07:48:58 fight: highlight found - centered click (995,761)
07:49:00 fight: combat started - waiting for kill
07:49:07 fight: target confirmed dead - looking for next target
07:49:07 fight: highlight found - centered click (982,618)
07:49:10 fight: combat started - waiting for kill
07:49:16 fight: target confirmed dead - looking for next target
07:49:17 fight: highlight found - centered click (1148,685)
07:49:19 fight: combat started - waiting for kill
07:49:26 fight: target confirmed dead - looking for next target
07:49:26 fight: highlight found - centered click (1000,561)
07:49:29 fight: combat started - waiting for kill
07:49:38 fight: target confirmed dead - looking for next target
07:49:38 fight: highlight found - centered click (943,629)
07:49:41 fight: combat started - waiting for kill
07:49:45 fight: target confirmed dead - looking for next target
07:49:46 fight: highlight found - centered click (898,731)
07:49:48 fight: combat started - waiting for kill
07:49:50 fight: target confirmed dead - looking for next target
07:49:50 fight: highlight found - centered click (1025,547)
07:49:53 fight: combat started - waiting for kill
07:49:57 fight: target confirmed dead - looking for next target
07:49:58 fight: highlight found - centered click (942,731)
07:50:00 fight: combat started - waiting for kill
07:50:07 fight: target confirmed dead - looking for next target
07:50:07 fight: highlight found - centered click (1113,725)
07:50:09 fight: combat started - waiting for kill
07:50:16 fight: target confirmed dead - looking for next target
07:50:17 fight: highlight found - centered click (940,689)
07:50:19 fight: combat started - waiting for kill
07:50:24 fight: target confirmed dead - looking for next target
07:50:24 fight: highlight found - centered click (1078,687)
07:50:26 fight: combat started - waiting for kill
07:50:38 fight: target confirmed dead - looking for next target
07:50:38 fight: highlight found - centered click (986,813)
07:50:40 fight: combat started - waiting for kill
07:50:45 fight: target confirmed dead - looking for next target
07:50:46 fight: highlight found - centered click (976,590)
07:50:48 fight: combat started - waiting for kill
07:50:55 fight: target confirmed dead - looking for next target
07:50:55 fight: highlight found - centered click (1058,745)
07:50:58 fight: combat never started after click - retrying
07:50:59 fight: highlight found - centered click (1024,647)
07:51:01 fight: combat started - waiting for kill
07:51:03 fight: target confirmed dead - looking for next target
07:51:04 fight: highlight found - centered click (899,498)
07:51:06 fight: combat started - waiting for kill
07:51:10 fight: target confirmed dead - looking for next target
07:51:11 fight: highlight found - centered click (1032,812)
07:51:13 fight: combat started - waiting for kill
07:51:15 fight: target confirmed dead - looking for next target
07:51:16 fight: highlight found - centered click (944,769)
07:51:18 fight: combat started - waiting for kill
07:51:30 fight: target confirmed dead - looking for next target
07:51:30 fight: highlight found - centered click (915,839)
07:51:33 fight: combat started - waiting for kill
07:51:39 fight: target confirmed dead - looking for next target
07:51:40 fight: highlight found - centered click (895,696)
07:51:42 fight: combat started - waiting for kill
07:51:46 fight: target confirmed dead - looking for next target
07:51:47 fight: highlight found - centered click (944,615)
07:51:49 fight: combat started - waiting for kill
07:51:56 fight: target confirmed dead - looking for next target
07:51:57 fight: highlight found - centered click (866,549)
07:51:59 fight: combat started - waiting for kill
07:52:06 fight: target confirmed dead - looking for next target
07:52:07 fight: highlight found - centered click (940,771)
07:52:08 fight: combat started - waiting for kill
07:52:13 fight: target confirmed dead - looking for next target
07:52:13 fight: highlight found - centered click (1069,647)
07:52:15 fight: combat started - waiting for kill
07:52:18 fight: target confirmed dead - looking for next target
07:52:18 fight: highlight found - centered click (1063,616)
07:52:20 fight: combat started - waiting for kill
07:52:30 fight: target confirmed dead - looking for next target
07:52:30 fight: highlight found - centered click (1078,808)
07:52:32 fight: combat started - waiting for kill
07:52:39 fight: target confirmed dead - looking for next target
07:52:40 fight: highlight found - centered click (862,581)
07:52:43 fight: combat never started after click - retrying
07:52:43 fight: highlight found - centered click (1072,725)
07:52:45 fight: combat started - waiting for kill
07:52:48 fight: target confirmed dead - looking for next target
07:52:48 fight: highlight found - centered click (987,649)
07:52:50 fight: combat started - waiting for kill
07:52:57 fight: target confirmed dead - looking for next target
07:52:58 fight: highlight found - centered click (1104,616)
07:53:00 fight: combat started - waiting for kill
07:53:04 fight: target confirmed dead - looking for next target
07:53:05 fight: highlight found - centered click (809,586)
07:53:07 fight: combat started - waiting for kill
07:53:10 fight: target confirmed dead - looking for next target
07:53:10 fight: highlight found - centered click (1023,616)
07:53:13 fight: combat never started after click - retrying
07:53:14 fight: highlight found - centered click (1022,619)
07:53:16 fight: combat started - waiting for kill
07:53:21 fight: target confirmed dead - looking for next target
07:53:21 fight: highlight found - centered click (943,650)
07:53:23 fight: combat started - waiting for kill
07:53:28 fight: target confirmed dead - looking for next target
07:53:28 fight: highlight found - centered click (1023,575)
07:53:30 fight: combat started - waiting for kill
07:53:33 fight: target confirmed dead - looking for next target
07:53:33 fight: highlight found - centered click (1066,803)
07:53:35 fight: combat started - waiting for kill
07:53:40 fight: target confirmed dead - looking for next target
07:53:40 fight: highlight found - centered click (1177,545)
07:53:43 fight: combat started - waiting for kill
07:53:45 fight: target confirmed dead - looking for next target
07:53:45 fight: highlight found - centered click (1111,589)
07:53:48 fight: combat started - waiting for kill
07:53:57 fight: target confirmed dead - looking for next target
07:53:57 fight: highlight found - centered click (1143,841)
07:54:00 fight: combat started - waiting for kill
07:54:02 fight: target confirmed dead - looking for next target
07:54:03 fight: highlight found - centered click (1034,860)
07:54:05 fight: combat started - waiting for kill
07:54:09 fight: target confirmed dead - looking for next target
07:54:10 fight: highlight found - centered click (942,725)
07:54:12 fight: combat started - waiting for kill
07:54:14 fight: target confirmed dead - looking for next target
07:54:14 fight: highlight found - centered click (1074,653)
07:54:16 fight: combat started - waiting for kill
07:54:21 fight: target confirmed dead - looking for next target
07:54:22 fight: highlight found - centered click (895,769)
07:54:24 fight: combat started - waiting for kill
07:54:26 fight: target confirmed dead - looking for next target
07:54:26 fight: highlight found - centered click (1170,703)
07:54:29 fight: combat started - waiting for kill
07:54:31 fight: target confirmed dead - looking for next target
07:54:32 fight: highlight found - centered click (945,547)
07:54:34 fight: combat started - waiting for kill
07:54:39 fight: target confirmed dead - looking for next target
07:54:39 fight: highlight found - centered click (1073,727)
07:54:41 fight: combat started - waiting for kill
07:54:46 fight: target confirmed dead - looking for next target
07:54:46 fight: highlight found - centered click (1062,616)
07:54:48 fight: combat started - waiting for kill
07:54:55 fight: target confirmed dead - looking for next target
07:54:56 fight: highlight found - centered click (939,770)
07:54:58 fight: combat started - waiting for kill
07:55:03 fight: target confirmed dead - looking for next target
07:55:03 fight: highlight found - centered click (1076,768)
07:55:05 fight: combat started - waiting for kill
07:55:12 fight: target confirmed dead - looking for next target
07:55:13 fight: highlight found - centered click (898,690)
07:55:15 fight: combat started - waiting for kill
07:55:22 fight: target confirmed dead - looking for next target
07:55:23 fight: highlight found - centered click (941,725)
07:55:25 fight: combat started - waiting for kill
07:55:27 fight: target confirmed dead - looking for next target
07:55:28 fight: highlight found - centered click (903,613)
07:55:30 fight: combat started - waiting for kill
07:55:32 fight: target confirmed dead - looking for next target
07:55:32 fight: highlight found - centered click (897,704)
07:55:35 fight: combat started - waiting for kill
07:55:37 fight: target confirmed dead - looking for next target
07:55:37 fight: highlight found - centered click (1166,765)
07:55:40 fight: combat started - waiting for kill
07:55:51 fight: target confirmed dead - looking for next target
07:55:52 fight: highlight found - centered click (940,653)
07:55:54 fight: combat started - waiting for kill
07:56:01 fight: target confirmed dead - looking for next target
07:56:01 fight: highlight found - centered click (969,771)
07:56:03 fight: combat started - waiting for kill
07:56:08 fight: target confirmed dead - looking for next target
07:56:09 fight: highlight found - centered click (1067,616)
07:56:10 fight: combat started - waiting for kill
07:56:15 fight: target confirmed dead - looking for next target
07:56:16 fight: highlight found - centered click (925,689)
07:56:18 fight: combat started - waiting for kill
07:56:25 fight: target confirmed dead - looking for next target
07:56:25 fight: highlight found - centered click (1153,649)
07:56:27 fight: combat started - waiting for kill
07:56:34 fight: target confirmed dead - looking for next target
07:56:35 fight: highlight found - centered click (1070,727)
07:56:37 fight: combat started - waiting for kill
07:56:44 fight: target confirmed dead - looking for next target
07:56:44 fight: highlight found - centered click (904,581)
07:56:47 fight: combat started - waiting for kill
07:56:54 fight: target confirmed dead - looking for next target
07:56:54 fight: highlight found - centered click (904,547)
07:56:57 fight: combat started - waiting for kill
07:57:06 fight: target confirmed dead - looking for next target
07:57:06 fight: highlight found - centered click (989,775)
07:57:09 fight: combat never started after click - retrying
07:57:10 fight: highlight found - centered click (1118,726)
07:57:12 fight: combat started - waiting for kill
07:57:19 fight: target confirmed dead - looking for next target
07:57:19 fight: highlight found - centered click (976,661)
07:57:21 fight: combat started - waiting for kill
07:57:26 fight: target confirmed dead - looking for next target
07:57:26 fight: highlight found - centered click (1073,771)
07:57:28 fight: combat started - waiting for kill
07:57:31 fight: target confirmed dead - looking for next target
07:57:31 fight: highlight found - centered click (1069,647)
07:57:33 fight: combat started - waiting for kill
07:57:36 fight: target confirmed dead - looking for next target
07:57:36 fight: highlight found - centered click (897,769)
07:57:38 fight: combat started - waiting for kill
07:57:40 fight: target confirmed dead - looking for next target
07:57:41 fight: highlight found - centered click (940,811)
07:57:43 fight: combat started - waiting for kill
07:57:46 fight: target confirmed dead - looking for next target
07:57:46 fight: highlight found - centered click (1010,558)
07:57:48 fight: combat started - waiting for kill
07:57:50 fight: target confirmed dead - looking for next target
07:57:50 fight: highlight found - centered click (1098,796)
07:57:54 fight: combat never started after click - retrying
07:57:54 fight: highlight found - centered click (1075,807)
07:57:55 fight: combat started - waiting for kill
07:58:00 fight: target confirmed dead - looking for next target
07:58:01 fight: highlight found - centered click (983,711)
07:58:04 fight: combat never started after click - retrying
07:58:04 fight: highlight found - centered click (943,692)
07:58:07 fight: combat never started after click - retrying
07:58:08 fight: highlight found - centered click (818,653)
07:58:11 fight: combat never started after click - retrying
07:58:12 fight: highlight found - centered click (898,584)
07:58:15 fight: combat never started after click - retrying
07:58:15 fight: highlight found - centered click (908,721)
07:58:18 fight: combat never started after click - retrying
07:58:19 fight: highlight found - centered click (905,724)
07:58:22 fight: combat never started after click - retrying
07:58:22 fight: highlight found - centered click (908,721)
07:58:26 fight: combat never started after click - retrying
07:58:26 fight: highlight found - centered click (908,721)
07:58:29 fight: combat never started after click - retrying
07:58:30 fight: highlight found - centered click (986,769)
07:58:33 fight: combat never started after click - retrying
07:58:33 fight: highlight found - centered click (1061,769)
07:58:36 fight: combat never started after click - retrying
07:58:37 fight: highlight found - centered click (1017,624)
07:58:40 fight: combat never started after click - retrying
07:58:40 fight: highlight found - centered click (1066,653)
07:58:44 fight: combat never started after click - retrying
07:58:44 fight: highlight found - centered click (1073,725)
07:58:47 fight: combat never started after click - retrying
07:58:48 fight: highlight found - centered click (1073,728)
07:58:51 fight: combat never started after click - retrying
07:58:51 fight: highlight found - centered click (985,653)
07:58:55 fight: combat never started after click - retrying
07:58:55 fight: highlight found - centered click (982,653)
07:58:58 fight: combat never started after click - retrying
07:58:59 fight: highlight found - centered click (1046,751)
07:59:02 fight: combat never started after click - retrying
07:59:02 fight: highlight found - centered click (936,726)
07:59:06 fight: combat never started after click - retrying
07:59:06 fight: highlight found - centered click (985,650)
07:59:09 fight: combat never started after click - retrying
07:59:10 fight: highlight found - centered click (957,746)
07:59:13 fight: combat never started after click - retrying
07:59:13 fight: highlight found - centered click (982,653)
07:59:16 fight: combat never started after click - retrying
07:59:17 fight: highlight found - centered click (985,650)
07:59:20 fight: combat never started after click - retrying
07:59:21 fight: highlight found - centered click (1069,685)
07:59:24 fight: combat never started after click - retrying
07:59:24 fight: highlight found - centered click (1069,685)
07:59:27 fight: combat never started after click - retrying
07:59:28 fight: highlight found - centered click (1069,685)
07:59:31 fight: combat never started after click - retrying
07:59:32 fight: highlight found - centered click (942,691)
07:59:35 fight: combat never started after click - retrying
07:59:35 fight: highlight found - centered click (942,691)
07:59:39 fight: combat never started after click - retrying
07:59:39 fight: highlight found - centered click (942,691)
07:59:42 fight: combat never started after click - retrying
07:59:43 fight: highlight found - centered click (957,746)
07:59:46 fight: combat never started after click - retrying
07:59:46 fight: highlight found - centered click (943,689)
07:59:49 fight: combat never started after click - retrying
07:59:50 fight: highlight found - centered click (982,611)
07:59:53 fight: combat never started after click - retrying
07:59:54 fight: highlight found - centered click (1071,723)
07:59:57 fight: combat never started after click - retrying
07:59:57 fight: highlight found - centered click (887,680)
08:00:00 fight: combat never started after click - retrying
08:00:01 fight: highlight found - centered click (1071,723)
08:00:04 fight: combat never started after click - retrying
08:00:04 fight: highlight found - centered click (1074,723)
08:00:08 fight: combat never started after click - retrying
08:00:08 fight: highlight found - centered click (913,693)
08:00:11 fight: combat never started after click - retrying
08:00:12 fight: highlight found - centered click (942,691)
08:00:15 fight: combat never started after click - retrying
08:00:15 fight: highlight found - centered click (942,691)
08:00:19 fight: combat never started after click - retrying
08:00:19 fight: highlight found - centered click (1004,653)
08:00:22 fight: combat never started after click - retrying
08:00:23 fight: highlight found - centered click (985,650)
08:00:26 fight: combat never started after click - retrying
08:00:26 fight: highlight found - centered click (1049,650)
08:00:30 fight: combat never started after click - retrying
08:00:30 fight: highlight found - centered click (965,708)
08:00:33 fight: combat never started after click - retrying
08:00:34 fight: highlight found - centered click (931,653)
08:00:37 fight: combat never started after click - retrying
08:00:37 fight: highlight found - centered click (969,667)
08:00:40 fight: combat never started after click - retrying
08:00:41 fight: highlight found - centered click (1083,651)
08:00:44 fight: combat never started after click - retrying
08:00:45 fight: highlight found - centered click (1107,613)
08:00:48 fight: combat never started after click - retrying
08:00:48 fight: highlight found - centered click (1029,649)
08:00:51 fight: combat never started after click - retrying
08:00:52 fight: highlight found - centered click (1029,649)
08:00:55 fight: combat never started after click - retrying
08:00:55 fight: highlight found - centered click (1029,649)
08:00:59 fight: combat never started after click - retrying
08:00:59 fight: highlight found - centered click (1103,613)
08:01:02 fight: combat never started after click - retrying
08:01:03 fight: highlight found - centered click (1069,688)
08:01:06 fight: combat never started after click - retrying
08:01:06 fight: highlight found - centered click (1044,667)
08:01:10 fight: combat never started after click - retrying
08:01:10 fight: highlight found - centered click (944,650)
08:01:13 fight: combat never started after click - retrying
08:01:14 fight: highlight found - centered click (981,650)
08:01:17 fight: combat never started after click - retrying
08:01:17 fight: highlight found - centered click (1108,653)
08:01:21 fight: combat never started after click - retrying
08:01:21 fight: highlight found - centered click (972,751)
08:01:24 fight: combat never started after click - retrying
08:01:25 fight: highlight found - centered click (974,757)
08:01:28 fight: combat never started after click - retrying
08:01:28 fight: highlight found - centered click (974,757)
08:01:31 fight: combat never started after click - retrying
08:01:32 fight: highlight found - centered click (971,757)
08:01:35 fight: combat never started after click - retrying
08:01:35 fight: highlight found - centered click (1032,768)
08:01:39 fight: combat never started after click - retrying
08:01:39 fight: highlight found - centered click (984,769)
08:01:42 fight: combat never started after click - retrying
08:01:43 fight: highlight found - centered click (1069,688)
08:01:46 fight: combat never started after click - retrying
08:01:46 fight: highlight found - centered click (942,691)
08:01:50 fight: combat never started after click - retrying
08:01:50 fight: highlight found - centered click (1077,765)
08:01:53 fight: combat never started after click - retrying
08:01:54 fight: highlight found - centered click (984,638)
08:01:57 fight: combat never started after click - retrying
08:01:57 fight: highlight found - centered click (947,627)
08:02:00 fight: combat never started after click - retrying
08:02:01 fight: highlight found - centered click (1047,650)
08:02:04 fight: combat never started after click - retrying
08:02:05 fight: highlight found - centered click (1026,641)
08:02:08 fight: combat never started after click - retrying
08:02:08 fight: highlight found - centered click (1029,649)
08:02:11 fight: combat never started after click - retrying
08:02:12 fight: highlight found - centered click (1076,766)
08:02:15 fight: combat never started after click - retrying
08:02:15 fight: highlight found - centered click (1095,744)
08:02:19 fight: combat never started after click - retrying
08:02:19 fight: highlight found - centered click (1072,654)
08:02:22 fight: combat never started after click - retrying
08:02:23 fight: highlight found - centered click (1069,684)
08:02:26 fight: combat never started after click - retrying
08:02:26 fight: highlight found - centered click (1069,650)
08:02:30 fight: combat never started after click - retrying
08:02:30 fight: highlight found - centered click (886,728)
08:02:33 fight: combat never started after click - retrying
08:02:34 fight: highlight found - centered click (1076,769)
08:02:37 fight: combat never started after click - retrying
08:02:38 fight: highlight found - centered click (966,653)
08:02:41 fight: combat never started after click - retrying
08:02:41 fight: highlight found - centered click (1124,760)
08:02:44 fight: combat never started after click - retrying
08:02:45 fight: highlight found - centered click (943,656)
08:02:48 fight: combat never started after click - retrying
08:02:49 fight: highlight found - centered click (940,815)
08:02:52 fight: combat never started after click - retrying
08:02:52 fight: highlight found - centered click (1097,587)
08:02:55 fight: combat never started after click - retrying
08:02:56 fight: highlight found - centered click (900,616)
08:02:59 fight: combat never started after click - retrying
08:02:59 fight: highlight found - centered click (1027,653)
08:03:03 fight: combat never started after click - retrying
08:03:03 fight: highlight found - centered click (1027,653)
08:03:06 fight: combat never started after click - retrying
08:03:07 fight: highlight found - centered click (1027,653)
08:03:10 fight: combat never started after click - retrying
08:03:10 fight: highlight found - centered click (963,673)
08:03:14 fight: combat never started after click - retrying
08:03:14 fight: highlight found - centered click (941,763)
08:03:17 fight: combat never started after click - retrying
08:03:18 fight: highlight found - centered click (898,689)
08:03:21 fight: combat never started after click - retrying
08:03:21 fight: highlight found - centered click (898,690)
08:03:24 fight: combat never started after click - retrying
08:03:25 fight: highlight found - centered click (898,687)
08:03:28 fight: combat never started after click - retrying
08:03:29 fight: highlight found - centered click (941,813)
08:03:32 fight: combat never started after click - retrying
08:03:32 fight: highlight found - centered click (917,651)
08:03:35 fight: combat never started after click - retrying
08:03:36 fight: highlight found - centered click (943,653)
08:03:39 fight: combat never started after click - retrying
08:03:39 fight: highlight found - centered click (969,745)
08:03:43 fight: combat never started after click - retrying
08:03:43 fight: highlight found - centered click (1027,687)
08:03:46 fight: combat never started after click - retrying
08:03:47 fight: highlight found - centered click (1029,649)
08:03:50 fight: combat never started after click - retrying
08:03:50 fight: highlight found - centered click (1006,769)
08:03:53 fight: combat never started after click - retrying
08:03:54 fight: highlight found - centered click (1022,650)
08:03:57 fight: combat never started after click - retrying
08:03:57 fight: highlight found - centered click (1053,627)
08:04:01 fight: combat never started after click - retrying
08:04:01 fight: highlight found - centered click (961,769)
08:04:04 fight: combat never started after click - retrying
08:04:05 fight: highlight found - centered click (986,859)
08:04:08 fight: combat never started after click - retrying
08:04:08 fight: highlight found - centered click (1103,686)
08:04:11 fight: combat never started after click - retrying
08:04:12 fight: highlight found - centered click (985,859)
08:04:15 fight: combat never started after click - retrying
08:04:16 fight: highlight found - centered click (1057,581)
08:04:19 fight: combat never started after click - retrying
08:04:19 fight: highlight found - centered click (1063,530)
08:04:22 fight: combat never started after click - retrying
08:04:23 fight: highlight found - centered click (943,689)
08:04:26 fight: combat never started after click - retrying
08:04:27 fight: highlight found - centered click (943,689)
08:04:30 fight: combat never started after click - retrying
08:04:30 fight: highlight found - centered click (1069,688)
08:04:34 fight: combat never started after click - retrying
08:04:34 fight: highlight found - centered click (937,766)
08:04:37 fight: combat never started after click - retrying
08:04:38 fight: highlight found - centered click (987,649)
08:04:41 fight: combat never started after click - retrying
08:04:41 fight: highlight found - centered click (954,741)
08:04:44 fight: combat never started after click - retrying
08:04:45 fight: highlight found - centered click (943,689)
08:04:48 fight: combat never started after click - retrying
08:04:48 fight: highlight found - centered click (1029,649)
08:04:52 fight: combat never started after click - retrying
08:04:52 fight: highlight found - centered click (1029,649)
08:04:55 fight: combat never started after click - retrying
08:04:56 fight: highlight found - centered click (982,653)
08:04:59 fight: combat never started after click - retrying
08:04:59 fight: highlight found - centered click (985,650)
08:05:03 fight: combat never started after click - retrying
08:05:03 fight: highlight found - centered click (1001,769)
08:05:06 fight: combat never started after click - retrying
08:05:07 fight: highlight found - centered click (943,659)
08:05:10 fight: combat never started after click - retrying
08:05:10 fight: highlight found - centered click (903,640)
08:05:13 fight: combat never started after click - retrying
08:05:14 fight: highlight found - centered click (897,729)
08:05:17 fight: combat never started after click - retrying
08:05:18 fight: highlight found - centered click (897,729)
08:05:21 fight: combat never started after click - retrying
08:05:21 fight: highlight found - centered click (897,729)
08:05:24 fight: combat never started after click - retrying
08:05:25 fight: highlight found - centered click (900,649)
08:05:28 fight: combat never started after click - retrying
08:05:29 fight: highlight found - centered click (984,611)
08:05:32 fight: combat never started after click - retrying
08:05:32 fight: highlight found - centered click (1069,650)
08:05:35 fight: combat never started after click - retrying
08:05:36 fight: highlight found - centered click (1098,746)
08:05:39 fight: combat never started after click - retrying
08:05:39 fight: highlight found - centered click (940,807)
08:05:43 fight: combat never started after click - retrying
08:05:43 fight: highlight found - centered click (1017,780)
08:05:46 fight: combat never started after click - retrying
08:05:47 fight: highlight found - centered click (991,650)
08:05:50 fight: combat never started after click - retrying
08:05:50 fight: highlight found - centered click (903,616)
08:05:54 fight: combat never started after click - retrying
08:05:54 fight: highlight found - centered click (903,616)
08:05:57 fight: combat never started after click - retrying
08:05:58 fight: highlight found - centered click (941,572)
08:06:01 fight: combat never started after click - retrying
08:06:01 fight: highlight found - centered click (1073,697)
08:06:05 fight: combat never started after click - retrying
08:06:05 fight: highlight found - centered click (1112,673)
08:06:08 fight: combat never started after click - retrying
08:06:09 fight: highlight found - centered click (1071,758)
08:06:12 fight: combat never started after click - retrying
08:06:12 fight: highlight found - centered click (969,619)
08:06:16 fight: combat never started after click - retrying
08:06:16 fight: highlight found - centered click (1104,613)
08:06:19 fight: combat never started after click - retrying
08:06:20 fight: highlight found - centered click (895,770)
08:06:23 fight: combat never started after click - retrying
08:06:23 fight: highlight found - centered click (987,769)
08:06:27 fight: combat never started after click - retrying
08:06:27 fight: highlight found - centered click (978,769)
08:06:30 fight: combat never started after click - retrying
08:06:31 fight: highlight found - centered click (1014,653)
08:06:34 fight: combat never started after click - retrying
08:06:34 fight: highlight found - centered click (910,721)
08:06:37 fight: combat never started after click - retrying
08:06:38 fight: highlight found - centered click (985,815)
08:06:41 fight: combat never started after click - retrying
08:06:42 fight: highlight found - centered click (986,815)
08:06:45 fight: combat never started after click - retrying
08:06:45 fight: highlight found - centered click (1038,756)
08:06:48 fight: combat never started after click - retrying
08:06:49 fight: highlight found - centered click (997,767)
08:06:52 fight: combat never started after click - retrying
08:06:52 fight: highlight found - centered click (982,653)
08:06:55 fight: combat never started after click - retrying
08:06:56 fight: highlight found - centered click (936,691)
08:06:59 fight: combat never started after click - retrying
08:07:00 fight: highlight found - centered click (959,744)
08:07:03 fight: combat never started after click - retrying
08:07:03 fight: highlight found - centered click (972,670)
08:07:06 fight: combat never started after click - retrying
08:07:07 fight: highlight found - centered click (974,620)
08:07:10 fight: combat never started after click - retrying
08:07:10 fight: highlight found - centered click (952,653)
08:07:14 fight: combat never started after click - retrying
08:07:14 fight: highlight found - centered click (951,717)
08:07:17 fight: combat never started after click - retrying
08:07:18 fight: highlight found - centered click (940,719)
08:07:21 fight: combat never started after click - retrying
08:07:21 fight: highlight found - centered click (941,725)
08:07:24 fight: combat never started after click - retrying
08:07:25 fight: highlight found - centered click (940,770)
08:07:28 fight: combat never started after click - retrying
08:07:28 fight: highlight found - centered click (932,780)
08:07:32 fight: combat never started after click - retrying
08:07:32 fight: highlight found - centered click (1028,653)
08:07:35 fight: combat never started after click - retrying
08:07:36 fight: highlight found - centered click (941,729)
08:07:39 fight: combat never started after click - retrying
08:07:39 fight: highlight found - centered click (898,690)
08:07:43 fight: combat never started after click - retrying
08:07:43 fight: highlight found - centered click (1069,688)
08:07:46 fight: combat never started after click - retrying
08:07:47 fight: highlight found - centered click (1069,688)
08:07:50 fight: combat never started after click - retrying
08:07:50 fight: highlight found - centered click (1072,685)
08:07:54 fight: combat never started after click - retrying
08:07:54 fight: highlight found - centered click (1045,653)
08:07:57 fight: combat never started after click - retrying
08:07:58 fight: highlight found - centered click (1027,653)
08:08:01 fight: combat never started after click - retrying
08:08:01 fight: highlight found - centered click (1025,653)
08:08:05 fight: combat never started after click - retrying
08:08:05 fight: highlight found - centered click (1028,653)
08:08:08 fight: combat never started after click - retrying
08:08:09 fight: highlight found - centered click (1027,653)
08:08:12 fight: combat never started after click - retrying
08:08:12 fight: highlight found - centered click (898,738)
08:08:16 fight: combat never started after click - retrying
08:08:16 fight: highlight found - centered click (1027,653)
08:08:19 fight: combat never started after click - retrying
08:08:20 fight: highlight found - centered click (933,688)
08:08:23 fight: combat never started after click - retrying
08:08:23 fight: highlight found - centered click (861,616)
08:08:27 fight: combat never started after click - retrying
08:08:27 fight: highlight found - centered click (1120,759)
08:08:30 fight: combat never started after click - retrying
08:08:31 fight: highlight found - centered click (1084,729)
08:08:34 fight: combat never started after click - retrying
08:08:34 fight: highlight found - centered click (902,726)
08:08:38 fight: combat never started after click - retrying
08:08:38 fight: highlight found - centered click (938,729)
08:08:41 fight: combat never started after click - retrying
08:08:42 fight: highlight found - centered click (1005,769)
08:08:45 fight: combat never started after click - retrying
08:08:45 fight: highlight found - centered click (981,650)
08:08:49 fight: combat never started after click - retrying
08:08:49 fight: highlight found - centered click (1027,615)
08:08:52 fight: combat never started after click - retrying
08:08:53 fight: highlight found - centered click (940,704)
08:08:56 fight: combat never started after click - retrying
08:08:56 fight: highlight found - centered click (1074,653)
08:08:59 fight: combat never started after click - retrying
08:09:00 fight: highlight found - centered click (1028,653)
08:09:03 fight: combat never started after click - retrying
08:09:04 fight: highlight found - centered click (1027,653)
08:09:07 fight: combat never started after click - retrying
08:09:07 fight: highlight found - centered click (1025,653)
08:09:10 fight: combat never started after click - retrying
08:09:11 fight: highlight found - centered click (1027,665)
08:09:14 fight: combat never started after click - retrying
08:09:15 fight: highlight found - centered click (943,683)
08:09:18 fight: combat never started after click - retrying
08:09:18 fight: highlight found - centered click (941,725)
08:09:21 fight: combat never started after click - retrying
08:09:22 fight: highlight found - centered click (942,725)
08:09:25 fight: combat never started after click - retrying
08:09:25 fight: highlight found - centered click (1029,769)
08:09:29 fight: combat never started after click - retrying
08:09:29 fight: highlight found - centered click (943,727)
08:09:32 fight: combat never started after click - retrying
08:09:33 fight: highlight found - centered click (1029,649)
08:09:36 fight: combat never started after click - retrying
08:09:36 fight: highlight found - centered click (1029,649)
08:09:40 fight: combat never started after click - retrying
08:09:40 fight: highlight found - centered click (947,584)
08:09:43 fight: combat never started after click - retrying
08:09:44 fight: highlight found - centered click (819,651)
08:09:47 fight: combat never started after click - retrying
08:09:47 fight: highlight found - centered click (1073,727)
08:09:50 fight: combat never started after click - retrying
08:09:51 fight: highlight found - centered click (937,659)
08:09:54 fight: combat never started after click - retrying
08:09:54 fight: highlight found - centered click (901,650)
08:09:58 fight: combat never started after click - retrying
08:09:58 fight: highlight found - centered click (898,653)
08:10:01 fight: combat never started after click - retrying
08:10:02 fight: highlight found - centered click (858,653)
08:10:05 fight: combat never started after click - retrying
08:10:06 fight: highlight found - centered click (1027,653)
08:10:09 fight: combat never started after click - retrying
08:10:09 fight: highlight found - centered click (1056,650)
08:10:12 fight: combat never started after click - retrying
08:10:13 fight: highlight found - centered click (994,813)
08:10:16 fight: combat never started after click - retrying
08:10:17 fight: highlight found - centered click (1081,857)
08:10:20 fight: combat never started after click - retrying
08:10:20 fight: highlight found - centered click (1081,857)
08:10:23 fight: combat never started after click - retrying
08:10:24 fight: highlight found - centered click (1081,857)
08:10:27 fight: combat never started after click - retrying
08:10:28 fight: highlight found - centered click (942,691)
08:10:31 fight: combat never started after click - retrying
08:10:31 fight: highlight found - centered click (898,687)
08:10:34 fight: combat never started after click - retrying
08:10:35 fight: highlight found - centered click (898,689)
08:10:38 fight: combat never started after click - retrying
08:10:39 fight: highlight found - centered click (1072,656)
08:10:42 fight: combat never started after click - retrying
08:10:42 fight: highlight found - centered click (1075,616)
08:10:45 fight: combat never started after click - retrying
08:10:46 fight: highlight found - centered click (986,769)
08:10:49 fight: combat never started after click - retrying
08:10:50 fight: highlight found - centered click (939,723)
08:10:53 fight: combat never started after click - retrying
08:10:53 fight: highlight found - centered click (976,661)
08:10:56 fight: combat never started after click - retrying
08:10:57 fight: highlight found - centered click (975,661)
08:11:00 fight: combat never started after click - retrying
08:11:00 fight: highlight found - centered click (975,661)
08:11:04 fight: combat never started after click - retrying
08:11:04 fight: highlight found - centered click (975,661)
08:11:07 fight: combat never started after click - retrying
08:11:07 fight: highlight found - centered click (975,661)
08:11:11 fight: combat never started after click - retrying
08:11:11 fight: highlight found - centered click (975,661)
08:11:14 fight: combat never started after click - retrying
08:11:15 fight: highlight found - centered click (975,661)
08:11:18 fight: combat never started after click - retrying
08:11:18 fight: highlight found - centered click (942,691)
08:11:21 fight: combat never started after click - retrying
08:11:22 fight: highlight found - centered click (873,631)
08:11:25 fight: combat never started after click - retrying
08:11:26 fight: highlight found - centered click (983,619)
08:11:29 fight: combat never started after click - retrying
08:11:29 fight: highlight found - centered click (1023,619)
08:11:32 fight: combat never started after click - retrying
08:11:33 fight: highlight found - centered click (943,612)
08:11:36 fight: combat never started after click - retrying
08:11:37 fight: highlight found - centered click (914,642)
08:11:40 fight: combat never started after click - retrying
08:11:40 fight: highlight found - centered click (1034,653)
08:11:43 fight: combat never started after click - retrying
08:11:44 fight: highlight found - centered click (944,610)
08:11:47 fight: combat never started after click - retrying
08:11:47 fight: highlight found - centered click (943,653)
08:11:51 fight: combat never started after click - retrying
08:11:51 fight: highlight found - centered click (943,653)
08:11:54 fight: combat never started after click - retrying
08:11:55 fight: highlight found - centered click (940,662)
08:11:58 fight: combat never started after click - retrying
08:11:58 fight: highlight found - centered click (908,683)
08:12:02 fight: combat never started after click - retrying
08:12:02 fight: highlight found - centered click (940,814)
08:12:05 fight: combat never started after click - retrying
08:12:06 fight: highlight found - centered click (1109,640)
08:12:09 fight: combat never started after click - retrying
08:12:09 fight: highlight found - centered click (1105,554)
08:12:13 fight: combat never started after click - retrying
08:12:13 fight: highlight found - centered click (897,727)
08:12:16 fight: combat never started after click - retrying
08:12:17 fight: highlight found - centered click (960,768)
08:12:20 fight: combat never started after click - retrying
08:12:20 fight: highlight found - centered click (916,664)
08:12:23 fight: combat never started after click - retrying
08:12:24 fight: highlight found - centered click (1074,768)
08:12:27 fight: combat never started after click - retrying
08:12:28 fight: highlight found - centered click (1073,727)
08:12:31 fight: combat never started after click - retrying
08:12:31 fight: highlight found - centered click (1077,767)
08:12:35 fight: combat never started after click - retrying
08:12:35 fight: highlight found - centered click (1072,657)
08:12:38 fight: combat never started after click - retrying
08:12:39 fight: highlight found - centered click (1076,768)
08:12:42 fight: combat never started after click - retrying
08:12:43 fight: highlight found - centered click (1067,654)
08:12:46 fight: combat never started after click - retrying
08:12:46 fight: highlight found - centered click (898,690)
08:12:49 fight: combat never started after click - retrying
08:12:50 fight: highlight found - centered click (1070,647)
08:12:53 fight: combat never started after click - retrying
08:12:54 fight: highlight found - centered click (965,735)
08:12:57 fight: combat never started after click - retrying
08:12:57 fight: highlight found - centered click (1076,768)
08:13:00 fight: combat never started after click - retrying
08:13:01 fight: highlight found - centered click (1069,688)
08:13:04 fight: combat never started after click - retrying
08:13:04 fight: highlight found - centered click (1008,561)
08:13:08 fight: combat never started after click - retrying
08:13:08 fight: highlight found - centered click (1128,556)
08:13:11 fight: combat never started after click - retrying
08:13:12 fight: highlight found - centered click (943,746)
08:13:15 fight: combat never started after click - retrying
08:13:15 fight: highlight found - centered click (999,753)
08:13:19 fight: combat never started after click - retrying
08:13:19 fight: highlight found - centered click (1031,769)
08:13:22 fight: combat never started after click - retrying
08:13:23 fight: highlight found - centered click (945,688)
08:13:26 fight: combat never started after click - retrying
08:13:26 fight: highlight found - centered click (942,703)
08:13:29 fight: combat never started after click - retrying
08:13:30 fight: highlight found - centered click (1032,768)
08:13:33 fight: combat never started after click - retrying
08:13:33 fight: highlight found - centered click (1069,687)
08:13:37 fight: combat never started after click - retrying
08:13:37 fight: highlight found - centered click (925,747)
08:13:40 fight: combat never started after click - retrying
08:13:41 fight: highlight found - centered click (983,640)
08:13:44 fight: combat never started after click - retrying
08:13:44 fight: highlight found - centered click (985,615)
08:13:48 fight: combat never started after click - retrying
08:13:48 fight: highlight found - centered click (898,729)
08:13:51 fight: combat never started after click - retrying
08:13:52 fight: highlight found - centered click (1017,644)
08:13:55 fight: combat never started after click - retrying
08:13:55 fight: highlight found - centered click (998,653)
08:13:58 fight: combat never started after click - retrying
08:13:59 fight: highlight found - centered click (1109,648)
08:14:02 fight: combat never started after click - retrying
08:14:03 fight: highlight found - centered click (986,769)
08:14:06 fight: combat never started after click - retrying
08:14:06 fight: highlight found - centered click (986,769)
08:14:09 fight: combat never started after click - retrying
08:14:10 fight: highlight found - centered click (986,769)
08:14:13 fight: combat never started after click - retrying
08:14:13 fight: highlight found - centered click (943,641)
08:14:17 fight: combat never started after click - retrying
08:14:17 fight: highlight found - centered click (1072,687)
08:14:20 fight: combat never started after click - retrying
08:14:21 fight: highlight found - centered click (996,760)
08:14:24 fight: combat never started after click - retrying
08:14:24 fight: highlight found - centered click (1070,647)
08:14:28 fight: combat never started after click - retrying
08:14:28 fight: highlight found - centered click (987,653)
08:14:31 fight: combat never started after click - retrying
08:14:32 fight: highlight found - centered click (895,736)
08:14:35 fight: combat never started after click - retrying
08:14:35 fight: highlight found - centered click (898,729)
08:14:39 fight: combat never started after click - retrying
08:14:39 fight: highlight found - centered click (898,729)
08:14:42 fight: combat never started after click - retrying
08:14:43 fight: highlight found - centered click (1029,649)
08:14:46 fight: combat never started after click - retrying
08:14:46 fight: highlight found - centered click (1029,649)
08:14:50 fight: combat never started after click - retrying
08:14:50 fight: highlight found - centered click (1029,649)
08:14:53 fight: combat never started after click - retrying
08:14:54 fight: highlight found - centered click (1076,768)
08:14:57 fight: combat never started after click - retrying
08:14:57 fight: highlight found - centered click (1062,764)
08:15:00 fight: combat never started after click - retrying
08:15:01 fight: highlight found - centered click (969,652)
08:15:04 fight: combat never started after click - retrying
08:15:04 fight: highlight found - centered click (1040,769)
08:15:08 fight: combat never started after click - retrying
08:15:08 fight: highlight found - centered click (943,689)
08:15:11 fight: combat never started after click - retrying
08:15:12 fight: highlight found - centered click (943,689)
08:15:15 fight: combat never started after click - retrying
08:15:15 fight: highlight found - centered click (943,689)
08:15:19 fight: combat never started after click - retrying
08:15:19 fight: highlight found - centered click (943,689)
08:15:22 fight: combat never started after click - retrying
08:15:23 fight: highlight found - centered click (943,689)
08:15:26 fight: combat never started after click - retrying
08:15:26 fight: highlight found - centered click (1073,762)
08:15:30 fight: combat never started after click - retrying
08:15:30 fight: highlight found - centered click (895,731)
08:15:33 fight: combat never started after click - retrying
08:15:34 fight: highlight found - centered click (895,731)
08:15:37 fight: combat never started after click - retrying
08:15:38 fight: highlight found - centered click (895,731)
08:15:41 fight: combat never started after click - retrying
08:15:41 fight: highlight found - centered click (941,726)
08:15:44 fight: combat never started after click - retrying
08:15:45 fight: highlight found - centered click (894,808)
08:15:48 fight: combat never started after click - retrying
08:15:49 fight: highlight found - centered click (847,818)
08:15:52 fight: combat never started after click - retrying
08:15:52 fight: highlight found - centered click (850,815)
08:15:56 fight: combat never started after click - retrying
08:15:56 fight: highlight found - centered click (850,815)
08:15:59 fight: combat never started after click - retrying
08:16:00 fight: highlight found - centered click (942,716)
08:16:03 fight: combat never started after click - retrying
08:16:03 fight: highlight found - centered click (908,758)
08:16:07 fight: combat never started after click - retrying
08:16:07 fight: highlight found - centered click (943,580)
08:16:10 fight: combat never started after click - retrying
08:16:11 fight: highlight found - centered click (948,682)
08:16:14 fight: combat never started after click - retrying
08:16:14 fight: highlight found - centered click (1027,653)
08:16:17 fight: combat never started after click - retrying
08:16:18 fight: highlight found - centered click (1027,653)
08:16:21 fight: combat never started after click - retrying
08:16:22 fight: highlight found - centered click (1027,653)
08:16:25 fight: combat never started after click - retrying
08:16:25 fight: highlight found - centered click (1073,727)
08:16:28 fight: combat never started after click - retrying
08:16:29 fight: highlight found - centered click (1140,582)
08:16:32 fight: combat never started after click - retrying
08:16:32 fight: highlight found - centered click (1140,582)
08:16:36 fight: combat never started after click - retrying
08:16:36 fight: highlight found - centered click (1023,653)
08:16:39 fight: combat never started after click - retrying
08:16:40 fight: highlight found - centered click (1030,771)
08:16:43 fight: combat never started after click - retrying
08:16:43 fight: highlight found - centered click (942,691)
08:16:47 fight: combat never started after click - retrying
08:16:47 fight: highlight found - centered click (1064,577)
08:16:50 fight: combat never started after click - retrying
08:16:51 fight: highlight found - centered click (887,651)
08:16:54 fight: combat never started after click - retrying
08:16:54 fight: highlight found - centered click (905,722)
08:16:58 fight: combat never started after click - retrying
08:16:58 fight: highlight found - centered click (1076,728)
08:17:01 fight: combat never started after click - retrying
08:17:02 fight: highlight found - centered click (941,725)
08:17:05 fight: combat never started after click - retrying
08:17:05 fight: highlight found - centered click (942,725)
08:17:08 fight: combat never started after click - retrying
08:17:09 fight: highlight found - centered click (930,717)
08:17:12 fight: combat never started after click - retrying
08:17:12 fight: highlight found - centered click (1047,667)
08:17:16 fight: combat never started after click - retrying
08:17:16 fight: highlight found - centered click (1073,745)
08:17:19 fight: combat never started after click - retrying
08:17:20 fight: highlight found - centered click (981,769)
08:17:23 fight: combat never started after click - retrying
08:17:23 fight: highlight found - centered click (981,769)
08:17:26 fight: combat never started after click - retrying
08:17:27 fight: highlight found - centered click (1029,768)
08:17:30 fight: combat never started after click - retrying
08:17:30 fight: highlight found - centered click (1028,653)
08:17:34 fight: combat never started after click - retrying
08:17:34 fight: highlight found - centered click (951,717)
08:17:37 fight: combat never started after click - retrying
08:17:38 fight: highlight found - centered click (951,717)
08:17:41 fight: combat never started after click - retrying
08:17:41 fight: highlight found - centered click (951,717)
08:17:44 fight: combat never started after click - retrying
08:17:45 fight: highlight found - centered click (982,653)
08:17:48 fight: combat never started after click - retrying
08:17:48 fight: highlight found - centered click (982,653)
08:17:52 fight: combat never started after click - retrying
08:17:52 fight: highlight found - centered click (1008,659)
08:17:55 fight: combat never started after click - retrying
08:17:56 fight: highlight found - centered click (897,687)
08:17:59 fight: combat never started after click - retrying
08:17:59 fight: highlight found - centered click (1029,649)
08:18:03 fight: combat never started after click - retrying
08:18:03 fight: highlight found - centered click (1029,649)
08:18:06 fight: combat never started after click - retrying
08:18:07 fight: highlight found - centered click (990,653)
08:18:10 fight: combat never started after click - retrying
08:18:10 fight: highlight found - centered click (897,619)
08:18:14 fight: combat never started after click - retrying
08:18:14 fight: highlight found - centered click (1143,579)
08:18:17 fight: combat never started after click - retrying
08:18:18 fight: highlight found - centered click (848,798)
08:18:21 fight: combat never started after click - retrying
08:18:21 fight: highlight found - centered click (1063,653)
08:18:25 fight: combat never started after click - retrying
08:18:25 fight: highlight found - centered click (940,653)
08:18:28 fight: combat never started after click - retrying
08:18:29 fight: highlight found - centered click (937,650)
08:18:32 fight: combat never started after click - retrying
08:18:33 fight: highlight found - centered click (1110,653)
08:18:36 fight: combat never started after click - retrying
08:18:36 fight: highlight found - centered click (1107,653)
08:18:39 fight: combat never started after click - retrying
08:18:40 fight: highlight found - centered click (1107,653)
08:18:43 fight: combat never started after click - retrying
08:18:43 fight: highlight found - centered click (960,667)
08:18:47 fight: combat never started after click - retrying
08:18:47 fight: highlight found - centered click (957,748)
08:18:50 fight: combat never started after click - retrying
08:18:51 fight: highlight found - centered click (1049,753)
08:18:54 fight: combat never started after click - retrying
08:18:54 fight: highlight found - centered click (1059,679)
08:18:57 fight: combat never started after click - retrying
08:18:58 fight: highlight found - centered click (939,770)
08:19:01 fight: combat never started after click - retrying
08:19:02 fight: highlight found - centered click (939,770)
08:19:05 fight: combat never started after click - retrying
08:19:05 fight: highlight found - centered click (1069,688)
08:19:08 fight: combat never started after click - retrying
08:19:09 fight: highlight found - centered click (1069,688)
08:19:12 fight: combat never started after click - retrying
08:19:13 fight: highlight found - centered click (1110,688)
08:19:16 fight: combat never started after click - retrying
08:19:16 fight: highlight found - centered click (1026,760)
08:19:19 fight: combat never started after click - retrying
08:19:20 fight: highlight found - centered click (994,650)
08:19:23 fight: combat never started after click - retrying
08:19:23 fight: highlight found - centered click (991,650)
08:19:27 fight: combat never started after click - retrying
08:19:27 fight: highlight found - centered click (1029,769)
08:19:30 fight: combat never started after click - retrying
08:19:31 fight: highlight found - centered click (1029,769)
08:19:34 fight: combat never started after click - retrying
08:19:34 fight: highlight found - centered click (1029,769)
08:19:38 fight: combat never started after click - retrying
08:19:38 fight: highlight found - centered click (1049,740)
08:19:41 fight: combat never started after click - retrying
08:19:41 fight: highlight found - centered click (1072,731)
08:19:45 fight: combat never started after click - retrying
08:19:45 fight: highlight found - centered click (1069,727)
08:19:48 fight: combat never started after click - retrying
08:19:49 fight: highlight found - centered click (1069,727)
08:19:52 fight: combat never started after click - retrying
08:19:52 fight: highlight found - centered click (1069,727)
08:19:55 fight: combat never started after click - retrying
08:19:56 fight: highlight found - centered click (1069,727)
08:19:59 fight: combat never started after click - retrying
08:20:00 fight: highlight found - centered click (1069,727)
08:20:03 fight: combat never started after click - retrying
08:20:03 fight: highlight found - centered click (1069,727)
08:20:06 fight: combat never started after click - retrying
08:20:07 fight: highlight found - centered click (986,656)
08:20:10 fight: combat never started after click - retrying
08:20:10 fight: highlight found - centered click (948,685)
08:20:14 fight: combat never started after click - retrying
08:20:14 fight: highlight found - centered click (955,670)
08:20:17 fight: combat never started after click - retrying
08:20:18 fight: highlight found - centered click (948,685)
08:20:21 fight: combat never started after click - retrying
08:20:21 fight: highlight found - centered click (945,688)
08:20:24 fight: combat never started after click - retrying
08:20:25 fight: highlight found - centered click (1011,794)
08:20:28 fight: combat never started after click - retrying
08:20:28 fight: highlight found - centered click (992,778)
08:20:32 fight: combat never started after click - retrying
08:20:32 fight: highlight found - centered click (1019,761)
08:20:35 fight: combat never started after click - retrying
08:20:36 fight: highlight found - centered click (992,771)
08:20:39 fight: combat never started after click - retrying
08:20:39 fight: highlight found - centered click (941,770)
08:20:42 fight: combat never started after click - retrying
08:20:43 fight: highlight found - centered click (1072,693)
08:20:46 fight: combat never started after click - retrying
08:20:46 fight: highlight found - centered click (1003,769)
08:20:50 fight: combat never started after click - retrying
08:20:50 fight: highlight found - centered click (947,619)
08:20:53 fight: combat never started after click - retrying
08:20:54 fight: highlight found - centered click (989,769)
08:20:57 fight: combat never started after click - retrying
08:20:57 fight: highlight found - centered click (984,771)
08:21:01 fight: combat never started after click - retrying
08:21:01 fight: highlight found - centered click (1027,768)
08:21:04 fight: combat never started after click - retrying
08:21:05 fight: highlight found - centered click (907,732)
08:21:08 fight: combat never started after click - retrying
08:21:08 fight: highlight found - centered click (994,769)
08:21:11 fight: combat never started after click - retrying
08:21:12 fight: highlight found - centered click (943,653)
08:21:15 fight: combat never started after click - retrying
08:21:15 fight: highlight found - centered click (946,653)
08:21:19 fight: combat never started after click - retrying
08:21:19 fight: highlight found - centered click (941,731)
08:21:22 fight: combat never started after click - retrying
08:21:23 fight: highlight found - centered click (941,731)
08:21:26 fight: combat never started after click - retrying
08:21:26 fight: highlight found - centered click (941,731)
08:21:30 fight: combat never started after click - retrying
08:21:30 fight: highlight found - centered click (990,646)
08:21:33 fight: combat never started after click - retrying
08:21:34 fight: highlight found - centered click (1075,694)
08:21:37 fight: combat never started after click - retrying
08:21:37 fight: highlight found - centered click (1000,772)
08:21:40 fight: combat never started after click - retrying
08:21:41 fight: highlight found - centered click (1031,768)
08:21:44 fight: combat never started after click - retrying
08:21:44 fight: highlight found - centered click (1031,768)
08:21:48 fight: combat never started after click - retrying
08:21:48 fight: highlight found - centered click (924,730)
08:21:51 fight: combat never started after click - retrying
08:21:52 fight: highlight found - centered click (985,813)
08:21:55 fight: combat never started after click - retrying
08:21:55 fight: highlight found - centered click (1005,773)
08:21:59 fight: combat never started after click - retrying
08:21:59 fight: highlight found - centered click (1106,678)
08:22:02 fight: combat never started after click - retrying
08:22:03 fight: highlight found - centered click (1115,685)
08:22:06 fight: combat never started after click - retrying
08:22:06 fight: highlight found - centered click (1114,685)
08:22:10 fight: combat never started after click - retrying
08:22:10 fight: highlight found - centered click (1190,645)
08:22:13 fight: combat never started after click - retrying
08:22:14 fight: highlight found - centered click (985,619)
08:22:17 fight: combat never started after click - retrying
08:22:17 fight: highlight found - centered click (1023,619)
08:22:21 fight: combat never started after click - retrying
08:22:21 fight: highlight found - centered click (1022,619)
08:22:24 fight: combat never started after click - retrying
08:22:25 fight: highlight found - centered click (1111,655)
08:22:28 fight: combat never started after click - retrying
08:22:28 fight: highlight found - centered click (1079,726)
08:22:32 fight: combat never started after click - retrying
08:22:32 fight: highlight found - centered click (1069,650)
08:22:35 fight: combat never started after click - retrying
08:22:36 fight: highlight found - centered click (1072,726)
08:22:39 fight: combat never started after click - retrying
08:22:39 fight: highlight found - centered click (1029,767)
08:22:43 fight: combat never started after click - retrying
08:22:43 fight: highlight found - centered click (1029,767)
08:22:46 fight: combat never started after click - retrying
08:22:47 fight: highlight found - centered click (941,731)
08:22:50 fight: combat never started after click - retrying
08:22:50 fight: highlight found - centered click (941,731)
08:22:54 fight: combat never started after click - retrying
08:22:54 fight: highlight found - centered click (1029,767)
08:22:57 fight: combat never started after click - retrying
08:22:58 fight: highlight found - centered click (948,735)
08:23:01 fight: combat never started after click - retrying
08:23:01 fight: highlight found - centered click (1029,771)
08:23:04 fight: combat never started after click - retrying
08:23:05 fight: highlight found - centered click (919,733)
08:23:08 fight: combat never started after click - retrying
08:23:09 fight: highlight found - centered click (932,717)
08:23:12 fight: combat never started after click - retrying
08:23:12 fight: highlight found - centered click (1032,811)
08:23:15 fight: combat never started after click - retrying
08:23:16 fight: highlight found - centered click (939,754)
08:23:19 fight: combat never started after click - retrying
08:23:20 fight: highlight found - centered click (943,692)
08:23:23 fight: combat never started after click - retrying
08:23:23 fight: highlight found - centered click (942,624)
08:23:26 fight: combat never started after click - retrying
08:23:27 fight: highlight found - centered click (898,731)
08:23:30 fight: combat never started after click - retrying
08:23:31 fight: highlight found - centered click (947,580)
08:23:34 fight: combat never started after click - retrying
08:23:34 fight: highlight found - centered click (1077,769)
08:23:37 fight: combat never started after click - retrying
08:23:38 fight: highlight found - centered click (1073,771)
08:23:41 fight: combat never started after click - retrying
08:23:41 fight: highlight found - centered click (873,675)
08:23:45 fight: combat never started after click - retrying
08:23:45 fight: highlight found - centered click (863,618)
08:23:48 fight: combat never started after click - retrying
08:23:49 fight: highlight found - centered click (1018,610)
08:23:52 fight: combat never started after click - retrying
08:23:52 fight: highlight found - centered click (1029,649)
08:23:56 fight: combat never started after click - retrying
08:23:56 fight: highlight found - centered click (1029,649)
08:23:59 fight: combat never started after click - retrying
08:24:00 fight: highlight found - centered click (948,688)
08:24:03 fight: combat never started after click - retrying
08:24:03 fight: highlight found - centered click (1175,553)
08:24:07 fight: combat never started after click - retrying
08:24:07 fight: highlight found - centered click (838,619)
08:24:10 fight: combat never started after click - retrying
08:24:11 fight: highlight found - centered click (1058,553)
08:24:14 fight: combat never started after click - retrying
08:24:14 fight: highlight found - centered click (1072,689)
08:24:18 fight: combat never started after click - retrying
08:24:18 fight: highlight found - centered click (964,567)
08:24:21 fight: combat never started after click - retrying
08:24:22 fight: highlight found - centered click (1075,726)
08:24:25 fight: combat never started after click - retrying
08:24:25 fight: highlight found - centered click (1118,683)
08:24:28 fight: combat never started after click - retrying
08:24:29 fight: highlight found - centered click (1063,581)
08:24:32 fight: combat never started after click - retrying
08:24:32 fight: highlight found - centered click (986,778)
08:24:36 fight: combat never started after click - retrying
08:24:36 fight: highlight found - centered click (986,769)
08:24:39 fight: combat never started after click - retrying
08:24:40 fight: highlight found - centered click (986,769)
08:24:43 fight: combat never started after click - retrying
08:24:44 fight: highlight found - centered click (982,653)
08:24:47 fight: combat never started after click - retrying
08:24:47 fight: highlight found - centered click (982,653)
08:24:50 fight: combat never started after click - retrying
08:24:51 fight: highlight found - centered click (982,653)
08:24:54 fight: combat never started after click - retrying
08:24:55 fight: highlight found - centered click (1098,716)
08:24:58 fight: combat never started after click - retrying
08:24:58 fight: highlight found - centered click (894,750)
08:25:01 fight: combat never started after click - retrying
08:25:02 fight: highlight found - centered click (1000,770)
08:25:05 fight: combat never started after click - retrying
08:25:05 fight: highlight found - centered click (1030,769)
08:25:09 fight: combat never started after click - retrying
08:25:09 fight: highlight found - centered click (1075,768)
08:25:12 fight: combat never started after click - retrying
08:25:13 fight: highlight found - centered click (975,763)
08:25:16 fight: combat never started after click - retrying
08:25:16 fight: highlight found - centered click (1048,767)
08:25:19 fight: combat never started after click - retrying
08:25:20 fight: highlight found - centered click (906,619)
08:25:23 fight: combat never started after click - retrying
08:25:24 fight: highlight found - centered click (957,679)
08:25:27 fight: combat never started after click - retrying
08:25:27 fight: highlight found - centered click (1029,769)
08:25:30 fight: combat never started after click - retrying
08:25:31 fight: highlight found - centered click (1029,769)
08:25:34 fight: combat never started after click - retrying
08:25:35 fight: highlight found - centered click (1029,769)
08:25:38 fight: combat never started after click - retrying
08:25:38 fight: highlight found - centered click (1029,769)
08:25:41 fight: combat never started after click - retrying
08:25:42 fight: highlight found - centered click (1098,807)
08:25:45 fight: combat never started after click - retrying
08:25:46 fight: highlight found - centered click (1073,719)
08:25:49 fight: combat never started after click - retrying
08:25:49 fight: highlight found - centered click (986,769)
08:25:52 fight: combat never started after click - retrying
08:25:53 fight: highlight found - centered click (986,769)
08:25:56 fight: combat never started after click - retrying
08:25:57 fight: highlight found - centered click (986,769)
08:26:00 fight: combat never started after click - retrying
08:26:00 fight: highlight found - centered click (945,770)
08:26:03 fight: combat never started after click - retrying
08:26:04 fight: highlight found - centered click (1026,619)
08:26:07 fight: combat never started after click - retrying
08:26:08 fight: highlight found - centered click (984,653)
08:26:11 fight: combat never started after click - retrying
08:26:11 fight: highlight found - centered click (1069,688)
08:26:15 fight: combat never started after click - retrying
08:26:15 fight: highlight found - centered click (1069,688)
08:26:18 fight: combat never started after click - retrying
08:26:19 fight: highlight found - centered click (963,670)
08:26:22 fight: combat never started after click - retrying
08:26:22 fight: highlight found - centered click (951,719)
08:26:25 fight: combat never started after click - retrying
08:26:26 fight: highlight found - centered click (951,685)
08:26:29 fight: combat never started after click - retrying
08:26:29 fight: highlight found - centered click (941,727)
08:26:33 fight: combat never started after click - retrying
08:26:33 fight: highlight found - centered click (1069,688)
08:26:36 fight: combat never started after click - retrying
08:26:37 fight: highlight found - centered click (942,740)
08:26:40 fight: combat never started after click - retrying
08:26:40 fight: highlight found - centered click (942,691)
08:26:44 fight: combat never started after click - retrying
08:26:44 fight: highlight found - centered click (942,691)
08:26:47 fight: combat never started after click - retrying
08:26:48 fight: highlight found - centered click (942,691)
08:26:51 fight: combat never started after click - retrying
08:26:51 fight: highlight found - centered click (1069,688)
08:26:55 fight: combat never started after click - retrying
08:26:55 fight: highlight found - centered click (1049,671)
08:26:58 fight: combat never started after click - retrying
08:26:59 fight: highlight found - centered click (911,757)
08:27:02 fight: combat never started after click - retrying
08:27:02 fight: highlight found - centered click (992,761)
08:27:05 fight: combat never started after click - retrying
08:27:06 fight: highlight found - centered click (962,764)
08:27:09 fight: combat never started after click - retrying
08:27:09 fight: highlight found - centered click (1073,695)
08:27:13 fight: combat never started after click - retrying
08:27:13 fight: highlight found - centered click (1104,716)
08:27:16 fight: combat never started after click - retrying
08:27:16 fight: highlight found - centered click (1061,699)
08:27:20 fight: combat never started after click - retrying
08:27:20 fight: highlight found - centered click (949,650)
08:27:23 fight: combat never started after click - retrying
08:27:24 fight: highlight found - centered click (984,653)
08:27:27 fight: combat never started after click - retrying
08:27:27 fight: highlight found - centered click (1000,639)
08:27:30 fight: combat never started after click - retrying
08:27:31 fight: highlight found - centered click (1070,691)
08:27:34 fight: combat never started after click - retrying
08:27:34 fight: highlight found - centered click (1073,698)
08:27:38 fight: combat never started after click - retrying
08:27:38 fight: highlight found - centered click (937,858)
08:27:41 fight: combat never started after click - retrying
08:27:42 fight: highlight found - centered click (981,769)
08:27:45 fight: combat never started after click - retrying
08:27:45 fight: highlight found - centered click (974,642)
08:27:49 fight: combat never started after click - retrying
08:27:49 fight: highlight found - centered click (892,772)
08:27:52 fight: combat never started after click - retrying
08:27:53 fight: highlight found - centered click (989,769)
08:27:56 fight: combat never started after click - retrying
08:27:56 fight: highlight found - centered click (1050,769)
08:28:00 fight: combat never started after click - retrying
08:28:00 fight: highlight found - centered click (948,722)
08:28:03 fight: combat never started after click - retrying
08:28:04 fight: highlight found - centered click (921,729)
08:28:07 fight: combat never started after click - retrying
08:28:07 fight: highlight found - centered click (1081,759)
08:28:10 fight: combat never started after click - retrying
08:28:11 fight: highlight found - centered click (984,771)
08:28:14 fight: combat never started after click - retrying
08:28:14 fight: highlight found - centered click (984,771)
08:28:18 fight: combat never started after click - retrying
08:28:18 fight: highlight found - centered click (984,769)
08:28:21 fight: combat never started after click - retrying
08:28:22 fight: highlight found - centered click (984,769)
08:28:25 fight: combat never started after click - retrying
08:28:25 fight: highlight found - centered click (986,777)
08:28:28 fight: combat never started after click - retrying
08:28:29 fight: highlight found - centered click (912,815)
08:28:32 fight: combat never started after click - retrying
08:28:32 fight: highlight found - centered click (1033,813)
08:28:36 fight: combat never started after click - retrying
08:28:36 fight: highlight found - centered click (972,664)
08:28:39 fight: combat never started after click - retrying
08:28:40 fight: highlight found - centered click (1055,661)
08:28:43 fight: combat never started after click - retrying
08:28:43 fight: highlight found - centered click (1029,771)
08:28:46 fight: combat never started after click - retrying
08:28:47 fight: highlight found - centered click (1029,771)
08:28:50 fight: combat never started after click - retrying
08:28:51 fight: highlight found - centered click (1029,769)
08:28:54 fight: combat never started after click - retrying
08:28:54 fight: highlight found - centered click (904,653)
08:28:58 fight: combat never started after click - retrying
08:28:58 fight: highlight found - centered click (936,684)
08:29:01 fight: combat never started after click - retrying
08:29:02 fight: highlight found - centered click (917,645)
08:29:05 fight: combat never started after click - retrying
08:29:05 fight: highlight found - centered click (1061,769)
08:29:08 fight: combat never started after click - retrying
08:29:09 fight: highlight found - centered click (939,750)
08:29:12 fight: combat never started after click - retrying
08:29:13 fight: highlight found - centered click (1010,763)
08:29:16 fight: combat never started after click - retrying
08:29:16 fight: highlight found - centered click (1074,847)
08:29:19 fight: combat never started after click - retrying
08:29:20 fight: highlight found - centered click (939,726)
08:29:23 fight: combat never started after click - retrying
08:29:23 fight: highlight found - centered click (1025,749)
08:29:27 fight: combat never started after click - retrying
08:29:27 fight: highlight found - centered click (1029,772)
08:29:30 fight: combat never started after click - retrying
08:29:31 fight: highlight found - centered click (1069,691)
08:29:34 fight: combat never started after click - retrying
08:29:34 fight: highlight found - centered click (1033,653)
08:29:38 fight: combat never started after click - retrying
08:29:38 fight: highlight found - centered click (1107,758)
08:29:41 fight: combat never started after click - retrying
08:29:42 fight: highlight found - centered click (1076,768)
08:29:45 fight: combat never started after click - retrying
08:29:45 fight: highlight found - centered click (989,769)
08:29:48 fight: combat never started after click - retrying
08:29:49 fight: highlight found - centered click (989,769)
08:29:52 fight: combat never started after click - retrying
08:29:52 fight: highlight found - centered click (1020,765)
08:29:56 fight: combat never started after click - retrying
08:29:56 fight: highlight found - centered click (908,801)
08:29:59 fight: combat never started after click - retrying
08:30:00 fight: highlight found - centered click (911,801)
08:30:03 fight: combat never started after click - retrying
08:30:03 fight: highlight found - centered click (1076,724)
08:30:06 fight: combat never started after click - retrying
08:30:07 fight: highlight found - centered click (1069,691)
08:30:10 fight: combat never started after click - retrying
08:30:10 fight: highlight found - centered click (1068,664)
08:30:14 fight: combat never started after click - retrying
08:30:14 fight: highlight found - centered click (1069,691)
08:30:17 fight: combat never started after click - retrying
08:30:18 fight: highlight found - centered click (987,649)
08:30:21 fight: combat never started after click - retrying
08:30:21 STOPPED: Stopped (F5)
08:30:21 STOPPED: Stopped (F5)
08:30:21 fight: highlight found - centered click (1069,691)
08:30:22 STOPPED: Stopped (F5)
08:30:22 fight: combat never started after click - retrying
08:30:22 STOPPED: Stopped (F5)
08:30:22 STOPPED: Stopped (F5)
08:30:22 STOPPED: Stopped (F5)
10:50:18 ===== Bot started =====
10:50:19 fight: highlight found - centered click (1030,615)
10:50:22 fight: combat never started after click - retrying
10:50:23 fight: highlight found - centered click (944,651)
10:50:24 fight: combat started - waiting for kill
10:50:33 fight: target confirmed dead - looking for next target
10:50:33 fight: highlight found - centered click (1110,585)
10:50:36 fight: combat started - waiting for kill
10:50:39 fight: target confirmed dead - looking for next target
10:50:39 fight: highlight found - centered click (965,861)
10:50:42 fight: combat started - waiting for kill
10:50:48 fight: target confirmed dead - looking for next target
10:50:48 fight: highlight found - centered click (1070,772)
10:50:51 fight: combat never started after click - retrying
10:50:52 fight: highlight found - centered click (1074,959)
10:50:55 fight: combat never started after click - retrying
10:50:56 fight: highlight found - centered click (938,725)
10:50:57 fight: combat started - waiting for kill
10:51:00 fight: target confirmed dead - looking for next target
10:51:00 fight: highlight found - centered click (1074,952)
10:51:03 fight: combat started - waiting for kill
10:51:06 fight: target confirmed dead - looking for next target
10:51:06 fight: highlight found - centered click (778,515)
10:51:10 fight: combat never started after click - retrying
10:51:10 fight: highlight found - centered click (921,591)
10:51:10 fight: combat started - waiting for kill
10:51:19 fight: target confirmed dead - looking for next target
10:51:19 fight: highlight found - centered click (951,690)
10:51:22 fight: combat started - waiting for kill
10:51:25 fight: target confirmed dead - looking for next target
10:51:25 fight: highlight found - centered click (887,823)
10:51:28 fight: combat started - waiting for kill
10:51:34 fight: target confirmed dead - looking for next target
10:51:34 fight: highlight found - centered click (940,689)
10:51:37 fight: combat started - waiting for kill
10:51:40 fight: target confirmed dead - looking for next target
10:51:40 fight: highlight found - centered click (1071,909)
10:51:44 STOPPED: Stopped (F5)
10:51:44 fight: combat never started after click - retrying
10:53:43 STOPPED: Stopped (F5)
10:53:44 ===== Bot started =====
10:53:45 fight: highlight found - centered click (1030,735)
10:53:46 fight: combat started - waiting for kill
10:53:58 fight: target confirmed dead - looking for next target
10:53:58 fight: highlight found - centered click (924,679)
10:54:01 fight: combat started - waiting for kill
10:54:07 fight: target confirmed dead - looking for next target
10:54:07 fight: highlight found - centered click (938,781)
10:54:11 fight: combat never started after click - retrying
10:54:11 fight: highlight found - centered click (890,814)
10:54:14 fight: combat started - waiting for kill
10:54:23 fight: target confirmed dead - looking for next target
10:54:24 fight: highlight found - centered click (1070,633)
10:54:26 fight: combat started - waiting for kill
10:54:29 fight: target confirmed dead - looking for next target
10:54:30 fight: highlight found - centered click (1027,502)
10:54:32 fight: combat started - waiting for kill
10:54:41 fight: target confirmed dead - looking for next target
10:54:42 fight: highlight found - centered click (835,657)
10:54:44 fight: combat started - waiting for kill
10:54:53 fight: target confirmed dead - looking for next target
10:54:54 fight: highlight found - centered click (1163,513)
10:54:56 fight: combat started - waiting for kill
10:55:02 fight: target confirmed dead - looking for next target
10:55:03 fight: highlight found - centered click (1021,436)
10:55:06 fight: combat started - waiting for kill
10:55:09 fight: target confirmed dead - looking for next target
10:55:09 fight: highlight found - centered click (1049,639)
10:55:12 fight: combat started - waiting for kill
10:55:19 STOPPED: Stopped (F5)
10:55:19 fight: kill not confirmed within timeout - retrying
10:55:30 STOPPED: Stopped (F5)
10:55:42 ===== Bot started =====
10:55:42 fight: highlight found - centered click (1047,715)
10:55:46 fight: combat never started after click - retrying
10:55:46 fight: highlight found - centered click (1017,712)
10:55:47 fight: combat started - waiting for kill
10:56:02 fight: target confirmed dead - looking for next target
10:56:02 fight: highlight found - centered click (982,706)
10:56:05 fight: combat never started after click - retrying
10:56:06 fight: highlight found - centered click (1100,666)
10:56:08 fight: combat started - waiting for kill
10:56:17 fight: target confirmed dead - looking for next target
10:56:17 fight: highlight found - centered click (1040,848)
10:56:20 fight: combat started - waiting for kill
10:56:26 fight: target confirmed dead - looking for next target
10:56:26 fight: highlight found - centered click (853,931)
10:56:29 fight: combat started - waiting for kill
10:56:38 fight: target confirmed dead - looking for next target
10:56:38 fight: highlight found - centered click (1049,643)
10:56:41 fight: combat started - waiting for kill
10:56:47 fight: target confirmed dead - looking for next target
10:56:47 fight: highlight found - centered click (861,739)
10:56:50 fight: combat never started after click - retrying
10:56:51 fight: highlight found - centered click (950,674)
10:56:54 fight: combat never started after click - retrying
10:56:54 fight: highlight found - centered click (950,671)
10:56:58 fight: combat never started after click - retrying
10:56:58 fight: highlight found - centered click (950,671)
10:57:01 fight: combat never started after click - retrying
10:57:02 fight: highlight found - centered click (950,671)
10:57:05 fight: combat never started after click - retrying
10:57:05 fight: highlight found - centered click (907,672)
10:57:09 fight: combat never started after click - retrying
10:57:09 fight: highlight found - centered click (942,813)
10:57:10 fight: combat started - waiting for kill
10:57:16 fight: target confirmed dead - looking for next target
10:57:16 fight: highlight found - centered click (848,676)
10:57:19 fight: combat started - waiting for kill
10:57:31 fight: target confirmed dead - looking for next target
10:57:31 fight: highlight found - centered click (1093,496)
10:57:34 fight: combat started - waiting for kill
10:57:37 fight: target confirmed dead - looking for next target
10:57:37 fight: highlight found - centered click (984,784)
10:57:41 fight: combat never started after click - retrying
10:57:41 fight: highlight found - centered click (1094,757)
10:57:43 fight: combat started - waiting for kill
10:57:49 fight: target confirmed dead - looking for next target
10:57:49 fight: highlight found - centered click (842,713)
10:57:52 fight: combat started - waiting for kill
10:58:01 fight: target confirmed dead - looking for next target
10:58:01 fight: highlight found - centered click (1007,651)
10:58:04 fight: combat started - waiting for kill
10:58:10 fight: target confirmed dead - looking for next target
10:58:10 fight: highlight found - centered click (1102,669)
10:58:13 fight: combat started - waiting for kill
10:58:16 fight: target confirmed dead - looking for next target
10:58:16 fight: highlight found - centered click (1109,777)
10:58:19 fight: combat started - waiting for kill
10:58:34 fight: target confirmed dead - looking for next target
10:58:34 fight: highlight found - centered click (1001,871)
10:58:37 fight: combat started - waiting for kill
10:58:46 fight: target confirmed dead - looking for next target
10:58:46 fight: highlight found - centered click (947,626)
10:58:50 fight: combat never started after click - retrying
10:58:50 fight: highlight found - centered click (931,667)
10:58:51 fight: combat started - waiting for kill
10:59:00 fight: target confirmed dead - looking for next target
10:59:00 fight: highlight found - centered click (934,676)
10:59:03 fight: combat never started after click - retrying
10:59:04 fight: highlight found - centered click (1114,617)
10:59:05 fight: combat started - waiting for kill
10:59:26 fight: target confirmed dead - looking for next target
10:59:26 fight: highlight found - centered click (988,654)
10:59:29 fight: combat started - waiting for kill
10:59:32 fight: target confirmed dead - looking for next target
10:59:32 fight: highlight found - centered click (1005,603)
10:59:35 fight: combat started - waiting for kill
10:59:44 fight: target confirmed dead - looking for next target
10:59:44 fight: highlight found - centered click (1023,634)
10:59:47 fight: combat started - waiting for kill
10:59:50 fight: target confirmed dead - looking for next target
10:59:50 fight: highlight found - centered click (1249,871)
10:59:53 fight: combat never started after click - retrying
10:59:54 fight: highlight found - centered click (945,639)
10:59:56 fight: combat started - waiting for kill
11:00:05 fight: target confirmed dead - looking for next target
11:00:05 fight: highlight found - centered click (1028,947)
11:00:08 fight: combat started - waiting for kill
11:00:11 fight: target confirmed dead - looking for next target
11:00:11 fight: highlight found - centered click (1006,672)
11:00:14 fight: combat started - waiting for kill
11:00:20 fight: target confirmed dead - looking for next target
11:00:20 fight: highlight found - centered click (1168,905)
11:00:23 fight: combat never started after click - retrying
11:00:24 fight: highlight found - centered click (925,729)
11:00:26 fight: combat started - waiting for kill
11:00:32 fight: target confirmed dead - looking for next target
11:00:32 fight: highlight found - centered click (892,517)
11:00:35 fight: combat started - waiting for kill
11:00:47 fight: target confirmed dead - looking for next target
11:00:48 fight: highlight found - centered click (929,632)
11:00:50 fight: combat started - waiting for kill
11:00:59 fight: target confirmed dead - looking for next target
11:01:00 fight: highlight found - centered click (1184,701)
11:01:02 fight: combat started - waiting for kill
11:01:05 fight: target confirmed dead - looking for next target
11:01:06 fight: highlight found - centered click (1031,603)
11:01:08 fight: combat started - waiting for kill
11:01:14 fight: target confirmed dead - looking for next target
11:01:15 fight: highlight found - centered click (1061,531)
11:01:17 fight: combat started - waiting for kill
11:01:20 fight: target confirmed dead - looking for next target
11:01:21 fight: highlight found - centered click (1041,503)
11:01:23 fight: combat started - waiting for kill
11:01:26 fight: target confirmed dead - looking for next target
11:01:27 fight: highlight found - centered click (1187,627)
11:01:29 fight: combat started - waiting for kill
11:01:38 fight: target confirmed dead - looking for next target
11:01:39 fight: highlight found - centered click (1205,531)
11:01:42 fight: combat started - waiting for kill
11:01:45 fight: target confirmed dead - looking for next target
11:01:45 fight: highlight found - centered click (1151,849)
11:01:48 fight: combat never started after click - retrying
11:01:49 fight: highlight found - centered click (1118,823)
11:01:52 fight: combat never started after click - retrying
11:01:52 fight: highlight found - centered click (1034,546)
11:01:56 fight: combat never started after click - retrying
11:01:56 fight: highlight found - centered click (1113,509)
11:01:58 fight: combat started - waiting for kill
11:02:10 fight: target confirmed dead - looking for next target
11:02:11 fight: highlight found - centered click (1289,998)
11:02:13 fight: combat started - waiting for kill
11:02:16 fight: target confirmed dead - looking for next target
11:02:16 fight: highlight found - centered click (1048,677)
11:02:19 fight: combat started - waiting for kill
11:02:25 fight: target confirmed dead - looking for next target
11:02:25 fight: highlight found - centered click (1005,935)
11:02:28 fight: combat started - waiting for kill
11:02:43 fight: target confirmed dead - looking for next target
11:02:43 fight: highlight found - centered click (867,460)
11:02:46 fight: combat started - waiting for kill
11:02:55 fight: target confirmed dead - looking for next target
11:02:56 fight: highlight found - centered click (973,819)
11:02:59 fight: combat never started after click - retrying
11:02:59 fight: highlight found - centered click (828,752)
11:03:01 fight: combat started - waiting for kill
11:03:04 fight: target confirmed dead - looking for next target
11:03:05 fight: highlight found - centered click (1146,621)
11:03:08 fight: combat never started after click - retrying
11:03:08 fight: highlight found - centered click (1091,756)
11:03:10 fight: combat started - waiting for kill
11:03:22 fight: target confirmed dead - looking for next target
11:03:22 fight: highlight found - centered click (1180,895)
11:03:26 fight: combat started - waiting for kill
11:03:35 fight: target confirmed dead - looking for next target
11:03:35 fight: highlight found - centered click (887,446)
11:03:38 fight: combat never started after click - retrying
11:03:39 fight: highlight found - centered click (854,661)
11:03:41 fight: combat started - waiting for kill
11:03:59 fight: target confirmed dead - looking for next target
11:04:00 fight: highlight found - centered click (1034,999)
11:04:03 fight: combat never started after click - retrying
11:04:03 fight: highlight found - centered click (980,854)
11:04:05 fight: combat started - waiting for kill
11:04:08 fight: target confirmed dead - looking for next target
11:04:09 fight: highlight found - centered click (986,657)
11:04:11 fight: combat started - waiting for kill
11:04:14 fight: target confirmed dead - looking for next target
11:04:15 fight: highlight found - centered click (1198,615)
11:04:18 fight: combat never started after click - retrying
11:04:18 fight: highlight found - centered click (1094,709)
11:04:20 fight: combat started - waiting for kill
11:04:35 fight: target confirmed dead - looking for next target
11:04:36 fight: highlight found - centered click (926,690)
11:04:38 fight: combat started - waiting for kill
11:04:47 fight: target confirmed dead - looking for next target
11:04:48 fight: highlight found - centered click (1120,816)
11:04:50 fight: combat started - waiting for kill
11:05:02 fight: target confirmed dead - looking for next target
11:05:07 fight: highlight found - centered click (1138,801)
11:05:08 fight: combat started - waiting for kill
11:05:14 fight: target confirmed dead - looking for next target
11:05:24 fight: highlight found - centered click (899,696)
11:05:27 fight: combat never started after click - retrying
11:05:28 fight: highlight found - centered click (930,657)
11:05:29 fight: combat started - waiting for kill
11:05:44 fight: target confirmed dead - looking for next target
11:05:44 fight: highlight found - centered click (1029,732)
11:05:47 fight: combat never started after click - retrying
11:05:48 fight: highlight found - centered click (1173,813)
11:05:50 fight: combat started - waiting for kill
11:05:53 fight: target confirmed dead - looking for next target
11:05:53 fight: highlight found - centered click (1177,802)
11:05:56 fight: combat started - waiting for kill
11:06:08 fight: target confirmed dead - looking for next target
11:06:14 fight: highlight found - centered click (979,1008)
11:06:18 fight: combat never started after click - retrying
11:06:18 fight: highlight found - centered click (1124,738)
11:06:21 fight: combat never started after click - retrying
11:06:21 fight: highlight found - centered click (1004,717)
11:06:23 fight: combat started - waiting for kill
11:06:35 fight: target confirmed dead - looking for next target
11:06:35 fight: highlight found - centered click (981,460)
11:06:38 fight: combat never started after click - retrying
11:06:39 fight: highlight found - centered click (1074,592)
11:06:40 fight: combat started - waiting for kill
11:06:43 fight: target confirmed dead - looking for next target
11:06:43 fight: highlight found - centered click (966,651)
11:06:46 fight: combat started - waiting for kill
11:06:55 fight: target confirmed dead - looking for next target
11:06:55 fight: highlight found - centered click (1197,882)
11:06:58 fight: combat started - waiting for kill
11:07:04 fight: target confirmed dead - looking for next target
11:07:05 fight: highlight found - centered click (1306,616)
11:07:08 fight: combat never started after click - retrying
11:07:08 fight: highlight found - centered click (1123,757)
11:07:08 fight: combat started - waiting for kill
11:07:23 fight: target confirmed dead - looking for next target
11:07:24 fight: highlight found - centered click (1317,818)
11:07:27 fight: combat never started after click - retrying
11:07:49 fight: highlight found - centered click (986,859)
11:07:52 fight: combat never started after click - retrying
11:07:52 fight: highlight found - centered click (1249,999)
11:07:56 fight: combat never started after click - retrying
11:07:56 fight: highlight found - centered click (964,676)
11:07:57 fight: combat started - waiting for kill
11:08:00 fight: target confirmed dead - looking for next target
11:08:00 fight: highlight found - centered click (875,801)
11:08:03 fight: combat started - waiting for kill
11:08:09 fight: target confirmed dead - looking for next target
11:08:12 fight: highlight found - centered click (910,531)
11:08:15 fight: combat never started after click - retrying
11:08:15 fight: highlight found - centered click (969,517)
11:08:17 fight: combat started - waiting for kill
11:08:23 fight: target confirmed dead - looking for next target
11:08:34 fight: highlight found - centered click (1284,1008)
11:08:38 fight: combat never started after click - retrying
11:08:38 fight: highlight found - centered click (905,617)
11:08:41 fight: combat never started after click - retrying
11:08:42 fight: highlight found - centered click (914,886)
11:08:43 fight: combat started - waiting for kill
11:08:58 fight: target confirmed dead - looking for next target
11:08:59 fight: highlight found - centered click (1005,577)
11:09:01 fight: combat started - waiting for kill
11:09:04 fight: target confirmed dead - looking for next target
11:09:05 fight: highlight found - centered click (993,735)
11:09:08 fight: combat never started after click - retrying
11:09:08 fight: highlight found - centered click (1284,933)
11:09:11 fight: combat started - waiting for kill
11:09:26 fight: target confirmed dead - looking for next target
11:09:32 fight: highlight found - centered click (811,503)
11:09:34 fight: combat started - waiting for kill
11:09:37 fight: target confirmed dead - looking for next target
11:09:37 fight: highlight found - centered click (839,711)
11:09:40 fight: combat started - waiting for kill
11:09:49 fight: target confirmed dead - looking for next target
11:09:49 fight: highlight found - centered click (960,929)
11:09:52 fight: combat started - waiting for kill
11:10:07 fight: target confirmed dead - looking for next target
11:10:08 fight: highlight found - centered click (1049,514)
11:10:10 fight: combat started - waiting for kill
11:10:16 fight: target confirmed dead - looking for next target
11:10:17 fight: highlight found - centered click (1257,864)
11:10:20 fight: combat never started after click - retrying
11:10:21 fight: highlight found - centered click (897,526)
11:10:23 fight: combat started - waiting for kill
11:10:35 fight: target confirmed dead - looking for next target
11:10:38 fight: highlight found - centered click (1028,816)
11:10:41 fight: combat never started after click - retrying
11:10:42 fight: highlight found - centered click (1054,933)
11:10:44 fight: combat started - waiting for kill
11:10:50 fight: target confirmed dead - looking for next target
11:10:50 fight: highlight found - centered click (1201,769)
11:10:54 fight: combat never started after click - retrying
11:11:00 fight: highlight found - centered click (1311,885)
11:11:02 fight: combat started - waiting for kill
11:11:05 fight: target confirmed dead - looking for next target
11:11:15 fight: highlight found - centered click (942,522)
11:11:18 fight: combat never started after click - retrying
11:11:27 fight: highlight found - centered click (1177,951)
11:11:30 fight: combat never started after click - retrying
11:11:51 fight: highlight found - centered click (1120,658)
11:11:52 fight: combat started - waiting for kill
11:11:55 fight: target confirmed dead - looking for next target
11:12:07 fight: highlight found - centered click (839,446)
11:12:10 fight: combat never started after click - retrying
11:12:17 fight: highlight found - centered click (1075,998)
11:12:19 fight: combat started - waiting for kill
11:12:22 fight: target confirmed dead - looking for next target
11:12:32 fight: highlight found - centered click (879,465)
11:12:35 fight: combat never started after click - retrying
11:12:36 fight: highlight found - centered click (1080,604)
11:12:36 fight: combat started - waiting for kill
11:12:39 fight: target confirmed dead - looking for next target
11:13:01 fight: highlight found - centered click (814,857)
11:13:04 fight: combat never started after click - retrying
11:13:08 fight: highlight found - centered click (808,554)
11:13:11 fight: combat started - waiting for kill
11:13:17 fight: target confirmed dead - looking for next target
11:13:17 fight: highlight found - centered click (914,840)
11:13:20 fight: combat started - waiting for kill
11:13:26 fight: target confirmed dead - looking for next target
11:13:26 fight: highlight found - centered click (896,509)
11:13:29 fight: combat started - waiting for kill
11:13:44 fight: target confirmed dead - looking for next target
11:13:44 fight: highlight found - centered click (1071,819)
11:13:47 fight: combat started - waiting for kill
11:13:53 fight: target confirmed dead - looking for next target
11:13:57 fight: highlight found - centered click (1051,841)
11:13:58 fight: combat started - waiting for kill
11:14:04 fight: target confirmed dead - looking for next target
11:14:10 fight: highlight found - centered click (1312,961)
11:14:13 fight: combat started - waiting for kill
11:14:22 fight: target confirmed dead - looking for next target
11:14:22 fight: highlight found - centered click (990,497)
11:14:25 fight: combat never started after click - retrying
11:14:35 fight: highlight found - centered click (808,593)
11:14:39 fight: combat never started after click - retrying
11:14:39 fight: highlight found - centered click (922,677)
11:14:41 fight: combat started - waiting for kill
11:14:44 fight: target confirmed dead - looking for next target
11:14:44 fight: highlight found - centered click (828,840)
11:14:47 fight: combat started - waiting for kill
11:14:56 fight: target confirmed dead - looking for next target
11:14:56 fight: highlight found - centered click (1314,778)
11:14:59 fight: combat never started after click - retrying
11:15:12 fight: highlight found - centered click (808,654)
11:15:15 fight: combat never started after click - retrying
11:15:15 fight: highlight found - centered click (889,583)
11:15:17 fight: combat started - waiting for kill
11:15:26 fight: target confirmed dead - looking for next target
11:15:27 fight: highlight found - centered click (1057,984)
11:15:29 fight: combat started - waiting for kill
11:15:38 fight: target confirmed dead - looking for next target
11:15:39 fight: highlight found - centered click (978,616)
11:15:41 fight: combat started - waiting for kill
11:15:44 fight: target confirmed dead - looking for next target
11:15:58 fight: highlight found - centered click (1012,612)
11:15:59 fight: combat started - waiting for kill
11:16:08 fight: target confirmed dead - looking for next target
11:16:08 fight: highlight found - centered click (1066,788)
11:16:11 fight: combat started - waiting for kill
11:16:17 fight: target confirmed dead - looking for next target
11:16:17 fight: highlight found - centered click (1013,888)
11:16:20 fight: combat started - waiting for kill
11:16:38 fight: target confirmed dead - looking for next target
11:16:39 fight: highlight found - centered click (1069,689)
11:16:41 fight: combat started - waiting for kill
11:16:44 fight: target confirmed dead - looking for next target
11:16:44 fight: highlight found - centered click (1113,543)
11:16:47 fight: combat started - waiting for kill
11:17:02 fight: target confirmed dead - looking for next target
11:17:02 fight: highlight found - centered click (1258,915)
11:17:05 fight: combat started - waiting for kill
11:17:08 fight: target confirmed dead - looking for next target
11:17:08 fight: highlight found - centered click (944,695)
11:17:11 fight: combat started - waiting for kill
11:17:14 fight: target confirmed dead - looking for next target
11:17:16 fight: highlight found - centered click (808,759)
11:17:18 fight: combat started - waiting for kill
11:17:27 fight: target confirmed dead - looking for next target
11:17:35 fight: highlight found - centered click (1314,631)
11:17:38 fight: combat never started after click - retrying
11:17:38 fight: highlight found - centered click (811,532)
11:17:40 fight: combat started - waiting for kill
11:17:46 fight: target confirmed dead - looking for next target
11:17:46 fight: highlight found - centered click (858,489)
11:17:49 fight: combat started - waiting for kill
11:17:55 fight: target confirmed dead - looking for next target
11:17:59 fight: highlight found - centered click (1096,887)
11:18:00 fight: combat started - waiting for kill
11:18:06 fight: target confirmed dead - looking for next target
11:18:08 fight: highlight found - centered click (989,631)
11:18:11 fight: combat never started after click - retrying
11:18:11 fight: highlight found - centered click (1295,861)
11:18:14 fight: combat never started after click - retrying
11:18:15 fight: highlight found - centered click (859,746)
11:18:18 fight: combat never started after click - retrying
11:18:33 fight: highlight found - centered click (808,457)
11:18:35 fight: combat started - waiting for kill
11:18:47 fight: target confirmed dead - looking for next target
11:18:48 fight: highlight found - centered click (871,841)
11:18:50 fight: combat started - waiting for kill
11:18:55 STOPPED: Stopped (F5)
11:18:55 fight: kill not confirmed within timeout - retrying
