2026-07-20 13:58:12 [motherlode] Script loaded. F5=start mine/hopper loop  F8=probe indicator slot  F6=stop  Esc=exit. Veins=0x00FF00/0x00B809
2026-07-20 13:58:13 [motherlode] Motherlode started: veins=0x00FF00/0x00B809 indicatorSlot=28 cycles=7
2026-07-20 13:58:13 [motherlode] FindFilledBlock: found at 1161,780 (27x27 0x00FF00 tol=5, 0 ms)
2026-07-20 13:58:13 [motherlode] FindFilledBlock: found at 1188,660 (27x27 0x00B809 tol=5, 16 ms)
2026-07-20 13:58:13 [motherlode] Acquired new target at 1188,660 (0x00B809, ring 100, 16 ms)
2026-07-20 13:58:13 [motherlode] FindFilledBlock: found at 1188,660 (27x27 0x00B809 tol=5, 16 ms)
2026-07-20 13:58:13 [motherlode] Clicked initial/re-click target at 1188,660 (search 16 ms)
2026-07-20 13:58:13 [motherlode] FindFilledBlock: found at 1190,686 (27x27 0x00B809 tol=5, 16 ms)
2026-07-20 13:58:13 [motherlode] Track: found 0x00B809 block at 1190,686 but 26px from last position 1188,660 (max drift 20) - likely a DIFFERENT block, rejecting
2026-07-20 13:58:13 [motherlode] Track: search missed this tick, but anchor point 1188,660 is still 0x00B809 - holding current target, not switching
2026-07-20 13:58:13 [motherlode] Tracking not-yet-stable target at 1188,660 (search 16 ms)
2026-07-20 13:58:13 [motherlode] FindFilledBlock: found at 1188,660 (27x27 0x00B809 tol=5, 16 ms)
2026-07-20 13:58:13 [motherlode] Tracking stable target at 1188,660 (cooldown active, search 16 ms)
2026-07-20 13:58:14 [motherlode] FindFilledBlock: found at 1188,660 (27x27 0x00B809 tol=5, 0 ms)
2026-07-20 13:58:14 [motherlode] Tracking stable target at 1188,660 (cooldown active, search 0 ms)
2026-07-20 13:58:14 [motherlode] FindFilledBlock: found at 1188,660 (27x27 0x00B809 tol=5, 0 ms)
2026-07-20 13:58:14 [motherlode] Tracking stable target at 1188,660 (cooldown active, search 0 ms)
2026-07-20 13:58:14 [motherlode] FindFilledBlock: found at 1188,660 (27x27 0x00B809 tol=5, 0 ms)
2026-07-20 13:58:14 [motherlode] Tracking stable target at 1188,660 (cooldown active, search 0 ms)
2026-07-20 13:58:14 [motherlode] FindFilledBlock: found at 1188,660 (27x27 0x00B809 tol=5, 0 ms)
2026-07-20 13:58:14 [motherlode] Tracking stable target at 1188,660 (cooldown active, search 0 ms)
2026-07-20 13:58:14 [motherlode] FindFilledBlock: found at 1188,660 (27x27 0x00B809 tol=5, 0 ms)
2026-07-20 13:58:14 [motherlode] Tracking stable target at 1188,660 (cooldown active, search 0 ms)
2026-07-20 13:58:14 [motherlode] FindFilledBlock: found at 1188,660 (27x27 0x00B809 tol=5, 0 ms)
2026-07-20 13:58:14 [motherlode] Tracking stable target at 1188,660 (cooldown active, search 0 ms)
2026-07-20 13:58:14 [motherlode] FindFilledBlock: found at 1188,660 (27x27 0x00B809 tol=5, 0 ms)
2026-07-20 13:58:14 [motherlode] Tracking stable target at 1188,660 (cooldown active, search 0 ms)
2026-07-20 13:58:15 [motherlode] FindFilledBlock: found at 1188,660 (27x27 0x00B809 tol=5, 0 ms)
2026-07-20 13:58:15 [motherlode] Clicked STABLE target at 1188,660 (search 0 ms)
2026-07-20 13:58:15 [motherlode] FindFilledBlock: found at 1190,686 (27x27 0x00B809 tol=5, 0 ms)
2026-07-20 13:58:15 [motherlode] Track: found 0x00B809 block at 1190,686 but 26px from last position 1188,660 (max drift 20) - likely a DIFFERENT block, rejecting
2026-07-20 13:58:15 [motherlode] Track: search missed this tick, but anchor point 1188,660 is still 0x00B809 - holding current target, not switching
2026-07-20 13:58:15 [motherlode] Tracking stable target at 1188,660 (cooldown active, search 0 ms)
2026-07-20 13:58:15 [motherlode] FindFilledBlock: found at 1190,686 (27x27 0x00B809 tol=5, 0 ms)
2026-07-20 13:58:15 [motherlode] Track: found 0x00B809 block at 1190,686 but 26px from last position 1188,660 (max drift 20) - likely a DIFFERENT block, rejecting
2026-07-20 13:58:15 [motherlode] Track: search missed this tick, but anchor point 1188,660 is still 0x00B809 - holding current target, not switching
2026-07-20 13:58:15 [motherlode] Tracking stable target at 1188,660 (cooldown active, search 0 ms)
2026-07-20 13:58:15 [motherlode] FindFilledBlock: found at 1188,660 (27x27 0x00B809 tol=5, 0 ms)
2026-07-20 13:58:15 [motherlode] Tracking stable target at 1188,660 (cooldown active, search 0 ms)
2026-07-20 13:58:15 [motherlode] Esc pressed - exiting
2026-07-20 14:00:48 [motherlode] Script loaded. F5=start mine/hopper loop  F8=probe indicator slot  F6=stop  Esc=exit. Veins=0x00FF00/0x00B809
2026-07-20 14:00:49 [motherlode] Motherlode started: veins=0x00FF00/0x00B809 indicatorSlot=28 cycles=7
2026-07-20 14:00:49 [motherlode] FindFilledBlock: found at 1161,780 (27x27 0x00FF00 tol=5, 0 ms)
2026-07-20 14:00:49 [motherlode] FindFilledBlock: found at 1188,660 (27x27 0x00B809 tol=5, 15 ms)
2026-07-20 14:00:49 [motherlode] Acquired new target at 1188,660 (0x00B809, ring 100, 15 ms)
2026-07-20 14:00:49 [motherlode] FindFilledBlock: found at 1188,660 (27x27 0x00B809 tol=5, 0 ms)
2026-07-20 14:00:50 [motherlode] Clicked initial/re-click target at 1188,660 (search 0 ms)
2026-07-20 14:00:50 [motherlode] FindFilledBlock: found at 1190,686 (27x27 0x00B809 tol=5, 0 ms)
2026-07-20 14:00:50 [motherlode] Tracking not-yet-stable target at 1190,686 (search 0 ms)
2026-07-20 14:00:50 [motherlode] FindFilledBlock: found at 1190,686 (27x27 0x00B809 tol=5, 0 ms)
2026-07-20 14:00:50 [motherlode] Tracking not-yet-stable target at 1190,686 (search 0 ms)
2026-07-20 14:00:50 [motherlode] FindFilledBlock: found at 1188,660 (27x27 0x00B809 tol=5, 0 ms)
2026-07-20 14:00:50 [motherlode] Tracking not-yet-stable target at 1188,660 (search 0 ms)
2026-07-20 14:00:50 [motherlode] FindFilledBlock: found at 1188,660 (27x27 0x00B809 tol=5, 0 ms)
2026-07-20 14:00:50 [motherlode] Tracking not-yet-stable target at 1188,660 (search 0 ms)
2026-07-20 14:00:50 [motherlode] FindFilledBlock: found at 1188,660 (27x27 0x00B809 tol=5, 16 ms)
2026-07-20 14:00:50 [motherlode] Tracking stable target at 1188,660 (cooldown active, search 16 ms)
2026-07-20 14:00:51 [motherlode] FindFilledBlock: found at 1188,660 (27x27 0x00B809 tol=5, 0 ms)
2026-07-20 14:00:51 [motherlode] Tracking stable target at 1188,660 (cooldown active, search 0 ms)
2026-07-20 14:00:51 [motherlode] FindFilledBlock: found at 1188,660 (27x27 0x00B809 tol=5, 15 ms)
2026-07-20 14:00:51 [motherlode] Tracking stable target at 1188,660 (cooldown active, search 15 ms)
2026-07-20 14:00:51 [motherlode] FindFilledBlock: found at 1188,660 (27x27 0x00B809 tol=5, 0 ms)
2026-07-20 14:00:51 [motherlode] Tracking stable target at 1188,660 (cooldown active, search 0 ms)
2026-07-20 14:00:51 [motherlode] FindFilledBlock: found at 1188,660 (27x27 0x00B809 tol=5, 15 ms)
2026-07-20 14:00:51 [motherlode] Tracking stable target at 1188,660 (cooldown active, search 15 ms)
2026-07-20 14:00:51 [motherlode] FindFilledBlock: found at 1188,660 (27x27 0x00B809 tol=5, 0 ms)
2026-07-20 14:00:51 [motherlode] Clicked STABLE target at 1188,660 (search 0 ms)
2026-07-20 14:00:52 [motherlode] FindFilledBlock: found at 1190,686 (27x27 0x00B809 tol=5, 0 ms)
2026-07-20 14:00:52 [motherlode] Tracking not-yet-stable target at 1190,686 (search 0 ms)
2026-07-20 14:00:52 [motherlode] FindFilledBlock: found at 1190,686 (27x27 0x00B809 tol=5, 16 ms)
2026-07-20 14:00:52 [motherlode] Tracking not-yet-stable target at 1190,686 (search 16 ms)
2026-07-20 14:00:52 [motherlode] FindFilledBlock: found at 1188,660 (27x27 0x00B809 tol=5, 0 ms)
2026-07-20 14:00:52 [motherlode] Tracking not-yet-stable target at 1188,660 (search 0 ms)
2026-07-20 14:00:52 [motherlode] FindFilledBlock: found at 1188,660 (27x27 0x00B809 tol=5, 0 ms)
2026-07-20 14:00:52 [motherlode] Tracking not-yet-stable target at 1188,660 (search 0 ms)
2026-07-20 14:00:52 [motherlode] FindFilledBlock: found at 1188,660 (27x27 0x00B809 tol=5, 16 ms)
2026-07-20 14:00:52 [motherlode] Tracking stable target at 1188,660 (cooldown active, search 16 ms)
2026-07-20 14:00:52 [motherlode] FindFilledBlock: found at 1188,660 (27x27 0x00B809 tol=5, 0 ms)
2026-07-20 14:00:52 [motherlode] Tracking stable target at 1188,660 (cooldown active, search 0 ms)
2026-07-20 14:00:52 [motherlode] FindFilledBlock: found at 1188,660 (27x27 0x00B809 tol=5, 16 ms)
2026-07-20 14:00:52 [motherlode] Tracking stable target at 1188,660 (cooldown active, search 16 ms)
2026-07-20 14:00:53 [motherlode] FindFilledBlock: found at 1188,660 (27x27 0x00B809 tol=5, 16 ms)
2026-07-20 14:00:53 [motherlode] Tracking stable target at 1188,660 (cooldown active, search 16 ms)
2026-07-20 14:00:53 [motherlode] FindFilledBlock: found at 1188,660 (27x27 0x00B809 tol=5, 16 ms)
2026-07-20 14:00:53 [motherlode] Tracking stable target at 1188,660 (cooldown active, search 16 ms)
2026-07-20 14:00:53 [motherlode] FindFilledBlock: found at 1188,660 (27x27 0x00B809 tol=5, 0 ms)
2026-07-20 14:00:53 [motherlode] Clicked STABLE target at 1188,660 (search 0 ms)
2026-07-20 14:00:53 [motherlode] FindFilledBlock: found at 1190,686 (27x27 0x00B809 tol=5, 0 ms)
2026-07-20 14:00:53 [motherlode] Tracking not-yet-stable target at 1190,686 (search 0 ms)
2026-07-20 14:00:53 [motherlode] FindFilledBlock: found at 1190,686 (27x27 0x00B809 tol=5, 0 ms)
2026-07-20 14:00:53 [motherlode] Tracking not-yet-stable target at 1190,686 (search 0 ms)
2026-07-20 14:00:54 [motherlode] FindFilledBlock: found at 1188,660 (27x27 0x00B809 tol=5, 16 ms)
2026-07-20 14:00:54 [motherlode] Tracking not-yet-stable target at 1188,660 (search 16 ms)
2026-07-20 14:00:54 [motherlode] FindFilledBlock: found at 1188,660 (27x27 0x00B809 tol=5, 0 ms)
2026-07-20 14:00:54 [motherlode] Tracking not-yet-stable target at 1188,660 (search 0 ms)
2026-07-20 14:00:54 [motherlode] FindFilledBlock: found at 1188,660 (27x27 0x00B809 tol=5, 16 ms)
2026-07-20 14:00:54 [motherlode] Tracking stable target at 1188,660 (cooldown active, search 16 ms)
2026-07-20 14:00:54 [motherlode] FindFilledBlock: found at 1188,660 (27x27 0x00B809 tol=5, 0 ms)
2026-07-20 14:00:54 [motherlode] Tracking stable target at 1188,660 (cooldown active, search 0 ms)
2026-07-20 14:00:54 [motherlode] FindFilledBlock: found at 1188,660 (27x27 0x00B809 tol=5, 15 ms)
2026-07-20 14:00:54 [motherlode] Tracking stable target at 1188,660 (cooldown active, search 15 ms)
2026-07-20 14:00:54 [motherlode] FindFilledBlock: found at 1188,660 (27x27 0x00B809 tol=5, 16 ms)
2026-07-20 14:00:54 [motherlode] Tracking stable target at 1188,660 (cooldown active, search 16 ms)
2026-07-20 14:00:55 [motherlode] FindFilledBlock: found at 1188,660 (27x27 0x00B809 tol=5, 0 ms)
2026-07-20 14:00:55 [motherlode] Tracking stable target at 1188,660 (cooldown active, search 0 ms)
2026-07-20 14:00:55 [motherlode] FindFilledBlock: found at 1188,660 (27x27 0x00B809 tol=5, 0 ms)
2026-07-20 14:00:55 [motherlode] Clicked STABLE target at 1188,660 (search 0 ms)
2026-07-20 14:00:55 [motherlode] FindFilledBlock: found at 1190,686 (27x27 0x00B809 tol=5, 0 ms)
2026-07-20 14:00:55 [motherlode] Tracking not-yet-stable target at 1190,686 (search 0 ms)
2026-07-20 14:00:55 [motherlode] FindFilledBlock: found at 1188,660 (27x27 0x00B809 tol=5, 16 ms)
2026-07-20 14:00:55 [motherlode] Tracking not-yet-stable target at 1188,660 (search 16 ms)
2026-07-20 14:00:55 [motherlode] FindFilledBlock: found at 1188,660 (27x27 0x00B809 tol=5, 0 ms)
2026-07-20 14:00:55 [motherlode] Tracking not-yet-stable target at 1188,660 (search 0 ms)
2026-07-20 14:00:56 [motherlode] FindFilledBlock: found at 1188,660 (27x27 0x00B809 tol=5, 16 ms)
2026-07-20 14:00:56 [motherlode] Tracking stable target at 1188,660 (cooldown active, search 16 ms)
2026-07-20 14:00:56 [motherlode] FindFilledBlock: found at 1188,660 (27x27 0x00B809 tol=5, 0 ms)
2026-07-20 14:00:56 [motherlode] Tracking stable target at 1188,660 (cooldown active, search 0 ms)
2026-07-20 14:00:56 [motherlode] FindFilledBlock: found at 1188,660 (27x27 0x00B809 tol=5, 16 ms)
2026-07-20 14:00:56 [motherlode] Tracking stable target at 1188,660 (cooldown active, search 16 ms)
2026-07-20 14:00:56 [motherlode] FindFilledBlock: found at 1188,660 (27x27 0x00B809 tol=5, 0 ms)
2026-07-20 14:00:56 [motherlode] Tracking stable target at 1188,660 (cooldown active, search 0 ms)
2026-07-20 14:00:56 [motherlode] FindFilledBlock: found at 1188,660 (27x27 0x00B809 tol=5, 16 ms)
2026-07-20 14:00:56 [motherlode] Tracking stable target at 1188,660 (cooldown active, search 16 ms)
2026-07-20 14:00:56 [motherlode] FindFilledBlock: found at 1188,660 (27x27 0x00B809 tol=5, 16 ms)
2026-07-20 14:00:56 [motherlode] Tracking stable target at 1188,660 (cooldown active, search 16 ms)
2026-07-20 14:00:56 [motherlode] FindFilledBlock: found at 1188,660 (27x27 0x00B809 tol=5, 0 ms)
2026-07-20 14:00:57 [motherlode] Clicked STABLE target at 1188,660 (search 0 ms)
2026-07-20 14:00:57 [motherlode] FindFilledBlock: found at 1190,686 (27x27 0x00B809 tol=5, 16 ms)
2026-07-20 14:00:57 [motherlode] Tracking not-yet-stable target at 1190,686 (search 16 ms)
2026-07-20 14:00:57 [motherlode] FindFilledBlock: found at 1190,686 (27x27 0x00B809 tol=5, 0 ms)
2026-07-20 14:00:57 [motherlode] Tracking not-yet-stable target at 1190,686 (search 16 ms)
2026-07-20 14:00:57 [motherlode] FindFilledBlock: found at 1188,660 (27x27 0x00B809 tol=5, 15 ms)
2026-07-20 14:00:57 [motherlode] Tracking not-yet-stable target at 1188,660 (search 15 ms)
2026-07-20 14:00:57 [motherlode] FindFilledBlock: found at 1188,660 (27x27 0x00B809 tol=5, 16 ms)
2026-07-20 14:00:57 [motherlode] Tracking not-yet-stable target at 1188,660 (search 16 ms)
2026-07-20 14:00:57 [motherlode] FindFilledBlock: found at 1188,660 (27x27 0x00B809 tol=5, 0 ms)
2026-07-20 14:00:57 [motherlode] Tracking stable target at 1188,660 (cooldown active, search 0 ms)
2026-07-20 14:00:58 [motherlode] FindFilledBlock: found at 1188,660 (27x27 0x00B809 tol=5, 16 ms)
2026-07-20 14:00:58 [motherlode] Tracking stable target at 1188,660 (cooldown active, search 16 ms)
2026-07-20 14:00:58 [motherlode] FindFilledBlock: found at 1188,660 (27x27 0x00B809 tol=5, 0 ms)
2026-07-20 14:00:58 [motherlode] Tracking stable target at 1188,660 (cooldown active, search 0 ms)
2026-07-20 14:00:58 [motherlode] FindFilledBlock: found at 1188,660 (27x27 0x00B809 tol=5, 16 ms)
2026-07-20 14:00:58 [motherlode] Tracking stable target at 1188,660 (cooldown active, search 16 ms)
2026-07-20 14:00:58 [motherlode] FindFilledBlock: found at 1188,660 (27x27 0x00B809 tol=5, 0 ms)
2026-07-20 14:00:58 [motherlode] Tracking stable target at 1188,660 (cooldown active, search 0 ms)
2026-07-20 14:00:58 [motherlode] FindFilledBlock: found at 1188,660 (27x27 0x00B809 tol=5, 0 ms)
2026-07-20 14:00:58 [motherlode] Tracking stable target at 1188,660 (cooldown active, search 0 ms)
2026-07-20 14:00:58 [motherlode] FindFilledBlock: found at 1188,660 (27x27 0x00B809 tol=5, 0 ms)
2026-07-20 14:00:59 [motherlode] Clicked STABLE target at 1188,660 (search 0 ms)
2026-07-20 14:00:59 [motherlode] FindFilledBlock: found at 1190,686 (27x27 0x00B809 tol=5, 0 ms)
2026-07-20 14:00:59 [motherlode] Tracking not-yet-stable target at 1190,686 (search 0 ms)
2026-07-20 14:00:59 [motherlode] FindFilledBlock: found at 1188,660 (27x27 0x00B809 tol=5, 16 ms)
2026-07-20 14:00:59 [motherlode] Tracking not-yet-stable target at 1188,660 (search 16 ms)
2026-07-20 14:00:59 [motherlode] FindFilledBlock: found at 1188,660 (27x27 0x00B809 tol=5, 0 ms)
2026-07-20 14:00:59 [motherlode] Tracking not-yet-stable target at 1188,660 (search 0 ms)
2026-07-20 14:00:59 [motherlode] FindFilledBlock: found at 1188,660 (27x27 0x00B809 tol=5, 15 ms)
2026-07-20 14:00:59 [motherlode] Tracking stable target at 1188,660 (cooldown active, search 15 ms)
2026-07-20 14:00:59 [motherlode] FindFilledBlock: found at 1188,660 (27x27 0x00B809 tol=5, 16 ms)
2026-07-20 14:00:59 [motherlode] Tracking stable target at 1188,660 (cooldown active, search 16 ms)
2026-07-20 14:01:00 [motherlode] FindFilledBlock: found at 1188,660 (27x27 0x00B809 tol=5, 15 ms)
2026-07-20 14:01:00 [motherlode] Tracking stable target at 1188,660 (cooldown active, search 15 ms)
2026-07-20 14:01:00 [motherlode] FindFilledBlock: found at 1188,660 (27x27 0x00B809 tol=5, 0 ms)
2026-07-20 14:01:00 [motherlode] Tracking stable target at 1188,660 (cooldown active, search 0 ms)
2026-07-20 14:01:00 [motherlode] FindFilledBlock: found at 1188,660 (27x27 0x00B809 tol=5, 0 ms)
2026-07-20 14:01:00 [motherlode] Tracking stable target at 1188,660 (cooldown active, search 0 ms)
2026-07-20 14:01:00 [motherlode] FindFilledBlock: found at 1188,660 (27x27 0x00B809 tol=5, 0 ms)
2026-07-20 14:01:00 [motherlode] Tracking stable target at 1188,660 (cooldown active, search 0 ms)
2026-07-20 14:01:00 [motherlode] FindFilledBlock: found at 1188,660 (27x27 0x00B809 tol=5, 0 ms)
2026-07-20 14:01:00 [motherlode] Clicked STABLE target at 1188,660 (search 0 ms)
2026-07-20 14:01:01 [motherlode] FindFilledBlock: found at 1190,686 (27x27 0x00B809 tol=5, 15 ms)
2026-07-20 14:01:01 [motherlode] Tracking not-yet-stable target at 1190,686 (search 15 ms)
2026-07-20 14:01:01 [motherlode] FindFilledBlock: found at 1190,686 (27x27 0x00B809 tol=5, 16 ms)
2026-07-20 14:01:01 [motherlode] Tracking not-yet-stable target at 1190,686 (search 16 ms)
2026-07-20 14:01:01 [motherlode] FindFilledBlock: found at 1188,660 (27x27 0x00B809 tol=5, 0 ms)
2026-07-20 14:01:01 [motherlode] Tracking not-yet-stable target at 1188,660 (search 0 ms)
2026-07-20 14:01:01 [motherlode] FindFilledBlock: found at 1188,660 (27x27 0x00B809 tol=5, 16 ms)
2026-07-20 14:01:01 [motherlode] Tracking not-yet-stable target at 1188,660 (search 16 ms)
2026-07-20 14:01:01 [motherlode] FindFilledBlock: found at 1188,660 (27x27 0x00B809 tol=5, 0 ms)
2026-07-20 14:01:01 [motherlode] Tracking stable target at 1188,660 (cooldown active, search 0 ms)
2026-07-20 14:01:01 [motherlode] FindFilledBlock: found at 1188,660 (27x27 0x00B809 tol=5, 16 ms)
2026-07-20 14:01:01 [motherlode] Tracking stable target at 1188,660 (cooldown active, search 16 ms)
2026-07-20 14:01:01 [motherlode] FindFilledBlock: found at 1188,660 (27x27 0x00B809 tol=5, 15 ms)
2026-07-20 14:01:01 [motherlode] Tracking stable target at 1188,660 (cooldown active, search 15 ms)
2026-07-20 14:01:02 [motherlode] FindFilledBlock: found at 1188,660 (27x27 0x00B809 tol=5, 15 ms)
2026-07-20 14:01:02 [motherlode] Tracking stable target at 1188,660 (cooldown active, search 15 ms)
2026-07-20 14:01:02 [motherlode] FindFilledBlock: found at 1188,660 (27x27 0x00B809 tol=5, 16 ms)
2026-07-20 14:01:02 [motherlode] Tracking stable target at 1188,660 (cooldown active, search 16 ms)
2026-07-20 14:01:02 [motherlode] FindFilledBlock: found at 1188,660 (27x27 0x00B809 tol=5, 16 ms)
2026-07-20 14:01:02 [motherlode] Tracking stable target at 1188,660 (cooldown active, search 16 ms)
2026-07-20 14:01:02 [motherlode] FindFilledBlock: found at 1188,660 (27x27 0x00B809 tol=5, 16 ms)
2026-07-20 14:01:02 [motherlode] Clicked STABLE target at 1188,660 (search 16 ms)
2026-07-20 14:01:02 [motherlode] FindFilledBlock: found at 1190,686 (27x27 0x00B809 tol=5, 15 ms)
2026-07-20 14:01:02 [motherlode] Tracking not-yet-stable target at 1190,686 (search 15 ms)
2026-07-20 14:01:03 [motherlode] FindFilledBlock: found at 1190,686 (27x27 0x00B809 tol=5, 0 ms)
2026-07-20 14:01:03 [motherlode] Tracking not-yet-stable target at 1190,686 (search 0 ms)
2026-07-20 14:01:03 [motherlode] FindFilledBlock: found at 1188,660 (27x27 0x00B809 tol=5, 15 ms)
2026-07-20 14:01:03 [motherlode] Tracking not-yet-stable target at 1188,660 (search 15 ms)
2026-07-20 14:01:03 [motherlode] FindFilledBlock: found at 1188,660 (27x27 0x00B809 tol=5, 0 ms)
2026-07-20 14:01:03 [motherlode] Tracking not-yet-stable target at 1188,660 (search 0 ms)
2026-07-20 14:01:03 [motherlode] FindFilledBlock: found at 1188,660 (27x27 0x00B809 tol=5, 16 ms)
2026-07-20 14:01:03 [motherlode] Tracking stable target at 1188,660 (cooldown active, search 16 ms)
2026-07-20 14:01:03 [motherlode] FindFilledBlock: found at 1188,660 (27x27 0x00B809 tol=5, 0 ms)
2026-07-20 14:01:03 [motherlode] Tracking stable target at 1188,660 (cooldown active, search 0 ms)
2026-07-20 14:01:03 [motherlode] FindFilledBlock: found at 1188,660 (27x27 0x00B809 tol=5, 15 ms)
2026-07-20 14:01:03 [motherlode] Tracking stable target at 1188,660 (cooldown active, search 15 ms)
2026-07-20 14:01:03 [motherlode] FindFilledBlock: found at 1188,660 (27x27 0x00B809 tol=5, 0 ms)
2026-07-20 14:01:03 [motherlode] Tracking stable target at 1188,660 (cooldown active, search 0 ms)
2026-07-20 14:01:04 [motherlode] FindFilledBlock: found at 1188,660 (27x27 0x00B809 tol=5, 0 ms)
2026-07-20 14:01:04 [motherlode] Tracking stable target at 1188,660 (cooldown active, search 0 ms)
2026-07-20 14:01:04 [motherlode] FindFilledBlock: found at 1188,660 (27x27 0x00B809 tol=5, 0 ms)
2026-07-20 14:01:04 [motherlode] Clicked STABLE target at 1188,660 (search 0 ms)
2026-07-20 14:01:04 [motherlode] FindFilledBlock: found at 1190,686 (27x27 0x00B809 tol=5, 0 ms)
2026-07-20 14:01:04 [motherlode] Tracking not-yet-stable target at 1190,686 (search 15 ms)
2026-07-20 14:01:04 [motherlode] FindFilledBlock: found at 1188,660 (27x27 0x00B809 tol=5, 0 ms)
2026-07-20 14:01:04 [motherlode] Tracking not-yet-stable target at 1188,660 (search 0 ms)
2026-07-20 14:01:04 [motherlode] FindFilledBlock: found at 1188,660 (27x27 0x00B809 tol=5, 0 ms)
2026-07-20 14:01:04 [motherlode] Tracking not-yet-stable target at 1188,660 (search 0 ms)
2026-07-20 14:01:05 [motherlode] FindFilledBlock: found at 1188,660 (27x27 0x00B809 tol=5, 0 ms)
2026-07-20 14:01:05 [motherlode] Tracking stable target at 1188,660 (cooldown active, search 0 ms)
2026-07-20 14:01:05 [motherlode] FindFilledBlock: found at 1188,660 (27x27 0x00B809 tol=5, 0 ms)
2026-07-20 14:01:05 [motherlode] Tracking stable target at 1188,660 (cooldown active, search 0 ms)
2026-07-20 14:01:05 [motherlode] FindFilledBlock: found at 1188,660 (27x27 0x00B809 tol=5, 16 ms)
2026-07-20 14:01:05 [motherlode] Tracking stable target at 1188,660 (cooldown active, search 16 ms)
2026-07-20 14:01:05 [motherlode] FindFilledBlock: found at 1188,660 (27x27 0x00B809 tol=5, 15 ms)
2026-07-20 14:01:05 [motherlode] Tracking stable target at 1188,660 (cooldown active, search 15 ms)
2026-07-20 14:01:05 [motherlode] FindFilledBlock: found at 1188,660 (27x27 0x00B809 tol=5, 16 ms)
2026-07-20 14:01:05 [motherlode] Tracking stable target at 1188,660 (cooldown active, search 16 ms)
2026-07-20 14:01:05 [motherlode] FindFilledBlock: found at 1188,660 (27x27 0x00B809 tol=5, 16 ms)
2026-07-20 14:01:05 [motherlode] Tracking stable target at 1188,660 (cooldown active, search 16 ms)
2026-07-20 14:01:06 [motherlode] FindFilledBlock: found at 1188,660 (27x27 0x00B809 tol=5, 15 ms)
2026-07-20 14:01:06 [motherlode] Tracking stable target at 1188,660 (cooldown active, search 15 ms)
2026-07-20 14:01:06 [motherlode] FindFilledBlock: found at 1188,660 (27x27 0x00B809 tol=5, 0 ms)
2026-07-20 14:01:06 [motherlode] Clicked STABLE target at 1188,660 (search 0 ms)
2026-07-20 14:01:06 [motherlode] FindFilledBlock: found at 1190,686 (27x27 0x00B809 tol=5, 0 ms)
2026-07-20 14:01:06 [motherlode] Tracking not-yet-stable target at 1190,686 (search 0 ms)
2026-07-20 14:01:06 [motherlode] FindFilledBlock: found at 1190,686 (27x27 0x00B809 tol=5, 0 ms)
2026-07-20 14:01:06 [motherlode] Tracking not-yet-stable target at 1190,686 (search 0 ms)
2026-07-20 14:01:06 [motherlode] FindFilledBlock: found at 1188,660 (27x27 0x00B809 tol=5, 0 ms)
2026-07-20 14:01:06 [motherlode] Tracking not-yet-stable target at 1188,660 (search 0 ms)
2026-07-20 14:01:06 [motherlode] FindFilledBlock: found at 1188,660 (27x27 0x00B809 tol=5, 0 ms)
2026-07-20 14:01:06 [motherlode] Tracking not-yet-stable target at 1188,660 (search 0 ms)
2026-07-20 14:01:07 [motherlode] FindFilledBlock: found at 1188,660 (27x27 0x00B809 tol=5, 0 ms)
2026-07-20 14:01:07 [motherlode] Tracking stable target at 1188,660 (cooldown active, search 0 ms)
2026-07-20 14:01:07 [motherlode] FindFilledBlock: found at 1188,660 (27x27 0x00B809 tol=5, 0 ms)
2026-07-20 14:01:07 [motherlode] Tracking stable target at 1188,660 (cooldown active, search 0 ms)
2026-07-20 14:01:07 [motherlode] FindFilledBlock: found at 1188,660 (27x27 0x00B809 tol=5, 16 ms)
2026-07-20 14:01:07 [motherlode] Tracking stable target at 1188,660 (cooldown active, search 16 ms)
2026-07-20 14:01:07 [motherlode] FindFilledBlock: found at 1188,660 (27x27 0x00B809 tol=5, 16 ms)
2026-07-20 14:01:07 [motherlode] Tracking stable target at 1188,660 (cooldown active, search 16 ms)
2026-07-20 14:01:07 [motherlode] FindFilledBlock: found at 1188,660 (27x27 0x00B809 tol=5, 16 ms)
2026-07-20 14:01:07 [motherlode] Tracking stable target at 1188,660 (cooldown active, search 16 ms)
2026-07-20 14:01:07 [motherlode] FindFilledBlock: found at 1188,660 (27x27 0x00B809 tol=5, 15 ms)
2026-07-20 14:01:08 [motherlode] Clicked STABLE target at 1188,660 (search 15 ms)
2026-07-20 14:01:08 [motherlode] FindFilledBlock: found at 1190,686 (27x27 0x00B809 tol=5, 16 ms)
2026-07-20 14:01:08 [motherlode] Tracking not-yet-stable target at 1190,686 (search 16 ms)
2026-07-20 14:01:08 [motherlode] FindFilledBlock: found at 1190,686 (27x27 0x00B809 tol=5, 16 ms)
2026-07-20 14:01:08 [motherlode] Tracking not-yet-stable target at 1190,686 (search 16 ms)
2026-07-20 14:01:08 [motherlode] FindFilledBlock: found at 1188,660 (27x27 0x00B809 tol=5, 0 ms)
2026-07-20 14:01:08 [motherlode] Tracking not-yet-stable target at 1188,660 (search 0 ms)
2026-07-20 14:01:08 [motherlode] FindFilledBlock: found at 1188,660 (27x27 0x00B809 tol=5, 0 ms)
2026-07-20 14:01:08 [motherlode] Tracking not-yet-stable target at 1188,660 (search 0 ms)
2026-07-20 14:01:08 [motherlode] FindFilledBlock: found at 1188,660 (27x27 0x00B809 tol=5, 0 ms)
2026-07-20 14:01:08 [motherlode] Tracking stable target at 1188,660 (cooldown active, search 0 ms)
2026-07-20 14:01:09 [motherlode] FindFilledBlock: found at 1188,660 (27x27 0x00B809 tol=5, 0 ms)
2026-07-20 14:01:09 [motherlode] Tracking stable target at 1188,660 (cooldown active, search 0 ms)
2026-07-20 14:01:09 [motherlode] FindFilledBlock: found at 1188,660 (27x27 0x00B809 tol=5, 0 ms)
2026-07-20 14:01:09 [motherlode] Tracking stable target at 1188,660 (cooldown active, search 0 ms)
2026-07-20 14:01:09 [motherlode] FindFilledBlock: found at 1188,660 (27x27 0x00B809 tol=5, 0 ms)
2026-07-20 14:01:09 [motherlode] Tracking stable target at 1188,660 (cooldown active, search 0 ms)
2026-07-20 14:01:09 [motherlode] FindFilledBlock: found at 1188,660 (27x27 0x00B809 tol=5, 0 ms)
2026-07-20 14:01:09 [motherlode] Tracking stable target at 1188,660 (cooldown active, search 0 ms)
2026-07-20 14:01:09 [motherlode] FindFilledBlock: found at 1188,660 (27x27 0x00B809 tol=5, 0 ms)
2026-07-20 14:01:09 [motherlode] Clicked STABLE target at 1188,660 (search 0 ms)
2026-07-20 14:01:10 [motherlode] FindFilledBlock: found at 1190,686 (27x27 0x00B809 tol=5, 16 ms)
2026-07-20 14:01:10 [motherlode] Tracking not-yet-stable target at 1190,686 (search 16 ms)
2026-07-20 14:01:10 [motherlode] FindFilledBlock: found at 1188,660 (27x27 0x00B809 tol=5, 16 ms)
2026-07-20 14:01:10 [motherlode] Tracking not-yet-stable target at 1188,660 (search 16 ms)
2026-07-20 14:01:10 [motherlode] FindFilledBlock: found at 1188,660 (27x27 0x00B809 tol=5, 15 ms)
2026-07-20 14:01:10 [motherlode] Tracking not-yet-stable target at 1188,660 (search 15 ms)
2026-07-20 14:01:10 [motherlode] FindFilledBlock: found at 1188,660 (27x27 0x00B809 tol=5, 0 ms)
2026-07-20 14:01:10 [motherlode] Tracking stable target at 1188,660 (cooldown active, search 0 ms)
2026-07-20 14:01:10 [motherlode] FindFilledBlock: found at 1188,660 (27x27 0x00B809 tol=5, 0 ms)
2026-07-20 14:01:10 [motherlode] Tracking stable target at 1188,660 (cooldown active, search 0 ms)
2026-07-20 14:01:10 [motherlode] FindFilledBlock: found at 1188,660 (27x27 0x00B809 tol=5, 0 ms)
2026-07-20 14:01:10 [motherlode] Tracking stable target at 1188,660 (cooldown active, search 0 ms)
2026-07-20 14:01:10 [motherlode] FindFilledBlock: found at 1188,660 (27x27 0x00B809 tol=5, 0 ms)
2026-07-20 14:01:10 [motherlode] Tracking stable target at 1188,660 (cooldown active, search 0 ms)
2026-07-20 14:01:11 [motherlode] FindFilledBlock: found at 1188,660 (27x27 0x00B809 tol=5, 0 ms)
2026-07-20 14:01:11 [motherlode] Tracking stable target at 1188,660 (cooldown active, search 0 ms)
2026-07-20 14:01:11 [motherlode] FindFilledBlock: found at 1188,660 (27x27 0x00B809 tol=5, 0 ms)
2026-07-20 14:01:11 [motherlode] Tracking stable target at 1188,660 (cooldown active, search 0 ms)
2026-07-20 14:01:11 [motherlode] FindFilledBlock: found at 1188,660 (27x27 0x00B809 tol=5, 0 ms)
2026-07-20 14:01:11 [motherlode] Clicked STABLE target at 1188,660 (search 15 ms)
2026-07-20 14:01:11 [motherlode] FindFilledBlock: found at 1190,686 (27x27 0x00B809 tol=5, 0 ms)
2026-07-20 14:01:11 [motherlode] Tracking not-yet-stable target at 1190,686 (search 0 ms)
2026-07-20 14:01:11 [motherlode] FindFilledBlock: found at 1188,660 (27x27 0x00B809 tol=5, 16 ms)
2026-07-20 14:01:11 [motherlode] Tracking not-yet-stable target at 1188,660 (search 16 ms)
2026-07-20 14:01:12 [motherlode] FindFilledBlock: found at 1188,660 (27x27 0x00B809 tol=5, 0 ms)
2026-07-20 14:01:12 [motherlode] Tracking not-yet-stable target at 1188,660 (search 0 ms)
2026-07-20 14:01:12 [motherlode] FindFilledBlock: found at 1188,660 (27x27 0x00B809 tol=5, 16 ms)
2026-07-20 14:01:12 [motherlode] Tracking stable target at 1188,660 (cooldown active, search 16 ms)
2026-07-20 14:01:12 [motherlode] FindFilledBlock: found at 1188,660 (27x27 0x00B809 tol=5, 0 ms)
2026-07-20 14:01:12 [motherlode] Tracking stable target at 1188,660 (cooldown active, search 0 ms)
2026-07-20 14:01:12 [motherlode] FindFilledBlock: found at 1188,660 (27x27 0x00B809 tol=5, 16 ms)
2026-07-20 14:01:12 [motherlode] Tracking stable target at 1188,660 (cooldown active, search 16 ms)
2026-07-20 14:01:12 [motherlode] FindFilledBlock: found at 1188,660 (27x27 0x00B809 tol=5, 0 ms)
2026-07-20 14:01:12 [motherlode] Tracking stable target at 1188,660 (cooldown active, search 0 ms)
2026-07-20 14:01:12 [motherlode] FindFilledBlock: found at 1188,660 (27x27 0x00B809 tol=5, 0 ms)
2026-07-20 14:01:12 [motherlode] Tracking stable target at 1188,660 (cooldown active, search 0 ms)
2026-07-20 14:01:13 [motherlode] FindFilledBlock: found at 1188,660 (27x27 0x00B809 tol=5, 0 ms)
2026-07-20 14:01:13 [motherlode] Tracking stable target at 1188,660 (cooldown active, search 0 ms)
2026-07-20 14:01:13 [motherlode] FindFilledBlock: found at 1188,660 (27x27 0x00B809 tol=5, 0 ms)
2026-07-20 14:01:13 [motherlode] Clicked STABLE target at 1188,660 (search 0 ms)
2026-07-20 14:01:13 [motherlode] FindFilledBlock: found at 1190,686 (27x27 0x00B809 tol=5, 16 ms)
2026-07-20 14:01:13 [motherlode] Tracking not-yet-stable target at 1190,686 (search 16 ms)
2026-07-20 14:01:13 [motherlode] FindFilledBlock: found at 1190,686 (27x27 0x00B809 tol=5, 16 ms)
2026-07-20 14:01:13 [motherlode] Tracking not-yet-stable target at 1190,686 (search 16 ms)
2026-07-20 14:01:13 [motherlode] FindFilledBlock: found at 1188,660 (27x27 0x00B809 tol=5, 16 ms)
2026-07-20 14:01:13 [motherlode] Tracking not-yet-stable target at 1188,660 (search 16 ms)
2026-07-20 14:01:14 [motherlode] FindFilledBlock: found at 1188,660 (27x27 0x00B809 tol=5, 15 ms)
2026-07-20 14:01:14 [motherlode] Tracking not-yet-stable target at 1188,660 (search 15 ms)
2026-07-20 14:01:14 [motherlode] FindFilledBlock: found at 1188,660 (27x27 0x00B809 tol=5, 0 ms)
2026-07-20 14:01:14 [motherlode] Tracking stable target at 1188,660 (cooldown active, search 0 ms)
2026-07-20 14:01:14 [motherlode] FindFilledBlock: found at 1188,660 (27x27 0x00B809 tol=5, 0 ms)
2026-07-20 14:01:14 [motherlode] Tracking stable target at 1188,660 (cooldown active, search 0 ms)
2026-07-20 14:01:14 [motherlode] FindFilledBlock: found at 1188,660 (27x27 0x00B809 tol=5, 0 ms)
2026-07-20 14:01:14 [motherlode] Tracking stable target at 1188,660 (cooldown active, search 0 ms)
2026-07-20 14:01:14 [motherlode] FindFilledBlock: found at 1188,660 (27x27 0x00B809 tol=5, 16 ms)
2026-07-20 14:01:14 [motherlode] Tracking stable target at 1188,660 (cooldown active, search 16 ms)
2026-07-20 14:01:14 [motherlode] FindFilledBlock: found at 1188,660 (27x27 0x00B809 tol=5, 0 ms)
2026-07-20 14:01:14 [motherlode] Tracking stable target at 1188,660 (cooldown active, search 0 ms)
2026-07-20 14:01:14 [motherlode] FindFilledBlock: found at 1188,660 (27x27 0x00B809 tol=5, 15 ms)
2026-07-20 14:01:15 [motherlode] Clicked STABLE target at 1188,660 (search 15 ms)
2026-07-20 14:01:15 [motherlode] FindFilledBlock: found at 1190,686 (27x27 0x00B809 tol=5, 0 ms)
2026-07-20 14:01:15 [motherlode] Tracking not-yet-stable target at 1190,686 (search 0 ms)
2026-07-20 14:01:15 [motherlode] FindFilledBlock: found at 1190,686 (27x27 0x00B809 tol=5, 0 ms)
2026-07-20 14:01:15 [motherlode] Tracking not-yet-stable target at 1190,686 (search 0 ms)
2026-07-20 14:01:15 [motherlode] FindFilledBlock: found at 1188,660 (27x27 0x00B809 tol=5, 0 ms)
2026-07-20 14:01:15 [motherlode] Tracking not-yet-stable target at 1188,660 (search 16 ms)
2026-07-20 14:01:15 [motherlode] FindFilledBlock: found at 1188,660 (27x27 0x00B809 tol=5, 0 ms)
2026-07-20 14:01:15 [motherlode] Tracking not-yet-stable target at 1188,660 (search 0 ms)
2026-07-20 14:01:15 [motherlode] FindFilledBlock: found at 1188,660 (27x27 0x00B809 tol=5, 0 ms)
2026-07-20 14:01:15 [motherlode] Tracking stable target at 1188,660 (cooldown active, search 0 ms)
2026-07-20 14:01:16 [motherlode] FindFilledBlock: found at 1188,660 (27x27 0x00B809 tol=5, 15 ms)
2026-07-20 14:01:16 [motherlode] Tracking stable target at 1188,660 (cooldown active, search 15 ms)
2026-07-20 14:01:16 [motherlode] FindFilledBlock: found at 1188,660 (27x27 0x00B809 tol=5, 0 ms)
2026-07-20 14:01:16 [motherlode] Tracking stable target at 1188,660 (cooldown active, search 16 ms)
2026-07-20 14:01:16 [motherlode] FindFilledBlock: found at 1188,660 (27x27 0x00B809 tol=5, 16 ms)
2026-07-20 14:01:16 [motherlode] Tracking stable target at 1188,660 (cooldown active, search 16 ms)
2026-07-20 14:01:16 [motherlode] FindFilledBlock: found at 1188,660 (27x27 0x00B809 tol=5, 16 ms)
2026-07-20 14:01:16 [motherlode] Tracking stable target at 1188,660 (cooldown active, search 16 ms)
2026-07-20 14:01:16 [motherlode] TrackAndClick: until-condition met (26938 ms total)
2026-07-20 14:01:16 [motherlode] Inventory full - depositing into hopper (cycle 1/7)
2026-07-20 14:01:16 [motherlode] Hopper: waiting for hopper marker
2026-07-20 14:01:16 [motherlode] FindFilledBlock: found at 1120,592 (27x27 0xC9FFC4 tol=5, 63 ms)
2026-07-20 14:01:16 [motherlode] Hopper: clicking hopper at 1120,592
2026-07-20 14:01:16 [motherlode] Hopper: waiting for a slot to empty
2026-07-20 14:01:19 [motherlode] Hopper: a slot emptied - back to mining
2026-07-20 14:01:19 [motherlode] FindFilledBlock: not found (27x27 0x00FF00 tol=5, 15 ms)
2026-07-20 14:01:19 [motherlode] FindFilledBlock: found at 1238,786 (27x27 0x00B809 tol=5, 0 ms)
2026-07-20 14:01:19 [motherlode] Acquired new target at 1238,786 (0x00B809, ring 100, 31 ms)
2026-07-20 14:01:19 [motherlode] FindFilledBlock: found at 1246,790 (27x27 0x00B809 tol=5, 0 ms)
2026-07-20 14:01:19 [motherlode] Clicked initial/re-click target at 1246,790 (search 0 ms)
2026-07-20 14:01:19 [motherlode] FindFilledBlock: found at 1272,794 (27x27 0x00B809 tol=5, 0 ms)
2026-07-20 14:01:19 [motherlode] Tracking not-yet-stable target at 1272,794 (search 16 ms)
2026-07-20 14:01:19 [motherlode] FindFilledBlock: found at 1274,796 (27x27 0x00B809 tol=5, 16 ms)
2026-07-20 14:01:19 [motherlode] Tracking not-yet-stable target at 1274,796 (search 16 ms)
2026-07-20 14:01:20 [motherlode] FindFilledBlock: found at 1278,796 (27x27 0x00B809 tol=5, 0 ms)
2026-07-20 14:01:20 [motherlode] Tracking stable target at 1278,796 (cooldown active, search 0 ms)
2026-07-20 14:01:20 [motherlode] FindFilledBlock: found at 1282,796 (27x27 0x00B809 tol=5, 15 ms)
2026-07-20 14:01:20 [motherlode] Tracking stable target at 1282,796 (cooldown active, search 15 ms)
2026-07-20 14:01:20 [motherlode] FindFilledBlock: found at 1282,796 (27x27 0x00B809 tol=5, 16 ms)
2026-07-20 14:01:20 [motherlode] Tracking stable target at 1282,796 (cooldown active, search 16 ms)
2026-07-20 14:01:20 [motherlode] FindFilledBlock: found at 1284,796 (27x27 0x00B809 tol=5, 16 ms)
2026-07-20 14:01:20 [motherlode] Tracking stable target at 1284,796 (cooldown active, search 16 ms)
2026-07-20 14:01:20 [motherlode] FindFilledBlock: found at 1280,796 (27x27 0x00B809 tol=5, 15 ms)
2026-07-20 14:01:20 [motherlode] Tracking stable target at 1280,796 (cooldown active, search 15 ms)
2026-07-20 14:01:20 [motherlode] FindFilledBlock: found at 1264,792 (27x27 0x00B809 tol=5, 16 ms)
2026-07-20 14:01:20 [motherlode] Tracking not-yet-stable target at 1264,792 (search 16 ms)
2026-07-20 14:01:21 [motherlode] FindFilledBlock: found at 1244,772 (27x27 0x00B809 tol=5, 0 ms)
2026-07-20 14:01:21 [motherlode] Tracking not-yet-stable target at 1244,772 (search 0 ms)
2026-07-20 14:01:21 [motherlode] FindFilledBlock: found at 1220,758 (27x27 0x00B809 tol=5, 0 ms)
2026-07-20 14:01:21 [motherlode] Tracking not-yet-stable target at 1220,758 (search 0 ms)
2026-07-20 14:01:21 [motherlode] FindFilledBlock: found at 1206,734 (27x27 0x00B809 tol=5, 0 ms)
2026-07-20 14:01:21 [motherlode] Tracking not-yet-stable target at 1206,734 (search 0 ms)
2026-07-20 14:01:21 [motherlode] FindFilledBlock: found at 1198,718 (27x27 0x00B809 tol=5, 0 ms)
2026-07-20 14:01:21 [motherlode] Tracking not-yet-stable target at 1198,718 (search 0 ms)
2026-07-20 14:01:21 [motherlode] FindFilledBlock: found at 1194,704 (27x27 0x00B809 tol=5, 0 ms)
2026-07-20 14:01:21 [motherlode] Tracking not-yet-stable target at 1194,704 (search 15 ms)
2026-07-20 14:01:21 [motherlode] FindFilledBlock: found at 1192,692 (27x27 0x00B809 tol=5, 0 ms)
2026-07-20 14:01:21 [motherlode] Tracking not-yet-stable target at 1192,692 (search 0 ms)
2026-07-20 14:01:21 [motherlode] FindFilledBlock: found at 1190,680 (27x27 0x00B809 tol=5, 0 ms)
2026-07-20 14:01:21 [motherlode] Tracking not-yet-stable target at 1190,680 (search 0 ms)
2026-07-20 14:01:22 [motherlode] FindFilledBlock: found at 1190,672 (27x27 0x00B809 tol=5, 16 ms)
2026-07-20 14:01:22 [motherlode] Tracking not-yet-stable target at 1190,672 (search 16 ms)
2026-07-20 14:01:22 [motherlode] FindFilledBlock: found at 1188,668 (27x27 0x00B809 tol=5, 0 ms)
2026-07-20 14:01:22 [motherlode] Tracking not-yet-stable target at 1188,668 (search 0 ms)
2026-07-20 14:01:22 [motherlode] FindFilledBlock: found at 1190,664 (27x27 0x00B809 tol=5, 15 ms)
2026-07-20 14:01:22 [motherlode] Clicked STABLE target at 1190,664 (search 15 ms)
2026-07-20 14:01:22 [motherlode] FindFilledBlock: found at 1190,690 (27x27 0x00B809 tol=5, 16 ms)
2026-07-20 14:01:22 [motherlode] Tracking not-yet-stable target at 1190,690 (search 16 ms)
2026-07-20 14:01:23 [motherlode] FindFilledBlock: found at 1188,662 (27x27 0x00B809 tol=5, 0 ms)
2026-07-20 14:01:23 [motherlode] Tracking not-yet-stable target at 1188,662 (search 0 ms)
2026-07-20 14:01:23 [motherlode] FindFilledBlock: found at 1190,660 (27x27 0x00B809 tol=5, 16 ms)
2026-07-20 14:01:23 [motherlode] Tracking not-yet-stable target at 1190,660 (search 16 ms)
2026-07-20 14:01:23 [motherlode] FindFilledBlock: found at 1188,660 (27x27 0x00B809 tol=5, 0 ms)
2026-07-20 14:01:23 [motherlode] Tracking stable target at 1188,660 (cooldown active, search 0 ms)
2026-07-20 14:01:23 [motherlode] FindFilledBlock: found at 1188,660 (27x27 0x00B809 tol=5, 0 ms)
2026-07-20 14:01:23 [motherlode] Tracking stable target at 1188,660 (cooldown active, search 0 ms)
2026-07-20 14:01:23 [motherlode] FindFilledBlock: found at 1188,660 (27x27 0x00B809 tol=5, 0 ms)
2026-07-20 14:01:23 [motherlode] Tracking stable target at 1188,660 (cooldown active, search 0 ms)
2026-07-20 14:01:23 [motherlode] FindFilledBlock: found at 1188,660 (27x27 0x00B809 tol=5, 0 ms)
2026-07-20 14:01:23 [motherlode] Tracking stable target at 1188,660 (cooldown active, search 0 ms)
2026-07-20 14:01:23 [motherlode] FindFilledBlock: found at 1188,660 (27x27 0x00B809 tol=5, 16 ms)
2026-07-20 14:01:23 [motherlode] Tracking stable target at 1188,660 (cooldown active, search 16 ms)
2026-07-20 14:01:24 [motherlode] FindFilledBlock: found at 1188,660 (27x27 0x00B809 tol=5, 15 ms)
2026-07-20 14:01:24 [motherlode] Tracking stable target at 1188,660 (cooldown active, search 15 ms)
2026-07-20 14:01:24 [motherlode] FindFilledBlock: found at 1188,660 (27x27 0x00B809 tol=5, 16 ms)
2026-07-20 14:01:24 [motherlode] Clicked STABLE target at 1188,660 (search 16 ms)
2026-07-20 14:01:24 [motherlode] FindFilledBlock: found at 1190,686 (27x27 0x00B809 tol=5, 16 ms)
2026-07-20 14:01:24 [motherlode] Tracking not-yet-stable target at 1190,686 (search 16 ms)
2026-07-20 14:01:24 [motherlode] FindFilledBlock: found at 1188,660 (27x27 0x00B809 tol=5, 0 ms)
2026-07-20 14:01:24 [motherlode] Tracking not-yet-stable target at 1188,660 (search 0 ms)
2026-07-20 14:01:25 [motherlode] FindFilledBlock: found at 1188,660 (27x27 0x00B809 tol=5, 0 ms)
2026-07-20 14:01:25 [motherlode] Tracking not-yet-stable target at 1188,660 (search 0 ms)
2026-07-20 14:01:25 [motherlode] FindFilledBlock: found at 1188,660 (27x27 0x00B809 tol=5, 0 ms)
2026-07-20 14:01:25 [motherlode] Tracking stable target at 1188,660 (cooldown active, search 0 ms)
2026-07-20 14:01:25 [motherlode] FindFilledBlock: found at 1188,660 (27x27 0x00B809 tol=5, 0 ms)
2026-07-20 14:01:25 [motherlode] Tracking stable target at 1188,660 (cooldown active, search 0 ms)
2026-07-20 14:01:25 [motherlode] FindFilledBlock: found at 1188,660 (27x27 0x00B809 tol=5, 0 ms)
2026-07-20 14:01:25 [motherlode] Tracking stable target at 1188,660 (cooldown active, search 16 ms)
2026-07-20 14:01:25 [motherlode] FindFilledBlock: found at 1188,660 (27x27 0x00B809 tol=5, 0 ms)
2026-07-20 14:01:25 [motherlode] Tracking stable target at 1188,660 (cooldown active, search 0 ms)
2026-07-20 14:01:25 [motherlode] FindFilledBlock: found at 1188,660 (27x27 0x00B809 tol=5, 0 ms)
2026-07-20 14:01:25 [motherlode] Tracking stable target at 1188,660 (cooldown active, search 0 ms)
2026-07-20 14:01:25 [motherlode] FindFilledBlock: found at 1188,660 (27x27 0x00B809 tol=5, 0 ms)
2026-07-20 14:01:25 [motherlode] Tracking stable target at 1188,660 (cooldown active, search 0 ms)
2026-07-20 14:01:26 [motherlode] FindFilledBlock: found at 1188,660 (27x27 0x00B809 tol=5, 0 ms)
2026-07-20 14:01:26 [motherlode] Clicked STABLE target at 1188,660 (search 0 ms)
2026-07-20 14:01:26 [motherlode] FindFilledBlock: found at 1190,686 (27x27 0x00B809 tol=5, 15 ms)
2026-07-20 14:01:26 [motherlode] Tracking not-yet-stable target at 1190,686 (search 15 ms)
2026-07-20 14:01:26 [motherlode] FindFilledBlock: found at 1188,660 (27x27 0x00B809 tol=5, 0 ms)
2026-07-20 14:01:26 [motherlode] Tracking not-yet-stable target at 1188,660 (search 0 ms)
2026-07-20 14:01:26 [motherlode] FindFilledBlock: found at 1188,660 (27x27 0x00B809 tol=5, 0 ms)
2026-07-20 14:01:26 [motherlode] Tracking not-yet-stable target at 1188,660 (search 0 ms)
2026-07-20 14:01:27 [motherlode] FindFilledBlock: found at 1188,660 (27x27 0x00B809 tol=5, 15 ms)
2026-07-20 14:01:27 [motherlode] Tracking stable target at 1188,660 (cooldown active, search 15 ms)
2026-07-20 14:01:27 [motherlode] FindFilledBlock: found at 1188,660 (27x27 0x00B809 tol=5, 0 ms)
2026-07-20 14:01:27 [motherlode] Tracking stable target at 1188,660 (cooldown active, search 0 ms)
2026-07-20 14:01:27 [motherlode] FindFilledBlock: found at 1188,660 (27x27 0x00B809 tol=5, 0 ms)
2026-07-20 14:01:27 [motherlode] Tracking stable target at 1188,660 (cooldown active, search 0 ms)
2026-07-20 14:01:27 [motherlode] FindFilledBlock: found at 1188,660 (27x27 0x00B809 tol=5, 16 ms)
2026-07-20 14:01:27 [motherlode] Tracking stable target at 1188,660 (cooldown active, search 16 ms)
2026-07-20 14:01:27 [motherlode] FindFilledBlock: found at 1188,660 (27x27 0x00B809 tol=5, 0 ms)
2026-07-20 14:01:27 [motherlode] Tracking stable target at 1188,660 (cooldown active, search 0 ms)
2026-07-20 14:01:27 [motherlode] FindFilledBlock: found at 1188,660 (27x27 0x00B809 tol=5, 16 ms)
2026-07-20 14:01:27 [motherlode] Tracking stable target at 1188,660 (cooldown active, search 16 ms)
2026-07-20 14:01:27 [motherlode] FindFilledBlock: found at 1188,660 (27x27 0x00B809 tol=5, 16 ms)
2026-07-20 14:01:28 [motherlode] Clicked STABLE target at 1188,660 (search 16 ms)
2026-07-20 14:01:28 [motherlode] FindFilledBlock: found at 1190,686 (27x27 0x00B809 tol=5, 15 ms)
2026-07-20 14:01:28 [motherlode] Tracking not-yet-stable target at 1190,686 (search 15 ms)
2026-07-20 14:01:28 [motherlode] FindFilledBlock: found at 1190,686 (27x27 0x00B809 tol=5, 16 ms)
2026-07-20 14:01:28 [motherlode] Tracking not-yet-stable target at 1190,686 (search 16 ms)
2026-07-20 14:01:28 [motherlode] FindFilledBlock: found at 1188,660 (27x27 0x00B809 tol=5, 0 ms)
2026-07-20 14:01:28 [motherlode] Tracking not-yet-stable target at 1188,660 (search 0 ms)
2026-07-20 14:01:28 [motherlode] FindFilledBlock: found at 1188,660 (27x27 0x00B809 tol=5, 0 ms)
2026-07-20 14:01:28 [motherlode] Tracking not-yet-stable target at 1188,660 (search 0 ms)
2026-07-20 14:01:29 [motherlode] FindFilledBlock: found at 1188,660 (27x27 0x00B809 tol=5, 15 ms)
2026-07-20 14:01:29 [motherlode] Tracking stable target at 1188,660 (cooldown active, search 15 ms)
2026-07-20 14:01:29 [motherlode] FindFilledBlock: found at 1188,660 (27x27 0x00B809 tol=5, 16 ms)
2026-07-20 14:01:29 [motherlode] Tracking stable target at 1188,660 (cooldown active, search 16 ms)
2026-07-20 14:01:29 [motherlode] FindFilledBlock: not found (27x27 0x00B809 tol=5, 0 ms)
2026-07-20 14:01:29 [motherlode] Target depleted or lost - re-acquiring (searched 0 ms)
2026-07-20 14:01:29 [motherlode] FindFilledBlock: found at 1161,780 (27x27 0x00FF00 tol=5, 0 ms)
2026-07-20 14:01:29 [motherlode] FindFilledBlock: found at 1290,666 (27x27 0x00B809 tol=5, 0 ms)
2026-07-20 14:01:29 [motherlode] Acquired new target at 1290,666 (0x00B809, ring 100, 16 ms)
2026-07-20 14:01:29 [motherlode] FindFilledBlock: found at 1290,666 (27x27 0x00B809 tol=5, 0 ms)
2026-07-20 14:01:29 [motherlode] Clicked initial/re-click target at 1290,666 (search 0 ms)
2026-07-20 14:01:30 [motherlode] FindFilledBlock: found at 1290,692 (27x27 0x00B809 tol=5, 0 ms)
2026-07-20 14:01:30 [motherlode] Tracking not-yet-stable target at 1290,692 (search 0 ms)
2026-07-20 14:01:30 [motherlode] FindFilledBlock: found at 1290,692 (27x27 0x00B809 tol=5, 16 ms)
2026-07-20 14:01:30 [motherlode] Tracking not-yet-stable target at 1290,692 (search 16 ms)
2026-07-20 14:01:30 [motherlode] FindFilledBlock: found at 1290,666 (27x27 0x00B809 tol=5, 0 ms)
2026-07-20 14:01:30 [motherlode] Tracking not-yet-stable target at 1290,666 (search 0 ms)
2026-07-20 14:01:30 [motherlode] FindFilledBlock: found at 1290,666 (27x27 0x00B809 tol=5, 16 ms)
2026-07-20 14:01:30 [motherlode] Tracking not-yet-stable target at 1290,666 (search 16 ms)
2026-07-20 14:01:30 [motherlode] FindFilledBlock: found at 1290,666 (27x27 0x00B809 tol=5, 0 ms)
2026-07-20 14:01:30 [motherlode] Tracking stable target at 1290,666 (cooldown active, search 0 ms)
2026-07-20 14:01:30 [motherlode] FindFilledBlock: found at 1290,666 (27x27 0x00B809 tol=5, 16 ms)
2026-07-20 14:01:30 [motherlode] Tracking stable target at 1290,666 (cooldown active, search 16 ms)
2026-07-20 14:01:30 [motherlode] FindFilledBlock: found at 1290,666 (27x27 0x00B809 tol=5, 0 ms)
2026-07-20 14:01:30 [motherlode] Tracking stable target at 1290,666 (cooldown active, search 0 ms)
2026-07-20 14:01:31 [motherlode] FindFilledBlock: found at 1290,666 (27x27 0x00B809 tol=5, 16 ms)
2026-07-20 14:01:31 [motherlode] Tracking stable target at 1290,666 (cooldown active, search 16 ms)
2026-07-20 14:01:31 [motherlode] FindFilledBlock: found at 1290,666 (27x27 0x00B809 tol=5, 0 ms)
2026-07-20 14:01:31 [motherlode] Tracking stable target at 1290,666 (cooldown active, search 0 ms)
2026-07-20 14:01:31 [motherlode] FindFilledBlock: found at 1290,666 (27x27 0x00B809 tol=5, 16 ms)
2026-07-20 14:01:31 [motherlode] Clicked STABLE target at 1290,666 (search 16 ms)
2026-07-20 14:01:31 [motherlode] FindFilledBlock: found at 1290,692 (27x27 0x00B809 tol=5, 16 ms)
2026-07-20 14:01:31 [motherlode] Tracking not-yet-stable target at 1290,692 (search 16 ms)
2026-07-20 14:01:31 [motherlode] FindFilledBlock: found at 1290,666 (27x27 0x00B809 tol=5, 16 ms)
2026-07-20 14:01:31 [motherlode] Tracking not-yet-stable target at 1290,666 (search 16 ms)
2026-07-20 14:01:32 [motherlode] FindFilledBlock: found at 1290,666 (27x27 0x00B809 tol=5, 16 ms)
2026-07-20 14:01:32 [motherlode] Tracking not-yet-stable target at 1290,666 (search 16 ms)
2026-07-20 14:01:32 [motherlode] FindFilledBlock: found at 1290,666 (27x27 0x00B809 tol=5, 15 ms)
2026-07-20 14:01:32 [motherlode] Tracking stable target at 1290,666 (cooldown active, search 15 ms)
2026-07-20 14:01:32 [motherlode] FindFilledBlock: found at 1290,666 (27x27 0x00B809 tol=5, 0 ms)
2026-07-20 14:01:32 [motherlode] Tracking stable target at 1290,666 (cooldown active, search 0 ms)
2026-07-20 14:01:32 [motherlode] FindFilledBlock: found at 1290,666 (27x27 0x00B809 tol=5, 0 ms)
2026-07-20 14:01:32 [motherlode] Tracking stable target at 1290,666 (cooldown active, search 0 ms)
2026-07-20 14:01:32 [motherlode] FindFilledBlock: found at 1290,666 (27x27 0x00B809 tol=5, 0 ms)
2026-07-20 14:01:32 [motherlode] Tracking stable target at 1290,666 (cooldown active, search 0 ms)
2026-07-20 14:01:32 [motherlode] FindFilledBlock: found at 1290,666 (27x27 0x00B809 tol=5, 0 ms)
2026-07-20 14:01:32 [motherlode] Tracking stable target at 1290,666 (cooldown active, search 0 ms)
2026-07-20 14:01:33 [motherlode] FindFilledBlock: found at 1290,666 (27x27 0x00B809 tol=5, 15 ms)
2026-07-20 14:01:33 [motherlode] Tracking stable target at 1290,666 (cooldown active, search 15 ms)
2026-07-20 14:01:33 [motherlode] FindFilledBlock: found at 1290,666 (27x27 0x00B809 tol=5, 0 ms)
2026-07-20 14:01:33 [motherlode] Clicked STABLE target at 1290,666 (search 16 ms)
2026-07-20 14:01:33 [motherlode] FindFilledBlock: found at 1290,692 (27x27 0x00B809 tol=5, 15 ms)
2026-07-20 14:01:33 [motherlode] Tracking not-yet-stable target at 1290,692 (search 15 ms)
2026-07-20 14:01:33 [motherlode] FindFilledBlock: found at 1290,692 (27x27 0x00B809 tol=5, 0 ms)
2026-07-20 14:01:33 [motherlode] Tracking not-yet-stable target at 1290,692 (search 0 ms)
2026-07-20 14:01:33 [motherlode] FindFilledBlock: found at 1290,666 (27x27 0x00B809 tol=5, 0 ms)
2026-07-20 14:01:33 [motherlode] Tracking not-yet-stable target at 1290,666 (search 0 ms)
2026-07-20 14:01:34 [motherlode] FindFilledBlock: found at 1290,666 (27x27 0x00B809 tol=5, 0 ms)
2026-07-20 14:01:34 [motherlode] Tracking not-yet-stable target at 1290,666 (search 0 ms)
2026-07-20 14:01:34 [motherlode] FindFilledBlock: found at 1290,666 (27x27 0x00B809 tol=5, 0 ms)
2026-07-20 14:01:34 [motherlode] Tracking stable target at 1290,666 (cooldown active, search 0 ms)
2026-07-20 14:01:34 [motherlode] FindFilledBlock: found at 1290,666 (27x27 0x00B809 tol=5, 0 ms)
2026-07-20 14:01:34 [motherlode] Tracking stable target at 1290,666 (cooldown active, search 0 ms)
2026-07-20 14:01:34 [motherlode] FindFilledBlock: found at 1290,666 (27x27 0x00B809 tol=5, 16 ms)
2026-07-20 14:01:34 [motherlode] Tracking stable target at 1290,666 (cooldown active, search 16 ms)
2026-07-20 14:01:34 [motherlode] FindFilledBlock: found at 1290,666 (27x27 0x00B809 tol=5, 16 ms)
2026-07-20 14:01:34 [motherlode] Tracking stable target at 1290,666 (cooldown active, search 16 ms)
2026-07-20 14:01:34 [motherlode] FindFilledBlock: found at 1290,666 (27x27 0x00B809 tol=5, 0 ms)
2026-07-20 14:01:34 [motherlode] Tracking stable target at 1290,666 (cooldown active, search 0 ms)
2026-07-20 14:01:35 [motherlode] FindFilledBlock: found at 1290,666 (27x27 0x00B809 tol=5, 15 ms)
2026-07-20 14:01:35 [motherlode] Clicked STABLE target at 1290,666 (search 15 ms)
2026-07-20 14:01:35 [motherlode] FindFilledBlock: found at 1290,692 (27x27 0x00B809 tol=5, 15 ms)
2026-07-20 14:01:35 [motherlode] Tracking not-yet-stable target at 1290,692 (search 15 ms)
2026-07-20 14:01:35 [motherlode] FindFilledBlock: found at 1290,692 (27x27 0x00B809 tol=5, 0 ms)
2026-07-20 14:01:35 [motherlode] Tracking not-yet-stable target at 1290,692 (search 0 ms)
2026-07-20 14:01:35 [motherlode] FindFilledBlock: found at 1290,666 (27x27 0x00B809 tol=5, 16 ms)
2026-07-20 14:01:35 [motherlode] Tracking not-yet-stable target at 1290,666 (search 16 ms)
2026-07-20 14:01:35 [motherlode] FindFilledBlock: found at 1290,666 (27x27 0x00B809 tol=5, 0 ms)
2026-07-20 14:01:35 [motherlode] Tracking not-yet-stable target at 1290,666 (search 0 ms)
2026-07-20 14:01:36 [motherlode] FindFilledBlock: found at 1290,666 (27x27 0x00B809 tol=5, 15 ms)
2026-07-20 14:01:36 [motherlode] Tracking stable target at 1290,666 (cooldown active, search 15 ms)
2026-07-20 14:01:36 [motherlode] FindFilledBlock: found at 1290,666 (27x27 0x00B809 tol=5, 0 ms)
2026-07-20 14:01:36 [motherlode] Tracking stable target at 1290,666 (cooldown active, search 0 ms)
2026-07-20 14:01:36 [motherlode] FindFilledBlock: found at 1290,666 (27x27 0x00B809 tol=5, 16 ms)
2026-07-20 14:01:36 [motherlode] Tracking stable target at 1290,666 (cooldown active, search 16 ms)
2026-07-20 14:01:36 [motherlode] FindFilledBlock: found at 1290,666 (27x27 0x00B809 tol=5, 15 ms)
2026-07-20 14:01:36 [motherlode] Tracking stable target at 1290,666 (cooldown active, search 15 ms)
2026-07-20 14:01:36 [motherlode] FindFilledBlock: found at 1290,666 (27x27 0x00B809 tol=5, 15 ms)
2026-07-20 14:01:36 [motherlode] Tracking stable target at 1290,666 (cooldown active, search 15 ms)
2026-07-20 14:01:36 [motherlode] FindFilledBlock: found at 1290,666 (27x27 0x00B809 tol=5, 0 ms)
2026-07-20 14:01:37 [motherlode] Clicked STABLE target at 1290,666 (search 0 ms)
2026-07-20 14:01:37 [motherlode] FindFilledBlock: found at 1290,692 (27x27 0x00B809 tol=5, 15 ms)
2026-07-20 14:01:37 [motherlode] Tracking not-yet-stable target at 1290,692 (search 15 ms)
2026-07-20 14:01:37 [motherlode] FindFilledBlock: found at 1290,666 (27x27 0x00B809 tol=5, 15 ms)
2026-07-20 14:01:37 [motherlode] Tracking not-yet-stable target at 1290,666 (search 15 ms)
2026-07-20 14:01:37 [motherlode] FindFilledBlock: found at 1290,666 (27x27 0x00B809 tol=5, 0 ms)
2026-07-20 14:01:37 [motherlode] Tracking not-yet-stable target at 1290,666 (search 0 ms)
2026-07-20 14:01:37 [motherlode] FindFilledBlock: found at 1290,666 (27x27 0x00B809 tol=5, 0 ms)
2026-07-20 14:01:37 [motherlode] Tracking stable target at 1290,666 (cooldown active, search 0 ms)
2026-07-20 14:01:37 [motherlode] FindFilledBlock: found at 1290,666 (27x27 0x00B809 tol=5, 0 ms)
2026-07-20 14:01:37 [motherlode] Tracking stable target at 1290,666 (cooldown active, search 0 ms)
2026-07-20 14:01:38 [motherlode] FindFilledBlock: found at 1290,666 (27x27 0x00B809 tol=5, 0 ms)
2026-07-20 14:01:38 [motherlode] Tracking stable target at 1290,666 (cooldown active, search 0 ms)
2026-07-20 14:01:38 [motherlode] FindFilledBlock: found at 1290,666 (27x27 0x00B809 tol=5, 0 ms)
2026-07-20 14:01:38 [motherlode] Tracking stable target at 1290,666 (cooldown active, search 0 ms)
2026-07-20 14:01:38 [motherlode] FindFilledBlock: found at 1290,666 (27x27 0x00B809 tol=5, 0 ms)
2026-07-20 14:01:38 [motherlode] Tracking stable target at 1290,666 (cooldown active, search 0 ms)
2026-07-20 14:01:38 [motherlode] FindFilledBlock: found at 1290,666 (27x27 0x00B809 tol=5, 0 ms)
2026-07-20 14:01:38 [motherlode] Tracking stable target at 1290,666 (cooldown active, search 0 ms)
2026-07-20 14:01:38 [motherlode] FindFilledBlock: found at 1290,666 (27x27 0x00B809 tol=5, 15 ms)
2026-07-20 14:01:38 [motherlode] Clicked STABLE target at 1290,666 (search 15 ms)
2026-07-20 14:01:39 [motherlode] FindFilledBlock: found at 1290,692 (27x27 0x00B809 tol=5, 16 ms)
2026-07-20 14:01:39 [motherlode] Tracking not-yet-stable target at 1290,692 (search 16 ms)
2026-07-20 14:01:39 [motherlode] FindFilledBlock: found at 1290,666 (27x27 0x00B809 tol=5, 15 ms)
2026-07-20 14:01:39 [motherlode] Tracking not-yet-stable target at 1290,666 (search 15 ms)
2026-07-20 14:01:39 [motherlode] FindFilledBlock: found at 1290,666 (27x27 0x00B809 tol=5, 16 ms)
2026-07-20 14:01:39 [motherlode] Tracking not-yet-stable target at 1290,666 (search 16 ms)
2026-07-20 14:01:39 [motherlode] FindFilledBlock: found at 1290,666 (27x27 0x00B809 tol=5, 15 ms)
2026-07-20 14:01:39 [motherlode] Tracking stable target at 1290,666 (cooldown active, search 15 ms)
2026-07-20 14:01:39 [motherlode] FindFilledBlock: found at 1290,666 (27x27 0x00B809 tol=5, 0 ms)
2026-07-20 14:01:39 [motherlode] Tracking stable target at 1290,666 (cooldown active, search 0 ms)
2026-07-20 14:01:39 [motherlode] FindFilledBlock: found at 1290,666 (27x27 0x00B809 tol=5, 16 ms)
2026-07-20 14:01:39 [motherlode] Tracking stable target at 1290,666 (cooldown active, search 16 ms)
2026-07-20 14:01:40 [motherlode] FindFilledBlock: found at 1290,666 (27x27 0x00B809 tol=5, 15 ms)
2026-07-20 14:01:40 [motherlode] Tracking stable target at 1290,666 (cooldown active, search 15 ms)
2026-07-20 14:01:40 [motherlode] FindFilledBlock: found at 1290,666 (27x27 0x00B809 tol=5, 0 ms)
2026-07-20 14:01:40 [motherlode] Tracking stable target at 1290,666 (cooldown active, search 0 ms)
2026-07-20 14:01:40 [motherlode] FindFilledBlock: found at 1290,666 (27x27 0x00B809 tol=5, 0 ms)
2026-07-20 14:01:40 [motherlode] Tracking stable target at 1290,666 (cooldown active, search 0 ms)
2026-07-20 14:01:40 [motherlode] FindFilledBlock: found at 1290,666 (27x27 0x00B809 tol=5, 15 ms)
2026-07-20 14:01:40 [motherlode] Clicked STABLE target at 1290,666 (search 15 ms)
2026-07-20 14:01:40 [motherlode] FindFilledBlock: found at 1290,692 (27x27 0x00B809 tol=5, 0 ms)
2026-07-20 14:01:40 [motherlode] Tracking not-yet-stable target at 1290,692 (search 0 ms)
2026-07-20 14:01:41 [motherlode] FindFilledBlock: found at 1290,692 (27x27 0x00B809 tol=5, 0 ms)
2026-07-20 14:01:41 [motherlode] Tracking not-yet-stable target at 1290,692 (search 0 ms)
2026-07-20 14:01:41 [motherlode] FindFilledBlock: found at 1290,666 (27x27 0x00B809 tol=5, 0 ms)
2026-07-20 14:01:41 [motherlode] Tracking not-yet-stable target at 1290,666 (search 0 ms)
2026-07-20 14:01:41 [motherlode] FindFilledBlock: found at 1290,666 (27x27 0x00B809 tol=5, 0 ms)
2026-07-20 14:01:41 [motherlode] Tracking not-yet-stable target at 1290,666 (search 16 ms)
2026-07-20 14:01:41 [motherlode] FindFilledBlock: found at 1290,666 (27x27 0x00B809 tol=5, 0 ms)
2026-07-20 14:01:41 [motherlode] Tracking stable target at 1290,666 (cooldown active, search 0 ms)
2026-07-20 14:01:41 [motherlode] FindFilledBlock: found at 1290,666 (27x27 0x00B809 tol=5, 0 ms)
2026-07-20 14:01:41 [motherlode] Tracking stable target at 1290,666 (cooldown active, search 0 ms)
2026-07-20 14:01:41 [motherlode] FindFilledBlock: found at 1290,666 (27x27 0x00B809 tol=5, 0 ms)
2026-07-20 14:01:41 [motherlode] Tracking stable target at 1290,666 (cooldown active, search 16 ms)
2026-07-20 14:01:42 [motherlode] FindFilledBlock: found at 1290,666 (27x27 0x00B809 tol=5, 16 ms)
2026-07-20 14:01:42 [motherlode] Tracking stable target at 1290,666 (cooldown active, search 16 ms)
2026-07-20 14:01:42 [motherlode] FindFilledBlock: found at 1290,666 (27x27 0x00B809 tol=5, 15 ms)
2026-07-20 14:01:42 [motherlode] Tracking stable target at 1290,666 (cooldown active, search 15 ms)
2026-07-20 14:01:42 [motherlode] FindFilledBlock: found at 1290,666 (27x27 0x00B809 tol=5, 15 ms)
2026-07-20 14:01:42 [motherlode] Clicked STABLE target at 1290,666 (search 15 ms)
2026-07-20 14:01:42 [motherlode] FindFilledBlock: found at 1290,692 (27x27 0x00B809 tol=5, 16 ms)
2026-07-20 14:01:42 [motherlode] Tracking not-yet-stable target at 1290,692 (search 16 ms)
2026-07-20 14:01:42 [motherlode] FindFilledBlock: found at 1290,666 (27x27 0x00B809 tol=5, 16 ms)
2026-07-20 14:01:42 [motherlode] Tracking not-yet-stable target at 1290,666 (search 16 ms)
2026-07-20 14:01:43 [motherlode] FindFilledBlock: found at 1290,666 (27x27 0x00B809 tol=5, 15 ms)
2026-07-20 14:01:43 [motherlode] Tracking not-yet-stable target at 1290,666 (search 15 ms)
2026-07-20 14:01:43 [motherlode] FindFilledBlock: found at 1290,666 (27x27 0x00B809 tol=5, 0 ms)
2026-07-20 14:01:43 [motherlode] Tracking stable target at 1290,666 (cooldown active, search 0 ms)
2026-07-20 14:01:43 [motherlode] FindFilledBlock: found at 1290,666 (27x27 0x00B809 tol=5, 15 ms)
2026-07-20 14:01:43 [motherlode] Tracking stable target at 1290,666 (cooldown active, search 15 ms)
2026-07-20 14:01:43 [motherlode] FindFilledBlock: found at 1290,666 (27x27 0x00B809 tol=5, 0 ms)
2026-07-20 14:01:43 [motherlode] Tracking stable target at 1290,666 (cooldown active, search 0 ms)
2026-07-20 14:01:43 [motherlode] FindFilledBlock: found at 1290,666 (27x27 0x00B809 tol=5, 0 ms)
2026-07-20 14:01:43 [motherlode] Tracking stable target at 1290,666 (cooldown active, search 0 ms)
2026-07-20 14:01:43 [motherlode] FindFilledBlock: found at 1290,666 (27x27 0x00B809 tol=5, 0 ms)
2026-07-20 14:01:43 [motherlode] Tracking stable target at 1290,666 (cooldown active, search 0 ms)
2026-07-20 14:01:44 [motherlode] FindFilledBlock: found at 1290,666 (27x27 0x00B809 tol=5, 0 ms)
2026-07-20 14:01:44 [motherlode] Tracking stable target at 1290,666 (cooldown active, search 0 ms)
2026-07-20 14:01:44 [motherlode] FindFilledBlock: found at 1290,666 (27x27 0x00B809 tol=5, 0 ms)
2026-07-20 14:01:44 [motherlode] Clicked STABLE target at 1290,666 (search 0 ms)
2026-07-20 14:01:44 [motherlode] FindFilledBlock: found at 1290,692 (27x27 0x00B809 tol=5, 16 ms)
2026-07-20 14:01:44 [motherlode] Tracking not-yet-stable target at 1290,692 (search 16 ms)
2026-07-20 14:01:44 [motherlode] FindFilledBlock: found at 1290,692 (27x27 0x00B809 tol=5, 0 ms)
2026-07-20 14:01:44 [motherlode] Tracking not-yet-stable target at 1290,692 (search 0 ms)
2026-07-20 14:01:44 [motherlode] FindFilledBlock: found at 1290,666 (27x27 0x00B809 tol=5, 0 ms)
2026-07-20 14:01:44 [motherlode] Tracking not-yet-stable target at 1290,666 (search 0 ms)
2026-07-20 14:01:45 [motherlode] FindFilledBlock: found at 1290,666 (27x27 0x00B809 tol=5, 0 ms)
2026-07-20 14:01:45 [motherlode] Tracking not-yet-stable target at 1290,666 (search 0 ms)
2026-07-20 14:01:45 [motherlode] FindFilledBlock: found at 1290,666 (27x27 0x00B809 tol=5, 0 ms)
2026-07-20 14:01:45 [motherlode] Tracking stable target at 1290,666 (cooldown active, search 0 ms)
2026-07-20 14:01:45 [motherlode] FindFilledBlock: found at 1290,666 (27x27 0x00B809 tol=5, 15 ms)
2026-07-20 14:01:45 [motherlode] Tracking stable target at 1290,666 (cooldown active, search 15 ms)
2026-07-20 14:01:45 [motherlode] FindFilledBlock: found at 1290,666 (27x27 0x00B809 tol=5, 0 ms)
2026-07-20 14:01:45 [motherlode] Tracking stable target at 1290,666 (cooldown active, search 16 ms)
2026-07-20 14:01:45 [motherlode] FindFilledBlock: found at 1290,666 (27x27 0x00B809 tol=5, 16 ms)
2026-07-20 14:01:45 [motherlode] Tracking stable target at 1290,666 (cooldown active, search 16 ms)
2026-07-20 14:01:45 [motherlode] FindFilledBlock: found at 1290,666 (27x27 0x00B809 tol=5, 15 ms)
2026-07-20 14:01:45 [motherlode] Tracking stable target at 1290,666 (cooldown active, search 15 ms)
2026-07-20 14:01:45 [motherlode] FindFilledBlock: found at 1290,666 (27x27 0x00B809 tol=5, 15 ms)
2026-07-20 14:01:46 [motherlode] Clicked STABLE target at 1290,666 (search 15 ms)
2026-07-20 14:01:46 [motherlode] FindFilledBlock: found at 1290,692 (27x27 0x00B809 tol=5, 16 ms)
2026-07-20 14:01:46 [motherlode] Tracking not-yet-stable target at 1290,692 (search 16 ms)
2026-07-20 14:01:46 [motherlode] FindFilledBlock: found at 1290,666 (27x27 0x00B809 tol=5, 0 ms)
2026-07-20 14:01:46 [motherlode] Tracking not-yet-stable target at 1290,666 (search 0 ms)
2026-07-20 14:01:46 [motherlode] FindFilledBlock: found at 1290,666 (27x27 0x00B809 tol=5, 15 ms)
2026-07-20 14:01:46 [motherlode] Tracking not-yet-stable target at 1290,666 (search 15 ms)
2026-07-20 14:01:46 [motherlode] FindFilledBlock: found at 1290,666 (27x27 0x00B809 tol=5, 16 ms)
2026-07-20 14:01:46 [motherlode] Tracking stable target at 1290,666 (cooldown active, search 16 ms)
2026-07-20 14:01:47 [motherlode] FindFilledBlock: found at 1290,666 (27x27 0x00B809 tol=5, 16 ms)
2026-07-20 14:01:47 [motherlode] Tracking stable target at 1290,666 (cooldown active, search 16 ms)
2026-07-20 14:01:47 [motherlode] FindFilledBlock: found at 1290,666 (27x27 0x00B809 tol=5, 15 ms)
2026-07-20 14:01:47 [motherlode] Tracking stable target at 1290,666 (cooldown active, search 15 ms)
2026-07-20 14:01:47 [motherlode] FindFilledBlock: found at 1290,666 (27x27 0x00B809 tol=5, 16 ms)
2026-07-20 14:01:47 [motherlode] Tracking stable target at 1290,666 (cooldown active, search 16 ms)
2026-07-20 14:01:47 [motherlode] FindFilledBlock: found at 1290,666 (27x27 0x00B809 tol=5, 0 ms)
2026-07-20 14:01:47 [motherlode] Tracking stable target at 1290,666 (cooldown active, search 0 ms)
2026-07-20 14:01:47 [motherlode] FindFilledBlock: found at 1290,666 (27x27 0x00B809 tol=5, 15 ms)
2026-07-20 14:01:47 [motherlode] Tracking stable target at 1290,666 (cooldown active, search 15 ms)
2026-07-20 14:01:47 [motherlode] FindFilledBlock: found at 1290,666 (27x27 0x00B809 tol=5, 0 ms)
2026-07-20 14:01:48 [motherlode] Clicked STABLE target at 1290,666 (search 0 ms)
2026-07-20 14:01:48 [motherlode] FindFilledBlock: found at 1290,692 (27x27 0x00B809 tol=5, 0 ms)
2026-07-20 14:01:48 [motherlode] Tracking not-yet-stable target at 1290,692 (search 0 ms)
2026-07-20 14:01:48 [motherlode] FindFilledBlock: found at 1290,692 (27x27 0x00B809 tol=5, 0 ms)
2026-07-20 14:01:48 [motherlode] Tracking not-yet-stable target at 1290,692 (search 0 ms)
2026-07-20 14:01:48 [motherlode] FindFilledBlock: found at 1290,666 (27x27 0x00B809 tol=5, 0 ms)
2026-07-20 14:01:48 [motherlode] Tracking not-yet-stable target at 1290,666 (search 0 ms)
2026-07-20 14:01:48 [motherlode] FindFilledBlock: found at 1290,666 (27x27 0x00B809 tol=5, 0 ms)
2026-07-20 14:01:48 [motherlode] Tracking not-yet-stable target at 1290,666 (search 0 ms)
2026-07-20 14:01:48 [motherlode] FindFilledBlock: found at 1290,666 (27x27 0x00B809 tol=5, 0 ms)
2026-07-20 14:01:48 [motherlode] Tracking stable target at 1290,666 (cooldown active, search 0 ms)
2026-07-20 14:01:48 [motherlode] FindFilledBlock: found at 1290,666 (27x27 0x00B809 tol=5, 16 ms)
2026-07-20 14:01:48 [motherlode] Tracking stable target at 1290,666 (cooldown active, search 16 ms)
2026-07-20 14:01:49 [motherlode] FindFilledBlock: found at 1290,666 (27x27 0x00B809 tol=5, 0 ms)
2026-07-20 14:01:49 [motherlode] Tracking stable target at 1290,666 (cooldown active, search 0 ms)
2026-07-20 14:01:49 [motherlode] FindFilledBlock: found at 1290,666 (27x27 0x00B809 tol=5, 16 ms)
2026-07-20 14:01:49 [motherlode] Tracking stable target at 1290,666 (cooldown active, search 16 ms)
2026-07-20 14:01:49 [motherlode] FindFilledBlock: found at 1290,666 (27x27 0x00B809 tol=5, 0 ms)
2026-07-20 14:01:49 [motherlode] Tracking stable target at 1290,666 (cooldown active, search 0 ms)
2026-07-20 14:01:49 [motherlode] FindFilledBlock: found at 1290,666 (27x27 0x00B809 tol=5, 16 ms)
2026-07-20 14:01:49 [motherlode] Clicked STABLE target at 1290,666 (search 16 ms)
2026-07-20 14:01:49 [motherlode] FindFilledBlock: found at 1290,692 (27x27 0x00B809 tol=5, 16 ms)
2026-07-20 14:01:49 [motherlode] Tracking not-yet-stable target at 1290,692 (search 16 ms)
2026-07-20 14:01:50 [motherlode] FindFilledBlock: found at 1290,692 (27x27 0x00B809 tol=5, 15 ms)
2026-07-20 14:01:50 [motherlode] Tracking not-yet-stable target at 1290,692 (search 15 ms)
2026-07-20 14:01:50 [motherlode] FindFilledBlock: found at 1290,666 (27x27 0x00B809 tol=5, 16 ms)
2026-07-20 14:01:50 [motherlode] Tracking not-yet-stable target at 1290,666 (search 16 ms)
2026-07-20 14:01:50 [motherlode] FindFilledBlock: found at 1290,666 (27x27 0x00B809 tol=5, 16 ms)
2026-07-20 14:01:50 [motherlode] Tracking not-yet-stable target at 1290,666 (search 16 ms)
2026-07-20 14:01:50 [motherlode] FindFilledBlock: found at 1290,666 (27x27 0x00B809 tol=5, 16 ms)
2026-07-20 14:01:50 [motherlode] Tracking stable target at 1290,666 (cooldown active, search 16 ms)
2026-07-20 14:01:50 [motherlode] FindFilledBlock: found at 1290,666 (27x27 0x00B809 tol=5, 15 ms)
2026-07-20 14:01:50 [motherlode] Tracking stable target at 1290,666 (cooldown active, search 15 ms)
2026-07-20 14:01:50 [motherlode] FindFilledBlock: found at 1290,666 (27x27 0x00B809 tol=5, 0 ms)
2026-07-20 14:01:50 [motherlode] Tracking stable target at 1290,666 (cooldown active, search 0 ms)
2026-07-20 14:01:51 [motherlode] FindFilledBlock: found at 1290,666 (27x27 0x00B809 tol=5, 0 ms)
2026-07-20 14:01:51 [motherlode] Tracking stable target at 1290,666 (cooldown active, search 0 ms)
2026-07-20 14:01:51 [motherlode] FindFilledBlock: found at 1290,666 (27x27 0x00B809 tol=5, 0 ms)
2026-07-20 14:01:51 [motherlode] Tracking stable target at 1290,666 (cooldown active, search 0 ms)
2026-07-20 14:01:51 [motherlode] FindFilledBlock: found at 1290,666 (27x27 0x00B809 tol=5, 0 ms)
2026-07-20 14:01:51 [motherlode] Clicked STABLE target at 1290,666 (search 0 ms)
2026-07-20 14:01:51 [motherlode] FindFilledBlock: found at 1290,692 (27x27 0x00B809 tol=5, 0 ms)
2026-07-20 14:01:51 [motherlode] Tracking not-yet-stable target at 1290,692 (search 0 ms)
2026-07-20 14:01:51 [motherlode] FindFilledBlock: found at 1290,692 (27x27 0x00B809 tol=5, 0 ms)
2026-07-20 14:01:51 [motherlode] Tracking not-yet-stable target at 1290,692 (search 0 ms)
2026-07-20 14:01:52 [motherlode] FindFilledBlock: found at 1290,666 (27x27 0x00B809 tol=5, 0 ms)
2026-07-20 14:01:52 [motherlode] Tracking not-yet-stable target at 1290,666 (search 0 ms)
2026-07-20 14:01:52 [motherlode] FindFilledBlock: found at 1290,666 (27x27 0x00B809 tol=5, 0 ms)
2026-07-20 14:01:52 [motherlode] Tracking not-yet-stable target at 1290,666 (search 0 ms)
2026-07-20 14:01:52 [motherlode] FindFilledBlock: found at 1290,666 (27x27 0x00B809 tol=5, 0 ms)
2026-07-20 14:01:52 [motherlode] Tracking stable target at 1290,666 (cooldown active, search 0 ms)
2026-07-20 14:01:52 [motherlode] FindFilledBlock: found at 1290,666 (27x27 0x00B809 tol=5, 0 ms)
2026-07-20 14:01:52 [motherlode] Tracking stable target at 1290,666 (cooldown active, search 0 ms)
2026-07-20 14:01:52 [motherlode] FindFilledBlock: found at 1290,666 (27x27 0x00B809 tol=5, 0 ms)
2026-07-20 14:01:52 [motherlode] Tracking stable target at 1290,666 (cooldown active, search 0 ms)
2026-07-20 14:01:52 [motherlode] FindFilledBlock: found at 1290,666 (27x27 0x00B809 tol=5, 0 ms)
2026-07-20 14:01:52 [motherlode] Tracking stable target at 1290,666 (cooldown active, search 16 ms)
2026-07-20 14:01:53 [motherlode] FindFilledBlock: found at 1290,666 (27x27 0x00B809 tol=5, 0 ms)
2026-07-20 14:01:53 [motherlode] Tracking stable target at 1290,666 (cooldown active, search 0 ms)
2026-07-20 14:01:53 [motherlode] FindFilledBlock: found at 1290,666 (27x27 0x00B809 tol=5, 0 ms)
2026-07-20 14:01:53 [motherlode] Clicked STABLE target at 1290,666 (search 16 ms)
2026-07-20 14:01:53 [motherlode] FindFilledBlock: found at 1290,692 (27x27 0x00B809 tol=5, 16 ms)
2026-07-20 14:01:53 [motherlode] Tracking not-yet-stable target at 1290,692 (search 16 ms)
2026-07-20 14:01:53 [motherlode] FindFilledBlock: found at 1290,666 (27x27 0x00B809 tol=5, 0 ms)
2026-07-20 14:01:53 [motherlode] Tracking not-yet-stable target at 1290,666 (search 0 ms)
2026-07-20 14:01:53 [motherlode] FindFilledBlock: found at 1290,666 (27x27 0x00B809 tol=5, 0 ms)
2026-07-20 14:01:53 [motherlode] Tracking not-yet-stable target at 1290,666 (search 0 ms)
2026-07-20 14:01:54 [motherlode] FindFilledBlock: found at 1290,666 (27x27 0x00B809 tol=5, 0 ms)
2026-07-20 14:01:54 [motherlode] Tracking stable target at 1290,666 (cooldown active, search 0 ms)
2026-07-20 14:01:54 [motherlode] FindFilledBlock: found at 1290,666 (27x27 0x00B809 tol=5, 16 ms)
2026-07-20 14:01:54 [motherlode] Tracking stable target at 1290,666 (cooldown active, search 16 ms)
2026-07-20 14:01:54 [motherlode] FindFilledBlock: found at 1290,666 (27x27 0x00B809 tol=5, 0 ms)
2026-07-20 14:01:54 [motherlode] Tracking stable target at 1290,666 (cooldown active, search 0 ms)
2026-07-20 14:01:54 [motherlode] FindFilledBlock: found at 1290,666 (27x27 0x00B809 tol=5, 0 ms)
2026-07-20 14:01:54 [motherlode] Tracking stable target at 1290,666 (cooldown active, search 0 ms)
2026-07-20 14:01:54 [motherlode] FindFilledBlock: found at 1290,666 (27x27 0x00B809 tol=5, 0 ms)
2026-07-20 14:01:54 [motherlode] Tracking stable target at 1290,666 (cooldown active, search 0 ms)
2026-07-20 14:01:54 [motherlode] FindFilledBlock: found at 1290,666 (27x27 0x00B809 tol=5, 0 ms)
2026-07-20 14:01:54 [motherlode] Tracking stable target at 1290,666 (cooldown active, search 0 ms)
2026-07-20 14:01:55 [motherlode] FindFilledBlock: found at 1290,666 (27x27 0x00B809 tol=5, 0 ms)
2026-07-20 14:01:55 [motherlode] Clicked STABLE target at 1290,666 (search 0 ms)
2026-07-20 14:01:55 [motherlode] FindFilledBlock: found at 1290,692 (27x27 0x00B809 tol=5, 0 ms)
2026-07-20 14:01:55 [motherlode] Tracking not-yet-stable target at 1290,692 (search 0 ms)
2026-07-20 14:01:55 [motherlode] FindFilledBlock: found at 1290,692 (27x27 0x00B809 tol=5, 16 ms)
2026-07-20 14:01:55 [motherlode] Tracking not-yet-stable target at 1290,692 (search 16 ms)
2026-07-20 14:01:55 [motherlode] FindFilledBlock: found at 1290,666 (27x27 0x00B809 tol=5, 16 ms)
2026-07-20 14:01:55 [motherlode] Tracking not-yet-stable target at 1290,666 (search 16 ms)
2026-07-20 14:01:55 [motherlode] FindFilledBlock: found at 1290,666 (27x27 0x00B809 tol=5, 0 ms)
2026-07-20 14:01:55 [motherlode] Tracking not-yet-stable target at 1290,666 (search 16 ms)
2026-07-20 14:01:56 [motherlode] FindFilledBlock: found at 1290,666 (27x27 0x00B809 tol=5, 15 ms)
2026-07-20 14:01:56 [motherlode] Tracking stable target at 1290,666 (cooldown active, search 15 ms)
2026-07-20 14:01:56 [motherlode] FindFilledBlock: found at 1290,666 (27x27 0x00B809 tol=5, 16 ms)
2026-07-20 14:01:56 [motherlode] Tracking stable target at 1290,666 (cooldown active, search 16 ms)
2026-07-20 14:01:56 [motherlode] FindFilledBlock: found at 1290,666 (27x27 0x00B809 tol=5, 16 ms)
2026-07-20 14:01:56 [motherlode] Tracking stable target at 1290,666 (cooldown active, search 16 ms)
2026-07-20 14:01:56 [motherlode] FindFilledBlock: found at 1290,666 (27x27 0x00B809 tol=5, 0 ms)
2026-07-20 14:01:56 [motherlode] Tracking stable target at 1290,666 (cooldown active, search 0 ms)
2026-07-20 14:01:56 [motherlode] FindFilledBlock: found at 1290,666 (27x27 0x00B809 tol=5, 0 ms)
2026-07-20 14:01:56 [motherlode] Tracking stable target at 1290,666 (cooldown active, search 0 ms)
2026-07-20 14:01:56 [motherlode] FindFilledBlock: found at 1290,666 (27x27 0x00B809 tol=5, 0 ms)
2026-07-20 14:01:57 [motherlode] Clicked STABLE target at 1290,666 (search 0 ms)
2026-07-20 14:01:57 [motherlode] FindFilledBlock: found at 1290,692 (27x27 0x00B809 tol=5, 0 ms)
2026-07-20 14:01:57 [motherlode] Tracking not-yet-stable target at 1290,692 (search 0 ms)
2026-07-20 14:01:57 [motherlode] FindFilledBlock: found at 1290,692 (27x27 0x00B809 tol=5, 0 ms)
2026-07-20 14:01:57 [motherlode] Tracking not-yet-stable target at 1290,692 (search 0 ms)
2026-07-20 14:01:57 [motherlode] FindFilledBlock: found at 1290,666 (27x27 0x00B809 tol=5, 0 ms)
2026-07-20 14:01:57 [motherlode] Tracking not-yet-stable target at 1290,666 (search 0 ms)
2026-07-20 14:01:57 [motherlode] FindFilledBlock: found at 1290,666 (27x27 0x00B809 tol=5, 0 ms)
2026-07-20 14:01:57 [motherlode] Tracking not-yet-stable target at 1290,666 (search 0 ms)
2026-07-20 14:01:57 [motherlode] FindFilledBlock: found at 1290,666 (27x27 0x00B809 tol=5, 0 ms)
2026-07-20 14:01:57 [motherlode] Tracking stable target at 1290,666 (cooldown active, search 0 ms)
2026-07-20 14:01:57 [motherlode] FindFilledBlock: found at 1290,666 (27x27 0x00B809 tol=5, 15 ms)
2026-07-20 14:01:57 [motherlode] Tracking stable target at 1290,666 (cooldown active, search 15 ms)
2026-07-20 14:01:58 [motherlode] FindFilledBlock: found at 1290,666 (27x27 0x00B809 tol=5, 0 ms)
2026-07-20 14:01:58 [motherlode] Tracking stable target at 1290,666 (cooldown active, search 0 ms)
2026-07-20 14:01:58 [motherlode] FindFilledBlock: found at 1290,666 (27x27 0x00B809 tol=5, 16 ms)
2026-07-20 14:01:58 [motherlode] Tracking stable target at 1290,666 (cooldown active, search 16 ms)
2026-07-20 14:01:58 [motherlode] FindFilledBlock: found at 1290,666 (27x27 0x00B809 tol=5, 0 ms)
2026-07-20 14:01:58 [motherlode] Tracking stable target at 1290,666 (cooldown active, search 0 ms)
2026-07-20 14:01:58 [motherlode] FindFilledBlock: found at 1290,666 (27x27 0x00B809 tol=5, 15 ms)
2026-07-20 14:01:58 [motherlode] Clicked STABLE target at 1290,666 (search 15 ms)
2026-07-20 14:01:58 [motherlode] FindFilledBlock: found at 1290,692 (27x27 0x00B809 tol=5, 16 ms)
2026-07-20 14:01:58 [motherlode] Tracking not-yet-stable target at 1290,692 (search 16 ms)
2026-07-20 14:01:59 [motherlode] FindFilledBlock: found at 1290,692 (27x27 0x00B809 tol=5, 15 ms)
2026-07-20 14:01:59 [motherlode] Tracking not-yet-stable target at 1290,692 (search 15 ms)
2026-07-20 14:01:59 [motherlode] FindFilledBlock: found at 1290,666 (27x27 0x00B809 tol=5, 0 ms)
2026-07-20 14:01:59 [motherlode] Tracking not-yet-stable target at 1290,666 (search 0 ms)
2026-07-20 14:01:59 [motherlode] FindFilledBlock: found at 1290,666 (27x27 0x00B809 tol=5, 0 ms)
2026-07-20 14:01:59 [motherlode] Tracking not-yet-stable target at 1290,666 (search 0 ms)
2026-07-20 14:01:59 [motherlode] FindFilledBlock: found at 1290,666 (27x27 0x00B809 tol=5, 15 ms)
2026-07-20 14:01:59 [motherlode] Tracking stable target at 1290,666 (cooldown active, search 15 ms)
2026-07-20 14:01:59 [motherlode] FindFilledBlock: found at 1290,666 (27x27 0x00B809 tol=5, 16 ms)
2026-07-20 14:01:59 [motherlode] Tracking stable target at 1290,666 (cooldown active, search 16 ms)
2026-07-20 14:01:59 [motherlode] FindFilledBlock: found at 1290,666 (27x27 0x00B809 tol=5, 0 ms)
2026-07-20 14:01:59 [motherlode] Tracking stable target at 1290,666 (cooldown active, search 0 ms)
2026-07-20 14:02:00 [motherlode] FindFilledBlock: found at 1290,666 (27x27 0x00B809 tol=5, 0 ms)
2026-07-20 14:02:00 [motherlode] Tracking stable target at 1290,666 (cooldown active, search 0 ms)
2026-07-20 14:02:00 [motherlode] FindFilledBlock: found at 1290,666 (27x27 0x00B809 tol=5, 0 ms)
2026-07-20 14:02:00 [motherlode] Tracking stable target at 1290,666 (cooldown active, search 0 ms)
2026-07-20 14:02:00 [motherlode] FindFilledBlock: found at 1290,666 (27x27 0x00B809 tol=5, 0 ms)
2026-07-20 14:02:00 [motherlode] Clicked STABLE target at 1290,666 (search 0 ms)
2026-07-20 14:02:00 [motherlode] FindFilledBlock: found at 1290,692 (27x27 0x00B809 tol=5, 0 ms)
2026-07-20 14:02:00 [motherlode] Tracking not-yet-stable target at 1290,692 (search 0 ms)
2026-07-20 14:02:00 [motherlode] FindFilledBlock: found at 1290,692 (27x27 0x00B809 tol=5, 0 ms)
2026-07-20 14:02:00 [motherlode] Tracking not-yet-stable target at 1290,692 (search 0 ms)
2026-07-20 14:02:01 [motherlode] FindFilledBlock: found at 1290,666 (27x27 0x00B809 tol=5, 0 ms)
2026-07-20 14:02:01 [motherlode] Tracking not-yet-stable target at 1290,666 (search 0 ms)
2026-07-20 14:02:01 [motherlode] FindFilledBlock: found at 1290,666 (27x27 0x00B809 tol=5, 16 ms)
2026-07-20 14:02:01 [motherlode] Tracking not-yet-stable target at 1290,666 (search 16 ms)
2026-07-20 14:02:01 [motherlode] FindFilledBlock: found at 1290,666 (27x27 0x00B809 tol=5, 16 ms)
2026-07-20 14:02:01 [motherlode] Tracking stable target at 1290,666 (cooldown active, search 16 ms)
2026-07-20 14:02:01 [motherlode] FindFilledBlock: found at 1290,666 (27x27 0x00B809 tol=5, 16 ms)
2026-07-20 14:02:01 [motherlode] Tracking stable target at 1290,666 (cooldown active, search 16 ms)
2026-07-20 14:02:01 [motherlode] FindFilledBlock: found at 1290,666 (27x27 0x00B809 tol=5, 16 ms)
2026-07-20 14:02:01 [motherlode] Tracking stable target at 1290,666 (cooldown active, search 16 ms)
2026-07-20 14:02:01 [motherlode] FindFilledBlock: found at 1290,666 (27x27 0x00B809 tol=5, 15 ms)
2026-07-20 14:02:01 [motherlode] Tracking stable target at 1290,666 (cooldown active, search 15 ms)
2026-07-20 14:02:02 [motherlode] FindFilledBlock: found at 1290,666 (27x27 0x00B809 tol=5, 0 ms)
2026-07-20 14:02:02 [motherlode] Tracking stable target at 1290,666 (cooldown active, search 0 ms)
2026-07-20 14:02:02 [motherlode] FindFilledBlock: found at 1290,666 (27x27 0x00B809 tol=5, 0 ms)
2026-07-20 14:02:02 [motherlode] Clicked STABLE target at 1290,666 (search 0 ms)
2026-07-20 14:02:02 [motherlode] FindFilledBlock: found at 1290,692 (27x27 0x00B809 tol=5, 16 ms)
2026-07-20 14:02:02 [motherlode] Tracking not-yet-stable target at 1290,692 (search 16 ms)
2026-07-20 14:02:02 [motherlode] FindFilledBlock: found at 1290,666 (27x27 0x00B809 tol=5, 0 ms)
2026-07-20 14:02:02 [motherlode] Tracking not-yet-stable target at 1290,666 (search 0 ms)
2026-07-20 14:02:03 [motherlode] FindFilledBlock: found at 1290,666 (27x27 0x00B809 tol=5, 0 ms)
2026-07-20 14:02:03 [motherlode] Tracking not-yet-stable target at 1290,666 (search 0 ms)
2026-07-20 14:02:03 [motherlode] FindFilledBlock: found at 1290,666 (27x27 0x00B809 tol=5, 0 ms)
2026-07-20 14:02:03 [motherlode] Tracking stable target at 1290,666 (cooldown active, search 0 ms)
2026-07-20 14:02:03 [motherlode] FindFilledBlock: found at 1290,666 (27x27 0x00B809 tol=5, 0 ms)
2026-07-20 14:02:03 [motherlode] Tracking stable target at 1290,666 (cooldown active, search 0 ms)
2026-07-20 14:02:03 [motherlode] FindFilledBlock: found at 1290,666 (27x27 0x00B809 tol=5, 0 ms)
2026-07-20 14:02:03 [motherlode] Tracking stable target at 1290,666 (cooldown active, search 0 ms)
2026-07-20 14:02:03 [motherlode] FindFilledBlock: found at 1290,666 (27x27 0x00B809 tol=5, 0 ms)
2026-07-20 14:02:03 [motherlode] Tracking stable target at 1290,666 (cooldown active, search 0 ms)
2026-07-20 14:02:03 [motherlode] FindFilledBlock: found at 1290,666 (27x27 0x00B809 tol=5, 0 ms)
2026-07-20 14:02:03 [motherlode] Tracking stable target at 1290,666 (cooldown active, search 0 ms)
2026-07-20 14:02:03 [motherlode] FindFilledBlock: found at 1290,666 (27x27 0x00B809 tol=5, 0 ms)
2026-07-20 14:02:03 [motherlode] Tracking stable target at 1290,666 (cooldown active, search 0 ms)
2026-07-20 14:02:04 [motherlode] FindFilledBlock: found at 1290,666 (27x27 0x00B809 tol=5, 0 ms)
2026-07-20 14:02:04 [motherlode] Clicked STABLE target at 1290,666 (search 16 ms)
2026-07-20 14:02:04 [motherlode] FindFilledBlock: found at 1290,692 (27x27 0x00B809 tol=5, 0 ms)
2026-07-20 14:02:04 [motherlode] Tracking not-yet-stable target at 1290,692 (search 0 ms)
2026-07-20 14:02:04 [motherlode] FindFilledBlock: found at 1290,692 (27x27 0x00B809 tol=5, 16 ms)
2026-07-20 14:02:04 [motherlode] Tracking not-yet-stable target at 1290,692 (search 16 ms)
2026-07-20 14:02:04 [motherlode] FindFilledBlock: found at 1290,666 (27x27 0x00B809 tol=5, 0 ms)
2026-07-20 14:02:04 [motherlode] Tracking not-yet-stable target at 1290,666 (search 0 ms)
2026-07-20 14:02:04 [motherlode] FindFilledBlock: found at 1290,666 (27x27 0x00B809 tol=5, 15 ms)
2026-07-20 14:02:04 [motherlode] Tracking not-yet-stable target at 1290,666 (search 15 ms)
2026-07-20 14:02:05 [motherlode] FindFilledBlock: found at 1290,666 (27x27 0x00B809 tol=5, 0 ms)
2026-07-20 14:02:05 [motherlode] Tracking stable target at 1290,666 (cooldown active, search 0 ms)
2026-07-20 14:02:05 [motherlode] FindFilledBlock: found at 1290,666 (27x27 0x00B809 tol=5, 16 ms)
2026-07-20 14:02:05 [motherlode] Tracking stable target at 1290,666 (cooldown active, search 16 ms)
2026-07-20 14:02:05 [motherlode] FindFilledBlock: found at 1290,666 (27x27 0x00B809 tol=5, 0 ms)
2026-07-20 14:02:05 [motherlode] Tracking stable target at 1290,666 (cooldown active, search 0 ms)
2026-07-20 14:02:05 [motherlode] FindFilledBlock: found at 1290,666 (27x27 0x00B809 tol=5, 15 ms)
2026-07-20 14:02:05 [motherlode] Tracking stable target at 1290,666 (cooldown active, search 15 ms)
2026-07-20 14:02:05 [motherlode] FindFilledBlock: found at 1290,666 (27x27 0x00B809 tol=5, 0 ms)
2026-07-20 14:02:05 [motherlode] Tracking stable target at 1290,666 (cooldown active, search 0 ms)
2026-07-20 14:02:05 [motherlode] FindFilledBlock: found at 1290,666 (27x27 0x00B809 tol=5, 16 ms)
2026-07-20 14:02:06 [motherlode] Clicked STABLE target at 1290,666 (search 16 ms)
2026-07-20 14:02:06 [motherlode] FindFilledBlock: found at 1290,692 (27x27 0x00B809 tol=5, 15 ms)
2026-07-20 14:02:06 [motherlode] Tracking not-yet-stable target at 1290,692 (search 15 ms)
2026-07-20 14:02:06 [motherlode] FindFilledBlock: found at 1290,666 (27x27 0x00B809 tol=5, 0 ms)
2026-07-20 14:02:06 [motherlode] Tracking not-yet-stable target at 1290,666 (search 0 ms)
2026-07-20 14:02:06 [motherlode] FindFilledBlock: found at 1290,666 (27x27 0x00B809 tol=5, 15 ms)
2026-07-20 14:02:06 [motherlode] Tracking not-yet-stable target at 1290,666 (search 15 ms)
2026-07-20 14:02:06 [motherlode] FindFilledBlock: found at 1290,666 (27x27 0x00B809 tol=5, 0 ms)
2026-07-20 14:02:06 [motherlode] Tracking stable target at 1290,666 (cooldown active, search 0 ms)
2026-07-20 14:02:06 [motherlode] FindFilledBlock: found at 1290,666 (27x27 0x00B809 tol=5, 0 ms)
2026-07-20 14:02:06 [motherlode] Tracking stable target at 1290,666 (cooldown active, search 0 ms)
2026-07-20 14:02:07 [motherlode] FindFilledBlock: found at 1290,666 (27x27 0x00B809 tol=5, 0 ms)
2026-07-20 14:02:07 [motherlode] Tracking stable target at 1290,666 (cooldown active, search 0 ms)
2026-07-20 14:02:07 [motherlode] FindFilledBlock: found at 1290,666 (27x27 0x00B809 tol=5, 0 ms)
2026-07-20 14:02:07 [motherlode] Tracking stable target at 1290,666 (cooldown active, search 0 ms)
2026-07-20 14:02:07 [motherlode] FindFilledBlock: found at 1290,666 (27x27 0x00B809 tol=5, 0 ms)
2026-07-20 14:02:07 [motherlode] Tracking stable target at 1290,666 (cooldown active, search 0 ms)
2026-07-20 14:02:07 [motherlode] FindFilledBlock: found at 1290,666 (27x27 0x00B809 tol=5, 0 ms)
2026-07-20 14:02:07 [motherlode] Tracking stable target at 1290,666 (cooldown active, search 0 ms)
2026-07-20 14:02:07 [motherlode] FindFilledBlock: found at 1290,666 (27x27 0x00B809 tol=5, 0 ms)
2026-07-20 14:02:07 [motherlode] Clicked STABLE target at 1290,666 (search 0 ms)
2026-07-20 14:02:08 [motherlode] FindFilledBlock: found at 1290,692 (27x27 0x00B809 tol=5, 16 ms)
2026-07-20 14:02:08 [motherlode] Tracking not-yet-stable target at 1290,692 (search 16 ms)
2026-07-20 14:02:08 [motherlode] FindFilledBlock: found at 1290,692 (27x27 0x00B809 tol=5, 16 ms)
2026-07-20 14:02:08 [motherlode] Tracking not-yet-stable target at 1290,692 (search 16 ms)
2026-07-20 14:02:08 [motherlode] FindFilledBlock: found at 1290,666 (27x27 0x00B809 tol=5, 15 ms)
2026-07-20 14:02:08 [motherlode] Tracking not-yet-stable target at 1290,666 (search 15 ms)
2026-07-20 14:02:08 [motherlode] FindFilledBlock: found at 1290,666 (27x27 0x00B809 tol=5, 0 ms)
2026-07-20 14:02:08 [motherlode] Tracking not-yet-stable target at 1290,666 (search 0 ms)
2026-07-20 14:02:08 [motherlode] FindFilledBlock: found at 1290,666 (27x27 0x00B809 tol=5, 0 ms)
2026-07-20 14:02:08 [motherlode] Tracking stable target at 1290,666 (cooldown active, search 0 ms)
2026-07-20 14:02:08 [motherlode] FindFilledBlock: found at 1290,666 (27x27 0x00B809 tol=5, 0 ms)
2026-07-20 14:02:08 [motherlode] Tracking stable target at 1290,666 (cooldown active, search 0 ms)
2026-07-20 14:02:09 [motherlode] FindFilledBlock: found at 1290,666 (27x27 0x00B809 tol=5, 0 ms)
2026-07-20 14:02:09 [motherlode] Tracking stable target at 1290,666 (cooldown active, search 0 ms)
2026-07-20 14:02:09 [motherlode] FindFilledBlock: found at 1290,666 (27x27 0x00B809 tol=5, 0 ms)
2026-07-20 14:02:09 [motherlode] Tracking stable target at 1290,666 (cooldown active, search 0 ms)
2026-07-20 14:02:09 [motherlode] FindFilledBlock: found at 1290,666 (27x27 0x00B809 tol=5, 0 ms)
2026-07-20 14:02:09 [motherlode] Tracking stable target at 1290,666 (cooldown active, search 0 ms)
2026-07-20 14:02:09 [motherlode] FindFilledBlock: found at 1290,666 (27x27 0x00B809 tol=5, 0 ms)
2026-07-20 14:02:09 [motherlode] Clicked STABLE target at 1290,666 (search 0 ms)
2026-07-20 14:02:09 [motherlode] FindFilledBlock: found at 1290,692 (27x27 0x00B809 tol=5, 0 ms)
2026-07-20 14:02:09 [motherlode] Tracking not-yet-stable target at 1290,692 (search 0 ms)
2026-07-20 14:02:10 [motherlode] FindFilledBlock: found at 1290,692 (27x27 0x00B809 tol=5, 15 ms)
2026-07-20 14:02:10 [motherlode] Tracking not-yet-stable target at 1290,692 (search 15 ms)
2026-07-20 14:02:10 [motherlode] FindFilledBlock: found at 1290,666 (27x27 0x00B809 tol=5, 0 ms)
2026-07-20 14:02:10 [motherlode] Tracking not-yet-stable target at 1290,666 (search 0 ms)
2026-07-20 14:02:10 [motherlode] FindFilledBlock: found at 1290,666 (27x27 0x00B809 tol=5, 16 ms)
2026-07-20 14:02:10 [motherlode] Tracking not-yet-stable target at 1290,666 (search 16 ms)
2026-07-20 14:02:10 [motherlode] FindFilledBlock: found at 1290,666 (27x27 0x00B809 tol=5, 15 ms)
2026-07-20 14:02:10 [motherlode] Tracking stable target at 1290,666 (cooldown active, search 15 ms)
2026-07-20 14:02:10 [motherlode] FindFilledBlock: found at 1290,666 (27x27 0x00B809 tol=5, 0 ms)
2026-07-20 14:02:10 [motherlode] Tracking stable target at 1290,666 (cooldown active, search 0 ms)
2026-07-20 14:02:10 [motherlode] FindFilledBlock: found at 1290,666 (27x27 0x00B809 tol=5, 15 ms)
2026-07-20 14:02:10 [motherlode] Tracking stable target at 1290,666 (cooldown active, search 15 ms)
2026-07-20 14:02:11 [motherlode] FindFilledBlock: found at 1290,666 (27x27 0x00B809 tol=5, 16 ms)
2026-07-20 14:02:11 [motherlode] Tracking stable target at 1290,666 (cooldown active, search 16 ms)
2026-07-20 14:02:11 [motherlode] FindFilledBlock: found at 1290,666 (27x27 0x00B809 tol=5, 0 ms)
2026-07-20 14:02:11 [motherlode] Tracking stable target at 1290,666 (cooldown active, search 0 ms)
2026-07-20 14:02:11 [motherlode] FindFilledBlock: found at 1290,666 (27x27 0x00B809 tol=5, 0 ms)
2026-07-20 14:02:11 [motherlode] Clicked STABLE target at 1290,666 (search 0 ms)
2026-07-20 14:02:11 [motherlode] FindFilledBlock: found at 1290,692 (27x27 0x00B809 tol=5, 0 ms)
2026-07-20 14:02:11 [motherlode] Tracking not-yet-stable target at 1290,692 (search 0 ms)
2026-07-20 14:02:11 [motherlode] FindFilledBlock: not found (27x27 0x00B809 tol=5, 0 ms)
2026-07-20 14:02:11 [motherlode] Target depleted or lost - re-acquiring (searched 0 ms)
2026-07-20 14:02:12 [motherlode] FindFilledBlock: found at 1294,708 (27x27 0x00FF00 tol=5, 0 ms)
2026-07-20 14:02:12 [motherlode] FindFilledBlock: not found (27x27 0x00B809 tol=5, 15 ms)
2026-07-20 14:02:12 [motherlode] Acquired new target at 1294,708 (0x00FF00, ring 100, 15 ms)
2026-07-20 14:02:12 [motherlode] FindFilledBlock: found at 1294,708 (27x27 0x00FF00 tol=5, 0 ms)
2026-07-20 14:02:12 [motherlode] Clicked initial/re-click target at 1294,708 (search 0 ms)
2026-07-20 14:02:12 [motherlode] FindFilledBlock: found at 1290,734 (27x27 0x00FF00 tol=5, 0 ms)
2026-07-20 14:02:12 [motherlode] Tracking not-yet-stable target at 1290,734 (search 0 ms)
2026-07-20 14:02:12 [motherlode] FindFilledBlock: found at 1290,734 (27x27 0x00FF00 tol=5, 16 ms)
2026-07-20 14:02:12 [motherlode] Tracking not-yet-stable target at 1290,734 (search 16 ms)
2026-07-20 14:02:12 [motherlode] FindFilledBlock: found at 1294,708 (27x27 0x00FF00 tol=5, 0 ms)
2026-07-20 14:02:12 [motherlode] Tracking not-yet-stable target at 1294,708 (search 0 ms)
2026-07-20 14:02:13 [motherlode] FindFilledBlock: found at 1294,708 (27x27 0x00FF00 tol=5, 15 ms)
2026-07-20 14:02:13 [motherlode] Tracking not-yet-stable target at 1294,708 (search 15 ms)
2026-07-20 14:02:13 [motherlode] FindFilledBlock: found at 1294,706 (27x27 0x00FF00 tol=5, 0 ms)
2026-07-20 14:02:13 [motherlode] Tracking stable target at 1294,706 (cooldown active, search 0 ms)
2026-07-20 14:02:13 [motherlode] FindFilledBlock: found at 1294,702 (27x27 0x00FF00 tol=5, 16 ms)
2026-07-20 14:02:13 [motherlode] Tracking stable target at 1294,702 (cooldown active, search 16 ms)
2026-07-20 14:02:13 [motherlode] FindFilledBlock: found at 1294,698 (27x27 0x00FF00 tol=5, 15 ms)
2026-07-20 14:02:13 [motherlode] Tracking stable target at 1294,698 (cooldown active, search 15 ms)
2026-07-20 14:02:13 [motherlode] FindFilledBlock: found at 1294,690 (27x27 0x00FF00 tol=5, 15 ms)
2026-07-20 14:02:13 [motherlode] Tracking not-yet-stable target at 1294,690 (search 15 ms)
2026-07-20 14:02:13 [motherlode] FindFilledBlock: found at 1294,682 (27x27 0x00FF00 tol=5, 16 ms)
2026-07-20 14:02:13 [motherlode] Tracking not-yet-stable target at 1294,682 (search 16 ms)
2026-07-20 14:02:14 [motherlode] FindFilledBlock: found at 1294,676 (27x27 0x00FF00 tol=5, 16 ms)
2026-07-20 14:02:14 [motherlode] Tracking not-yet-stable target at 1294,676 (search 16 ms)
2026-07-20 14:02:14 [motherlode] FindFilledBlock: found at 1292,674 (27x27 0x00FF00 tol=5, 0 ms)
2026-07-20 14:02:14 [motherlode] Tracking not-yet-stable target at 1292,674 (search 0 ms)
2026-07-20 14:02:14 [motherlode] FindFilledBlock: found at 1292,672 (27x27 0x00FF00 tol=5, 0 ms)
2026-07-20 14:02:14 [motherlode] Clicked STABLE target at 1292,672 (search 0 ms)
2026-07-20 14:02:14 [motherlode] FindFilledBlock: found at 1288,698 (27x27 0x00FF00 tol=5, 0 ms)
2026-07-20 14:02:14 [motherlode] Tracking not-yet-stable target at 1288,698 (search 0 ms)
2026-07-20 14:02:14 [motherlode] FindFilledBlock: found at 1292,668 (27x27 0x00FF00 tol=5, 0 ms)
2026-07-20 14:02:14 [motherlode] Tracking not-yet-stable target at 1292,668 (search 0 ms)
2026-07-20 14:02:15 [motherlode] FindFilledBlock: found at 1292,668 (27x27 0x00FF00 tol=5, 16 ms)
2026-07-20 14:02:15 [motherlode] Tracking not-yet-stable target at 1292,668 (search 16 ms)
2026-07-20 14:02:15 [motherlode] FindFilledBlock: found at 1292,668 (27x27 0x00FF00 tol=5, 0 ms)
2026-07-20 14:02:15 [motherlode] Tracking stable target at 1292,668 (cooldown active, search 0 ms)
2026-07-20 14:02:15 [motherlode] FindFilledBlock: found at 1292,668 (27x27 0x00FF00 tol=5, 16 ms)
2026-07-20 14:02:15 [motherlode] Tracking stable target at 1292,668 (cooldown active, search 16 ms)
2026-07-20 14:02:15 [motherlode] FindFilledBlock: found at 1292,668 (27x27 0x00FF00 tol=5, 0 ms)
2026-07-20 14:02:15 [motherlode] Tracking stable target at 1292,668 (cooldown active, search 0 ms)
2026-07-20 14:02:15 [motherlode] FindFilledBlock: found at 1292,668 (27x27 0x00FF00 tol=5, 16 ms)
2026-07-20 14:02:15 [motherlode] Tracking stable target at 1292,668 (cooldown active, search 16 ms)
2026-07-20 14:02:15 [motherlode] FindFilledBlock: found at 1292,668 (27x27 0x00FF00 tol=5, 15 ms)
2026-07-20 14:02:15 [motherlode] Tracking stable target at 1292,668 (cooldown active, search 15 ms)
2026-07-20 14:02:16 [motherlode] FindFilledBlock: found at 1292,668 (27x27 0x00FF00 tol=5, 0 ms)
2026-07-20 14:02:16 [motherlode] Tracking stable target at 1292,668 (cooldown active, search 0 ms)
2026-07-20 14:02:16 [motherlode] FindFilledBlock: found at 1292,668 (27x27 0x00FF00 tol=5, 0 ms)
2026-07-20 14:02:16 [motherlode] Clicked STABLE target at 1292,668 (search 0 ms)
2026-07-20 14:02:16 [motherlode] FindFilledBlock: found at 1290,694 (27x27 0x00FF00 tol=5, 0 ms)
2026-07-20 14:02:16 [motherlode] Tracking not-yet-stable target at 1290,694 (search 0 ms)
2026-07-20 14:02:16 [motherlode] FindFilledBlock: found at 1292,668 (27x27 0x00FF00 tol=5, 0 ms)
2026-07-20 14:02:16 [motherlode] Tracking not-yet-stable target at 1292,668 (search 0 ms)
2026-07-20 14:02:16 [motherlode] FindFilledBlock: found at 1292,668 (27x27 0x00FF00 tol=5, 0 ms)
2026-07-20 14:02:16 [motherlode] Tracking not-yet-stable target at 1292,668 (search 0 ms)
2026-07-20 14:02:17 [motherlode] FindFilledBlock: found at 1292,668 (27x27 0x00FF00 tol=5, 0 ms)
2026-07-20 14:02:17 [motherlode] Tracking stable target at 1292,668 (cooldown active, search 0 ms)
2026-07-20 14:02:17 [motherlode] FindFilledBlock: found at 1292,668 (27x27 0x00FF00 tol=5, 0 ms)
2026-07-20 14:02:17 [motherlode] Tracking stable target at 1292,668 (cooldown active, search 0 ms)
2026-07-20 14:02:17 [motherlode] FindFilledBlock: found at 1292,668 (27x27 0x00FF00 tol=5, 0 ms)
2026-07-20 14:02:17 [motherlode] Tracking stable target at 1292,668 (cooldown active, search 0 ms)
2026-07-20 14:02:17 [motherlode] FindFilledBlock: found at 1292,668 (27x27 0x00FF00 tol=5, 0 ms)
2026-07-20 14:02:17 [motherlode] Tracking stable target at 1292,668 (cooldown active, search 0 ms)
2026-07-20 14:02:17 [motherlode] FindFilledBlock: found at 1292,668 (27x27 0x00FF00 tol=5, 0 ms)
2026-07-20 14:02:17 [motherlode] Tracking stable target at 1292,668 (cooldown active, search 0 ms)
2026-07-20 14:02:17 [motherlode] FindFilledBlock: found at 1292,668 (27x27 0x00FF00 tol=5, 0 ms)
2026-07-20 14:02:17 [motherlode] Tracking stable target at 1292,668 (cooldown active, search 0 ms)
2026-07-20 14:02:18 [motherlode] FindFilledBlock: found at 1292,668 (27x27 0x00FF00 tol=5, 16 ms)
2026-07-20 14:02:18 [motherlode] Clicked STABLE target at 1292,668 (search 16 ms)
2026-07-20 14:02:18 [motherlode] FindFilledBlock: found at 1290,694 (27x27 0x00FF00 tol=5, 16 ms)
2026-07-20 14:02:18 [motherlode] Tracking not-yet-stable target at 1290,694 (search 16 ms)
2026-07-20 14:02:18 [motherlode] FindFilledBlock: found at 1290,694 (27x27 0x00FF00 tol=5, 0 ms)
2026-07-20 14:02:18 [motherlode] Tracking not-yet-stable target at 1290,694 (search 0 ms)
2026-07-20 14:02:18 [motherlode] FindFilledBlock: found at 1292,668 (27x27 0x00FF00 tol=5, 15 ms)
2026-07-20 14:02:18 [motherlode] Tracking not-yet-stable target at 1292,668 (search 15 ms)
2026-07-20 14:02:18 [motherlode] FindFilledBlock: found at 1292,668 (27x27 0x00FF00 tol=5, 16 ms)
2026-07-20 14:02:18 [motherlode] Tracking not-yet-stable target at 1292,668 (search 16 ms)
2026-07-20 14:02:19 [motherlode] FindFilledBlock: found at 1292,668 (27x27 0x00FF00 tol=5, 0 ms)
2026-07-20 14:02:19 [motherlode] Tracking stable target at 1292,668 (cooldown active, search 0 ms)
2026-07-20 14:02:19 [motherlode] FindFilledBlock: found at 1292,668 (27x27 0x00FF00 tol=5, 0 ms)
2026-07-20 14:02:19 [motherlode] Tracking stable target at 1292,668 (cooldown active, search 0 ms)
2026-07-20 14:02:19 [motherlode] FindFilledBlock: found at 1292,668 (27x27 0x00FF00 tol=5, 16 ms)
2026-07-20 14:02:19 [motherlode] Tracking stable target at 1292,668 (cooldown active, search 16 ms)
2026-07-20 14:02:19 [motherlode] FindFilledBlock: found at 1292,668 (27x27 0x00FF00 tol=5, 0 ms)
2026-07-20 14:02:19 [motherlode] Tracking stable target at 1292,668 (cooldown active, search 0 ms)
2026-07-20 14:02:19 [motherlode] FindFilledBlock: found at 1292,668 (27x27 0x00FF00 tol=5, 15 ms)
2026-07-20 14:02:19 [motherlode] Tracking stable target at 1292,668 (cooldown active, search 15 ms)
2026-07-20 14:02:19 [motherlode] FindFilledBlock: found at 1292,668 (27x27 0x00FF00 tol=5, 0 ms)
2026-07-20 14:02:20 [motherlode] Clicked STABLE target at 1292,668 (search 0 ms)
2026-07-20 14:02:20 [motherlode] FindFilledBlock: found at 1290,694 (27x27 0x00FF00 tol=5, 0 ms)
2026-07-20 14:02:20 [motherlode] Tracking not-yet-stable target at 1290,694 (search 0 ms)
2026-07-20 14:02:20 [motherlode] FindFilledBlock: found at 1290,694 (27x27 0x00FF00 tol=5, 16 ms)
2026-07-20 14:02:20 [motherlode] Tracking not-yet-stable target at 1290,694 (search 16 ms)
2026-07-20 14:02:20 [motherlode] FindFilledBlock: found at 1292,668 (27x27 0x00FF00 tol=5, 0 ms)
2026-07-20 14:02:20 [motherlode] Tracking not-yet-stable target at 1292,668 (search 0 ms)
2026-07-20 14:02:20 [motherlode] FindFilledBlock: found at 1292,668 (27x27 0x00FF00 tol=5, 0 ms)
2026-07-20 14:02:20 [motherlode] Tracking not-yet-stable target at 1292,668 (search 0 ms)
2026-07-20 14:02:20 [motherlode] FindFilledBlock: found at 1292,668 (27x27 0x00FF00 tol=5, 16 ms)
2026-07-20 14:02:20 [motherlode] Tracking stable target at 1292,668 (cooldown active, search 16 ms)
2026-07-20 14:02:20 [motherlode] FindFilledBlock: found at 1292,668 (27x27 0x00FF00 tol=5, 16 ms)
2026-07-20 14:02:20 [motherlode] Tracking stable target at 1292,668 (cooldown active, search 16 ms)
2026-07-20 14:02:21 [motherlode] FindFilledBlock: found at 1292,668 (27x27 0x00FF00 tol=5, 15 ms)
2026-07-20 14:02:21 [motherlode] Tracking stable target at 1292,668 (cooldown active, search 15 ms)
2026-07-20 14:02:21 [motherlode] FindFilledBlock: found at 1292,668 (27x27 0x00FF00 tol=5, 16 ms)
2026-07-20 14:02:21 [motherlode] Tracking stable target at 1292,668 (cooldown active, search 16 ms)
2026-07-20 14:02:21 [motherlode] FindFilledBlock: found at 1292,668 (27x27 0x00FF00 tol=5, 0 ms)
2026-07-20 14:02:21 [motherlode] Tracking stable target at 1292,668 (cooldown active, search 0 ms)
2026-07-20 14:02:21 [motherlode] FindFilledBlock: found at 1292,668 (27x27 0x00FF00 tol=5, 0 ms)
2026-07-20 14:02:21 [motherlode] Clicked STABLE target at 1292,668 (search 0 ms)
2026-07-20 14:02:22 [motherlode] FindFilledBlock: found at 1290,694 (27x27 0x00FF00 tol=5, 0 ms)
2026-07-20 14:02:22 [motherlode] Tracking not-yet-stable target at 1290,694 (search 0 ms)
2026-07-20 14:02:22 [motherlode] FindFilledBlock: found at 1290,694 (27x27 0x00FF00 tol=5, 0 ms)
2026-07-20 14:02:22 [motherlode] Tracking not-yet-stable target at 1290,694 (search 0 ms)
2026-07-20 14:02:22 [motherlode] FindFilledBlock: found at 1292,668 (27x27 0x00FF00 tol=5, 0 ms)
2026-07-20 14:02:22 [motherlode] Tracking not-yet-stable target at 1292,668 (search 0 ms)
2026-07-20 14:02:22 [motherlode] FindFilledBlock: found at 1292,668 (27x27 0x00FF00 tol=5, 16 ms)
2026-07-20 14:02:22 [motherlode] Tracking not-yet-stable target at 1292,668 (search 16 ms)
2026-07-20 14:02:22 [motherlode] FindFilledBlock: found at 1292,668 (27x27 0x00FF00 tol=5, 0 ms)
2026-07-20 14:02:22 [motherlode] Tracking stable target at 1292,668 (cooldown active, search 0 ms)
2026-07-20 14:02:22 [motherlode] FindFilledBlock: found at 1292,668 (27x27 0x00FF00 tol=5, 0 ms)
2026-07-20 14:02:22 [motherlode] Tracking stable target at 1292,668 (cooldown active, search 16 ms)
2026-07-20 14:02:22 [motherlode] FindFilledBlock: found at 1292,668 (27x27 0x00FF00 tol=5, 0 ms)
2026-07-20 14:02:22 [motherlode] Tracking stable target at 1292,668 (cooldown active, search 0 ms)
2026-07-20 14:02:23 [motherlode] FindFilledBlock: found at 1292,668 (27x27 0x00FF00 tol=5, 0 ms)
2026-07-20 14:02:23 [motherlode] Tracking stable target at 1292,668 (cooldown active, search 0 ms)
2026-07-20 14:02:23 [motherlode] FindFilledBlock: found at 1292,668 (27x27 0x00FF00 tol=5, 0 ms)
2026-07-20 14:02:23 [motherlode] Tracking stable target at 1292,668 (cooldown active, search 0 ms)
2026-07-20 14:02:23 [motherlode] FindFilledBlock: found at 1292,668 (27x27 0x00FF00 tol=5, 16 ms)
2026-07-20 14:02:23 [motherlode] Clicked STABLE target at 1292,668 (search 16 ms)
2026-07-20 14:02:23 [motherlode] FindFilledBlock: found at 1290,694 (27x27 0x00FF00 tol=5, 15 ms)
2026-07-20 14:02:23 [motherlode] Tracking not-yet-stable target at 1290,694 (search 15 ms)
2026-07-20 14:02:23 [motherlode] FindFilledBlock: found at 1292,668 (27x27 0x00FF00 tol=5, 16 ms)
2026-07-20 14:02:23 [motherlode] Tracking not-yet-stable target at 1292,668 (search 16 ms)
2026-07-20 14:02:24 [motherlode] FindFilledBlock: found at 1292,668 (27x27 0x00FF00 tol=5, 15 ms)
2026-07-20 14:02:24 [motherlode] Tracking not-yet-stable target at 1292,668 (search 15 ms)
2026-07-20 14:02:24 [motherlode] FindFilledBlock: found at 1292,668 (27x27 0x00FF00 tol=5, 0 ms)
2026-07-20 14:02:24 [motherlode] Tracking stable target at 1292,668 (cooldown active, search 0 ms)
2026-07-20 14:02:24 [motherlode] FindFilledBlock: found at 1292,668 (27x27 0x00FF00 tol=5, 0 ms)
2026-07-20 14:02:24 [motherlode] Tracking stable target at 1292,668 (cooldown active, search 0 ms)
2026-07-20 14:02:24 [motherlode] FindFilledBlock: found at 1292,668 (27x27 0x00FF00 tol=5, 0 ms)
2026-07-20 14:02:24 [motherlode] Tracking stable target at 1292,668 (cooldown active, search 0 ms)
2026-07-20 14:02:24 [motherlode] FindFilledBlock: found at 1292,668 (27x27 0x00FF00 tol=5, 15 ms)
2026-07-20 14:02:24 [motherlode] Tracking stable target at 1292,668 (cooldown active, search 15 ms)
2026-07-20 14:02:24 [motherlode] FindFilledBlock: found at 1292,668 (27x27 0x00FF00 tol=5, 0 ms)
2026-07-20 14:02:24 [motherlode] Tracking stable target at 1292,668 (cooldown active, search 0 ms)
2026-07-20 14:02:25 [motherlode] FindFilledBlock: found at 1292,668 (27x27 0x00FF00 tol=5, 0 ms)
2026-07-20 14:02:25 [motherlode] Tracking stable target at 1292,668 (cooldown active, search 0 ms)
2026-07-20 14:02:25 [motherlode] FindFilledBlock: found at 1292,668 (27x27 0x00FF00 tol=5, 0 ms)
2026-07-20 14:02:25 [motherlode] Clicked STABLE target at 1292,668 (search 0 ms)
2026-07-20 14:02:25 [motherlode] FindFilledBlock: found at 1290,694 (27x27 0x00FF00 tol=5, 16 ms)
2026-07-20 14:02:25 [motherlode] Tracking not-yet-stable target at 1290,694 (search 16 ms)
2026-07-20 14:02:25 [motherlode] FindFilledBlock: found at 1290,694 (27x27 0x00FF00 tol=5, 0 ms)
2026-07-20 14:02:25 [motherlode] Tracking not-yet-stable target at 1290,694 (search 0 ms)
2026-07-20 14:02:25 [motherlode] FindFilledBlock: found at 1292,668 (27x27 0x00FF00 tol=5, 15 ms)
2026-07-20 14:02:25 [motherlode] Tracking not-yet-stable target at 1292,668 (search 15 ms)
2026-07-20 14:02:26 [motherlode] FindFilledBlock: found at 1292,668 (27x27 0x00FF00 tol=5, 16 ms)
2026-07-20 14:02:26 [motherlode] Tracking not-yet-stable target at 1292,668 (search 16 ms)
2026-07-20 14:02:26 [motherlode] FindFilledBlock: found at 1292,668 (27x27 0x00FF00 tol=5, 16 ms)
2026-07-20 14:02:26 [motherlode] Tracking stable target at 1292,668 (cooldown active, search 16 ms)
2026-07-20 14:02:26 [motherlode] FindFilledBlock: found at 1292,668 (27x27 0x00FF00 tol=5, 15 ms)
2026-07-20 14:02:26 [motherlode] Tracking stable target at 1292,668 (cooldown active, search 15 ms)
2026-07-20 14:02:26 [motherlode] FindFilledBlock: found at 1292,668 (27x27 0x00FF00 tol=5, 16 ms)
2026-07-20 14:02:26 [motherlode] Tracking stable target at 1292,668 (cooldown active, search 16 ms)
2026-07-20 14:02:26 [motherlode] FindFilledBlock: found at 1292,668 (27x27 0x00FF00 tol=5, 0 ms)
2026-07-20 14:02:26 [motherlode] Tracking stable target at 1292,668 (cooldown active, search 0 ms)
2026-07-20 14:02:26 [motherlode] FindFilledBlock: found at 1292,668 (27x27 0x00FF00 tol=5, 0 ms)
2026-07-20 14:02:26 [motherlode] Tracking stable target at 1292,668 (cooldown active, search 0 ms)
2026-07-20 14:02:27 [motherlode] FindFilledBlock: found at 1292,668 (27x27 0x00FF00 tol=5, 0 ms)
2026-07-20 14:02:27 [motherlode] Clicked STABLE target at 1292,668 (search 0 ms)
2026-07-20 14:02:27 [motherlode] FindFilledBlock: found at 1290,694 (27x27 0x00FF00 tol=5, 0 ms)
2026-07-20 14:02:27 [motherlode] Tracking not-yet-stable target at 1290,694 (search 0 ms)
2026-07-20 14:02:27 [motherlode] FindFilledBlock: found at 1290,694 (27x27 0x00FF00 tol=5, 0 ms)
2026-07-20 14:02:27 [motherlode] Tracking not-yet-stable target at 1290,694 (search 0 ms)
2026-07-20 14:02:27 [motherlode] FindFilledBlock: found at 1292,668 (27x27 0x00FF00 tol=5, 0 ms)
2026-07-20 14:02:27 [motherlode] Tracking not-yet-stable target at 1292,668 (search 0 ms)
2026-07-20 14:02:27 [motherlode] FindFilledBlock: found at 1292,668 (27x27 0x00FF00 tol=5, 0 ms)
2026-07-20 14:02:27 [motherlode] Tracking not-yet-stable target at 1292,668 (search 16 ms)
2026-07-20 14:02:28 [motherlode] FindFilledBlock: found at 1292,668 (27x27 0x00FF00 tol=5, 0 ms)
2026-07-20 14:02:28 [motherlode] Tracking stable target at 1292,668 (cooldown active, search 0 ms)
2026-07-20 14:02:28 [motherlode] FindFilledBlock: found at 1292,668 (27x27 0x00FF00 tol=5, 16 ms)
2026-07-20 14:02:28 [motherlode] Tracking stable target at 1292,668 (cooldown active, search 16 ms)
2026-07-20 14:02:28 [motherlode] FindFilledBlock: found at 1292,668 (27x27 0x00FF00 tol=5, 16 ms)
2026-07-20 14:02:28 [motherlode] Tracking stable target at 1292,668 (cooldown active, search 16 ms)
2026-07-20 14:02:28 [motherlode] FindFilledBlock: found at 1292,668 (27x27 0x00FF00 tol=5, 16 ms)
2026-07-20 14:02:28 [motherlode] Tracking stable target at 1292,668 (cooldown active, search 16 ms)
2026-07-20 14:02:28 [motherlode] FindFilledBlock: found at 1292,668 (27x27 0x00FF00 tol=5, 15 ms)
2026-07-20 14:02:28 [motherlode] Tracking stable target at 1292,668 (cooldown active, search 15 ms)
2026-07-20 14:02:28 [motherlode] FindFilledBlock: found at 1292,668 (27x27 0x00FF00 tol=5, 16 ms)
2026-07-20 14:02:29 [motherlode] Clicked STABLE target at 1292,668 (search 16 ms)
2026-07-20 14:02:29 [motherlode] FindFilledBlock: found at 1290,694 (27x27 0x00FF00 tol=5, 0 ms)
2026-07-20 14:02:29 [motherlode] Tracking not-yet-stable target at 1290,694 (search 0 ms)
2026-07-20 14:02:29 [motherlode] FindFilledBlock: found at 1292,668 (27x27 0x00FF00 tol=5, 16 ms)
2026-07-20 14:02:29 [motherlode] Tracking not-yet-stable target at 1292,668 (search 16 ms)
2026-07-20 14:02:29 [motherlode] FindFilledBlock: found at 1292,668 (27x27 0x00FF00 tol=5, 0 ms)
2026-07-20 14:02:29 [motherlode] Tracking not-yet-stable target at 1292,668 (search 0 ms)
2026-07-20 14:02:29 [motherlode] FindFilledBlock: found at 1292,668 (27x27 0x00FF00 tol=5, 0 ms)
2026-07-20 14:02:29 [motherlode] Tracking stable target at 1292,668 (cooldown active, search 0 ms)
2026-07-20 14:02:29 [motherlode] FindFilledBlock: found at 1292,668 (27x27 0x00FF00 tol=5, 16 ms)
2026-07-20 14:02:30 [motherlode] Tracking stable target at 1292,668 (cooldown active, search 16 ms)
2026-07-20 14:02:30 [motherlode] FindFilledBlock: found at 1292,668 (27x27 0x00FF00 tol=5, 16 ms)
2026-07-20 14:02:30 [motherlode] Tracking stable target at 1292,668 (cooldown active, search 16 ms)
2026-07-20 14:02:30 [motherlode] FindFilledBlock: found at 1292,668 (27x27 0x00FF00 tol=5, 0 ms)
2026-07-20 14:02:30 [motherlode] Tracking stable target at 1292,668 (cooldown active, search 0 ms)
2026-07-20 14:02:30 [motherlode] FindFilledBlock: found at 1292,668 (27x27 0x00FF00 tol=5, 0 ms)
2026-07-20 14:02:30 [motherlode] Tracking stable target at 1292,668 (cooldown active, search 0 ms)
2026-07-20 14:02:30 [motherlode] FindFilledBlock: found at 1292,668 (27x27 0x00FF00 tol=5, 16 ms)
2026-07-20 14:02:30 [motherlode] Clicked STABLE target at 1292,668 (search 16 ms)
2026-07-20 14:02:31 [motherlode] FindFilledBlock: found at 1290,694 (27x27 0x00FF00 tol=5, 0 ms)
2026-07-20 14:02:31 [motherlode] Tracking not-yet-stable target at 1290,694 (search 0 ms)
2026-07-20 14:02:31 [motherlode] FindFilledBlock: found at 1290,694 (27x27 0x00FF00 tol=5, 0 ms)
2026-07-20 14:02:31 [motherlode] Tracking not-yet-stable target at 1290,694 (search 0 ms)
2026-07-20 14:02:31 [motherlode] FindFilledBlock: found at 1292,668 (27x27 0x00FF00 tol=5, 16 ms)
2026-07-20 14:02:31 [motherlode] Tracking not-yet-stable target at 1292,668 (search 16 ms)
2026-07-20 14:02:31 [motherlode] FindFilledBlock: found at 1292,668 (27x27 0x00FF00 tol=5, 0 ms)
2026-07-20 14:02:31 [motherlode] Tracking not-yet-stable target at 1292,668 (search 0 ms)
2026-07-20 14:02:31 [motherlode] FindFilledBlock: found at 1292,668 (27x27 0x00FF00 tol=5, 16 ms)
2026-07-20 14:02:31 [motherlode] Tracking stable target at 1292,668 (cooldown active, search 16 ms)
2026-07-20 14:02:31 [motherlode] FindFilledBlock: found at 1292,668 (27x27 0x00FF00 tol=5, 16 ms)
2026-07-20 14:02:31 [motherlode] Tracking stable target at 1292,668 (cooldown active, search 16 ms)
2026-07-20 14:02:31 [motherlode] FindFilledBlock: found at 1292,668 (27x27 0x00FF00 tol=5, 0 ms)
2026-07-20 14:02:31 [motherlode] Tracking stable target at 1292,668 (cooldown active, search 0 ms)
2026-07-20 14:02:32 [motherlode] FindFilledBlock: found at 1292,668 (27x27 0x00FF00 tol=5, 15 ms)
2026-07-20 14:02:32 [motherlode] Tracking stable target at 1292,668 (cooldown active, search 15 ms)
2026-07-20 14:02:32 [motherlode] FindFilledBlock: found at 1292,668 (27x27 0x00FF00 tol=5, 15 ms)
2026-07-20 14:02:32 [motherlode] Tracking stable target at 1292,668 (cooldown active, search 15 ms)
2026-07-20 14:02:32 [motherlode] FindFilledBlock: found at 1292,668 (27x27 0x00FF00 tol=5, 0 ms)
2026-07-20 14:02:32 [motherlode] Clicked STABLE target at 1292,668 (search 0 ms)
2026-07-20 14:02:32 [motherlode] FindFilledBlock: found at 1290,694 (27x27 0x00FF00 tol=5, 0 ms)
2026-07-20 14:02:32 [motherlode] Tracking not-yet-stable target at 1290,694 (search 0 ms)
2026-07-20 14:02:32 [motherlode] FindFilledBlock: found at 1290,694 (27x27 0x00FF00 tol=5, 0 ms)
2026-07-20 14:02:32 [motherlode] Tracking not-yet-stable target at 1290,694 (search 0 ms)
2026-07-20 14:02:33 [motherlode] FindFilledBlock: found at 1292,668 (27x27 0x00FF00 tol=5, 16 ms)
2026-07-20 14:02:33 [motherlode] Tracking not-yet-stable target at 1292,668 (search 16 ms)
2026-07-20 14:02:33 [motherlode] FindFilledBlock: found at 1292,668 (27x27 0x00FF00 tol=5, 15 ms)
2026-07-20 14:02:33 [motherlode] Tracking not-yet-stable target at 1292,668 (search 15 ms)
2026-07-20 14:02:33 [motherlode] FindFilledBlock: found at 1292,668 (27x27 0x00FF00 tol=5, 15 ms)
2026-07-20 14:02:33 [motherlode] Tracking stable target at 1292,668 (cooldown active, search 15 ms)
2026-07-20 14:02:33 [motherlode] FindFilledBlock: found at 1292,668 (27x27 0x00FF00 tol=5, 16 ms)
2026-07-20 14:02:33 [motherlode] Tracking stable target at 1292,668 (cooldown active, search 16 ms)
2026-07-20 14:02:33 [motherlode] FindFilledBlock: found at 1292,668 (27x27 0x00FF00 tol=5, 16 ms)
2026-07-20 14:02:33 [motherlode] Tracking stable target at 1292,668 (cooldown active, search 16 ms)
2026-07-20 14:02:33 [motherlode] FindFilledBlock: found at 1292,668 (27x27 0x00FF00 tol=5, 15 ms)
2026-07-20 14:02:33 [motherlode] Tracking stable target at 1292,668 (cooldown active, search 15 ms)
2026-07-20 14:02:34 [motherlode] FindFilledBlock: found at 1292,668 (27x27 0x00FF00 tol=5, 15 ms)
2026-07-20 14:02:34 [motherlode] Tracking stable target at 1292,668 (cooldown active, search 15 ms)
2026-07-20 14:02:34 [motherlode] FindFilledBlock: found at 1292,668 (27x27 0x00FF00 tol=5, 16 ms)
2026-07-20 14:02:34 [motherlode] Clicked STABLE target at 1292,668 (search 16 ms)
2026-07-20 14:02:34 [motherlode] FindFilledBlock: found at 1290,694 (27x27 0x00FF00 tol=5, 15 ms)
2026-07-20 14:02:34 [motherlode] Tracking not-yet-stable target at 1290,694 (search 15 ms)
2026-07-20 14:02:34 [motherlode] FindFilledBlock: found at 1290,694 (27x27 0x00FF00 tol=5, 16 ms)
2026-07-20 14:02:34 [motherlode] Tracking not-yet-stable target at 1290,694 (search 16 ms)
2026-07-20 14:02:34 [motherlode] FindFilledBlock: found at 1292,668 (27x27 0x00FF00 tol=5, 0 ms)
2026-07-20 14:02:34 [motherlode] Tracking not-yet-stable target at 1292,668 (search 0 ms)
2026-07-20 14:02:35 [motherlode] FindFilledBlock: found at 1292,668 (27x27 0x00FF00 tol=5, 0 ms)
2026-07-20 14:02:35 [motherlode] Tracking not-yet-stable target at 1292,668 (search 0 ms)
2026-07-20 14:02:35 [motherlode] FindFilledBlock: found at 1292,668 (27x27 0x00FF00 tol=5, 0 ms)
2026-07-20 14:02:35 [motherlode] Tracking stable target at 1292,668 (cooldown active, search 0 ms)
2026-07-20 14:02:35 [motherlode] FindFilledBlock: found at 1292,668 (27x27 0x00FF00 tol=5, 0 ms)
2026-07-20 14:02:35 [motherlode] Tracking stable target at 1292,668 (cooldown active, search 0 ms)
2026-07-20 14:02:35 [motherlode] FindFilledBlock: found at 1292,668 (27x27 0x00FF00 tol=5, 0 ms)
2026-07-20 14:02:35 [motherlode] Tracking stable target at 1292,668 (cooldown active, search 0 ms)
2026-07-20 14:02:35 [motherlode] FindFilledBlock: found at 1292,668 (27x27 0x00FF00 tol=5, 0 ms)
2026-07-20 14:02:35 [motherlode] Tracking stable target at 1292,668 (cooldown active, search 0 ms)
2026-07-20 14:02:35 [motherlode] FindFilledBlock: found at 1292,668 (27x27 0x00FF00 tol=5, 0 ms)
2026-07-20 14:02:35 [motherlode] Tracking stable target at 1292,668 (cooldown active, search 0 ms)
2026-07-20 14:02:36 [motherlode] FindFilledBlock: found at 1292,668 (27x27 0x00FF00 tol=5, 15 ms)
2026-07-20 14:02:36 [motherlode] Clicked STABLE target at 1292,668 (search 15 ms)
2026-07-20 14:02:36 [motherlode] FindFilledBlock: found at 1290,694 (27x27 0x00FF00 tol=5, 16 ms)
2026-07-20 14:02:36 [motherlode] Tracking not-yet-stable target at 1290,694 (search 16 ms)
2026-07-20 14:02:36 [motherlode] FindFilledBlock: found at 1292,668 (27x27 0x00FF00 tol=5, 0 ms)
2026-07-20 14:02:36 [motherlode] Tracking not-yet-stable target at 1292,668 (search 0 ms)
2026-07-20 14:02:36 [motherlode] FindFilledBlock: found at 1292,668 (27x27 0x00FF00 tol=5, 16 ms)
2026-07-20 14:02:36 [motherlode] Tracking not-yet-stable target at 1292,668 (search 16 ms)
2026-07-20 14:02:36 [motherlode] FindFilledBlock: found at 1292,668 (27x27 0x00FF00 tol=5, 16 ms)
2026-07-20 14:02:36 [motherlode] Tracking stable target at 1292,668 (cooldown active, search 16 ms)
2026-07-20 14:02:37 [motherlode] FindFilledBlock: found at 1292,668 (27x27 0x00FF00 tol=5, 0 ms)
2026-07-20 14:02:37 [motherlode] Tracking stable target at 1292,668 (cooldown active, search 0 ms)
2026-07-20 14:02:37 [motherlode] FindFilledBlock: found at 1292,668 (27x27 0x00FF00 tol=5, 0 ms)
2026-07-20 14:02:37 [motherlode] Tracking stable target at 1292,668 (cooldown active, search 0 ms)
2026-07-20 14:02:37 [motherlode] FindFilledBlock: found at 1292,668 (27x27 0x00FF00 tol=5, 0 ms)
2026-07-20 14:02:37 [motherlode] Tracking stable target at 1292,668 (cooldown active, search 16 ms)
2026-07-20 14:02:37 [motherlode] FindFilledBlock: found at 1292,668 (27x27 0x00FF00 tol=5, 0 ms)
2026-07-20 14:02:37 [motherlode] Tracking stable target at 1292,668 (cooldown active, search 0 ms)
2026-07-20 14:02:37 [motherlode] FindFilledBlock: found at 1292,668 (27x27 0x00FF00 tol=5, 16 ms)
2026-07-20 14:02:37 [motherlode] Tracking stable target at 1292,668 (cooldown active, search 16 ms)
2026-07-20 14:02:37 [motherlode] FindFilledBlock: found at 1292,668 (27x27 0x00FF00 tol=5, 16 ms)
2026-07-20 14:02:38 [motherlode] Clicked STABLE target at 1292,668 (search 16 ms)
2026-07-20 14:02:38 [motherlode] FindFilledBlock: found at 1290,694 (27x27 0x00FF00 tol=5, 16 ms)
2026-07-20 14:02:38 [motherlode] Tracking not-yet-stable target at 1290,694 (search 16 ms)
2026-07-20 14:02:38 [motherlode] FindFilledBlock: found at 1292,668 (27x27 0x00FF00 tol=5, 0 ms)
2026-07-20 14:02:38 [motherlode] Tracking not-yet-stable target at 1292,668 (search 0 ms)
2026-07-20 14:02:38 [motherlode] FindFilledBlock: found at 1292,668 (27x27 0x00FF00 tol=5, 0 ms)
2026-07-20 14:02:38 [motherlode] Tracking not-yet-stable target at 1292,668 (search 0 ms)
2026-07-20 14:02:38 [motherlode] FindFilledBlock: found at 1292,668 (27x27 0x00FF00 tol=5, 0 ms)
2026-07-20 14:02:38 [motherlode] Tracking stable target at 1292,668 (cooldown active, search 0 ms)
2026-07-20 14:02:39 [motherlode] FindFilledBlock: found at 1292,668 (27x27 0x00FF00 tol=5, 0 ms)
2026-07-20 14:02:39 [motherlode] Tracking stable target at 1292,668 (cooldown active, search 0 ms)
2026-07-20 14:02:39 [motherlode] FindFilledBlock: found at 1292,668 (27x27 0x00FF00 tol=5, 0 ms)
2026-07-20 14:02:39 [motherlode] Tracking stable target at 1292,668 (cooldown active, search 16 ms)
2026-07-20 14:02:39 [motherlode] FindFilledBlock: found at 1292,668 (27x27 0x00FF00 tol=5, 16 ms)
2026-07-20 14:02:39 [motherlode] Tracking stable target at 1292,668 (cooldown active, search 16 ms)
2026-07-20 14:02:39 [motherlode] FindFilledBlock: found at 1292,668 (27x27 0x00FF00 tol=5, 0 ms)
2026-07-20 14:02:39 [motherlode] Tracking stable target at 1292,668 (cooldown active, search 0 ms)
2026-07-20 14:02:39 [motherlode] FindFilledBlock: found at 1292,668 (27x27 0x00FF00 tol=5, 15 ms)
2026-07-20 14:02:39 [motherlode] Tracking stable target at 1292,668 (cooldown active, search 15 ms)
2026-07-20 14:02:39 [motherlode] FindFilledBlock: found at 1292,668 (27x27 0x00FF00 tol=5, 0 ms)
2026-07-20 14:02:40 [motherlode] Clicked STABLE target at 1292,668 (search 16 ms)
2026-07-20 14:02:40 [motherlode] FindFilledBlock: found at 1290,694 (27x27 0x00FF00 tol=5, 16 ms)
2026-07-20 14:02:40 [motherlode] Tracking not-yet-stable target at 1290,694 (search 16 ms)
2026-07-20 14:02:40 [motherlode] FindFilledBlock: found at 1290,694 (27x27 0x00FF00 tol=5, 16 ms)
2026-07-20 14:02:40 [motherlode] Tracking not-yet-stable target at 1290,694 (search 16 ms)
2026-07-20 14:02:40 [motherlode] FindFilledBlock: found at 1292,668 (27x27 0x00FF00 tol=5, 16 ms)
2026-07-20 14:02:40 [motherlode] Tracking not-yet-stable target at 1292,668 (search 16 ms)
2026-07-20 14:02:40 [motherlode] FindFilledBlock: found at 1292,668 (27x27 0x00FF00 tol=5, 0 ms)
2026-07-20 14:02:40 [motherlode] Tracking not-yet-stable target at 1292,668 (search 0 ms)
2026-07-20 14:02:40 [motherlode] FindFilledBlock: found at 1292,668 (27x27 0x00FF00 tol=5, 15 ms)
2026-07-20 14:02:40 [motherlode] Tracking stable target at 1292,668 (cooldown active, search 15 ms)
2026-07-20 14:02:40 [motherlode] FindFilledBlock: found at 1292,668 (27x27 0x00FF00 tol=5, 0 ms)
2026-07-20 14:02:40 [motherlode] Tracking stable target at 1292,668 (cooldown active, search 0 ms)
2026-07-20 14:02:41 [motherlode] FindFilledBlock: found at 1292,668 (27x27 0x00FF00 tol=5, 0 ms)
2026-07-20 14:02:41 [motherlode] Tracking stable target at 1292,668 (cooldown active, search 0 ms)
2026-07-20 14:02:41 [motherlode] FindFilledBlock: found at 1292,668 (27x27 0x00FF00 tol=5, 0 ms)
2026-07-20 14:02:41 [motherlode] Tracking stable target at 1292,668 (cooldown active, search 0 ms)
2026-07-20 14:02:41 [motherlode] FindFilledBlock: found at 1292,668 (27x27 0x00FF00 tol=5, 0 ms)
2026-07-20 14:02:41 [motherlode] Tracking stable target at 1292,668 (cooldown active, search 0 ms)
2026-07-20 14:02:41 [motherlode] FindFilledBlock: found at 1292,668 (27x27 0x00FF00 tol=5, 15 ms)
2026-07-20 14:02:41 [motherlode] Clicked STABLE target at 1292,668 (search 15 ms)
2026-07-20 14:02:41 [motherlode] FindFilledBlock: found at 1290,694 (27x27 0x00FF00 tol=5, 16 ms)
2026-07-20 14:02:41 [motherlode] Tracking not-yet-stable target at 1290,694 (search 16 ms)
2026-07-20 14:02:42 [motherlode] FindFilledBlock: found at 1290,694 (27x27 0x00FF00 tol=5, 15 ms)
2026-07-20 14:02:42 [motherlode] Tracking not-yet-stable target at 1290,694 (search 15 ms)
2026-07-20 14:02:42 [motherlode] FindFilledBlock: found at 1292,668 (27x27 0x00FF00 tol=5, 16 ms)
2026-07-20 14:02:42 [motherlode] Tracking not-yet-stable target at 1292,668 (search 16 ms)
2026-07-20 14:02:42 [motherlode] FindFilledBlock: found at 1292,668 (27x27 0x00FF00 tol=5, 15 ms)
2026-07-20 14:02:42 [motherlode] Tracking not-yet-stable target at 1292,668 (search 15 ms)
2026-07-20 14:02:42 [motherlode] FindFilledBlock: found at 1292,668 (27x27 0x00FF00 tol=5, 16 ms)
2026-07-20 14:02:42 [motherlode] Tracking stable target at 1292,668 (cooldown active, search 16 ms)
2026-07-20 14:02:42 [motherlode] FindFilledBlock: found at 1292,668 (27x27 0x00FF00 tol=5, 16 ms)
2026-07-20 14:02:42 [motherlode] Tracking stable target at 1292,668 (cooldown active, search 16 ms)
2026-07-20 14:02:42 [motherlode] FindFilledBlock: found at 1292,668 (27x27 0x00FF00 tol=5, 15 ms)
2026-07-20 14:02:42 [motherlode] Tracking stable target at 1292,668 (cooldown active, search 15 ms)
2026-07-20 14:02:43 [motherlode] FindFilledBlock: found at 1292,668 (27x27 0x00FF00 tol=5, 0 ms)
2026-07-20 14:02:43 [motherlode] Tracking stable target at 1292,668 (cooldown active, search 0 ms)
2026-07-20 14:02:43 [motherlode] FindFilledBlock: found at 1292,668 (27x27 0x00FF00 tol=5, 0 ms)
2026-07-20 14:02:43 [motherlode] Tracking stable target at 1292,668 (cooldown active, search 0 ms)
2026-07-20 14:02:43 [motherlode] FindFilledBlock: found at 1292,668 (27x27 0x00FF00 tol=5, 0 ms)
2026-07-20 14:02:43 [motherlode] Clicked STABLE target at 1292,668 (search 0 ms)
2026-07-20 14:02:43 [motherlode] FindFilledBlock: found at 1290,694 (27x27 0x00FF00 tol=5, 0 ms)
2026-07-20 14:02:43 [motherlode] Tracking not-yet-stable target at 1290,694 (search 0 ms)
2026-07-20 14:02:43 [motherlode] FindFilledBlock: found at 1290,694 (27x27 0x00FF00 tol=5, 15 ms)
2026-07-20 14:02:43 [motherlode] Tracking not-yet-stable target at 1290,694 (search 15 ms)
2026-07-20 14:02:44 [motherlode] FindFilledBlock: found at 1292,668 (27x27 0x00FF00 tol=5, 16 ms)
2026-07-20 14:02:44 [motherlode] Tracking not-yet-stable target at 1292,668 (search 16 ms)
2026-07-20 14:02:44 [motherlode] FindFilledBlock: found at 1292,668 (27x27 0x00FF00 tol=5, 16 ms)
2026-07-20 14:02:44 [motherlode] Tracking not-yet-stable target at 1292,668 (search 16 ms)
2026-07-20 14:02:44 [motherlode] FindFilledBlock: found at 1292,668 (27x27 0x00FF00 tol=5, 15 ms)
2026-07-20 14:02:44 [motherlode] Tracking stable target at 1292,668 (cooldown active, search 15 ms)
2026-07-20 14:02:44 [motherlode] FindFilledBlock: found at 1292,668 (27x27 0x00FF00 tol=5, 15 ms)
2026-07-20 14:02:44 [motherlode] Tracking stable target at 1292,668 (cooldown active, search 15 ms)
2026-07-20 14:02:44 [motherlode] FindFilledBlock: found at 1292,668 (27x27 0x00FF00 tol=5, 16 ms)
2026-07-20 14:02:44 [motherlode] Tracking stable target at 1292,668 (cooldown active, search 16 ms)
2026-07-20 14:02:44 [motherlode] FindFilledBlock: found at 1292,668 (27x27 0x00FF00 tol=5, 0 ms)
2026-07-20 14:02:44 [motherlode] Tracking stable target at 1292,668 (cooldown active, search 0 ms)
2026-07-20 14:02:45 [motherlode] FindFilledBlock: found at 1292,668 (27x27 0x00FF00 tol=5, 0 ms)
2026-07-20 14:02:45 [motherlode] Tracking stable target at 1292,668 (cooldown active, search 0 ms)
2026-07-20 14:02:45 [motherlode] FindFilledBlock: found at 1292,668 (27x27 0x00FF00 tol=5, 0 ms)
2026-07-20 14:02:45 [motherlode] Clicked STABLE target at 1292,668 (search 0 ms)
2026-07-20 14:02:45 [motherlode] FindFilledBlock: found at 1290,694 (27x27 0x00FF00 tol=5, 0 ms)
2026-07-20 14:02:45 [motherlode] Tracking not-yet-stable target at 1290,694 (search 0 ms)
2026-07-20 14:02:45 [motherlode] FindFilledBlock: found at 1290,694 (27x27 0x00FF00 tol=5, 0 ms)
2026-07-20 14:02:45 [motherlode] Tracking not-yet-stable target at 1290,694 (search 16 ms)
2026-07-20 14:02:45 [motherlode] FindFilledBlock: found at 1292,668 (27x27 0x00FF00 tol=5, 0 ms)
2026-07-20 14:02:45 [motherlode] Tracking not-yet-stable target at 1292,668 (search 0 ms)
2026-07-20 14:02:46 [motherlode] FindFilledBlock: found at 1292,668 (27x27 0x00FF00 tol=5, 16 ms)
2026-07-20 14:02:46 [motherlode] Tracking not-yet-stable target at 1292,668 (search 16 ms)
2026-07-20 14:02:46 [motherlode] FindFilledBlock: found at 1292,668 (27x27 0x00FF00 tol=5, 0 ms)
2026-07-20 14:02:46 [motherlode] Tracking stable target at 1292,668 (cooldown active, search 0 ms)
2026-07-20 14:02:46 [motherlode] FindFilledBlock: found at 1292,668 (27x27 0x00FF00 tol=5, 16 ms)
2026-07-20 14:02:46 [motherlode] Tracking stable target at 1292,668 (cooldown active, search 16 ms)
2026-07-20 14:02:46 [motherlode] FindFilledBlock: found at 1292,668 (27x27 0x00FF00 tol=5, 0 ms)
2026-07-20 14:02:46 [motherlode] Tracking stable target at 1292,668 (cooldown active, search 0 ms)
2026-07-20 14:02:46 [motherlode] FindFilledBlock: found at 1292,668 (27x27 0x00FF00 tol=5, 16 ms)
2026-07-20 14:02:46 [motherlode] Tracking stable target at 1292,668 (cooldown active, search 16 ms)
2026-07-20 14:02:46 [motherlode] FindFilledBlock: found at 1292,668 (27x27 0x00FF00 tol=5, 15 ms)
2026-07-20 14:02:46 [motherlode] Tracking stable target at 1292,668 (cooldown active, search 15 ms)
2026-07-20 14:02:47 [motherlode] FindFilledBlock: found at 1292,668 (27x27 0x00FF00 tol=5, 16 ms)
2026-07-20 14:02:47 [motherlode] Clicked STABLE target at 1292,668 (search 16 ms)
2026-07-20 14:02:47 [motherlode] FindFilledBlock: found at 1290,694 (27x27 0x00FF00 tol=5, 15 ms)
2026-07-20 14:02:47 [motherlode] Tracking not-yet-stable target at 1290,694 (search 15 ms)
2026-07-20 14:02:47 [motherlode] FindFilledBlock: found at 1292,668 (27x27 0x00FF00 tol=5, 0 ms)
2026-07-20 14:02:47 [motherlode] Tracking not-yet-stable target at 1292,668 (search 0 ms)
2026-07-20 14:02:47 [motherlode] FindFilledBlock: found at 1292,668 (27x27 0x00FF00 tol=5, 0 ms)
2026-07-20 14:02:47 [motherlode] Tracking not-yet-stable target at 1292,668 (search 0 ms)
2026-07-20 14:02:47 [motherlode] FindFilledBlock: found at 1292,668 (27x27 0x00FF00 tol=5, 0 ms)
2026-07-20 14:02:47 [motherlode] Tracking stable target at 1292,668 (cooldown active, search 0 ms)
2026-07-20 14:02:48 [motherlode] FindFilledBlock: found at 1292,668 (27x27 0x00FF00 tol=5, 0 ms)
2026-07-20 14:02:48 [motherlode] Tracking stable target at 1292,668 (cooldown active, search 0 ms)
2026-07-20 14:02:48 [motherlode] FindFilledBlock: found at 1292,668 (27x27 0x00FF00 tol=5, 0 ms)
2026-07-20 14:02:48 [motherlode] Tracking stable target at 1292,668 (cooldown active, search 0 ms)
2026-07-20 14:02:48 [motherlode] FindFilledBlock: found at 1292,668 (27x27 0x00FF00 tol=5, 0 ms)
2026-07-20 14:02:48 [motherlode] Tracking stable target at 1292,668 (cooldown active, search 0 ms)
2026-07-20 14:02:48 [motherlode] FindFilledBlock: found at 1292,668 (27x27 0x00FF00 tol=5, 0 ms)
2026-07-20 14:02:48 [motherlode] Tracking stable target at 1292,668 (cooldown active, search 0 ms)
2026-07-20 14:02:48 [motherlode] FindFilledBlock: found at 1292,668 (27x27 0x00FF00 tol=5, 0 ms)
2026-07-20 14:02:48 [motherlode] Tracking stable target at 1292,668 (cooldown active, search 0 ms)
2026-07-20 14:02:48 [motherlode] FindFilledBlock: found at 1292,668 (27x27 0x00FF00 tol=5, 0 ms)
2026-07-20 14:02:49 [motherlode] Clicked STABLE target at 1292,668 (search 0 ms)
2026-07-20 14:02:49 [motherlode] FindFilledBlock: found at 1290,694 (27x27 0x00FF00 tol=5, 16 ms)
2026-07-20 14:02:49 [motherlode] Tracking not-yet-stable target at 1290,694 (search 16 ms)
2026-07-20 14:02:49 [motherlode] FindFilledBlock: found at 1290,694 (27x27 0x00FF00 tol=5, 15 ms)
2026-07-20 14:02:49 [motherlode] Tracking not-yet-stable target at 1290,694 (search 15 ms)
2026-07-20 14:02:49 [motherlode] FindFilledBlock: found at 1292,668 (27x27 0x00FF00 tol=5, 0 ms)
2026-07-20 14:02:49 [motherlode] Tracking not-yet-stable target at 1292,668 (search 0 ms)
2026-07-20 14:02:49 [motherlode] FindFilledBlock: found at 1292,668 (27x27 0x00FF00 tol=5, 16 ms)
2026-07-20 14:02:49 [motherlode] Tracking not-yet-stable target at 1292,668 (search 16 ms)
2026-07-20 14:02:49 [motherlode] FindFilledBlock: found at 1292,668 (27x27 0x00FF00 tol=5, 16 ms)
2026-07-20 14:02:49 [motherlode] Tracking stable target at 1292,668 (cooldown active, search 16 ms)
2026-07-20 14:02:50 [motherlode] FindFilledBlock: found at 1292,668 (27x27 0x00FF00 tol=5, 0 ms)
2026-07-20 14:02:50 [motherlode] Tracking stable target at 1292,668 (cooldown active, search 0 ms)
2026-07-20 14:02:50 [motherlode] FindFilledBlock: found at 1292,668 (27x27 0x00FF00 tol=5, 15 ms)
2026-07-20 14:02:50 [motherlode] Tracking stable target at 1292,668 (cooldown active, search 15 ms)
2026-07-20 14:02:50 [motherlode] FindFilledBlock: found at 1292,668 (27x27 0x00FF00 tol=5, 0 ms)
2026-07-20 14:02:50 [motherlode] Tracking stable target at 1292,668 (cooldown active, search 0 ms)
2026-07-20 14:02:50 [motherlode] FindFilledBlock: found at 1292,668 (27x27 0x00FF00 tol=5, 0 ms)
2026-07-20 14:02:50 [motherlode] Tracking stable target at 1292,668 (cooldown active, search 0 ms)
2026-07-20 14:02:50 [motherlode] FindFilledBlock: found at 1292,668 (27x27 0x00FF00 tol=5, 16 ms)
2026-07-20 14:02:50 [motherlode] Clicked STABLE target at 1292,668 (search 16 ms)
2026-07-20 14:02:51 [motherlode] FindFilledBlock: found at 1290,694 (27x27 0x00FF00 tol=5, 0 ms)
2026-07-20 14:02:51 [motherlode] Tracking not-yet-stable target at 1290,694 (search 0 ms)
2026-07-20 14:02:51 [motherlode] FindFilledBlock: found at 1292,668 (27x27 0x00FF00 tol=5, 16 ms)
2026-07-20 14:02:51 [motherlode] Tracking not-yet-stable target at 1292,668 (search 16 ms)
2026-07-20 14:02:51 [motherlode] FindFilledBlock: found at 1292,668 (27x27 0x00FF00 tol=5, 0 ms)
2026-07-20 14:02:51 [motherlode] Tracking not-yet-stable target at 1292,668 (search 0 ms)
2026-07-20 14:02:51 [motherlode] FindFilledBlock: found at 1292,668 (27x27 0x00FF00 tol=5, 0 ms)
2026-07-20 14:02:51 [motherlode] Tracking stable target at 1292,668 (cooldown active, search 0 ms)
2026-07-20 14:02:51 [motherlode] FindFilledBlock: found at 1292,668 (27x27 0x00FF00 tol=5, 0 ms)
2026-07-20 14:02:51 [motherlode] Tracking stable target at 1292,668 (cooldown active, search 0 ms)
2026-07-20 14:02:51 [motherlode] FindFilledBlock: found at 1292,668 (27x27 0x00FF00 tol=5, 16 ms)
2026-07-20 14:02:51 [motherlode] Tracking stable target at 1292,668 (cooldown active, search 16 ms)
2026-07-20 14:02:52 [motherlode] FindFilledBlock: found at 1292,668 (27x27 0x00FF00 tol=5, 0 ms)
2026-07-20 14:02:52 [motherlode] Tracking stable target at 1292,668 (cooldown active, search 0 ms)
2026-07-20 14:02:52 [motherlode] FindFilledBlock: found at 1292,668 (27x27 0x00FF00 tol=5, 0 ms)
2026-07-20 14:02:52 [motherlode] Tracking stable target at 1292,668 (cooldown active, search 0 ms)
2026-07-20 14:02:52 [motherlode] FindFilledBlock: found at 1292,668 (27x27 0x00FF00 tol=5, 0 ms)
2026-07-20 14:02:52 [motherlode] Tracking stable target at 1292,668 (cooldown active, search 0 ms)
2026-07-20 14:02:52 [motherlode] FindFilledBlock: found at 1292,668 (27x27 0x00FF00 tol=5, 0 ms)
2026-07-20 14:02:52 [motherlode] Clicked STABLE target at 1292,668 (search 0 ms)
2026-07-20 14:02:52 [motherlode] FindFilledBlock: found at 1290,694 (27x27 0x00FF00 tol=5, 16 ms)
2026-07-20 14:02:52 [motherlode] Tracking not-yet-stable target at 1290,694 (search 16 ms)
2026-07-20 14:02:53 [motherlode] FindFilledBlock: found at 1290,694 (27x27 0x00FF00 tol=5, 15 ms)
2026-07-20 14:02:53 [motherlode] Tracking not-yet-stable target at 1290,694 (search 15 ms)
2026-07-20 14:02:53 [motherlode] FindFilledBlock: found at 1292,668 (27x27 0x00FF00 tol=5, 16 ms)
2026-07-20 14:02:53 [motherlode] Tracking not-yet-stable target at 1292,668 (search 16 ms)
2026-07-20 14:02:53 [motherlode] FindFilledBlock: found at 1292,668 (27x27 0x00FF00 tol=5, 0 ms)
2026-07-20 14:02:53 [motherlode] Tracking not-yet-stable target at 1292,668 (search 0 ms)
2026-07-20 14:02:53 [motherlode] FindFilledBlock: found at 1292,668 (27x27 0x00FF00 tol=5, 0 ms)
2026-07-20 14:02:53 [motherlode] Tracking stable target at 1292,668 (cooldown active, search 0 ms)
2026-07-20 14:02:53 [motherlode] FindFilledBlock: found at 1292,668 (27x27 0x00FF00 tol=5, 16 ms)
2026-07-20 14:02:53 [motherlode] Tracking stable target at 1292,668 (cooldown active, search 16 ms)
2026-07-20 14:02:53 [motherlode] FindFilledBlock: found at 1292,668 (27x27 0x00FF00 tol=5, 0 ms)
2026-07-20 14:02:53 [motherlode] Tracking stable target at 1292,668 (cooldown active, search 0 ms)
2026-07-20 14:02:53 [motherlode] FindFilledBlock: found at 1292,668 (27x27 0x00FF00 tol=5, 0 ms)
2026-07-20 14:02:53 [motherlode] Tracking stable target at 1292,668 (cooldown active, search 0 ms)
2026-07-20 14:02:54 [motherlode] FindFilledBlock: found at 1292,668 (27x27 0x00FF00 tol=5, 16 ms)
2026-07-20 14:02:54 [motherlode] Tracking stable target at 1292,668 (cooldown active, search 16 ms)
2026-07-20 14:02:54 [motherlode] FindFilledBlock: found at 1292,668 (27x27 0x00FF00 tol=5, 0 ms)
2026-07-20 14:02:54 [motherlode] Clicked STABLE target at 1292,668 (search 0 ms)
2026-07-20 14:02:54 [motherlode] FindFilledBlock: found at 1290,694 (27x27 0x00FF00 tol=5, 0 ms)
2026-07-20 14:02:54 [motherlode] Tracking not-yet-stable target at 1290,694 (search 16 ms)
2026-07-20 14:02:54 [motherlode] FindFilledBlock: found at 1290,694 (27x27 0x00FF00 tol=5, 16 ms)
2026-07-20 14:02:54 [motherlode] Tracking not-yet-stable target at 1290,694 (search 16 ms)
2026-07-20 14:02:54 [motherlode] FindFilledBlock: found at 1292,668 (27x27 0x00FF00 tol=5, 16 ms)
2026-07-20 14:02:54 [motherlode] Tracking not-yet-stable target at 1292,668 (search 16 ms)
2026-07-20 14:02:55 [motherlode] FindFilledBlock: found at 1292,668 (27x27 0x00FF00 tol=5, 0 ms)
2026-07-20 14:02:55 [motherlode] Tracking not-yet-stable target at 1292,668 (search 0 ms)
2026-07-20 14:02:55 [motherlode] FindFilledBlock: found at 1292,668 (27x27 0x00FF00 tol=5, 0 ms)
2026-07-20 14:02:55 [motherlode] Tracking stable target at 1292,668 (cooldown active, search 0 ms)
2026-07-20 14:02:55 [motherlode] FindFilledBlock: found at 1292,668 (27x27 0x00FF00 tol=5, 16 ms)
2026-07-20 14:02:55 [motherlode] Tracking stable target at 1292,668 (cooldown active, search 16 ms)
2026-07-20 14:02:55 [motherlode] FindFilledBlock: found at 1292,668 (27x27 0x00FF00 tol=5, 0 ms)
2026-07-20 14:02:55 [motherlode] Tracking stable target at 1292,668 (cooldown active, search 0 ms)
2026-07-20 14:02:55 [motherlode] FindFilledBlock: found at 1292,668 (27x27 0x00FF00 tol=5, 0 ms)
2026-07-20 14:02:55 [motherlode] Tracking stable target at 1292,668 (cooldown active, search 0 ms)
2026-07-20 14:02:55 [motherlode] FindFilledBlock: found at 1292,668 (27x27 0x00FF00 tol=5, 0 ms)
2026-07-20 14:02:55 [motherlode] Tracking stable target at 1292,668 (cooldown active, search 0 ms)
2026-07-20 14:02:56 [motherlode] FindFilledBlock: found at 1292,668 (27x27 0x00FF00 tol=5, 16 ms)
2026-07-20 14:02:56 [motherlode] Clicked STABLE target at 1292,668 (search 16 ms)
2026-07-20 14:02:56 [motherlode] FindFilledBlock: found at 1290,694 (27x27 0x00FF00 tol=5, 0 ms)
2026-07-20 14:02:56 [motherlode] Tracking not-yet-stable target at 1290,694 (search 0 ms)
2026-07-20 14:02:56 [motherlode] FindFilledBlock: found at 1290,694 (27x27 0x00FF00 tol=5, 15 ms)
2026-07-20 14:02:56 [motherlode] Tracking not-yet-stable target at 1290,694 (search 15 ms)
2026-07-20 14:02:56 [motherlode] FindFilledBlock: found at 1292,668 (27x27 0x00FF00 tol=5, 0 ms)
2026-07-20 14:02:56 [motherlode] Tracking not-yet-stable target at 1292,668 (search 16 ms)
2026-07-20 14:02:56 [motherlode] FindFilledBlock: found at 1292,668 (27x27 0x00FF00 tol=5, 16 ms)
2026-07-20 14:02:56 [motherlode] Tracking not-yet-stable target at 1292,668 (search 16 ms)
2026-07-20 14:02:57 [motherlode] FindFilledBlock: found at 1292,668 (27x27 0x00FF00 tol=5, 16 ms)
2026-07-20 14:02:57 [motherlode] Tracking stable target at 1292,668 (cooldown active, search 16 ms)
2026-07-20 14:02:57 [motherlode] FindFilledBlock: found at 1292,668 (27x27 0x00FF00 tol=5, 0 ms)
2026-07-20 14:02:57 [motherlode] Tracking stable target at 1292,668 (cooldown active, search 0 ms)
2026-07-20 14:02:57 [motherlode] FindFilledBlock: found at 1292,668 (27x27 0x00FF00 tol=5, 0 ms)
2026-07-20 14:02:57 [motherlode] Tracking stable target at 1292,668 (cooldown active, search 0 ms)
2026-07-20 14:02:57 [motherlode] FindFilledBlock: found at 1292,668 (27x27 0x00FF00 tol=5, 16 ms)
2026-07-20 14:02:57 [motherlode] Tracking stable target at 1292,668 (cooldown active, search 16 ms)
2026-07-20 14:02:57 [motherlode] FindFilledBlock: found at 1292,668 (27x27 0x00FF00 tol=5, 0 ms)
2026-07-20 14:02:57 [motherlode] Tracking stable target at 1292,668 (cooldown active, search 0 ms)
2026-07-20 14:02:57 [motherlode] FindFilledBlock: found at 1292,668 (27x27 0x00FF00 tol=5, 0 ms)
2026-07-20 14:02:58 [motherlode] Clicked STABLE target at 1292,668 (search 0 ms)
2026-07-20 14:02:58 [motherlode] FindFilledBlock: found at 1290,694 (27x27 0x00FF00 tol=5, 0 ms)
2026-07-20 14:02:58 [motherlode] Tracking not-yet-stable target at 1290,694 (search 0 ms)
2026-07-20 14:02:58 [motherlode] FindFilledBlock: found at 1290,694 (27x27 0x00FF00 tol=5, 0 ms)
2026-07-20 14:02:58 [motherlode] Tracking not-yet-stable target at 1290,694 (search 0 ms)
2026-07-20 14:02:58 [motherlode] FindFilledBlock: found at 1292,668 (27x27 0x00FF00 tol=5, 0 ms)
2026-07-20 14:02:58 [motherlode] Tracking not-yet-stable target at 1292,668 (search 0 ms)
2026-07-20 14:02:58 [motherlode] FindFilledBlock: found at 1292,668 (27x27 0x00FF00 tol=5, 0 ms)
2026-07-20 14:02:58 [motherlode] Tracking not-yet-stable target at 1292,668 (search 16 ms)
2026-07-20 14:02:58 [motherlode] FindFilledBlock: found at 1292,668 (27x27 0x00FF00 tol=5, 16 ms)
2026-07-20 14:02:58 [motherlode] Tracking stable target at 1292,668 (cooldown active, search 16 ms)
2026-07-20 14:02:59 [motherlode] FindFilledBlock: found at 1292,668 (27x27 0x00FF00 tol=5, 16 ms)
2026-07-20 14:02:59 [motherlode] Tracking stable target at 1292,668 (cooldown active, search 16 ms)
2026-07-20 14:02:59 [motherlode] FindFilledBlock: found at 1292,668 (27x27 0x00FF00 tol=5, 15 ms)
2026-07-20 14:02:59 [motherlode] Tracking stable target at 1292,668 (cooldown active, search 15 ms)
2026-07-20 14:02:59 [motherlode] FindFilledBlock: found at 1292,668 (27x27 0x00FF00 tol=5, 0 ms)
2026-07-20 14:02:59 [motherlode] Tracking stable target at 1292,668 (cooldown active, search 0 ms)
2026-07-20 14:02:59 [motherlode] FindFilledBlock: found at 1292,668 (27x27 0x00FF00 tol=5, 16 ms)
2026-07-20 14:02:59 [motherlode] Tracking stable target at 1292,668 (cooldown active, search 16 ms)
2026-07-20 14:02:59 [motherlode] FindFilledBlock: found at 1292,668 (27x27 0x00FF00 tol=5, 16 ms)
2026-07-20 14:02:59 [motherlode] Clicked STABLE target at 1292,668 (search 16 ms)
2026-07-20 14:03:00 [motherlode] FindFilledBlock: found at 1290,694 (27x27 0x00FF00 tol=5, 0 ms)
2026-07-20 14:03:00 [motherlode] Tracking not-yet-stable target at 1290,694 (search 0 ms)
2026-07-20 14:03:00 [motherlode] FindFilledBlock: found at 1292,668 (27x27 0x00FF00 tol=5, 0 ms)
2026-07-20 14:03:00 [motherlode] Tracking not-yet-stable target at 1292,668 (search 0 ms)
2026-07-20 14:03:00 [motherlode] FindFilledBlock: found at 1292,668 (27x27 0x00FF00 tol=5, 0 ms)
2026-07-20 14:03:00 [motherlode] Tracking not-yet-stable target at 1292,668 (search 0 ms)
2026-07-20 14:03:00 [motherlode] FindFilledBlock: found at 1292,668 (27x27 0x00FF00 tol=5, 0 ms)
2026-07-20 14:03:00 [motherlode] Tracking stable target at 1292,668 (cooldown active, search 16 ms)
2026-07-20 14:03:00 [motherlode] FindFilledBlock: found at 1292,668 (27x27 0x00FF00 tol=5, 0 ms)
2026-07-20 14:03:00 [motherlode] Tracking stable target at 1292,668 (cooldown active, search 15 ms)
2026-07-20 14:03:00 [motherlode] FindFilledBlock: found at 1292,668 (27x27 0x00FF00 tol=5, 16 ms)
2026-07-20 14:03:00 [motherlode] Tracking stable target at 1292,668 (cooldown active, search 16 ms)
2026-07-20 14:03:01 [motherlode] FindFilledBlock: found at 1292,668 (27x27 0x00FF00 tol=5, 16 ms)
2026-07-20 14:03:01 [motherlode] Tracking stable target at 1292,668 (cooldown active, search 16 ms)
2026-07-20 14:03:01 [motherlode] FindFilledBlock: found at 1292,668 (27x27 0x00FF00 tol=5, 0 ms)
2026-07-20 14:03:01 [motherlode] Tracking stable target at 1292,668 (cooldown active, search 0 ms)
2026-07-20 14:03:01 [motherlode] FindFilledBlock: found at 1292,668 (27x27 0x00FF00 tol=5, 0 ms)
2026-07-20 14:03:01 [motherlode] Tracking stable target at 1292,668 (cooldown active, search 0 ms)
2026-07-20 14:03:01 [motherlode] FindFilledBlock: found at 1292,668 (27x27 0x00FF00 tol=5, 16 ms)
2026-07-20 14:03:01 [motherlode] Clicked STABLE target at 1292,668 (search 16 ms)
2026-07-20 14:03:01 [motherlode] FindFilledBlock: found at 1290,694 (27x27 0x00FF00 tol=5, 16 ms)
2026-07-20 14:03:01 [motherlode] Tracking not-yet-stable target at 1290,694 (search 16 ms)
2026-07-20 14:03:02 [motherlode] FindFilledBlock: found at 1292,668 (27x27 0x00FF00 tol=5, 0 ms)
2026-07-20 14:03:02 [motherlode] Tracking not-yet-stable target at 1292,668 (search 0 ms)
2026-07-20 14:03:02 [motherlode] FindFilledBlock: found at 1292,668 (27x27 0x00FF00 tol=5, 0 ms)
2026-07-20 14:03:02 [motherlode] Tracking not-yet-stable target at 1292,668 (search 0 ms)
2026-07-20 14:03:02 [motherlode] FindFilledBlock: found at 1292,668 (27x27 0x00FF00 tol=5, 0 ms)
2026-07-20 14:03:02 [motherlode] Tracking stable target at 1292,668 (cooldown active, search 0 ms)
2026-07-20 14:03:02 [motherlode] FindFilledBlock: found at 1292,668 (27x27 0x00FF00 tol=5, 0 ms)
2026-07-20 14:03:02 [motherlode] Tracking stable target at 1292,668 (cooldown active, search 0 ms)
2026-07-20 14:03:02 [motherlode] FindFilledBlock: found at 1292,668 (27x27 0x00FF00 tol=5, 0 ms)
2026-07-20 14:03:02 [motherlode] Tracking stable target at 1292,668 (cooldown active, search 16 ms)
2026-07-20 14:03:02 [motherlode] FindFilledBlock: found at 1292,668 (27x27 0x00FF00 tol=5, 0 ms)
2026-07-20 14:03:02 [motherlode] Tracking stable target at 1292,668 (cooldown active, search 0 ms)
2026-07-20 14:03:03 [motherlode] FindFilledBlock: found at 1292,668 (27x27 0x00FF00 tol=5, 16 ms)
2026-07-20 14:03:03 [motherlode] Tracking stable target at 1292,668 (cooldown active, search 16 ms)
2026-07-20 14:03:03 [motherlode] FindFilledBlock: found at 1292,668 (27x27 0x00FF00 tol=5, 0 ms)
2026-07-20 14:03:03 [motherlode] Tracking stable target at 1292,668 (cooldown active, search 0 ms)
2026-07-20 14:03:03 [motherlode] FindFilledBlock: found at 1292,668 (27x27 0x00FF00 tol=5, 16 ms)
2026-07-20 14:03:03 [motherlode] Clicked STABLE target at 1292,668 (search 16 ms)
2026-07-20 14:03:03 [motherlode] FindFilledBlock: found at 1290,694 (27x27 0x00FF00 tol=5, 15 ms)
2026-07-20 14:03:03 [motherlode] Tracking not-yet-stable target at 1290,694 (search 15 ms)
2026-07-20 14:03:03 [motherlode] FindFilledBlock: found at 1292,668 (27x27 0x00FF00 tol=5, 0 ms)
2026-07-20 14:03:03 [motherlode] Tracking not-yet-stable target at 1292,668 (search 0 ms)
2026-07-20 14:03:04 [motherlode] FindFilledBlock: found at 1292,668 (27x27 0x00FF00 tol=5, 0 ms)
2026-07-20 14:03:04 [motherlode] Tracking not-yet-stable target at 1292,668 (search 0 ms)
2026-07-20 14:03:04 [motherlode] FindFilledBlock: found at 1292,668 (27x27 0x00FF00 tol=5, 0 ms)
2026-07-20 14:03:04 [motherlode] Tracking stable target at 1292,668 (cooldown active, search 0 ms)
2026-07-20 14:03:04 [motherlode] FindFilledBlock: found at 1292,668 (27x27 0x00FF00 tol=5, 0 ms)
2026-07-20 14:03:04 [motherlode] Tracking stable target at 1292,668 (cooldown active, search 0 ms)
2026-07-20 14:03:04 [motherlode] FindFilledBlock: found at 1292,668 (27x27 0x00FF00 tol=5, 16 ms)
2026-07-20 14:03:04 [motherlode] Tracking stable target at 1292,668 (cooldown active, search 16 ms)
2026-07-20 14:03:04 [motherlode] FindFilledBlock: not found (27x27 0x00FF00 tol=5, 15 ms)
2026-07-20 14:03:04 [motherlode] Target depleted or lost - re-acquiring (searched 15 ms)
2026-07-20 14:03:04 [motherlode] FindFilledBlock: found at 1161,722 (27x27 0x00FF00 tol=5, 16 ms)
2026-07-20 14:03:04 [motherlode] FindFilledBlock: found at 1192,624 (27x27 0x00B809 tol=5, 0 ms)
2026-07-20 14:03:04 [motherlode] Acquired new target at 1161,722 (0x00FF00, ring 100, 16 ms)
2026-07-20 14:03:05 [motherlode] FindFilledBlock: found at 1136,700 (27x27 0x00FF00 tol=5, 15 ms)
2026-07-20 14:03:05 [motherlode] Clicked initial/re-click target at 1136,700 (search 15 ms)
2026-07-20 14:03:05 [motherlode] FindFilledBlock: found at 1136,726 (27x27 0x00FF00 tol=5, 16 ms)
2026-07-20 14:03:05 [motherlode] Tracking not-yet-stable target at 1136,726 (search 16 ms)
2026-07-20 14:03:05 [motherlode] FindFilledBlock: found at 1136,700 (27x27 0x00FF00 tol=5, 16 ms)
2026-07-20 14:03:05 [motherlode] Tracking not-yet-stable target at 1136,700 (search 16 ms)
2026-07-20 14:03:05 [motherlode] FindFilledBlock: found at 1136,700 (27x27 0x00FF00 tol=5, 0 ms)
2026-07-20 14:03:05 [motherlode] Tracking not-yet-stable target at 1136,700 (search 0 ms)
2026-07-20 14:03:05 [motherlode] FindFilledBlock: found at 1136,700 (27x27 0x00FF00 tol=5, 0 ms)
2026-07-20 14:03:05 [motherlode] Tracking stable target at 1136,700 (cooldown active, search 0 ms)
2026-07-20 14:03:06 [motherlode] FindFilledBlock: found at 1138,694 (27x27 0x00FF00 tol=5, 0 ms)
2026-07-20 14:03:06 [motherlode] Tracking not-yet-stable target at 1138,694 (search 0 ms)
2026-07-20 14:03:06 [motherlode] FindFilledBlock: found at 1138,686 (27x27 0x00FF00 tol=5, 0 ms)
2026-07-20 14:03:06 [motherlode] Tracking not-yet-stable target at 1138,686 (search 0 ms)
2026-07-20 14:03:06 [motherlode] FindFilledBlock: found at 1142,676 (27x27 0x00FF00 tol=5, 15 ms)
2026-07-20 14:03:06 [motherlode] Tracking not-yet-stable target at 1142,676 (search 15 ms)
2026-07-20 14:03:06 [motherlode] FindFilledBlock: found at 1148,672 (27x27 0x00FF00 tol=5, 0 ms)
2026-07-20 14:03:06 [motherlode] Tracking not-yet-stable target at 1148,672 (search 0 ms)
2026-07-20 14:03:06 [motherlode] FindFilledBlock: found at 1160,668 (27x27 0x00FF00 tol=5, 16 ms)
2026-07-20 14:03:06 [motherlode] Tracking not-yet-stable target at 1160,668 (search 16 ms)
2026-07-20 14:03:06 [motherlode] FindFilledBlock: found at 1172,666 (27x27 0x00FF00 tol=5, 0 ms)
2026-07-20 14:03:06 [motherlode] Tracking not-yet-stable target at 1172,666 (search 0 ms)
2026-07-20 14:03:07 [motherlode] FindFilledBlock: found at 1178,666 (27x27 0x00FF00 tol=5, 15 ms)
2026-07-20 14:03:07 [motherlode] Tracking not-yet-stable target at 1178,666 (search 15 ms)
2026-07-20 14:03:07 [motherlode] FindFilledBlock: found at 1182,664 (27x27 0x00FF00 tol=5, 16 ms)
2026-07-20 14:03:07 [motherlode] Tracking not-yet-stable target at 1182,664 (search 16 ms)
2026-07-20 14:03:07 [motherlode] FindFilledBlock: found at 1184,664 (27x27 0x00FF00 tol=5, 16 ms)
2026-07-20 14:03:07 [motherlode] Clicked STABLE target at 1184,664 (search 16 ms)
2026-07-20 14:03:07 [motherlode] FindFilledBlock: found at 1190,690 (27x27 0x00FF00 tol=5, 15 ms)
2026-07-20 14:03:07 [motherlode] Tracking not-yet-stable target at 1190,690 (search 15 ms)
2026-07-20 14:03:07 [motherlode] FindFilledBlock: found at 1188,664 (27x27 0x00FF00 tol=5, 15 ms)
2026-07-20 14:03:07 [motherlode] Tracking not-yet-stable target at 1188,664 (search 15 ms)
2026-07-20 14:03:08 [motherlode] FindFilledBlock: found at 1188,664 (27x27 0x00FF00 tol=5, 16 ms)
2026-07-20 14:03:08 [motherlode] Tracking not-yet-stable target at 1188,664 (search 16 ms)
2026-07-20 14:03:08 [motherlode] FindFilledBlock: found at 1188,664 (27x27 0x00FF00 tol=5, 16 ms)
2026-07-20 14:03:08 [motherlode] Tracking stable target at 1188,664 (cooldown active, search 16 ms)
2026-07-20 14:03:08 [motherlode] FindFilledBlock: found at 1188,664 (27x27 0x00FF00 tol=5, 15 ms)
2026-07-20 14:03:08 [motherlode] Tracking stable target at 1188,664 (cooldown active, search 15 ms)
2026-07-20 14:03:08 [motherlode] FindFilledBlock: found at 1188,664 (27x27 0x00FF00 tol=5, 0 ms)
2026-07-20 14:03:08 [motherlode] Tracking stable target at 1188,664 (cooldown active, search 0 ms)
2026-07-20 14:03:08 [motherlode] FindFilledBlock: found at 1188,664 (27x27 0x00FF00 tol=5, 15 ms)
2026-07-20 14:03:08 [motherlode] Tracking stable target at 1188,664 (cooldown active, search 15 ms)
2026-07-20 14:03:08 [motherlode] FindFilledBlock: not found (27x27 0x00FF00 tol=5, 0 ms)
2026-07-20 14:03:08 [motherlode] Target depleted or lost - re-acquiring (searched 0 ms)
2026-07-20 14:03:09 [motherlode] FindFilledBlock: not found (27x27 0x00FF00 tol=5, 0 ms)
2026-07-20 14:03:09 [motherlode] FindFilledBlock: found at 1242,620 (27x27 0x00B809 tol=5, 0 ms)
2026-07-20 14:03:09 [motherlode] Acquired new target at 1242,620 (0x00B809, ring 100, 16 ms)
2026-07-20 14:03:09 [motherlode] FindFilledBlock: found at 1240,592 (27x27 0x00B809 tol=5, 0 ms)
2026-07-20 14:03:09 [motherlode] Clicked initial/re-click target at 1240,592 (search 0 ms)
2026-07-20 14:03:09 [motherlode] FindFilledBlock: found at 1242,618 (27x27 0x00B809 tol=5, 0 ms)
2026-07-20 14:03:09 [motherlode] Tracking not-yet-stable target at 1242,618 (search 0 ms)
2026-07-20 14:03:09 [motherlode] FindFilledBlock: found at 1242,618 (27x27 0x00B809 tol=5, 0 ms)
2026-07-20 14:03:09 [motherlode] Tracking not-yet-stable target at 1242,618 (search 16 ms)
2026-07-20 14:03:09 [motherlode] FindFilledBlock: found at 1240,592 (27x27 0x00B809 tol=5, 16 ms)
2026-07-20 14:03:09 [motherlode] Tracking not-yet-stable target at 1240,592 (search 16 ms)
2026-07-20 14:03:10 [motherlode] FindFilledBlock: found at 1238,592 (27x27 0x00B809 tol=5, 0 ms)
2026-07-20 14:03:10 [motherlode] Tracking not-yet-stable target at 1238,592 (search 0 ms)
2026-07-20 14:03:10 [motherlode] FindFilledBlock: found at 1234,592 (27x27 0x00B809 tol=5, 15 ms)
2026-07-20 14:03:10 [motherlode] Tracking stable target at 1234,592 (cooldown active, search 15 ms)
2026-07-20 14:03:10 [motherlode] FindFilledBlock: found at 1228,590 (27x27 0x00B809 tol=5, 0 ms)
2026-07-20 14:03:10 [motherlode] Tracking not-yet-stable target at 1228,590 (search 0 ms)
2026-07-20 14:03:10 [motherlode] FindFilledBlock: found at 1218,590 (27x27 0x00B809 tol=5, 0 ms)
2026-07-20 14:03:10 [motherlode] Tracking not-yet-stable target at 1218,590 (search 0 ms)
2026-07-20 14:03:10 [motherlode] FindFilledBlock: found at 1208,590 (27x27 0x00B809 tol=5, 0 ms)
2026-07-20 14:03:10 [motherlode] Tracking not-yet-stable target at 1208,590 (search 0 ms)
2026-07-20 14:03:10 [motherlode] FindFilledBlock: found at 1202,594 (27x27 0x00B809 tol=5, 0 ms)
2026-07-20 14:03:10 [motherlode] Tracking not-yet-stable target at 1202,594 (search 0 ms)
2026-07-20 14:03:11 [motherlode] FindFilledBlock: found at 1198,600 (27x27 0x00B809 tol=5, 0 ms)
2026-07-20 14:03:11 [motherlode] Tracking not-yet-stable target at 1198,600 (search 0 ms)
2026-07-20 14:03:11 [motherlode] FindFilledBlock: found at 1196,610 (27x27 0x00B809 tol=5, 0 ms)
2026-07-20 14:03:11 [motherlode] Tracking not-yet-stable target at 1196,610 (search 0 ms)
2026-07-20 14:03:11 [motherlode] FindFilledBlock: found at 1192,620 (27x27 0x00B809 tol=5, 0 ms)
2026-07-20 14:03:11 [motherlode] Tracking not-yet-stable target at 1192,620 (search 0 ms)
2026-07-20 14:03:11 [motherlode] FindFilledBlock: found at 1192,628 (27x27 0x00B809 tol=5, 0 ms)
2026-07-20 14:03:11 [motherlode] Tracking not-yet-stable target at 1192,628 (search 0 ms)
2026-07-20 14:03:11 [motherlode] FindFilledBlock: found at 1190,638 (27x27 0x00B809 tol=5, 15 ms)
2026-07-20 14:03:11 [motherlode] Tracking not-yet-stable target at 1190,638 (search 15 ms)
2026-07-20 14:03:11 [motherlode] FindFilledBlock: found at 1192,646 (27x27 0x00B809 tol=5, 16 ms)
2026-07-20 14:03:11 [motherlode] Tracking not-yet-stable target at 1192,646 (search 16 ms)
2026-07-20 14:03:12 [motherlode] FindFilledBlock: found at 1188,652 (27x27 0x00B809 tol=5, 16 ms)
2026-07-20 14:03:12 [motherlode] Tracking not-yet-stable target at 1188,652 (search 16 ms)
2026-07-20 14:03:12 [motherlode] FindFilledBlock: found at 1188,656 (27x27 0x00B809 tol=5, 15 ms)
2026-07-20 14:03:12 [motherlode] Tracking not-yet-stable target at 1188,656 (search 15 ms)
2026-07-20 14:03:12 [motherlode] FindFilledBlock: found at 1188,658 (27x27 0x00B809 tol=5, 0 ms)
2026-07-20 14:03:12 [motherlode] Clicked STABLE target at 1188,658 (search 0 ms)
2026-07-20 14:03:12 [motherlode] FindFilledBlock: found at 1188,684 (27x27 0x00B809 tol=5, 0 ms)
2026-07-20 14:03:12 [motherlode] Tracking not-yet-stable target at 1188,684 (search 0 ms)
2026-07-20 14:03:12 [motherlode] FindFilledBlock: found at 1188,684 (27x27 0x00B809 tol=5, 0 ms)
2026-07-20 14:03:12 [motherlode] Tracking not-yet-stable target at 1188,684 (search 0 ms)
2026-07-20 14:03:13 [motherlode] FindFilledBlock: found at 1188,660 (27x27 0x00B809 tol=5, 0 ms)
2026-07-20 14:03:13 [motherlode] Tracking not-yet-stable target at 1188,660 (search 0 ms)
2026-07-20 14:03:13 [motherlode] FindFilledBlock: found at 1188,660 (27x27 0x00B809 tol=5, 0 ms)
2026-07-20 14:03:13 [motherlode] Tracking not-yet-stable target at 1188,660 (search 0 ms)
2026-07-20 14:03:13 [motherlode] FindFilledBlock: found at 1188,660 (27x27 0x00B809 tol=5, 15 ms)
2026-07-20 14:03:13 [motherlode] Tracking stable target at 1188,660 (cooldown active, search 15 ms)
2026-07-20 14:03:13 [motherlode] FindFilledBlock: found at 1188,660 (27x27 0x00B809 tol=5, 0 ms)
2026-07-20 14:03:13 [motherlode] Tracking stable target at 1188,660 (cooldown active, search 0 ms)
2026-07-20 14:03:13 [motherlode] FindFilledBlock: found at 1188,660 (27x27 0x00B809 tol=5, 16 ms)
2026-07-20 14:03:13 [motherlode] Tracking stable target at 1188,660 (cooldown active, search 16 ms)
2026-07-20 14:03:13 [motherlode] FindFilledBlock: found at 1188,660 (27x27 0x00B809 tol=5, 15 ms)
2026-07-20 14:03:13 [motherlode] Tracking stable target at 1188,660 (cooldown active, search 15 ms)
2026-07-20 14:03:13 [motherlode] FindFilledBlock: found at 1188,660 (27x27 0x00B809 tol=5, 15 ms)
2026-07-20 14:03:13 [motherlode] Tracking stable target at 1188,660 (cooldown active, search 15 ms)
2026-07-20 14:03:14 [motherlode] FindFilledBlock: found at 1188,660 (27x27 0x00B809 tol=5, 16 ms)
2026-07-20 14:03:14 [motherlode] Clicked STABLE target at 1188,660 (search 16 ms)
2026-07-20 14:03:14 [motherlode] FindFilledBlock: found at 1190,686 (27x27 0x00B809 tol=5, 15 ms)
2026-07-20 14:03:14 [motherlode] Tracking not-yet-stable target at 1190,686 (search 15 ms)
2026-07-20 14:03:14 [motherlode] FindFilledBlock: found at 1188,660 (27x27 0x00B809 tol=5, 16 ms)
2026-07-20 14:03:14 [motherlode] Tracking not-yet-stable target at 1188,660 (search 16 ms)
2026-07-20 14:03:14 [motherlode] FindFilledBlock: found at 1188,660 (27x27 0x00B809 tol=5, 16 ms)
2026-07-20 14:03:14 [motherlode] Tracking not-yet-stable target at 1188,660 (search 16 ms)
2026-07-20 14:03:14 [motherlode] FindFilledBlock: found at 1188,660 (27x27 0x00B809 tol=5, 16 ms)
2026-07-20 14:03:14 [motherlode] Tracking stable target at 1188,660 (cooldown active, search 16 ms)
2026-07-20 14:03:15 [motherlode] FindFilledBlock: found at 1188,660 (27x27 0x00B809 tol=5, 0 ms)
2026-07-20 14:03:15 [motherlode] Tracking stable target at 1188,660 (cooldown active, search 0 ms)
2026-07-20 14:03:15 [motherlode] FindFilledBlock: found at 1188,660 (27x27 0x00B809 tol=5, 16 ms)
2026-07-20 14:03:15 [motherlode] Tracking stable target at 1188,660 (cooldown active, search 16 ms)
2026-07-20 14:03:15 [motherlode] FindFilledBlock: found at 1188,660 (27x27 0x00B809 tol=5, 0 ms)
2026-07-20 14:03:15 [motherlode] Tracking stable target at 1188,660 (cooldown active, search 0 ms)
2026-07-20 14:03:15 [motherlode] FindFilledBlock: found at 1188,660 (27x27 0x00B809 tol=5, 0 ms)
2026-07-20 14:03:15 [motherlode] Tracking stable target at 1188,660 (cooldown active, search 16 ms)
2026-07-20 14:03:15 [motherlode] FindFilledBlock: found at 1188,660 (27x27 0x00B809 tol=5, 0 ms)
2026-07-20 14:03:15 [motherlode] Tracking stable target at 1188,660 (cooldown active, search 0 ms)
2026-07-20 14:03:15 [motherlode] FindFilledBlock: found at 1188,660 (27x27 0x00B809 tol=5, 0 ms)
2026-07-20 14:03:16 [motherlode] Clicked STABLE target at 1188,660 (search 0 ms)
2026-07-20 14:03:16 [motherlode] FindFilledBlock: found at 1190,686 (27x27 0x00B809 tol=5, 16 ms)
2026-07-20 14:03:16 [motherlode] Tracking not-yet-stable target at 1190,686 (search 16 ms)
2026-07-20 14:03:16 [motherlode] FindFilledBlock: found at 1190,686 (27x27 0x00B809 tol=5, 0 ms)
2026-07-20 14:03:16 [motherlode] Tracking not-yet-stable target at 1190,686 (search 0 ms)
2026-07-20 14:03:16 [motherlode] FindFilledBlock: found at 1188,660 (27x27 0x00B809 tol=5, 15 ms)
2026-07-20 14:03:16 [motherlode] Tracking not-yet-stable target at 1188,660 (search 15 ms)
2026-07-20 14:03:16 [motherlode] FindFilledBlock: found at 1188,660 (27x27 0x00B809 tol=5, 0 ms)
2026-07-20 14:03:16 [motherlode] Tracking not-yet-stable target at 1188,660 (search 0 ms)
2026-07-20 14:03:16 [motherlode] FindFilledBlock: found at 1188,660 (27x27 0x00B809 tol=5, 16 ms)
2026-07-20 14:03:16 [motherlode] Tracking stable target at 1188,660 (cooldown active, search 16 ms)
2026-07-20 14:03:17 [motherlode] FindFilledBlock: found at 1188,660 (27x27 0x00B809 tol=5, 0 ms)
2026-07-20 14:03:17 [motherlode] Tracking stable target at 1188,660 (cooldown active, search 0 ms)
2026-07-20 14:03:17 [motherlode] FindFilledBlock: found at 1188,660 (27x27 0x00B809 tol=5, 15 ms)
2026-07-20 14:03:17 [motherlode] Tracking stable target at 1188,660 (cooldown active, search 15 ms)
2026-07-20 14:03:17 [motherlode] FindFilledBlock: found at 1188,660 (27x27 0x00B809 tol=5, 0 ms)
2026-07-20 14:03:17 [motherlode] Tracking stable target at 1188,660 (cooldown active, search 0 ms)
2026-07-20 14:03:17 [motherlode] FindFilledBlock: found at 1188,660 (27x27 0x00B809 tol=5, 16 ms)
2026-07-20 14:03:17 [motherlode] Tracking stable target at 1188,660 (cooldown active, search 16 ms)
2026-07-20 14:03:17 [motherlode] FindFilledBlock: found at 1188,660 (27x27 0x00B809 tol=5, 15 ms)
2026-07-20 14:03:17 [motherlode] Clicked STABLE target at 1188,660 (search 15 ms)
2026-07-20 14:03:18 [motherlode] FindFilledBlock: found at 1190,686 (27x27 0x00B809 tol=5, 16 ms)
2026-07-20 14:03:18 [motherlode] Tracking not-yet-stable target at 1190,686 (search 16 ms)
2026-07-20 14:03:18 [motherlode] FindFilledBlock: found at 1188,660 (27x27 0x00B809 tol=5, 16 ms)
2026-07-20 14:03:18 [motherlode] Tracking not-yet-stable target at 1188,660 (search 16 ms)
2026-07-20 14:03:18 [motherlode] FindFilledBlock: found at 1188,660 (27x27 0x00B809 tol=5, 0 ms)
2026-07-20 14:03:18 [motherlode] Tracking not-yet-stable target at 1188,660 (search 0 ms)
2026-07-20 14:03:18 [motherlode] FindFilledBlock: found at 1188,660 (27x27 0x00B809 tol=5, 0 ms)
2026-07-20 14:03:18 [motherlode] Tracking stable target at 1188,660 (cooldown active, search 0 ms)
2026-07-20 14:03:18 [motherlode] FindFilledBlock: found at 1188,660 (27x27 0x00B809 tol=5, 0 ms)
2026-07-20 14:03:18 [motherlode] Tracking stable target at 1188,660 (cooldown active, search 0 ms)
2026-07-20 14:03:18 [motherlode] FindFilledBlock: found at 1188,660 (27x27 0x00B809 tol=5, 0 ms)
2026-07-20 14:03:18 [motherlode] Tracking stable target at 1188,660 (cooldown active, search 0 ms)
2026-07-20 14:03:19 [motherlode] FindFilledBlock: found at 1188,660 (27x27 0x00B809 tol=5, 0 ms)
2026-07-20 14:03:19 [motherlode] Tracking stable target at 1188,660 (cooldown active, search 0 ms)
2026-07-20 14:03:19 [motherlode] FindFilledBlock: found at 1188,660 (27x27 0x00B809 tol=5, 0 ms)
2026-07-20 14:03:19 [motherlode] Tracking stable target at 1188,660 (cooldown active, search 0 ms)
2026-07-20 14:03:19 [motherlode] FindFilledBlock: found at 1188,660 (27x27 0x00B809 tol=5, 0 ms)
2026-07-20 14:03:19 [motherlode] Tracking stable target at 1188,660 (cooldown active, search 16 ms)
2026-07-20 14:03:19 [motherlode] FindFilledBlock: found at 1188,660 (27x27 0x00B809 tol=5, 15 ms)
2026-07-20 14:03:19 [motherlode] Clicked STABLE target at 1188,660 (search 15 ms)
2026-07-20 14:03:19 [motherlode] FindFilledBlock: found at 1190,686 (27x27 0x00B809 tol=5, 0 ms)
2026-07-20 14:03:19 [motherlode] Tracking not-yet-stable target at 1190,686 (search 0 ms)
2026-07-20 14:03:20 [motherlode] FindFilledBlock: found at 1188,660 (27x27 0x00B809 tol=5, 0 ms)
2026-07-20 14:03:20 [motherlode] Tracking not-yet-stable target at 1188,660 (search 0 ms)
2026-07-20 14:03:20 [motherlode] FindFilledBlock: found at 1188,660 (27x27 0x00B809 tol=5, 16 ms)
2026-07-20 14:03:20 [motherlode] Tracking not-yet-stable target at 1188,660 (search 16 ms)
2026-07-20 14:03:20 [motherlode] FindFilledBlock: found at 1188,660 (27x27 0x00B809 tol=5, 0 ms)
2026-07-20 14:03:20 [motherlode] Tracking stable target at 1188,660 (cooldown active, search 0 ms)
2026-07-20 14:03:20 [motherlode] FindFilledBlock: found at 1188,660 (27x27 0x00B809 tol=5, 0 ms)
2026-07-20 14:03:20 [motherlode] Tracking stable target at 1188,660 (cooldown active, search 0 ms)
2026-07-20 14:03:20 [motherlode] FindFilledBlock: found at 1188,660 (27x27 0x00B809 tol=5, 0 ms)
2026-07-20 14:03:20 [motherlode] Tracking stable target at 1188,660 (cooldown active, search 0 ms)
2026-07-20 14:03:20 [motherlode] FindFilledBlock: found at 1188,660 (27x27 0x00B809 tol=5, 0 ms)
2026-07-20 14:03:20 [motherlode] Tracking stable target at 1188,660 (cooldown active, search 0 ms)
2026-07-20 14:03:21 [motherlode] FindFilledBlock: found at 1188,660 (27x27 0x00B809 tol=5, 0 ms)
2026-07-20 14:03:21 [motherlode] Tracking stable target at 1188,660 (cooldown active, search 0 ms)
2026-07-20 14:03:21 [motherlode] FindFilledBlock: found at 1188,660 (27x27 0x00B809 tol=5, 0 ms)
2026-07-20 14:03:21 [motherlode] Tracking stable target at 1188,660 (cooldown active, search 0 ms)
2026-07-20 14:03:21 [motherlode] FindFilledBlock: found at 1188,660 (27x27 0x00B809 tol=5, 0 ms)
2026-07-20 14:03:21 [motherlode] Clicked STABLE target at 1188,660 (search 16 ms)
2026-07-20 14:03:21 [motherlode] FindFilledBlock: found at 1190,686 (27x27 0x00B809 tol=5, 0 ms)
2026-07-20 14:03:21 [motherlode] Tracking not-yet-stable target at 1190,686 (search 16 ms)
2026-07-20 14:03:21 [motherlode] FindFilledBlock: found at 1190,686 (27x27 0x00B809 tol=5, 15 ms)
2026-07-20 14:03:21 [motherlode] Tracking not-yet-stable target at 1190,686 (search 15 ms)
2026-07-20 14:03:22 [motherlode] FindFilledBlock: found at 1188,660 (27x27 0x00B809 tol=5, 0 ms)
2026-07-20 14:03:22 [motherlode] Tracking not-yet-stable target at 1188,660 (search 0 ms)
2026-07-20 14:03:22 [motherlode] FindFilledBlock: found at 1188,660 (27x27 0x00B809 tol=5, 16 ms)
2026-07-20 14:03:22 [motherlode] Tracking not-yet-stable target at 1188,660 (search 16 ms)
2026-07-20 14:03:22 [motherlode] FindFilledBlock: found at 1188,660 (27x27 0x00B809 tol=5, 16 ms)
2026-07-20 14:03:22 [motherlode] Tracking stable target at 1188,660 (cooldown active, search 16 ms)
2026-07-20 14:03:22 [motherlode] FindFilledBlock: found at 1188,660 (27x27 0x00B809 tol=5, 0 ms)
2026-07-20 14:03:22 [motherlode] Tracking stable target at 1188,660 (cooldown active, search 0 ms)
2026-07-20 14:03:22 [motherlode] FindFilledBlock: found at 1188,660 (27x27 0x00B809 tol=5, 16 ms)
2026-07-20 14:03:22 [motherlode] Tracking stable target at 1188,660 (cooldown active, search 16 ms)
2026-07-20 14:03:22 [motherlode] FindFilledBlock: found at 1188,660 (27x27 0x00B809 tol=5, 0 ms)
2026-07-20 14:03:22 [motherlode] Tracking stable target at 1188,660 (cooldown active, search 0 ms)
2026-07-20 14:03:22 [motherlode] FindFilledBlock: found at 1188,660 (27x27 0x00B809 tol=5, 0 ms)
2026-07-20 14:03:22 [motherlode] Tracking stable target at 1188,660 (cooldown active, search 0 ms)
2026-07-20 14:03:23 [motherlode] FindFilledBlock: found at 1188,660 (27x27 0x00B809 tol=5, 16 ms)
2026-07-20 14:03:23 [motherlode] Clicked STABLE target at 1188,660 (search 16 ms)
2026-07-20 14:03:23 [motherlode] FindFilledBlock: found at 1190,686 (27x27 0x00B809 tol=5, 16 ms)
2026-07-20 14:03:23 [motherlode] Tracking not-yet-stable target at 1190,686 (search 16 ms)
2026-07-20 14:03:23 [motherlode] FindFilledBlock: found at 1190,686 (27x27 0x00B809 tol=5, 0 ms)
2026-07-20 14:03:23 [motherlode] Tracking not-yet-stable target at 1190,686 (search 0 ms)
2026-07-20 14:03:23 [motherlode] FindFilledBlock: found at 1188,660 (27x27 0x00B809 tol=5, 15 ms)
2026-07-20 14:03:23 [motherlode] Tracking not-yet-stable target at 1188,660 (search 15 ms)
2026-07-20 14:03:23 [motherlode] FindFilledBlock: found at 1188,660 (27x27 0x00B809 tol=5, 16 ms)
2026-07-20 14:03:24 [motherlode] Tracking not-yet-stable target at 1188,660 (search 16 ms)
2026-07-20 14:03:24 [motherlode] FindFilledBlock: found at 1188,660 (27x27 0x00B809 tol=5, 0 ms)
2026-07-20 14:03:24 [motherlode] Tracking stable target at 1188,660 (cooldown active, search 0 ms)
2026-07-20 14:03:24 [motherlode] FindFilledBlock: found at 1188,660 (27x27 0x00B809 tol=5, 16 ms)
2026-07-20 14:03:24 [motherlode] Tracking stable target at 1188,660 (cooldown active, search 16 ms)
2026-07-20 14:03:24 [motherlode] FindFilledBlock: found at 1188,660 (27x27 0x00B809 tol=5, 16 ms)
2026-07-20 14:03:24 [motherlode] Tracking stable target at 1188,660 (cooldown active, search 16 ms)
2026-07-20 14:03:24 [motherlode] FindFilledBlock: found at 1188,660 (27x27 0x00B809 tol=5, 0 ms)
2026-07-20 14:03:24 [motherlode] Tracking stable target at 1188,660 (cooldown active, search 0 ms)
2026-07-20 14:03:24 [motherlode] FindFilledBlock: found at 1188,660 (27x27 0x00B809 tol=5, 0 ms)
2026-07-20 14:03:24 [motherlode] Tracking stable target at 1188,660 (cooldown active, search 0 ms)
2026-07-20 14:03:24 [motherlode] FindFilledBlock: found at 1188,660 (27x27 0x00B809 tol=5, 0 ms)
2026-07-20 14:03:25 [motherlode] Clicked STABLE target at 1188,660 (search 0 ms)
2026-07-20 14:03:25 [motherlode] FindFilledBlock: found at 1190,686 (27x27 0x00B809 tol=5, 0 ms)
2026-07-20 14:03:25 [motherlode] Tracking not-yet-stable target at 1190,686 (search 15 ms)
2026-07-20 14:03:25 [motherlode] FindFilledBlock: found at 1190,686 (27x27 0x00B809 tol=5, 0 ms)
2026-07-20 14:03:25 [motherlode] Tracking not-yet-stable target at 1190,686 (search 0 ms)
2026-07-20 14:03:25 [motherlode] FindFilledBlock: found at 1188,660 (27x27 0x00B809 tol=5, 0 ms)
2026-07-20 14:03:25 [motherlode] Tracking not-yet-stable target at 1188,660 (search 0 ms)
2026-07-20 14:03:25 [motherlode] FindFilledBlock: found at 1188,660 (27x27 0x00B809 tol=5, 16 ms)
2026-07-20 14:03:25 [motherlode] Tracking not-yet-stable target at 1188,660 (search 16 ms)
2026-07-20 14:03:25 [motherlode] FindFilledBlock: found at 1188,660 (27x27 0x00B809 tol=5, 0 ms)
2026-07-20 14:03:25 [motherlode] Tracking stable target at 1188,660 (cooldown active, search 0 ms)
2026-07-20 14:03:26 [motherlode] FindFilledBlock: found at 1188,660 (27x27 0x00B809 tol=5, 15 ms)
2026-07-20 14:03:26 [motherlode] Tracking stable target at 1188,660 (cooldown active, search 15 ms)
2026-07-20 14:03:26 [motherlode] TrackAndClick: until-condition met (127093 ms total)
2026-07-20 14:03:26 [motherlode] Inventory full - depositing into hopper (cycle 2/7)
2026-07-20 14:03:26 [motherlode] Hopper: waiting for hopper marker
2026-07-20 14:03:26 [motherlode] FindFilledBlock: found at 1120,592 (27x27 0xC9FFC4 tol=5, 46 ms)
2026-07-20 14:03:26 [motherlode] Hopper: clicking hopper at 1120,592
2026-07-20 14:03:26 [motherlode] Hopper: waiting for a slot to empty
2026-07-20 14:03:28 [motherlode] Hopper: a slot emptied - back to mining
2026-07-20 14:03:28 [motherlode] FindFilledBlock: not found (27x27 0x00FF00 tol=5, 0 ms)
2026-07-20 14:03:28 [motherlode] FindFilledBlock: not found (27x27 0x00B809 tol=5, 0 ms)
2026-07-20 14:03:28 [motherlode] Acquire ring 100: not found (16 ms)
2026-07-20 14:03:28 [motherlode] FindFilledBlock: not found (27x27 0x00FF00 tol=5, 15 ms)
2026-07-20 14:03:28 [motherlode] FindFilledBlock: found at 1346,788 (27x27 0x00B809 tol=5, 16 ms)
2026-07-20 14:03:28 [motherlode] Acquired new target at 1346,788 (0x00B809, ring 300, 47 ms)
2026-07-20 14:03:28 [motherlode] FindFilledBlock: found at 1354,794 (27x27 0x00B809 tol=5, 16 ms)
2026-07-20 14:03:29 [motherlode] Clicked initial/re-click target at 1354,794 (search 16 ms)
2026-07-20 14:03:29 [motherlode] FindFilledBlock: found at 1380,798 (27x27 0x00B809 tol=5, 0 ms)
2026-07-20 14:03:29 [motherlode] Tracking not-yet-stable target at 1380,798 (search 0 ms)
2026-07-20 14:03:29 [motherlode] FindFilledBlock: found at 1384,798 (27x27 0x00B809 tol=5, 0 ms)
2026-07-20 14:03:29 [motherlode] Tracking not-yet-stable target at 1384,798 (search 0 ms)
2026-07-20 14:03:29 [motherlode] FindFilledBlock: found at 1388,800 (27x27 0x00B809 tol=5, 0 ms)
2026-07-20 14:03:29 [motherlode] Tracking stable target at 1388,800 (cooldown active, search 0 ms)
2026-07-20 14:03:29 [motherlode] FindFilledBlock: found at 1390,800 (27x27 0x00B809 tol=5, 16 ms)
2026-07-20 14:03:29 [motherlode] Tracking stable target at 1390,800 (cooldown active, search 16 ms)
2026-07-20 14:03:29 [motherlode] FindFilledBlock: found at 1392,800 (27x27 0x00B809 tol=5, 0 ms)
2026-07-20 14:03:29 [motherlode] Tracking stable target at 1392,800 (cooldown active, search 0 ms)
2026-07-20 14:03:30 [motherlode] FindFilledBlock: found at 1392,800 (27x27 0x00B809 tol=5, 15 ms)
2026-07-20 14:03:30 [motherlode] Tracking stable target at 1392,800 (cooldown active, search 15 ms)
2026-07-20 14:03:30 [motherlode] FindFilledBlock: found at 1392,800 (27x27 0x00B809 tol=5, 16 ms)
2026-07-20 14:03:30 [motherlode] Tracking stable target at 1392,800 (cooldown active, search 16 ms)
2026-07-20 14:03:30 [motherlode] FindFilledBlock: found at 1374,796 (27x27 0x00B809 tol=5, 0 ms)
2026-07-20 14:03:30 [motherlode] Tracking not-yet-stable target at 1374,796 (search 0 ms)
2026-07-20 14:03:30 [motherlode] FindFilledBlock: found at 1358,780 (27x27 0x00B809 tol=5, 0 ms)
2026-07-20 14:03:30 [motherlode] Tracking not-yet-stable target at 1358,780 (search 0 ms)
2026-07-20 14:03:30 [motherlode] FindFilledBlock: found at 1334,768 (27x27 0x00B809 tol=5, 0 ms)
2026-07-20 14:03:30 [motherlode] Tracking not-yet-stable target at 1334,768 (search 0 ms)
2026-07-20 14:03:30 [motherlode] FindFilledBlock: found at 1316,746 (27x27 0x00B809 tol=5, 0 ms)
2026-07-20 14:03:30 [motherlode] Tracking not-yet-stable target at 1316,746 (search 0 ms)
2026-07-20 14:03:31 [motherlode] FindFilledBlock: found at 1306,726 (27x27 0x00B809 tol=5, 0 ms)
2026-07-20 14:03:31 [motherlode] Tracking not-yet-stable target at 1306,726 (search 0 ms)
2026-07-20 14:03:31 [motherlode] FindFilledBlock: found at 1300,712 (27x27 0x00B809 tol=5, 15 ms)
2026-07-20 14:03:31 [motherlode] Tracking not-yet-stable target at 1300,712 (search 15 ms)
2026-07-20 14:03:31 [motherlode] FindFilledBlock: found at 1296,700 (27x27 0x00B809 tol=5, 16 ms)
2026-07-20 14:03:31 [motherlode] Tracking not-yet-stable target at 1296,700 (search 16 ms)
2026-07-20 14:03:31 [motherlode] FindFilledBlock: found at 1294,690 (27x27 0x00B809 tol=5, 16 ms)
2026-07-20 14:03:31 [motherlode] Tracking not-yet-stable target at 1294,690 (search 16 ms)
2026-07-20 14:03:31 [motherlode] FindFilledBlock: found at 1292,680 (27x27 0x00B809 tol=5, 16 ms)
2026-07-20 14:03:31 [motherlode] Tracking not-yet-stable target at 1292,680 (search 16 ms)
2026-07-20 14:03:31 [motherlode] FindFilledBlock: found at 1292,674 (27x27 0x00B809 tol=5, 0 ms)
2026-07-20 14:03:31 [motherlode] Tracking not-yet-stable target at 1292,674 (search 0 ms)
2026-07-20 14:03:32 [motherlode] FindFilledBlock: found at 1292,670 (27x27 0x00B809 tol=5, 0 ms)
2026-07-20 14:03:32 [motherlode] Tracking not-yet-stable target at 1292,670 (search 0 ms)
2026-07-20 14:03:32 [motherlode] FindFilledBlock: found at 1290,668 (27x27 0x00B809 tol=5, 0 ms)
2026-07-20 14:03:32 [motherlode] Clicked STABLE target at 1290,668 (search 0 ms)
2026-07-20 14:03:32 [motherlode] FindFilledBlock: found at 1290,694 (27x27 0x00B809 tol=5, 0 ms)
2026-07-20 14:03:32 [motherlode] Tracking not-yet-stable target at 1290,694 (search 0 ms)
2026-07-20 14:03:32 [motherlode] FindFilledBlock: found at 1290,694 (27x27 0x00B809 tol=5, 0 ms)
2026-07-20 14:03:32 [motherlode] Tracking not-yet-stable target at 1290,694 (search 0 ms)
2026-07-20 14:03:32 [motherlode] FindFilledBlock: found at 1290,666 (27x27 0x00B809 tol=5, 16 ms)
2026-07-20 14:03:32 [motherlode] Tracking not-yet-stable target at 1290,666 (search 16 ms)
2026-07-20 14:03:33 [motherlode] FindFilledBlock: found at 1290,666 (27x27 0x00B809 tol=5, 0 ms)
2026-07-20 14:03:33 [motherlode] Tracking not-yet-stable target at 1290,666 (search 0 ms)
2026-07-20 14:03:33 [motherlode] FindFilledBlock: found at 1290,666 (27x27 0x00B809 tol=5, 0 ms)
2026-07-20 14:03:33 [motherlode] Tracking stable target at 1290,666 (cooldown active, search 0 ms)
2026-07-20 14:03:33 [motherlode] FindFilledBlock: found at 1290,666 (27x27 0x00B809 tol=5, 0 ms)
2026-07-20 14:03:33 [motherlode] Tracking stable target at 1290,666 (cooldown active, search 0 ms)
2026-07-20 14:03:33 [motherlode] FindFilledBlock: found at 1290,666 (27x27 0x00B809 tol=5, 0 ms)
2026-07-20 14:03:33 [motherlode] Tracking stable target at 1290,666 (cooldown active, search 0 ms)
2026-07-20 14:03:33 [motherlode] FindFilledBlock: found at 1290,666 (27x27 0x00B809 tol=5, 16 ms)
2026-07-20 14:03:33 [motherlode] Tracking stable target at 1290,666 (cooldown active, search 16 ms)
2026-07-20 14:03:33 [motherlode] FindFilledBlock: found at 1290,666 (27x27 0x00B809 tol=5, 16 ms)
2026-07-20 14:03:33 [motherlode] Tracking stable target at 1290,666 (cooldown active, search 16 ms)
2026-07-20 14:03:34 [motherlode] FindFilledBlock: found at 1290,666 (27x27 0x00B809 tol=5, 15 ms)
2026-07-20 14:03:34 [motherlode] Clicked STABLE target at 1290,666 (search 15 ms)
2026-07-20 14:03:34 [motherlode] FindFilledBlock: found at 1290,692 (27x27 0x00B809 tol=5, 15 ms)
2026-07-20 14:03:34 [motherlode] Tracking not-yet-stable target at 1290,692 (search 15 ms)
2026-07-20 14:03:34 [motherlode] FindFilledBlock: found at 1290,692 (27x27 0x00B809 tol=5, 16 ms)
2026-07-20 14:03:34 [motherlode] Tracking not-yet-stable target at 1290,692 (search 16 ms)
2026-07-20 14:03:34 [motherlode] FindFilledBlock: found at 1290,666 (27x27 0x00B809 tol=5, 0 ms)
2026-07-20 14:03:34 [motherlode] Tracking not-yet-stable target at 1290,666 (search 0 ms)
2026-07-20 14:03:34 [motherlode] Esc pressed - exiting
2026-07-20 14:04:25 [motherlode] Script loaded. F5=start mine/hopper loop  F8=probe indicator slot  F6=stop  Esc=exit. Veins=0x00FF00/0x00B809
2026-07-20 14:04:27 [motherlode] Motherlode started: veins=0x00FF00/0x00B809 indicatorSlot=28 cycles=7
2026-07-20 14:04:27 [motherlode] FindFilledBlock: found at 1292,668 (27x27 0x00FF00 tol=5, 16 ms)
2026-07-20 14:04:27 [motherlode] FindFilledBlock: found at 1192,624 (27x27 0x00B809 tol=5, 0 ms)
2026-07-20 14:04:27 [motherlode] Acquired new target at 1292,668 (0x00FF00, ring 100, 31 ms)
2026-07-20 14:04:27 [motherlode] FindFilledBlock: found at 1292,668 (27x27 0x00FF00 tol=5, 15 ms)
2026-07-20 14:04:27 [motherlode] Clicked initial/re-click target at 1292,668 (search 15 ms)
2026-07-20 14:04:27 [motherlode] FindFilledBlock: found at 1290,694 (27x27 0x00FF00 tol=5, 0 ms)
2026-07-20 14:04:27 [motherlode] Tracking not-yet-stable target at 1290,694 (search 0 ms)
2026-07-20 14:04:27 [motherlode] FindFilledBlock: found at 1290,694 (27x27 0x00FF00 tol=5, 16 ms)
2026-07-20 14:04:27 [motherlode] Tracking not-yet-stable target at 1290,694 (search 16 ms)
2026-07-20 14:04:27 [motherlode] FindFilledBlock: found at 1292,668 (27x27 0x00FF00 tol=5, 0 ms)
2026-07-20 14:04:27 [motherlode] Tracking not-yet-stable target at 1292,668 (search 0 ms)
2026-07-20 14:04:28 [motherlode] FindFilledBlock: found at 1292,668 (27x27 0x00FF00 tol=5, 16 ms)
2026-07-20 14:04:28 [motherlode] Tracking not-yet-stable target at 1292,668 (search 16 ms)
2026-07-20 14:04:28 [motherlode] FindFilledBlock: found at 1292,668 (27x27 0x00FF00 tol=5, 0 ms)
2026-07-20 14:04:28 [motherlode] Tracking stable target at 1292,668 (cooldown active, search 0 ms)
2026-07-20 14:04:28 [motherlode] FindFilledBlock: found at 1292,668 (27x27 0x00FF00 tol=5, 0 ms)
2026-07-20 14:04:28 [motherlode] Tracking stable target at 1292,668 (cooldown active, search 0 ms)
2026-07-20 14:04:28 [motherlode] FindFilledBlock: found at 1292,668 (27x27 0x00FF00 tol=5, 16 ms)
2026-07-20 14:04:28 [motherlode] Tracking stable target at 1292,668 (cooldown active, search 16 ms)
2026-07-20 14:04:28 [motherlode] FindFilledBlock: found at 1292,668 (27x27 0x00FF00 tol=5, 0 ms)
2026-07-20 14:04:28 [motherlode] Tracking stable target at 1292,668 (cooldown active, search 0 ms)
2026-07-20 14:04:28 [motherlode] FindFilledBlock: found at 1292,668 (27x27 0x00FF00 tol=5, 15 ms)
2026-07-20 14:04:28 [motherlode] Tracking stable target at 1292,668 (cooldown active, search 15 ms)
2026-07-20 14:04:29 [motherlode] FindFilledBlock: found at 1292,668 (27x27 0x00FF00 tol=5, 16 ms)
2026-07-20 14:04:29 [motherlode] Clicked STABLE target at 1292,668 (search 16 ms)
2026-07-20 14:04:29 [motherlode] FindFilledBlock: found at 1290,694 (27x27 0x00FF00 tol=5, 0 ms)
2026-07-20 14:04:29 [motherlode] Tracking not-yet-stable target at 1290,694 (search 0 ms)
2026-07-20 14:04:29 [motherlode] FindFilledBlock: found at 1290,694 (27x27 0x00FF00 tol=5, 16 ms)
2026-07-20 14:04:29 [motherlode] Tracking not-yet-stable target at 1290,694 (search 16 ms)
2026-07-20 14:04:29 [motherlode] FindFilledBlock: found at 1292,668 (27x27 0x00FF00 tol=5, 16 ms)
2026-07-20 14:04:29 [motherlode] Tracking not-yet-stable target at 1292,668 (search 16 ms)
2026-07-20 14:04:29 [motherlode] FindFilledBlock: found at 1292,668 (27x27 0x00FF00 tol=5, 16 ms)
2026-07-20 14:04:29 [motherlode] Tracking not-yet-stable target at 1292,668 (search 16 ms)
2026-07-20 14:04:29 [motherlode] FindFilledBlock: found at 1292,668 (27x27 0x00FF00 tol=5, 16 ms)
2026-07-20 14:04:29 [motherlode] Tracking stable target at 1292,668 (cooldown active, search 16 ms)
2026-07-20 14:04:30 [motherlode] FindFilledBlock: found at 1292,668 (27x27 0x00FF00 tol=5, 0 ms)
2026-07-20 14:04:30 [motherlode] Tracking stable target at 1292,668 (cooldown active, search 0 ms)
2026-07-20 14:04:30 [motherlode] FindFilledBlock: found at 1292,668 (27x27 0x00FF00 tol=5, 0 ms)
2026-07-20 14:04:30 [motherlode] Tracking stable target at 1292,668 (cooldown active, search 0 ms)
2026-07-20 14:04:30 [motherlode] FindFilledBlock: found at 1292,668 (27x27 0x00FF00 tol=5, 0 ms)
2026-07-20 14:04:30 [motherlode] Tracking stable target at 1292,668 (cooldown active, search 0 ms)
2026-07-20 14:04:30 [motherlode] FindFilledBlock: found at 1292,668 (27x27 0x00FF00 tol=5, 0 ms)
2026-07-20 14:04:30 [motherlode] Tracking stable target at 1292,668 (cooldown active, search 0 ms)
2026-07-20 14:04:30 [motherlode] FindFilledBlock: found at 1292,668 (27x27 0x00FF00 tol=5, 0 ms)
2026-07-20 14:04:30 [motherlode] Tracking stable target at 1292,668 (cooldown active, search 0 ms)
2026-07-20 14:04:30 [motherlode] FindFilledBlock: found at 1292,668 (27x27 0x00FF00 tol=5, 0 ms)
2026-07-20 14:04:31 [motherlode] Clicked STABLE target at 1292,668 (search 0 ms)
2026-07-20 14:04:31 [motherlode] FindFilledBlock: found at 1290,694 (27x27 0x00FF00 tol=5, 16 ms)
2026-07-20 14:04:31 [motherlode] Tracking not-yet-stable target at 1290,694 (search 16 ms)
2026-07-20 14:04:31 [motherlode] FindFilledBlock: found at 1292,668 (27x27 0x00FF00 tol=5, 0 ms)
2026-07-20 14:04:31 [motherlode] Tracking not-yet-stable target at 1292,668 (search 0 ms)
2026-07-20 14:04:31 [motherlode] FindFilledBlock: found at 1292,668 (27x27 0x00FF00 tol=5, 15 ms)
2026-07-20 14:04:31 [motherlode] Tracking not-yet-stable target at 1292,668 (search 15 ms)
2026-07-20 14:04:31 [motherlode] FindFilledBlock: found at 1292,668 (27x27 0x00FF00 tol=5, 15 ms)
2026-07-20 14:04:31 [motherlode] Tracking stable target at 1292,668 (cooldown active, search 15 ms)
2026-07-20 14:04:31 [motherlode] FindFilledBlock: found at 1292,668 (27x27 0x00FF00 tol=5, 0 ms)
2026-07-20 14:04:31 [motherlode] Tracking stable target at 1292,668 (cooldown active, search 0 ms)
2026-07-20 14:04:32 [motherlode] FindFilledBlock: found at 1292,668 (27x27 0x00FF00 tol=5, 16 ms)
2026-07-20 14:04:32 [motherlode] Tracking stable target at 1292,668 (cooldown active, search 16 ms)
2026-07-20 14:04:32 [motherlode] FindFilledBlock: found at 1292,668 (27x27 0x00FF00 tol=5, 15 ms)
2026-07-20 14:04:32 [motherlode] Tracking stable target at 1292,668 (cooldown active, search 15 ms)
2026-07-20 14:04:32 [motherlode] FindFilledBlock: found at 1292,668 (27x27 0x00FF00 tol=5, 16 ms)
2026-07-20 14:04:32 [motherlode] Tracking stable target at 1292,668 (cooldown active, search 16 ms)
2026-07-20 14:04:32 [motherlode] FindFilledBlock: found at 1292,668 (27x27 0x00FF00 tol=5, 16 ms)
2026-07-20 14:04:32 [motherlode] Tracking stable target at 1292,668 (cooldown active, search 16 ms)
2026-07-20 14:04:32 [motherlode] FindFilledBlock: found at 1292,668 (27x27 0x00FF00 tol=5, 15 ms)
2026-07-20 14:04:32 [motherlode] Clicked STABLE target at 1292,668 (search 15 ms)
2026-07-20 14:04:33 [motherlode] FindFilledBlock: found at 1290,694 (27x27 0x00FF00 tol=5, 0 ms)
2026-07-20 14:04:33 [motherlode] Tracking not-yet-stable target at 1290,694 (search 0 ms)
2026-07-20 14:04:33 [motherlode] FindFilledBlock: found at 1292,668 (27x27 0x00FF00 tol=5, 0 ms)
2026-07-20 14:04:33 [motherlode] Tracking not-yet-stable target at 1292,668 (search 15 ms)
2026-07-20 14:04:33 [motherlode] FindFilledBlock: found at 1292,668 (27x27 0x00FF00 tol=5, 0 ms)
2026-07-20 14:04:33 [motherlode] Tracking not-yet-stable target at 1292,668 (search 0 ms)
2026-07-20 14:04:33 [motherlode] FindFilledBlock: found at 1292,668 (27x27 0x00FF00 tol=5, 0 ms)
2026-07-20 14:04:33 [motherlode] Tracking stable target at 1292,668 (cooldown active, search 16 ms)
2026-07-20 14:04:33 [motherlode] FindFilledBlock: found at 1292,668 (27x27 0x00FF00 tol=5, 16 ms)
2026-07-20 14:04:33 [motherlode] Tracking stable target at 1292,668 (cooldown active, search 16 ms)
2026-07-20 14:04:33 [motherlode] FindFilledBlock: found at 1292,668 (27x27 0x00FF00 tol=5, 15 ms)
2026-07-20 14:04:33 [motherlode] Tracking stable target at 1292,668 (cooldown active, search 15 ms)
2026-07-20 14:04:33 [motherlode] FindFilledBlock: found at 1292,668 (27x27 0x00FF00 tol=5, 16 ms)
2026-07-20 14:04:33 [motherlode] Tracking stable target at 1292,668 (cooldown active, search 16 ms)
2026-07-20 14:04:34 [motherlode] FindFilledBlock: found at 1292,668 (27x27 0x00FF00 tol=5, 15 ms)
2026-07-20 14:04:34 [motherlode] Tracking stable target at 1292,668 (cooldown active, search 15 ms)
2026-07-20 14:04:34 [motherlode] FindFilledBlock: found at 1292,668 (27x27 0x00FF00 tol=5, 0 ms)
2026-07-20 14:04:34 [motherlode] Tracking stable target at 1292,668 (cooldown active, search 0 ms)
2026-07-20 14:04:34 [motherlode] FindFilledBlock: found at 1292,668 (27x27 0x00FF00 tol=5, 0 ms)
2026-07-20 14:04:34 [motherlode] Tracking stable target at 1292,668 (cooldown active, search 0 ms)
2026-07-20 14:04:34 [motherlode] FindFilledBlock: found at 1292,668 (27x27 0x00FF00 tol=5, 0 ms)
2026-07-20 14:04:34 [motherlode] Clicked STABLE target at 1292,668 (search 0 ms)
2026-07-20 14:04:34 [motherlode] FindFilledBlock: found at 1290,694 (27x27 0x00FF00 tol=5, 0 ms)
2026-07-20 14:04:34 [motherlode] Tracking not-yet-stable target at 1290,694 (search 0 ms)
2026-07-20 14:04:35 [motherlode] FindFilledBlock: found at 1290,694 (27x27 0x00FF00 tol=5, 0 ms)
2026-07-20 14:04:35 [motherlode] Tracking not-yet-stable target at 1290,694 (search 0 ms)
2026-07-20 14:04:35 [motherlode] FindFilledBlock: found at 1292,668 (27x27 0x00FF00 tol=5, 0 ms)
2026-07-20 14:04:35 [motherlode] Tracking not-yet-stable target at 1292,668 (search 0 ms)
2026-07-20 14:04:35 [motherlode] FindFilledBlock: found at 1292,668 (27x27 0x00FF00 tol=5, 16 ms)
2026-07-20 14:04:35 [motherlode] Tracking not-yet-stable target at 1292,668 (search 16 ms)
2026-07-20 14:04:35 [motherlode] FindFilledBlock: found at 1292,668 (27x27 0x00FF00 tol=5, 15 ms)
2026-07-20 14:04:35 [motherlode] Tracking stable target at 1292,668 (cooldown active, search 15 ms)
2026-07-20 14:04:35 [motherlode] FindFilledBlock: found at 1292,668 (27x27 0x00FF00 tol=5, 16 ms)
2026-07-20 14:04:35 [motherlode] Tracking stable target at 1292,668 (cooldown active, search 16 ms)
2026-07-20 14:04:35 [motherlode] FindFilledBlock: found at 1292,668 (27x27 0x00FF00 tol=5, 15 ms)
2026-07-20 14:04:35 [motherlode] Tracking stable target at 1292,668 (cooldown active, search 15 ms)
2026-07-20 14:04:35 [motherlode] FindFilledBlock: found at 1292,668 (27x27 0x00FF00 tol=5, 16 ms)
2026-07-20 14:04:36 [motherlode] Tracking stable target at 1292,668 (cooldown active, search 16 ms)
2026-07-20 14:04:36 [motherlode] FindFilledBlock: found at 1292,668 (27x27 0x00FF00 tol=5, 0 ms)
2026-07-20 14:04:36 [motherlode] Tracking stable target at 1292,668 (cooldown active, search 0 ms)
2026-07-20 14:04:36 [motherlode] FindFilledBlock: found at 1292,668 (27x27 0x00FF00 tol=5, 16 ms)
2026-07-20 14:04:36 [motherlode] Clicked STABLE target at 1292,668 (search 16 ms)
2026-07-20 14:04:36 [motherlode] FindFilledBlock: found at 1290,694 (27x27 0x00FF00 tol=5, 16 ms)
2026-07-20 14:04:36 [motherlode] Tracking not-yet-stable target at 1290,694 (search 16 ms)
2026-07-20 14:04:36 [motherlode] FindFilledBlock: found at 1290,694 (27x27 0x00FF00 tol=5, 0 ms)
2026-07-20 14:04:36 [motherlode] Tracking not-yet-stable target at 1290,694 (search 0 ms)
2026-07-20 14:04:36 [motherlode] FindFilledBlock: found at 1292,668 (27x27 0x00FF00 tol=5, 15 ms)
2026-07-20 14:04:36 [motherlode] Tracking not-yet-stable target at 1292,668 (search 15 ms)
2026-07-20 14:04:37 [motherlode] FindFilledBlock: found at 1292,668 (27x27 0x00FF00 tol=5, 0 ms)
2026-07-20 14:04:37 [motherlode] Tracking not-yet-stable target at 1292,668 (search 0 ms)
2026-07-20 14:04:37 [motherlode] FindFilledBlock: found at 1292,668 (27x27 0x00FF00 tol=5, 0 ms)
2026-07-20 14:04:37 [motherlode] Tracking stable target at 1292,668 (cooldown active, search 0 ms)
2026-07-20 14:04:37 [motherlode] FindFilledBlock: found at 1292,668 (27x27 0x00FF00 tol=5, 0 ms)
2026-07-20 14:04:37 [motherlode] Tracking stable target at 1292,668 (cooldown active, search 0 ms)
2026-07-20 14:04:37 [motherlode] FindFilledBlock: found at 1292,668 (27x27 0x00FF00 tol=5, 0 ms)
2026-07-20 14:04:37 [motherlode] Tracking stable target at 1292,668 (cooldown active, search 0 ms)
2026-07-20 14:04:37 [motherlode] FindFilledBlock: found at 1292,668 (27x27 0x00FF00 tol=5, 0 ms)
2026-07-20 14:04:37 [motherlode] Tracking stable target at 1292,668 (cooldown active, search 0 ms)
2026-07-20 14:04:37 [motherlode] FindFilledBlock: found at 1292,668 (27x27 0x00FF00 tol=5, 0 ms)
2026-07-20 14:04:37 [motherlode] Tracking stable target at 1292,668 (cooldown active, search 0 ms)
2026-07-20 14:04:38 [motherlode] FindFilledBlock: found at 1292,668 (27x27 0x00FF00 tol=5, 16 ms)
2026-07-20 14:04:38 [motherlode] Clicked STABLE target at 1292,668 (search 16 ms)
2026-07-20 14:04:38 [motherlode] FindFilledBlock: found at 1290,694 (27x27 0x00FF00 tol=5, 16 ms)
2026-07-20 14:04:38 [motherlode] Tracking not-yet-stable target at 1290,694 (search 16 ms)
2026-07-20 14:04:38 [motherlode] FindFilledBlock: found at 1292,668 (27x27 0x00FF00 tol=5, 16 ms)
2026-07-20 14:04:38 [motherlode] Tracking not-yet-stable target at 1292,668 (search 16 ms)
2026-07-20 14:04:38 [motherlode] FindFilledBlock: found at 1292,668 (27x27 0x00FF00 tol=5, 15 ms)
2026-07-20 14:04:38 [motherlode] Tracking not-yet-stable target at 1292,668 (search 15 ms)
2026-07-20 14:04:38 [motherlode] FindFilledBlock: found at 1292,668 (27x27 0x00FF00 tol=5, 0 ms)
2026-07-20 14:04:38 [motherlode] Tracking stable target at 1292,668 (cooldown active, search 0 ms)
2026-07-20 14:04:39 [motherlode] FindFilledBlock: found at 1292,668 (27x27 0x00FF00 tol=5, 15 ms)
2026-07-20 14:04:39 [motherlode] Tracking stable target at 1292,668 (cooldown active, search 15 ms)
2026-07-20 14:04:39 [motherlode] FindFilledBlock: found at 1292,668 (27x27 0x00FF00 tol=5, 0 ms)
2026-07-20 14:04:39 [motherlode] Tracking stable target at 1292,668 (cooldown active, search 0 ms)
2026-07-20 14:04:39 [motherlode] FindFilledBlock: found at 1292,668 (27x27 0x00FF00 tol=5, 0 ms)
2026-07-20 14:04:39 [motherlode] Tracking stable target at 1292,668 (cooldown active, search 0 ms)
2026-07-20 14:04:39 [motherlode] FindFilledBlock: found at 1292,668 (27x27 0x00FF00 tol=5, 0 ms)
2026-07-20 14:04:39 [motherlode] Tracking stable target at 1292,668 (cooldown active, search 0 ms)
2026-07-20 14:04:39 [motherlode] FindFilledBlock: found at 1292,668 (27x27 0x00FF00 tol=5, 0 ms)
2026-07-20 14:04:39 [motherlode] Tracking stable target at 1292,668 (cooldown active, search 0 ms)
2026-07-20 14:04:39 [motherlode] FindFilledBlock: found at 1292,668 (27x27 0x00FF00 tol=5, 0 ms)
2026-07-20 14:04:40 [motherlode] Clicked STABLE target at 1292,668 (search 15 ms)
2026-07-20 14:04:40 [motherlode] FindFilledBlock: found at 1290,694 (27x27 0x00FF00 tol=5, 0 ms)
2026-07-20 14:04:40 [motherlode] Tracking not-yet-stable target at 1290,694 (search 0 ms)
2026-07-20 14:04:40 [motherlode] FindFilledBlock: found at 1292,668 (27x27 0x00FF00 tol=5, 15 ms)
2026-07-20 14:04:40 [motherlode] Tracking not-yet-stable target at 1292,668 (search 15 ms)
2026-07-20 14:04:40 [motherlode] FindFilledBlock: found at 1292,668 (27x27 0x00FF00 tol=5, 0 ms)
2026-07-20 14:04:40 [motherlode] Tracking not-yet-stable target at 1292,668 (search 0 ms)
2026-07-20 14:04:40 [motherlode] FindFilledBlock: found at 1292,668 (27x27 0x00FF00 tol=5, 15 ms)
2026-07-20 14:04:40 [motherlode] Tracking stable target at 1292,668 (cooldown active, search 15 ms)
2026-07-20 14:04:40 [motherlode] FindFilledBlock: found at 1292,668 (27x27 0x00FF00 tol=5, 0 ms)
2026-07-20 14:04:40 [motherlode] Tracking stable target at 1292,668 (cooldown active, search 15 ms)
2026-07-20 14:04:40 [motherlode] FindFilledBlock: found at 1292,668 (27x27 0x00FF00 tol=5, 16 ms)
2026-07-20 14:04:40 [motherlode] Tracking stable target at 1292,668 (cooldown active, search 16 ms)
2026-07-20 14:04:41 [motherlode] FindFilledBlock: found at 1292,668 (27x27 0x00FF00 tol=5, 16 ms)
2026-07-20 14:04:41 [motherlode] Tracking stable target at 1292,668 (cooldown active, search 16 ms)
2026-07-20 14:04:41 [motherlode] FindFilledBlock: found at 1292,668 (27x27 0x00FF00 tol=5, 0 ms)
2026-07-20 14:04:41 [motherlode] Tracking stable target at 1292,668 (cooldown active, search 0 ms)
2026-07-20 14:04:41 [motherlode] FindFilledBlock: found at 1292,668 (27x27 0x00FF00 tol=5, 0 ms)
2026-07-20 14:04:41 [motherlode] Tracking stable target at 1292,668 (cooldown active, search 0 ms)
2026-07-20 14:04:41 [motherlode] FindFilledBlock: found at 1292,668 (27x27 0x00FF00 tol=5, 0 ms)
2026-07-20 14:04:41 [motherlode] Clicked STABLE target at 1292,668 (search 0 ms)
2026-07-20 14:04:41 [motherlode] FindFilledBlock: found at 1290,694 (27x27 0x00FF00 tol=5, 0 ms)
2026-07-20 14:04:41 [motherlode] Tracking not-yet-stable target at 1290,694 (search 0 ms)
2026-07-20 14:04:42 [motherlode] FindFilledBlock: found at 1292,668 (27x27 0x00FF00 tol=5, 15 ms)
2026-07-20 14:04:42 [motherlode] Tracking not-yet-stable target at 1292,668 (search 15 ms)
2026-07-20 14:04:42 [motherlode] FindFilledBlock: found at 1292,668 (27x27 0x00FF00 tol=5, 0 ms)
2026-07-20 14:04:42 [motherlode] Tracking not-yet-stable target at 1292,668 (search 0 ms)
2026-07-20 14:04:42 [motherlode] FindFilledBlock: found at 1292,668 (27x27 0x00FF00 tol=5, 16 ms)
2026-07-20 14:04:42 [motherlode] Tracking stable target at 1292,668 (cooldown active, search 16 ms)
2026-07-20 14:04:42 [motherlode] FindFilledBlock: found at 1292,668 (27x27 0x00FF00 tol=5, 0 ms)
2026-07-20 14:04:42 [motherlode] Tracking stable target at 1292,668 (cooldown active, search 0 ms)
2026-07-20 14:04:42 [motherlode] FindFilledBlock: found at 1292,668 (27x27 0x00FF00 tol=5, 16 ms)
2026-07-20 14:04:42 [motherlode] Tracking stable target at 1292,668 (cooldown active, search 16 ms)
2026-07-20 14:04:42 [motherlode] FindFilledBlock: found at 1292,668 (27x27 0x00FF00 tol=5, 15 ms)
2026-07-20 14:04:42 [motherlode] Tracking stable target at 1292,668 (cooldown active, search 15 ms)
2026-07-20 14:04:43 [motherlode] FindFilledBlock: found at 1292,668 (27x27 0x00FF00 tol=5, 16 ms)
2026-07-20 14:04:43 [motherlode] Tracking stable target at 1292,668 (cooldown active, search 16 ms)
2026-07-20 14:04:43 [motherlode] FindFilledBlock: found at 1292,668 (27x27 0x00FF00 tol=5, 15 ms)
2026-07-20 14:04:43 [motherlode] Tracking stable target at 1292,668 (cooldown active, search 15 ms)
2026-07-20 14:04:43 [motherlode] FindFilledBlock: found at 1292,668 (27x27 0x00FF00 tol=5, 16 ms)
2026-07-20 14:04:43 [motherlode] Clicked STABLE target at 1292,668 (search 16 ms)
2026-07-20 14:04:43 [motherlode] FindFilledBlock: found at 1290,694 (27x27 0x00FF00 tol=5, 15 ms)
2026-07-20 14:04:43 [motherlode] Tracking not-yet-stable target at 1290,694 (search 15 ms)
2026-07-20 14:04:43 [motherlode] FindFilledBlock: found at 1290,694 (27x27 0x00FF00 tol=5, 0 ms)
2026-07-20 14:04:43 [motherlode] Tracking not-yet-stable target at 1290,694 (search 0 ms)
2026-07-20 14:04:43 [motherlode] FindFilledBlock: found at 1292,668 (27x27 0x00FF00 tol=5, 0 ms)
2026-07-20 14:04:43 [motherlode] Tracking not-yet-stable target at 1292,668 (search 0 ms)
2026-07-20 14:04:44 [motherlode] FindFilledBlock: found at 1292,668 (27x27 0x00FF00 tol=5, 0 ms)
2026-07-20 14:04:44 [motherlode] Tracking not-yet-stable target at 1292,668 (search 0 ms)
2026-07-20 14:04:44 [motherlode] FindFilledBlock: found at 1292,668 (27x27 0x00FF00 tol=5, 0 ms)
2026-07-20 14:04:44 [motherlode] Tracking stable target at 1292,668 (cooldown active, search 0 ms)
2026-07-20 14:04:44 [motherlode] FindFilledBlock: found at 1292,668 (27x27 0x00FF00 tol=5, 0 ms)
2026-07-20 14:04:44 [motherlode] Tracking stable target at 1292,668 (cooldown active, search 15 ms)
2026-07-20 14:04:44 [motherlode] FindFilledBlock: found at 1292,668 (27x27 0x00FF00 tol=5, 16 ms)
2026-07-20 14:04:44 [motherlode] Tracking stable target at 1292,668 (cooldown active, search 16 ms)
2026-07-20 14:04:44 [motherlode] FindFilledBlock: found at 1292,668 (27x27 0x00FF00 tol=5, 15 ms)
2026-07-20 14:04:44 [motherlode] Tracking stable target at 1292,668 (cooldown active, search 15 ms)
2026-07-20 14:04:44 [motherlode] FindFilledBlock: found at 1292,668 (27x27 0x00FF00 tol=5, 16 ms)
2026-07-20 14:04:44 [motherlode] Tracking stable target at 1292,668 (cooldown active, search 16 ms)
2026-07-20 14:04:45 [motherlode] FindFilledBlock: found at 1292,668 (27x27 0x00FF00 tol=5, 16 ms)
2026-07-20 14:04:45 [motherlode] Tracking stable target at 1292,668 (cooldown active, search 16 ms)
2026-07-20 14:04:45 [motherlode] FindFilledBlock: found at 1292,668 (27x27 0x00FF00 tol=5, 0 ms)
2026-07-20 14:04:45 [motherlode] Clicked STABLE target at 1292,668 (search 0 ms)
2026-07-20 14:04:45 [motherlode] FindFilledBlock: found at 1290,694 (27x27 0x00FF00 tol=5, 0 ms)
2026-07-20 14:04:45 [motherlode] Tracking not-yet-stable target at 1290,694 (search 0 ms)
2026-07-20 14:04:45 [motherlode] FindFilledBlock: found at 1290,694 (27x27 0x00FF00 tol=5, 0 ms)
2026-07-20 14:04:45 [motherlode] Tracking not-yet-stable target at 1290,694 (search 0 ms)
2026-07-20 14:04:45 [motherlode] FindFilledBlock: found at 1292,668 (27x27 0x00FF00 tol=5, 0 ms)
2026-07-20 14:04:45 [motherlode] Tracking not-yet-stable target at 1292,668 (search 0 ms)
2026-07-20 14:04:46 [motherlode] FindFilledBlock: found at 1292,668 (27x27 0x00FF00 tol=5, 0 ms)
2026-07-20 14:04:46 [motherlode] Tracking not-yet-stable target at 1292,668 (search 0 ms)
2026-07-20 14:04:46 [motherlode] FindFilledBlock: found at 1292,668 (27x27 0x00FF00 tol=5, 16 ms)
2026-07-20 14:04:46 [motherlode] Tracking stable target at 1292,668 (cooldown active, search 16 ms)
2026-07-20 14:04:46 [motherlode] FindFilledBlock: found at 1292,668 (27x27 0x00FF00 tol=5, 0 ms)
2026-07-20 14:04:46 [motherlode] Tracking stable target at 1292,668 (cooldown active, search 0 ms)
2026-07-20 14:04:46 [motherlode] FindFilledBlock: found at 1292,668 (27x27 0x00FF00 tol=5, 15 ms)
2026-07-20 14:04:46 [motherlode] Tracking stable target at 1292,668 (cooldown active, search 15 ms)
2026-07-20 14:04:46 [motherlode] FindFilledBlock: found at 1292,668 (27x27 0x00FF00 tol=5, 0 ms)
2026-07-20 14:04:46 [motherlode] Tracking stable target at 1292,668 (cooldown active, search 0 ms)
2026-07-20 14:04:46 [motherlode] FindFilledBlock: found at 1292,668 (27x27 0x00FF00 tol=5, 16 ms)
2026-07-20 14:04:46 [motherlode] Tracking stable target at 1292,668 (cooldown active, search 16 ms)
2026-07-20 14:04:46 [motherlode] FindFilledBlock: found at 1292,668 (27x27 0x00FF00 tol=5, 0 ms)
2026-07-20 14:04:47 [motherlode] Clicked STABLE target at 1292,668 (search 0 ms)
2026-07-20 14:04:47 [motherlode] FindFilledBlock: found at 1290,694 (27x27 0x00FF00 tol=5, 15 ms)
2026-07-20 14:04:47 [motherlode] Tracking not-yet-stable target at 1290,694 (search 15 ms)
2026-07-20 14:04:47 [motherlode] FindFilledBlock: found at 1290,694 (27x27 0x00FF00 tol=5, 16 ms)
2026-07-20 14:04:47 [motherlode] Tracking not-yet-stable target at 1290,694 (search 16 ms)
2026-07-20 14:04:47 [motherlode] FindFilledBlock: found at 1292,668 (27x27 0x00FF00 tol=5, 0 ms)
2026-07-20 14:04:47 [motherlode] Tracking not-yet-stable target at 1292,668 (search 0 ms)
2026-07-20 14:04:47 [motherlode] FindFilledBlock: found at 1292,668 (27x27 0x00FF00 tol=5, 16 ms)
2026-07-20 14:04:47 [motherlode] Tracking not-yet-stable target at 1292,668 (search 16 ms)
2026-07-20 14:04:47 [motherlode] FindFilledBlock: found at 1292,668 (27x27 0x00FF00 tol=5, 0 ms)
2026-07-20 14:04:47 [motherlode] Tracking stable target at 1292,668 (cooldown active, search 0 ms)
2026-07-20 14:04:48 [motherlode] FindFilledBlock: found at 1292,668 (27x27 0x00FF00 tol=5, 0 ms)
2026-07-20 14:04:48 [motherlode] Tracking stable target at 1292,668 (cooldown active, search 0 ms)
2026-07-20 14:04:48 [motherlode] FindFilledBlock: found at 1292,668 (27x27 0x00FF00 tol=5, 0 ms)
2026-07-20 14:04:48 [motherlode] Tracking stable target at 1292,668 (cooldown active, search 0 ms)
2026-07-20 14:04:48 [motherlode] FindFilledBlock: found at 1292,668 (27x27 0x00FF00 tol=5, 0 ms)
2026-07-20 14:04:48 [motherlode] Tracking stable target at 1292,668 (cooldown active, search 0 ms)
2026-07-20 14:04:48 [motherlode] FindFilledBlock: found at 1292,668 (27x27 0x00FF00 tol=5, 0 ms)
2026-07-20 14:04:48 [motherlode] Tracking stable target at 1292,668 (cooldown active, search 15 ms)
2026-07-20 14:04:48 [motherlode] FindFilledBlock: found at 1292,668 (27x27 0x00FF00 tol=5, 16 ms)
2026-07-20 14:04:48 [motherlode] Clicked STABLE target at 1292,668 (search 16 ms)
2026-07-20 14:04:49 [motherlode] FindFilledBlock: found at 1290,694 (27x27 0x00FF00 tol=5, 15 ms)
2026-07-20 14:04:49 [motherlode] Tracking not-yet-stable target at 1290,694 (search 15 ms)
2026-07-20 14:04:49 [motherlode] FindFilledBlock: found at 1290,694 (27x27 0x00FF00 tol=5, 16 ms)
2026-07-20 14:04:49 [motherlode] Tracking not-yet-stable target at 1290,694 (search 16 ms)
2026-07-20 14:04:49 [motherlode] FindFilledBlock: found at 1292,668 (27x27 0x00FF00 tol=5, 0 ms)
2026-07-20 14:04:49 [motherlode] Tracking not-yet-stable target at 1292,668 (search 0 ms)
2026-07-20 14:04:49 [motherlode] FindFilledBlock: found at 1292,668 (27x27 0x00FF00 tol=5, 16 ms)
2026-07-20 14:04:49 [motherlode] Tracking not-yet-stable target at 1292,668 (search 16 ms)
2026-07-20 14:04:49 [motherlode] FindFilledBlock: found at 1292,668 (27x27 0x00FF00 tol=5, 15 ms)
2026-07-20 14:04:49 [motherlode] Tracking stable target at 1292,668 (cooldown active, search 15 ms)
2026-07-20 14:04:49 [motherlode] FindFilledBlock: found at 1292,668 (27x27 0x00FF00 tol=5, 0 ms)
2026-07-20 14:04:49 [motherlode] Tracking stable target at 1292,668 (cooldown active, search 0 ms)
2026-07-20 14:04:49 [motherlode] FindFilledBlock: found at 1292,668 (27x27 0x00FF00 tol=5, 0 ms)
2026-07-20 14:04:49 [motherlode] Tracking stable target at 1292,668 (cooldown active, search 0 ms)
2026-07-20 14:04:50 [motherlode] FindFilledBlock: found at 1292,668 (27x27 0x00FF00 tol=5, 0 ms)
2026-07-20 14:04:50 [motherlode] Tracking stable target at 1292,668 (cooldown active, search 16 ms)
2026-07-20 14:04:50 [motherlode] FindFilledBlock: found at 1292,668 (27x27 0x00FF00 tol=5, 0 ms)
2026-07-20 14:04:50 [motherlode] Tracking stable target at 1292,668 (cooldown active, search 0 ms)
2026-07-20 14:04:50 [motherlode] FindFilledBlock: found at 1292,668 (27x27 0x00FF00 tol=5, 0 ms)
2026-07-20 14:04:50 [motherlode] Clicked STABLE target at 1292,668 (search 15 ms)
2026-07-20 14:04:50 [motherlode] FindFilledBlock: found at 1290,694 (27x27 0x00FF00 tol=5, 15 ms)
2026-07-20 14:04:50 [motherlode] Tracking not-yet-stable target at 1290,694 (search 15 ms)
2026-07-20 14:04:50 [motherlode] FindFilledBlock: found at 1290,694 (27x27 0x00FF00 tol=5, 16 ms)
2026-07-20 14:04:51 [motherlode] Tracking not-yet-stable target at 1290,694 (search 16 ms)
2026-07-20 14:04:51 [motherlode] FindFilledBlock: found at 1292,668 (27x27 0x00FF00 tol=5, 0 ms)
2026-07-20 14:04:51 [motherlode] Tracking not-yet-stable target at 1292,668 (search 0 ms)
2026-07-20 14:04:51 [motherlode] FindFilledBlock: found at 1292,668 (27x27 0x00FF00 tol=5, 16 ms)
2026-07-20 14:04:51 [motherlode] Tracking not-yet-stable target at 1292,668 (search 16 ms)
2026-07-20 14:04:51 [motherlode] FindFilledBlock: found at 1292,668 (27x27 0x00FF00 tol=5, 0 ms)
2026-07-20 14:04:51 [motherlode] Tracking stable target at 1292,668 (cooldown active, search 0 ms)
2026-07-20 14:04:51 [motherlode] FindFilledBlock: found at 1292,668 (27x27 0x00FF00 tol=5, 15 ms)
2026-07-20 14:04:51 [motherlode] Tracking stable target at 1292,668 (cooldown active, search 15 ms)
2026-07-20 14:04:51 [motherlode] FindFilledBlock: found at 1292,668 (27x27 0x00FF00 tol=5, 0 ms)
2026-07-20 14:04:51 [motherlode] Tracking stable target at 1292,668 (cooldown active, search 0 ms)
2026-07-20 14:04:51 [motherlode] FindFilledBlock: found at 1292,668 (27x27 0x00FF00 tol=5, 0 ms)
2026-07-20 14:04:51 [motherlode] Tracking stable target at 1292,668 (cooldown active, search 0 ms)
2026-07-20 14:04:52 [motherlode] FindFilledBlock: found at 1292,668 (27x27 0x00FF00 tol=5, 16 ms)
2026-07-20 14:04:52 [motherlode] Tracking stable target at 1292,668 (cooldown active, search 16 ms)
2026-07-20 14:04:52 [motherlode] FindFilledBlock: found at 1292,668 (27x27 0x00FF00 tol=5, 16 ms)
2026-07-20 14:04:52 [motherlode] Clicked STABLE target at 1292,668 (search 16 ms)
2026-07-20 14:04:52 [motherlode] FindFilledBlock: found at 1290,694 (27x27 0x00FF00 tol=5, 15 ms)
2026-07-20 14:04:52 [motherlode] Tracking not-yet-stable target at 1290,694 (search 15 ms)
2026-07-20 14:04:52 [motherlode] FindFilledBlock: found at 1290,694 (27x27 0x00FF00 tol=5, 16 ms)
2026-07-20 14:04:52 [motherlode] Tracking not-yet-stable target at 1290,694 (search 16 ms)
2026-07-20 14:04:52 [motherlode] FindFilledBlock: found at 1292,668 (27x27 0x00FF00 tol=5, 0 ms)
2026-07-20 14:04:52 [motherlode] Tracking not-yet-stable target at 1292,668 (search 0 ms)
2026-07-20 14:04:53 [motherlode] FindFilledBlock: found at 1292,668 (27x27 0x00FF00 tol=5, 16 ms)
2026-07-20 14:04:53 [motherlode] Tracking not-yet-stable target at 1292,668 (search 16 ms)
2026-07-20 14:04:53 [motherlode] FindFilledBlock: found at 1292,668 (27x27 0x00FF00 tol=5, 15 ms)
2026-07-20 14:04:53 [motherlode] Tracking stable target at 1292,668 (cooldown active, search 15 ms)
2026-07-20 14:04:53 [motherlode] FindFilledBlock: found at 1292,668 (27x27 0x00FF00 tol=5, 0 ms)
2026-07-20 14:04:53 [motherlode] Tracking stable target at 1292,668 (cooldown active, search 0 ms)
2026-07-20 14:04:53 [motherlode] FindFilledBlock: found at 1292,668 (27x27 0x00FF00 tol=5, 0 ms)
2026-07-20 14:04:53 [motherlode] Tracking stable target at 1292,668 (cooldown active, search 0 ms)
2026-07-20 14:04:53 [motherlode] FindFilledBlock: found at 1292,668 (27x27 0x00FF00 tol=5, 0 ms)
2026-07-20 14:04:53 [motherlode] Tracking stable target at 1292,668 (cooldown active, search 16 ms)
2026-07-20 14:04:53 [motherlode] FindFilledBlock: found at 1292,668 (27x27 0x00FF00 tol=5, 0 ms)
2026-07-20 14:04:53 [motherlode] Tracking stable target at 1292,668 (cooldown active, search 0 ms)
2026-07-20 14:04:53 [motherlode] FindFilledBlock: found at 1292,668 (27x27 0x00FF00 tol=5, 0 ms)
2026-07-20 14:04:53 [motherlode] Tracking stable target at 1292,668 (cooldown active, search 0 ms)
2026-07-20 14:04:54 [motherlode] FindFilledBlock: found at 1292,668 (27x27 0x00FF00 tol=5, 0 ms)
2026-07-20 14:04:54 [motherlode] Clicked STABLE target at 1292,668 (search 0 ms)
2026-07-20 14:04:54 [motherlode] FindFilledBlock: found at 1290,694 (27x27 0x00FF00 tol=5, 0 ms)
2026-07-20 14:04:54 [motherlode] Tracking not-yet-stable target at 1290,694 (search 16 ms)
2026-07-20 14:04:54 [motherlode] FindFilledBlock: found at 1292,668 (27x27 0x00FF00 tol=5, 16 ms)
2026-07-20 14:04:54 [motherlode] Tracking not-yet-stable target at 1292,668 (search 16 ms)
2026-07-20 14:04:54 [motherlode] FindFilledBlock: found at 1292,668 (27x27 0x00FF00 tol=5, 15 ms)
2026-07-20 14:04:54 [motherlode] Tracking not-yet-stable target at 1292,668 (search 15 ms)
2026-07-20 14:04:54 [motherlode] FindFilledBlock: found at 1292,668 (27x27 0x00FF00 tol=5, 16 ms)
2026-07-20 14:04:55 [motherlode] Tracking stable target at 1292,668 (cooldown active, search 16 ms)
2026-07-20 14:04:55 [motherlode] FindFilledBlock: found at 1292,668 (27x27 0x00FF00 tol=5, 15 ms)
2026-07-20 14:04:55 [motherlode] Tracking stable target at 1292,668 (cooldown active, search 15 ms)
2026-07-20 14:04:55 [motherlode] FindFilledBlock: found at 1292,668 (27x27 0x00FF00 tol=5, 0 ms)
2026-07-20 14:04:55 [motherlode] Tracking stable target at 1292,668 (cooldown active, search 0 ms)
2026-07-20 14:04:55 [motherlode] FindFilledBlock: found at 1292,668 (27x27 0x00FF00 tol=5, 15 ms)
2026-07-20 14:04:55 [motherlode] Tracking stable target at 1292,668 (cooldown active, search 15 ms)
2026-07-20 14:04:55 [motherlode] FindFilledBlock: found at 1292,668 (27x27 0x00FF00 tol=5, 0 ms)
2026-07-20 14:04:55 [motherlode] Tracking stable target at 1292,668 (cooldown active, search 0 ms)
2026-07-20 14:04:55 [motherlode] FindFilledBlock: found at 1292,668 (27x27 0x00FF00 tol=5, 16 ms)
2026-07-20 14:04:55 [motherlode] Tracking stable target at 1292,668 (cooldown active, search 16 ms)
2026-07-20 14:04:55 [motherlode] FindFilledBlock: found at 1292,668 (27x27 0x00FF00 tol=5, 0 ms)
2026-07-20 14:04:56 [motherlode] Clicked STABLE target at 1292,668 (search 0 ms)
2026-07-20 14:04:56 [motherlode] FindFilledBlock: found at 1290,694 (27x27 0x00FF00 tol=5, 16 ms)
2026-07-20 14:04:56 [motherlode] Tracking not-yet-stable target at 1290,694 (search 16 ms)
2026-07-20 14:04:56 [motherlode] FindFilledBlock: found at 1290,694 (27x27 0x00FF00 tol=5, 0 ms)
2026-07-20 14:04:56 [motherlode] Tracking not-yet-stable target at 1290,694 (search 0 ms)
2026-07-20 14:04:56 [motherlode] FindFilledBlock: found at 1292,668 (27x27 0x00FF00 tol=5, 16 ms)
2026-07-20 14:04:56 [motherlode] Tracking not-yet-stable target at 1292,668 (search 16 ms)
2026-07-20 14:04:56 [motherlode] FindFilledBlock: found at 1292,668 (27x27 0x00FF00 tol=5, 15 ms)
2026-07-20 14:04:56 [motherlode] Tracking not-yet-stable target at 1292,668 (search 15 ms)
2026-07-20 14:04:56 [motherlode] FindFilledBlock: found at 1292,668 (27x27 0x00FF00 tol=5, 0 ms)
2026-07-20 14:04:56 [motherlode] Tracking stable target at 1292,668 (cooldown active, search 0 ms)
2026-07-20 14:04:56 [motherlode] FindFilledBlock: found at 1292,668 (27x27 0x00FF00 tol=5, 16 ms)
2026-07-20 14:04:56 [motherlode] Tracking stable target at 1292,668 (cooldown active, search 16 ms)
2026-07-20 14:04:57 [motherlode] FindFilledBlock: found at 1292,668 (27x27 0x00FF00 tol=5, 16 ms)
2026-07-20 14:04:57 [motherlode] Tracking stable target at 1292,668 (cooldown active, search 16 ms)
2026-07-20 14:04:57 [motherlode] FindFilledBlock: found at 1292,668 (27x27 0x00FF00 tol=5, 0 ms)
2026-07-20 14:04:57 [motherlode] Tracking stable target at 1292,668 (cooldown active, search 0 ms)
2026-07-20 14:04:57 [motherlode] FindFilledBlock: found at 1292,668 (27x27 0x00FF00 tol=5, 16 ms)
2026-07-20 14:04:57 [motherlode] Tracking stable target at 1292,668 (cooldown active, search 16 ms)
2026-07-20 14:04:57 [motherlode] FindFilledBlock: found at 1292,668 (27x27 0x00FF00 tol=5, 0 ms)
2026-07-20 14:04:57 [motherlode] Tracking stable target at 1292,668 (cooldown active, search 0 ms)
2026-07-20 14:04:57 [motherlode] FindFilledBlock: found at 1292,668 (27x27 0x00FF00 tol=5, 15 ms)
2026-07-20 14:04:57 [motherlode] Clicked STABLE target at 1292,668 (search 15 ms)
2026-07-20 14:04:58 [motherlode] FindFilledBlock: found at 1290,694 (27x27 0x00FF00 tol=5, 0 ms)
2026-07-20 14:04:58 [motherlode] Tracking not-yet-stable target at 1290,694 (search 0 ms)
2026-07-20 14:04:58 [motherlode] FindFilledBlock: found at 1290,694 (27x27 0x00FF00 tol=5, 0 ms)
2026-07-20 14:04:58 [motherlode] Tracking not-yet-stable target at 1290,694 (search 0 ms)
2026-07-20 14:04:58 [motherlode] FindFilledBlock: found at 1292,668 (27x27 0x00FF00 tol=5, 0 ms)
2026-07-20 14:04:58 [motherlode] Tracking not-yet-stable target at 1292,668 (search 0 ms)
2026-07-20 14:04:58 [motherlode] FindFilledBlock: found at 1292,668 (27x27 0x00FF00 tol=5, 0 ms)
2026-07-20 14:04:58 [motherlode] Tracking not-yet-stable target at 1292,668 (search 0 ms)
2026-07-20 14:04:58 [motherlode] FindFilledBlock: found at 1292,668 (27x27 0x00FF00 tol=5, 15 ms)
2026-07-20 14:04:58 [motherlode] Tracking stable target at 1292,668 (cooldown active, search 15 ms)
2026-07-20 14:04:58 [motherlode] FindFilledBlock: found at 1292,668 (27x27 0x00FF00 tol=5, 0 ms)
2026-07-20 14:04:58 [motherlode] Tracking stable target at 1292,668 (cooldown active, search 0 ms)
2026-07-20 14:04:59 [motherlode] FindFilledBlock: found at 1292,668 (27x27 0x00FF00 tol=5, 0 ms)
2026-07-20 14:04:59 [motherlode] Tracking stable target at 1292,668 (cooldown active, search 0 ms)
2026-07-20 14:04:59 [motherlode] FindFilledBlock: found at 1292,668 (27x27 0x00FF00 tol=5, 15 ms)
2026-07-20 14:04:59 [motherlode] Tracking stable target at 1292,668 (cooldown active, search 15 ms)
2026-07-20 14:04:59 [motherlode] FindFilledBlock: found at 1292,668 (27x27 0x00FF00 tol=5, 0 ms)
2026-07-20 14:04:59 [motherlode] Tracking stable target at 1292,668 (cooldown active, search 0 ms)
2026-07-20 14:04:59 [motherlode] FindFilledBlock: found at 1292,668 (27x27 0x00FF00 tol=5, 16 ms)
2026-07-20 14:04:59 [motherlode] Clicked STABLE target at 1292,668 (search 16 ms)
2026-07-20 14:04:59 [motherlode] FindFilledBlock: found at 1290,694 (27x27 0x00FF00 tol=5, 16 ms)
2026-07-20 14:04:59 [motherlode] Tracking not-yet-stable target at 1290,694 (search 16 ms)
2026-07-20 14:05:00 [motherlode] FindFilledBlock: found at 1290,694 (27x27 0x00FF00 tol=5, 15 ms)
2026-07-20 14:05:00 [motherlode] Tracking not-yet-stable target at 1290,694 (search 15 ms)
2026-07-20 14:05:00 [motherlode] FindFilledBlock: found at 1292,668 (27x27 0x00FF00 tol=5, 16 ms)
2026-07-20 14:05:00 [motherlode] Tracking not-yet-stable target at 1292,668 (search 16 ms)
2026-07-20 14:05:00 [motherlode] FindFilledBlock: found at 1292,668 (27x27 0x00FF00 tol=5, 0 ms)
2026-07-20 14:05:00 [motherlode] Tracking not-yet-stable target at 1292,668 (search 0 ms)
2026-07-20 14:05:00 [motherlode] FindFilledBlock: found at 1292,668 (27x27 0x00FF00 tol=5, 0 ms)
2026-07-20 14:05:00 [motherlode] Tracking stable target at 1292,668 (cooldown active, search 0 ms)
2026-07-20 14:05:00 [motherlode] FindFilledBlock: found at 1292,668 (27x27 0x00FF00 tol=5, 0 ms)
2026-07-20 14:05:00 [motherlode] Tracking stable target at 1292,668 (cooldown active, search 0 ms)
2026-07-20 14:05:00 [motherlode] FindFilledBlock: found at 1292,668 (27x27 0x00FF00 tol=5, 0 ms)
2026-07-20 14:05:00 [motherlode] Tracking stable target at 1292,668 (cooldown active, search 0 ms)
2026-07-20 14:05:00 [motherlode] FindFilledBlock: found at 1292,668 (27x27 0x00FF00 tol=5, 16 ms)
2026-07-20 14:05:00 [motherlode] Tracking stable target at 1292,668 (cooldown active, search 16 ms)
2026-07-20 14:05:01 [motherlode] FindFilledBlock: found at 1292,668 (27x27 0x00FF00 tol=5, 0 ms)
2026-07-20 14:05:01 [motherlode] Tracking stable target at 1292,668 (cooldown active, search 0 ms)
2026-07-20 14:05:01 [motherlode] FindFilledBlock: found at 1292,668 (27x27 0x00FF00 tol=5, 15 ms)
2026-07-20 14:05:01 [motherlode] Clicked STABLE target at 1292,668 (search 15 ms)
2026-07-20 14:05:01 [motherlode] FindFilledBlock: found at 1290,694 (27x27 0x00FF00 tol=5, 0 ms)
2026-07-20 14:05:01 [motherlode] Tracking not-yet-stable target at 1290,694 (search 0 ms)
2026-07-20 14:05:01 [motherlode] FindFilledBlock: found at 1292,668 (27x27 0x00FF00 tol=5, 16 ms)
2026-07-20 14:05:01 [motherlode] Tracking not-yet-stable target at 1292,668 (search 16 ms)
2026-07-20 14:05:01 [motherlode] FindFilledBlock: found at 1292,668 (27x27 0x00FF00 tol=5, 15 ms)
2026-07-20 14:05:01 [motherlode] Tracking not-yet-stable target at 1292,668 (search 15 ms)
2026-07-20 14:05:02 [motherlode] FindFilledBlock: found at 1292,668 (27x27 0x00FF00 tol=5, 16 ms)
2026-07-20 14:05:02 [motherlode] Tracking stable target at 1292,668 (cooldown active, search 16 ms)
2026-07-20 14:05:02 [motherlode] FindFilledBlock: found at 1292,668 (27x27 0x00FF00 tol=5, 15 ms)
2026-07-20 14:05:02 [motherlode] Tracking stable target at 1292,668 (cooldown active, search 15 ms)
2026-07-20 14:05:02 [motherlode] FindFilledBlock: found at 1292,668 (27x27 0x00FF00 tol=5, 16 ms)
2026-07-20 14:05:02 [motherlode] Tracking stable target at 1292,668 (cooldown active, search 16 ms)
2026-07-20 14:05:02 [motherlode] FindFilledBlock: found at 1292,668 (27x27 0x00FF00 tol=5, 15 ms)
2026-07-20 14:05:02 [motherlode] Tracking stable target at 1292,668 (cooldown active, search 15 ms)
2026-07-20 14:05:02 [motherlode] FindFilledBlock: found at 1292,668 (27x27 0x00FF00 tol=5, 0 ms)
2026-07-20 14:05:02 [motherlode] Tracking stable target at 1292,668 (cooldown active, search 0 ms)
2026-07-20 14:05:02 [motherlode] FindFilledBlock: found at 1292,668 (27x27 0x00FF00 tol=5, 0 ms)
2026-07-20 14:05:02 [motherlode] Tracking stable target at 1292,668 (cooldown active, search 0 ms)
2026-07-20 14:05:03 [motherlode] FindFilledBlock: found at 1292,668 (27x27 0x00FF00 tol=5, 0 ms)
2026-07-20 14:05:03 [motherlode] Clicked STABLE target at 1292,668 (search 0 ms)
2026-07-20 14:05:03 [motherlode] FindFilledBlock: found at 1290,694 (27x27 0x00FF00 tol=5, 0 ms)
2026-07-20 14:05:03 [motherlode] Tracking not-yet-stable target at 1290,694 (search 0 ms)
2026-07-20 14:05:03 [motherlode] FindFilledBlock: found at 1290,694 (27x27 0x00FF00 tol=5, 0 ms)
2026-07-20 14:05:03 [motherlode] Tracking not-yet-stable target at 1290,694 (search 0 ms)
2026-07-20 14:05:03 [motherlode] FindFilledBlock: found at 1292,668 (27x27 0x00FF00 tol=5, 0 ms)
2026-07-20 14:05:03 [motherlode] Tracking not-yet-stable target at 1292,668 (search 0 ms)
2026-07-20 14:05:03 [motherlode] FindFilledBlock: found at 1292,668 (27x27 0x00FF00 tol=5, 0 ms)
2026-07-20 14:05:03 [motherlode] Tracking not-yet-stable target at 1292,668 (search 0 ms)
2026-07-20 14:05:04 [motherlode] FindFilledBlock: found at 1292,668 (27x27 0x00FF00 tol=5, 0 ms)
2026-07-20 14:05:04 [motherlode] Tracking stable target at 1292,668 (cooldown active, search 16 ms)
2026-07-20 14:05:04 [motherlode] FindFilledBlock: found at 1292,668 (27x27 0x00FF00 tol=5, 15 ms)
2026-07-20 14:05:04 [motherlode] Tracking stable target at 1292,668 (cooldown active, search 15 ms)
2026-07-20 14:05:04 [motherlode] FindFilledBlock: found at 1292,668 (27x27 0x00FF00 tol=5, 16 ms)
2026-07-20 14:05:04 [motherlode] Tracking stable target at 1292,668 (cooldown active, search 16 ms)
2026-07-20 14:05:04 [motherlode] FindFilledBlock: found at 1292,668 (27x27 0x00FF00 tol=5, 15 ms)
2026-07-20 14:05:04 [motherlode] Tracking stable target at 1292,668 (cooldown active, search 15 ms)
2026-07-20 14:05:04 [motherlode] FindFilledBlock: found at 1292,668 (27x27 0x00FF00 tol=5, 0 ms)
2026-07-20 14:05:04 [motherlode] Tracking stable target at 1292,668 (cooldown active, search 0 ms)
2026-07-20 14:05:04 [motherlode] FindFilledBlock: found at 1292,668 (27x27 0x00FF00 tol=5, 0 ms)
2026-07-20 14:05:05 [motherlode] Clicked STABLE target at 1292,668 (search 0 ms)
2026-07-20 14:05:05 [motherlode] FindFilledBlock: found at 1290,694 (27x27 0x00FF00 tol=5, 0 ms)
2026-07-20 14:05:05 [motherlode] Tracking not-yet-stable target at 1290,694 (search 0 ms)
2026-07-20 14:05:05 [motherlode] FindFilledBlock: found at 1290,694 (27x27 0x00FF00 tol=5, 0 ms)
2026-07-20 14:05:05 [motherlode] Tracking not-yet-stable target at 1290,694 (search 0 ms)
2026-07-20 14:05:05 [motherlode] FindFilledBlock: found at 1292,668 (27x27 0x00FF00 tol=5, 0 ms)
2026-07-20 14:05:05 [motherlode] Tracking not-yet-stable target at 1292,668 (search 15 ms)
2026-07-20 14:05:05 [motherlode] FindFilledBlock: found at 1292,668 (27x27 0x00FF00 tol=5, 0 ms)
2026-07-20 14:05:05 [motherlode] Tracking not-yet-stable target at 1292,668 (search 0 ms)
2026-07-20 14:05:05 [motherlode] FindFilledBlock: found at 1292,668 (27x27 0x00FF00 tol=5, 16 ms)
2026-07-20 14:05:05 [motherlode] Tracking stable target at 1292,668 (cooldown active, search 16 ms)
2026-07-20 14:05:05 [motherlode] FindFilledBlock: found at 1292,668 (27x27 0x00FF00 tol=5, 0 ms)
2026-07-20 14:05:05 [motherlode] Tracking stable target at 1292,668 (cooldown active, search 0 ms)
2026-07-20 14:05:06 [motherlode] FindFilledBlock: found at 1292,668 (27x27 0x00FF00 tol=5, 0 ms)
2026-07-20 14:05:06 [motherlode] Tracking stable target at 1292,668 (cooldown active, search 15 ms)
2026-07-20 14:05:06 [motherlode] FindFilledBlock: found at 1292,668 (27x27 0x00FF00 tol=5, 16 ms)
2026-07-20 14:05:06 [motherlode] Tracking stable target at 1292,668 (cooldown active, search 16 ms)
2026-07-20 14:05:06 [motherlode] FindFilledBlock: found at 1292,668 (27x27 0x00FF00 tol=5, 15 ms)
2026-07-20 14:05:06 [motherlode] Tracking stable target at 1292,668 (cooldown active, search 15 ms)
2026-07-20 14:05:06 [motherlode] FindFilledBlock: found at 1292,668 (27x27 0x00FF00 tol=5, 16 ms)
2026-07-20 14:05:06 [motherlode] Clicked STABLE target at 1292,668 (search 16 ms)
2026-07-20 14:05:06 [motherlode] FindFilledBlock: found at 1290,694 (27x27 0x00FF00 tol=5, 0 ms)
2026-07-20 14:05:06 [motherlode] Tracking not-yet-stable target at 1290,694 (search 0 ms)
2026-07-20 14:05:07 [motherlode] FindFilledBlock: found at 1290,694 (27x27 0x00FF00 tol=5, 16 ms)
2026-07-20 14:05:07 [motherlode] Tracking not-yet-stable target at 1290,694 (search 16 ms)
2026-07-20 14:05:07 [motherlode] FindFilledBlock: found at 1292,668 (27x27 0x00FF00 tol=5, 0 ms)
2026-07-20 14:05:07 [motherlode] Tracking not-yet-stable target at 1292,668 (search 0 ms)
2026-07-20 14:05:07 [motherlode] FindFilledBlock: found at 1292,668 (27x27 0x00FF00 tol=5, 15 ms)
2026-07-20 14:05:07 [motherlode] Tracking not-yet-stable target at 1292,668 (search 15 ms)
2026-07-20 14:05:07 [motherlode] FindFilledBlock: found at 1292,668 (27x27 0x00FF00 tol=5, 0 ms)
2026-07-20 14:05:07 [motherlode] Tracking stable target at 1292,668 (cooldown active, search 0 ms)
2026-07-20 14:05:07 [motherlode] FindFilledBlock: found at 1292,668 (27x27 0x00FF00 tol=5, 0 ms)
2026-07-20 14:05:07 [motherlode] Tracking stable target at 1292,668 (cooldown active, search 0 ms)
2026-07-20 14:05:07 [motherlode] FindFilledBlock: found at 1292,668 (27x27 0x00FF00 tol=5, 0 ms)
2026-07-20 14:05:07 [motherlode] Tracking stable target at 1292,668 (cooldown active, search 0 ms)
2026-07-20 14:05:07 [motherlode] FindFilledBlock: found at 1292,668 (27x27 0x00FF00 tol=5, 0 ms)
2026-07-20 14:05:07 [motherlode] Tracking stable target at 1292,668 (cooldown active, search 0 ms)
2026-07-20 14:05:08 [motherlode] FindFilledBlock: found at 1292,668 (27x27 0x00FF00 tol=5, 15 ms)
2026-07-20 14:05:08 [motherlode] Tracking stable target at 1292,668 (cooldown active, search 15 ms)
2026-07-20 14:05:08 [motherlode] FindFilledBlock: found at 1292,668 (27x27 0x00FF00 tol=5, 16 ms)
2026-07-20 14:05:08 [motherlode] Clicked STABLE target at 1292,668 (search 16 ms)
2026-07-20 14:05:08 [motherlode] FindFilledBlock: found at 1290,694 (27x27 0x00FF00 tol=5, 16 ms)
2026-07-20 14:05:08 [motherlode] Tracking not-yet-stable target at 1290,694 (search 16 ms)
2026-07-20 14:05:08 [motherlode] FindFilledBlock: found at 1290,694 (27x27 0x00FF00 tol=5, 0 ms)
2026-07-20 14:05:08 [motherlode] Tracking not-yet-stable target at 1290,694 (search 0 ms)
2026-07-20 14:05:08 [motherlode] FindFilledBlock: found at 1292,668 (27x27 0x00FF00 tol=5, 0 ms)
2026-07-20 14:05:08 [motherlode] Tracking not-yet-stable target at 1292,668 (search 0 ms)
2026-07-20 14:05:09 [motherlode] FindFilledBlock: found at 1292,668 (27x27 0x00FF00 tol=5, 0 ms)
2026-07-20 14:05:09 [motherlode] Tracking not-yet-stable target at 1292,668 (search 0 ms)
2026-07-20 14:05:09 [motherlode] FindFilledBlock: found at 1292,668 (27x27 0x00FF00 tol=5, 0 ms)
2026-07-20 14:05:09 [motherlode] Tracking stable target at 1292,668 (cooldown active, search 0 ms)
2026-07-20 14:05:09 [motherlode] FindFilledBlock: found at 1292,668 (27x27 0x00FF00 tol=5, 0 ms)
2026-07-20 14:05:09 [motherlode] Tracking stable target at 1292,668 (cooldown active, search 0 ms)
2026-07-20 14:05:09 [motherlode] FindFilledBlock: found at 1292,668 (27x27 0x00FF00 tol=5, 0 ms)
2026-07-20 14:05:09 [motherlode] Tracking stable target at 1292,668 (cooldown active, search 0 ms)
2026-07-20 14:05:09 [motherlode] FindFilledBlock: found at 1292,668 (27x27 0x00FF00 tol=5, 0 ms)
2026-07-20 14:05:09 [motherlode] Tracking stable target at 1292,668 (cooldown active, search 0 ms)
2026-07-20 14:05:09 [motherlode] FindFilledBlock: found at 1292,668 (27x27 0x00FF00 tol=5, 0 ms)
2026-07-20 14:05:09 [motherlode] Tracking stable target at 1292,668 (cooldown active, search 0 ms)
2026-07-20 14:05:10 [motherlode] FindFilledBlock: found at 1292,668 (27x27 0x00FF00 tol=5, 16 ms)
2026-07-20 14:05:10 [motherlode] Clicked STABLE target at 1292,668 (search 16 ms)
2026-07-20 14:05:10 [motherlode] FindFilledBlock: found at 1290,694 (27x27 0x00FF00 tol=5, 0 ms)
2026-07-20 14:05:10 [motherlode] Tracking not-yet-stable target at 1290,694 (search 0 ms)
2026-07-20 14:05:10 [motherlode] FindFilledBlock: found at 1290,694 (27x27 0x00FF00 tol=5, 16 ms)
2026-07-20 14:05:10 [motherlode] Tracking not-yet-stable target at 1290,694 (search 16 ms)
2026-07-20 14:05:10 [motherlode] FindFilledBlock: found at 1292,668 (27x27 0x00FF00 tol=5, 0 ms)
2026-07-20 14:05:10 [motherlode] Tracking not-yet-stable target at 1292,668 (search 0 ms)
2026-07-20 14:05:10 [motherlode] FindFilledBlock: found at 1292,668 (27x27 0x00FF00 tol=5, 0 ms)
2026-07-20 14:05:10 [motherlode] Tracking not-yet-stable target at 1292,668 (search 0 ms)
2026-07-20 14:05:11 [motherlode] FindFilledBlock: found at 1292,668 (27x27 0x00FF00 tol=5, 0 ms)
2026-07-20 14:05:11 [motherlode] Tracking stable target at 1292,668 (cooldown active, search 0 ms)
2026-07-20 14:05:11 [motherlode] FindFilledBlock: found at 1292,668 (27x27 0x00FF00 tol=5, 0 ms)
2026-07-20 14:05:11 [motherlode] Tracking stable target at 1292,668 (cooldown active, search 0 ms)
2026-07-20 14:05:11 [motherlode] FindFilledBlock: found at 1292,668 (27x27 0x00FF00 tol=5, 0 ms)
2026-07-20 14:05:11 [motherlode] Tracking stable target at 1292,668 (cooldown active, search 16 ms)
2026-07-20 14:05:11 [motherlode] FindFilledBlock: found at 1292,668 (27x27 0x00FF00 tol=5, 0 ms)
2026-07-20 14:05:11 [motherlode] Tracking stable target at 1292,668 (cooldown active, search 0 ms)
2026-07-20 14:05:11 [motherlode] FindFilledBlock: found at 1292,668 (27x27 0x00FF00 tol=5, 0 ms)
2026-07-20 14:05:11 [motherlode] Tracking stable target at 1292,668 (cooldown active, search 15 ms)
2026-07-20 14:05:11 [motherlode] FindFilledBlock: found at 1292,668 (27x27 0x00FF00 tol=5, 0 ms)
2026-07-20 14:05:12 [motherlode] Clicked STABLE target at 1292,668 (search 0 ms)
2026-07-20 14:05:12 [motherlode] FindFilledBlock: found at 1290,694 (27x27 0x00FF00 tol=5, 15 ms)
2026-07-20 14:05:12 [motherlode] Tracking not-yet-stable target at 1290,694 (search 15 ms)
2026-07-20 14:05:12 [motherlode] FindFilledBlock: found at 1292,668 (27x27 0x00FF00 tol=5, 0 ms)
2026-07-20 14:05:12 [motherlode] Tracking not-yet-stable target at 1292,668 (search 0 ms)
2026-07-20 14:05:12 [motherlode] FindFilledBlock: found at 1292,668 (27x27 0x00FF00 tol=5, 16 ms)
2026-07-20 14:05:12 [motherlode] Tracking not-yet-stable target at 1292,668 (search 16 ms)
2026-07-20 14:05:12 [motherlode] FindFilledBlock: found at 1292,668 (27x27 0x00FF00 tol=5, 0 ms)
2026-07-20 14:05:12 [motherlode] Tracking stable target at 1292,668 (cooldown active, search 0 ms)
2026-07-20 14:05:12 [motherlode] FindFilledBlock: found at 1292,668 (27x27 0x00FF00 tol=5, 15 ms)
2026-07-20 14:05:12 [motherlode] Tracking stable target at 1292,668 (cooldown active, search 15 ms)
2026-07-20 14:05:13 [motherlode] FindFilledBlock: found at 1292,668 (27x27 0x00FF00 tol=5, 0 ms)
2026-07-20 14:05:13 [motherlode] Tracking stable target at 1292,668 (cooldown active, search 0 ms)
2026-07-20 14:05:13 [motherlode] FindFilledBlock: found at 1292,668 (27x27 0x00FF00 tol=5, 16 ms)
2026-07-20 14:05:13 [motherlode] Tracking stable target at 1292,668 (cooldown active, search 16 ms)
2026-07-20 14:05:13 [motherlode] FindFilledBlock: found at 1292,668 (27x27 0x00FF00 tol=5, 0 ms)
2026-07-20 14:05:13 [motherlode] Tracking stable target at 1292,668 (cooldown active, search 15 ms)
2026-07-20 14:05:13 [motherlode] FindFilledBlock: found at 1292,668 (27x27 0x00FF00 tol=5, 16 ms)
2026-07-20 14:05:13 [motherlode] Tracking stable target at 1292,668 (cooldown active, search 16 ms)
2026-07-20 14:05:13 [motherlode] FindFilledBlock: found at 1292,668 (27x27 0x00FF00 tol=5, 16 ms)
2026-07-20 14:05:13 [motherlode] Clicked STABLE target at 1292,668 (search 16 ms)
2026-07-20 14:05:13 [motherlode] FindFilledBlock: found at 1290,694 (27x27 0x00FF00 tol=5, 16 ms)
2026-07-20 14:05:13 [motherlode] Tracking not-yet-stable target at 1290,694 (search 16 ms)
2026-07-20 14:05:14 [motherlode] FindFilledBlock: found at 1290,694 (27x27 0x00FF00 tol=5, 0 ms)
2026-07-20 14:05:14 [motherlode] Tracking not-yet-stable target at 1290,694 (search 0 ms)
2026-07-20 14:05:14 [motherlode] FindFilledBlock: found at 1292,668 (27x27 0x00FF00 tol=5, 0 ms)
2026-07-20 14:05:14 [motherlode] Tracking not-yet-stable target at 1292,668 (search 0 ms)
2026-07-20 14:05:14 [motherlode] FindFilledBlock: found at 1292,668 (27x27 0x00FF00 tol=5, 0 ms)
2026-07-20 14:05:14 [motherlode] Tracking not-yet-stable target at 1292,668 (search 0 ms)
2026-07-20 14:05:14 [motherlode] FindFilledBlock: found at 1292,668 (27x27 0x00FF00 tol=5, 0 ms)
2026-07-20 14:05:14 [motherlode] Tracking stable target at 1292,668 (cooldown active, search 0 ms)
2026-07-20 14:05:14 [motherlode] FindFilledBlock: found at 1292,668 (27x27 0x00FF00 tol=5, 15 ms)
2026-07-20 14:05:14 [motherlode] Tracking stable target at 1292,668 (cooldown active, search 15 ms)
2026-07-20 14:05:14 [motherlode] FindFilledBlock: found at 1292,668 (27x27 0x00FF00 tol=5, 0 ms)
2026-07-20 14:05:14 [motherlode] Tracking stable target at 1292,668 (cooldown active, search 0 ms)
2026-07-20 14:05:15 [motherlode] FindFilledBlock: found at 1292,668 (27x27 0x00FF00 tol=5, 16 ms)
2026-07-20 14:05:15 [motherlode] Tracking stable target at 1292,668 (cooldown active, search 16 ms)
2026-07-20 14:05:15 [motherlode] FindFilledBlock: found at 1292,668 (27x27 0x00FF00 tol=5, 16 ms)
2026-07-20 14:05:15 [motherlode] Tracking stable target at 1292,668 (cooldown active, search 16 ms)
2026-07-20 14:05:15 [motherlode] FindFilledBlock: found at 1292,668 (27x27 0x00FF00 tol=5, 16 ms)
2026-07-20 14:05:15 [motherlode] Clicked STABLE target at 1292,668 (search 16 ms)
2026-07-20 14:05:15 [motherlode] FindFilledBlock: found at 1290,694 (27x27 0x00FF00 tol=5, 15 ms)
2026-07-20 14:05:15 [motherlode] Tracking not-yet-stable target at 1290,694 (search 15 ms)
2026-07-20 14:05:15 [motherlode] FindFilledBlock: found at 1292,668 (27x27 0x00FF00 tol=5, 0 ms)
2026-07-20 14:05:15 [motherlode] Tracking not-yet-stable target at 1292,668 (search 0 ms)
2026-07-20 14:05:16 [motherlode] FindFilledBlock: found at 1292,668 (27x27 0x00FF00 tol=5, 16 ms)
2026-07-20 14:05:16 [motherlode] Tracking not-yet-stable target at 1292,668 (search 16 ms)
2026-07-20 14:05:16 [motherlode] FindFilledBlock: found at 1292,668 (27x27 0x00FF00 tol=5, 16 ms)
2026-07-20 14:05:16 [motherlode] Tracking stable target at 1292,668 (cooldown active, search 16 ms)
2026-07-20 14:05:16 [motherlode] FindFilledBlock: found at 1292,668 (27x27 0x00FF00 tol=5, 15 ms)
2026-07-20 14:05:16 [motherlode] Tracking stable target at 1292,668 (cooldown active, search 15 ms)
2026-07-20 14:05:16 [motherlode] FindFilledBlock: found at 1292,668 (27x27 0x00FF00 tol=5, 16 ms)
2026-07-20 14:05:16 [motherlode] Tracking stable target at 1292,668 (cooldown active, search 16 ms)
2026-07-20 14:05:16 [motherlode] FindFilledBlock: found at 1292,668 (27x27 0x00FF00 tol=5, 16 ms)
2026-07-20 14:05:16 [motherlode] Tracking stable target at 1292,668 (cooldown active, search 16 ms)
2026-07-20 14:05:16 [motherlode] FindFilledBlock: found at 1292,668 (27x27 0x00FF00 tol=5, 0 ms)
2026-07-20 14:05:16 [motherlode] Tracking stable target at 1292,668 (cooldown active, search 0 ms)
2026-07-20 14:05:16 [motherlode] FindFilledBlock: found at 1292,668 (27x27 0x00FF00 tol=5, 15 ms)
2026-07-20 14:05:16 [motherlode] Tracking stable target at 1292,668 (cooldown active, search 15 ms)
2026-07-20 14:05:17 [motherlode] FindFilledBlock: found at 1292,668 (27x27 0x00FF00 tol=5, 0 ms)
2026-07-20 14:05:17 [motherlode] Tracking stable target at 1292,668 (cooldown active, search 0 ms)
2026-07-20 14:05:17 [motherlode] FindFilledBlock: found at 1292,668 (27x27 0x00FF00 tol=5, 0 ms)
2026-07-20 14:05:17 [motherlode] Clicked STABLE target at 1292,668 (search 0 ms)
2026-07-20 14:05:17 [motherlode] FindFilledBlock: found at 1290,694 (27x27 0x00FF00 tol=5, 0 ms)
2026-07-20 14:05:17 [motherlode] Tracking not-yet-stable target at 1290,694 (search 0 ms)
2026-07-20 14:05:17 [motherlode] FindFilledBlock: found at 1290,694 (27x27 0x00FF00 tol=5, 0 ms)
2026-07-20 14:05:17 [motherlode] Tracking not-yet-stable target at 1290,694 (search 0 ms)
2026-07-20 14:05:17 [motherlode] FindFilledBlock: not found (27x27 0x00FF00 tol=5, 0 ms)
2026-07-20 14:05:17 [motherlode] Target depleted or lost - re-acquiring (searched 0 ms)
2026-07-20 14:05:18 [motherlode] FindFilledBlock: found at 1161,722 (27x27 0x00FF00 tol=5, 0 ms)
2026-07-20 14:05:18 [motherlode] FindFilledBlock: found at 1192,624 (27x27 0x00B809 tol=5, 15 ms)
2026-07-20 14:05:18 [motherlode] Acquired new target at 1161,722 (0x00FF00, ring 100, 15 ms)
2026-07-20 14:05:18 [motherlode] FindFilledBlock: found at 1136,700 (27x27 0x00FF00 tol=5, 0 ms)
2026-07-20 14:05:18 [motherlode] Clicked initial/re-click target at 1136,700 (search 0 ms)
2026-07-20 14:05:18 [motherlode] FindFilledBlock: found at 1136,726 (27x27 0x00FF00 tol=5, 0 ms)
2026-07-20 14:05:18 [motherlode] Tracking not-yet-stable target at 1136,726 (search 0 ms)
2026-07-20 14:05:18 [motherlode] FindFilledBlock: found at 1136,700 (27x27 0x00FF00 tol=5, 0 ms)
2026-07-20 14:05:18 [motherlode] Tracking not-yet-stable target at 1136,700 (search 0 ms)
2026-07-20 14:05:18 [motherlode] FindFilledBlock: found at 1136,700 (27x27 0x00FF00 tol=5, 16 ms)
2026-07-20 14:05:18 [motherlode] Tracking not-yet-stable target at 1136,700 (search 16 ms)
2026-07-20 14:05:19 [motherlode] FindFilledBlock: found at 1136,700 (27x27 0x00FF00 tol=5, 15 ms)
2026-07-20 14:05:19 [motherlode] Tracking stable target at 1136,700 (cooldown active, search 15 ms)
2026-07-20 14:05:19 [motherlode] FindFilledBlock: found at 1136,698 (27x27 0x00FF00 tol=5, 16 ms)
2026-07-20 14:05:19 [motherlode] Tracking stable target at 1136,698 (cooldown active, search 16 ms)
2026-07-20 14:05:19 [motherlode] FindFilledBlock: found at 1138,692 (27x27 0x00FF00 tol=5, 16 ms)
2026-07-20 14:05:19 [motherlode] Tracking not-yet-stable target at 1138,692 (search 16 ms)
2026-07-20 14:05:19 [motherlode] FindFilledBlock: found at 1140,682 (27x27 0x00FF00 tol=5, 0 ms)
2026-07-20 14:05:19 [motherlode] Tracking not-yet-stable target at 1140,682 (search 0 ms)
2026-07-20 14:05:19 [motherlode] FindFilledBlock: found at 1144,674 (27x27 0x00FF00 tol=5, 15 ms)
2026-07-20 14:05:19 [motherlode] Tracking not-yet-stable target at 1144,674 (search 15 ms)
2026-07-20 14:05:19 [motherlode] FindFilledBlock: found at 1152,670 (27x27 0x00FF00 tol=5, 0 ms)
2026-07-20 14:05:19 [motherlode] Tracking not-yet-stable target at 1152,670 (search 0 ms)
2026-07-20 14:05:20 [motherlode] FindFilledBlock: found at 1164,668 (27x27 0x00FF00 tol=5, 0 ms)
2026-07-20 14:05:20 [motherlode] Tracking not-yet-stable target at 1164,668 (search 0 ms)
2026-07-20 14:05:20 [motherlode] FindFilledBlock: found at 1174,666 (27x27 0x00FF00 tol=5, 0 ms)
2026-07-20 14:05:20 [motherlode] Tracking not-yet-stable target at 1174,666 (search 0 ms)
2026-07-20 14:05:20 [motherlode] FindFilledBlock: found at 1180,664 (27x27 0x00FF00 tol=5, 0 ms)
2026-07-20 14:05:20 [motherlode] Tracking not-yet-stable target at 1180,664 (search 0 ms)
2026-07-20 14:05:20 [motherlode] FindFilledBlock: found at 1184,664 (27x27 0x00FF00 tol=5, 15 ms)
2026-07-20 14:05:20 [motherlode] Tracking not-yet-stable target at 1184,664 (search 15 ms)
2026-07-20 14:05:20 [motherlode] FindFilledBlock: found at 1186,664 (27x27 0x00FF00 tol=5, 0 ms)
2026-07-20 14:05:20 [motherlode] Clicked STABLE target at 1186,664 (search 0 ms)
2026-07-20 14:05:21 [motherlode] FindFilledBlock: found at 1190,690 (27x27 0x00FF00 tol=5, 0 ms)
2026-07-20 14:05:21 [motherlode] Tracking not-yet-stable target at 1190,690 (search 0 ms)
2026-07-20 14:05:21 [motherlode] FindFilledBlock: found at 1190,690 (27x27 0x00FF00 tol=5, 16 ms)
2026-07-20 14:05:21 [motherlode] Tracking not-yet-stable target at 1190,690 (search 16 ms)
2026-07-20 14:05:21 [motherlode] FindFilledBlock: found at 1188,664 (27x27 0x00FF00 tol=5, 15 ms)
2026-07-20 14:05:21 [motherlode] Tracking not-yet-stable target at 1188,664 (search 15 ms)
2026-07-20 14:05:21 [motherlode] FindFilledBlock: found at 1188,664 (27x27 0x00FF00 tol=5, 16 ms)
2026-07-20 14:05:21 [motherlode] Tracking not-yet-stable target at 1188,664 (search 16 ms)
2026-07-20 14:05:21 [motherlode] FindFilledBlock: found at 1188,664 (27x27 0x00FF00 tol=5, 15 ms)
2026-07-20 14:05:21 [motherlode] Tracking stable target at 1188,664 (cooldown active, search 15 ms)
2026-07-20 14:05:21 [motherlode] FindFilledBlock: found at 1188,664 (27x27 0x00FF00 tol=5, 16 ms)
2026-07-20 14:05:21 [motherlode] Tracking stable target at 1188,664 (cooldown active, search 16 ms)
2026-07-20 14:05:21 [motherlode] FindFilledBlock: found at 1188,664 (27x27 0x00FF00 tol=5, 15 ms)
2026-07-20 14:05:21 [motherlode] Tracking stable target at 1188,664 (cooldown active, search 15 ms)
2026-07-20 14:05:22 [motherlode] FindFilledBlock: found at 1188,664 (27x27 0x00FF00 tol=5, 16 ms)
2026-07-20 14:05:22 [motherlode] Tracking stable target at 1188,664 (cooldown active, search 16 ms)
2026-07-20 14:05:22 [motherlode] FindFilledBlock: found at 1188,664 (27x27 0x00FF00 tol=5, 0 ms)
2026-07-20 14:05:22 [motherlode] Tracking stable target at 1188,664 (cooldown active, search 0 ms)
2026-07-20 14:05:22 [motherlode] FindFilledBlock: found at 1188,664 (27x27 0x00FF00 tol=5, 15 ms)
2026-07-20 14:05:22 [motherlode] Tracking stable target at 1188,664 (cooldown active, search 15 ms)
2026-07-20 14:05:22 [motherlode] FindFilledBlock: found at 1188,664 (27x27 0x00FF00 tol=5, 0 ms)
2026-07-20 14:05:22 [motherlode] Clicked STABLE target at 1188,664 (search 0 ms)
2026-07-20 14:05:22 [motherlode] FindFilledBlock: found at 1190,690 (27x27 0x00FF00 tol=5, 0 ms)
2026-07-20 14:05:22 [motherlode] Tracking not-yet-stable target at 1190,690 (search 0 ms)
2026-07-20 14:05:23 [motherlode] FindFilledBlock: found at 1188,664 (27x27 0x00FF00 tol=5, 0 ms)
2026-07-20 14:05:23 [motherlode] Tracking not-yet-stable target at 1188,664 (search 0 ms)
2026-07-20 14:05:23 [motherlode] FindFilledBlock: found at 1188,664 (27x27 0x00FF00 tol=5, 16 ms)
2026-07-20 14:05:23 [motherlode] Tracking not-yet-stable target at 1188,664 (search 16 ms)
2026-07-20 14:05:23 [motherlode] FindFilledBlock: found at 1188,664 (27x27 0x00FF00 tol=5, 0 ms)
2026-07-20 14:05:23 [motherlode] Tracking stable target at 1188,664 (cooldown active, search 0 ms)
2026-07-20 14:05:23 [motherlode] FindFilledBlock: found at 1188,664 (27x27 0x00FF00 tol=5, 15 ms)
2026-07-20 14:05:23 [motherlode] Tracking stable target at 1188,664 (cooldown active, search 15 ms)
2026-07-20 14:05:23 [motherlode] FindFilledBlock: found at 1188,664 (27x27 0x00FF00 tol=5, 0 ms)
2026-07-20 14:05:23 [motherlode] Tracking stable target at 1188,664 (cooldown active, search 16 ms)
2026-07-20 14:05:23 [motherlode] FindFilledBlock: found at 1188,664 (27x27 0x00FF00 tol=5, 16 ms)
2026-07-20 14:05:23 [motherlode] Tracking stable target at 1188,664 (cooldown active, search 16 ms)
2026-07-20 14:05:23 [motherlode] FindFilledBlock: found at 1188,664 (27x27 0x00FF00 tol=5, 15 ms)
2026-07-20 14:05:23 [motherlode] Tracking stable target at 1188,664 (cooldown active, search 15 ms)
2026-07-20 14:05:24 [motherlode] FindFilledBlock: found at 1188,664 (27x27 0x00FF00 tol=5, 16 ms)
2026-07-20 14:05:24 [motherlode] Tracking stable target at 1188,664 (cooldown active, search 16 ms)
2026-07-20 14:05:24 [motherlode] FindFilledBlock: found at 1188,664 (27x27 0x00FF00 tol=5, 15 ms)
2026-07-20 14:05:24 [motherlode] Tracking stable target at 1188,664 (cooldown active, search 15 ms)
2026-07-20 14:05:24 [motherlode] FindFilledBlock: found at 1188,664 (27x27 0x00FF00 tol=5, 0 ms)
2026-07-20 14:05:24 [motherlode] Clicked STABLE target at 1188,664 (search 0 ms)
2026-07-20 14:05:24 [motherlode] FindFilledBlock: found at 1190,690 (27x27 0x00FF00 tol=5, 0 ms)
2026-07-20 14:05:24 [motherlode] Tracking not-yet-stable target at 1190,690 (search 0 ms)
2026-07-20 14:05:24 [motherlode] FindFilledBlock: found at 1190,690 (27x27 0x00FF00 tol=5, 0 ms)
2026-07-20 14:05:24 [motherlode] Tracking not-yet-stable target at 1190,690 (search 0 ms)
2026-07-20 14:05:25 [motherlode] FindFilledBlock: found at 1188,664 (27x27 0x00FF00 tol=5, 16 ms)
2026-07-20 14:05:25 [motherlode] Tracking not-yet-stable target at 1188,664 (search 16 ms)
2026-07-20 14:05:25 [motherlode] FindFilledBlock: found at 1188,664 (27x27 0x00FF00 tol=5, 0 ms)
2026-07-20 14:05:25 [motherlode] Tracking not-yet-stable target at 1188,664 (search 0 ms)
2026-07-20 14:05:25 [motherlode] FindFilledBlock: found at 1188,664 (27x27 0x00FF00 tol=5, 16 ms)
2026-07-20 14:05:25 [motherlode] Tracking stable target at 1188,664 (cooldown active, search 16 ms)
2026-07-20 14:05:25 [motherlode] FindFilledBlock: found at 1188,664 (27x27 0x00FF00 tol=5, 16 ms)
2026-07-20 14:05:25 [motherlode] Tracking stable target at 1188,664 (cooldown active, search 16 ms)
2026-07-20 14:05:25 [motherlode] FindFilledBlock: found at 1188,664 (27x27 0x00FF00 tol=5, 15 ms)
2026-07-20 14:05:25 [motherlode] Tracking stable target at 1188,664 (cooldown active, search 15 ms)
2026-07-20 14:05:25 [motherlode] FindFilledBlock: found at 1188,664 (27x27 0x00FF00 tol=5, 16 ms)
2026-07-20 14:05:25 [motherlode] Tracking stable target at 1188,664 (cooldown active, search 16 ms)
2026-07-20 14:05:25 [motherlode] FindFilledBlock: found at 1188,664 (27x27 0x00FF00 tol=5, 16 ms)
2026-07-20 14:05:25 [motherlode] Tracking stable target at 1188,664 (cooldown active, search 16 ms)
2026-07-20 14:05:26 [motherlode] FindFilledBlock: found at 1188,664 (27x27 0x00FF00 tol=5, 0 ms)
2026-07-20 14:05:26 [motherlode] Tracking stable target at 1188,664 (cooldown active, search 0 ms)
2026-07-20 14:05:26 [motherlode] FindFilledBlock: found at 1188,664 (27x27 0x00FF00 tol=5, 0 ms)
2026-07-20 14:05:26 [motherlode] Clicked STABLE target at 1188,664 (search 0 ms)
2026-07-20 14:05:26 [motherlode] FindFilledBlock: found at 1190,690 (27x27 0x00FF00 tol=5, 0 ms)
2026-07-20 14:05:26 [motherlode] Tracking not-yet-stable target at 1190,690 (search 0 ms)
2026-07-20 14:05:26 [motherlode] FindFilledBlock: found at 1188,664 (27x27 0x00FF00 tol=5, 0 ms)
2026-07-20 14:05:26 [motherlode] Tracking not-yet-stable target at 1188,664 (search 0 ms)
2026-07-20 14:05:26 [motherlode] FindFilledBlock: found at 1188,664 (27x27 0x00FF00 tol=5, 0 ms)
2026-07-20 14:05:26 [motherlode] Tracking not-yet-stable target at 1188,664 (search 0 ms)
2026-07-20 14:05:27 [motherlode] FindFilledBlock: found at 1188,664 (27x27 0x00FF00 tol=5, 16 ms)
2026-07-20 14:05:27 [motherlode] Tracking stable target at 1188,664 (cooldown active, search 16 ms)
2026-07-20 14:05:27 [motherlode] FindFilledBlock: found at 1188,664 (27x27 0x00FF00 tol=5, 0 ms)
2026-07-20 14:05:27 [motherlode] Tracking stable target at 1188,664 (cooldown active, search 0 ms)
2026-07-20 14:05:27 [motherlode] FindFilledBlock: found at 1188,664 (27x27 0x00FF00 tol=5, 16 ms)
2026-07-20 14:05:27 [motherlode] Tracking stable target at 1188,664 (cooldown active, search 16 ms)
2026-07-20 14:05:27 [motherlode] FindFilledBlock: found at 1188,664 (27x27 0x00FF00 tol=5, 15 ms)
2026-07-20 14:05:27 [motherlode] Tracking stable target at 1188,664 (cooldown active, search 15 ms)
2026-07-20 14:05:27 [motherlode] FindFilledBlock: found at 1188,664 (27x27 0x00FF00 tol=5, 16 ms)
2026-07-20 14:05:27 [motherlode] Tracking stable target at 1188,664 (cooldown active, search 16 ms)
2026-07-20 14:05:27 [motherlode] FindFilledBlock: found at 1188,664 (27x27 0x00FF00 tol=5, 15 ms)
2026-07-20 14:05:27 [motherlode] Tracking stable target at 1188,664 (cooldown active, search 15 ms)
2026-07-20 14:05:27 [motherlode] FindFilledBlock: found at 1188,664 (27x27 0x00FF00 tol=5, 0 ms)
2026-07-20 14:05:28 [motherlode] Clicked STABLE target at 1188,664 (search 0 ms)
2026-07-20 14:05:28 [motherlode] FindFilledBlock: found at 1190,690 (27x27 0x00FF00 tol=5, 0 ms)
2026-07-20 14:05:28 [motherlode] Tracking not-yet-stable target at 1190,690 (search 0 ms)
2026-07-20 14:05:28 [motherlode] FindFilledBlock: found at 1190,690 (27x27 0x00FF00 tol=5, 16 ms)
2026-07-20 14:05:28 [motherlode] Tracking not-yet-stable target at 1190,690 (search 16 ms)
2026-07-20 14:05:28 [motherlode] FindFilledBlock: found at 1188,664 (27x27 0x00FF00 tol=5, 0 ms)
2026-07-20 14:05:28 [motherlode] Tracking not-yet-stable target at 1188,664 (search 0 ms)
2026-07-20 14:05:28 [motherlode] FindFilledBlock: found at 1188,664 (27x27 0x00FF00 tol=5, 0 ms)
2026-07-20 14:05:28 [motherlode] Tracking not-yet-stable target at 1188,664 (search 0 ms)
2026-07-20 14:05:28 [motherlode] FindFilledBlock: found at 1188,664 (27x27 0x00FF00 tol=5, 16 ms)
2026-07-20 14:05:28 [motherlode] Tracking stable target at 1188,664 (cooldown active, search 16 ms)
2026-07-20 14:05:29 [motherlode] FindFilledBlock: found at 1188,664 (27x27 0x00FF00 tol=5, 0 ms)
2026-07-20 14:05:29 [motherlode] Tracking stable target at 1188,664 (cooldown active, search 0 ms)
2026-07-20 14:05:29 [motherlode] FindFilledBlock: found at 1188,664 (27x27 0x00FF00 tol=5, 15 ms)
2026-07-20 14:05:29 [motherlode] Tracking stable target at 1188,664 (cooldown active, search 15 ms)
2026-07-20 14:05:29 [motherlode] FindFilledBlock: found at 1188,664 (27x27 0x00FF00 tol=5, 0 ms)
2026-07-20 14:05:29 [motherlode] Tracking stable target at 1188,664 (cooldown active, search 0 ms)
2026-07-20 14:05:29 [motherlode] FindFilledBlock: found at 1188,664 (27x27 0x00FF00 tol=5, 16 ms)
2026-07-20 14:05:29 [motherlode] Tracking stable target at 1188,664 (cooldown active, search 16 ms)
2026-07-20 14:05:29 [motherlode] FindFilledBlock: found at 1188,664 (27x27 0x00FF00 tol=5, 16 ms)
2026-07-20 14:05:29 [motherlode] Clicked STABLE target at 1188,664 (search 16 ms)
2026-07-20 14:05:30 [motherlode] FindFilledBlock: found at 1190,690 (27x27 0x00FF00 tol=5, 15 ms)
2026-07-20 14:05:30 [motherlode] Tracking not-yet-stable target at 1190,690 (search 15 ms)
2026-07-20 14:05:30 [motherlode] FindFilledBlock: found at 1190,690 (27x27 0x00FF00 tol=5, 16 ms)
2026-07-20 14:05:30 [motherlode] Tracking not-yet-stable target at 1190,690 (search 16 ms)
2026-07-20 14:05:30 [motherlode] FindFilledBlock: found at 1188,664 (27x27 0x00FF00 tol=5, 0 ms)
2026-07-20 14:05:30 [motherlode] Tracking not-yet-stable target at 1188,664 (search 0 ms)
2026-07-20 14:05:30 [motherlode] FindFilledBlock: found at 1188,664 (27x27 0x00FF00 tol=5, 16 ms)
2026-07-20 14:05:30 [motherlode] Tracking not-yet-stable target at 1188,664 (search 16 ms)
2026-07-20 14:05:30 [motherlode] FindFilledBlock: found at 1188,664 (27x27 0x00FF00 tol=5, 0 ms)
2026-07-20 14:05:30 [motherlode] Tracking stable target at 1188,664 (cooldown active, search 0 ms)
2026-07-20 14:05:30 [motherlode] FindFilledBlock: found at 1188,664 (27x27 0x00FF00 tol=5, 16 ms)
2026-07-20 14:05:30 [motherlode] Tracking stable target at 1188,664 (cooldown active, search 16 ms)
2026-07-20 14:05:31 [motherlode] FindFilledBlock: found at 1188,664 (27x27 0x00FF00 tol=5, 0 ms)
2026-07-20 14:05:31 [motherlode] Tracking stable target at 1188,664 (cooldown active, search 0 ms)
2026-07-20 14:05:31 [motherlode] FindFilledBlock: found at 1188,664 (27x27 0x00FF00 tol=5, 0 ms)
2026-07-20 14:05:31 [motherlode] Tracking stable target at 1188,664 (cooldown active, search 0 ms)
2026-07-20 14:05:31 [motherlode] FindFilledBlock: found at 1188,664 (27x27 0x00FF00 tol=5, 0 ms)
2026-07-20 14:05:31 [motherlode] Tracking stable target at 1188,664 (cooldown active, search 0 ms)
2026-07-20 14:05:31 [motherlode] FindFilledBlock: found at 1188,664 (27x27 0x00FF00 tol=5, 0 ms)
2026-07-20 14:05:31 [motherlode] Clicked STABLE target at 1188,664 (search 0 ms)
2026-07-20 14:05:31 [motherlode] FindFilledBlock: found at 1190,690 (27x27 0x00FF00 tol=5, 0 ms)
2026-07-20 14:05:31 [motherlode] Tracking not-yet-stable target at 1190,690 (search 0 ms)
2026-07-20 14:05:32 [motherlode] FindFilledBlock: found at 1188,664 (27x27 0x00FF00 tol=5, 0 ms)
2026-07-20 14:05:32 [motherlode] Tracking not-yet-stable target at 1188,664 (search 0 ms)
2026-07-20 14:05:32 [motherlode] FindFilledBlock: found at 1188,664 (27x27 0x00FF00 tol=5, 15 ms)
2026-07-20 14:05:32 [motherlode] Tracking not-yet-stable target at 1188,664 (search 15 ms)
2026-07-20 14:05:32 [motherlode] FindFilledBlock: found at 1188,664 (27x27 0x00FF00 tol=5, 16 ms)
2026-07-20 14:05:32 [motherlode] Tracking stable target at 1188,664 (cooldown active, search 16 ms)
2026-07-20 14:05:32 [motherlode] FindFilledBlock: found at 1188,664 (27x27 0x00FF00 tol=5, 15 ms)
2026-07-20 14:05:32 [motherlode] Tracking stable target at 1188,664 (cooldown active, search 15 ms)
2026-07-20 14:05:32 [motherlode] FindFilledBlock: found at 1188,664 (27x27 0x00FF00 tol=5, 16 ms)
2026-07-20 14:05:32 [motherlode] Tracking stable target at 1188,664 (cooldown active, search 16 ms)
2026-07-20 14:05:32 [motherlode] FindFilledBlock: found at 1188,664 (27x27 0x00FF00 tol=5, 0 ms)
2026-07-20 14:05:32 [motherlode] Tracking stable target at 1188,664 (cooldown active, search 0 ms)
2026-07-20 14:05:32 [motherlode] FindFilledBlock: found at 1188,664 (27x27 0x00FF00 tol=5, 16 ms)
2026-07-20 14:05:32 [motherlode] Tracking stable target at 1188,664 (cooldown active, search 16 ms)
2026-07-20 14:05:33 [motherlode] FindFilledBlock: found at 1188,664 (27x27 0x00FF00 tol=5, 0 ms)
2026-07-20 14:05:33 [motherlode] Tracking stable target at 1188,664 (cooldown active, search 0 ms)
2026-07-20 14:05:33 [motherlode] FindFilledBlock: found at 1188,664 (27x27 0x00FF00 tol=5, 15 ms)
2026-07-20 14:05:33 [motherlode] Clicked STABLE target at 1188,664 (search 15 ms)
2026-07-20 14:05:33 [motherlode] FindFilledBlock: found at 1190,690 (27x27 0x00FF00 tol=5, 0 ms)
2026-07-20 14:05:33 [motherlode] Tracking not-yet-stable target at 1190,690 (search 0 ms)
2026-07-20 14:05:33 [motherlode] FindFilledBlock: found at 1190,690 (27x27 0x00FF00 tol=5, 0 ms)
2026-07-20 14:05:33 [motherlode] Tracking not-yet-stable target at 1190,690 (search 0 ms)
2026-07-20 14:05:33 [motherlode] FindFilledBlock: found at 1188,664 (27x27 0x00FF00 tol=5, 0 ms)
2026-07-20 14:05:33 [motherlode] Tracking not-yet-stable target at 1188,664 (search 16 ms)
2026-07-20 14:05:34 [motherlode] FindFilledBlock: found at 1188,664 (27x27 0x00FF00 tol=5, 0 ms)
2026-07-20 14:05:34 [motherlode] Tracking not-yet-stable target at 1188,664 (search 0 ms)
2026-07-20 14:05:34 [motherlode] FindFilledBlock: found at 1188,664 (27x27 0x00FF00 tol=5, 0 ms)
2026-07-20 14:05:34 [motherlode] Tracking stable target at 1188,664 (cooldown active, search 0 ms)
2026-07-20 14:05:34 [motherlode] FindFilledBlock: found at 1188,664 (27x27 0x00FF00 tol=5, 16 ms)
2026-07-20 14:05:34 [motherlode] Tracking stable target at 1188,664 (cooldown active, search 16 ms)
2026-07-20 14:05:34 [motherlode] FindFilledBlock: found at 1188,664 (27x27 0x00FF00 tol=5, 0 ms)
2026-07-20 14:05:34 [motherlode] Tracking stable target at 1188,664 (cooldown active, search 16 ms)
2026-07-20 14:05:34 [motherlode] FindFilledBlock: found at 1188,664 (27x27 0x00FF00 tol=5, 16 ms)
2026-07-20 14:05:34 [motherlode] Tracking stable target at 1188,664 (cooldown active, search 16 ms)
2026-07-20 14:05:34 [motherlode] FindFilledBlock: found at 1188,664 (27x27 0x00FF00 tol=5, 15 ms)
2026-07-20 14:05:34 [motherlode] Tracking stable target at 1188,664 (cooldown active, search 15 ms)
2026-07-20 14:05:34 [motherlode] FindFilledBlock: found at 1188,664 (27x27 0x00FF00 tol=5, 16 ms)
2026-07-20 14:05:35 [motherlode] Clicked STABLE target at 1188,664 (search 16 ms)
2026-07-20 14:05:35 [motherlode] FindFilledBlock: found at 1190,690 (27x27 0x00FF00 tol=5, 0 ms)
2026-07-20 14:05:35 [motherlode] Tracking not-yet-stable target at 1190,690 (search 0 ms)
2026-07-20 14:05:35 [motherlode] FindFilledBlock: found at 1190,690 (27x27 0x00FF00 tol=5, 15 ms)
2026-07-20 14:05:35 [motherlode] Tracking not-yet-stable target at 1190,690 (search 15 ms)
2026-07-20 14:05:35 [motherlode] FindFilledBlock: found at 1188,664 (27x27 0x00FF00 tol=5, 0 ms)
2026-07-20 14:05:35 [motherlode] Tracking not-yet-stable target at 1188,664 (search 0 ms)
2026-07-20 14:05:35 [motherlode] FindFilledBlock: found at 1188,664 (27x27 0x00FF00 tol=5, 0 ms)
2026-07-20 14:05:35 [motherlode] Tracking not-yet-stable target at 1188,664 (search 0 ms)
2026-07-20 14:05:35 [motherlode] FindFilledBlock: found at 1188,664 (27x27 0x00FF00 tol=5, 0 ms)
2026-07-20 14:05:35 [motherlode] Tracking stable target at 1188,664 (cooldown active, search 0 ms)
2026-07-20 14:05:36 [motherlode] FindFilledBlock: found at 1188,664 (27x27 0x00FF00 tol=5, 0 ms)
2026-07-20 14:05:36 [motherlode] Tracking stable target at 1188,664 (cooldown active, search 0 ms)
2026-07-20 14:05:36 [motherlode] FindFilledBlock: found at 1188,664 (27x27 0x00FF00 tol=5, 15 ms)
2026-07-20 14:05:36 [motherlode] Tracking stable target at 1188,664 (cooldown active, search 15 ms)
2026-07-20 14:05:36 [motherlode] FindFilledBlock: found at 1188,664 (27x27 0x00FF00 tol=5, 0 ms)
2026-07-20 14:05:36 [motherlode] Tracking stable target at 1188,664 (cooldown active, search 0 ms)
2026-07-20 14:05:36 [motherlode] FindFilledBlock: found at 1188,664 (27x27 0x00FF00 tol=5, 16 ms)
2026-07-20 14:05:36 [motherlode] Tracking stable target at 1188,664 (cooldown active, search 16 ms)
2026-07-20 14:05:36 [motherlode] FindFilledBlock: found at 1188,664 (27x27 0x00FF00 tol=5, 0 ms)
2026-07-20 14:05:36 [motherlode] Clicked STABLE target at 1188,664 (search 0 ms)
2026-07-20 14:05:37 [motherlode] FindFilledBlock: found at 1190,690 (27x27 0x00FF00 tol=5, 16 ms)
2026-07-20 14:05:37 [motherlode] Tracking not-yet-stable target at 1190,690 (search 16 ms)
2026-07-20 14:05:37 [motherlode] FindFilledBlock: found at 1188,664 (27x27 0x00FF00 tol=5, 0 ms)
2026-07-20 14:05:37 [motherlode] Tracking not-yet-stable target at 1188,664 (search 0 ms)
2026-07-20 14:05:37 [motherlode] FindFilledBlock: found at 1188,664 (27x27 0x00FF00 tol=5, 15 ms)
2026-07-20 14:05:37 [motherlode] Tracking not-yet-stable target at 1188,664 (search 15 ms)
2026-07-20 14:05:37 [motherlode] FindFilledBlock: found at 1188,664 (27x27 0x00FF00 tol=5, 16 ms)
2026-07-20 14:05:37 [motherlode] Tracking stable target at 1188,664 (cooldown active, search 16 ms)
2026-07-20 14:05:37 [motherlode] FindFilledBlock: found at 1188,664 (27x27 0x00FF00 tol=5, 15 ms)
2026-07-20 14:05:37 [motherlode] Tracking stable target at 1188,664 (cooldown active, search 15 ms)
2026-07-20 14:05:37 [motherlode] FindFilledBlock: found at 1188,664 (27x27 0x00FF00 tol=5, 16 ms)
2026-07-20 14:05:37 [motherlode] Tracking stable target at 1188,664 (cooldown active, search 16 ms)
2026-07-20 14:05:38 [motherlode] FindFilledBlock: found at 1188,664 (27x27 0x00FF00 tol=5, 0 ms)
2026-07-20 14:05:38 [motherlode] Tracking stable target at 1188,664 (cooldown active, search 0 ms)
2026-07-20 14:05:38 [motherlode] FindFilledBlock: found at 1188,664 (27x27 0x00FF00 tol=5, 16 ms)
2026-07-20 14:05:38 [motherlode] Tracking stable target at 1188,664 (cooldown active, search 16 ms)
2026-07-20 14:05:38 [motherlode] FindFilledBlock: found at 1188,664 (27x27 0x00FF00 tol=5, 15 ms)
2026-07-20 14:05:38 [motherlode] Tracking stable target at 1188,664 (cooldown active, search 15 ms)
2026-07-20 14:05:38 [motherlode] FindFilledBlock: found at 1188,664 (27x27 0x00FF00 tol=5, 0 ms)
2026-07-20 14:05:38 [motherlode] Tracking stable target at 1188,664 (cooldown active, search 0 ms)
2026-07-20 14:05:38 [motherlode] FindFilledBlock: found at 1188,664 (27x27 0x00FF00 tol=5, 16 ms)
2026-07-20 14:05:38 [motherlode] Clicked STABLE target at 1188,664 (search 16 ms)
2026-07-20 14:05:38 [motherlode] FindFilledBlock: found at 1190,690 (27x27 0x00FF00 tol=5, 0 ms)
2026-07-20 14:05:38 [motherlode] Tracking not-yet-stable target at 1190,690 (search 0 ms)
2026-07-20 14:05:39 [motherlode] FindFilledBlock: found at 1190,690 (27x27 0x00FF00 tol=5, 0 ms)
2026-07-20 14:05:39 [motherlode] Tracking not-yet-stable target at 1190,690 (search 0 ms)
2026-07-20 14:05:39 [motherlode] FindFilledBlock: found at 1188,664 (27x27 0x00FF00 tol=5, 0 ms)
2026-07-20 14:05:39 [motherlode] Tracking not-yet-stable target at 1188,664 (search 0 ms)
2026-07-20 14:05:39 [motherlode] FindFilledBlock: found at 1188,664 (27x27 0x00FF00 tol=5, 0 ms)
2026-07-20 14:05:39 [motherlode] Tracking not-yet-stable target at 1188,664 (search 0 ms)
2026-07-20 14:05:39 [motherlode] FindFilledBlock: found at 1188,664 (27x27 0x00FF00 tol=5, 0 ms)
2026-07-20 14:05:39 [motherlode] Tracking stable target at 1188,664 (cooldown active, search 0 ms)
2026-07-20 14:05:39 [motherlode] FindFilledBlock: found at 1188,664 (27x27 0x00FF00 tol=5, 15 ms)
2026-07-20 14:05:39 [motherlode] Tracking stable target at 1188,664 (cooldown active, search 15 ms)
2026-07-20 14:05:39 [motherlode] FindFilledBlock: found at 1188,664 (27x27 0x00FF00 tol=5, 0 ms)
2026-07-20 14:05:39 [motherlode] Tracking stable target at 1188,664 (cooldown active, search 0 ms)
2026-07-20 14:05:40 [motherlode] FindFilledBlock: found at 1188,664 (27x27 0x00FF00 tol=5, 16 ms)
2026-07-20 14:05:40 [motherlode] Tracking stable target at 1188,664 (cooldown active, search 16 ms)
2026-07-20 14:05:40 [motherlode] FindFilledBlock: found at 1188,664 (27x27 0x00FF00 tol=5, 16 ms)
2026-07-20 14:05:40 [motherlode] Tracking stable target at 1188,664 (cooldown active, search 16 ms)
2026-07-20 14:05:40 [motherlode] FindFilledBlock: found at 1188,664 (27x27 0x00FF00 tol=5, 15 ms)
2026-07-20 14:05:40 [motherlode] Clicked STABLE target at 1188,664 (search 15 ms)
2026-07-20 14:05:40 [motherlode] FindFilledBlock: found at 1190,690 (27x27 0x00FF00 tol=5, 0 ms)
2026-07-20 14:05:40 [motherlode] Tracking not-yet-stable target at 1190,690 (search 0 ms)
2026-07-20 14:05:40 [motherlode] FindFilledBlock: found at 1190,690 (27x27 0x00FF00 tol=5, 16 ms)
2026-07-20 14:05:40 [motherlode] Tracking not-yet-stable target at 1190,690 (search 16 ms)
2026-07-20 14:05:41 [motherlode] FindFilledBlock: found at 1188,664 (27x27 0x00FF00 tol=5, 0 ms)
2026-07-20 14:05:41 [motherlode] Tracking not-yet-stable target at 1188,664 (search 0 ms)
2026-07-20 14:05:41 [motherlode] FindFilledBlock: found at 1188,664 (27x27 0x00FF00 tol=5, 15 ms)
2026-07-20 14:05:41 [motherlode] Tracking not-yet-stable target at 1188,664 (search 15 ms)
2026-07-20 14:05:41 [motherlode] FindFilledBlock: found at 1188,664 (27x27 0x00FF00 tol=5, 0 ms)
2026-07-20 14:05:41 [motherlode] Tracking stable target at 1188,664 (cooldown active, search 0 ms)
2026-07-20 14:05:41 [motherlode] FindFilledBlock: found at 1188,664 (27x27 0x00FF00 tol=5, 16 ms)
2026-07-20 14:05:41 [motherlode] Tracking stable target at 1188,664 (cooldown active, search 16 ms)
2026-07-20 14:05:41 [motherlode] FindFilledBlock: found at 1188,664 (27x27 0x00FF00 tol=5, 0 ms)
2026-07-20 14:05:41 [motherlode] Tracking stable target at 1188,664 (cooldown active, search 0 ms)
2026-07-20 14:05:41 [motherlode] FindFilledBlock: found at 1188,664 (27x27 0x00FF00 tol=5, 0 ms)
2026-07-20 14:05:41 [motherlode] Tracking stable target at 1188,664 (cooldown active, search 0 ms)
2026-07-20 14:05:42 [motherlode] FindFilledBlock: found at 1188,664 (27x27 0x00FF00 tol=5, 0 ms)
2026-07-20 14:05:42 [motherlode] Tracking stable target at 1188,664 (cooldown active, search 0 ms)
2026-07-20 14:05:42 [motherlode] FindFilledBlock: found at 1188,664 (27x27 0x00FF00 tol=5, 0 ms)
2026-07-20 14:05:42 [motherlode] Clicked STABLE target at 1188,664 (search 0 ms)
2026-07-20 14:05:42 [motherlode] FindFilledBlock: found at 1190,690 (27x27 0x00FF00 tol=5, 0 ms)
2026-07-20 14:05:42 [motherlode] Tracking not-yet-stable target at 1190,690 (search 0 ms)
2026-07-20 14:05:42 [motherlode] FindFilledBlock: found at 1188,664 (27x27 0x00FF00 tol=5, 0 ms)
2026-07-20 14:05:42 [motherlode] Tracking not-yet-stable target at 1188,664 (search 0 ms)
2026-07-20 14:05:42 [motherlode] FindFilledBlock: found at 1188,664 (27x27 0x00FF00 tol=5, 16 ms)
2026-07-20 14:05:42 [motherlode] Tracking not-yet-stable target at 1188,664 (search 16 ms)
2026-07-20 14:05:43 [motherlode] FindFilledBlock: found at 1188,664 (27x27 0x00FF00 tol=5, 0 ms)
2026-07-20 14:05:43 [motherlode] Tracking stable target at 1188,664 (cooldown active, search 0 ms)
2026-07-20 14:05:43 [motherlode] FindFilledBlock: found at 1188,664 (27x27 0x00FF00 tol=5, 15 ms)
2026-07-20 14:05:43 [motherlode] Tracking stable target at 1188,664 (cooldown active, search 15 ms)
2026-07-20 14:05:43 [motherlode] FindFilledBlock: found at 1188,664 (27x27 0x00FF00 tol=5, 0 ms)
2026-07-20 14:05:43 [motherlode] Tracking stable target at 1188,664 (cooldown active, search 15 ms)
2026-07-20 14:05:43 [motherlode] FindFilledBlock: found at 1188,664 (27x27 0x00FF00 tol=5, 16 ms)
2026-07-20 14:05:43 [motherlode] Tracking stable target at 1188,664 (cooldown active, search 16 ms)
2026-07-20 14:05:43 [motherlode] FindFilledBlock: found at 1188,664 (27x27 0x00FF00 tol=5, 0 ms)
2026-07-20 14:05:43 [motherlode] Tracking stable target at 1188,664 (cooldown active, search 16 ms)
2026-07-20 14:05:43 [motherlode] FindFilledBlock: found at 1188,664 (27x27 0x00FF00 tol=5, 15 ms)
2026-07-20 14:05:43 [motherlode] Tracking stable target at 1188,664 (cooldown active, search 15 ms)
2026-07-20 14:05:43 [motherlode] FindFilledBlock: found at 1188,664 (27x27 0x00FF00 tol=5, 16 ms)
2026-07-20 14:05:44 [motherlode] Clicked STABLE target at 1188,664 (search 16 ms)
2026-07-20 14:05:44 [motherlode] FindFilledBlock: found at 1190,690 (27x27 0x00FF00 tol=5, 15 ms)
2026-07-20 14:05:44 [motherlode] Tracking not-yet-stable target at 1190,690 (search 15 ms)
2026-07-20 14:05:44 [motherlode] FindFilledBlock: found at 1190,690 (27x27 0x00FF00 tol=5, 0 ms)
2026-07-20 14:05:44 [motherlode] Tracking not-yet-stable target at 1190,690 (search 0 ms)
2026-07-20 14:05:44 [motherlode] FindFilledBlock: found at 1188,664 (27x27 0x00FF00 tol=5, 16 ms)
2026-07-20 14:05:44 [motherlode] Tracking not-yet-stable target at 1188,664 (search 16 ms)
2026-07-20 14:05:44 [motherlode] FindFilledBlock: found at 1188,664 (27x27 0x00FF00 tol=5, 0 ms)
2026-07-20 14:05:44 [motherlode] Tracking not-yet-stable target at 1188,664 (search 0 ms)
2026-07-20 14:05:44 [motherlode] FindFilledBlock: found at 1188,664 (27x27 0x00FF00 tol=5, 16 ms)
2026-07-20 14:05:44 [motherlode] Tracking stable target at 1188,664 (cooldown active, search 16 ms)
2026-07-20 14:05:45 [motherlode] FindFilledBlock: found at 1188,664 (27x27 0x00FF00 tol=5, 0 ms)
2026-07-20 14:05:45 [motherlode] Tracking stable target at 1188,664 (cooldown active, search 0 ms)
2026-07-20 14:05:45 [motherlode] FindFilledBlock: found at 1188,664 (27x27 0x00FF00 tol=5, 0 ms)
2026-07-20 14:05:45 [motherlode] Tracking stable target at 1188,664 (cooldown active, search 0 ms)
2026-07-20 14:05:45 [motherlode] FindFilledBlock: found at 1188,664 (27x27 0x00FF00 tol=5, 0 ms)
2026-07-20 14:05:45 [motherlode] Tracking stable target at 1188,664 (cooldown active, search 0 ms)
2026-07-20 14:05:45 [motherlode] FindFilledBlock: found at 1188,664 (27x27 0x00FF00 tol=5, 0 ms)
2026-07-20 14:05:45 [motherlode] Tracking stable target at 1188,664 (cooldown active, search 0 ms)
2026-07-20 14:05:45 [motherlode] FindFilledBlock: found at 1188,664 (27x27 0x00FF00 tol=5, 15 ms)
2026-07-20 14:05:45 [motherlode] Clicked STABLE target at 1188,664 (search 15 ms)
2026-07-20 14:05:46 [motherlode] FindFilledBlock: found at 1190,690 (27x27 0x00FF00 tol=5, 0 ms)
2026-07-20 14:05:46 [motherlode] Tracking not-yet-stable target at 1190,690 (search 15 ms)
2026-07-20 14:05:46 [motherlode] FindFilledBlock: found at 1188,664 (27x27 0x00FF00 tol=5, 16 ms)
2026-07-20 14:05:46 [motherlode] Tracking not-yet-stable target at 1188,664 (search 16 ms)
2026-07-20 14:05:46 [motherlode] FindFilledBlock: found at 1188,664 (27x27 0x00FF00 tol=5, 16 ms)
2026-07-20 14:05:46 [motherlode] Tracking not-yet-stable target at 1188,664 (search 16 ms)
2026-07-20 14:05:46 [motherlode] FindFilledBlock: found at 1188,664 (27x27 0x00FF00 tol=5, 0 ms)
2026-07-20 14:05:46 [motherlode] Tracking stable target at 1188,664 (cooldown active, search 0 ms)
2026-07-20 14:05:46 [motherlode] FindFilledBlock: found at 1188,664 (27x27 0x00FF00 tol=5, 15 ms)
2026-07-20 14:05:46 [motherlode] Tracking stable target at 1188,664 (cooldown active, search 15 ms)
2026-07-20 14:05:46 [motherlode] FindFilledBlock: found at 1188,664 (27x27 0x00FF00 tol=5, 0 ms)
2026-07-20 14:05:46 [motherlode] Tracking stable target at 1188,664 (cooldown active, search 0 ms)
2026-07-20 14:05:47 [motherlode] FindFilledBlock: found at 1188,664 (27x27 0x00FF00 tol=5, 16 ms)
2026-07-20 14:05:47 [motherlode] Tracking stable target at 1188,664 (cooldown active, search 16 ms)
2026-07-20 14:05:47 [motherlode] FindFilledBlock: found at 1188,664 (27x27 0x00FF00 tol=5, 0 ms)
2026-07-20 14:05:47 [motherlode] Tracking stable target at 1188,664 (cooldown active, search 0 ms)
2026-07-20 14:05:47 [motherlode] FindFilledBlock: found at 1188,664 (27x27 0x00FF00 tol=5, 0 ms)
2026-07-20 14:05:47 [motherlode] Tracking stable target at 1188,664 (cooldown active, search 0 ms)
2026-07-20 14:05:47 [motherlode] FindFilledBlock: found at 1188,664 (27x27 0x00FF00 tol=5, 0 ms)
2026-07-20 14:05:47 [motherlode] Clicked STABLE target at 1188,664 (search 0 ms)
2026-07-20 14:05:47 [motherlode] FindFilledBlock: found at 1190,690 (27x27 0x00FF00 tol=5, 0 ms)
2026-07-20 14:05:47 [motherlode] Tracking not-yet-stable target at 1190,690 (search 0 ms)
2026-07-20 14:05:48 [motherlode] FindFilledBlock: found at 1188,664 (27x27 0x00FF00 tol=5, 0 ms)
2026-07-20 14:05:48 [motherlode] Tracking not-yet-stable target at 1188,664 (search 16 ms)
2026-07-20 14:05:48 [motherlode] FindFilledBlock: found at 1188,664 (27x27 0x00FF00 tol=5, 15 ms)
2026-07-20 14:05:48 [motherlode] Tracking not-yet-stable target at 1188,664 (search 15 ms)
2026-07-20 14:05:48 [motherlode] FindFilledBlock: found at 1188,664 (27x27 0x00FF00 tol=5, 16 ms)
2026-07-20 14:05:48 [motherlode] Tracking stable target at 1188,664 (cooldown active, search 16 ms)
2026-07-20 14:05:48 [motherlode] FindFilledBlock: found at 1188,664 (27x27 0x00FF00 tol=5, 15 ms)
2026-07-20 14:05:48 [motherlode] Tracking stable target at 1188,664 (cooldown active, search 15 ms)
2026-07-20 14:05:48 [motherlode] FindFilledBlock: found at 1188,664 (27x27 0x00FF00 tol=5, 16 ms)
2026-07-20 14:05:48 [motherlode] Tracking stable target at 1188,664 (cooldown active, search 16 ms)
2026-07-20 14:05:48 [motherlode] FindFilledBlock: found at 1188,664 (27x27 0x00FF00 tol=5, 0 ms)
2026-07-20 14:05:48 [motherlode] Tracking stable target at 1188,664 (cooldown active, search 0 ms)
2026-07-20 14:05:48 [motherlode] FindFilledBlock: found at 1188,664 (27x27 0x00FF00 tol=5, 0 ms)
2026-07-20 14:05:48 [motherlode] Tracking stable target at 1188,664 (cooldown active, search 0 ms)
2026-07-20 14:05:49 [motherlode] FindFilledBlock: found at 1188,664 (27x27 0x00FF00 tol=5, 0 ms)
2026-07-20 14:05:49 [motherlode] Tracking stable target at 1188,664 (cooldown active, search 0 ms)
2026-07-20 14:05:49 [motherlode] FindFilledBlock: found at 1188,664 (27x27 0x00FF00 tol=5, 0 ms)
2026-07-20 14:05:49 [motherlode] Clicked STABLE target at 1188,664 (search 0 ms)
2026-07-20 14:05:49 [motherlode] FindFilledBlock: found at 1190,690 (27x27 0x00FF00 tol=5, 0 ms)
2026-07-20 14:05:49 [motherlode] Tracking not-yet-stable target at 1190,690 (search 0 ms)
2026-07-20 14:05:49 [motherlode] FindFilledBlock: found at 1190,690 (27x27 0x00FF00 tol=5, 0 ms)
2026-07-20 14:05:49 [motherlode] Tracking not-yet-stable target at 1190,690 (search 0 ms)
2026-07-20 14:05:49 [motherlode] FindFilledBlock: found at 1188,664 (27x27 0x00FF00 tol=5, 0 ms)
2026-07-20 14:05:49 [motherlode] Tracking not-yet-stable target at 1188,664 (search 0 ms)
2026-07-20 14:05:50 [motherlode] FindFilledBlock: found at 1188,664 (27x27 0x00FF00 tol=5, 0 ms)
2026-07-20 14:05:50 [motherlode] Tracking not-yet-stable target at 1188,664 (search 0 ms)
2026-07-20 14:05:50 [motherlode] FindFilledBlock: found at 1188,664 (27x27 0x00FF00 tol=5, 15 ms)
2026-07-20 14:05:50 [motherlode] Tracking stable target at 1188,664 (cooldown active, search 15 ms)
2026-07-20 14:05:50 [motherlode] FindFilledBlock: found at 1188,664 (27x27 0x00FF00 tol=5, 0 ms)
2026-07-20 14:05:50 [motherlode] Tracking stable target at 1188,664 (cooldown active, search 0 ms)
2026-07-20 14:05:50 [motherlode] FindFilledBlock: found at 1188,664 (27x27 0x00FF00 tol=5, 16 ms)
2026-07-20 14:05:50 [motherlode] Tracking stable target at 1188,664 (cooldown active, search 16 ms)
2026-07-20 14:05:50 [motherlode] FindFilledBlock: found at 1188,664 (27x27 0x00FF00 tol=5, 15 ms)
2026-07-20 14:05:50 [motherlode] Tracking stable target at 1188,664 (cooldown active, search 15 ms)
2026-07-20 14:05:50 [motherlode] FindFilledBlock: found at 1188,664 (27x27 0x00FF00 tol=5, 16 ms)
2026-07-20 14:05:50 [motherlode] Tracking stable target at 1188,664 (cooldown active, search 16 ms)
2026-07-20 14:05:50 [motherlode] FindFilledBlock: found at 1188,664 (27x27 0x00FF00 tol=5, 15 ms)
2026-07-20 14:05:51 [motherlode] Clicked STABLE target at 1188,664 (search 15 ms)
2026-07-20 14:05:51 [motherlode] FindFilledBlock: found at 1190,690 (27x27 0x00FF00 tol=5, 0 ms)
2026-07-20 14:05:51 [motherlode] Tracking not-yet-stable target at 1190,690 (search 0 ms)
2026-07-20 14:05:51 [motherlode] FindFilledBlock: found at 1190,690 (27x27 0x00FF00 tol=5, 0 ms)
2026-07-20 14:05:51 [motherlode] Tracking not-yet-stable target at 1190,690 (search 0 ms)
2026-07-20 14:05:51 [motherlode] FindFilledBlock: found at 1188,664 (27x27 0x00FF00 tol=5, 0 ms)
2026-07-20 14:05:51 [motherlode] Tracking not-yet-stable target at 1188,664 (search 0 ms)
2026-07-20 14:05:51 [motherlode] FindFilledBlock: found at 1188,664 (27x27 0x00FF00 tol=5, 0 ms)
2026-07-20 14:05:51 [motherlode] Tracking not-yet-stable target at 1188,664 (search 0 ms)
2026-07-20 14:05:51 [motherlode] FindFilledBlock: found at 1188,664 (27x27 0x00FF00 tol=5, 0 ms)
2026-07-20 14:05:51 [motherlode] Tracking stable target at 1188,664 (cooldown active, search 0 ms)
2026-07-20 14:05:52 [motherlode] FindFilledBlock: found at 1188,664 (27x27 0x00FF00 tol=5, 0 ms)
2026-07-20 14:05:52 [motherlode] Tracking stable target at 1188,664 (cooldown active, search 0 ms)
2026-07-20 14:05:52 [motherlode] FindFilledBlock: found at 1188,664 (27x27 0x00FF00 tol=5, 0 ms)
2026-07-20 14:05:52 [motherlode] Tracking stable target at 1188,664 (cooldown active, search 0 ms)
2026-07-20 14:05:52 [motherlode] FindFilledBlock: found at 1188,664 (27x27 0x00FF00 tol=5, 0 ms)
2026-07-20 14:05:52 [motherlode] Tracking stable target at 1188,664 (cooldown active, search 0 ms)
2026-07-20 14:05:52 [motherlode] FindFilledBlock: found at 1188,664 (27x27 0x00FF00 tol=5, 0 ms)
2026-07-20 14:05:52 [motherlode] Tracking stable target at 1188,664 (cooldown active, search 0 ms)
2026-07-20 14:05:52 [motherlode] FindFilledBlock: found at 1188,664 (27x27 0x00FF00 tol=5, 0 ms)
2026-07-20 14:05:52 [motherlode] Clicked STABLE target at 1188,664 (search 0 ms)
2026-07-20 14:05:53 [motherlode] FindFilledBlock: found at 1190,690 (27x27 0x00FF00 tol=5, 0 ms)
2026-07-20 14:05:53 [motherlode] Tracking not-yet-stable target at 1190,690 (search 0 ms)
2026-07-20 14:05:53 [motherlode] FindFilledBlock: found at 1190,690 (27x27 0x00FF00 tol=5, 0 ms)
2026-07-20 14:05:53 [motherlode] Tracking not-yet-stable target at 1190,690 (search 0 ms)
2026-07-20 14:05:53 [motherlode] FindFilledBlock: found at 1188,664 (27x27 0x00FF00 tol=5, 0 ms)
2026-07-20 14:05:53 [motherlode] Tracking not-yet-stable target at 1188,664 (search 0 ms)
2026-07-20 14:05:53 [motherlode] FindFilledBlock: found at 1188,664 (27x27 0x00FF00 tol=5, 0 ms)
2026-07-20 14:05:53 [motherlode] Tracking not-yet-stable target at 1188,664 (search 0 ms)
2026-07-20 14:05:53 [motherlode] FindFilledBlock: found at 1188,664 (27x27 0x00FF00 tol=5, 0 ms)
2026-07-20 14:05:53 [motherlode] Tracking stable target at 1188,664 (cooldown active, search 0 ms)
2026-07-20 14:05:53 [motherlode] FindFilledBlock: found at 1188,664 (27x27 0x00FF00 tol=5, 0 ms)
2026-07-20 14:05:53 [motherlode] Tracking stable target at 1188,664 (cooldown active, search 0 ms)
2026-07-20 14:05:54 [motherlode] FindFilledBlock: found at 1188,664 (27x27 0x00FF00 tol=5, 15 ms)
2026-07-20 14:05:54 [motherlode] Tracking stable target at 1188,664 (cooldown active, search 15 ms)
2026-07-20 14:05:54 [motherlode] FindFilledBlock: found at 1188,664 (27x27 0x00FF00 tol=5, 0 ms)
2026-07-20 14:05:54 [motherlode] Tracking stable target at 1188,664 (cooldown active, search 0 ms)
2026-07-20 14:05:54 [motherlode] FindFilledBlock: found at 1188,664 (27x27 0x00FF00 tol=5, 16 ms)
2026-07-20 14:05:54 [motherlode] Tracking stable target at 1188,664 (cooldown active, search 16 ms)
2026-07-20 14:05:54 [motherlode] FindFilledBlock: found at 1188,664 (27x27 0x00FF00 tol=5, 16 ms)
2026-07-20 14:05:54 [motherlode] Clicked STABLE target at 1188,664 (search 16 ms)
2026-07-20 14:05:54 [motherlode] FindFilledBlock: found at 1190,690 (27x27 0x00FF00 tol=5, 16 ms)
2026-07-20 14:05:54 [motherlode] Tracking not-yet-stable target at 1190,690 (search 16 ms)
2026-07-20 14:05:55 [motherlode] FindFilledBlock: found at 1190,690 (27x27 0x00FF00 tol=5, 0 ms)
2026-07-20 14:05:55 [motherlode] Tracking not-yet-stable target at 1190,690 (search 0 ms)
2026-07-20 14:05:55 [motherlode] FindFilledBlock: found at 1188,664 (27x27 0x00FF00 tol=5, 16 ms)
2026-07-20 14:05:55 [motherlode] Tracking not-yet-stable target at 1188,664 (search 16 ms)
2026-07-20 14:05:55 [motherlode] FindFilledBlock: found at 1188,664 (27x27 0x00FF00 tol=5, 0 ms)
2026-07-20 14:05:55 [motherlode] Tracking not-yet-stable target at 1188,664 (search 0 ms)
2026-07-20 14:05:55 [motherlode] FindFilledBlock: found at 1188,664 (27x27 0x00FF00 tol=5, 15 ms)
2026-07-20 14:05:55 [motherlode] Tracking stable target at 1188,664 (cooldown active, search 15 ms)
2026-07-20 14:05:55 [motherlode] FindFilledBlock: found at 1188,664 (27x27 0x00FF00 tol=5, 16 ms)
2026-07-20 14:05:55 [motherlode] Tracking stable target at 1188,664 (cooldown active, search 16 ms)
2026-07-20 14:05:55 [motherlode] FindFilledBlock: found at 1188,664 (27x27 0x00FF00 tol=5, 0 ms)
2026-07-20 14:05:55 [motherlode] Tracking stable target at 1188,664 (cooldown active, search 0 ms)
2026-07-20 14:05:55 [motherlode] FindFilledBlock: found at 1188,664 (27x27 0x00FF00 tol=5, 16 ms)
2026-07-20 14:05:55 [motherlode] Tracking stable target at 1188,664 (cooldown active, search 16 ms)
2026-07-20 14:05:56 [motherlode] FindFilledBlock: found at 1188,664 (27x27 0x00FF00 tol=5, 0 ms)
2026-07-20 14:05:56 [motherlode] Tracking stable target at 1188,664 (cooldown active, search 0 ms)
2026-07-20 14:05:56 [motherlode] FindFilledBlock: found at 1188,664 (27x27 0x00FF00 tol=5, 15 ms)
2026-07-20 14:05:56 [motherlode] Tracking stable target at 1188,664 (cooldown active, search 15 ms)
2026-07-20 14:05:56 [motherlode] FindFilledBlock: found at 1188,664 (27x27 0x00FF00 tol=5, 0 ms)
2026-07-20 14:05:56 [motherlode] Clicked STABLE target at 1188,664 (search 0 ms)
2026-07-20 14:05:56 [motherlode] FindFilledBlock: found at 1190,690 (27x27 0x00FF00 tol=5, 0 ms)
2026-07-20 14:05:56 [motherlode] Tracking not-yet-stable target at 1190,690 (search 0 ms)
2026-07-20 14:05:56 [motherlode] FindFilledBlock: found at 1190,690 (27x27 0x00FF00 tol=5, 16 ms)
2026-07-20 14:05:56 [motherlode] Tracking not-yet-stable target at 1190,690 (search 16 ms)
2026-07-20 14:05:57 [motherlode] FindFilledBlock: found at 1188,664 (27x27 0x00FF00 tol=5, 0 ms)
2026-07-20 14:05:57 [motherlode] Tracking not-yet-stable target at 1188,664 (search 0 ms)
2026-07-20 14:05:57 [motherlode] FindFilledBlock: found at 1188,664 (27x27 0x00FF00 tol=5, 0 ms)
2026-07-20 14:05:57 [motherlode] Tracking not-yet-stable target at 1188,664 (search 0 ms)
2026-07-20 14:05:57 [motherlode] FindFilledBlock: found at 1188,664 (27x27 0x00FF00 tol=5, 0 ms)
2026-07-20 14:05:57 [motherlode] Tracking stable target at 1188,664 (cooldown active, search 0 ms)
2026-07-20 14:05:57 [motherlode] FindFilledBlock: found at 1188,664 (27x27 0x00FF00 tol=5, 0 ms)
2026-07-20 14:05:57 [motherlode] Tracking stable target at 1188,664 (cooldown active, search 0 ms)
2026-07-20 14:05:57 [motherlode] FindFilledBlock: found at 1188,664 (27x27 0x00FF00 tol=5, 16 ms)
2026-07-20 14:05:57 [motherlode] Tracking stable target at 1188,664 (cooldown active, search 16 ms)
2026-07-20 14:05:57 [motherlode] FindFilledBlock: found at 1188,664 (27x27 0x00FF00 tol=5, 15 ms)
2026-07-20 14:05:57 [motherlode] Tracking stable target at 1188,664 (cooldown active, search 15 ms)
2026-07-20 14:05:57 [motherlode] FindFilledBlock: found at 1188,664 (27x27 0x00FF00 tol=5, 0 ms)
2026-07-20 14:05:57 [motherlode] Tracking stable target at 1188,664 (cooldown active, search 0 ms)
2026-07-20 14:05:58 [motherlode] FindFilledBlock: found at 1188,664 (27x27 0x00FF00 tol=5, 16 ms)
2026-07-20 14:05:58 [motherlode] Clicked STABLE target at 1188,664 (search 16 ms)
2026-07-20 14:05:58 [motherlode] FindFilledBlock: found at 1190,690 (27x27 0x00FF00 tol=5, 15 ms)
2026-07-20 14:05:58 [motherlode] Tracking not-yet-stable target at 1190,690 (search 15 ms)
2026-07-20 14:05:58 [motherlode] FindFilledBlock: found at 1190,690 (27x27 0x00FF00 tol=5, 0 ms)
2026-07-20 14:05:58 [motherlode] Tracking not-yet-stable target at 1190,690 (search 0 ms)
2026-07-20 14:05:58 [motherlode] FindFilledBlock: found at 1188,664 (27x27 0x00FF00 tol=5, 0 ms)
2026-07-20 14:05:58 [motherlode] Tracking not-yet-stable target at 1188,664 (search 0 ms)
2026-07-20 14:05:58 [motherlode] FindFilledBlock: found at 1188,664 (27x27 0x00FF00 tol=5, 0 ms)
2026-07-20 14:05:58 [motherlode] Tracking not-yet-stable target at 1188,664 (search 0 ms)
2026-07-20 14:05:59 [motherlode] FindFilledBlock: found at 1188,664 (27x27 0x00FF00 tol=5, 0 ms)
2026-07-20 14:05:59 [motherlode] Tracking stable target at 1188,664 (cooldown active, search 0 ms)
2026-07-20 14:05:59 [motherlode] FindFilledBlock: found at 1188,664 (27x27 0x00FF00 tol=5, 0 ms)
2026-07-20 14:05:59 [motherlode] Tracking stable target at 1188,664 (cooldown active, search 0 ms)
2026-07-20 14:05:59 [motherlode] FindFilledBlock: found at 1188,664 (27x27 0x00FF00 tol=5, 0 ms)
2026-07-20 14:05:59 [motherlode] Tracking stable target at 1188,664 (cooldown active, search 0 ms)
2026-07-20 14:05:59 [motherlode] FindFilledBlock: found at 1188,664 (27x27 0x00FF00 tol=5, 16 ms)
2026-07-20 14:05:59 [motherlode] Tracking stable target at 1188,664 (cooldown active, search 16 ms)
2026-07-20 14:05:59 [motherlode] FindFilledBlock: found at 1188,664 (27x27 0x00FF00 tol=5, 0 ms)
2026-07-20 14:05:59 [motherlode] Tracking stable target at 1188,664 (cooldown active, search 0 ms)
2026-07-20 14:05:59 [motherlode] FindFilledBlock: found at 1188,664 (27x27 0x00FF00 tol=5, 15 ms)
2026-07-20 14:06:00 [motherlode] Clicked STABLE target at 1188,664 (search 15 ms)
2026-07-20 14:06:00 [motherlode] FindFilledBlock: found at 1190,690 (27x27 0x00FF00 tol=5, 0 ms)
2026-07-20 14:06:00 [motherlode] Tracking not-yet-stable target at 1190,690 (search 16 ms)
2026-07-20 14:06:00 [motherlode] FindFilledBlock: found at 1190,690 (27x27 0x00FF00 tol=5, 16 ms)
2026-07-20 14:06:00 [motherlode] Tracking not-yet-stable target at 1190,690 (search 16 ms)
2026-07-20 14:06:00 [motherlode] FindFilledBlock: found at 1188,664 (27x27 0x00FF00 tol=5, 15 ms)
2026-07-20 14:06:00 [motherlode] Tracking not-yet-stable target at 1188,664 (search 15 ms)
2026-07-20 14:06:00 [motherlode] FindFilledBlock: found at 1188,664 (27x27 0x00FF00 tol=5, 16 ms)
2026-07-20 14:06:00 [motherlode] Tracking not-yet-stable target at 1188,664 (search 16 ms)
2026-07-20 14:06:00 [motherlode] FindFilledBlock: found at 1188,664 (27x27 0x00FF00 tol=5, 15 ms)
2026-07-20 14:06:00 [motherlode] Tracking stable target at 1188,664 (cooldown active, search 15 ms)
2026-07-20 14:06:00 [motherlode] FindFilledBlock: found at 1188,664 (27x27 0x00FF00 tol=5, 16 ms)
2026-07-20 14:06:01 [motherlode] Tracking stable target at 1188,664 (cooldown active, search 16 ms)
2026-07-20 14:06:01 [motherlode] FindFilledBlock: found at 1188,664 (27x27 0x00FF00 tol=5, 0 ms)
2026-07-20 14:06:01 [motherlode] Tracking stable target at 1188,664 (cooldown active, search 0 ms)
2026-07-20 14:06:01 [motherlode] FindFilledBlock: found at 1188,664 (27x27 0x00FF00 tol=5, 0 ms)
2026-07-20 14:06:01 [motherlode] Tracking stable target at 1188,664 (cooldown active, search 0 ms)
2026-07-20 14:06:01 [motherlode] FindFilledBlock: found at 1188,664 (27x27 0x00FF00 tol=5, 0 ms)
2026-07-20 14:06:01 [motherlode] Tracking stable target at 1188,664 (cooldown active, search 0 ms)
2026-07-20 14:06:01 [motherlode] FindFilledBlock: found at 1188,664 (27x27 0x00FF00 tol=5, 0 ms)
2026-07-20 14:06:01 [motherlode] Tracking stable target at 1188,664 (cooldown active, search 0 ms)
2026-07-20 14:06:01 [motherlode] FindFilledBlock: not found (27x27 0x00FF00 tol=5, 15 ms)
2026-07-20 14:06:01 [motherlode] Target depleted or lost - re-acquiring (searched 15 ms)
2026-07-20 14:06:01 [motherlode] FindFilledBlock: not found (27x27 0x00FF00 tol=5, 0 ms)
2026-07-20 14:06:01 [motherlode] FindFilledBlock: found at 1242,620 (27x27 0x00B809 tol=5, 15 ms)
2026-07-20 14:06:01 [motherlode] Acquired new target at 1242,620 (0x00B809, ring 100, 15 ms)
2026-07-20 14:06:02 [motherlode] FindFilledBlock: found at 1240,592 (27x27 0x00B809 tol=5, 0 ms)
2026-07-20 14:06:02 [motherlode] Clicked initial/re-click target at 1240,592 (search 0 ms)
2026-07-20 14:06:02 [motherlode] FindFilledBlock: found at 1242,618 (27x27 0x00B809 tol=5, 0 ms)
2026-07-20 14:06:02 [motherlode] Tracking not-yet-stable target at 1242,618 (search 0 ms)
2026-07-20 14:06:02 [motherlode] FindFilledBlock: found at 1240,592 (27x27 0x00B809 tol=5, 15 ms)
2026-07-20 14:06:02 [motherlode] Tracking not-yet-stable target at 1240,592 (search 15 ms)
2026-07-20 14:06:02 [motherlode] FindFilledBlock: found at 1240,592 (27x27 0x00B809 tol=5, 16 ms)
2026-07-20 14:06:02 [motherlode] Tracking not-yet-stable target at 1240,592 (search 16 ms)
2026-07-20 14:06:02 [motherlode] FindFilledBlock: found at 1238,592 (27x27 0x00B809 tol=5, 0 ms)
2026-07-20 14:06:02 [motherlode] Tracking stable target at 1238,592 (cooldown active, search 0 ms)
2026-07-20 14:06:03 [motherlode] FindFilledBlock: found at 1234,592 (27x27 0x00B809 tol=5, 16 ms)
2026-07-20 14:06:03 [motherlode] Tracking stable target at 1234,592 (cooldown active, search 16 ms)
2026-07-20 14:06:03 [motherlode] FindFilledBlock: found at 1228,590 (27x27 0x00B809 tol=5, 0 ms)
2026-07-20 14:06:03 [motherlode] Tracking not-yet-stable target at 1228,590 (search 0 ms)
2026-07-20 14:06:03 [motherlode] FindFilledBlock: found at 1218,590 (27x27 0x00B809 tol=5, 16 ms)
2026-07-20 14:06:03 [motherlode] Tracking not-yet-stable target at 1218,590 (search 16 ms)
2026-07-20 14:06:03 [motherlode] FindFilledBlock: found at 1210,590 (27x27 0x00B809 tol=5, 0 ms)
2026-07-20 14:06:03 [motherlode] Tracking not-yet-stable target at 1210,590 (search 0 ms)
2026-07-20 14:06:03 [motherlode] FindFilledBlock: found at 1204,592 (27x27 0x00B809 tol=5, 0 ms)
2026-07-20 14:06:03 [motherlode] Tracking not-yet-stable target at 1204,592 (search 0 ms)
2026-07-20 14:06:03 [motherlode] FindFilledBlock: found at 1200,598 (27x27 0x00B809 tol=5, 0 ms)
2026-07-20 14:06:03 [motherlode] Tracking not-yet-stable target at 1200,598 (search 0 ms)
2026-07-20 14:06:04 [motherlode] FindFilledBlock: found at 1198,606 (27x27 0x00B809 tol=5, 0 ms)
2026-07-20 14:06:04 [motherlode] Tracking not-yet-stable target at 1198,606 (search 0 ms)
2026-07-20 14:06:04 [motherlode] FindFilledBlock: found at 1194,616 (27x27 0x00B809 tol=5, 0 ms)
2026-07-20 14:06:04 [motherlode] Tracking not-yet-stable target at 1194,616 (search 0 ms)
2026-07-20 14:06:04 [motherlode] FindFilledBlock: found at 1192,626 (27x27 0x00B809 tol=5, 15 ms)
2026-07-20 14:06:04 [motherlode] Tracking not-yet-stable target at 1192,626 (search 15 ms)
2026-07-20 14:06:04 [motherlode] FindFilledBlock: found at 1190,636 (27x27 0x00B809 tol=5, 16 ms)
2026-07-20 14:06:04 [motherlode] Tracking not-yet-stable target at 1190,636 (search 16 ms)
2026-07-20 14:06:04 [motherlode] FindFilledBlock: found at 1192,644 (27x27 0x00B809 tol=5, 0 ms)
2026-07-20 14:06:04 [motherlode] Tracking not-yet-stable target at 1192,644 (search 0 ms)
2026-07-20 14:06:04 [motherlode] FindFilledBlock: found at 1190,650 (27x27 0x00B809 tol=5, 16 ms)
2026-07-20 14:06:04 [motherlode] Tracking not-yet-stable target at 1190,650 (search 16 ms)
2026-07-20 14:06:04 [motherlode] FindFilledBlock: found at 1188,654 (27x27 0x00B809 tol=5, 16 ms)
2026-07-20 14:06:04 [motherlode] Tracking not-yet-stable target at 1188,654 (search 16 ms)
2026-07-20 14:06:05 [motherlode] FindFilledBlock: found at 1188,656 (27x27 0x00B809 tol=5, 15 ms)
2026-07-20 14:06:05 [motherlode] Clicked STABLE target at 1188,656 (search 15 ms)
2026-07-20 14:06:05 [motherlode] FindFilledBlock: found at 1188,682 (27x27 0x00B809 tol=5, 0 ms)
2026-07-20 14:06:05 [motherlode] Tracking not-yet-stable target at 1188,682 (search 0 ms)
2026-07-20 14:06:05 [motherlode] FindFilledBlock: found at 1188,682 (27x27 0x00B809 tol=5, 0 ms)
2026-07-20 14:06:05 [motherlode] Tracking not-yet-stable target at 1188,682 (search 0 ms)
2026-07-20 14:06:05 [motherlode] FindFilledBlock: found at 1188,660 (27x27 0x00B809 tol=5, 0 ms)
2026-07-20 14:06:05 [motherlode] Tracking not-yet-stable target at 1188,660 (search 0 ms)
2026-07-20 14:06:05 [motherlode] FindFilledBlock: found at 1188,660 (27x27 0x00B809 tol=5, 0 ms)
2026-07-20 14:06:05 [motherlode] Tracking not-yet-stable target at 1188,660 (search 0 ms)
2026-07-20 14:06:06 [motherlode] FindFilledBlock: found at 1188,660 (27x27 0x00B809 tol=5, 0 ms)
2026-07-20 14:06:06 [motherlode] Tracking stable target at 1188,660 (cooldown active, search 0 ms)
2026-07-20 14:06:06 [motherlode] FindFilledBlock: found at 1188,660 (27x27 0x00B809 tol=5, 0 ms)
2026-07-20 14:06:06 [motherlode] Tracking stable target at 1188,660 (cooldown active, search 0 ms)
2026-07-20 14:06:06 [motherlode] FindFilledBlock: found at 1188,660 (27x27 0x00B809 tol=5, 0 ms)
2026-07-20 14:06:06 [motherlode] Tracking stable target at 1188,660 (cooldown active, search 0 ms)
2026-07-20 14:06:06 [motherlode] FindFilledBlock: found at 1188,660 (27x27 0x00B809 tol=5, 15 ms)
2026-07-20 14:06:06 [motherlode] Tracking stable target at 1188,660 (cooldown active, search 15 ms)
2026-07-20 14:06:06 [motherlode] FindFilledBlock: found at 1188,660 (27x27 0x00B809 tol=5, 16 ms)
2026-07-20 14:06:06 [motherlode] Tracking stable target at 1188,660 (cooldown active, search 16 ms)
2026-07-20 14:06:06 [motherlode] FindFilledBlock: found at 1188,660 (27x27 0x00B809 tol=5, 15 ms)
2026-07-20 14:06:07 [motherlode] Clicked STABLE target at 1188,660 (search 15 ms)
2026-07-20 14:06:07 [motherlode] FindFilledBlock: found at 1190,686 (27x27 0x00B809 tol=5, 0 ms)
2026-07-20 14:06:07 [motherlode] Tracking not-yet-stable target at 1190,686 (search 0 ms)
2026-07-20 14:06:07 [motherlode] FindFilledBlock: found at 1190,686 (27x27 0x00B809 tol=5, 16 ms)
2026-07-20 14:06:07 [motherlode] Tracking not-yet-stable target at 1190,686 (search 16 ms)
2026-07-20 14:06:07 [motherlode] FindFilledBlock: found at 1188,660 (27x27 0x00B809 tol=5, 0 ms)
2026-07-20 14:06:07 [motherlode] Tracking not-yet-stable target at 1188,660 (search 0 ms)
2026-07-20 14:06:07 [motherlode] FindFilledBlock: found at 1188,660 (27x27 0x00B809 tol=5, 16 ms)
2026-07-20 14:06:07 [motherlode] Tracking not-yet-stable target at 1188,660 (search 16 ms)
2026-07-20 14:06:07 [motherlode] FindFilledBlock: found at 1188,660 (27x27 0x00B809 tol=5, 0 ms)
2026-07-20 14:06:07 [motherlode] Tracking stable target at 1188,660 (cooldown active, search 0 ms)
2026-07-20 14:06:07 [motherlode] FindFilledBlock: found at 1188,660 (27x27 0x00B809 tol=5, 0 ms)
2026-07-20 14:06:07 [motherlode] Tracking stable target at 1188,660 (cooldown active, search 0 ms)
2026-07-20 14:06:08 [motherlode] FindFilledBlock: found at 1188,660 (27x27 0x00B809 tol=5, 0 ms)
2026-07-20 14:06:08 [motherlode] Tracking stable target at 1188,660 (cooldown active, search 0 ms)
2026-07-20 14:06:08 [motherlode] FindFilledBlock: found at 1188,660 (27x27 0x00B809 tol=5, 0 ms)
2026-07-20 14:06:08 [motherlode] Tracking stable target at 1188,660 (cooldown active, search 0 ms)
2026-07-20 14:06:08 [motherlode] FindFilledBlock: found at 1188,660 (27x27 0x00B809 tol=5, 0 ms)
2026-07-20 14:06:08 [motherlode] Tracking stable target at 1188,660 (cooldown active, search 0 ms)
2026-07-20 14:06:08 [motherlode] FindFilledBlock: found at 1188,660 (27x27 0x00B809 tol=5, 0 ms)
2026-07-20 14:06:08 [motherlode] Clicked STABLE target at 1188,660 (search 0 ms)
2026-07-20 14:06:08 [motherlode] FindFilledBlock: found at 1190,686 (27x27 0x00B809 tol=5, 0 ms)
2026-07-20 14:06:08 [motherlode] Tracking not-yet-stable target at 1190,686 (search 0 ms)
2026-07-20 14:06:09 [motherlode] FindFilledBlock: found at 1190,686 (27x27 0x00B809 tol=5, 16 ms)
2026-07-20 14:06:09 [motherlode] Tracking not-yet-stable target at 1190,686 (search 16 ms)
2026-07-20 14:06:09 [motherlode] FindFilledBlock: found at 1188,660 (27x27 0x00B809 tol=5, 0 ms)
2026-07-20 14:06:09 [motherlode] Tracking not-yet-stable target at 1188,660 (search 0 ms)
2026-07-20 14:06:09 [motherlode] FindFilledBlock: found at 1188,660 (27x27 0x00B809 tol=5, 16 ms)
2026-07-20 14:06:09 [motherlode] Tracking not-yet-stable target at 1188,660 (search 16 ms)
2026-07-20 14:06:09 [motherlode] FindFilledBlock: found at 1188,660 (27x27 0x00B809 tol=5, 0 ms)
2026-07-20 14:06:09 [motherlode] Tracking stable target at 1188,660 (cooldown active, search 0 ms)
2026-07-20 14:06:09 [motherlode] FindFilledBlock: found at 1188,660 (27x27 0x00B809 tol=5, 15 ms)
2026-07-20 14:06:09 [motherlode] Tracking stable target at 1188,660 (cooldown active, search 15 ms)
2026-07-20 14:06:09 [motherlode] FindFilledBlock: found at 1188,660 (27x27 0x00B809 tol=5, 0 ms)
2026-07-20 14:06:09 [motherlode] Tracking stable target at 1188,660 (cooldown active, search 0 ms)
2026-07-20 14:06:10 [motherlode] FindFilledBlock: found at 1188,660 (27x27 0x00B809 tol=5, 0 ms)
2026-07-20 14:06:10 [motherlode] Tracking stable target at 1188,660 (cooldown active, search 0 ms)
2026-07-20 14:06:10 [motherlode] FindFilledBlock: found at 1188,660 (27x27 0x00B809 tol=5, 0 ms)
2026-07-20 14:06:10 [motherlode] Tracking stable target at 1188,660 (cooldown active, search 0 ms)
2026-07-20 14:06:10 [motherlode] FindFilledBlock: found at 1188,660 (27x27 0x00B809 tol=5, 0 ms)
2026-07-20 14:06:10 [motherlode] Clicked STABLE target at 1188,660 (search 15 ms)
2026-07-20 14:06:10 [motherlode] FindFilledBlock: found at 1190,686 (27x27 0x00B809 tol=5, 16 ms)
2026-07-20 14:06:10 [motherlode] Tracking not-yet-stable target at 1190,686 (search 16 ms)
2026-07-20 14:06:10 [motherlode] FindFilledBlock: found at 1190,686 (27x27 0x00B809 tol=5, 16 ms)
2026-07-20 14:06:10 [motherlode] Tracking not-yet-stable target at 1190,686 (search 16 ms)
2026-07-20 14:06:11 [motherlode] FindFilledBlock: found at 1188,660 (27x27 0x00B809 tol=5, 15 ms)
2026-07-20 14:06:11 [motherlode] Tracking not-yet-stable target at 1188,660 (search 15 ms)
2026-07-20 14:06:11 [motherlode] FindFilledBlock: found at 1188,660 (27x27 0x00B809 tol=5, 16 ms)
2026-07-20 14:06:11 [motherlode] Tracking not-yet-stable target at 1188,660 (search 16 ms)
2026-07-20 14:06:11 [motherlode] FindFilledBlock: found at 1188,660 (27x27 0x00B809 tol=5, 15 ms)
2026-07-20 14:06:11 [motherlode] Tracking stable target at 1188,660 (cooldown active, search 15 ms)
2026-07-20 14:06:11 [motherlode] FindFilledBlock: found at 1188,660 (27x27 0x00B809 tol=5, 0 ms)
2026-07-20 14:06:11 [motherlode] Tracking stable target at 1188,660 (cooldown active, search 0 ms)
2026-07-20 14:06:11 [motherlode] FindFilledBlock: found at 1188,660 (27x27 0x00B809 tol=5, 16 ms)
2026-07-20 14:06:11 [motherlode] Tracking stable target at 1188,660 (cooldown active, search 16 ms)
2026-07-20 14:06:11 [motherlode] FindFilledBlock: found at 1188,660 (27x27 0x00B809 tol=5, 0 ms)
2026-07-20 14:06:11 [motherlode] Tracking stable target at 1188,660 (cooldown active, search 0 ms)
2026-07-20 14:06:11 [motherlode] FindFilledBlock: found at 1188,660 (27x27 0x00B809 tol=5, 16 ms)
2026-07-20 14:06:11 [motherlode] Tracking stable target at 1188,660 (cooldown active, search 16 ms)
2026-07-20 14:06:12 [motherlode] FindFilledBlock: found at 1188,660 (27x27 0x00B809 tol=5, 0 ms)
2026-07-20 14:06:12 [motherlode] Tracking stable target at 1188,660 (cooldown active, search 0 ms)
2026-07-20 14:06:12 [motherlode] FindFilledBlock: found at 1188,660 (27x27 0x00B809 tol=5, 0 ms)
2026-07-20 14:06:12 [motherlode] Clicked STABLE target at 1188,660 (search 0 ms)
2026-07-20 14:06:12 [motherlode] FindFilledBlock: found at 1190,686 (27x27 0x00B809 tol=5, 0 ms)
2026-07-20 14:06:12 [motherlode] Tracking not-yet-stable target at 1190,686 (search 0 ms)
2026-07-20 14:06:12 [motherlode] FindFilledBlock: found at 1190,686 (27x27 0x00B809 tol=5, 0 ms)
2026-07-20 14:06:12 [motherlode] Tracking not-yet-stable target at 1190,686 (search 0 ms)
2026-07-20 14:06:12 [motherlode] FindFilledBlock: found at 1188,660 (27x27 0x00B809 tol=5, 0 ms)
2026-07-20 14:06:12 [motherlode] Tracking not-yet-stable target at 1188,660 (search 0 ms)
2026-07-20 14:06:13 [motherlode] FindFilledBlock: found at 1188,660 (27x27 0x00B809 tol=5, 15 ms)
2026-07-20 14:06:13 [motherlode] Tracking not-yet-stable target at 1188,660 (search 15 ms)
2026-07-20 14:06:13 [motherlode] FindFilledBlock: found at 1188,660 (27x27 0x00B809 tol=5, 16 ms)
2026-07-20 14:06:13 [motherlode] Tracking stable target at 1188,660 (cooldown active, search 16 ms)
2026-07-20 14:06:13 [motherlode] FindFilledBlock: found at 1188,660 (27x27 0x00B809 tol=5, 15 ms)
2026-07-20 14:06:13 [motherlode] Tracking stable target at 1188,660 (cooldown active, search 15 ms)
2026-07-20 14:06:13 [motherlode] FindFilledBlock: found at 1188,660 (27x27 0x00B809 tol=5, 16 ms)
2026-07-20 14:06:13 [motherlode] Tracking stable target at 1188,660 (cooldown active, search 16 ms)
2026-07-20 14:06:13 [motherlode] FindFilledBlock: found at 1188,660 (27x27 0x00B809 tol=5, 0 ms)
2026-07-20 14:06:13 [motherlode] Tracking stable target at 1188,660 (cooldown active, search 0 ms)
2026-07-20 14:06:13 [motherlode] FindFilledBlock: found at 1188,660 (27x27 0x00B809 tol=5, 0 ms)
2026-07-20 14:06:13 [motherlode] Tracking stable target at 1188,660 (cooldown active, search 0 ms)
2026-07-20 14:06:13 [motherlode] FindFilledBlock: found at 1188,660 (27x27 0x00B809 tol=5, 0 ms)
2026-07-20 14:06:14 [motherlode] Clicked STABLE target at 1188,660 (search 0 ms)
2026-07-20 14:06:14 [motherlode] FindFilledBlock: found at 1190,686 (27x27 0x00B809 tol=5, 0 ms)
2026-07-20 14:06:14 [motherlode] Tracking not-yet-stable target at 1190,686 (search 0 ms)
2026-07-20 14:06:14 [motherlode] FindFilledBlock: found at 1188,660 (27x27 0x00B809 tol=5, 15 ms)
2026-07-20 14:06:14 [motherlode] Tracking not-yet-stable target at 1188,660 (search 15 ms)
2026-07-20 14:06:14 [motherlode] FindFilledBlock: found at 1188,660 (27x27 0x00B809 tol=5, 0 ms)
2026-07-20 14:06:14 [motherlode] Tracking not-yet-stable target at 1188,660 (search 0 ms)
2026-07-20 14:06:14 [motherlode] FindFilledBlock: found at 1188,660 (27x27 0x00B809 tol=5, 16 ms)
2026-07-20 14:06:14 [motherlode] Tracking stable target at 1188,660 (cooldown active, search 16 ms)
2026-07-20 14:06:14 [motherlode] FindFilledBlock: found at 1188,660 (27x27 0x00B809 tol=5, 0 ms)
2026-07-20 14:06:14 [motherlode] Tracking stable target at 1188,660 (cooldown active, search 0 ms)
2026-07-20 14:06:15 [motherlode] FindFilledBlock: found at 1188,660 (27x27 0x00B809 tol=5, 15 ms)
2026-07-20 14:06:15 [motherlode] Tracking stable target at 1188,660 (cooldown active, search 15 ms)
2026-07-20 14:06:15 [motherlode] FindFilledBlock: found at 1188,660 (27x27 0x00B809 tol=5, 0 ms)
2026-07-20 14:06:15 [motherlode] Tracking stable target at 1188,660 (cooldown active, search 0 ms)
2026-07-20 14:06:15 [motherlode] FindFilledBlock: found at 1188,660 (27x27 0x00B809 tol=5, 16 ms)
2026-07-20 14:06:15 [motherlode] Tracking stable target at 1188,660 (cooldown active, search 16 ms)
2026-07-20 14:06:15 [motherlode] FindFilledBlock: found at 1188,660 (27x27 0x00B809 tol=5, 16 ms)
2026-07-20 14:06:15 [motherlode] Tracking stable target at 1188,660 (cooldown active, search 16 ms)
2026-07-20 14:06:15 [motherlode] FindFilledBlock: found at 1188,660 (27x27 0x00B809 tol=5, 16 ms)
2026-07-20 14:06:15 [motherlode] Clicked STABLE target at 1188,660 (search 16 ms)
2026-07-20 14:06:16 [motherlode] FindFilledBlock: found at 1190,686 (27x27 0x00B809 tol=5, 16 ms)
2026-07-20 14:06:16 [motherlode] Tracking not-yet-stable target at 1190,686 (search 16 ms)
2026-07-20 14:06:16 [motherlode] FindFilledBlock: found at 1190,686 (27x27 0x00B809 tol=5, 15 ms)
2026-07-20 14:06:16 [motherlode] Tracking not-yet-stable target at 1190,686 (search 15 ms)
2026-07-20 14:06:16 [motherlode] FindFilledBlock: found at 1188,660 (27x27 0x00B809 tol=5, 16 ms)
2026-07-20 14:06:16 [motherlode] Tracking not-yet-stable target at 1188,660 (search 16 ms)
2026-07-20 14:06:16 [motherlode] FindFilledBlock: found at 1188,660 (27x27 0x00B809 tol=5, 16 ms)
2026-07-20 14:06:16 [motherlode] Tracking not-yet-stable target at 1188,660 (search 16 ms)
2026-07-20 14:06:16 [motherlode] FindFilledBlock: found at 1188,660 (27x27 0x00B809 tol=5, 15 ms)
2026-07-20 14:06:16 [motherlode] Tracking stable target at 1188,660 (cooldown active, search 15 ms)
2026-07-20 14:06:16 [motherlode] FindFilledBlock: found at 1188,660 (27x27 0x00B809 tol=5, 0 ms)
2026-07-20 14:06:16 [motherlode] Tracking stable target at 1188,660 (cooldown active, search 0 ms)
2026-07-20 14:06:16 [motherlode] FindFilledBlock: found at 1188,660 (27x27 0x00B809 tol=5, 0 ms)
2026-07-20 14:06:16 [motherlode] Tracking stable target at 1188,660 (cooldown active, search 0 ms)
2026-07-20 14:06:17 [motherlode] FindFilledBlock: found at 1188,660 (27x27 0x00B809 tol=5, 0 ms)
2026-07-20 14:06:17 [motherlode] Tracking stable target at 1188,660 (cooldown active, search 0 ms)
2026-07-20 14:06:17 [motherlode] FindFilledBlock: found at 1188,660 (27x27 0x00B809 tol=5, 0 ms)
2026-07-20 14:06:17 [motherlode] Tracking stable target at 1188,660 (cooldown active, search 0 ms)
2026-07-20 14:06:17 [motherlode] FindFilledBlock: found at 1188,660 (27x27 0x00B809 tol=5, 0 ms)
2026-07-20 14:06:17 [motherlode] Tracking stable target at 1188,660 (cooldown active, search 0 ms)
2026-07-20 14:06:17 [motherlode] FindFilledBlock: found at 1188,660 (27x27 0x00B809 tol=5, 16 ms)
2026-07-20 14:06:17 [motherlode] Clicked STABLE target at 1188,660 (search 16 ms)
2026-07-20 14:06:18 [motherlode] FindFilledBlock: found at 1190,686 (27x27 0x00B809 tol=5, 0 ms)
2026-07-20 14:06:18 [motherlode] Tracking not-yet-stable target at 1190,686 (search 0 ms)
2026-07-20 14:06:18 [motherlode] FindFilledBlock: found at 1190,686 (27x27 0x00B809 tol=5, 15 ms)
2026-07-20 14:06:18 [motherlode] Tracking not-yet-stable target at 1190,686 (search 15 ms)
2026-07-20 14:06:18 [motherlode] FindFilledBlock: found at 1188,660 (27x27 0x00B809 tol=5, 0 ms)
2026-07-20 14:06:18 [motherlode] Tracking not-yet-stable target at 1188,660 (search 16 ms)
2026-07-20 14:06:18 [motherlode] FindFilledBlock: found at 1188,660 (27x27 0x00B809 tol=5, 15 ms)
2026-07-20 14:06:18 [motherlode] Tracking not-yet-stable target at 1188,660 (search 15 ms)
2026-07-20 14:06:18 [motherlode] FindFilledBlock: found at 1188,660 (27x27 0x00B809 tol=5, 16 ms)
2026-07-20 14:06:18 [motherlode] Tracking stable target at 1188,660 (cooldown active, search 16 ms)
2026-07-20 14:06:18 [motherlode] FindFilledBlock: found at 1188,660 (27x27 0x00B809 tol=5, 0 ms)
2026-07-20 14:06:18 [motherlode] Tracking stable target at 1188,660 (cooldown active, search 0 ms)
2026-07-20 14:06:18 [motherlode] FindFilledBlock: found at 1188,660 (27x27 0x00B809 tol=5, 0 ms)
2026-07-20 14:06:18 [motherlode] Tracking stable target at 1188,660 (cooldown active, search 0 ms)
2026-07-20 14:06:19 [motherlode] FindFilledBlock: found at 1188,660 (27x27 0x00B809 tol=5, 0 ms)
2026-07-20 14:06:19 [motherlode] Tracking stable target at 1188,660 (cooldown active, search 0 ms)
2026-07-20 14:06:19 [motherlode] FindFilledBlock: found at 1188,660 (27x27 0x00B809 tol=5, 0 ms)
2026-07-20 14:06:19 [motherlode] Tracking stable target at 1188,660 (cooldown active, search 0 ms)
2026-07-20 14:06:19 [motherlode] FindFilledBlock: found at 1188,660 (27x27 0x00B809 tol=5, 15 ms)
2026-07-20 14:06:19 [motherlode] Clicked STABLE target at 1188,660 (search 15 ms)
2026-07-20 14:06:19 [motherlode] FindFilledBlock: found at 1190,686 (27x27 0x00B809 tol=5, 16 ms)
2026-07-20 14:06:19 [motherlode] Tracking not-yet-stable target at 1190,686 (search 16 ms)
2026-07-20 14:06:19 [motherlode] FindFilledBlock: found at 1190,686 (27x27 0x00B809 tol=5, 15 ms)
2026-07-20 14:06:19 [motherlode] Tracking not-yet-stable target at 1190,686 (search 15 ms)
2026-07-20 14:06:20 [motherlode] FindFilledBlock: found at 1188,660 (27x27 0x00B809 tol=5, 15 ms)
2026-07-20 14:06:20 [motherlode] Tracking not-yet-stable target at 1188,660 (search 15 ms)
2026-07-20 14:06:20 [motherlode] FindFilledBlock: found at 1188,660 (27x27 0x00B809 tol=5, 16 ms)
2026-07-20 14:06:20 [motherlode] Tracking not-yet-stable target at 1188,660 (search 16 ms)
2026-07-20 14:06:20 [motherlode] FindFilledBlock: found at 1188,660 (27x27 0x00B809 tol=5, 0 ms)
2026-07-20 14:06:20 [motherlode] Tracking stable target at 1188,660 (cooldown active, search 0 ms)
2026-07-20 14:06:20 [motherlode] FindFilledBlock: found at 1188,660 (27x27 0x00B809 tol=5, 0 ms)
2026-07-20 14:06:20 [motherlode] Tracking stable target at 1188,660 (cooldown active, search 0 ms)
2026-07-20 14:06:20 [motherlode] FindFilledBlock: found at 1188,660 (27x27 0x00B809 tol=5, 0 ms)
2026-07-20 14:06:20 [motherlode] Tracking stable target at 1188,660 (cooldown active, search 0 ms)
2026-07-20 14:06:20 [motherlode] FindFilledBlock: found at 1188,660 (27x27 0x00B809 tol=5, 0 ms)
2026-07-20 14:06:20 [motherlode] Tracking stable target at 1188,660 (cooldown active, search 0 ms)
2026-07-20 14:06:21 [motherlode] FindFilledBlock: found at 1188,660 (27x27 0x00B809 tol=5, 15 ms)
2026-07-20 14:06:21 [motherlode] Tracking stable target at 1188,660 (cooldown active, search 15 ms)
2026-07-20 14:06:21 [motherlode] FindFilledBlock: found at 1188,660 (27x27 0x00B809 tol=5, 0 ms)
2026-07-20 14:06:21 [motherlode] Clicked STABLE target at 1188,660 (search 0 ms)
2026-07-20 14:06:21 [motherlode] FindFilledBlock: found at 1190,686 (27x27 0x00B809 tol=5, 16 ms)
2026-07-20 14:06:21 [motherlode] Tracking not-yet-stable target at 1190,686 (search 16 ms)
2026-07-20 14:06:21 [motherlode] FindFilledBlock: found at 1190,686 (27x27 0x00B809 tol=5, 16 ms)
2026-07-20 14:06:21 [motherlode] Tracking not-yet-stable target at 1190,686 (search 16 ms)
2026-07-20 14:06:21 [motherlode] FindFilledBlock: found at 1188,660 (27x27 0x00B809 tol=5, 16 ms)
2026-07-20 14:06:21 [motherlode] Tracking not-yet-stable target at 1188,660 (search 16 ms)
2026-07-20 14:06:22 [motherlode] FindFilledBlock: found at 1188,660 (27x27 0x00B809 tol=5, 16 ms)
2026-07-20 14:06:22 [motherlode] Tracking not-yet-stable target at 1188,660 (search 16 ms)
2026-07-20 14:06:22 [motherlode] FindFilledBlock: found at 1188,660 (27x27 0x00B809 tol=5, 16 ms)
2026-07-20 14:06:22 [motherlode] Tracking stable target at 1188,660 (cooldown active, search 16 ms)
2026-07-20 14:06:22 [motherlode] FindFilledBlock: found at 1188,660 (27x27 0x00B809 tol=5, 15 ms)
2026-07-20 14:06:22 [motherlode] Tracking stable target at 1188,660 (cooldown active, search 15 ms)
2026-07-20 14:06:22 [motherlode] FindFilledBlock: found at 1188,660 (27x27 0x00B809 tol=5, 0 ms)
2026-07-20 14:06:22 [motherlode] Tracking stable target at 1188,660 (cooldown active, search 0 ms)
2026-07-20 14:06:22 [motherlode] FindFilledBlock: found at 1188,660 (27x27 0x00B809 tol=5, 16 ms)
2026-07-20 14:06:22 [motherlode] Tracking stable target at 1188,660 (cooldown active, search 16 ms)
2026-07-20 14:06:22 [motherlode] FindFilledBlock: found at 1188,660 (27x27 0x00B809 tol=5, 0 ms)
2026-07-20 14:06:22 [motherlode] Tracking stable target at 1188,660 (cooldown active, search 0 ms)
2026-07-20 14:06:22 [motherlode] FindFilledBlock: found at 1188,660 (27x27 0x00B809 tol=5, 16 ms)
2026-07-20 14:06:23 [motherlode] Clicked STABLE target at 1188,660 (search 16 ms)
2026-07-20 14:06:23 [motherlode] FindFilledBlock: found at 1190,686 (27x27 0x00B809 tol=5, 0 ms)
2026-07-20 14:06:23 [motherlode] Tracking not-yet-stable target at 1190,686 (search 0 ms)
2026-07-20 14:06:23 [motherlode] FindFilledBlock: found at 1190,686 (27x27 0x00B809 tol=5, 0 ms)
2026-07-20 14:06:23 [motherlode] Tracking not-yet-stable target at 1190,686 (search 0 ms)
2026-07-20 14:06:23 [motherlode] FindFilledBlock: found at 1188,660 (27x27 0x00B809 tol=5, 0 ms)
2026-07-20 14:06:23 [motherlode] Tracking not-yet-stable target at 1188,660 (search 0 ms)
2026-07-20 14:06:23 [motherlode] FindFilledBlock: found at 1188,660 (27x27 0x00B809 tol=5, 0 ms)
2026-07-20 14:06:23 [motherlode] Tracking not-yet-stable target at 1188,660 (search 0 ms)
2026-07-20 14:06:23 [motherlode] FindFilledBlock: found at 1188,660 (27x27 0x00B809 tol=5, 0 ms)
2026-07-20 14:06:23 [motherlode] Tracking stable target at 1188,660 (cooldown active, search 0 ms)
2026-07-20 14:06:24 [motherlode] FindFilledBlock: found at 1188,660 (27x27 0x00B809 tol=5, 0 ms)
2026-07-20 14:06:24 [motherlode] Tracking stable target at 1188,660 (cooldown active, search 0 ms)
2026-07-20 14:06:24 [motherlode] FindFilledBlock: found at 1188,660 (27x27 0x00B809 tol=5, 0 ms)
2026-07-20 14:06:24 [motherlode] Tracking stable target at 1188,660 (cooldown active, search 0 ms)
2026-07-20 14:06:24 [motherlode] FindFilledBlock: found at 1188,660 (27x27 0x00B809 tol=5, 0 ms)
2026-07-20 14:06:24 [motherlode] Tracking stable target at 1188,660 (cooldown active, search 0 ms)
2026-07-20 14:06:24 [motherlode] FindFilledBlock: found at 1188,660 (27x27 0x00B809 tol=5, 0 ms)
2026-07-20 14:06:24 [motherlode] Tracking stable target at 1188,660 (cooldown active, search 0 ms)
2026-07-20 14:06:24 [motherlode] FindFilledBlock: found at 1188,660 (27x27 0x00B809 tol=5, 15 ms)
2026-07-20 14:06:24 [motherlode] Clicked STABLE target at 1188,660 (search 15 ms)
2026-07-20 14:06:25 [motherlode] FindFilledBlock: found at 1190,686 (27x27 0x00B809 tol=5, 16 ms)
2026-07-20 14:06:25 [motherlode] Tracking not-yet-stable target at 1190,686 (search 16 ms)
2026-07-20 14:06:25 [motherlode] FindFilledBlock: found at 1190,686 (27x27 0x00B809 tol=5, 15 ms)
2026-07-20 14:06:25 [motherlode] Tracking not-yet-stable target at 1190,686 (search 15 ms)
2026-07-20 14:06:25 [motherlode] FindFilledBlock: found at 1188,660 (27x27 0x00B809 tol=5, 0 ms)
2026-07-20 14:06:25 [motherlode] Tracking not-yet-stable target at 1188,660 (search 0 ms)
2026-07-20 14:06:25 [motherlode] FindFilledBlock: found at 1188,660 (27x27 0x00B809 tol=5, 16 ms)
2026-07-20 14:06:25 [motherlode] Tracking not-yet-stable target at 1188,660 (search 16 ms)
2026-07-20 14:06:25 [motherlode] FindFilledBlock: found at 1188,660 (27x27 0x00B809 tol=5, 16 ms)
2026-07-20 14:06:25 [motherlode] Tracking stable target at 1188,660 (cooldown active, search 16 ms)
2026-07-20 14:06:25 [motherlode] FindFilledBlock: found at 1188,660 (27x27 0x00B809 tol=5, 15 ms)
2026-07-20 14:06:25 [motherlode] Tracking stable target at 1188,660 (cooldown active, search 15 ms)
2026-07-20 14:06:25 [motherlode] FindFilledBlock: found at 1188,660 (27x27 0x00B809 tol=5, 0 ms)
2026-07-20 14:06:25 [motherlode] Tracking stable target at 1188,660 (cooldown active, search 0 ms)
2026-07-20 14:06:26 [motherlode] FindFilledBlock: found at 1188,660 (27x27 0x00B809 tol=5, 0 ms)
2026-07-20 14:06:26 [motherlode] Tracking stable target at 1188,660 (cooldown active, search 0 ms)
2026-07-20 14:06:26 [motherlode] FindFilledBlock: found at 1188,660 (27x27 0x00B809 tol=5, 0 ms)
2026-07-20 14:06:26 [motherlode] Tracking stable target at 1188,660 (cooldown active, search 0 ms)
2026-07-20 14:06:26 [motherlode] FindFilledBlock: found at 1188,660 (27x27 0x00B809 tol=5, 0 ms)
2026-07-20 14:06:26 [motherlode] Tracking stable target at 1188,660 (cooldown active, search 0 ms)
2026-07-20 14:06:26 [motherlode] FindFilledBlock: found at 1188,660 (27x27 0x00B809 tol=5, 15 ms)
2026-07-20 14:06:26 [motherlode] Clicked STABLE target at 1188,660 (search 15 ms)
2026-07-20 14:06:26 [motherlode] FindFilledBlock: found at 1190,686 (27x27 0x00B809 tol=5, 0 ms)
2026-07-20 14:06:26 [motherlode] Tracking not-yet-stable target at 1190,686 (search 0 ms)
2026-07-20 14:06:27 [motherlode] FindFilledBlock: found at 1188,660 (27x27 0x00B809 tol=5, 16 ms)
2026-07-20 14:06:27 [motherlode] Tracking not-yet-stable target at 1188,660 (search 16 ms)
2026-07-20 14:06:27 [motherlode] FindFilledBlock: found at 1188,660 (27x27 0x00B809 tol=5, 0 ms)
2026-07-20 14:06:27 [motherlode] Tracking not-yet-stable target at 1188,660 (search 0 ms)
2026-07-20 14:06:27 [motherlode] FindFilledBlock: found at 1188,660 (27x27 0x00B809 tol=5, 15 ms)
2026-07-20 14:06:27 [motherlode] Tracking stable target at 1188,660 (cooldown active, search 15 ms)
2026-07-20 14:06:27 [motherlode] FindFilledBlock: found at 1188,660 (27x27 0x00B809 tol=5, 0 ms)
2026-07-20 14:06:27 [motherlode] Tracking stable target at 1188,660 (cooldown active, search 0 ms)
2026-07-20 14:06:27 [motherlode] FindFilledBlock: found at 1188,660 (27x27 0x00B809 tol=5, 16 ms)
2026-07-20 14:06:27 [motherlode] Tracking stable target at 1188,660 (cooldown active, search 16 ms)
2026-07-20 14:06:27 [motherlode] FindFilledBlock: found at 1188,660 (27x27 0x00B809 tol=5, 15 ms)
2026-07-20 14:06:27 [motherlode] Tracking stable target at 1188,660 (cooldown active, search 15 ms)
2026-07-20 14:06:28 [motherlode] FindFilledBlock: found at 1188,660 (27x27 0x00B809 tol=5, 16 ms)
2026-07-20 14:06:28 [motherlode] Tracking stable target at 1188,660 (cooldown active, search 16 ms)
2026-07-20 14:06:28 [motherlode] FindFilledBlock: found at 1188,660 (27x27 0x00B809 tol=5, 16 ms)
2026-07-20 14:06:28 [motherlode] Tracking stable target at 1188,660 (cooldown active, search 16 ms)
2026-07-20 14:06:28 [motherlode] FindFilledBlock: found at 1188,660 (27x27 0x00B809 tol=5, 0 ms)
2026-07-20 14:06:28 [motherlode] Clicked STABLE target at 1188,660 (search 0 ms)
2026-07-20 14:06:28 [motherlode] FindFilledBlock: found at 1190,686 (27x27 0x00B809 tol=5, 0 ms)
2026-07-20 14:06:28 [motherlode] Tracking not-yet-stable target at 1190,686 (search 0 ms)
2026-07-20 14:06:28 [motherlode] FindFilledBlock: found at 1190,686 (27x27 0x00B809 tol=5, 15 ms)
2026-07-20 14:06:28 [motherlode] Tracking not-yet-stable target at 1190,686 (search 15 ms)
2026-07-20 14:06:28 [motherlode] FindFilledBlock: found at 1188,660 (27x27 0x00B809 tol=5, 16 ms)
2026-07-20 14:06:29 [motherlode] Tracking not-yet-stable target at 1188,660 (search 16 ms)
2026-07-20 14:06:29 [motherlode] FindFilledBlock: found at 1188,660 (27x27 0x00B809 tol=5, 0 ms)
2026-07-20 14:06:29 [motherlode] Tracking not-yet-stable target at 1188,660 (search 0 ms)
2026-07-20 14:06:29 [motherlode] FindFilledBlock: found at 1188,660 (27x27 0x00B809 tol=5, 16 ms)
2026-07-20 14:06:29 [motherlode] Tracking stable target at 1188,660 (cooldown active, search 16 ms)
2026-07-20 14:06:29 [motherlode] FindFilledBlock: found at 1188,660 (27x27 0x00B809 tol=5, 0 ms)
2026-07-20 14:06:29 [motherlode] Tracking stable target at 1188,660 (cooldown active, search 16 ms)
2026-07-20 14:06:29 [motherlode] FindFilledBlock: found at 1188,660 (27x27 0x00B809 tol=5, 15 ms)
2026-07-20 14:06:29 [motherlode] Tracking stable target at 1188,660 (cooldown active, search 15 ms)
2026-07-20 14:06:29 [motherlode] FindFilledBlock: found at 1188,660 (27x27 0x00B809 tol=5, 16 ms)
2026-07-20 14:06:29 [motherlode] Tracking stable target at 1188,660 (cooldown active, search 16 ms)
2026-07-20 14:06:29 [motherlode] FindFilledBlock: found at 1188,660 (27x27 0x00B809 tol=5, 16 ms)
2026-07-20 14:06:29 [motherlode] Tracking stable target at 1188,660 (cooldown active, search 16 ms)
2026-07-20 14:06:30 [motherlode] FindFilledBlock: found at 1188,660 (27x27 0x00B809 tol=5, 0 ms)
2026-07-20 14:06:30 [motherlode] Tracking stable target at 1188,660 (cooldown active, search 0 ms)
2026-07-20 14:06:30 [motherlode] FindFilledBlock: found at 1188,660 (27x27 0x00B809 tol=5, 16 ms)
2026-07-20 14:06:30 [motherlode] Clicked STABLE target at 1188,660 (search 16 ms)
2026-07-20 14:06:30 [motherlode] FindFilledBlock: found at 1190,686 (27x27 0x00B809 tol=5, 16 ms)
2026-07-20 14:06:30 [motherlode] Tracking not-yet-stable target at 1190,686 (search 16 ms)
2026-07-20 14:06:30 [motherlode] FindFilledBlock: found at 1190,686 (27x27 0x00B809 tol=5, 16 ms)
2026-07-20 14:06:30 [motherlode] Tracking not-yet-stable target at 1190,686 (search 16 ms)
2026-07-20 14:06:30 [motherlode] FindFilledBlock: found at 1188,660 (27x27 0x00B809 tol=5, 15 ms)
2026-07-20 14:06:30 [motherlode] Tracking not-yet-stable target at 1188,660 (search 15 ms)
2026-07-20 14:06:30 [motherlode] FindFilledBlock: found at 1188,660 (27x27 0x00B809 tol=5, 16 ms)
2026-07-20 14:06:30 [motherlode] Tracking not-yet-stable target at 1188,660 (search 16 ms)
2026-07-20 14:06:31 [motherlode] FindFilledBlock: found at 1188,660 (27x27 0x00B809 tol=5, 16 ms)
2026-07-20 14:06:31 [motherlode] Tracking stable target at 1188,660 (cooldown active, search 16 ms)
2026-07-20 14:06:31 [motherlode] FindFilledBlock: found at 1188,660 (27x27 0x00B809 tol=5, 0 ms)
2026-07-20 14:06:31 [motherlode] Tracking stable target at 1188,660 (cooldown active, search 0 ms)
2026-07-20 14:06:31 [motherlode] FindFilledBlock: found at 1188,660 (27x27 0x00B809 tol=5, 16 ms)
2026-07-20 14:06:31 [motherlode] Tracking stable target at 1188,660 (cooldown active, search 16 ms)
2026-07-20 14:06:31 [motherlode] FindFilledBlock: found at 1188,660 (27x27 0x00B809 tol=5, 0 ms)
2026-07-20 14:06:31 [motherlode] Tracking stable target at 1188,660 (cooldown active, search 0 ms)
2026-07-20 14:06:31 [motherlode] FindFilledBlock: found at 1188,660 (27x27 0x00B809 tol=5, 15 ms)
2026-07-20 14:06:31 [motherlode] Tracking stable target at 1188,660 (cooldown active, search 15 ms)
2026-07-20 14:06:31 [motherlode] FindFilledBlock: found at 1188,660 (27x27 0x00B809 tol=5, 0 ms)
2026-07-20 14:06:31 [motherlode] Tracking stable target at 1188,660 (cooldown active, search 0 ms)
2026-07-20 14:06:32 [motherlode] FindFilledBlock: found at 1188,660 (27x27 0x00B809 tol=5, 0 ms)
2026-07-20 14:06:32 [motherlode] Clicked STABLE target at 1188,660 (search 0 ms)
2026-07-20 14:06:32 [motherlode] FindFilledBlock: found at 1190,686 (27x27 0x00B809 tol=5, 0 ms)
2026-07-20 14:06:32 [motherlode] Tracking not-yet-stable target at 1190,686 (search 0 ms)
2026-07-20 14:06:32 [motherlode] FindFilledBlock: found at 1188,660 (27x27 0x00B809 tol=5, 16 ms)
2026-07-20 14:06:32 [motherlode] Tracking not-yet-stable target at 1188,660 (search 16 ms)
2026-07-20 14:06:32 [motherlode] FindFilledBlock: found at 1188,660 (27x27 0x00B809 tol=5, 0 ms)
2026-07-20 14:06:32 [motherlode] Tracking not-yet-stable target at 1188,660 (search 0 ms)
2026-07-20 14:06:32 [motherlode] FindFilledBlock: found at 1188,660 (27x27 0x00B809 tol=5, 15 ms)
2026-07-20 14:06:32 [motherlode] Tracking stable target at 1188,660 (cooldown active, search 15 ms)
2026-07-20 14:06:33 [motherlode] FindFilledBlock: found at 1188,660 (27x27 0x00B809 tol=5, 16 ms)
2026-07-20 14:06:33 [motherlode] Tracking stable target at 1188,660 (cooldown active, search 16 ms)
2026-07-20 14:06:33 [motherlode] FindFilledBlock: found at 1188,660 (27x27 0x00B809 tol=5, 16 ms)
2026-07-20 14:06:33 [motherlode] Tracking stable target at 1188,660 (cooldown active, search 16 ms)
2026-07-20 14:06:33 [motherlode] FindFilledBlock: found at 1188,660 (27x27 0x00B809 tol=5, 0 ms)
2026-07-20 14:06:33 [motherlode] Tracking stable target at 1188,660 (cooldown active, search 0 ms)
2026-07-20 14:06:33 [motherlode] FindFilledBlock: found at 1188,660 (27x27 0x00B809 tol=5, 15 ms)
2026-07-20 14:06:33 [motherlode] Tracking stable target at 1188,660 (cooldown active, search 15 ms)
2026-07-20 14:06:33 [motherlode] FindFilledBlock: found at 1188,660 (27x27 0x00B809 tol=5, 16 ms)
2026-07-20 14:06:33 [motherlode] Tracking stable target at 1188,660 (cooldown active, search 16 ms)
2026-07-20 14:06:33 [motherlode] FindFilledBlock: found at 1188,660 (27x27 0x00B809 tol=5, 16 ms)
2026-07-20 14:06:34 [motherlode] Clicked STABLE target at 1188,660 (search 16 ms)
2026-07-20 14:06:34 [motherlode] FindFilledBlock: found at 1190,686 (27x27 0x00B809 tol=5, 0 ms)
2026-07-20 14:06:34 [motherlode] Tracking not-yet-stable target at 1190,686 (search 0 ms)
2026-07-20 14:06:34 [motherlode] FindFilledBlock: found at 1190,686 (27x27 0x00B809 tol=5, 15 ms)
2026-07-20 14:06:34 [motherlode] Tracking not-yet-stable target at 1190,686 (search 15 ms)
2026-07-20 14:06:34 [motherlode] FindFilledBlock: found at 1188,660 (27x27 0x00B809 tol=5, 0 ms)
2026-07-20 14:06:34 [motherlode] Tracking not-yet-stable target at 1188,660 (search 0 ms)
2026-07-20 14:06:34 [motherlode] FindFilledBlock: found at 1188,660 (27x27 0x00B809 tol=5, 0 ms)
2026-07-20 14:06:34 [motherlode] Tracking not-yet-stable target at 1188,660 (search 0 ms)
2026-07-20 14:06:34 [motherlode] FindFilledBlock: found at 1188,660 (27x27 0x00B809 tol=5, 0 ms)
2026-07-20 14:06:34 [motherlode] Tracking stable target at 1188,660 (cooldown active, search 0 ms)
2026-07-20 14:06:34 [motherlode] FindFilledBlock: found at 1188,660 (27x27 0x00B809 tol=5, 0 ms)
2026-07-20 14:06:34 [motherlode] Tracking stable target at 1188,660 (cooldown active, search 0 ms)
2026-07-20 14:06:35 [motherlode] FindFilledBlock: found at 1188,660 (27x27 0x00B809 tol=5, 16 ms)
2026-07-20 14:06:35 [motherlode] Tracking stable target at 1188,660 (cooldown active, search 16 ms)
2026-07-20 14:06:35 [motherlode] FindFilledBlock: found at 1188,660 (27x27 0x00B809 tol=5, 0 ms)
2026-07-20 14:06:35 [motherlode] Tracking stable target at 1188,660 (cooldown active, search 0 ms)
2026-07-20 14:06:35 [motherlode] FindFilledBlock: found at 1188,660 (27x27 0x00B809 tol=5, 15 ms)
2026-07-20 14:06:35 [motherlode] Tracking stable target at 1188,660 (cooldown active, search 15 ms)
2026-07-20 14:06:35 [motherlode] FindFilledBlock: found at 1188,660 (27x27 0x00B809 tol=5, 0 ms)
2026-07-20 14:06:35 [motherlode] Clicked STABLE target at 1188,660 (search 0 ms)
2026-07-20 14:06:35 [motherlode] FindFilledBlock: found at 1190,686 (27x27 0x00B809 tol=5, 16 ms)
2026-07-20 14:06:35 [motherlode] Tracking not-yet-stable target at 1190,686 (search 16 ms)
2026-07-20 14:06:36 [motherlode] FindFilledBlock: found at 1190,686 (27x27 0x00B809 tol=5, 16 ms)
2026-07-20 14:06:36 [motherlode] Tracking not-yet-stable target at 1190,686 (search 16 ms)
2026-07-20 14:06:36 [motherlode] FindFilledBlock: found at 1188,660 (27x27 0x00B809 tol=5, 16 ms)
2026-07-20 14:06:36 [motherlode] Tracking not-yet-stable target at 1188,660 (search 16 ms)
2026-07-20 14:06:36 [motherlode] FindFilledBlock: found at 1188,660 (27x27 0x00B809 tol=5, 0 ms)
2026-07-20 14:06:36 [motherlode] Tracking not-yet-stable target at 1188,660 (search 0 ms)
2026-07-20 14:06:36 [motherlode] FindFilledBlock: found at 1188,660 (27x27 0x00B809 tol=5, 16 ms)
2026-07-20 14:06:36 [motherlode] Tracking stable target at 1188,660 (cooldown active, search 16 ms)
2026-07-20 14:06:36 [motherlode] FindFilledBlock: found at 1188,660 (27x27 0x00B809 tol=5, 0 ms)
2026-07-20 14:06:36 [motherlode] Tracking stable target at 1188,660 (cooldown active, search 0 ms)
2026-07-20 14:06:36 [motherlode] FindFilledBlock: found at 1188,660 (27x27 0x00B809 tol=5, 0 ms)
2026-07-20 14:06:36 [motherlode] Tracking stable target at 1188,660 (cooldown active, search 0 ms)
2026-07-20 14:06:37 [motherlode] FindFilledBlock: found at 1188,660 (27x27 0x00B809 tol=5, 0 ms)
2026-07-20 14:06:37 [motherlode] Tracking stable target at 1188,660 (cooldown active, search 0 ms)
2026-07-20 14:06:37 [motherlode] FindFilledBlock: found at 1188,660 (27x27 0x00B809 tol=5, 0 ms)
2026-07-20 14:06:37 [motherlode] Tracking stable target at 1188,660 (cooldown active, search 0 ms)
2026-07-20 14:06:37 [motherlode] FindFilledBlock: found at 1188,660 (27x27 0x00B809 tol=5, 0 ms)
2026-07-20 14:06:37 [motherlode] Tracking stable target at 1188,660 (cooldown active, search 0 ms)
2026-07-20 14:06:37 [motherlode] FindFilledBlock: found at 1188,660 (27x27 0x00B809 tol=5, 0 ms)
2026-07-20 14:06:37 [motherlode] Clicked STABLE target at 1188,660 (search 0 ms)
2026-07-20 14:06:37 [motherlode] FindFilledBlock: found at 1190,686 (27x27 0x00B809 tol=5, 0 ms)
2026-07-20 14:06:37 [motherlode] Tracking not-yet-stable target at 1190,686 (search 0 ms)
2026-07-20 14:06:38 [motherlode] FindFilledBlock: found at 1190,686 (27x27 0x00B809 tol=5, 15 ms)
2026-07-20 14:06:38 [motherlode] Tracking not-yet-stable target at 1190,686 (search 15 ms)
2026-07-20 14:06:38 [motherlode] FindFilledBlock: found at 1188,660 (27x27 0x00B809 tol=5, 16 ms)
2026-07-20 14:06:38 [motherlode] Tracking not-yet-stable target at 1188,660 (search 16 ms)
2026-07-20 14:06:38 [motherlode] FindFilledBlock: found at 1188,660 (27x27 0x00B809 tol=5, 16 ms)
2026-07-20 14:06:38 [motherlode] Tracking not-yet-stable target at 1188,660 (search 16 ms)
2026-07-20 14:06:38 [motherlode] FindFilledBlock: found at 1188,660 (27x27 0x00B809 tol=5, 15 ms)
2026-07-20 14:06:38 [motherlode] Tracking stable target at 1188,660 (cooldown active, search 15 ms)
2026-07-20 14:06:38 [motherlode] FindFilledBlock: found at 1188,660 (27x27 0x00B809 tol=5, 16 ms)
2026-07-20 14:06:38 [motherlode] Tracking stable target at 1188,660 (cooldown active, search 16 ms)
2026-07-20 14:06:38 [motherlode] FindFilledBlock: found at 1188,660 (27x27 0x00B809 tol=5, 16 ms)
2026-07-20 14:06:38 [motherlode] Tracking stable target at 1188,660 (cooldown active, search 16 ms)
2026-07-20 14:06:38 [motherlode] FindFilledBlock: found at 1188,660 (27x27 0x00B809 tol=5, 0 ms)
2026-07-20 14:06:38 [motherlode] Tracking stable target at 1188,660 (cooldown active, search 0 ms)
2026-07-20 14:06:39 [motherlode] FindFilledBlock: found at 1188,660 (27x27 0x00B809 tol=5, 16 ms)
2026-07-20 14:06:39 [motherlode] Tracking stable target at 1188,660 (cooldown active, search 16 ms)
2026-07-20 14:06:39 [motherlode] FindFilledBlock: found at 1188,660 (27x27 0x00B809 tol=5, 0 ms)
2026-07-20 14:06:39 [motherlode] Tracking stable target at 1188,660 (cooldown active, search 0 ms)
2026-07-20 14:06:39 [motherlode] FindFilledBlock: found at 1188,660 (27x27 0x00B809 tol=5, 16 ms)
2026-07-20 14:06:39 [motherlode] Clicked STABLE target at 1188,660 (search 16 ms)
2026-07-20 14:06:39 [motherlode] FindFilledBlock: found at 1190,686 (27x27 0x00B809 tol=5, 0 ms)
2026-07-20 14:06:39 [motherlode] Tracking not-yet-stable target at 1190,686 (search 0 ms)
2026-07-20 14:06:39 [motherlode] FindFilledBlock: found at 1190,686 (27x27 0x00B809 tol=5, 0 ms)
2026-07-20 14:06:39 [motherlode] Tracking not-yet-stable target at 1190,686 (search 0 ms)
2026-07-20 14:06:40 [motherlode] FindFilledBlock: found at 1188,660 (27x27 0x00B809 tol=5, 0 ms)
2026-07-20 14:06:40 [motherlode] Tracking not-yet-stable target at 1188,660 (search 0 ms)
2026-07-20 14:06:40 [motherlode] FindFilledBlock: found at 1188,660 (27x27 0x00B809 tol=5, 0 ms)
2026-07-20 14:06:40 [motherlode] Tracking not-yet-stable target at 1188,660 (search 0 ms)
2026-07-20 14:06:40 [motherlode] FindFilledBlock: found at 1188,660 (27x27 0x00B809 tol=5, 0 ms)
2026-07-20 14:06:40 [motherlode] Tracking stable target at 1188,660 (cooldown active, search 0 ms)
2026-07-20 14:06:40 [motherlode] FindFilledBlock: found at 1188,660 (27x27 0x00B809 tol=5, 0 ms)
2026-07-20 14:06:40 [motherlode] Tracking stable target at 1188,660 (cooldown active, search 15 ms)
2026-07-20 14:06:40 [motherlode] FindFilledBlock: found at 1188,660 (27x27 0x00B809 tol=5, 0 ms)
2026-07-20 14:06:40 [motherlode] Tracking stable target at 1188,660 (cooldown active, search 0 ms)
2026-07-20 14:06:40 [motherlode] FindFilledBlock: found at 1188,660 (27x27 0x00B809 tol=5, 16 ms)
2026-07-20 14:06:40 [motherlode] Tracking stable target at 1188,660 (cooldown active, search 16 ms)
2026-07-20 14:06:40 [motherlode] FindFilledBlock: found at 1188,660 (27x27 0x00B809 tol=5, 0 ms)
2026-07-20 14:06:40 [motherlode] Tracking stable target at 1188,660 (cooldown active, search 0 ms)
2026-07-20 14:06:41 [motherlode] FindFilledBlock: found at 1188,660 (27x27 0x00B809 tol=5, 15 ms)
2026-07-20 14:06:41 [motherlode] Clicked STABLE target at 1188,660 (search 15 ms)
2026-07-20 14:06:41 [motherlode] FindFilledBlock: found at 1190,686 (27x27 0x00B809 tol=5, 15 ms)
2026-07-20 14:06:41 [motherlode] Tracking not-yet-stable target at 1190,686 (search 15 ms)
2026-07-20 14:06:41 [motherlode] FindFilledBlock: found at 1190,686 (27x27 0x00B809 tol=5, 16 ms)
2026-07-20 14:06:41 [motherlode] Tracking not-yet-stable target at 1190,686 (search 16 ms)
2026-07-20 14:06:41 [motherlode] FindFilledBlock: found at 1188,660 (27x27 0x00B809 tol=5, 0 ms)
2026-07-20 14:06:41 [motherlode] Tracking not-yet-stable target at 1188,660 (search 0 ms)
2026-07-20 14:06:41 [motherlode] FindFilledBlock: found at 1188,660 (27x27 0x00B809 tol=5, 0 ms)
2026-07-20 14:06:41 [motherlode] Tracking not-yet-stable target at 1188,660 (search 0 ms)
2026-07-20 14:06:42 [motherlode] FindFilledBlock: found at 1188,660 (27x27 0x00B809 tol=5, 0 ms)
2026-07-20 14:06:42 [motherlode] Tracking stable target at 1188,660 (cooldown active, search 0 ms)
2026-07-20 14:06:42 [motherlode] FindFilledBlock: found at 1188,660 (27x27 0x00B809 tol=5, 0 ms)
2026-07-20 14:06:42 [motherlode] Tracking stable target at 1188,660 (cooldown active, search 0 ms)
2026-07-20 14:06:42 [motherlode] FindFilledBlock: found at 1188,660 (27x27 0x00B809 tol=5, 16 ms)
2026-07-20 14:06:42 [motherlode] Tracking stable target at 1188,660 (cooldown active, search 16 ms)
2026-07-20 14:06:42 [motherlode] FindFilledBlock: found at 1188,660 (27x27 0x00B809 tol=5, 0 ms)
2026-07-20 14:06:42 [motherlode] Tracking stable target at 1188,660 (cooldown active, search 0 ms)
2026-07-20 14:06:42 [motherlode] FindFilledBlock: found at 1188,660 (27x27 0x00B809 tol=5, 16 ms)
2026-07-20 14:06:42 [motherlode] Tracking stable target at 1188,660 (cooldown active, search 16 ms)
2026-07-20 14:06:42 [motherlode] FindFilledBlock: found at 1188,660 (27x27 0x00B809 tol=5, 15 ms)
2026-07-20 14:06:43 [motherlode] Clicked STABLE target at 1188,660 (search 15 ms)
2026-07-20 14:06:43 [motherlode] FindFilledBlock: found at 1190,686 (27x27 0x00B809 tol=5, 0 ms)
2026-07-20 14:06:43 [motherlode] Tracking not-yet-stable target at 1190,686 (search 0 ms)
2026-07-20 14:06:43 [motherlode] FindFilledBlock: found at 1190,686 (27x27 0x00B809 tol=5, 16 ms)
2026-07-20 14:06:43 [motherlode] Tracking not-yet-stable target at 1190,686 (search 16 ms)
2026-07-20 14:06:43 [motherlode] FindFilledBlock: found at 1188,660 (27x27 0x00B809 tol=5, 0 ms)
2026-07-20 14:06:43 [motherlode] Tracking not-yet-stable target at 1188,660 (search 0 ms)
2026-07-20 14:06:43 [motherlode] FindFilledBlock: found at 1188,660 (27x27 0x00B809 tol=5, 16 ms)
2026-07-20 14:06:43 [motherlode] Tracking not-yet-stable target at 1188,660 (search 16 ms)
2026-07-20 14:06:43 [motherlode] FindFilledBlock: found at 1188,660 (27x27 0x00B809 tol=5, 0 ms)
2026-07-20 14:06:43 [motherlode] Tracking stable target at 1188,660 (cooldown active, search 0 ms)
2026-07-20 14:06:44 [motherlode] FindFilledBlock: found at 1188,660 (27x27 0x00B809 tol=5, 0 ms)
2026-07-20 14:06:44 [motherlode] Tracking stable target at 1188,660 (cooldown active, search 0 ms)
2026-07-20 14:06:44 [motherlode] FindFilledBlock: found at 1188,660 (27x27 0x00B809 tol=5, 0 ms)
2026-07-20 14:06:44 [motherlode] Tracking stable target at 1188,660 (cooldown active, search 0 ms)
2026-07-20 14:06:44 [motherlode] FindFilledBlock: found at 1188,660 (27x27 0x00B809 tol=5, 0 ms)
2026-07-20 14:06:44 [motherlode] Tracking stable target at 1188,660 (cooldown active, search 0 ms)
2026-07-20 14:06:44 [motherlode] FindFilledBlock: found at 1188,660 (27x27 0x00B809 tol=5, 0 ms)
2026-07-20 14:06:44 [motherlode] Tracking stable target at 1188,660 (cooldown active, search 0 ms)
2026-07-20 14:06:44 [motherlode] FindFilledBlock: found at 1188,660 (27x27 0x00B809 tol=5, 0 ms)
2026-07-20 14:06:44 [motherlode] Clicked STABLE target at 1188,660 (search 0 ms)
2026-07-20 14:06:45 [motherlode] FindFilledBlock: found at 1190,686 (27x27 0x00B809 tol=5, 15 ms)
2026-07-20 14:06:45 [motherlode] Tracking not-yet-stable target at 1190,686 (search 15 ms)
2026-07-20 14:06:45 [motherlode] FindFilledBlock: found at 1188,660 (27x27 0x00B809 tol=5, 0 ms)
2026-07-20 14:06:45 [motherlode] Tracking not-yet-stable target at 1188,660 (search 0 ms)
2026-07-20 14:06:45 [motherlode] FindFilledBlock: found at 1188,660 (27x27 0x00B809 tol=5, 16 ms)
2026-07-20 14:06:45 [motherlode] Tracking not-yet-stable target at 1188,660 (search 16 ms)
2026-07-20 14:06:45 [motherlode] FindFilledBlock: found at 1188,660 (27x27 0x00B809 tol=5, 15 ms)
2026-07-20 14:06:45 [motherlode] Tracking stable target at 1188,660 (cooldown active, search 15 ms)
2026-07-20 14:06:45 [motherlode] FindFilledBlock: found at 1188,660 (27x27 0x00B809 tol=5, 16 ms)
2026-07-20 14:06:45 [motherlode] Tracking stable target at 1188,660 (cooldown active, search 16 ms)
2026-07-20 14:06:45 [motherlode] FindFilledBlock: found at 1188,660 (27x27 0x00B809 tol=5, 16 ms)
2026-07-20 14:06:45 [motherlode] Tracking stable target at 1188,660 (cooldown active, search 16 ms)
2026-07-20 14:06:45 [motherlode] FindFilledBlock: found at 1188,660 (27x27 0x00B809 tol=5, 0 ms)
2026-07-20 14:06:45 [motherlode] Tracking stable target at 1188,660 (cooldown active, search 0 ms)
2026-07-20 14:06:46 [motherlode] FindFilledBlock: found at 1188,660 (27x27 0x00B809 tol=5, 0 ms)
2026-07-20 14:06:46 [motherlode] Tracking stable target at 1188,660 (cooldown active, search 0 ms)
2026-07-20 14:06:46 [motherlode] FindFilledBlock: found at 1188,660 (27x27 0x00B809 tol=5, 0 ms)
2026-07-20 14:06:46 [motherlode] Tracking stable target at 1188,660 (cooldown active, search 0 ms)
2026-07-20 14:06:46 [motherlode] FindFilledBlock: found at 1188,660 (27x27 0x00B809 tol=5, 0 ms)
2026-07-20 14:06:46 [motherlode] Clicked STABLE target at 1188,660 (search 0 ms)
2026-07-20 14:06:46 [motherlode] FindFilledBlock: found at 1190,686 (27x27 0x00B809 tol=5, 0 ms)
2026-07-20 14:06:46 [motherlode] Tracking not-yet-stable target at 1190,686 (search 0 ms)
2026-07-20 14:06:46 [motherlode] FindFilledBlock: found at 1190,686 (27x27 0x00B809 tol=5, 0 ms)
2026-07-20 14:06:46 [motherlode] Tracking not-yet-stable target at 1190,686 (search 0 ms)
2026-07-20 14:06:47 [motherlode] FindFilledBlock: found at 1188,660 (27x27 0x00B809 tol=5, 0 ms)
2026-07-20 14:06:47 [motherlode] Tracking not-yet-stable target at 1188,660 (search 0 ms)
2026-07-20 14:06:47 [motherlode] FindFilledBlock: found at 1188,660 (27x27 0x00B809 tol=5, 0 ms)
2026-07-20 14:06:47 [motherlode] Tracking not-yet-stable target at 1188,660 (search 0 ms)
2026-07-20 14:06:47 [motherlode] FindFilledBlock: found at 1188,660 (27x27 0x00B809 tol=5, 0 ms)
2026-07-20 14:06:47 [motherlode] Tracking stable target at 1188,660 (cooldown active, search 0 ms)
2026-07-20 14:06:47 [motherlode] FindFilledBlock: found at 1188,660 (27x27 0x00B809 tol=5, 15 ms)
2026-07-20 14:06:47 [motherlode] Tracking stable target at 1188,660 (cooldown active, search 15 ms)
2026-07-20 14:06:47 [motherlode] FindFilledBlock: found at 1188,660 (27x27 0x00B809 tol=5, 0 ms)
2026-07-20 14:06:47 [motherlode] Tracking stable target at 1188,660 (cooldown active, search 0 ms)
2026-07-20 14:06:47 [motherlode] FindFilledBlock: found at 1188,660 (27x27 0x00B809 tol=5, 16 ms)
2026-07-20 14:06:47 [motherlode] Tracking stable target at 1188,660 (cooldown active, search 16 ms)
2026-07-20 14:06:47 [motherlode] FindFilledBlock: found at 1188,660 (27x27 0x00B809 tol=5, 16 ms)
2026-07-20 14:06:48 [motherlode] Tracking stable target at 1188,660 (cooldown active, search 16 ms)
2026-07-20 14:06:48 [motherlode] FindFilledBlock: found at 1188,660 (27x27 0x00B809 tol=5, 15 ms)
2026-07-20 14:06:48 [motherlode] Clicked STABLE target at 1188,660 (search 15 ms)
2026-07-20 14:06:48 [motherlode] FindFilledBlock: found at 1190,686 (27x27 0x00B809 tol=5, 16 ms)
2026-07-20 14:06:48 [motherlode] Tracking not-yet-stable target at 1190,686 (search 16 ms)
2026-07-20 14:06:48 [motherlode] FindFilledBlock: found at 1190,686 (27x27 0x00B809 tol=5, 0 ms)
2026-07-20 14:06:48 [motherlode] Tracking not-yet-stable target at 1190,686 (search 0 ms)
2026-07-20 14:06:48 [motherlode] FindFilledBlock: found at 1188,660 (27x27 0x00B809 tol=5, 16 ms)
2026-07-20 14:06:48 [motherlode] Tracking not-yet-stable target at 1188,660 (search 16 ms)
2026-07-20 14:06:48 [motherlode] FindFilledBlock: found at 1188,660 (27x27 0x00B809 tol=5, 0 ms)
2026-07-20 14:06:48 [motherlode] Tracking not-yet-stable target at 1188,660 (search 0 ms)
2026-07-20 14:06:49 [motherlode] FindFilledBlock: found at 1188,660 (27x27 0x00B809 tol=5, 15 ms)
2026-07-20 14:06:49 [motherlode] Tracking stable target at 1188,660 (cooldown active, search 15 ms)
2026-07-20 14:06:49 [motherlode] FindFilledBlock: found at 1188,660 (27x27 0x00B809 tol=5, 0 ms)
2026-07-20 14:06:49 [motherlode] Tracking stable target at 1188,660 (cooldown active, search 0 ms)
2026-07-20 14:06:49 [motherlode] FindFilledBlock: found at 1188,660 (27x27 0x00B809 tol=5, 0 ms)
2026-07-20 14:06:49 [motherlode] Tracking stable target at 1188,660 (cooldown active, search 0 ms)
2026-07-20 14:06:49 [motherlode] FindFilledBlock: found at 1188,660 (27x27 0x00B809 tol=5, 0 ms)
2026-07-20 14:06:49 [motherlode] Tracking stable target at 1188,660 (cooldown active, search 0 ms)
2026-07-20 14:06:49 [motherlode] FindFilledBlock: not found (27x27 0x00B809 tol=5, 0 ms)
2026-07-20 14:06:49 [motherlode] Target depleted or lost - re-acquiring (searched 0 ms)
2026-07-20 14:06:49 [motherlode] FindFilledBlock: found at 1294,708 (27x27 0x00FF00 tol=5, 0 ms)
2026-07-20 14:06:49 [motherlode] FindFilledBlock: found at 1290,666 (27x27 0x00B809 tol=5, 16 ms)
2026-07-20 14:06:49 [motherlode] Acquired new target at 1294,708 (0x00FF00, ring 100, 16 ms)
2026-07-20 14:06:50 [motherlode] FindFilledBlock: found at 1294,708 (27x27 0x00FF00 tol=5, 0 ms)
2026-07-20 14:06:50 [motherlode] Clicked initial/re-click target at 1294,708 (search 0 ms)
2026-07-20 14:06:50 [motherlode] FindFilledBlock: found at 1290,734 (27x27 0x00FF00 tol=5, 16 ms)
2026-07-20 14:06:50 [motherlode] Tracking not-yet-stable target at 1290,734 (search 16 ms)
2026-07-20 14:06:50 [motherlode] FindFilledBlock: found at 1290,734 (27x27 0x00FF00 tol=5, 15 ms)
2026-07-20 14:06:50 [motherlode] Tracking not-yet-stable target at 1290,734 (search 15 ms)
2026-07-20 14:06:50 [motherlode] FindFilledBlock: found at 1294,708 (27x27 0x00FF00 tol=5, 16 ms)
2026-07-20 14:06:50 [motherlode] Tracking not-yet-stable target at 1294,708 (search 16 ms)
2026-07-20 14:06:50 [motherlode] FindFilledBlock: found at 1294,708 (27x27 0x00FF00 tol=5, 0 ms)
2026-07-20 14:06:50 [motherlode] Tracking not-yet-stable target at 1294,708 (search 0 ms)
2026-07-20 14:06:50 [motherlode] FindFilledBlock: found at 1294,706 (27x27 0x00FF00 tol=5, 16 ms)
2026-07-20 14:06:50 [motherlode] Tracking stable target at 1294,706 (cooldown active, search 16 ms)
2026-07-20 14:06:51 [motherlode] FindFilledBlock: found at 1294,704 (27x27 0x00FF00 tol=5, 0 ms)
2026-07-20 14:06:51 [motherlode] Tracking stable target at 1294,704 (cooldown active, search 0 ms)
2026-07-20 14:06:51 [motherlode] FindFilledBlock: found at 1294,700 (27x27 0x00FF00 tol=5, 16 ms)
2026-07-20 14:06:51 [motherlode] Tracking stable target at 1294,700 (cooldown active, search 16 ms)
2026-07-20 14:06:51 [motherlode] FindFilledBlock: found at 1294,696 (27x27 0x00FF00 tol=5, 16 ms)
2026-07-20 14:06:51 [motherlode] Tracking stable target at 1294,696 (cooldown active, search 16 ms)
2026-07-20 14:06:51 [motherlode] FindFilledBlock: found at 1294,690 (27x27 0x00FF00 tol=5, 0 ms)
2026-07-20 14:06:51 [motherlode] Tracking not-yet-stable target at 1294,690 (search 0 ms)
2026-07-20 14:06:51 [motherlode] FindFilledBlock: found at 1294,682 (27x27 0x00FF00 tol=5, 15 ms)
2026-07-20 14:06:51 [motherlode] Tracking not-yet-stable target at 1294,682 (search 15 ms)
2026-07-20 14:06:51 [motherlode] FindFilledBlock: found at 1294,676 (27x27 0x00FF00 tol=5, 0 ms)
2026-07-20 14:06:51 [motherlode] Tracking not-yet-stable target at 1294,676 (search 0 ms)
2026-07-20 14:06:52 [motherlode] FindFilledBlock: found at 1292,674 (27x27 0x00FF00 tol=5, 15 ms)
2026-07-20 14:06:52 [motherlode] Tracking not-yet-stable target at 1292,674 (search 15 ms)
2026-07-20 14:06:52 [motherlode] FindFilledBlock: found at 1292,672 (27x27 0x00FF00 tol=5, 0 ms)
2026-07-20 14:06:52 [motherlode] Clicked STABLE target at 1292,672 (search 0 ms)
2026-07-20 14:06:52 [motherlode] FindFilledBlock: found at 1288,698 (27x27 0x00FF00 tol=5, 0 ms)
2026-07-20 14:06:52 [motherlode] Tracking not-yet-stable target at 1288,698 (search 0 ms)
2026-07-20 14:06:52 [motherlode] FindFilledBlock: found at 1288,698 (27x27 0x00FF00 tol=5, 0 ms)
2026-07-20 14:06:52 [motherlode] Tracking not-yet-stable target at 1288,698 (search 0 ms)
2026-07-20 14:06:52 [motherlode] FindFilledBlock: found at 1292,668 (27x27 0x00FF00 tol=5, 16 ms)
2026-07-20 14:06:52 [motherlode] Tracking not-yet-stable target at 1292,668 (search 16 ms)
2026-07-20 14:06:53 [motherlode] FindFilledBlock: found at 1292,668 (27x27 0x00FF00 tol=5, 0 ms)
2026-07-20 14:06:53 [motherlode] Tracking not-yet-stable target at 1292,668 (search 0 ms)
2026-07-20 14:06:53 [motherlode] FindFilledBlock: found at 1292,668 (27x27 0x00FF00 tol=5, 15 ms)
2026-07-20 14:06:53 [motherlode] Tracking stable target at 1292,668 (cooldown active, search 15 ms)
2026-07-20 14:06:53 [motherlode] FindFilledBlock: found at 1292,668 (27x27 0x00FF00 tol=5, 0 ms)
2026-07-20 14:06:53 [motherlode] Tracking stable target at 1292,668 (cooldown active, search 16 ms)
2026-07-20 14:06:53 [motherlode] FindFilledBlock: found at 1292,668 (27x27 0x00FF00 tol=5, 15 ms)
2026-07-20 14:06:53 [motherlode] Tracking stable target at 1292,668 (cooldown active, search 15 ms)
2026-07-20 14:06:53 [motherlode] FindFilledBlock: found at 1292,668 (27x27 0x00FF00 tol=5, 16 ms)
2026-07-20 14:06:53 [motherlode] Tracking stable target at 1292,668 (cooldown active, search 16 ms)
2026-07-20 14:06:53 [motherlode] FindFilledBlock: found at 1292,668 (27x27 0x00FF00 tol=5, 0 ms)
2026-07-20 14:06:53 [motherlode] Tracking stable target at 1292,668 (cooldown active, search 0 ms)
2026-07-20 14:06:53 [motherlode] FindFilledBlock: found at 1292,668 (27x27 0x00FF00 tol=5, 16 ms)
2026-07-20 14:06:54 [motherlode] Clicked STABLE target at 1292,668 (search 16 ms)
2026-07-20 14:06:54 [motherlode] FindFilledBlock: found at 1290,694 (27x27 0x00FF00 tol=5, 16 ms)
2026-07-20 14:06:54 [motherlode] Tracking not-yet-stable target at 1290,694 (search 16 ms)
2026-07-20 14:06:54 [motherlode] FindFilledBlock: found at 1290,694 (27x27 0x00FF00 tol=5, 0 ms)
2026-07-20 14:06:54 [motherlode] Tracking not-yet-stable target at 1290,694 (search 0 ms)
2026-07-20 14:06:54 [motherlode] FindFilledBlock: found at 1292,668 (27x27 0x00FF00 tol=5, 0 ms)
2026-07-20 14:06:54 [motherlode] Tracking not-yet-stable target at 1292,668 (search 0 ms)
2026-07-20 14:06:54 [motherlode] FindFilledBlock: found at 1292,668 (27x27 0x00FF00 tol=5, 0 ms)
2026-07-20 14:06:54 [motherlode] Tracking not-yet-stable target at 1292,668 (search 0 ms)
2026-07-20 14:06:54 [motherlode] FindFilledBlock: found at 1292,668 (27x27 0x00FF00 tol=5, 0 ms)
2026-07-20 14:06:54 [motherlode] Tracking stable target at 1292,668 (cooldown active, search 0 ms)
2026-07-20 14:06:55 [motherlode] FindFilledBlock: found at 1292,668 (27x27 0x00FF00 tol=5, 0 ms)
2026-07-20 14:06:55 [motherlode] Tracking stable target at 1292,668 (cooldown active, search 0 ms)
2026-07-20 14:06:55 [motherlode] FindFilledBlock: found at 1292,668 (27x27 0x00FF00 tol=5, 0 ms)
2026-07-20 14:06:55 [motherlode] Tracking stable target at 1292,668 (cooldown active, search 0 ms)
2026-07-20 14:06:55 [motherlode] FindFilledBlock: found at 1292,668 (27x27 0x00FF00 tol=5, 0 ms)
2026-07-20 14:06:55 [motherlode] Tracking stable target at 1292,668 (cooldown active, search 0 ms)
2026-07-20 14:06:55 [motherlode] FindFilledBlock: found at 1292,668 (27x27 0x00FF00 tol=5, 0 ms)
2026-07-20 14:06:55 [motherlode] Tracking stable target at 1292,668 (cooldown active, search 0 ms)
2026-07-20 14:06:55 [motherlode] FindFilledBlock: found at 1292,668 (27x27 0x00FF00 tol=5, 15 ms)
2026-07-20 14:06:55 [motherlode] Clicked STABLE target at 1292,668 (search 15 ms)
2026-07-20 14:06:56 [motherlode] FindFilledBlock: found at 1290,694 (27x27 0x00FF00 tol=5, 15 ms)
2026-07-20 14:06:56 [motherlode] Tracking not-yet-stable target at 1290,694 (search 15 ms)
2026-07-20 14:06:56 [motherlode] FindFilledBlock: found at 1290,694 (27x27 0x00FF00 tol=5, 0 ms)
2026-07-20 14:06:56 [motherlode] Tracking not-yet-stable target at 1290,694 (search 0 ms)
2026-07-20 14:06:56 [motherlode] FindFilledBlock: found at 1292,668 (27x27 0x00FF00 tol=5, 16 ms)
2026-07-20 14:06:56 [motherlode] Tracking not-yet-stable target at 1292,668 (search 16 ms)
2026-07-20 14:06:56 [motherlode] FindFilledBlock: found at 1292,668 (27x27 0x00FF00 tol=5, 16 ms)
2026-07-20 14:06:56 [motherlode] Tracking not-yet-stable target at 1292,668 (search 16 ms)
2026-07-20 14:06:56 [motherlode] FindFilledBlock: found at 1292,668 (27x27 0x00FF00 tol=5, 0 ms)
2026-07-20 14:06:56 [motherlode] Tracking stable target at 1292,668 (cooldown active, search 0 ms)
2026-07-20 14:06:56 [motherlode] FindFilledBlock: found at 1292,668 (27x27 0x00FF00 tol=5, 16 ms)
2026-07-20 14:06:56 [motherlode] Tracking stable target at 1292,668 (cooldown active, search 16 ms)
2026-07-20 14:06:56 [motherlode] FindFilledBlock: found at 1292,668 (27x27 0x00FF00 tol=5, 0 ms)
2026-07-20 14:06:56 [motherlode] Tracking stable target at 1292,668 (cooldown active, search 0 ms)
2026-07-20 14:06:57 [motherlode] FindFilledBlock: found at 1292,668 (27x27 0x00FF00 tol=5, 15 ms)
2026-07-20 14:06:57 [motherlode] Tracking stable target at 1292,668 (cooldown active, search 15 ms)
2026-07-20 14:06:57 [motherlode] FindFilledBlock: found at 1292,668 (27x27 0x00FF00 tol=5, 16 ms)
2026-07-20 14:06:57 [motherlode] Tracking stable target at 1292,668 (cooldown active, search 16 ms)
2026-07-20 14:06:57 [motherlode] FindFilledBlock: found at 1292,668 (27x27 0x00FF00 tol=5, 0 ms)
2026-07-20 14:06:57 [motherlode] Tracking stable target at 1292,668 (cooldown active, search 0 ms)
2026-07-20 14:06:57 [motherlode] FindFilledBlock: found at 1292,668 (27x27 0x00FF00 tol=5, 0 ms)
2026-07-20 14:06:57 [motherlode] Clicked STABLE target at 1292,668 (search 0 ms)
2026-07-20 14:06:57 [motherlode] FindFilledBlock: found at 1290,694 (27x27 0x00FF00 tol=5, 0 ms)
2026-07-20 14:06:57 [motherlode] Tracking not-yet-stable target at 1290,694 (search 0 ms)
2026-07-20 14:06:58 [motherlode] FindFilledBlock: found at 1290,694 (27x27 0x00FF00 tol=5, 16 ms)
2026-07-20 14:06:58 [motherlode] Tracking not-yet-stable target at 1290,694 (search 16 ms)
2026-07-20 14:06:58 [motherlode] FindFilledBlock: found at 1292,668 (27x27 0x00FF00 tol=5, 16 ms)
2026-07-20 14:06:58 [motherlode] Tracking not-yet-stable target at 1292,668 (search 16 ms)
2026-07-20 14:06:58 [motherlode] FindFilledBlock: found at 1292,668 (27x27 0x00FF00 tol=5, 0 ms)
2026-07-20 14:06:58 [motherlode] Tracking not-yet-stable target at 1292,668 (search 15 ms)
2026-07-20 14:06:58 [motherlode] FindFilledBlock: found at 1292,668 (27x27 0x00FF00 tol=5, 16 ms)
2026-07-20 14:06:58 [motherlode] Tracking stable target at 1292,668 (cooldown active, search 16 ms)
2026-07-20 14:06:58 [motherlode] FindFilledBlock: found at 1292,668 (27x27 0x00FF00 tol=5, 16 ms)
2026-07-20 14:06:58 [motherlode] Tracking stable target at 1292,668 (cooldown active, search 16 ms)
2026-07-20 14:06:58 [motherlode] FindFilledBlock: found at 1292,668 (27x27 0x00FF00 tol=5, 0 ms)
2026-07-20 14:06:58 [motherlode] Tracking stable target at 1292,668 (cooldown active, search 0 ms)
2026-07-20 14:06:58 [motherlode] FindFilledBlock: found at 1292,668 (27x27 0x00FF00 tol=5, 15 ms)
2026-07-20 14:06:58 [motherlode] Tracking stable target at 1292,668 (cooldown active, search 15 ms)
2026-07-20 14:06:59 [motherlode] FindFilledBlock: found at 1292,668 (27x27 0x00FF00 tol=5, 0 ms)
2026-07-20 14:06:59 [motherlode] Tracking stable target at 1292,668 (cooldown active, search 0 ms)
2026-07-20 14:06:59 [motherlode] FindFilledBlock: found at 1292,668 (27x27 0x00FF00 tol=5, 15 ms)
2026-07-20 14:06:59 [motherlode] Clicked STABLE target at 1292,668 (search 15 ms)
2026-07-20 14:06:59 [motherlode] FindFilledBlock: found at 1290,694 (27x27 0x00FF00 tol=5, 0 ms)
2026-07-20 14:06:59 [motherlode] Tracking not-yet-stable target at 1290,694 (search 0 ms)
2026-07-20 14:06:59 [motherlode] FindFilledBlock: found at 1290,694 (27x27 0x00FF00 tol=5, 0 ms)
2026-07-20 14:06:59 [motherlode] Tracking not-yet-stable target at 1290,694 (search 0 ms)
2026-07-20 14:06:59 [motherlode] FindFilledBlock: found at 1292,668 (27x27 0x00FF00 tol=5, 0 ms)
2026-07-20 14:06:59 [motherlode] Tracking not-yet-stable target at 1292,668 (search 0 ms)
2026-07-20 14:07:00 [motherlode] FindFilledBlock: found at 1292,668 (27x27 0x00FF00 tol=5, 0 ms)
2026-07-20 14:07:00 [motherlode] Tracking not-yet-stable target at 1292,668 (search 0 ms)
2026-07-20 14:07:00 [motherlode] FindFilledBlock: found at 1292,668 (27x27 0x00FF00 tol=5, 0 ms)
2026-07-20 14:07:00 [motherlode] Tracking stable target at 1292,668 (cooldown active, search 0 ms)
2026-07-20 14:07:00 [motherlode] FindFilledBlock: found at 1292,668 (27x27 0x00FF00 tol=5, 0 ms)
2026-07-20 14:07:00 [motherlode] Tracking stable target at 1292,668 (cooldown active, search 0 ms)
2026-07-20 14:07:00 [motherlode] FindFilledBlock: found at 1292,668 (27x27 0x00FF00 tol=5, 0 ms)
2026-07-20 14:07:00 [motherlode] Tracking stable target at 1292,668 (cooldown active, search 0 ms)
2026-07-20 14:07:00 [motherlode] FindFilledBlock: found at 1292,668 (27x27 0x00FF00 tol=5, 0 ms)
2026-07-20 14:07:00 [motherlode] Tracking stable target at 1292,668 (cooldown active, search 0 ms)
2026-07-20 14:07:00 [motherlode] FindFilledBlock: found at 1292,668 (27x27 0x00FF00 tol=5, 0 ms)
2026-07-20 14:07:00 [motherlode] Tracking stable target at 1292,668 (cooldown active, search 0 ms)
2026-07-20 14:07:01 [motherlode] FindFilledBlock: found at 1292,668 (27x27 0x00FF00 tol=5, 0 ms)
2026-07-20 14:07:01 [motherlode] Clicked STABLE target at 1292,668 (search 0 ms)
2026-07-20 14:07:01 [motherlode] TrackAndClick: until-condition met (154375 ms total)
2026-07-20 14:07:01 [motherlode] Inventory full - depositing into hopper (cycle 1/7)
2026-07-20 14:07:01 [motherlode] Hopper: waiting for hopper marker
2026-07-20 14:07:01 [motherlode] FindFilledBlock: found at 1126,564 (27x27 0xC9FFC4 tol=5, 78 ms)
2026-07-20 14:07:01 [motherlode] Hopper: clicking hopper at 1126,564
2026-07-20 14:07:01 [motherlode] Hopper: waiting for a slot to empty
2026-07-20 14:07:04 [motherlode] Hopper: a slot emptied - back to mining
2026-07-20 14:07:04 [motherlode] FindFilledBlock: not found (27x27 0x00FF00 tol=5, 0 ms)
2026-07-20 14:07:04 [motherlode] FindFilledBlock: found at 1334,788 (27x27 0x00B809 tol=5, 15 ms)
2026-07-20 14:07:04 [motherlode] Acquired new target at 1334,788 (0x00B809, ring 100, 15 ms)
2026-07-20 14:07:04 [motherlode] FindFilledBlock: found at 1346,784 (27x27 0x00B809 tol=5, 15 ms)
2026-07-20 14:07:04 [motherlode] Clicked initial/re-click target at 1346,784 (search 15 ms)
2026-07-20 14:07:04 [motherlode] FindFilledBlock: found at 1374,796 (27x27 0x00B809 tol=5, 16 ms)
2026-07-20 14:07:04 [motherlode] Tracking not-yet-stable target at 1374,796 (search 16 ms)
2026-07-20 14:07:04 [motherlode] FindFilledBlock: found at 1384,798 (27x27 0x00B809 tol=5, 0 ms)
2026-07-20 14:07:04 [motherlode] Tracking not-yet-stable target at 1384,798 (search 0 ms)
2026-07-20 14:07:04 [motherlode] FindFilledBlock: found at 1388,798 (27x27 0x00B809 tol=5, 15 ms)
2026-07-20 14:07:04 [motherlode] Tracking not-yet-stable target at 1388,798 (search 15 ms)
2026-07-20 14:07:05 [motherlode] FindFilledBlock: found at 1390,798 (27x27 0x00B809 tol=5, 0 ms)
2026-07-20 14:07:05 [motherlode] Tracking stable target at 1390,798 (cooldown active, search 0 ms)
2026-07-20 14:07:05 [motherlode] FindFilledBlock: found at 1392,800 (27x27 0x00B809 tol=5, 0 ms)
2026-07-20 14:07:05 [motherlode] Tracking stable target at 1392,800 (cooldown active, search 0 ms)
2026-07-20 14:07:05 [motherlode] FindFilledBlock: found at 1392,800 (27x27 0x00B809 tol=5, 15 ms)
2026-07-20 14:07:05 [motherlode] Tracking stable target at 1392,800 (cooldown active, search 15 ms)
2026-07-20 14:07:05 [motherlode] FindFilledBlock: found at 1390,800 (27x27 0x00B809 tol=5, 0 ms)
2026-07-20 14:07:05 [motherlode] Tracking stable target at 1390,800 (cooldown active, search 0 ms)
2026-07-20 14:07:05 [motherlode] FindFilledBlock: found at 1376,796 (27x27 0x00B809 tol=5, 16 ms)
2026-07-20 14:07:05 [motherlode] Tracking not-yet-stable target at 1376,796 (search 16 ms)
2026-07-20 14:07:05 [motherlode] FindFilledBlock: found at 1362,782 (27x27 0x00B809 tol=5, 16 ms)
2026-07-20 14:07:05 [motherlode] Tracking not-yet-stable target at 1362,782 (search 16 ms)
2026-07-20 14:07:06 [motherlode] FindFilledBlock: found at 1340,772 (27x27 0x00B809 tol=5, 0 ms)
2026-07-20 14:07:06 [motherlode] Tracking not-yet-stable target at 1340,772 (search 15 ms)
2026-07-20 14:07:06 [motherlode] FindFilledBlock: found at 1320,752 (27x27 0x00B809 tol=5, 16 ms)
2026-07-20 14:07:06 [motherlode] Tracking not-yet-stable target at 1320,752 (search 16 ms)
2026-07-20 14:07:06 [motherlode] FindFilledBlock: found at 1310,732 (27x27 0x00B809 tol=5, 16 ms)
2026-07-20 14:07:06 [motherlode] Tracking not-yet-stable target at 1310,732 (search 16 ms)
2026-07-20 14:07:06 [motherlode] FindFilledBlock: found at 1302,720 (27x27 0x00B809 tol=5, 15 ms)
2026-07-20 14:07:06 [motherlode] Tracking not-yet-stable target at 1302,720 (search 15 ms)
2026-07-20 14:07:06 [motherlode] FindFilledBlock: found at 1298,710 (27x27 0x00B809 tol=5, 16 ms)
2026-07-20 14:07:06 [motherlode] Tracking not-yet-stable target at 1298,710 (search 16 ms)
2026-07-20 14:07:06 [motherlode] FindFilledBlock: found at 1296,700 (27x27 0x00B809 tol=5, 16 ms)
2026-07-20 14:07:06 [motherlode] Tracking not-yet-stable target at 1296,700 (search 16 ms)
2026-07-20 14:07:06 [motherlode] FindFilledBlock: found at 1294,690 (27x27 0x00B809 tol=5, 16 ms)
2026-07-20 14:07:06 [motherlode] Tracking not-yet-stable target at 1294,690 (search 16 ms)
2026-07-20 14:07:07 [motherlode] FindFilledBlock: found at 1292,680 (27x27 0x00B809 tol=5, 0 ms)
2026-07-20 14:07:07 [motherlode] Tracking not-yet-stable target at 1292,680 (search 16 ms)
2026-07-20 14:07:07 [motherlode] FindFilledBlock: found at 1292,674 (27x27 0x00B809 tol=5, 16 ms)
2026-07-20 14:07:07 [motherlode] Tracking not-yet-stable target at 1292,674 (search 16 ms)
2026-07-20 14:07:07 [motherlode] FindFilledBlock: found at 1292,672 (27x27 0x00B809 tol=5, 16 ms)
2026-07-20 14:07:07 [motherlode] Tracking not-yet-stable target at 1292,672 (search 16 ms)
2026-07-20 14:07:07 [motherlode] FindFilledBlock: found at 1290,670 (27x27 0x00B809 tol=5, 15 ms)
2026-07-20 14:07:07 [motherlode] Clicked STABLE target at 1290,670 (search 15 ms)
2026-07-20 14:07:07 [motherlode] FindFilledBlock: not found (27x27 0x00B809 tol=5, 0 ms)
2026-07-20 14:07:07 [motherlode] Track: search missed this tick, but anchor point 1290,670 is still 0x00B809 - holding current target, not switching
2026-07-20 14:07:07 [motherlode] Tracking stable target at 1290,670 (cooldown active, search 0 ms)
2026-07-20 14:07:08 [motherlode] FindFilledBlock: not found (27x27 0x00B809 tol=5, 0 ms)
2026-07-20 14:07:08 [motherlode] Track: search missed this tick, but anchor point 1290,670 is still 0x00B809 - holding current target, not switching
2026-07-20 14:07:08 [motherlode] Tracking stable target at 1290,670 (cooldown active, search 0 ms)
2026-07-20 14:07:08 [motherlode] FindFilledBlock: found at 1290,666 (27x27 0x00B809 tol=5, 0 ms)
2026-07-20 14:07:08 [motherlode] Tracking stable target at 1290,666 (cooldown active, search 0 ms)
2026-07-20 14:07:08 [motherlode] FindFilledBlock: found at 1290,666 (27x27 0x00B809 tol=5, 0 ms)
2026-07-20 14:07:08 [motherlode] Tracking stable target at 1290,666 (cooldown active, search 0 ms)
2026-07-20 14:07:08 [motherlode] FindFilledBlock: found at 1290,666 (27x27 0x00B809 tol=5, 0 ms)
2026-07-20 14:07:08 [motherlode] Tracking stable target at 1290,666 (cooldown active, search 0 ms)
2026-07-20 14:07:08 [motherlode] FindFilledBlock: found at 1290,666 (27x27 0x00B809 tol=5, 0 ms)
2026-07-20 14:07:08 [motherlode] Tracking stable target at 1290,666 (cooldown active, search 0 ms)
2026-07-20 14:07:08 [motherlode] FindFilledBlock: found at 1290,666 (27x27 0x00B809 tol=5, 15 ms)
2026-07-20 14:07:08 [motherlode] Tracking stable target at 1290,666 (cooldown active, search 15 ms)
2026-07-20 14:07:08 [motherlode] FindFilledBlock: found at 1290,666 (27x27 0x00B809 tol=5, 16 ms)
2026-07-20 14:07:09 [motherlode] Tracking stable target at 1290,666 (cooldown active, search 16 ms)
2026-07-20 14:07:09 [motherlode] FindFilledBlock: found at 1290,666 (27x27 0x00B809 tol=5, 0 ms)
2026-07-20 14:07:09 [motherlode] Tracking stable target at 1290,666 (cooldown active, search 0 ms)
2026-07-20 14:07:09 [motherlode] FindFilledBlock: found at 1290,666 (27x27 0x00B809 tol=5, 15 ms)
2026-07-20 14:07:09 [motherlode] Clicked STABLE target at 1290,666 (search 15 ms)
2026-07-20 14:07:09 [motherlode] FindFilledBlock: not found (27x27 0x00B809 tol=5, 0 ms)
2026-07-20 14:07:09 [motherlode] Track: search missed this tick, but anchor point 1290,666 is still 0x00B809 - holding current target, not switching
2026-07-20 14:07:09 [motherlode] Tracking stable target at 1290,666 (cooldown active, search 0 ms)
2026-07-20 14:07:09 [motherlode] FindFilledBlock: found at 1290,666 (27x27 0x00B809 tol=5, 15 ms)
2026-07-20 14:07:09 [motherlode] Tracking stable target at 1290,666 (cooldown active, search 15 ms)
2026-07-20 14:07:10 [motherlode] FindFilledBlock: found at 1290,666 (27x27 0x00B809 tol=5, 16 ms)
2026-07-20 14:07:10 [motherlode] Tracking stable target at 1290,666 (cooldown active, search 16 ms)
2026-07-20 14:07:10 [motherlode] FindFilledBlock: found at 1290,666 (27x27 0x00B809 tol=5, 16 ms)
2026-07-20 14:07:10 [motherlode] Tracking stable target at 1290,666 (cooldown active, search 16 ms)
2026-07-20 14:07:10 [motherlode] FindFilledBlock: found at 1290,666 (27x27 0x00B809 tol=5, 0 ms)
2026-07-20 14:07:10 [motherlode] Tracking stable target at 1290,666 (cooldown active, search 0 ms)
2026-07-20 14:07:10 [motherlode] FindFilledBlock: found at 1290,666 (27x27 0x00B809 tol=5, 15 ms)
2026-07-20 14:07:10 [motherlode] Tracking stable target at 1290,666 (cooldown active, search 15 ms)
2026-07-20 14:07:10 [motherlode] FindFilledBlock: found at 1290,666 (27x27 0x00B809 tol=5, 0 ms)
2026-07-20 14:07:10 [motherlode] Tracking stable target at 1290,666 (cooldown active, search 0 ms)
2026-07-20 14:07:10 [motherlode] FindFilledBlock: found at 1290,666 (27x27 0x00B809 tol=5, 0 ms)
2026-07-20 14:07:10 [motherlode] Tracking stable target at 1290,666 (cooldown active, search 0 ms)
2026-07-20 14:07:10 [motherlode] FindFilledBlock: found at 1290,666 (27x27 0x00B809 tol=5, 0 ms)
2026-07-20 14:07:10 [motherlode] Tracking stable target at 1290,666 (cooldown active, search 0 ms)
2026-07-20 14:07:11 [motherlode] FindFilledBlock: found at 1290,666 (27x27 0x00B809 tol=5, 0 ms)
2026-07-20 14:07:11 [motherlode] Clicked STABLE target at 1290,666 (search 0 ms)
2026-07-20 14:07:11 [motherlode] FindFilledBlock: not found (27x27 0x00B809 tol=5, 0 ms)
2026-07-20 14:07:11 [motherlode] Track: search missed this tick, but anchor point 1290,666 is still 0x00B809 - holding current target, not switching
2026-07-20 14:07:11 [motherlode] Tracking stable target at 1290,666 (cooldown active, search 0 ms)
2026-07-20 14:07:11 [motherlode] FindFilledBlock: found at 1290,666 (27x27 0x00B809 tol=5, 15 ms)
2026-07-20 14:07:11 [motherlode] Tracking stable target at 1290,666 (cooldown active, search 15 ms)
2026-07-20 14:07:11 [motherlode] FindFilledBlock: found at 1290,666 (27x27 0x00B809 tol=5, 16 ms)
2026-07-20 14:07:11 [motherlode] Tracking stable target at 1290,666 (cooldown active, search 16 ms)
2026-07-20 14:07:11 [motherlode] FindFilledBlock: found at 1290,666 (27x27 0x00B809 tol=5, 0 ms)
2026-07-20 14:07:11 [motherlode] Tracking stable target at 1290,666 (cooldown active, search 16 ms)
2026-07-20 14:07:12 [motherlode] FindFilledBlock: found at 1290,666 (27x27 0x00B809 tol=5, 15 ms)
2026-07-20 14:07:12 [motherlode] Tracking stable target at 1290,666 (cooldown active, search 15 ms)
2026-07-20 14:07:12 [motherlode] FindFilledBlock: found at 1290,666 (27x27 0x00B809 tol=5, 16 ms)
2026-07-20 14:07:12 [motherlode] Tracking stable target at 1290,666 (cooldown active, search 16 ms)
2026-07-20 14:07:12 [motherlode] FindFilledBlock: found at 1290,666 (27x27 0x00B809 tol=5, 16 ms)
2026-07-20 14:07:12 [motherlode] Tracking stable target at 1290,666 (cooldown active, search 16 ms)
2026-07-20 14:07:12 [motherlode] FindFilledBlock: found at 1290,666 (27x27 0x00B809 tol=5, 15 ms)
2026-07-20 14:07:12 [motherlode] Tracking stable target at 1290,666 (cooldown active, search 15 ms)
2026-07-20 14:07:12 [motherlode] FindFilledBlock: found at 1290,666 (27x27 0x00B809 tol=5, 16 ms)
2026-07-20 14:07:12 [motherlode] Tracking stable target at 1290,666 (cooldown active, search 16 ms)
2026-07-20 14:07:12 [motherlode] FindFilledBlock: found at 1290,666 (27x27 0x00B809 tol=5, 0 ms)
2026-07-20 14:07:13 [motherlode] Clicked STABLE target at 1290,666 (search 0 ms)
2026-07-20 14:07:13 [motherlode] FindFilledBlock: not found (27x27 0x00B809 tol=5, 0 ms)
2026-07-20 14:07:13 [motherlode] Track: search missed this tick, but anchor point 1290,666 is still 0x00B809 - holding current target, not switching
2026-07-20 14:07:13 [motherlode] Tracking stable target at 1290,666 (cooldown active, search 0 ms)
2026-07-20 14:07:13 [motherlode] FindFilledBlock: not found (27x27 0x00B809 tol=5, 0 ms)
2026-07-20 14:07:13 [motherlode] Track: search missed this tick, but anchor point 1290,666 is still 0x00B809 - holding current target, not switching
2026-07-20 14:07:13 [motherlode] Tracking stable target at 1290,666 (cooldown active, search 0 ms)
2026-07-20 14:07:13 [motherlode] FindFilledBlock: found at 1290,666 (27x27 0x00B809 tol=5, 0 ms)
2026-07-20 14:07:13 [motherlode] Tracking stable target at 1290,666 (cooldown active, search 0 ms)
2026-07-20 14:07:13 [motherlode] FindFilledBlock: found at 1290,666 (27x27 0x00B809 tol=5, 0 ms)
2026-07-20 14:07:13 [motherlode] Tracking stable target at 1290,666 (cooldown active, search 0 ms)
2026-07-20 14:07:13 [motherlode] FindFilledBlock: found at 1290,666 (27x27 0x00B809 tol=5, 15 ms)
2026-07-20 14:07:13 [motherlode] Tracking stable target at 1290,666 (cooldown active, search 15 ms)
2026-07-20 14:07:13 [motherlode] FindFilledBlock: found at 1290,666 (27x27 0x00B809 tol=5, 0 ms)
2026-07-20 14:07:13 [motherlode] Tracking stable target at 1290,666 (cooldown active, search 0 ms)
2026-07-20 14:07:14 [motherlode] FindFilledBlock: found at 1290,666 (27x27 0x00B809 tol=5, 0 ms)
2026-07-20 14:07:14 [motherlode] Tracking stable target at 1290,666 (cooldown active, search 16 ms)
2026-07-20 14:07:14 [motherlode] FindFilledBlock: found at 1290,666 (27x27 0x00B809 tol=5, 15 ms)
2026-07-20 14:07:14 [motherlode] Tracking stable target at 1290,666 (cooldown active, search 15 ms)
2026-07-20 14:07:14 [motherlode] FindFilledBlock: found at 1290,666 (27x27 0x00B809 tol=5, 0 ms)
2026-07-20 14:07:14 [motherlode] Tracking stable target at 1290,666 (cooldown active, search 0 ms)
2026-07-20 14:07:14 [motherlode] FindFilledBlock: found at 1290,666 (27x27 0x00B809 tol=5, 16 ms)
2026-07-20 14:07:14 [motherlode] Clicked STABLE target at 1290,666 (search 16 ms)
2026-07-20 14:07:15 [motherlode] FindFilledBlock: not found (27x27 0x00B809 tol=5, 15 ms)
2026-07-20 14:07:15 [motherlode] Track: search missed this tick, but anchor point 1290,666 is still 0x00B809 - holding current target, not switching
2026-07-20 14:07:15 [motherlode] Tracking stable target at 1290,666 (cooldown active, search 15 ms)
2026-07-20 14:07:15 [motherlode] FindFilledBlock: found at 1290,666 (27x27 0x00B809 tol=5, 16 ms)
2026-07-20 14:07:15 [motherlode] Tracking stable target at 1290,666 (cooldown active, search 16 ms)
2026-07-20 14:07:15 [motherlode] FindFilledBlock: found at 1290,666 (27x27 0x00B809 tol=5, 0 ms)
2026-07-20 14:07:15 [motherlode] Tracking stable target at 1290,666 (cooldown active, search 16 ms)
2026-07-20 14:07:15 [motherlode] FindFilledBlock: found at 1290,666 (27x27 0x00B809 tol=5, 15 ms)
2026-07-20 14:07:15 [motherlode] Tracking stable target at 1290,666 (cooldown active, search 15 ms)
2026-07-20 14:07:15 [motherlode] FindFilledBlock: found at 1290,666 (27x27 0x00B809 tol=5, 16 ms)
2026-07-20 14:07:15 [motherlode] Tracking stable target at 1290,666 (cooldown active, search 16 ms)
2026-07-20 14:07:15 [motherlode] FindFilledBlock: found at 1290,666 (27x27 0x00B809 tol=5, 0 ms)
2026-07-20 14:07:15 [motherlode] Tracking stable target at 1290,666 (cooldown active, search 15 ms)
2026-07-20 14:07:15 [motherlode] FindFilledBlock: found at 1290,666 (27x27 0x00B809 tol=5, 16 ms)
2026-07-20 14:07:15 [motherlode] Tracking stable target at 1290,666 (cooldown active, search 16 ms)
2026-07-20 14:07:16 [motherlode] FindFilledBlock: found at 1290,666 (27x27 0x00B809 tol=5, 0 ms)
2026-07-20 14:07:16 [motherlode] Tracking stable target at 1290,666 (cooldown active, search 16 ms)
2026-07-20 14:07:16 [motherlode] FindFilledBlock: found at 1290,666 (27x27 0x00B809 tol=5, 16 ms)
2026-07-20 14:07:16 [motherlode] Tracking stable target at 1290,666 (cooldown active, search 16 ms)
2026-07-20 14:07:16 [motherlode] FindFilledBlock: found at 1290,666 (27x27 0x00B809 tol=5, 0 ms)
2026-07-20 14:07:16 [motherlode] Clicked STABLE target at 1290,666 (search 15 ms)
2026-07-20 14:07:16 [motherlode] FindFilledBlock: not found (27x27 0x00B809 tol=5, 16 ms)
2026-07-20 14:07:16 [motherlode] Track: search missed this tick, but anchor point 1290,666 is still 0x00B809 - holding current target, not switching
2026-07-20 14:07:16 [motherlode] Tracking stable target at 1290,666 (cooldown active, search 16 ms)
2026-07-20 14:07:16 [motherlode] FindFilledBlock: found at 1290,666 (27x27 0x00B809 tol=5, 15 ms)
2026-07-20 14:07:16 [motherlode] Tracking stable target at 1290,666 (cooldown active, search 15 ms)
2026-07-20 14:07:17 [motherlode] FindFilledBlock: found at 1290,666 (27x27 0x00B809 tol=5, 16 ms)
2026-07-20 14:07:17 [motherlode] Tracking stable target at 1290,666 (cooldown active, search 16 ms)
2026-07-20 14:07:17 [motherlode] FindFilledBlock: found at 1290,666 (27x27 0x00B809 tol=5, 16 ms)
2026-07-20 14:07:17 [motherlode] Tracking stable target at 1290,666 (cooldown active, search 16 ms)
2026-07-20 14:07:17 [motherlode] FindFilledBlock: found at 1290,666 (27x27 0x00B809 tol=5, 15 ms)
2026-07-20 14:07:17 [motherlode] Tracking stable target at 1290,666 (cooldown active, search 15 ms)
2026-07-20 14:07:17 [motherlode] FindFilledBlock: found at 1290,666 (27x27 0x00B809 tol=5, 16 ms)
2026-07-20 14:07:17 [motherlode] Tracking stable target at 1290,666 (cooldown active, search 16 ms)
2026-07-20 14:07:17 [motherlode] FindFilledBlock: found at 1290,666 (27x27 0x00B809 tol=5, 15 ms)
2026-07-20 14:07:17 [motherlode] Tracking stable target at 1290,666 (cooldown active, search 15 ms)
2026-07-20 14:07:17 [motherlode] FindFilledBlock: found at 1290,666 (27x27 0x00B809 tol=5, 16 ms)
2026-07-20 14:07:17 [motherlode] Tracking stable target at 1290,666 (cooldown active, search 16 ms)
2026-07-20 14:07:17 [motherlode] FindFilledBlock: found at 1290,666 (27x27 0x00B809 tol=5, 16 ms)
2026-07-20 14:07:17 [motherlode] Tracking stable target at 1290,666 (cooldown active, search 16 ms)
2026-07-20 14:07:18 [motherlode] FindFilledBlock: found at 1290,666 (27x27 0x00B809 tol=5, 0 ms)
2026-07-20 14:07:18 [motherlode] Tracking stable target at 1290,666 (cooldown active, search 0 ms)
2026-07-20 14:07:18 [motherlode] FindFilledBlock: found at 1290,666 (27x27 0x00B809 tol=5, 16 ms)
2026-07-20 14:07:18 [motherlode] Clicked STABLE target at 1290,666 (search 16 ms)
2026-07-20 14:07:18 [motherlode] Esc pressed - exiting
