2026-07-22 19:34:40 [motherlode2] Tracking not-yet-stable target at 1240,658 (search 0 ms)
2026-07-22 19:34:40 [motherlode2] FindFilledBlock: found at 1238,632 (27x27 0x00FF00 tol=5, 0 ms)
2026-07-22 19:34:40 [motherlode2] Tracking not-yet-stable target at 1238,632 (search 0 ms)
2026-07-22 19:34:41 [motherlode2] FindFilledBlock: found at 1238,632 (27x27 0x00FF00 tol=5, 16 ms)
2026-07-22 19:34:41 [motherlode2] Tracking not-yet-stable target at 1238,632 (search 16 ms)
2026-07-22 19:34:41 [motherlode2] FindImage: found at 2135,905 (C:\Users\link\Documents\GitHub\osrs-automation\Bots\..\Images\pay-dirt.png, 0 ms)
2026-07-22 19:34:41 [motherlode2] Slot 5 confirmed pay-dirt
2026-07-22 19:34:41 [motherlode2] FindFilledBlock: found at 1238,632 (27x27 0x00FF00 tol=5, 16 ms)
2026-07-22 19:34:41 [motherlode2] Tracking stable target at 1238,632 (cooldown active, search 16 ms)
2026-07-22 19:34:41 [motherlode2] FindFilledBlock: found at 1238,632 (27x27 0x00FF00 tol=5, 0 ms)
2026-07-22 19:34:41 [motherlode2] Tracking stable target at 1238,632 (cooldown active, search 15 ms)
2026-07-22 19:34:41 [motherlode2] FindFilledBlock: found at 1238,632 (27x27 0x00FF00 tol=5, 15 ms)
2026-07-22 19:34:41 [motherlode2] Tracking stable target at 1238,632 (cooldown active, search 15 ms)
2026-07-22 19:34:42 [motherlode2] FindFilledBlock: found at 1238,632 (27x27 0x00FF00 tol=5, 15 ms)
2026-07-22 19:34:42 [motherlode2] Clicked STABLE target at 1238,632 (search 15 ms)
2026-07-22 19:34:42 [motherlode2] FindFilledBlock: found at 1240,658 (27x27 0x00FF00 tol=5, 15 ms)
2026-07-22 19:34:42 [motherlode2] Tracking not-yet-stable target at 1240,658 (search 15 ms)
2026-07-22 19:34:42 [motherlode2] FindFilledBlock: found at 1238,632 (27x27 0x00FF00 tol=5, 0 ms)
2026-07-22 19:34:42 [motherlode2] Tracking not-yet-stable target at 1238,632 (search 0 ms)
2026-07-22 19:34:42 [motherlode2] FindFilledBlock: found at 1238,632 (27x27 0x00FF00 tol=5, 16 ms)
2026-07-22 19:34:42 [motherlode2] Tracking not-yet-stable target at 1238,632 (search 16 ms)
2026-07-22 19:34:43 [motherlode2] FindFilledBlock: found at 1238,632 (27x27 0x00FF00 tol=5, 16 ms)
2026-07-22 19:34:43 [motherlode2] Tracking stable target at 1238,632 (cooldown active, search 16 ms)
2026-07-22 19:34:43 [motherlode2] FindImage: found at 2219,905 (C:\Users\link\Documents\GitHub\osrs-automation\Bots\..\Images\pay-dirt.png, 0 ms)
2026-07-22 19:34:43 [motherlode2] Slot 6 confirmed pay-dirt
2026-07-22 19:34:43 [motherlode2] FindFilledBlock: found at 1238,632 (27x27 0x00FF00 tol=5, 0 ms)
2026-07-22 19:34:43 [motherlode2] Tracking stable target at 1238,632 (cooldown active, search 0 ms)
2026-07-22 19:34:43 [motherlode2] FindFilledBlock: found at 1238,632 (27x27 0x00FF00 tol=5, 15 ms)
2026-07-22 19:34:43 [motherlode2] Tracking stable target at 1238,632 (cooldown active, search 15 ms)
2026-07-22 19:34:43 [motherlode2] FindFilledBlock: found at 1238,632 (27x27 0x00FF00 tol=5, 0 ms)
2026-07-22 19:34:43 [motherlode2] Tracking stable target at 1238,632 (cooldown active, search 0 ms)
2026-07-22 19:34:43 [motherlode2] FindFilledBlock: found at 1238,632 (27x27 0x00FF00 tol=5, 16 ms)
2026-07-22 19:34:44 [motherlode2] Clicked STABLE target at 1238,632 (search 16 ms)
2026-07-22 19:34:44 [motherlode2] FindFilledBlock: found at 1240,658 (27x27 0x00FF00 tol=5, 15 ms)
2026-07-22 19:34:44 [motherlode2] Tracking not-yet-stable target at 1240,658 (search 15 ms)
2026-07-22 19:34:44 [motherlode2] FindFilledBlock: found at 1238,632 (27x27 0x00FF00 tol=5, 16 ms)
2026-07-22 19:34:44 [motherlode2] Tracking not-yet-stable target at 1238,632 (search 16 ms)
2026-07-22 19:34:44 [motherlode2] FindFilledBlock: found at 1238,632 (27x27 0x00FF00 tol=5, 0 ms)
2026-07-22 19:34:44 [motherlode2] Tracking not-yet-stable target at 1238,632 (search 0 ms)
2026-07-22 19:34:45 [motherlode2] FindImage: found at 2303,905 (C:\Users\link\Documents\GitHub\osrs-automation\Bots\..\Images\pay-dirt.png, 0 ms)
2026-07-22 19:34:45 [motherlode2] Slot 7 confirmed pay-dirt
2026-07-22 19:34:45 [motherlode2] FindFilledBlock: found at 1238,632 (27x27 0x00FF00 tol=5, 0 ms)
2026-07-22 19:34:45 [motherlode2] Tracking stable target at 1238,632 (cooldown active, search 16 ms)
2026-07-22 19:34:45 [motherlode2] FindFilledBlock: found at 1238,632 (27x27 0x00FF00 tol=5, 16 ms)
2026-07-22 19:34:45 [motherlode2] Tracking stable target at 1238,632 (cooldown active, search 16 ms)
2026-07-22 19:34:45 [motherlode2] FindFilledBlock: found at 1238,632 (27x27 0x00FF00 tol=5, 15 ms)
2026-07-22 19:34:45 [motherlode2] Tracking stable target at 1238,632 (cooldown active, search 15 ms)
2026-07-22 19:34:45 [motherlode2] FindFilledBlock: found at 1238,632 (27x27 0x00FF00 tol=5, 0 ms)
2026-07-22 19:34:45 [motherlode2] Tracking stable target at 1238,632 (cooldown active, search 0 ms)
2026-07-22 19:34:45 [motherlode2] FindFilledBlock: found at 1238,632 (27x27 0x00FF00 tol=5, 15 ms)
2026-07-22 19:34:46 [motherlode2] Clicked STABLE target at 1238,632 (search 15 ms)
2026-07-22 19:34:46 [motherlode2] FindFilledBlock: found at 1240,658 (27x27 0x00FF00 tol=5, 0 ms)
2026-07-22 19:34:46 [motherlode2] Tracking not-yet-stable target at 1240,658 (search 0 ms)
2026-07-22 19:34:46 [motherlode2] FindFilledBlock: found at 1238,632 (27x27 0x00FF00 tol=5, 15 ms)
2026-07-22 19:34:46 [motherlode2] Tracking not-yet-stable target at 1238,632 (search 15 ms)
2026-07-22 19:34:46 [motherlode2] FindImage: found at 2387,905 (C:\Users\link\Documents\GitHub\osrs-automation\Bots\..\Images\pay-dirt.png, 0 ms)
2026-07-22 19:34:46 [motherlode2] Slot 8 confirmed pay-dirt
2026-07-22 19:34:46 [motherlode2] FindFilledBlock: found at 1238,632 (27x27 0x00FF00 tol=5, 16 ms)
2026-07-22 19:34:46 [motherlode2] Tracking not-yet-stable target at 1238,632 (search 16 ms)
2026-07-22 19:34:47 [motherlode2] FindFilledBlock: found at 1238,632 (27x27 0x00FF00 tol=5, 16 ms)
2026-07-22 19:34:47 [motherlode2] Tracking stable target at 1238,632 (cooldown active, search 16 ms)
2026-07-22 19:34:47 [motherlode2] FindFilledBlock: found at 1238,632 (27x27 0x00FF00 tol=5, 16 ms)
2026-07-22 19:34:47 [motherlode2] Tracking stable target at 1238,632 (cooldown active, search 16 ms)
2026-07-22 19:34:47 [motherlode2] FindFilledBlock: found at 1238,632 (27x27 0x00FF00 tol=5, 15 ms)
2026-07-22 19:34:47 [motherlode2] Tracking stable target at 1238,632 (cooldown active, search 15 ms)
2026-07-22 19:34:47 [motherlode2] FindFilledBlock: found at 1238,632 (27x27 0x00FF00 tol=5, 0 ms)
2026-07-22 19:34:47 [motherlode2] Clicked STABLE target at 1238,632 (search 0 ms)
2026-07-22 19:34:48 [motherlode2] FindFilledBlock: found at 1240,658 (27x27 0x00FF00 tol=5, 0 ms)
2026-07-22 19:34:48 [motherlode2] Tracking not-yet-stable target at 1240,658 (search 0 ms)
2026-07-22 19:34:48 [motherlode2] FindFilledBlock: found at 1238,632 (27x27 0x00FF00 tol=5, 15 ms)
2026-07-22 19:34:48 [motherlode2] Tracking not-yet-stable target at 1238,632 (search 15 ms)
2026-07-22 19:34:48 [motherlode2] FindFilledBlock: found at 1238,632 (27x27 0x00FF00 tol=5, 0 ms)
2026-07-22 19:34:48 [motherlode2] Tracking not-yet-stable target at 1238,632 (search 0 ms)
2026-07-22 19:34:48 [motherlode2] FindImage: found at 2135,977 (C:\Users\link\Documents\GitHub\osrs-automation\Bots\..\Images\pay-dirt.png, 15 ms)
2026-07-22 19:34:48 [motherlode2] Slot 9 confirmed pay-dirt
2026-07-22 19:34:48 [motherlode2] FindFilledBlock: found at 1238,632 (27x27 0x00FF00 tol=5, 16 ms)
2026-07-22 19:34:48 [motherlode2] Tracking stable target at 1238,632 (cooldown active, search 16 ms)
2026-07-22 19:34:48 [motherlode2] FindFilledBlock: found at 1238,632 (27x27 0x00FF00 tol=5, 16 ms)
2026-07-22 19:34:48 [motherlode2] Tracking stable target at 1238,632 (cooldown active, search 16 ms)
2026-07-22 19:34:49 [motherlode2] FindFilledBlock: found at 1238,632 (27x27 0x00FF00 tol=5, 0 ms)
2026-07-22 19:34:49 [motherlode2] Tracking stable target at 1238,632 (cooldown active, search 0 ms)
2026-07-22 19:34:49 [motherlode2] F6 pressed - stop requested
2026-07-22 19:34:49 [motherlode2] FindFilledBlock: found at 1238,632 (27x27 0x00FF00 tol=5, 0 ms)
2026-07-22 19:34:49 [motherlode2] Clicked STABLE target at 1238,632 (search 0 ms)
2026-07-22 19:34:49 [motherlode2] Pause: stop flag seen - throwing BotStopped
2026-07-22 19:34:49 [motherlode2] STOPPED by F6
2026-07-22 19:34:54 [motherlode2] Motherlode2 started: veins=0x00FF00/0x00B809 hopperCycles=1 sackCycles=1
2026-07-22 19:34:54 [motherlode2] FindImage: found at 2219,833 (C:\Users\link\Documents\GitHub\osrs-automation\Bots\..\Images\pay-dirt.png, 0 ms)
2026-07-22 19:34:54 [motherlode2] Slot 2 confirmed pay-dirt
2026-07-22 19:34:54 [motherlode2] FindFilledBlock: found at 1238,632 (27x27 0x00FF00 tol=5, 0 ms)
2026-07-22 19:34:54 [motherlode2] FindFilledBlock: found at 1284,632 (27x27 0x00B809 tol=5, 0 ms)
2026-07-22 19:34:54 [motherlode2] Acquired new target at 1238,632 (0x00FF00, ring 90, 15 ms)
2026-07-22 19:34:54 [motherlode2] FindImage: found at 2303,833 (C:\Users\link\Documents\GitHub\osrs-automation\Bots\..\Images\pay-dirt.png, 16 ms)
2026-07-22 19:34:54 [motherlode2] Slot 3 confirmed pay-dirt
2026-07-22 19:34:54 [motherlode2] FindFilledBlock: found at 1238,632 (27x27 0x00FF00 tol=5, 15 ms)
2026-07-22 19:34:55 [motherlode2] Clicked initial/re-click target at 1238,632 (search 15 ms)
2026-07-22 19:34:55 [motherlode2] FindImage: found at 2387,833 (C:\Users\link\Documents\GitHub\osrs-automation\Bots\..\Images\pay-dirt.png, 15 ms)
2026-07-22 19:34:55 [motherlode2] Slot 4 confirmed pay-dirt
2026-07-22 19:34:55 [motherlode2] FindFilledBlock: found at 1240,658 (27x27 0x00FF00 tol=5, 0 ms)
2026-07-22 19:34:55 [motherlode2] Tracking not-yet-stable target at 1240,658 (search 0 ms)
2026-07-22 19:34:55 [motherlode2] FindImage: found at 2135,905 (C:\Users\link\Documents\GitHub\osrs-automation\Bots\..\Images\pay-dirt.png, 15 ms)
2026-07-22 19:34:55 [motherlode2] Slot 5 confirmed pay-dirt
2026-07-22 19:34:55 [motherlode2] FindFilledBlock: found at 1238,632 (27x27 0x00FF00 tol=5, 0 ms)
2026-07-22 19:34:55 [motherlode2] Tracking not-yet-stable target at 1238,632 (search 0 ms)
2026-07-22 19:34:55 [motherlode2] FindFilledBlock: found at 1238,632 (27x27 0x00FF00 tol=5, 15 ms)
2026-07-22 19:34:55 [motherlode2] Tracking not-yet-stable target at 1238,632 (search 15 ms)
2026-07-22 19:34:55 [motherlode2] FindImage: found at 2219,905 (C:\Users\link\Documents\GitHub\osrs-automation\Bots\..\Images\pay-dirt.png, 0 ms)
2026-07-22 19:34:55 [motherlode2] Slot 6 confirmed pay-dirt
2026-07-22 19:34:55 [motherlode2] FindFilledBlock: found at 1238,632 (27x27 0x00FF00 tol=5, 0 ms)
2026-07-22 19:34:55 [motherlode2] Tracking stable target at 1238,632 (cooldown active, search 16 ms)
2026-07-22 19:34:56 [motherlode2] FindImage: found at 2303,905 (C:\Users\link\Documents\GitHub\osrs-automation\Bots\..\Images\pay-dirt.png, 0 ms)
2026-07-22 19:34:56 [motherlode2] Slot 7 confirmed pay-dirt
2026-07-22 19:34:56 [motherlode2] FindFilledBlock: found at 1238,632 (27x27 0x00FF00 tol=5, 0 ms)
2026-07-22 19:34:56 [motherlode2] Tracking stable target at 1238,632 (cooldown active, search 0 ms)
2026-07-22 19:34:56 [motherlode2] FindImage: found at 2387,905 (C:\Users\link\Documents\GitHub\osrs-automation\Bots\..\Images\pay-dirt.png, 0 ms)
2026-07-22 19:34:56 [motherlode2] Slot 8 confirmed pay-dirt
2026-07-22 19:34:56 [motherlode2] FindFilledBlock: found at 1238,632 (27x27 0x00FF00 tol=5, 0 ms)
2026-07-22 19:34:56 [motherlode2] Tracking stable target at 1238,632 (cooldown active, search 16 ms)
2026-07-22 19:34:56 [motherlode2] FindFilledBlock: found at 1238,632 (27x27 0x00FF00 tol=5, 16 ms)
2026-07-22 19:34:56 [motherlode2] Tracking stable target at 1238,632 (cooldown active, search 16 ms)
2026-07-22 19:34:56 [motherlode2] FindFilledBlock: found at 1238,632 (27x27 0x00FF00 tol=5, 0 ms)
2026-07-22 19:34:56 [motherlode2] Clicked STABLE target at 1238,632 (search 0 ms)
2026-07-22 19:34:57 [motherlode2] FindFilledBlock: found at 1240,658 (27x27 0x00FF00 tol=5, 0 ms)
2026-07-22 19:34:57 [motherlode2] Tracking not-yet-stable target at 1240,658 (search 0 ms)
2026-07-22 19:34:57 [motherlode2] FindFilledBlock: found at 1238,632 (27x27 0x00FF00 tol=5, 16 ms)
2026-07-22 19:34:57 [motherlode2] Tracking not-yet-stable target at 1238,632 (search 16 ms)
2026-07-22 19:34:57 [motherlode2] FindImage: found at 2135,977 (C:\Users\link\Documents\GitHub\osrs-automation\Bots\..\Images\pay-dirt.png, 0 ms)
2026-07-22 19:34:57 [motherlode2] Slot 9 confirmed pay-dirt
2026-07-22 19:34:57 [motherlode2] FindFilledBlock: found at 1238,632 (27x27 0x00FF00 tol=5, 0 ms)
2026-07-22 19:34:57 [motherlode2] Tracking not-yet-stable target at 1238,632 (search 16 ms)
2026-07-22 19:34:57 [motherlode2] FindFilledBlock: found at 1238,632 (27x27 0x00FF00 tol=5, 0 ms)
2026-07-22 19:34:57 [motherlode2] Tracking stable target at 1238,632 (cooldown active, search 15 ms)
2026-07-22 19:34:58 [motherlode2] FindFilledBlock: found at 1238,632 (27x27 0x00FF00 tol=5, 15 ms)
2026-07-22 19:34:58 [motherlode2] Tracking stable target at 1238,632 (cooldown active, search 15 ms)
2026-07-22 19:34:58 [motherlode2] FindFilledBlock: found at 1238,632 (27x27 0x00FF00 tol=5, 15 ms)
2026-07-22 19:34:58 [motherlode2] Tracking stable target at 1238,632 (cooldown active, search 15 ms)
2026-07-22 19:34:58 [motherlode2] FindFilledBlock: found at 1238,632 (27x27 0x00FF00 tol=5, 0 ms)
2026-07-22 19:34:58 [motherlode2] Tracking stable target at 1238,632 (cooldown active, search 0 ms)
2026-07-22 19:34:58 [motherlode2] FindFilledBlock: found at 1238,632 (27x27 0x00FF00 tol=5, 15 ms)
2026-07-22 19:34:58 [motherlode2] Clicked STABLE target at 1238,632 (search 15 ms)
2026-07-22 19:34:59 [motherlode2] FindFilledBlock: found at 1240,658 (27x27 0x00FF00 tol=5, 15 ms)
2026-07-22 19:34:59 [motherlode2] Tracking not-yet-stable target at 1240,658 (search 15 ms)
2026-07-22 19:34:59 [motherlode2] FindFilledBlock: found at 1238,632 (27x27 0x00FF00 tol=5, 0 ms)
2026-07-22 19:34:59 [motherlode2] Tracking not-yet-stable target at 1238,632 (search 0 ms)
2026-07-22 19:34:59 [motherlode2] FindImage: found at 2219,977 (C:\Users\link\Documents\GitHub\osrs-automation\Bots\..\Images\pay-dirt.png, 0 ms)
2026-07-22 19:34:59 [motherlode2] Slot 10 confirmed pay-dirt
2026-07-22 19:34:59 [motherlode2] FindFilledBlock: found at 1238,632 (27x27 0x00FF00 tol=5, 0 ms)
2026-07-22 19:34:59 [motherlode2] Tracking not-yet-stable target at 1238,632 (search 0 ms)
2026-07-22 19:34:59 [motherlode2] FindFilledBlock: found at 1238,632 (27x27 0x00FF00 tol=5, 16 ms)
2026-07-22 19:34:59 [motherlode2] Tracking stable target at 1238,632 (cooldown active, search 16 ms)
2026-07-22 19:34:59 [motherlode2] FindFilledBlock: found at 1238,632 (27x27 0x00FF00 tol=5, 0 ms)
2026-07-22 19:34:59 [motherlode2] Tracking stable target at 1238,632 (cooldown active, search 0 ms)
2026-07-22 19:35:00 [motherlode2] FindFilledBlock: found at 1238,632 (27x27 0x00FF00 tol=5, 16 ms)
2026-07-22 19:35:00 [motherlode2] Tracking stable target at 1238,632 (cooldown active, search 16 ms)
2026-07-22 19:35:00 [motherlode2] FindFilledBlock: found at 1238,632 (27x27 0x00FF00 tol=5, 0 ms)
2026-07-22 19:35:00 [motherlode2] Tracking stable target at 1238,632 (cooldown active, search 0 ms)
2026-07-22 19:35:00 [motherlode2] FindFilledBlock: found at 1238,632 (27x27 0x00FF00 tol=5, 16 ms)
2026-07-22 19:35:00 [motherlode2] Clicked STABLE target at 1238,632 (search 16 ms)
2026-07-22 19:35:01 [motherlode2] FindFilledBlock: found at 1240,658 (27x27 0x00FF00 tol=5, 0 ms)
2026-07-22 19:35:01 [motherlode2] Tracking not-yet-stable target at 1240,658 (search 0 ms)
2026-07-22 19:35:01 [motherlode2] FindImage: found at 2303,977 (C:\Users\link\Documents\GitHub\osrs-automation\Bots\..\Images\pay-dirt.png, 15 ms)
2026-07-22 19:35:01 [motherlode2] Slot 11 confirmed pay-dirt
2026-07-22 19:35:01 [motherlode2] FindFilledBlock: found at 1238,632 (27x27 0x00FF00 tol=5, 16 ms)
2026-07-22 19:35:01 [motherlode2] Tracking not-yet-stable target at 1238,632 (search 16 ms)
2026-07-22 19:35:01 [motherlode2] FindFilledBlock: found at 1238,632 (27x27 0x00FF00 tol=5, 15 ms)
2026-07-22 19:35:01 [motherlode2] Tracking not-yet-stable target at 1238,632 (search 15 ms)
2026-07-22 19:35:01 [motherlode2] FindFilledBlock: found at 1238,632 (27x27 0x00FF00 tol=5, 0 ms)
2026-07-22 19:35:01 [motherlode2] Tracking stable target at 1238,632 (cooldown active, search 0 ms)
2026-07-22 19:35:01 [motherlode2] FindFilledBlock: found at 1238,632 (27x27 0x00FF00 tol=5, 0 ms)
2026-07-22 19:35:01 [motherlode2] Tracking stable target at 1238,632 (cooldown active, search 0 ms)
2026-07-22 19:35:02 [motherlode2] FindFilledBlock: found at 1238,632 (27x27 0x00FF00 tol=5, 0 ms)
2026-07-22 19:35:02 [motherlode2] Tracking stable target at 1238,632 (cooldown active, search 0 ms)
2026-07-22 19:35:02 [motherlode2] FindFilledBlock: found at 1238,632 (27x27 0x00FF00 tol=5, 0 ms)
2026-07-22 19:35:02 [motherlode2] Clicked STABLE target at 1238,632 (search 0 ms)
2026-07-22 19:35:02 [motherlode2] FindFilledBlock: found at 1240,658 (27x27 0x00FF00 tol=5, 16 ms)
2026-07-22 19:35:02 [motherlode2] Tracking not-yet-stable target at 1240,658 (search 16 ms)
2026-07-22 19:35:03 [motherlode2] FindFilledBlock: found at 1238,632 (27x27 0x00FF00 tol=5, 0 ms)
2026-07-22 19:35:03 [motherlode2] Tracking not-yet-stable target at 1238,632 (search 0 ms)
2026-07-22 19:35:03 [motherlode2] FindFilledBlock: found at 1238,632 (27x27 0x00FF00 tol=5, 0 ms)
2026-07-22 19:35:03 [motherlode2] Tracking not-yet-stable target at 1238,632 (search 0 ms)
2026-07-22 19:35:03 [motherlode2] FindFilledBlock: found at 1238,632 (27x27 0x00FF00 tol=5, 16 ms)
2026-07-22 19:35:03 [motherlode2] Tracking stable target at 1238,632 (cooldown active, search 16 ms)
2026-07-22 19:35:03 [motherlode2] FindFilledBlock: found at 1238,632 (27x27 0x00FF00 tol=5, 0 ms)
2026-07-22 19:35:03 [motherlode2] Tracking stable target at 1238,632 (cooldown active, search 0 ms)
2026-07-22 19:35:03 [motherlode2] FindFilledBlock: found at 1238,632 (27x27 0x00FF00 tol=5, 16 ms)
2026-07-22 19:35:03 [motherlode2] Tracking stable target at 1238,632 (cooldown active, search 16 ms)
2026-07-22 19:35:04 [motherlode2] FindFilledBlock: found at 1238,632 (27x27 0x00FF00 tol=5, 16 ms)
2026-07-22 19:35:04 [motherlode2] Clicked STABLE target at 1238,632 (search 16 ms)
2026-07-22 19:35:04 [motherlode2] FindFilledBlock: found at 1240,658 (27x27 0x00FF00 tol=5, 16 ms)
2026-07-22 19:35:04 [motherlode2] Tracking not-yet-stable target at 1240,658 (search 16 ms)
2026-07-22 19:35:04 [motherlode2] FindFilledBlock: found at 1238,632 (27x27 0x00FF00 tol=5, 0 ms)
2026-07-22 19:35:04 [motherlode2] Tracking not-yet-stable target at 1238,632 (search 0 ms)
2026-07-22 19:35:04 [motherlode2] FindImage: found at 2387,977 (C:\Users\link\Documents\GitHub\osrs-automation\Bots\..\Images\pay-dirt.png, 0 ms)
2026-07-22 19:35:04 [motherlode2] Slot 12 confirmed pay-dirt
2026-07-22 19:35:04 [motherlode2] FindFilledBlock: found at 1238,632 (27x27 0x00FF00 tol=5, 0 ms)
2026-07-22 19:35:04 [motherlode2] Tracking not-yet-stable target at 1238,632 (search 0 ms)
2026-07-22 19:35:05 [motherlode2] FindFilledBlock: found at 1238,632 (27x27 0x00FF00 tol=5, 16 ms)
2026-07-22 19:35:05 [motherlode2] Tracking stable target at 1238,632 (cooldown active, search 16 ms)
2026-07-22 19:35:05 [motherlode2] FindFilledBlock: found at 1238,632 (27x27 0x00FF00 tol=5, 16 ms)
2026-07-22 19:35:05 [motherlode2] Tracking stable target at 1238,632 (cooldown active, search 16 ms)
2026-07-22 19:35:05 [motherlode2] FindFilledBlock: found at 1238,632 (27x27 0x00FF00 tol=5, 15 ms)
2026-07-22 19:35:05 [motherlode2] Tracking stable target at 1238,632 (cooldown active, search 15 ms)
2026-07-22 19:35:05 [motherlode2] FindFilledBlock: found at 1238,632 (27x27 0x00FF00 tol=5, 0 ms)
2026-07-22 19:35:05 [motherlode2] Tracking stable target at 1238,632 (cooldown active, search 0 ms)
2026-07-22 19:35:06 [motherlode2] FindFilledBlock: found at 1238,632 (27x27 0x00FF00 tol=5, 16 ms)
2026-07-22 19:35:06 [motherlode2] Clicked STABLE target at 1238,632 (search 16 ms)
2026-07-22 19:35:06 [motherlode2] FindFilledBlock: found at 1240,658 (27x27 0x00FF00 tol=5, 0 ms)
2026-07-22 19:35:06 [motherlode2] Tracking not-yet-stable target at 1240,658 (search 0 ms)
2026-07-22 19:35:06 [motherlode2] FindFilledBlock: found at 1238,632 (27x27 0x00FF00 tol=5, 0 ms)
2026-07-22 19:35:06 [motherlode2] Tracking not-yet-stable target at 1238,632 (search 0 ms)
2026-07-22 19:35:06 [motherlode2] FindFilledBlock: found at 1238,632 (27x27 0x00FF00 tol=5, 15 ms)
2026-07-22 19:35:06 [motherlode2] Tracking not-yet-stable target at 1238,632 (search 15 ms)
2026-07-22 19:35:07 [motherlode2] FindFilledBlock: found at 1238,632 (27x27 0x00FF00 tol=5, 16 ms)
2026-07-22 19:35:07 [motherlode2] Tracking stable target at 1238,632 (cooldown active, search 16 ms)
2026-07-22 19:35:07 [motherlode2] FindFilledBlock: found at 1240,632 (27x27 0x00FF00 tol=5, 0 ms)
2026-07-22 19:35:07 [motherlode2] Tracking stable target at 1240,632 (cooldown active, search 0 ms)
2026-07-22 19:35:07 [motherlode2] FindFilledBlock: found at 1240,632 (27x27 0x00FF00 tol=5, 16 ms)
2026-07-22 19:35:07 [motherlode2] Tracking stable target at 1240,632 (cooldown active, search 16 ms)
2026-07-22 19:35:07 [motherlode2] FindFilledBlock: found at 1240,632 (27x27 0x00FF00 tol=5, 0 ms)
2026-07-22 19:35:07 [motherlode2] Clicked STABLE target at 1240,632 (search 0 ms)
2026-07-22 19:35:08 [motherlode2] FindFilledBlock: found at 1242,658 (27x27 0x00FF00 tol=5, 0 ms)
2026-07-22 19:35:08 [motherlode2] Tracking not-yet-stable target at 1242,658 (search 0 ms)
2026-07-22 19:35:08 [motherlode2] FindImage: found at 2135,1049 (C:\Users\link\Documents\GitHub\osrs-automation\Bots\..\Images\pay-dirt.png, 0 ms)
2026-07-22 19:35:08 [motherlode2] Slot 13 confirmed pay-dirt
2026-07-22 19:35:08 [motherlode2] FindFilledBlock: found at 1240,632 (27x27 0x00FF00 tol=5, 0 ms)
2026-07-22 19:35:08 [motherlode2] Tracking not-yet-stable target at 1240,632 (search 0 ms)
2026-07-22 19:35:08 [motherlode2] FindFilledBlock: found at 1240,632 (27x27 0x00FF00 tol=5, 16 ms)
2026-07-22 19:35:08 [motherlode2] Tracking not-yet-stable target at 1240,632 (search 16 ms)
2026-07-22 19:35:08 [motherlode2] FindFilledBlock: found at 1240,632 (27x27 0x00FF00 tol=5, 15 ms)
2026-07-22 19:35:08 [motherlode2] Tracking stable target at 1240,632 (cooldown active, search 15 ms)
2026-07-22 19:35:09 [motherlode2] FindFilledBlock: found at 1240,632 (27x27 0x00FF00 tol=5, 0 ms)
2026-07-22 19:35:09 [motherlode2] Tracking stable target at 1240,632 (cooldown active, search 0 ms)
2026-07-22 19:35:09 [motherlode2] FindFilledBlock: found at 1240,632 (27x27 0x00FF00 tol=5, 16 ms)
2026-07-22 19:35:09 [motherlode2] Tracking stable target at 1240,632 (cooldown active, search 16 ms)
2026-07-22 19:35:09 [motherlode2] FindFilledBlock: found at 1240,632 (27x27 0x00FF00 tol=5, 0 ms)
2026-07-22 19:35:09 [motherlode2] Clicked STABLE target at 1240,632 (search 0 ms)
2026-07-22 19:35:09 [motherlode2] FindFilledBlock: found at 1242,658 (27x27 0x00FF00 tol=5, 0 ms)
2026-07-22 19:35:09 [motherlode2] Tracking not-yet-stable target at 1242,658 (search 0 ms)
2026-07-22 19:35:10 [motherlode2] FindFilledBlock: found at 1240,632 (27x27 0x00FF00 tol=5, 0 ms)
2026-07-22 19:35:10 [motherlode2] Tracking not-yet-stable target at 1240,632 (search 16 ms)
2026-07-22 19:35:10 [motherlode2] FindFilledBlock: found at 1240,632 (27x27 0x00FF00 tol=5, 15 ms)
2026-07-22 19:35:10 [motherlode2] Tracking not-yet-stable target at 1240,632 (search 15 ms)
2026-07-22 19:35:10 [motherlode2] FindFilledBlock: found at 1240,632 (27x27 0x00FF00 tol=5, 15 ms)
2026-07-22 19:35:10 [motherlode2] Tracking stable target at 1240,632 (cooldown active, search 15 ms)
2026-07-22 19:35:10 [motherlode2] FindFilledBlock: found at 1240,632 (27x27 0x00FF00 tol=5, 15 ms)
2026-07-22 19:35:10 [motherlode2] Tracking stable target at 1240,632 (cooldown active, search 15 ms)
2026-07-22 19:35:11 [motherlode2] FindFilledBlock: found at 1240,632 (27x27 0x00FF00 tol=5, 0 ms)
2026-07-22 19:35:11 [motherlode2] Tracking stable target at 1240,632 (cooldown active, search 0 ms)
2026-07-22 19:35:11 [motherlode2] FindFilledBlock: found at 1240,632 (27x27 0x00FF00 tol=5, 0 ms)
2026-07-22 19:35:11 [motherlode2] Clicked STABLE target at 1240,632 (search 0 ms)
2026-07-22 19:35:11 [motherlode2] FindFilledBlock: found at 1242,658 (27x27 0x00FF00 tol=5, 0 ms)
2026-07-22 19:35:11 [motherlode2] Tracking not-yet-stable target at 1242,658 (search 0 ms)
2026-07-22 19:35:11 [motherlode2] FindFilledBlock: found at 1240,632 (27x27 0x00FF00 tol=5, 16 ms)
2026-07-22 19:35:11 [motherlode2] Tracking not-yet-stable target at 1240,632 (search 16 ms)
2026-07-22 19:35:12 [motherlode2] FindImage: found at 2219,1049 (C:\Users\link\Documents\GitHub\osrs-automation\Bots\..\Images\pay-dirt.png, 0 ms)
2026-07-22 19:35:12 [motherlode2] Slot 14 confirmed pay-dirt
2026-07-22 19:35:12 [motherlode2] FindFilledBlock: found at 1240,632 (27x27 0x00FF00 tol=5, 0 ms)
2026-07-22 19:35:12 [motherlode2] Tracking not-yet-stable target at 1240,632 (search 0 ms)
2026-07-22 19:35:12 [motherlode2] FindFilledBlock: found at 1240,632 (27x27 0x00FF00 tol=5, 16 ms)
2026-07-22 19:35:12 [motherlode2] Tracking stable target at 1240,632 (cooldown active, search 16 ms)
2026-07-22 19:35:12 [motherlode2] FindFilledBlock: found at 1240,632 (27x27 0x00FF00 tol=5, 15 ms)
2026-07-22 19:35:12 [motherlode2] Tracking stable target at 1240,632 (cooldown active, search 15 ms)
2026-07-22 19:35:12 [motherlode2] FindFilledBlock: found at 1240,632 (27x27 0x00FF00 tol=5, 16 ms)
2026-07-22 19:35:12 [motherlode2] Tracking stable target at 1240,632 (cooldown active, search 16 ms)
2026-07-22 19:35:12 [motherlode2] FindFilledBlock: found at 1240,632 (27x27 0x00FF00 tol=5, 15 ms)
2026-07-22 19:35:13 [motherlode2] Clicked STABLE target at 1240,632 (search 15 ms)
2026-07-22 19:35:13 [motherlode2] FindFilledBlock: found at 1242,658 (27x27 0x00FF00 tol=5, 0 ms)
2026-07-22 19:35:13 [motherlode2] Tracking not-yet-stable target at 1242,658 (search 0 ms)
2026-07-22 19:35:13 [motherlode2] FindFilledBlock: found at 1240,632 (27x27 0x00FF00 tol=5, 0 ms)
2026-07-22 19:35:13 [motherlode2] Tracking not-yet-stable target at 1240,632 (search 0 ms)
2026-07-22 19:35:13 [motherlode2] FindFilledBlock: found at 1240,632 (27x27 0x00FF00 tol=5, 15 ms)
2026-07-22 19:35:13 [motherlode2] Tracking not-yet-stable target at 1240,632 (search 15 ms)
2026-07-22 19:35:14 [motherlode2] FindFilledBlock: found at 1240,632 (27x27 0x00FF00 tol=5, 0 ms)
2026-07-22 19:35:14 [motherlode2] Tracking stable target at 1240,632 (cooldown active, search 0 ms)
2026-07-22 19:35:14 [motherlode2] FindFilledBlock: found at 1240,632 (27x27 0x00FF00 tol=5, 16 ms)
2026-07-22 19:35:14 [motherlode2] Tracking stable target at 1240,632 (cooldown active, search 16 ms)
2026-07-22 19:35:14 [motherlode2] FindFilledBlock: found at 1240,632 (27x27 0x00FF00 tol=5, 15 ms)
2026-07-22 19:35:14 [motherlode2] Tracking stable target at 1240,632 (cooldown active, search 15 ms)
2026-07-22 19:35:14 [motherlode2] FindFilledBlock: found at 1240,632 (27x27 0x00FF00 tol=5, 15 ms)
2026-07-22 19:35:14 [motherlode2] Clicked STABLE target at 1240,632 (search 15 ms)
2026-07-22 19:35:15 [motherlode2] FindFilledBlock: found at 1242,658 (27x27 0x00FF00 tol=5, 0 ms)
2026-07-22 19:35:15 [motherlode2] Tracking not-yet-stable target at 1242,658 (search 0 ms)
2026-07-22 19:35:15 [motherlode2] FindFilledBlock: found at 1240,632 (27x27 0x00FF00 tol=5, 0 ms)
2026-07-22 19:35:15 [motherlode2] Tracking not-yet-stable target at 1240,632 (search 0 ms)
2026-07-22 19:35:15 [motherlode2] FindImage: found at 2303,1049 (C:\Users\link\Documents\GitHub\osrs-automation\Bots\..\Images\pay-dirt.png, 0 ms)
2026-07-22 19:35:15 [motherlode2] Slot 15 confirmed pay-dirt
2026-07-22 19:35:15 [motherlode2] FindFilledBlock: found at 1240,632 (27x27 0x00FF00 tol=5, 0 ms)
2026-07-22 19:35:15 [motherlode2] Tracking not-yet-stable target at 1240,632 (search 0 ms)
2026-07-22 19:35:15 [motherlode2] FindFilledBlock: found at 1240,632 (27x27 0x00FF00 tol=5, 0 ms)
2026-07-22 19:35:15 [motherlode2] Tracking stable target at 1240,632 (cooldown active, search 0 ms)
2026-07-22 19:35:16 [motherlode2] FindFilledBlock: found at 1240,632 (27x27 0x00FF00 tol=5, 0 ms)
2026-07-22 19:35:16 [motherlode2] Tracking stable target at 1240,632 (cooldown active, search 0 ms)
2026-07-22 19:35:16 [motherlode2] FindFilledBlock: found at 1240,632 (27x27 0x00FF00 tol=5, 16 ms)
2026-07-22 19:35:16 [motherlode2] Tracking stable target at 1240,632 (cooldown active, search 16 ms)
2026-07-22 19:35:16 [motherlode2] FindFilledBlock: found at 1240,632 (27x27 0x00FF00 tol=5, 0 ms)
2026-07-22 19:35:16 [motherlode2] Clicked STABLE target at 1240,632 (search 0 ms)
2026-07-22 19:35:16 [motherlode2] FindFilledBlock: found at 1242,658 (27x27 0x00FF00 tol=5, 16 ms)
2026-07-22 19:35:16 [motherlode2] Tracking not-yet-stable target at 1242,658 (search 16 ms)
2026-07-22 19:35:17 [motherlode2] FindFilledBlock: found at 1240,632 (27x27 0x00FF00 tol=5, 15 ms)
2026-07-22 19:35:17 [motherlode2] Tracking not-yet-stable target at 1240,632 (search 15 ms)
2026-07-22 19:35:17 [motherlode2] FindFilledBlock: found at 1240,632 (27x27 0x00FF00 tol=5, 0 ms)
2026-07-22 19:35:17 [motherlode2] Tracking not-yet-stable target at 1240,632 (search 0 ms)
2026-07-22 19:35:17 [motherlode2] FindFilledBlock: found at 1240,632 (27x27 0x00FF00 tol=5, 16 ms)
2026-07-22 19:35:17 [motherlode2] Tracking stable target at 1240,632 (cooldown active, search 16 ms)
2026-07-22 19:35:17 [motherlode2] FindFilledBlock: found at 1240,632 (27x27 0x00FF00 tol=5, 0 ms)
2026-07-22 19:35:17 [motherlode2] Tracking stable target at 1240,632 (cooldown active, search 0 ms)
2026-07-22 19:35:17 [motherlode2] FindFilledBlock: found at 1240,632 (27x27 0x00FF00 tol=5, 0 ms)
2026-07-22 19:35:17 [motherlode2] Tracking stable target at 1240,632 (cooldown active, search 0 ms)
2026-07-22 19:35:18 [motherlode2] FindFilledBlock: found at 1240,632 (27x27 0x00FF00 tol=5, 16 ms)
2026-07-22 19:35:18 [motherlode2] Clicked STABLE target at 1240,632 (search 16 ms)
2026-07-22 19:35:18 [motherlode2] FindFilledBlock: found at 1242,658 (27x27 0x00FF00 tol=5, 15 ms)
2026-07-22 19:35:18 [motherlode2] Tracking not-yet-stable target at 1242,658 (search 15 ms)
2026-07-22 19:35:18 [motherlode2] FindFilledBlock: found at 1240,632 (27x27 0x00FF00 tol=5, 0 ms)
2026-07-22 19:35:18 [motherlode2] Tracking not-yet-stable target at 1240,632 (search 0 ms)
2026-07-22 19:35:19 [motherlode2] FindFilledBlock: found at 1240,632 (27x27 0x00FF00 tol=5, 0 ms)
2026-07-22 19:35:19 [motherlode2] Tracking not-yet-stable target at 1240,632 (search 0 ms)
2026-07-22 19:35:19 [motherlode2] FindFilledBlock: found at 1240,632 (27x27 0x00FF00 tol=5, 0 ms)
2026-07-22 19:35:19 [motherlode2] Tracking stable target at 1240,632 (cooldown active, search 16 ms)
2026-07-22 19:35:19 [motherlode2] FindFilledBlock: found at 1240,632 (27x27 0x00FF00 tol=5, 0 ms)
2026-07-22 19:35:19 [motherlode2] Tracking stable target at 1240,632 (cooldown active, search 0 ms)
2026-07-22 19:35:19 [motherlode2] FindFilledBlock: found at 1240,632 (27x27 0x00FF00 tol=5, 15 ms)
2026-07-22 19:35:19 [motherlode2] Tracking stable target at 1240,632 (cooldown active, search 15 ms)
2026-07-22 19:35:19 [motherlode2] FindFilledBlock: found at 1240,632 (27x27 0x00FF00 tol=5, 16 ms)
2026-07-22 19:35:20 [motherlode2] Clicked STABLE target at 1240,632 (search 16 ms)
2026-07-22 19:35:20 [motherlode2] FindFilledBlock: found at 1242,658 (27x27 0x00FF00 tol=5, 16 ms)
2026-07-22 19:35:20 [motherlode2] Tracking not-yet-stable target at 1242,658 (search 16 ms)
2026-07-22 19:35:20 [motherlode2] FindFilledBlock: found at 1240,632 (27x27 0x00FF00 tol=5, 0 ms)
2026-07-22 19:35:20 [motherlode2] Tracking not-yet-stable target at 1240,632 (search 0 ms)
2026-07-22 19:35:20 [motherlode2] FindFilledBlock: found at 1240,632 (27x27 0x00FF00 tol=5, 0 ms)
2026-07-22 19:35:20 [motherlode2] Tracking not-yet-stable target at 1240,632 (search 0 ms)
2026-07-22 19:35:20 [motherlode2] FindImage: found at 2387,1049 (C:\Users\link\Documents\GitHub\osrs-automation\Bots\..\Images\pay-dirt.png, 15 ms)
2026-07-22 19:35:21 [motherlode2] Slot 16 confirmed pay-dirt
2026-07-22 19:35:21 [motherlode2] FindFilledBlock: not found (27x27 0x00FF00 tol=5, 16 ms)
2026-07-22 19:35:21 [motherlode2] Target depleted or lost - re-acquiring (searched 16 ms)
2026-07-22 19:35:21 [motherlode2] FindFilledBlock: not found (27x27 0x00FF00 tol=5, 0 ms)
2026-07-22 19:35:21 [motherlode2] FindFilledBlock: found at 1192,632 (27x27 0x00B809 tol=5, 16 ms)
2026-07-22 19:35:21 [motherlode2] Acquired new target at 1192,632 (0x00B809, ring 90, 16 ms)
2026-07-22 19:35:21 [motherlode2] FindFilledBlock: found at 1192,632 (27x27 0x00B809 tol=5, 0 ms)
2026-07-22 19:35:21 [motherlode2] Clicked initial/re-click target at 1192,632 (search 15 ms)
2026-07-22 19:35:21 [motherlode2] FindFilledBlock: found at 1196,658 (27x27 0x00B809 tol=5, 15 ms)
2026-07-22 19:35:21 [motherlode2] Tracking not-yet-stable target at 1196,658 (search 15 ms)
2026-07-22 19:35:22 [motherlode2] FindFilledBlock: found at 1192,632 (27x27 0x00B809 tol=5, 0 ms)
2026-07-22 19:35:22 [motherlode2] Tracking not-yet-stable target at 1192,632 (search 0 ms)
2026-07-22 19:35:22 [motherlode2] FindFilledBlock: found at 1194,632 (27x27 0x00B809 tol=5, 0 ms)
2026-07-22 19:35:22 [motherlode2] Tracking not-yet-stable target at 1194,632 (search 0 ms)
2026-07-22 19:35:22 [motherlode2] FindFilledBlock: found at 1200,632 (27x27 0x00B809 tol=5, 16 ms)
2026-07-22 19:35:22 [motherlode2] Tracking not-yet-stable target at 1200,632 (search 16 ms)
2026-07-22 19:35:22 [motherlode2] FindFilledBlock: found at 1208,632 (27x27 0x00B809 tol=5, 0 ms)
2026-07-22 19:35:22 [motherlode2] Tracking not-yet-stable target at 1208,632 (search 0 ms)
2026-07-22 19:35:23 [motherlode2] FindFilledBlock: found at 1222,632 (27x27 0x00B809 tol=5, 16 ms)
2026-07-22 19:35:23 [motherlode2] Tracking not-yet-stable target at 1222,632 (search 16 ms)
2026-07-22 19:35:23 [motherlode2] FindFilledBlock: found at 1230,632 (27x27 0x00B809 tol=5, 0 ms)
2026-07-22 19:35:23 [motherlode2] Tracking not-yet-stable target at 1230,632 (search 0 ms)
2026-07-22 19:35:23 [motherlode2] FindFilledBlock: found at 1234,632 (27x27 0x00B809 tol=5, 16 ms)
2026-07-22 19:35:23 [motherlode2] Tracking not-yet-stable target at 1234,632 (search 16 ms)
2026-07-22 19:35:23 [motherlode2] FindFilledBlock: found at 1236,632 (27x27 0x00B809 tol=5, 0 ms)
2026-07-22 19:35:23 [motherlode2] Clicked STABLE target at 1236,632 (search 0 ms)
2026-07-22 19:35:24 [motherlode2] FindFilledBlock: found at 1240,658 (27x27 0x00B809 tol=5, 15 ms)
2026-07-22 19:35:24 [motherlode2] Tracking not-yet-stable target at 1240,658 (search 15 ms)
2026-07-22 19:35:24 [motherlode2] FindFilledBlock: found at 1238,632 (27x27 0x00B809 tol=5, 15 ms)
2026-07-22 19:35:24 [motherlode2] Tracking not-yet-stable target at 1238,632 (search 15 ms)
2026-07-22 19:35:24 [motherlode2] FindFilledBlock: found at 1238,632 (27x27 0x00B809 tol=5, 15 ms)
2026-07-22 19:35:24 [motherlode2] Tracking not-yet-stable target at 1238,632 (search 15 ms)
2026-07-22 19:35:24 [motherlode2] FindFilledBlock: found at 1238,632 (27x27 0x00B809 tol=5, 0 ms)
2026-07-22 19:35:24 [motherlode2] Tracking stable target at 1238,632 (cooldown active, search 0 ms)
2026-07-22 19:35:24 [motherlode2] FindFilledBlock: found at 1238,632 (27x27 0x00B809 tol=5, 0 ms)
2026-07-22 19:35:24 [motherlode2] Tracking stable target at 1238,632 (cooldown active, search 0 ms)
2026-07-22 19:35:25 [motherlode2] FindImage: found at 2135,1121 (C:\Users\link\Documents\GitHub\osrs-automation\Bots\..\Images\pay-dirt.png, 16 ms)
2026-07-22 19:35:25 [motherlode2] Slot 17 confirmed pay-dirt
2026-07-22 19:35:25 [motherlode2] FindFilledBlock: found at 1244,632 (27x27 0x00B809 tol=5, 16 ms)
2026-07-22 19:35:25 [motherlode2] Tracking not-yet-stable target at 1244,632 (search 16 ms)
2026-07-22 19:35:25 [motherlode2] FindFilledBlock: found at 1244,632 (27x27 0x00B809 tol=5, 0 ms)
2026-07-22 19:35:25 [motherlode2] Tracking not-yet-stable target at 1244,632 (search 0 ms)
2026-07-22 19:35:25 [motherlode2] FindFilledBlock: found at 1244,632 (27x27 0x00B809 tol=5, 0 ms)
2026-07-22 19:35:25 [motherlode2] Clicked STABLE target at 1244,632 (search 16 ms)
2026-07-22 19:35:26 [motherlode2] FindFilledBlock: found at 1244,658 (27x27 0x00B809 tol=5, 16 ms)
2026-07-22 19:35:26 [motherlode2] Tracking not-yet-stable target at 1244,658 (search 16 ms)
2026-07-22 19:35:26 [motherlode2] FindFilledBlock: found at 1244,632 (27x27 0x00B809 tol=5, 0 ms)
2026-07-22 19:35:26 [motherlode2] Tracking not-yet-stable target at 1244,632 (search 0 ms)
2026-07-22 19:35:26 [motherlode2] FindFilledBlock: found at 1244,632 (27x27 0x00B809 tol=5, 16 ms)
2026-07-22 19:35:26 [motherlode2] Tracking not-yet-stable target at 1244,632 (search 16 ms)
2026-07-22 19:35:26 [motherlode2] FindFilledBlock: found at 1244,632 (27x27 0x00B809 tol=5, 0 ms)
2026-07-22 19:35:26 [motherlode2] Tracking stable target at 1244,632 (cooldown active, search 0 ms)
2026-07-22 19:35:26 [motherlode2] FindFilledBlock: found at 1244,632 (27x27 0x00B809 tol=5, 0 ms)
2026-07-22 19:35:26 [motherlode2] Tracking stable target at 1244,632 (cooldown active, search 0 ms)
2026-07-22 19:35:27 [motherlode2] FindFilledBlock: found at 1244,632 (27x27 0x00B809 tol=5, 0 ms)
2026-07-22 19:35:27 [motherlode2] Tracking stable target at 1244,632 (cooldown active, search 0 ms)
2026-07-22 19:35:27 [motherlode2] FindFilledBlock: found at 1244,632 (27x27 0x00B809 tol=5, 15 ms)
2026-07-22 19:35:27 [motherlode2] Clicked STABLE target at 1244,632 (search 15 ms)
2026-07-22 19:35:27 [motherlode2] FindFilledBlock: found at 1244,658 (27x27 0x00B809 tol=5, 16 ms)
2026-07-22 19:35:27 [motherlode2] Tracking not-yet-stable target at 1244,658 (search 16 ms)
2026-07-22 19:35:28 [motherlode2] FindFilledBlock: found at 1244,632 (27x27 0x00B809 tol=5, 15 ms)
2026-07-22 19:35:28 [motherlode2] Tracking not-yet-stable target at 1244,632 (search 15 ms)
2026-07-22 19:35:28 [motherlode2] FindFilledBlock: found at 1244,632 (27x27 0x00B809 tol=5, 0 ms)
2026-07-22 19:35:28 [motherlode2] Tracking not-yet-stable target at 1244,632 (search 0 ms)
2026-07-22 19:35:28 [motherlode2] FindFilledBlock: found at 1244,632 (27x27 0x00B809 tol=5, 16 ms)
2026-07-22 19:35:28 [motherlode2] Tracking stable target at 1244,632 (cooldown active, search 16 ms)
2026-07-22 19:35:28 [motherlode2] FindFilledBlock: found at 1244,632 (27x27 0x00B809 tol=5, 0 ms)
2026-07-22 19:35:28 [motherlode2] Tracking stable target at 1244,632 (cooldown active, search 0 ms)
2026-07-22 19:35:28 [motherlode2] FindFilledBlock: found at 1244,632 (27x27 0x00B809 tol=5, 15 ms)
2026-07-22 19:35:28 [motherlode2] Tracking stable target at 1244,632 (cooldown active, search 15 ms)
2026-07-22 19:35:29 [motherlode2] FindFilledBlock: found at 1244,632 (27x27 0x00B809 tol=5, 0 ms)
2026-07-22 19:35:29 [motherlode2] Clicked STABLE target at 1244,632 (search 0 ms)
2026-07-22 19:35:29 [motherlode2] FindFilledBlock: found at 1244,658 (27x27 0x00B809 tol=5, 0 ms)
2026-07-22 19:35:29 [motherlode2] Tracking not-yet-stable target at 1244,658 (search 0 ms)
2026-07-22 19:35:29 [motherlode2] FindFilledBlock: found at 1244,632 (27x27 0x00B809 tol=5, 0 ms)
2026-07-22 19:35:29 [motherlode2] Tracking not-yet-stable target at 1244,632 (search 0 ms)
2026-07-22 19:35:30 [motherlode2] FindFilledBlock: found at 1244,632 (27x27 0x00B809 tol=5, 15 ms)
2026-07-22 19:35:30 [motherlode2] Tracking not-yet-stable target at 1244,632 (search 15 ms)
2026-07-22 19:35:30 [motherlode2] FindFilledBlock: found at 1244,632 (27x27 0x00B809 tol=5, 15 ms)
2026-07-22 19:35:30 [motherlode2] Tracking stable target at 1244,632 (cooldown active, search 15 ms)
2026-07-22 19:35:30 [motherlode2] FindFilledBlock: found at 1244,632 (27x27 0x00B809 tol=5, 15 ms)
2026-07-22 19:35:30 [motherlode2] Tracking stable target at 1244,632 (cooldown active, search 15 ms)
2026-07-22 19:35:30 [motherlode2] FindFilledBlock: found at 1244,632 (27x27 0x00B809 tol=5, 16 ms)
2026-07-22 19:35:30 [motherlode2] Tracking stable target at 1244,632 (cooldown active, search 16 ms)
2026-07-22 19:35:30 [motherlode2] FindFilledBlock: found at 1244,632 (27x27 0x00B809 tol=5, 0 ms)
2026-07-22 19:35:30 [motherlode2] Tracking stable target at 1244,632 (cooldown active, search 0 ms)
2026-07-22 19:35:31 [motherlode2] FindFilledBlock: found at 1244,632 (27x27 0x00B809 tol=5, 0 ms)
2026-07-22 19:35:31 [motherlode2] Clicked STABLE target at 1244,632 (search 0 ms)
2026-07-22 19:35:31 [motherlode2] FindFilledBlock: found at 1244,658 (27x27 0x00B809 tol=5, 0 ms)
2026-07-22 19:35:31 [motherlode2] Tracking not-yet-stable target at 1244,658 (search 0 ms)
2026-07-22 19:35:31 [motherlode2] FindFilledBlock: found at 1244,632 (27x27 0x00B809 tol=5, 16 ms)
2026-07-22 19:35:31 [motherlode2] Tracking not-yet-stable target at 1244,632 (search 16 ms)
2026-07-22 19:35:31 [motherlode2] FindFilledBlock: found at 1244,632 (27x27 0x00B809 tol=5, 16 ms)
2026-07-22 19:35:31 [motherlode2] Tracking not-yet-stable target at 1244,632 (search 16 ms)
2026-07-22 19:35:32 [motherlode2] FindFilledBlock: found at 1244,632 (27x27 0x00B809 tol=5, 16 ms)
2026-07-22 19:35:32 [motherlode2] Tracking stable target at 1244,632 (cooldown active, search 16 ms)
2026-07-22 19:35:32 [motherlode2] FindFilledBlock: found at 1244,632 (27x27 0x00B809 tol=5, 0 ms)
2026-07-22 19:35:32 [motherlode2] Tracking stable target at 1244,632 (cooldown active, search 0 ms)
2026-07-22 19:35:32 [motherlode2] FindFilledBlock: found at 1244,632 (27x27 0x00B809 tol=5, 0 ms)
2026-07-22 19:35:32 [motherlode2] Tracking stable target at 1244,632 (cooldown active, search 0 ms)
2026-07-22 19:35:32 [motherlode2] FindFilledBlock: found at 1244,632 (27x27 0x00B809 tol=5, 15 ms)
2026-07-22 19:35:33 [motherlode2] Clicked STABLE target at 1244,632 (search 15 ms)
2026-07-22 19:35:33 [motherlode2] FindFilledBlock: found at 1244,658 (27x27 0x00B809 tol=5, 0 ms)
2026-07-22 19:35:33 [motherlode2] Tracking not-yet-stable target at 1244,658 (search 0 ms)
2026-07-22 19:35:33 [motherlode2] FindFilledBlock: found at 1244,632 (27x27 0x00B809 tol=5, 16 ms)
2026-07-22 19:35:33 [motherlode2] Tracking not-yet-stable target at 1244,632 (search 16 ms)
2026-07-22 19:35:33 [motherlode2] FindFilledBlock: found at 1244,632 (27x27 0x00B809 tol=5, 15 ms)
2026-07-22 19:35:33 [motherlode2] Tracking not-yet-stable target at 1244,632 (search 15 ms)
2026-07-22 19:35:33 [motherlode2] FindFilledBlock: found at 1244,632 (27x27 0x00B809 tol=5, 0 ms)
2026-07-22 19:35:33 [motherlode2] Tracking stable target at 1244,632 (cooldown active, search 0 ms)
2026-07-22 19:35:34 [motherlode2] FindFilledBlock: found at 1244,632 (27x27 0x00B809 tol=5, 0 ms)
2026-07-22 19:35:34 [motherlode2] Tracking stable target at 1244,632 (cooldown active, search 0 ms)
2026-07-22 19:35:34 [motherlode2] FindFilledBlock: found at 1244,632 (27x27 0x00B809 tol=5, 0 ms)
2026-07-22 19:35:34 [motherlode2] Tracking stable target at 1244,632 (cooldown active, search 0 ms)
2026-07-22 19:35:34 [motherlode2] FindFilledBlock: found at 1244,632 (27x27 0x00B809 tol=5, 0 ms)
2026-07-22 19:35:34 [motherlode2] Clicked STABLE target at 1244,632 (search 0 ms)
2026-07-22 19:35:35 [motherlode2] FindFilledBlock: found at 1244,658 (27x27 0x00B809 tol=5, 16 ms)
2026-07-22 19:35:35 [motherlode2] Tracking not-yet-stable target at 1244,658 (search 16 ms)
2026-07-22 19:35:35 [motherlode2] FindFilledBlock: found at 1244,632 (27x27 0x00B809 tol=5, 0 ms)
2026-07-22 19:35:35 [motherlode2] Tracking not-yet-stable target at 1244,632 (search 0 ms)
2026-07-22 19:35:35 [motherlode2] FindFilledBlock: found at 1244,632 (27x27 0x00B809 tol=5, 15 ms)
2026-07-22 19:35:35 [motherlode2] Tracking not-yet-stable target at 1244,632 (search 15 ms)
2026-07-22 19:35:35 [motherlode2] FindFilledBlock: found at 1244,632 (27x27 0x00B809 tol=5, 0 ms)
2026-07-22 19:35:35 [motherlode2] Tracking stable target at 1244,632 (cooldown active, search 0 ms)
2026-07-22 19:35:35 [motherlode2] FindFilledBlock: found at 1244,632 (27x27 0x00B809 tol=5, 0 ms)
2026-07-22 19:35:35 [motherlode2] Tracking stable target at 1244,632 (cooldown active, search 0 ms)
2026-07-22 19:35:36 [motherlode2] FindFilledBlock: found at 1244,632 (27x27 0x00B809 tol=5, 16 ms)
2026-07-22 19:35:36 [motherlode2] Tracking stable target at 1244,632 (cooldown active, search 16 ms)
2026-07-22 19:35:36 [motherlode2] FindFilledBlock: found at 1244,632 (27x27 0x00B809 tol=5, 16 ms)
2026-07-22 19:35:36 [motherlode2] Clicked STABLE target at 1244,632 (search 16 ms)
2026-07-22 19:35:36 [motherlode2] FindFilledBlock: found at 1244,658 (27x27 0x00B809 tol=5, 16 ms)
2026-07-22 19:35:36 [motherlode2] Tracking not-yet-stable target at 1244,658 (search 16 ms)
2026-07-22 19:35:37 [motherlode2] FindFilledBlock: found at 1244,632 (27x27 0x00B809 tol=5, 0 ms)
2026-07-22 19:35:37 [motherlode2] Tracking not-yet-stable target at 1244,632 (search 0 ms)
2026-07-22 19:35:37 [motherlode2] FindFilledBlock: found at 1244,632 (27x27 0x00B809 tol=5, 0 ms)
2026-07-22 19:35:37 [motherlode2] Tracking not-yet-stable target at 1244,632 (search 0 ms)
2026-07-22 19:35:37 [motherlode2] FindFilledBlock: found at 1244,632 (27x27 0x00B809 tol=5, 16 ms)
2026-07-22 19:35:37 [motherlode2] Tracking stable target at 1244,632 (cooldown active, search 16 ms)
2026-07-22 19:35:37 [motherlode2] FindFilledBlock: found at 1244,632 (27x27 0x00B809 tol=5, 0 ms)
2026-07-22 19:35:37 [motherlode2] Tracking stable target at 1244,632 (cooldown active, search 0 ms)
2026-07-22 19:35:37 [motherlode2] FindFilledBlock: found at 1244,632 (27x27 0x00B809 tol=5, 16 ms)
2026-07-22 19:35:37 [motherlode2] Tracking stable target at 1244,632 (cooldown active, search 16 ms)
2026-07-22 19:35:38 [motherlode2] FindFilledBlock: found at 1244,632 (27x27 0x00B809 tol=5, 15 ms)
2026-07-22 19:35:38 [motherlode2] Clicked STABLE target at 1244,632 (search 15 ms)
2026-07-22 19:35:38 [motherlode2] FindFilledBlock: found at 1244,658 (27x27 0x00B809 tol=5, 0 ms)
2026-07-22 19:35:38 [motherlode2] Tracking not-yet-stable target at 1244,658 (search 0 ms)
2026-07-22 19:35:38 [motherlode2] FindFilledBlock: found at 1244,632 (27x27 0x00B809 tol=5, 0 ms)
2026-07-22 19:35:38 [motherlode2] Tracking not-yet-stable target at 1244,632 (search 0 ms)
2026-07-22 19:35:38 [motherlode2] FindFilledBlock: found at 1244,632 (27x27 0x00B809 tol=5, 0 ms)
2026-07-22 19:35:38 [motherlode2] Tracking not-yet-stable target at 1244,632 (search 15 ms)
2026-07-22 19:35:39 [motherlode2] FindFilledBlock: found at 1244,632 (27x27 0x00B809 tol=5, 0 ms)
2026-07-22 19:35:39 [motherlode2] Tracking stable target at 1244,632 (cooldown active, search 0 ms)
2026-07-22 19:35:39 [motherlode2] FindFilledBlock: found at 1244,632 (27x27 0x00B809 tol=5, 0 ms)
2026-07-22 19:35:39 [motherlode2] Tracking stable target at 1244,632 (cooldown active, search 16 ms)
2026-07-22 19:35:39 [motherlode2] FindFilledBlock: found at 1244,632 (27x27 0x00B809 tol=5, 15 ms)
2026-07-22 19:35:39 [motherlode2] Tracking stable target at 1244,632 (cooldown active, search 15 ms)
2026-07-22 19:35:39 [motherlode2] FindFilledBlock: found at 1244,632 (27x27 0x00B809 tol=5, 16 ms)
2026-07-22 19:35:40 [motherlode2] Clicked STABLE target at 1244,632 (search 16 ms)
2026-07-22 19:35:40 [motherlode2] FindFilledBlock: found at 1244,658 (27x27 0x00B809 tol=5, 0 ms)
2026-07-22 19:35:40 [motherlode2] Tracking not-yet-stable target at 1244,658 (search 0 ms)
2026-07-22 19:35:40 [motherlode2] FindFilledBlock: found at 1244,632 (27x27 0x00B809 tol=5, 0 ms)
2026-07-22 19:35:40 [motherlode2] Tracking not-yet-stable target at 1244,632 (search 0 ms)
2026-07-22 19:35:40 [motherlode2] FindFilledBlock: found at 1244,632 (27x27 0x00B809 tol=5, 0 ms)
2026-07-22 19:35:40 [motherlode2] Tracking not-yet-stable target at 1244,632 (search 0 ms)
2026-07-22 19:35:40 [motherlode2] FindFilledBlock: found at 1244,632 (27x27 0x00B809 tol=5, 16 ms)
2026-07-22 19:35:40 [motherlode2] Tracking stable target at 1244,632 (cooldown active, search 16 ms)
2026-07-22 19:35:41 [motherlode2] FindFilledBlock: found at 1244,632 (27x27 0x00B809 tol=5, 0 ms)
2026-07-22 19:35:41 [motherlode2] Tracking stable target at 1244,632 (cooldown active, search 0 ms)
2026-07-22 19:35:41 [motherlode2] FindFilledBlock: found at 1244,632 (27x27 0x00B809 tol=5, 16 ms)
2026-07-22 19:35:41 [motherlode2] Tracking stable target at 1244,632 (cooldown active, search 16 ms)
2026-07-22 19:35:41 [motherlode2] FindFilledBlock: found at 1244,632 (27x27 0x00B809 tol=5, 0 ms)
2026-07-22 19:35:41 [motherlode2] Clicked STABLE target at 1244,632 (search 16 ms)
2026-07-22 19:35:42 [motherlode2] FindFilledBlock: found at 1244,658 (27x27 0x00B809 tol=5, 16 ms)
2026-07-22 19:35:42 [motherlode2] Tracking not-yet-stable target at 1244,658 (search 16 ms)
2026-07-22 19:35:42 [motherlode2] FindFilledBlock: found at 1244,632 (27x27 0x00B809 tol=5, 0 ms)
2026-07-22 19:35:42 [motherlode2] Tracking not-yet-stable target at 1244,632 (search 0 ms)
2026-07-22 19:35:42 [motherlode2] FindFilledBlock: found at 1244,632 (27x27 0x00B809 tol=5, 0 ms)
2026-07-22 19:35:42 [motherlode2] Tracking not-yet-stable target at 1244,632 (search 0 ms)
2026-07-22 19:35:42 [motherlode2] FindFilledBlock: found at 1244,632 (27x27 0x00B809 tol=5, 0 ms)
2026-07-22 19:35:42 [motherlode2] Tracking stable target at 1244,632 (cooldown active, search 0 ms)
2026-07-22 19:35:42 [motherlode2] FindFilledBlock: found at 1244,632 (27x27 0x00B809 tol=5, 0 ms)
2026-07-22 19:35:42 [motherlode2] Tracking stable target at 1244,632 (cooldown active, search 0 ms)
2026-07-22 19:35:43 [motherlode2] FindFilledBlock: found at 1244,632 (27x27 0x00B809 tol=5, 0 ms)
2026-07-22 19:35:43 [motherlode2] Tracking stable target at 1244,632 (cooldown active, search 0 ms)
2026-07-22 19:35:43 [motherlode2] FindImage: found at 2219,1121 (C:\Users\link\Documents\GitHub\osrs-automation\Bots\..\Images\pay-dirt.png, 0 ms)
2026-07-22 19:35:43 [motherlode2] Slot 18 confirmed pay-dirt
2026-07-22 19:35:43 [motherlode2] FindFilledBlock: found at 1244,632 (27x27 0x00B809 tol=5, 16 ms)
2026-07-22 19:35:43 [motherlode2] Clicked STABLE target at 1244,632 (search 16 ms)
2026-07-22 19:35:43 [motherlode2] FindFilledBlock: found at 1244,658 (27x27 0x00B809 tol=5, 16 ms)
2026-07-22 19:35:43 [motherlode2] Tracking not-yet-stable target at 1244,658 (search 16 ms)
2026-07-22 19:35:44 [motherlode2] FindFilledBlock: found at 1244,632 (27x27 0x00B809 tol=5, 0 ms)
2026-07-22 19:35:44 [motherlode2] Tracking not-yet-stable target at 1244,632 (search 0 ms)
2026-07-22 19:35:44 [motherlode2] FindFilledBlock: found at 1244,632 (27x27 0x00B809 tol=5, 0 ms)
2026-07-22 19:35:44 [motherlode2] Tracking not-yet-stable target at 1244,632 (search 0 ms)
2026-07-22 19:35:44 [motherlode2] FindFilledBlock: found at 1244,632 (27x27 0x00B809 tol=5, 0 ms)
2026-07-22 19:35:44 [motherlode2] Tracking stable target at 1244,632 (cooldown active, search 0 ms)
2026-07-22 19:35:44 [motherlode2] FindFilledBlock: found at 1244,632 (27x27 0x00B809 tol=5, 0 ms)
2026-07-22 19:35:44 [motherlode2] Tracking stable target at 1244,632 (cooldown active, search 0 ms)
2026-07-22 19:35:44 [motherlode2] FindFilledBlock: found at 1244,632 (27x27 0x00B809 tol=5, 16 ms)
2026-07-22 19:35:44 [motherlode2] Tracking stable target at 1244,632 (cooldown active, search 16 ms)
2026-07-22 19:35:45 [motherlode2] FindFilledBlock: found at 1244,632 (27x27 0x00B809 tol=5, 15 ms)
2026-07-22 19:35:45 [motherlode2] Clicked STABLE target at 1244,632 (search 15 ms)
2026-07-22 19:35:45 [motherlode2] FindFilledBlock: found at 1244,658 (27x27 0x00B809 tol=5, 15 ms)
2026-07-22 19:35:45 [motherlode2] Tracking not-yet-stable target at 1244,658 (search 15 ms)
2026-07-22 19:35:45 [motherlode2] FindFilledBlock: found at 1244,632 (27x27 0x00B809 tol=5, 0 ms)
2026-07-22 19:35:45 [motherlode2] Tracking not-yet-stable target at 1244,632 (search 0 ms)
2026-07-22 19:35:46 [motherlode2] FindFilledBlock: found at 1244,632 (27x27 0x00B809 tol=5, 0 ms)
2026-07-22 19:35:46 [motherlode2] Tracking not-yet-stable target at 1244,632 (search 0 ms)
2026-07-22 19:35:46 [motherlode2] FindFilledBlock: found at 1244,632 (27x27 0x00B809 tol=5, 0 ms)
2026-07-22 19:35:46 [motherlode2] Tracking stable target at 1244,632 (cooldown active, search 0 ms)
2026-07-22 19:35:46 [motherlode2] FindFilledBlock: found at 1244,632 (27x27 0x00B809 tol=5, 0 ms)
2026-07-22 19:35:46 [motherlode2] Tracking stable target at 1244,632 (cooldown active, search 0 ms)
2026-07-22 19:35:46 [motherlode2] FindFilledBlock: found at 1244,632 (27x27 0x00B809 tol=5, 16 ms)
2026-07-22 19:35:46 [motherlode2] Tracking stable target at 1244,632 (cooldown active, search 16 ms)
2026-07-22 19:35:46 [motherlode2] FindFilledBlock: found at 1244,632 (27x27 0x00B809 tol=5, 16 ms)
2026-07-22 19:35:47 [motherlode2] Clicked STABLE target at 1244,632 (search 16 ms)
2026-07-22 19:35:47 [motherlode2] FindFilledBlock: found at 1244,658 (27x27 0x00B809 tol=5, 0 ms)
2026-07-22 19:35:47 [motherlode2] Tracking not-yet-stable target at 1244,658 (search 0 ms)
2026-07-22 19:35:47 [motherlode2] FindFilledBlock: found at 1244,632 (27x27 0x00B809 tol=5, 0 ms)
2026-07-22 19:35:47 [motherlode2] Tracking not-yet-stable target at 1244,632 (search 0 ms)
2026-07-22 19:35:47 [motherlode2] FindFilledBlock: found at 1244,632 (27x27 0x00B809 tol=5, 0 ms)
2026-07-22 19:35:47 [motherlode2] Tracking not-yet-stable target at 1244,632 (search 0 ms)
2026-07-22 19:35:47 [motherlode2] FindFilledBlock: found at 1244,632 (27x27 0x00B809 tol=5, 15 ms)
2026-07-22 19:35:48 [motherlode2] Tracking stable target at 1244,632 (cooldown active, search 15 ms)
2026-07-22 19:35:48 [motherlode2] FindFilledBlock: found at 1244,632 (27x27 0x00B809 tol=5, 0 ms)
2026-07-22 19:35:48 [motherlode2] Tracking stable target at 1244,632 (cooldown active, search 0 ms)
2026-07-22 19:35:48 [motherlode2] FindFilledBlock: found at 1244,632 (27x27 0x00B809 tol=5, 0 ms)
2026-07-22 19:35:48 [motherlode2] Tracking stable target at 1244,632 (cooldown active, search 0 ms)
2026-07-22 19:35:48 [motherlode2] FindImage: found at 2303,1121 (C:\Users\link\Documents\GitHub\osrs-automation\Bots\..\Images\pay-dirt.png, 15 ms)
2026-07-22 19:35:48 [motherlode2] Slot 19 confirmed pay-dirt
2026-07-22 19:35:48 [motherlode2] FindFilledBlock: found at 1244,632 (27x27 0x00B809 tol=5, 16 ms)
2026-07-22 19:35:48 [motherlode2] Clicked STABLE target at 1244,632 (search 16 ms)
2026-07-22 19:35:49 [motherlode2] FindFilledBlock: found at 1244,658 (27x27 0x00B809 tol=5, 0 ms)
2026-07-22 19:35:49 [motherlode2] Tracking not-yet-stable target at 1244,658 (search 0 ms)
2026-07-22 19:35:49 [motherlode2] FindFilledBlock: found at 1244,632 (27x27 0x00B809 tol=5, 0 ms)
2026-07-22 19:35:49 [motherlode2] Tracking not-yet-stable target at 1244,632 (search 0 ms)
2026-07-22 19:35:49 [motherlode2] FindFilledBlock: found at 1244,632 (27x27 0x00B809 tol=5, 0 ms)
2026-07-22 19:35:49 [motherlode2] Tracking not-yet-stable target at 1244,632 (search 0 ms)
2026-07-22 19:35:49 [motherlode2] FindFilledBlock: found at 1244,632 (27x27 0x00B809 tol=5, 0 ms)
2026-07-22 19:35:49 [motherlode2] Tracking stable target at 1244,632 (cooldown active, search 0 ms)
2026-07-22 19:35:49 [motherlode2] FindFilledBlock: found at 1244,632 (27x27 0x00B809 tol=5, 16 ms)
2026-07-22 19:35:49 [motherlode2] Tracking stable target at 1244,632 (cooldown active, search 16 ms)
2026-07-22 19:35:50 [motherlode2] FindFilledBlock: found at 1244,632 (27x27 0x00B809 tol=5, 15 ms)
2026-07-22 19:35:50 [motherlode2] Tracking stable target at 1244,632 (cooldown active, search 15 ms)
2026-07-22 19:35:50 [motherlode2] FindFilledBlock: found at 1244,632 (27x27 0x00B809 tol=5, 15 ms)
2026-07-22 19:35:50 [motherlode2] Clicked STABLE target at 1244,632 (search 15 ms)
2026-07-22 19:35:50 [motherlode2] FindImage: found at 2387,1121 (C:\Users\link\Documents\GitHub\osrs-automation\Bots\..\Images\pay-dirt.png, 0 ms)
2026-07-22 19:35:50 [motherlode2] Slot 20 confirmed pay-dirt
2026-07-22 19:35:50 [motherlode2] FindFilledBlock: found at 1244,658 (27x27 0x00B809 tol=5, 0 ms)
2026-07-22 19:35:50 [motherlode2] Tracking not-yet-stable target at 1244,658 (search 16 ms)
2026-07-22 19:35:51 [motherlode2] FindFilledBlock: found at 1244,632 (27x27 0x00B809 tol=5, 0 ms)
2026-07-22 19:35:51 [motherlode2] Tracking not-yet-stable target at 1244,632 (search 0 ms)
2026-07-22 19:35:51 [motherlode2] FindFilledBlock: found at 1244,632 (27x27 0x00B809 tol=5, 0 ms)
2026-07-22 19:35:51 [motherlode2] Tracking not-yet-stable target at 1244,632 (search 0 ms)
2026-07-22 19:35:51 [motherlode2] FindFilledBlock: found at 1244,632 (27x27 0x00B809 tol=5, 0 ms)
2026-07-22 19:35:51 [motherlode2] Tracking stable target at 1244,632 (cooldown active, search 0 ms)
2026-07-22 19:35:51 [motherlode2] FindFilledBlock: found at 1244,632 (27x27 0x00B809 tol=5, 16 ms)
2026-07-22 19:35:51 [motherlode2] Tracking stable target at 1244,632 (cooldown active, search 16 ms)
2026-07-22 19:35:51 [motherlode2] FindFilledBlock: found at 1244,632 (27x27 0x00B809 tol=5, 16 ms)
2026-07-22 19:35:51 [motherlode2] Tracking stable target at 1244,632 (cooldown active, search 16 ms)
2026-07-22 19:35:52 [motherlode2] FindFilledBlock: found at 1244,632 (27x27 0x00B809 tol=5, 15 ms)
2026-07-22 19:35:52 [motherlode2] Tracking stable target at 1244,632 (cooldown active, search 15 ms)
2026-07-22 19:35:52 [motherlode2] FindImage: found at 2135,1193 (C:\Users\link\Documents\GitHub\osrs-automation\Bots\..\Images\pay-dirt.png, 15 ms)
2026-07-22 19:35:52 [motherlode2] Slot 21 confirmed pay-dirt
2026-07-22 19:35:52 [motherlode2] FindFilledBlock: found at 1244,632 (27x27 0x00B809 tol=5, 16 ms)
2026-07-22 19:35:52 [motherlode2] Clicked STABLE target at 1244,632 (search 16 ms)
2026-07-22 19:35:52 [motherlode2] FindFilledBlock: found at 1244,658 (27x27 0x00B809 tol=5, 0 ms)
2026-07-22 19:35:52 [motherlode2] Tracking not-yet-stable target at 1244,658 (search 0 ms)
2026-07-22 19:35:52 [motherlode2] FindFilledBlock: found at 1244,632 (27x27 0x00B809 tol=5, 0 ms)
2026-07-22 19:35:52 [motherlode2] Tracking not-yet-stable target at 1244,632 (search 0 ms)
2026-07-22 19:35:53 [motherlode2] FindFilledBlock: found at 1244,632 (27x27 0x00B809 tol=5, 0 ms)
2026-07-22 19:35:53 [motherlode2] Tracking not-yet-stable target at 1244,632 (search 0 ms)
2026-07-22 19:35:53 [motherlode2] FindFilledBlock: found at 1244,632 (27x27 0x00B809 tol=5, 0 ms)
2026-07-22 19:35:53 [motherlode2] Tracking stable target at 1244,632 (cooldown active, search 0 ms)
2026-07-22 19:35:53 [motherlode2] FindFilledBlock: found at 1244,632 (27x27 0x00B809 tol=5, 0 ms)
2026-07-22 19:35:53 [motherlode2] Tracking stable target at 1244,632 (cooldown active, search 0 ms)
2026-07-22 19:35:53 [motherlode2] FindFilledBlock: found at 1244,632 (27x27 0x00B809 tol=5, 0 ms)
2026-07-22 19:35:53 [motherlode2] Tracking stable target at 1244,632 (cooldown active, search 0 ms)
2026-07-22 19:35:54 [motherlode2] FindFilledBlock: found at 1244,632 (27x27 0x00B809 tol=5, 0 ms)
2026-07-22 19:35:54 [motherlode2] Clicked STABLE target at 1244,632 (search 0 ms)
2026-07-22 19:35:54 [motherlode2] FindFilledBlock: found at 1244,658 (27x27 0x00B809 tol=5, 0 ms)
2026-07-22 19:35:54 [motherlode2] Tracking not-yet-stable target at 1244,658 (search 0 ms)
2026-07-22 19:35:54 [motherlode2] FindFilledBlock: found at 1244,632 (27x27 0x00B809 tol=5, 16 ms)
2026-07-22 19:35:54 [motherlode2] Tracking not-yet-stable target at 1244,632 (search 16 ms)
2026-07-22 19:35:54 [motherlode2] FindFilledBlock: found at 1244,632 (27x27 0x00B809 tol=5, 0 ms)
2026-07-22 19:35:54 [motherlode2] Tracking not-yet-stable target at 1244,632 (search 0 ms)
2026-07-22 19:35:55 [motherlode2] FindFilledBlock: found at 1244,632 (27x27 0x00B809 tol=5, 0 ms)
2026-07-22 19:35:55 [motherlode2] Tracking stable target at 1244,632 (cooldown active, search 0 ms)
2026-07-22 19:35:55 [motherlode2] FindFilledBlock: found at 1244,632 (27x27 0x00B809 tol=5, 0 ms)
2026-07-22 19:35:55 [motherlode2] Tracking stable target at 1244,632 (cooldown active, search 0 ms)
2026-07-22 19:35:55 [motherlode2] FindFilledBlock: found at 1244,632 (27x27 0x00B809 tol=5, 0 ms)
2026-07-22 19:35:55 [motherlode2] Tracking stable target at 1244,632 (cooldown active, search 0 ms)
2026-07-22 19:35:55 [motherlode2] FindImage: found at 2219,1193 (C:\Users\link\Documents\GitHub\osrs-automation\Bots\..\Images\pay-dirt.png, 16 ms)
2026-07-22 19:35:55 [motherlode2] Slot 22 confirmed pay-dirt
2026-07-22 19:35:55 [motherlode2] FindFilledBlock: found at 1244,632 (27x27 0x00B809 tol=5, 16 ms)
2026-07-22 19:35:56 [motherlode2] Clicked STABLE target at 1244,632 (search 16 ms)
2026-07-22 19:35:56 [motherlode2] FindFilledBlock: found at 1244,658 (27x27 0x00B809 tol=5, 0 ms)
2026-07-22 19:35:56 [motherlode2] Tracking not-yet-stable target at 1244,658 (search 0 ms)
2026-07-22 19:35:56 [motherlode2] FindFilledBlock: found at 1244,632 (27x27 0x00B809 tol=5, 0 ms)
2026-07-22 19:35:56 [motherlode2] Tracking not-yet-stable target at 1244,632 (search 0 ms)
2026-07-22 19:35:56 [motherlode2] FindFilledBlock: found at 1244,632 (27x27 0x00B809 tol=5, 15 ms)
2026-07-22 19:35:56 [motherlode2] Tracking not-yet-stable target at 1244,632 (search 15 ms)
2026-07-22 19:35:56 [motherlode2] FindFilledBlock: found at 1244,632 (27x27 0x00B809 tol=5, 0 ms)
2026-07-22 19:35:56 [motherlode2] Tracking stable target at 1244,632 (cooldown active, search 0 ms)
2026-07-22 19:35:57 [motherlode2] FindFilledBlock: found at 1244,632 (27x27 0x00B809 tol=5, 0 ms)
2026-07-22 19:35:57 [motherlode2] Tracking stable target at 1244,632 (cooldown active, search 0 ms)
2026-07-22 19:35:57 [motherlode2] FindFilledBlock: found at 1244,632 (27x27 0x00B809 tol=5, 16 ms)
2026-07-22 19:35:57 [motherlode2] Tracking stable target at 1244,632 (cooldown active, search 16 ms)
2026-07-22 19:35:57 [motherlode2] FindFilledBlock: found at 1244,632 (27x27 0x00B809 tol=5, 15 ms)
2026-07-22 19:35:57 [motherlode2] Clicked STABLE target at 1244,632 (search 15 ms)
2026-07-22 19:35:57 [motherlode2] FindImage: found at 2303,1193 (C:\Users\link\Documents\GitHub\osrs-automation\Bots\..\Images\pay-dirt.png, 15 ms)
2026-07-22 19:35:58 [motherlode2] Slot 23 confirmed pay-dirt
2026-07-22 19:35:58 [motherlode2] FindFilledBlock: found at 1244,658 (27x27 0x00B809 tol=5, 16 ms)
2026-07-22 19:35:58 [motherlode2] Tracking not-yet-stable target at 1244,658 (search 16 ms)
2026-07-22 19:35:58 [motherlode2] FindFilledBlock: found at 1244,632 (27x27 0x00B809 tol=5, 0 ms)
2026-07-22 19:35:58 [motherlode2] Tracking not-yet-stable target at 1244,632 (search 0 ms)
2026-07-22 19:35:58 [motherlode2] FindFilledBlock: found at 1244,632 (27x27 0x00B809 tol=5, 0 ms)
2026-07-22 19:35:58 [motherlode2] Tracking not-yet-stable target at 1244,632 (search 0 ms)
2026-07-22 19:35:58 [motherlode2] FindFilledBlock: found at 1244,632 (27x27 0x00B809 tol=5, 0 ms)
2026-07-22 19:35:58 [motherlode2] Tracking stable target at 1244,632 (cooldown active, search 0 ms)
2026-07-22 19:35:58 [motherlode2] FindFilledBlock: found at 1244,632 (27x27 0x00B809 tol=5, 16 ms)
2026-07-22 19:35:58 [motherlode2] Tracking stable target at 1244,632 (cooldown active, search 16 ms)
2026-07-22 19:35:59 [motherlode2] FindFilledBlock: found at 1244,632 (27x27 0x00B809 tol=5, 15 ms)
2026-07-22 19:35:59 [motherlode2] Tracking stable target at 1244,632 (cooldown active, search 15 ms)
2026-07-22 19:35:59 [motherlode2] FindFilledBlock: found at 1244,632 (27x27 0x00B809 tol=5, 0 ms)
2026-07-22 19:35:59 [motherlode2] Tracking stable target at 1244,632 (cooldown active, search 0 ms)
2026-07-22 19:35:59 [motherlode2] FindFilledBlock: found at 1244,632 (27x27 0x00B809 tol=5, 16 ms)
2026-07-22 19:35:59 [motherlode2] Clicked STABLE target at 1244,632 (search 16 ms)
2026-07-22 19:35:59 [motherlode2] FindFilledBlock: found at 1244,658 (27x27 0x00B809 tol=5, 0 ms)
2026-07-22 19:35:59 [motherlode2] Tracking not-yet-stable target at 1244,658 (search 15 ms)
2026-07-22 19:36:00 [motherlode2] FindFilledBlock: found at 1244,632 (27x27 0x00B809 tol=5, 15 ms)
2026-07-22 19:36:00 [motherlode2] Tracking not-yet-stable target at 1244,632 (search 15 ms)
2026-07-22 19:36:00 [motherlode2] FindFilledBlock: found at 1244,632 (27x27 0x00B809 tol=5, 0 ms)
2026-07-22 19:36:00 [motherlode2] Tracking not-yet-stable target at 1244,632 (search 0 ms)
2026-07-22 19:36:00 [motherlode2] FindFilledBlock: found at 1244,632 (27x27 0x00B809 tol=5, 15 ms)
2026-07-22 19:36:00 [motherlode2] Tracking stable target at 1244,632 (cooldown active, search 15 ms)
2026-07-22 19:36:00 [motherlode2] FindFilledBlock: found at 1244,632 (27x27 0x00B809 tol=5, 0 ms)
2026-07-22 19:36:00 [motherlode2] Tracking stable target at 1244,632 (cooldown active, search 0 ms)
2026-07-22 19:36:01 [motherlode2] FindFilledBlock: found at 1244,632 (27x27 0x00B809 tol=5, 0 ms)
2026-07-22 19:36:01 [motherlode2] Tracking stable target at 1244,632 (cooldown active, search 0 ms)
2026-07-22 19:36:01 [motherlode2] FindFilledBlock: found at 1244,632 (27x27 0x00B809 tol=5, 16 ms)
2026-07-22 19:36:01 [motherlode2] Clicked STABLE target at 1244,632 (search 16 ms)
2026-07-22 19:36:01 [motherlode2] FindFilledBlock: found at 1244,658 (27x27 0x00B809 tol=5, 16 ms)
2026-07-22 19:36:01 [motherlode2] Tracking not-yet-stable target at 1244,658 (search 16 ms)
2026-07-22 19:36:01 [motherlode2] FindFilledBlock: found at 1244,632 (27x27 0x00B809 tol=5, 0 ms)
2026-07-22 19:36:01 [motherlode2] Tracking not-yet-stable target at 1244,632 (search 0 ms)
2026-07-22 19:36:02 [motherlode2] FindFilledBlock: found at 1244,632 (27x27 0x00B809 tol=5, 0 ms)
2026-07-22 19:36:02 [motherlode2] Tracking not-yet-stable target at 1244,632 (search 0 ms)
2026-07-22 19:36:02 [motherlode2] FindFilledBlock: found at 1244,632 (27x27 0x00B809 tol=5, 0 ms)
2026-07-22 19:36:02 [motherlode2] Tracking stable target at 1244,632 (cooldown active, search 0 ms)
2026-07-22 19:36:02 [motherlode2] FindFilledBlock: found at 1244,632 (27x27 0x00B809 tol=5, 0 ms)
2026-07-22 19:36:02 [motherlode2] Tracking stable target at 1244,632 (cooldown active, search 0 ms)
2026-07-22 19:36:02 [motherlode2] FindFilledBlock: found at 1244,632 (27x27 0x00B809 tol=5, 16 ms)
2026-07-22 19:36:02 [motherlode2] Tracking stable target at 1244,632 (cooldown active, search 16 ms)
2026-07-22 19:36:02 [motherlode2] FindFilledBlock: found at 1244,632 (27x27 0x00B809 tol=5, 16 ms)
2026-07-22 19:36:02 [motherlode2] Tracking stable target at 1244,632 (cooldown active, search 16 ms)
2026-07-22 19:36:03 [motherlode2] FindFilledBlock: found at 1244,632 (27x27 0x00B809 tol=5, 0 ms)
2026-07-22 19:36:03 [motherlode2] Clicked STABLE target at 1244,632 (search 0 ms)
2026-07-22 19:36:03 [motherlode2] FindFilledBlock: found at 1244,658 (27x27 0x00B809 tol=5, 0 ms)
2026-07-22 19:36:03 [motherlode2] Tracking not-yet-stable target at 1244,658 (search 0 ms)
2026-07-22 19:36:03 [motherlode2] FindFilledBlock: found at 1244,632 (27x27 0x00B809 tol=5, 0 ms)
2026-07-22 19:36:03 [motherlode2] Tracking not-yet-stable target at 1244,632 (search 0 ms)
2026-07-22 19:36:04 [motherlode2] FindFilledBlock: found at 1244,632 (27x27 0x00B809 tol=5, 16 ms)
2026-07-22 19:36:04 [motherlode2] Tracking not-yet-stable target at 1244,632 (search 16 ms)
2026-07-22 19:36:04 [motherlode2] FindFilledBlock: found at 1244,632 (27x27 0x00B809 tol=5, 15 ms)
2026-07-22 19:36:04 [motherlode2] Tracking stable target at 1244,632 (cooldown active, search 15 ms)
2026-07-22 19:36:04 [motherlode2] FindFilledBlock: found at 1244,632 (27x27 0x00B809 tol=5, 15 ms)
2026-07-22 19:36:04 [motherlode2] Tracking stable target at 1244,632 (cooldown active, search 15 ms)
2026-07-22 19:36:04 [motherlode2] FindFilledBlock: found at 1244,632 (27x27 0x00B809 tol=5, 0 ms)
2026-07-22 19:36:04 [motherlode2] Tracking stable target at 1244,632 (cooldown active, search 0 ms)
2026-07-22 19:36:04 [motherlode2] FindFilledBlock: found at 1244,632 (27x27 0x00B809 tol=5, 0 ms)
2026-07-22 19:36:04 [motherlode2] Tracking stable target at 1244,632 (cooldown active, search 0 ms)
2026-07-22 19:36:05 [motherlode2] FindFilledBlock: found at 1244,632 (27x27 0x00B809 tol=5, 0 ms)
2026-07-22 19:36:05 [motherlode2] Clicked STABLE target at 1244,632 (search 0 ms)
2026-07-22 19:36:05 [motherlode2] FindFilledBlock: found at 1244,658 (27x27 0x00B809 tol=5, 15 ms)
2026-07-22 19:36:05 [motherlode2] Tracking not-yet-stable target at 1244,658 (search 15 ms)
2026-07-22 19:36:05 [motherlode2] FindFilledBlock: found at 1244,632 (27x27 0x00B809 tol=5, 0 ms)
2026-07-22 19:36:05 [motherlode2] Tracking not-yet-stable target at 1244,632 (search 0 ms)
2026-07-22 19:36:06 [motherlode2] FindFilledBlock: found at 1244,632 (27x27 0x00B809 tol=5, 15 ms)
2026-07-22 19:36:06 [motherlode2] Tracking not-yet-stable target at 1244,632 (search 15 ms)
2026-07-22 19:36:06 [motherlode2] FindFilledBlock: found at 1244,632 (27x27 0x00B809 tol=5, 0 ms)
2026-07-22 19:36:06 [motherlode2] Tracking stable target at 1244,632 (cooldown active, search 0 ms)
2026-07-22 19:36:06 [motherlode2] FindFilledBlock: found at 1244,632 (27x27 0x00B809 tol=5, 0 ms)
2026-07-22 19:36:06 [motherlode2] Tracking stable target at 1244,632 (cooldown active, search 0 ms)
2026-07-22 19:36:06 [motherlode2] FindFilledBlock: found at 1238,632 (27x27 0x00B809 tol=5, 15 ms)
2026-07-22 19:36:06 [motherlode2] Tracking not-yet-stable target at 1238,632 (search 15 ms)
2026-07-22 19:36:06 [motherlode2] FindFilledBlock: found at 1238,632 (27x27 0x00B809 tol=5, 16 ms)
2026-07-22 19:36:06 [motherlode2] Tracking not-yet-stable target at 1238,632 (search 16 ms)
2026-07-22 19:36:07 [motherlode2] FindFilledBlock: found at 1238,632 (27x27 0x00B809 tol=5, 16 ms)
2026-07-22 19:36:07 [motherlode2] Clicked STABLE target at 1238,632 (search 16 ms)
2026-07-22 19:36:07 [motherlode2] FindFilledBlock: found at 1240,658 (27x27 0x00B809 tol=5, 0 ms)
2026-07-22 19:36:07 [motherlode2] Tracking not-yet-stable target at 1240,658 (search 0 ms)
2026-07-22 19:36:07 [motherlode2] FindFilledBlock: found at 1238,632 (27x27 0x00B809 tol=5, 0 ms)
2026-07-22 19:36:07 [motherlode2] Tracking not-yet-stable target at 1238,632 (search 0 ms)
2026-07-22 19:36:08 [motherlode2] FindFilledBlock: found at 1238,632 (27x27 0x00B809 tol=5, 0 ms)
2026-07-22 19:36:08 [motherlode2] Tracking not-yet-stable target at 1238,632 (search 0 ms)
2026-07-22 19:36:08 [motherlode2] FindFilledBlock: found at 1238,632 (27x27 0x00B809 tol=5, 0 ms)
2026-07-22 19:36:08 [motherlode2] Tracking stable target at 1238,632 (cooldown active, search 0 ms)
2026-07-22 19:36:08 [motherlode2] FindFilledBlock: found at 1238,632 (27x27 0x00B809 tol=5, 16 ms)
2026-07-22 19:36:08 [motherlode2] Tracking stable target at 1238,632 (cooldown active, search 16 ms)
2026-07-22 19:36:08 [motherlode2] FindFilledBlock: found at 1238,632 (27x27 0x00B809 tol=5, 0 ms)
2026-07-22 19:36:08 [motherlode2] Tracking stable target at 1238,632 (cooldown active, search 0 ms)
2026-07-22 19:36:08 [motherlode2] FindFilledBlock: found at 1238,632 (27x27 0x00B809 tol=5, 15 ms)
2026-07-22 19:36:09 [motherlode2] Clicked STABLE target at 1238,632 (search 15 ms)
2026-07-22 19:36:09 [motherlode2] FindFilledBlock: found at 1240,658 (27x27 0x00B809 tol=5, 15 ms)
2026-07-22 19:36:09 [motherlode2] Tracking not-yet-stable target at 1240,658 (search 15 ms)
2026-07-22 19:36:09 [motherlode2] FindFilledBlock: found at 1238,632 (27x27 0x00B809 tol=5, 0 ms)
2026-07-22 19:36:09 [motherlode2] Tracking not-yet-stable target at 1238,632 (search 0 ms)
2026-07-22 19:36:09 [motherlode2] FindFilledBlock: found at 1238,632 (27x27 0x00B809 tol=5, 0 ms)
2026-07-22 19:36:09 [motherlode2] Tracking not-yet-stable target at 1238,632 (search 0 ms)
2026-07-22 19:36:09 [motherlode2] FindFilledBlock: found at 1238,632 (27x27 0x00B809 tol=5, 0 ms)
2026-07-22 19:36:09 [motherlode2] Tracking stable target at 1238,632 (cooldown active, search 0 ms)
2026-07-22 19:36:10 [motherlode2] FindFilledBlock: found at 1238,632 (27x27 0x00B809 tol=5, 0 ms)
2026-07-22 19:36:10 [motherlode2] Tracking stable target at 1238,632 (cooldown active, search 0 ms)
2026-07-22 19:36:10 [motherlode2] FindImage: found at 2387,1193 (C:\Users\link\Documents\GitHub\osrs-automation\Bots\..\Images\pay-dirt.png, 0 ms)
2026-07-22 19:36:10 [motherlode2] Slot 24 confirmed pay-dirt
2026-07-22 19:36:10 [motherlode2] FindFilledBlock: not found (27x27 0x00B809 tol=5, 0 ms)
2026-07-22 19:36:10 [motherlode2] Target depleted or lost - re-acquiring (searched 0 ms)
2026-07-22 19:36:10 [motherlode2] FindFilledBlock: not found (27x27 0x00FF00 tol=5, 16 ms)
2026-07-22 19:36:10 [motherlode2] FindFilledBlock: found at 1324,654 (27x27 0x00B809 tol=5, 0 ms)
2026-07-22 19:36:10 [motherlode2] Acquired new target at 1324,654 (0x00B809, ring 90, 31 ms)
2026-07-22 19:36:10 [motherlode2] FindFilledBlock: found at 1328,632 (27x27 0x00B809 tol=5, 0 ms)
2026-07-22 19:36:11 [motherlode2] Clicked initial/re-click target at 1328,632 (search 0 ms)
2026-07-22 19:36:11 [motherlode2] FindFilledBlock: found at 1324,658 (27x27 0x00B809 tol=5, 0 ms)
2026-07-22 19:36:11 [motherlode2] Tracking not-yet-stable target at 1324,658 (search 0 ms)
2026-07-22 19:36:11 [motherlode2] FindFilledBlock: found at 1326,632 (27x27 0x00B809 tol=5, 15 ms)
2026-07-22 19:36:11 [motherlode2] Tracking not-yet-stable target at 1326,632 (search 15 ms)
2026-07-22 19:36:11 [motherlode2] FindFilledBlock: found at 1318,632 (27x27 0x00B809 tol=5, 16 ms)
2026-07-22 19:36:11 [motherlode2] Tracking not-yet-stable target at 1318,632 (search 16 ms)
2026-07-22 19:36:11 [motherlode2] FindFilledBlock: found at 1300,632 (27x27 0x00B809 tol=5, 15 ms)
2026-07-22 19:36:11 [motherlode2] Tracking not-yet-stable target at 1300,632 (search 15 ms)
2026-07-22 19:36:12 [motherlode2] FindFilledBlock: found at 1276,632 (27x27 0x00B809 tol=5, 16 ms)
2026-07-22 19:36:12 [motherlode2] Tracking not-yet-stable target at 1276,632 (search 16 ms)
2026-07-22 19:36:12 [motherlode2] FindFilledBlock: found at 1260,632 (27x27 0x00B809 tol=5, 15 ms)
2026-07-22 19:36:12 [motherlode2] Tracking not-yet-stable target at 1260,632 (search 15 ms)
2026-07-22 19:36:12 [motherlode2] FindFilledBlock: found at 1248,632 (27x27 0x00B809 tol=5, 16 ms)
2026-07-22 19:36:12 [motherlode2] Tracking not-yet-stable target at 1248,632 (search 16 ms)
2026-07-22 19:36:12 [motherlode2] FindFilledBlock: found at 1244,632 (27x27 0x00B809 tol=5, 0 ms)
2026-07-22 19:36:12 [motherlode2] Tracking not-yet-stable target at 1244,632 (search 0 ms)
2026-07-22 19:36:12 [motherlode2] FindFilledBlock: found at 1242,632 (27x27 0x00B809 tol=5, 0 ms)
2026-07-22 19:36:13 [motherlode2] Clicked STABLE target at 1242,632 (search 0 ms)
2026-07-22 19:36:13 [motherlode2] FindFilledBlock: found at 1242,658 (27x27 0x00B809 tol=5, 0 ms)
2026-07-22 19:36:13 [motherlode2] Tracking not-yet-stable target at 1242,658 (search 0 ms)
2026-07-22 19:36:13 [motherlode2] FindFilledBlock: found at 1240,632 (27x27 0x00B809 tol=5, 0 ms)
2026-07-22 19:36:13 [motherlode2] Tracking not-yet-stable target at 1240,632 (search 0 ms)
2026-07-22 19:36:13 [motherlode2] FindFilledBlock: found at 1240,632 (27x27 0x00B809 tol=5, 15 ms)
2026-07-22 19:36:13 [motherlode2] Tracking not-yet-stable target at 1240,632 (search 15 ms)
2026-07-22 19:36:14 [motherlode2] FindFilledBlock: found at 1238,632 (27x27 0x00B809 tol=5, 15 ms)
2026-07-22 19:36:14 [motherlode2] Tracking stable target at 1238,632 (cooldown active, search 15 ms)
2026-07-22 19:36:14 [motherlode2] FindFilledBlock: found at 1238,632 (27x27 0x00B809 tol=5, 0 ms)
2026-07-22 19:36:14 [motherlode2] Tracking stable target at 1238,632 (cooldown active, search 0 ms)
2026-07-22 19:36:14 [motherlode2] FindImage: found at 2135,1265 (C:\Users\link\Documents\GitHub\osrs-automation\Bots\..\Images\pay-dirt.png, 16 ms)
2026-07-22 19:36:14 [motherlode2] Slot 25 confirmed pay-dirt
2026-07-22 19:36:14 [motherlode2] FindFilledBlock: found at 1238,632 (27x27 0x00B809 tol=5, 16 ms)
2026-07-22 19:36:14 [motherlode2] Tracking stable target at 1238,632 (cooldown active, search 16 ms)
2026-07-22 19:36:14 [motherlode2] FindImage: found at 2219,1265 (C:\Users\link\Documents\GitHub\osrs-automation\Bots\..\Images\pay-dirt.png, 0 ms)
2026-07-22 19:36:14 [motherlode2] Slot 26 confirmed pay-dirt
2026-07-22 19:36:14 [motherlode2] FindFilledBlock: found at 1238,632 (27x27 0x00B809 tol=5, 0 ms)
2026-07-22 19:36:14 [motherlode2] Clicked STABLE target at 1238,632 (search 15 ms)
2026-07-22 19:36:15 [motherlode2] FindImage: found at 2303,1265 (C:\Users\link\Documents\GitHub\osrs-automation\Bots\..\Images\pay-dirt.png, 0 ms)
2026-07-22 19:36:15 [motherlode2] Slot 27 confirmed pay-dirt
2026-07-22 19:36:15 [motherlode2] FindFilledBlock: found at 1240,658 (27x27 0x00B809 tol=5, 0 ms)
2026-07-22 19:36:15 [motherlode2] Tracking not-yet-stable target at 1240,658 (search 0 ms)
2026-07-22 19:36:15 [motherlode2] FindImage: found at 2387,1265 (C:\Users\link\Documents\GitHub\osrs-automation\Bots\..\Images\pay-dirt.png, 0 ms)
2026-07-22 19:36:15 [motherlode2] Slot 28 confirmed pay-dirt
2026-07-22 19:36:15 [motherlode2] TrackAndClick: until-condition met (80828 ms total)
2026-07-22 19:36:15 [motherlode2] Inventory full - depositing into hopper (cycle 1/1)
2026-07-22 19:36:15 [motherlode2] Hopper: depositing (first wait 15000ms, then re-clicking every 1500ms until clear, up to 600000ms total)
2026-07-22 19:36:15 [motherlode2] Hopper: waiting for hopper marker
2026-07-22 19:36:15 [motherlode2] FindFilledBlock: found at 984,506 (27x27 0xC9FFC4 tol=5, 62 ms)
2026-07-22 19:36:15 [motherlode2] Hopper: clicking hopper marker at 984,506
2026-07-22 19:36:19 [motherlode2] Hopper: inventory cleared - settling 600ms before continuing
2026-07-22 19:36:20 [motherlode2] GoToSackArea: waiting for entrance marker
2026-07-22 19:36:20 [motherlode2] FindFilledBlock: found at 1194,584 (27x27 0x5676FF tol=5, 63 ms)
2026-07-22 19:36:20 [motherlode2] GoToSackArea: clicking entrance marker at 1194,584
2026-07-22 19:36:20 [motherlode2] GoToSackArea: waiting for arrival
2026-07-22 19:36:20 [motherlode2] FindFilledBlock: not found (27x27 0x00FF00 tol=5, 16 ms)
2026-07-22 19:36:21 [motherlode2] FindFilledBlock: not found (27x27 0x00FF00 tol=5, 15 ms)
2026-07-22 19:36:21 [motherlode2] FindFilledBlock: not found (27x27 0x00FF00 tol=5, 16 ms)
2026-07-22 19:36:21 [motherlode2] FindFilledBlock: not found (27x27 0x00FF00 tol=5, 15 ms)
2026-07-22 19:36:21 [motherlode2] FindFilledBlock: not found (27x27 0x00FF00 tol=5, 0 ms)
2026-07-22 19:36:21 [motherlode2] FindFilledBlock: not found (27x27 0x00FF00 tol=5, 15 ms)
2026-07-22 19:36:22 [motherlode2] FindFilledBlock: not found (27x27 0x00FF00 tol=5, 0 ms)
2026-07-22 19:36:22 [motherlode2] FindFilledBlock: not found (27x27 0x00FF00 tol=5, 16 ms)
2026-07-22 19:36:22 [motherlode2] FindFilledBlock: not found (27x27 0x00FF00 tol=5, 0 ms)
2026-07-22 19:36:22 [motherlode2] FindFilledBlock: not found (27x27 0x00FF00 tol=5, 0 ms)
2026-07-22 19:36:22 [motherlode2] FindFilledBlock: not found (27x27 0x00FF00 tol=5, 16 ms)
2026-07-22 19:36:22 [motherlode2] FindFilledBlock: not found (27x27 0x00FF00 tol=5, 15 ms)
2026-07-22 19:36:23 [motherlode2] FindFilledBlock: not found (27x27 0x00FF00 tol=5, 16 ms)
2026-07-22 19:36:23 [motherlode2] FindFilledBlock: not found (27x27 0x00FF00 tol=5, 0 ms)
2026-07-22 19:36:23 [motherlode2] FindFilledBlock: not found (27x27 0x00FF00 tol=5, 0 ms)
2026-07-22 19:36:23 [motherlode2] FindFilledBlock: not found (27x27 0x00FF00 tol=5, 0 ms)
2026-07-22 19:36:23 [motherlode2] FindFilledBlock: not found (27x27 0x00FF00 tol=5, 16 ms)
2026-07-22 19:36:24 [motherlode2] FindFilledBlock: not found (27x27 0x00FF00 tol=5, 16 ms)
2026-07-22 19:36:24 [motherlode2] FindFilledBlock: found at 1586,428 (27x27 0x00FF00 tol=5, 16 ms)
2026-07-22 19:36:24 [motherlode2] FindFilledBlock: found at 1590,444 (27x27 0x00FF00 tol=5, 16 ms)
2026-07-22 19:36:24 [motherlode2] GoToSackArea: arrived
2026-07-22 19:36:24 [motherlode2] Sack/bank cycle 1/1
2026-07-22 19:36:24 [motherlode2] Sack: withdrawing (first wait 7500ms, then re-clicking every 1500ms until slots 2/3/4 fill)
2026-07-22 19:36:24 [motherlode2] Sack: waiting for sack
2026-07-22 19:36:24 [motherlode2] FindImage: found at 1477,299 (C:\Users\link\Documents\GitHub\osrs-automation\Bots\..\Images\sack.png, 62 ms)
2026-07-22 19:36:24 [motherlode2] Sack: clicking sack at 1477,299
2026-07-22 19:36:24 [motherlode2] Sack: settling 600ms before checking slots 2/3/4
2026-07-22 19:36:29 [motherlode2] Sack: waiting for deposit-box marker
2026-07-22 19:36:29 [motherlode2] FindFilledBlock: found at 778,860 (31x31 0xFF00FF tol=5, 62 ms)
2026-07-22 19:36:29 [motherlode2] Sack: clicking deposit-box marker at 778,892
2026-07-22 19:36:29 [motherlode2] Sack: waiting for deposit box
2026-07-22 19:36:29 [motherlode2] FindImage: not found (C:\Users\link\Documents\GitHub\osrs-automation\Bots\..\Images\deposit-motherlode.png, 78 ms)
2026-07-22 19:36:30 [motherlode2] FindImage: not found (C:\Users\link\Documents\GitHub\osrs-automation\Bots\..\Images\deposit-motherlode.png, 78 ms)
2026-07-22 19:36:30 [motherlode2] FindImage: not found (C:\Users\link\Documents\GitHub\osrs-automation\Bots\..\Images\deposit-motherlode.png, 93 ms)
2026-07-22 19:36:30 [motherlode2] FindImage: not found (C:\Users\link\Documents\GitHub\osrs-automation\Bots\..\Images\deposit-motherlode.png, 62 ms)
2026-07-22 19:36:30 [motherlode2] FindImage: not found (C:\Users\link\Documents\GitHub\osrs-automation\Bots\..\Images\deposit-motherlode.png, 63 ms)
2026-07-22 19:36:31 [motherlode2] FindImage: not found (C:\Users\link\Documents\GitHub\osrs-automation\Bots\..\Images\deposit-motherlode.png, 62 ms)
2026-07-22 19:36:31 [motherlode2] FindImage: not found (C:\Users\link\Documents\GitHub\osrs-automation\Bots\..\Images\deposit-motherlode.png, 78 ms)
2026-07-22 19:36:31 [motherlode2] FindImage: not found (C:\Users\link\Documents\GitHub\osrs-automation\Bots\..\Images\deposit-motherlode.png, 78 ms)
2026-07-22 19:36:31 [motherlode2] FindImage: not found (C:\Users\link\Documents\GitHub\osrs-automation\Bots\..\Images\deposit-motherlode.png, 78 ms)
2026-07-22 19:36:32 [motherlode2] FindImage: not found (C:\Users\link\Documents\GitHub\osrs-automation\Bots\..\Images\deposit-motherlode.png, 78 ms)
2026-07-22 19:36:32 [motherlode2] FindImage: not found (C:\Users\link\Documents\GitHub\osrs-automation\Bots\..\Images\deposit-motherlode.png, 94 ms)
2026-07-22 19:36:32 [motherlode2] FindImage: not found (C:\Users\link\Documents\GitHub\osrs-automation\Bots\..\Images\deposit-motherlode.png, 78 ms)
2026-07-22 19:36:32 [motherlode2] FindImage: not found (C:\Users\link\Documents\GitHub\osrs-automation\Bots\..\Images\deposit-motherlode.png, 93 ms)
2026-07-22 19:36:33 [motherlode2] FindImage: found at 815,801 (C:\Users\link\Documents\GitHub\osrs-automation\Bots\..\Images\deposit-motherlode.png, 62 ms)
2026-07-22 19:36:33 [motherlode2] Sack: clicking deposit box at 815,801
2026-07-22 19:36:33 [motherlode2] Sack: waiting for inventory to confirm the deposit
2026-07-22 19:36:33 [motherlode2] Sack: deposit confirmed
2026-07-22 19:36:33 [motherlode2] ReturnToMine: waiting for exit marker
2026-07-22 19:36:33 [motherlode2] FindFilledBlock: found at 1386,1164 (11x7 0x0000FF tol=5, 0 ms)
2026-07-22 19:36:33 [motherlode2] ReturnToMine: clicking exit marker at 1393,1164
2026-07-22 19:36:34 [motherlode2] ReturnToMine: waiting for arrival
2026-07-22 19:36:34 [motherlode2] FindFilledBlock: not found (11x11 0xFFFF00 tol=5, 0 ms)
2026-07-22 19:36:34 [motherlode2] FindFilledBlock: not found (11x11 0xFFFF00 tol=5, 16 ms)
2026-07-22 19:36:34 [motherlode2] FindFilledBlock: not found (11x11 0xFFFF00 tol=5, 15 ms)
2026-07-22 19:36:34 [motherlode2] FindFilledBlock: not found (11x11 0xFFFF00 tol=5, 16 ms)
2026-07-22 19:36:34 [motherlode2] FindFilledBlock: not found (11x11 0xFFFF00 tol=5, 15 ms)
2026-07-22 19:36:35 [motherlode2] FindFilledBlock: not found (11x11 0xFFFF00 tol=5, 0 ms)
2026-07-22 19:36:35 [motherlode2] FindFilledBlock: not found (11x11 0xFFFF00 tol=5, 0 ms)
2026-07-22 19:36:35 [motherlode2] FindFilledBlock: not found (11x11 0xFFFF00 tol=5, 0 ms)
2026-07-22 19:36:35 [motherlode2] FindFilledBlock: not found (11x11 0xFFFF00 tol=5, 0 ms)
2026-07-22 19:36:35 [motherlode2] FindFilledBlock: not found (11x11 0xFFFF00 tol=5, 16 ms)
2026-07-22 19:36:35 [motherlode2] FindFilledBlock: not found (11x11 0xFFFF00 tol=5, 16 ms)
2026-07-22 19:36:36 [motherlode2] FindFilledBlock: not found (11x11 0xFFFF00 tol=5, 16 ms)
2026-07-22 19:36:36 [motherlode2] FindFilledBlock: not found (11x11 0xFFFF00 tol=5, 16 ms)
2026-07-22 19:36:36 [motherlode2] FindFilledBlock: not found (11x11 0xFFFF00 tol=5, 16 ms)
2026-07-22 19:36:36 [motherlode2] FindFilledBlock: not found (11x11 0xFFFF00 tol=5, 0 ms)
2026-07-22 19:36:36 [motherlode2] FindFilledBlock: not found (11x11 0xFFFF00 tol=5, 0 ms)
2026-07-22 19:36:37 [motherlode2] FindFilledBlock: not found (11x11 0xFFFF00 tol=5, 0 ms)
2026-07-22 19:36:37 [motherlode2] FindFilledBlock: not found (11x11 0xFFFF00 tol=5, 0 ms)
2026-07-22 19:36:37 [motherlode2] FindFilledBlock: not found (11x11 0xFFFF00 tol=5, 16 ms)
2026-07-22 19:36:37 [motherlode2] FindFilledBlock: not found (11x11 0xFFFF00 tol=5, 16 ms)
2026-07-22 19:36:37 [motherlode2] FindFilledBlock: not found (11x11 0xFFFF00 tol=5, 16 ms)
2026-07-22 19:36:37 [motherlode2] FindFilledBlock: not found (11x11 0xFFFF00 tol=5, 16 ms)
2026-07-22 19:36:38 [motherlode2] FindFilledBlock: not found (11x11 0xFFFF00 tol=5, 16 ms)
2026-07-22 19:36:38 [motherlode2] FindFilledBlock: not found (11x11 0xFFFF00 tol=5, 16 ms)
2026-07-22 19:36:38 [motherlode2] FindFilledBlock: not found (11x11 0xFFFF00 tol=5, 0 ms)
2026-07-22 19:36:38 [motherlode2] FindFilledBlock: not found (11x11 0xFFFF00 tol=5, 0 ms)
2026-07-22 19:36:38 [motherlode2] FindFilledBlock: not found (11x11 0xFFFF00 tol=5, 0 ms)
2026-07-22 19:36:39 [motherlode2] FindFilledBlock: not found (11x11 0xFFFF00 tol=5, 0 ms)
2026-07-22 19:36:39 [motherlode2] FindFilledBlock: not found (11x11 0xFFFF00 tol=5, 0 ms)
2026-07-22 19:36:39 [motherlode2] FindFilledBlock: not found (11x11 0xFFFF00 tol=5, 16 ms)
2026-07-22 19:36:39 [motherlode2] FindFilledBlock: not found (11x11 0xFFFF00 tol=5, 16 ms)
2026-07-22 19:36:39 [motherlode2] FindFilledBlock: not found (11x11 0xFFFF00 tol=5, 16 ms)
2026-07-22 19:36:39 [motherlode2] FindFilledBlock: not found (11x11 0xFFFF00 tol=5, 0 ms)
2026-07-22 19:36:40 [motherlode2] FindFilledBlock: not found (11x11 0xFFFF00 tol=5, 0 ms)
2026-07-22 19:36:40 [motherlode2] FindFilledBlock: not found (11x11 0xFFFF00 tol=5, 0 ms)
2026-07-22 19:36:40 [motherlode2] FindFilledBlock: not found (11x11 0xFFFF00 tol=5, 0 ms)
2026-07-22 19:36:40 [motherlode2] FindFilledBlock: not found (11x11 0xFFFF00 tol=5, 16 ms)
2026-07-22 19:36:40 [motherlode2] FindFilledBlock: found at 846,1308 (11x11 0xFFFF00 tol=5, 16 ms)
2026-07-22 19:36:40 [motherlode2] ReturnToMine: arrived
2026-07-22 19:36:40 [motherlode2] FindFilledBlock: not found (27x27 0x00FF00 tol=5, 0 ms)
2026-07-22 19:36:40 [motherlode2] FindFilledBlock: not found (27x27 0x00B809 tol=5, 15 ms)
2026-07-22 19:36:40 [motherlode2] Acquire ring 90: not found (15 ms)
2026-07-22 19:36:40 [motherlode2] FindFilledBlock: not found (27x27 0x00FF00 tol=5, 16 ms)
2026-07-22 19:36:40 [motherlode2] FindFilledBlock: not found (27x27 0x00B809 tol=5, 16 ms)
2026-07-22 19:36:40 [motherlode2] Acquire ring 270: not found (32 ms)
2026-07-22 19:36:40 [motherlode2] FindFilledBlock: found at 1548,1024 (27x27 0x00FF00 tol=5, 63 ms)
2026-07-22 19:36:41 [motherlode2] FindFilledBlock: found at 1650,1024 (27x27 0x00B809 tol=5, 62 ms)
2026-07-22 19:36:41 [motherlode2] Acquired new target at 1548,1024 (0x00FF00, whole screen, 187 ms)
2026-07-22 19:36:41 [motherlode2] FindFilledBlock: found at 1548,1024 (27x27 0x00FF00 tol=5, 16 ms)
2026-07-22 19:36:41 [motherlode2] Clicked initial/re-click target at 1548,1024 (search 16 ms)
2026-07-22 19:36:41 [motherlode2] FindFilledBlock: found at 1574,1024 (27x27 0x00FF00 tol=5, 15 ms)
2026-07-22 19:36:41 [motherlode2] Tracking not-yet-stable target at 1574,1024 (search 15 ms)
2026-07-22 19:36:41 [motherlode2] FindFilledBlock: found at 1548,1024 (27x27 0x00FF00 tol=5, 0 ms)
2026-07-22 19:36:41 [motherlode2] Tracking not-yet-stable target at 1548,1024 (search 16 ms)
2026-07-22 19:36:42 [motherlode2] FindFilledBlock: found at 1548,1024 (27x27 0x00FF00 tol=5, 16 ms)
2026-07-22 19:36:42 [motherlode2] Tracking not-yet-stable target at 1548,1024 (search 16 ms)
2026-07-22 19:36:42 [motherlode2] FindFilledBlock: found at 1542,1018 (27x27 0x00FF00 tol=5, 16 ms)
2026-07-22 19:36:42 [motherlode2] Tracking not-yet-stable target at 1542,1018 (search 16 ms)
2026-07-22 19:36:42 [motherlode2] FindFilledBlock: found at 1538,996 (27x27 0x00FF00 tol=5, 0 ms)
2026-07-22 19:36:42 [motherlode2] Tracking not-yet-stable target at 1538,996 (search 0 ms)
2026-07-22 19:36:42 [motherlode2] FindFilledBlock: found at 1512,960 (27x27 0x00FF00 tol=5, 0 ms)
2026-07-22 19:36:42 [motherlode2] Tracking not-yet-stable target at 1512,960 (search 0 ms)
2026-07-22 19:36:43 [motherlode2] FindFilledBlock: found at 1480,924 (27x27 0x00FF00 tol=5, 0 ms)
2026-07-22 19:36:43 [motherlode2] Tracking not-yet-stable target at 1480,924 (search 0 ms)
2026-07-22 19:36:43 [motherlode2] FindFilledBlock: found at 1464,890 (27x27 0x00FF00 tol=5, 0 ms)
2026-07-22 19:36:43 [motherlode2] Tracking not-yet-stable target at 1464,890 (search 0 ms)
2026-07-22 19:36:43 [motherlode2] FindFilledBlock: found at 1444,870 (27x27 0x00FF00 tol=5, 16 ms)
2026-07-22 19:36:43 [motherlode2] Tracking not-yet-stable target at 1444,870 (search 16 ms)
2026-07-22 19:36:43 [motherlode2] FindFilledBlock: found at 1428,860 (27x27 0x00FF00 tol=5, 0 ms)
2026-07-22 19:36:43 [motherlode2] Tracking not-yet-stable target at 1428,860 (search 0 ms)
2026-07-22 19:36:43 [motherlode2] FindFilledBlock: found at 1408,848 (27x27 0x00FF00 tol=5, 16 ms)
2026-07-22 19:36:43 [motherlode2] Tracking not-yet-stable target at 1408,848 (search 16 ms)
2026-07-22 19:36:44 [motherlode2] FindFilledBlock: found at 1398,832 (27x27 0x00FF00 tol=5, 15 ms)
2026-07-22 19:36:44 [motherlode2] Tracking not-yet-stable target at 1398,832 (search 15 ms)
2026-07-22 19:36:44 [motherlode2] FindFilledBlock: found at 1394,806 (27x27 0x00FF00 tol=5, 0 ms)
2026-07-22 19:36:44 [motherlode2] Tracking not-yet-stable target at 1394,806 (search 0 ms)
2026-07-22 19:36:44 [motherlode2] FindFilledBlock: found at 1388,776 (27x27 0x00FF00 tol=5, 0 ms)
2026-07-22 19:36:44 [motherlode2] Clicked initial/re-click target at 1388,776 (search 0 ms)
2026-07-22 19:36:44 [motherlode2] FindFilledBlock: found at 1378,706 (27x27 0x00FF00 tol=5, 0 ms)
2026-07-22 19:36:44 [motherlode2] Track: found 0x00FF00 block at 1378,706 but 70px from last position 1388,776 (max drift 45) - likely a DIFFERENT block, rejecting
2026-07-22 19:36:44 [motherlode2] Track: search missed this tick, but anchor point 1388,776 is still 0x00FF00 - holding current target, not switching
2026-07-22 19:36:44 [motherlode2] Tracking not-yet-stable target at 1388,776 (search 0 ms)
2026-07-22 19:36:45 [motherlode2] FindFilledBlock: found at 1366,699 (27x27 0x00FF00 tol=5, 0 ms)
2026-07-22 19:36:45 [motherlode2] Track: found 0x00FF00 block at 1366,699 but 77px from last position 1388,776 (max drift 45) - likely a DIFFERENT block, rejecting
2026-07-22 19:36:45 [motherlode2] Target depleted or lost - re-acquiring (searched 0 ms)
2026-07-22 19:36:45 [motherlode2] FindFilledBlock: found at 1226,736 (27x27 0x00FF00 tol=5, 0 ms)
2026-07-22 19:36:45 [motherlode2] FindFilledBlock: not found (27x27 0x00B809 tol=5, 16 ms)
2026-07-22 19:36:45 [motherlode2] Acquired new target at 1226,736 (0x00FF00, ring 90, 16 ms)
2026-07-22 19:36:45 [motherlode2] FindFilledBlock: found at 1206,726 (27x27 0x00FF00 tol=5, 0 ms)
2026-07-22 19:36:45 [motherlode2] Clicked initial/re-click target at 1206,726 (search 0 ms)
2026-07-22 19:36:46 [motherlode2] FindFilledBlock: found at 1148,716 (27x27 0x00FF00 tol=5, 15 ms)
2026-07-22 19:36:46 [motherlode2] Track: found 0x00FF00 block at 1148,716 but 58px from last position 1206,726 (max drift 45) - likely a DIFFERENT block, rejecting
2026-07-22 19:36:46 [motherlode2] Target depleted or lost - re-acquiring (searched 15 ms)
2026-07-22 19:36:46 [motherlode2] FindFilledBlock: found at 1268,632 (27x27 0x00FF00 tol=5, 16 ms)
2026-07-22 19:36:46 [motherlode2] FindFilledBlock: found at 1314,632 (27x27 0x00B809 tol=5, 0 ms)
2026-07-22 19:36:46 [motherlode2] Acquired new target at 1268,632 (0x00FF00, ring 90, 16 ms)
2026-07-22 19:36:46 [motherlode2] FindFilledBlock: found at 1258,632 (27x27 0x00FF00 tol=5, 16 ms)
2026-07-22 19:36:46 [motherlode2] Clicked initial/re-click target at 1258,632 (search 16 ms)
2026-07-22 19:36:46 [motherlode2] F12 pressed - exiting

2026-07-22 20:08:50 [motherlode2] Script loaded. F5=start full loop  F8=probe check slot+sack slots  F9=toggle debug mode  F6=stop  F12=exit. Veins=0x00FF00/0x00B809
2026-07-22 20:08:54 [motherlode2] F9 pressed - DEBUG MODE ON (full at slot 5)
2026-07-22 20:08:58 [motherlode2] Motherlode2 started: veins=0x00FF00/0x00B809 hopperCycles=1 sackCycles=1
2026-07-22 20:08:58 [motherlode2] FindFilledBlock: found at 1242,632 (23x23 0x00FF00 tol=5, 16 ms)
2026-07-22 20:08:58 [motherlode2] FindFilledBlock: found at 1212,738 (23x23 0x00B809 tol=5, 0 ms)
2026-07-22 20:08:58 [motherlode2] Acquired new target at 1212,738 (0x00B809, ring 90, 31 ms)
2026-07-22 20:08:58 [motherlode2] FindFilledBlock: found at 1212,738 (23x23 0x00B809 tol=5, 15 ms)
2026-07-22 20:08:59 [motherlode2] Clicked initial/re-click target at 1212,738 (search 15 ms)
2026-07-22 20:08:59 [motherlode2] FindFilledBlock: not found (23x23 0x00B809 tol=5, 16 ms)
2026-07-22 20:08:59 [motherlode2] Target depleted or lost - re-acquiring (searched 16 ms)
2026-07-22 20:08:59 [motherlode2] FindFilledBlock: found at 1242,632 (23x23 0x00FF00 tol=5, 16 ms)
2026-07-22 20:08:59 [motherlode2] FindFilledBlock: not found (23x23 0x00B809 tol=5, 0 ms)
2026-07-22 20:08:59 [motherlode2] Acquired new target at 1242,632 (0x00FF00, ring 90, 16 ms)
2026-07-22 20:08:59 [motherlode2] FindFilledBlock: found at 1242,632 (23x23 0x00FF00 tol=5, 16 ms)
2026-07-22 20:08:59 [motherlode2] Clicked initial/re-click target at 1242,632 (search 16 ms)
2026-07-22 20:09:00 [motherlode2] FindFilledBlock: not found (23x23 0x00FF00 tol=5, 0 ms)
2026-07-22 20:09:00 [motherlode2] Track: search missed this tick, but anchor point 1242,632 is still 0x00FF00 - holding current target, not switching
2026-07-22 20:09:00 [motherlode2] Tracking not-yet-stable target at 1242,632 (search 0 ms)
2026-07-22 20:09:00 [motherlode2] FindFilledBlock: found at 1238,632 (23x23 0x00FF00 tol=5, 0 ms)
2026-07-22 20:09:00 [motherlode2] Tracking stable target at 1238,632 (cooldown active, search 0 ms)
2026-07-22 20:09:00 [motherlode2] FindFilledBlock: found at 1230,632 (23x23 0x00FF00 tol=5, 0 ms)
2026-07-22 20:09:00 [motherlode2] Tracking not-yet-stable target at 1230,632 (search 0 ms)
2026-07-22 20:09:00 [motherlode2] FindFilledBlock: found at 1220,632 (23x23 0x00FF00 tol=5, 0 ms)
2026-07-22 20:09:00 [motherlode2] Tracking not-yet-stable target at 1220,632 (search 0 ms)
2026-07-22 20:09:01 [motherlode2] FindFilledBlock: found at 1212,634 (23x23 0x00FF00 tol=5, 0 ms)
2026-07-22 20:09:01 [motherlode2] Tracking not-yet-stable target at 1212,634 (search 0 ms)
2026-07-22 20:09:01 [motherlode2] FindFilledBlock: found at 1206,644 (23x23 0x00FF00 tol=5, 0 ms)
2026-07-22 20:09:01 [motherlode2] Tracking not-yet-stable target at 1206,644 (search 0 ms)
2026-07-22 20:09:01 [motherlode2] FindFilledBlock: found at 1204,660 (23x23 0x00FF00 tol=5, 15 ms)
2026-07-22 20:09:01 [motherlode2] Tracking not-yet-stable target at 1204,660 (search 15 ms)
2026-07-22 20:09:01 [motherlode2] FindFilledBlock: found at 1204,672 (23x23 0x00FF00 tol=5, 15 ms)
2026-07-22 20:09:01 [motherlode2] Tracking not-yet-stable target at 1204,672 (search 15 ms)
2026-07-22 20:09:01 [motherlode2] FindFilledBlock: found at 1202,686 (23x23 0x00FF00 tol=5, 16 ms)
2026-07-22 20:09:01 [motherlode2] Tracking not-yet-stable target at 1202,686 (search 16 ms)
2026-07-22 20:09:02 [motherlode2] FindFilledBlock: found at 1202,698 (23x23 0x00FF00 tol=5, 0 ms)
2026-07-22 20:09:02 [motherlode2] Tracking not-yet-stable target at 1202,698 (search 0 ms)
2026-07-22 20:09:02 [motherlode2] FindFilledBlock: found at 1202,702 (23x23 0x00FF00 tol=5, 0 ms)
2026-07-22 20:09:02 [motherlode2] Tracking not-yet-stable target at 1202,702 (search 0 ms)
2026-07-22 20:09:02 [motherlode2] FindFilledBlock: found at 1202,704 (23x23 0x00FF00 tol=5, 16 ms)
2026-07-22 20:09:02 [motherlode2] Clicked STABLE target at 1202,704 (search 16 ms)
2026-07-22 20:09:03 [motherlode2] FindFilledBlock: not found (23x23 0x00FF00 tol=5, 16 ms)
2026-07-22 20:09:03 [motherlode2] Track: search missed this tick, but anchor point 1202,704 is still 0x00FF00 - holding current target, not switching
2026-07-22 20:09:03 [motherlode2] Tracking stable target at 1202,704 (cooldown active, search 16 ms)
2026-07-22 20:09:03 [motherlode2] FindFilledBlock: found at 1202,706 (23x23 0x00FF00 tol=5, 0 ms)
2026-07-22 20:09:03 [motherlode2] Tracking stable target at 1202,706 (cooldown active, search 0 ms)
2026-07-22 20:09:03 [motherlode2] FindFilledBlock: found at 1202,706 (23x23 0x00FF00 tol=5, 15 ms)
2026-07-22 20:09:03 [motherlode2] Tracking stable target at 1202,706 (cooldown active, search 15 ms)
2026-07-22 20:09:03 [motherlode2] FindFilledBlock: found at 1202,706 (23x23 0x00FF00 tol=5, 16 ms)
2026-07-22 20:09:03 [motherlode2] Tracking stable target at 1202,706 (cooldown active, search 16 ms)
2026-07-22 20:09:03 [motherlode2] FindFilledBlock: found at 1202,706 (23x23 0x00FF00 tol=5, 0 ms)
2026-07-22 20:09:03 [motherlode2] Tracking stable target at 1202,706 (cooldown active, search 0 ms)
2026-07-22 20:09:04 [motherlode2] FindFilledBlock: found at 1202,706 (23x23 0x00FF00 tol=5, 15 ms)
2026-07-22 20:09:04 [motherlode2] Tracking stable target at 1202,706 (cooldown active, search 15 ms)
2026-07-22 20:09:04 [motherlode2] FindFilledBlock: found at 1202,706 (23x23 0x00FF00 tol=5, 15 ms)
2026-07-22 20:09:04 [motherlode2] Tracking stable target at 1202,706 (cooldown active, search 15 ms)
2026-07-22 20:09:04 [motherlode2] FindFilledBlock: found at 1202,706 (23x23 0x00FF00 tol=5, 15 ms)
2026-07-22 20:09:04 [motherlode2] Clicked STABLE target at 1202,706 (search 15 ms)
2026-07-22 20:09:04 [motherlode2] FindFilledBlock: not found (23x23 0x00FF00 tol=5, 15 ms)
2026-07-22 20:09:04 [motherlode2] Track: search missed this tick, but anchor point 1202,706 is still 0x00FF00 - holding current target, not switching
2026-07-22 20:09:04 [motherlode2] Tracking stable target at 1202,706 (cooldown active, search 15 ms)
2026-07-22 20:09:05 [motherlode2] FindFilledBlock: found at 1202,706 (23x23 0x00FF00 tol=5, 15 ms)
2026-07-22 20:09:05 [motherlode2] Tracking stable target at 1202,706 (cooldown active, search 15 ms)
2026-07-22 20:09:05 [motherlode2] FindFilledBlock: found at 1202,706 (23x23 0x00FF00 tol=5, 16 ms)
2026-07-22 20:09:05 [motherlode2] Tracking stable target at 1202,706 (cooldown active, search 16 ms)
2026-07-22 20:09:05 [motherlode2] FindFilledBlock: found at 1202,706 (23x23 0x00FF00 tol=5, 16 ms)
2026-07-22 20:09:05 [motherlode2] Tracking stable target at 1202,706 (cooldown active, search 16 ms)
2026-07-22 20:09:05 [motherlode2] FindFilledBlock: found at 1202,706 (23x23 0x00FF00 tol=5, 16 ms)
2026-07-22 20:09:05 [motherlode2] Tracking stable target at 1202,706 (cooldown active, search 16 ms)
2026-07-22 20:09:06 [motherlode2] FindFilledBlock: found at 1202,706 (23x23 0x00FF00 tol=5, 0 ms)
2026-07-22 20:09:06 [motherlode2] Tracking stable target at 1202,706 (cooldown active, search 15 ms)
2026-07-22 20:09:06 [motherlode2] FindFilledBlock: found at 1202,706 (23x23 0x00FF00 tol=5, 0 ms)
2026-07-22 20:09:06 [motherlode2] Clicked STABLE target at 1202,706 (search 0 ms)
2026-07-22 20:09:06 [motherlode2] FindFilledBlock: not found (23x23 0x00FF00 tol=5, 16 ms)
2026-07-22 20:09:06 [motherlode2] Track: search missed this tick, but anchor point 1202,706 is still 0x00FF00 - holding current target, not switching
2026-07-22 20:09:06 [motherlode2] Tracking stable target at 1202,706 (cooldown active, search 16 ms)
2026-07-22 20:09:06 [motherlode2] FindFilledBlock: found at 1202,706 (23x23 0x00FF00 tol=5, 15 ms)
2026-07-22 20:09:06 [motherlode2] Tracking stable target at 1202,706 (cooldown active, search 15 ms)
2026-07-22 20:09:07 [motherlode2] FindFilledBlock: found at 1202,706 (23x23 0x00FF00 tol=5, 16 ms)
2026-07-22 20:09:07 [motherlode2] Tracking stable target at 1202,706 (cooldown active, search 16 ms)
2026-07-22 20:09:07 [motherlode2] FindFilledBlock: found at 1202,706 (23x23 0x00FF00 tol=5, 15 ms)
2026-07-22 20:09:07 [motherlode2] Tracking stable target at 1202,706 (cooldown active, search 15 ms)
2026-07-22 20:09:07 [motherlode2] FindFilledBlock: found at 1202,706 (23x23 0x00FF00 tol=5, 16 ms)
2026-07-22 20:09:07 [motherlode2] Tracking stable target at 1202,706 (cooldown active, search 16 ms)
2026-07-22 20:09:07 [motherlode2] FindFilledBlock: found at 1202,706 (23x23 0x00FF00 tol=5, 0 ms)
2026-07-22 20:09:07 [motherlode2] Tracking stable target at 1202,706 (cooldown active, search 0 ms)
2026-07-22 20:09:08 [motherlode2] FindFilledBlock: found at 1202,706 (23x23 0x00FF00 tol=5, 15 ms)
2026-07-22 20:09:08 [motherlode2] Clicked STABLE target at 1202,706 (search 15 ms)
2026-07-22 20:09:08 [motherlode2] FindFilledBlock: not found (23x23 0x00FF00 tol=5, 16 ms)
2026-07-22 20:09:08 [motherlode2] Track: search missed this tick, but anchor point 1202,706 is still 0x00FF00 - holding current target, not switching
2026-07-22 20:09:08 [motherlode2] Tracking stable target at 1202,706 (cooldown active, search 16 ms)
2026-07-22 20:09:08 [motherlode2] FindFilledBlock: found at 1202,706 (23x23 0x00FF00 tol=5, 16 ms)
2026-07-22 20:09:08 [motherlode2] Tracking stable target at 1202,706 (cooldown active, search 16 ms)
2026-07-22 20:09:08 [motherlode2] FindFilledBlock: found at 1202,706 (23x23 0x00FF00 tol=5, 16 ms)
2026-07-22 20:09:08 [motherlode2] Tracking stable target at 1202,706 (cooldown active, search 16 ms)
2026-07-22 20:09:09 [motherlode2] FindFilledBlock: found at 1202,706 (23x23 0x00FF00 tol=5, 0 ms)
2026-07-22 20:09:09 [motherlode2] Tracking stable target at 1202,706 (cooldown active, search 0 ms)
2026-07-22 20:09:09 [motherlode2] FindImage: found at 2219,833 (C:\Users\link\Documents\GitHub\osrs-automation\Bots\..\Images\pay-dirt.png, 16 ms)
2026-07-22 20:09:09 [motherlode2] Slot 2 confirmed pay-dirt
2026-07-22 20:09:09 [motherlode2] FindFilledBlock: found at 1202,706 (23x23 0x00FF00 tol=5, 16 ms)
2026-07-22 20:09:09 [motherlode2] Tracking stable target at 1202,706 (cooldown active, search 16 ms)
2026-07-22 20:09:09 [motherlode2] FindFilledBlock: found at 1202,706 (23x23 0x00FF00 tol=5, 15 ms)
2026-07-22 20:09:09 [motherlode2] Tracking stable target at 1202,706 (cooldown active, search 15 ms)
2026-07-22 20:09:09 [motherlode2] FindFilledBlock: found at 1202,706 (23x23 0x00FF00 tol=5, 16 ms)
2026-07-22 20:09:10 [motherlode2] Clicked STABLE target at 1202,706 (search 16 ms)
2026-07-22 20:09:10 [motherlode2] FindFilledBlock: not found (23x23 0x00FF00 tol=5, 0 ms)
2026-07-22 20:09:10 [motherlode2] Track: search missed this tick, but anchor point 1202,706 is still 0x00FF00 - holding current target, not switching
2026-07-22 20:09:10 [motherlode2] Tracking stable target at 1202,706 (cooldown active, search 0 ms)
2026-07-22 20:09:10 [motherlode2] FindFilledBlock: found at 1202,706 (23x23 0x00FF00 tol=5, 0 ms)
2026-07-22 20:09:10 [motherlode2] Tracking stable target at 1202,706 (cooldown active, search 16 ms)
2026-07-22 20:09:10 [motherlode2] FindFilledBlock: found at 1202,706 (23x23 0x00FF00 tol=5, 16 ms)
2026-07-22 20:09:10 [motherlode2] Tracking stable target at 1202,706 (cooldown active, search 16 ms)
2026-07-22 20:09:10 [motherlode2] FindFilledBlock: found at 1202,706 (23x23 0x00FF00 tol=5, 15 ms)
2026-07-22 20:09:10 [motherlode2] Tracking stable target at 1202,706 (cooldown active, search 15 ms)
2026-07-22 20:09:11 [motherlode2] FindFilledBlock: not found (23x23 0x00FF00 tol=5, 15 ms)
2026-07-22 20:09:11 [motherlode2] Target depleted or lost - re-acquiring (searched 15 ms)
2026-07-22 20:09:11 [motherlode2] FindFilledBlock: not found (23x23 0x00FF00 tol=5, 15 ms)
2026-07-22 20:09:11 [motherlode2] FindFilledBlock: found at 1306,770 (23x23 0x00B809 tol=5, 0 ms)
2026-07-22 20:09:11 [motherlode2] Acquired new target at 1306,770 (0x00B809, ring 90, 15 ms)
2026-07-22 20:09:11 [motherlode2] FindFilledBlock: found at 1306,770 (23x23 0x00B809 tol=5, 0 ms)
2026-07-22 20:09:11 [motherlode2] Clicked initial/re-click target at 1306,770 (search 0 ms)
2026-07-22 20:09:12 [motherlode2] FindFilledBlock: found at 1330,782 (23x23 0x00B809 tol=5, 16 ms)
2026-07-22 20:09:12 [motherlode2] Tracking not-yet-stable target at 1330,782 (search 16 ms)
2026-07-22 20:09:12 [motherlode2] FindFilledBlock: found at 1318,774 (23x23 0x00B809 tol=5, 0 ms)
2026-07-22 20:09:12 [motherlode2] Tracking not-yet-stable target at 1318,774 (search 0 ms)
2026-07-22 20:09:12 [motherlode2] FindFilledBlock: found at 1318,768 (23x23 0x00B809 tol=5, 16 ms)
2026-07-22 20:09:12 [motherlode2] Tracking not-yet-stable target at 1318,768 (search 16 ms)
2026-07-22 20:09:12 [motherlode2] FindFilledBlock: found at 1316,758 (23x23 0x00B809 tol=5, 16 ms)
2026-07-22 20:09:12 [motherlode2] Tracking not-yet-stable target at 1316,758 (search 16 ms)
2026-07-22 20:09:12 [motherlode2] FindFilledBlock: found at 1316,744 (23x23 0x00B809 tol=5, 0 ms)
2026-07-22 20:09:12 [motherlode2] Tracking not-yet-stable target at 1316,744 (search 0 ms)
2026-07-22 20:09:13 [motherlode2] FindFilledBlock: found at 1316,722 (23x23 0x00B809 tol=5, 0 ms)
2026-07-22 20:09:13 [motherlode2] Tracking not-yet-stable target at 1316,722 (search 0 ms)
2026-07-22 20:09:13 [motherlode2] FindFilledBlock: found at 1316,698 (23x23 0x00B809 tol=5, 15 ms)
2026-07-22 20:09:13 [motherlode2] Tracking not-yet-stable target at 1316,698 (search 15 ms)
2026-07-22 20:09:13 [motherlode2] FindFilledBlock: found at 1308,684 (23x23 0x00B809 tol=5, 0 ms)
2026-07-22 20:09:13 [motherlode2] Tracking not-yet-stable target at 1308,684 (search 0 ms)
2026-07-22 20:09:13 [motherlode2] FindFilledBlock: found at 1296,676 (23x23 0x00B809 tol=5, 16 ms)
2026-07-22 20:09:13 [motherlode2] Tracking not-yet-stable target at 1296,676 (search 16 ms)
2026-07-22 20:09:13 [motherlode2] FindFilledBlock: found at 1284,672 (23x23 0x00B809 tol=5, 0 ms)
2026-07-22 20:09:13 [motherlode2] Tracking not-yet-stable target at 1284,672 (search 15 ms)
2026-07-22 20:09:14 [motherlode2] FindFilledBlock: found at 1270,672 (23x23 0x00B809 tol=5, 15 ms)
2026-07-22 20:09:14 [motherlode2] Tracking not-yet-stable target at 1270,672 (search 15 ms)
2026-07-22 20:09:14 [motherlode2] FindFilledBlock: found at 1258,670 (23x23 0x00B809 tol=5, 0 ms)
2026-07-22 20:09:14 [motherlode2] Tracking not-yet-stable target at 1258,670 (search 0 ms)
2026-07-22 20:09:14 [motherlode2] FindFilledBlock: found at 1252,670 (23x23 0x00B809 tol=5, 16 ms)
2026-07-22 20:09:14 [motherlode2] Tracking not-yet-stable target at 1252,670 (search 16 ms)
2026-07-22 20:09:14 [motherlode2] FindFilledBlock: found at 1248,670 (23x23 0x00B809 tol=5, 15 ms)
2026-07-22 20:09:15 [motherlode2] Clicked initial/re-click target at 1248,670 (search 15 ms)
2026-07-22 20:09:15 [motherlode2] FindFilledBlock: not found (23x23 0x00B809 tol=5, 15 ms)
2026-07-22 20:09:15 [motherlode2] Track: search missed this tick, but anchor point 1248,670 is still 0x00B809 - holding current target, not switching
2026-07-22 20:09:15 [motherlode2] Tracking stable target at 1248,670 (cooldown active, search 15 ms)
2026-07-22 20:09:15 [motherlode2] FindFilledBlock: found at 1244,670 (23x23 0x00B809 tol=5, 16 ms)
2026-07-22 20:09:15 [motherlode2] Tracking stable target at 1244,670 (cooldown active, search 16 ms)
2026-07-22 20:09:15 [motherlode2] FindFilledBlock: found at 1244,670 (23x23 0x00B809 tol=5, 0 ms)
2026-07-22 20:09:15 [motherlode2] Tracking stable target at 1244,670 (cooldown active, search 0 ms)
2026-07-22 20:09:15 [motherlode2] FindFilledBlock: found at 1244,670 (23x23 0x00B809 tol=5, 16 ms)
2026-07-22 20:09:15 [motherlode2] Tracking stable target at 1244,670 (cooldown active, search 16 ms)
2026-07-22 20:09:16 [motherlode2] FindFilledBlock: found at 1244,670 (23x23 0x00B809 tol=5, 15 ms)
2026-07-22 20:09:16 [motherlode2] Tracking stable target at 1244,670 (cooldown active, search 15 ms)
2026-07-22 20:09:16 [motherlode2] FindFilledBlock: found at 1244,670 (23x23 0x00B809 tol=5, 16 ms)
2026-07-22 20:09:16 [motherlode2] Tracking stable target at 1244,670 (cooldown active, search 16 ms)
2026-07-22 20:09:16 [motherlode2] FindFilledBlock: found at 1244,670 (23x23 0x00B809 tol=5, 0 ms)
2026-07-22 20:09:16 [motherlode2] Clicked STABLE target at 1244,670 (search 0 ms)
2026-07-22 20:09:17 [motherlode2] FindFilledBlock: not found (23x23 0x00B809 tol=5, 16 ms)
2026-07-22 20:09:17 [motherlode2] Track: search missed this tick, but anchor point 1244,670 is still 0x00B809 - holding current target, not switching
2026-07-22 20:09:17 [motherlode2] Tracking stable target at 1244,670 (cooldown active, search 16 ms)
2026-07-22 20:09:17 [motherlode2] FindFilledBlock: found at 1244,670 (23x23 0x00B809 tol=5, 0 ms)
2026-07-22 20:09:17 [motherlode2] Tracking stable target at 1244,670 (cooldown active, search 0 ms)
2026-07-22 20:09:17 [motherlode2] FindFilledBlock: found at 1244,670 (23x23 0x00B809 tol=5, 15 ms)
2026-07-22 20:09:17 [motherlode2] Tracking stable target at 1244,670 (cooldown active, search 15 ms)
2026-07-22 20:09:17 [motherlode2] FindFilledBlock: found at 1244,670 (23x23 0x00B809 tol=5, 0 ms)
2026-07-22 20:09:17 [motherlode2] Tracking stable target at 1244,670 (cooldown active, search 0 ms)
2026-07-22 20:09:17 [motherlode2] FindFilledBlock: found at 1244,670 (23x23 0x00B809 tol=5, 0 ms)
2026-07-22 20:09:17 [motherlode2] Tracking stable target at 1244,670 (cooldown active, search 0 ms)
2026-07-22 20:09:18 [motherlode2] FindFilledBlock: found at 1244,670 (23x23 0x00B809 tol=5, 0 ms)
2026-07-22 20:09:18 [motherlode2] Tracking stable target at 1244,670 (cooldown active, search 0 ms)
2026-07-22 20:09:18 [motherlode2] FindImage: found at 2303,833 (C:\Users\link\Documents\GitHub\osrs-automation\Bots\..\Images\pay-dirt.png, 15 ms)
2026-07-22 20:09:18 [motherlode2] Slot 3 confirmed pay-dirt
2026-07-22 20:09:18 [motherlode2] FindFilledBlock: found at 1244,670 (23x23 0x00B809 tol=5, 0 ms)
2026-07-22 20:09:18 [motherlode2] Tracking stable target at 1244,670 (cooldown active, search 0 ms)
2026-07-22 20:09:18 [motherlode2] FindFilledBlock: found at 1244,670 (23x23 0x00B809 tol=5, 0 ms)
2026-07-22 20:09:18 [motherlode2] Clicked STABLE target at 1244,670 (search 0 ms)
2026-07-22 20:09:18 [motherlode2] FindFilledBlock: not found (23x23 0x00B809 tol=5, 16 ms)
2026-07-22 20:09:18 [motherlode2] Track: search missed this tick, but anchor point 1244,670 is still 0x00B809 - holding current target, not switching
2026-07-22 20:09:19 [motherlode2] Tracking stable target at 1244,670 (cooldown active, search 16 ms)
2026-07-22 20:09:19 [motherlode2] FindFilledBlock: found at 1244,670 (23x23 0x00B809 tol=5, 15 ms)
2026-07-22 20:09:19 [motherlode2] Tracking stable target at 1244,670 (cooldown active, search 15 ms)
2026-07-22 20:09:19 [motherlode2] FindFilledBlock: found at 1244,670 (23x23 0x00B809 tol=5, 0 ms)
2026-07-22 20:09:19 [motherlode2] Tracking stable target at 1244,670 (cooldown active, search 0 ms)
2026-07-22 20:09:19 [motherlode2] FindFilledBlock: found at 1244,670 (23x23 0x00B809 tol=5, 15 ms)
2026-07-22 20:09:19 [motherlode2] Tracking stable target at 1244,670 (cooldown active, search 15 ms)
2026-07-22 20:09:19 [motherlode2] FindFilledBlock: found at 1244,670 (23x23 0x00B809 tol=5, 16 ms)
2026-07-22 20:09:19 [motherlode2] Tracking stable target at 1244,670 (cooldown active, search 16 ms)
2026-07-22 20:09:20 [motherlode2] FindFilledBlock: found at 1244,670 (23x23 0x00B809 tol=5, 15 ms)
2026-07-22 20:09:20 [motherlode2] Tracking stable target at 1244,670 (cooldown active, search 15 ms)
2026-07-22 20:09:20 [motherlode2] FindFilledBlock: found at 1244,670 (23x23 0x00B809 tol=5, 16 ms)
2026-07-22 20:09:20 [motherlode2] Tracking stable target at 1244,670 (cooldown active, search 16 ms)
2026-07-22 20:09:20 [motherlode2] FindFilledBlock: found at 1244,670 (23x23 0x00B809 tol=5, 0 ms)
2026-07-22 20:09:20 [motherlode2] Clicked STABLE target at 1244,670 (search 0 ms)
2026-07-22 20:09:20 [motherlode2] FindFilledBlock: not found (23x23 0x00B809 tol=5, 0 ms)
2026-07-22 20:09:20 [motherlode2] Track: search missed this tick, but anchor point 1244,670 is still 0x00B809 - holding current target, not switching
2026-07-22 20:09:20 [motherlode2] Tracking stable target at 1244,670 (cooldown active, search 0 ms)
2026-07-22 20:09:21 [motherlode2] FindFilledBlock: found at 1244,670 (23x23 0x00B809 tol=5, 0 ms)
2026-07-22 20:09:21 [motherlode2] Tracking stable target at 1244,670 (cooldown active, search 0 ms)
2026-07-22 20:09:21 [motherlode2] FindFilledBlock: found at 1244,670 (23x23 0x00B809 tol=5, 0 ms)
2026-07-22 20:09:21 [motherlode2] Tracking stable target at 1244,670 (cooldown active, search 0 ms)
2026-07-22 20:09:21 [motherlode2] FindFilledBlock: found at 1244,670 (23x23 0x00B809 tol=5, 0 ms)
2026-07-22 20:09:21 [motherlode2] Tracking stable target at 1244,670 (cooldown active, search 0 ms)
2026-07-22 20:09:21 [motherlode2] FindFilledBlock: found at 1244,670 (23x23 0x00B809 tol=5, 0 ms)
2026-07-22 20:09:21 [motherlode2] Tracking stable target at 1244,670 (cooldown active, search 0 ms)
2026-07-22 20:09:21 [motherlode2] FindFilledBlock: found at 1244,670 (23x23 0x00B809 tol=5, 0 ms)
2026-07-22 20:09:21 [motherlode2] Tracking stable target at 1244,670 (cooldown active, search 0 ms)
2026-07-22 20:09:22 [motherlode2] FindFilledBlock: found at 1244,670 (23x23 0x00B809 tol=5, 0 ms)
2026-07-22 20:09:22 [motherlode2] Clicked STABLE target at 1244,670 (search 0 ms)
2026-07-22 20:09:22 [motherlode2] FindFilledBlock: not found (23x23 0x00B809 tol=5, 0 ms)
2026-07-22 20:09:22 [motherlode2] Track: search missed this tick, but anchor point 1244,670 is still 0x00B809 - holding current target, not switching
2026-07-22 20:09:22 [motherlode2] Tracking stable target at 1244,670 (cooldown active, search 0 ms)
2026-07-22 20:09:22 [motherlode2] FindFilledBlock: found at 1244,670 (23x23 0x00B809 tol=5, 0 ms)
2026-07-22 20:09:22 [motherlode2] Tracking stable target at 1244,670 (cooldown active, search 0 ms)
2026-07-22 20:09:23 [motherlode2] FindFilledBlock: found at 1244,670 (23x23 0x00B809 tol=5, 0 ms)
2026-07-22 20:09:23 [motherlode2] Tracking stable target at 1244,670 (cooldown active, search 0 ms)
2026-07-22 20:09:23 [motherlode2] FindFilledBlock: found at 1244,670 (23x23 0x00B809 tol=5, 0 ms)
2026-07-22 20:09:23 [motherlode2] Tracking stable target at 1244,670 (cooldown active, search 0 ms)
2026-07-22 20:09:23 [motherlode2] FindFilledBlock: found at 1244,670 (23x23 0x00B809 tol=5, 0 ms)
2026-07-22 20:09:23 [motherlode2] Tracking stable target at 1244,670 (cooldown active, search 0 ms)
2026-07-22 20:09:23 [motherlode2] FindFilledBlock: found at 1244,670 (23x23 0x00B809 tol=5, 16 ms)
2026-07-22 20:09:23 [motherlode2] Tracking stable target at 1244,670 (cooldown active, search 16 ms)
2026-07-22 20:09:23 [motherlode2] FindFilledBlock: found at 1244,670 (23x23 0x00B809 tol=5, 0 ms)
2026-07-22 20:09:24 [motherlode2] Clicked STABLE target at 1244,670 (search 0 ms)
2026-07-22 20:09:24 [motherlode2] FindFilledBlock: not found (23x23 0x00B809 tol=5, 0 ms)
2026-07-22 20:09:24 [motherlode2] Track: search missed this tick, but anchor point 1244,670 is still 0x00B809 - holding current target, not switching
2026-07-22 20:09:24 [motherlode2] Tracking stable target at 1244,670 (cooldown active, search 0 ms)
2026-07-22 20:09:24 [motherlode2] FindFilledBlock: found at 1244,670 (23x23 0x00B809 tol=5, 0 ms)
2026-07-22 20:09:24 [motherlode2] Tracking stable target at 1244,670 (cooldown active, search 0 ms)
2026-07-22 20:09:24 [motherlode2] FindFilledBlock: found at 1244,670 (23x23 0x00B809 tol=5, 0 ms)
2026-07-22 20:09:24 [motherlode2] Tracking stable target at 1244,670 (cooldown active, search 0 ms)
2026-07-22 20:09:25 [motherlode2] FindFilledBlock: found at 1244,670 (23x23 0x00B809 tol=5, 15 ms)
2026-07-22 20:09:25 [motherlode2] Tracking stable target at 1244,670 (cooldown active, search 15 ms)
2026-07-22 20:09:25 [motherlode2] FindFilledBlock: found at 1244,670 (23x23 0x00B809 tol=5, 0 ms)
2026-07-22 20:09:25 [motherlode2] Tracking stable target at 1244,670 (cooldown active, search 0 ms)
2026-07-22 20:09:25 [motherlode2] FindFilledBlock: found at 1244,670 (23x23 0x00B809 tol=5, 16 ms)
2026-07-22 20:09:25 [motherlode2] Tracking stable target at 1244,670 (cooldown active, search 16 ms)
2026-07-22 20:09:25 [motherlode2] FindFilledBlock: found at 1244,670 (23x23 0x00B809 tol=5, 0 ms)
2026-07-22 20:09:25 [motherlode2] Clicked STABLE target at 1244,670 (search 0 ms)
2026-07-22 20:09:26 [motherlode2] FindFilledBlock: not found (23x23 0x00B809 tol=5, 0 ms)
2026-07-22 20:09:26 [motherlode2] Track: search missed this tick, but anchor point 1244,670 is still 0x00B809 - holding current target, not switching
2026-07-22 20:09:26 [motherlode2] Tracking stable target at 1244,670 (cooldown active, search 0 ms)
2026-07-22 20:09:26 [motherlode2] FindFilledBlock: found at 1244,670 (23x23 0x00B809 tol=5, 0 ms)
2026-07-22 20:09:26 [motherlode2] Tracking stable target at 1244,670 (cooldown active, search 0 ms)
2026-07-22 20:09:26 [motherlode2] FindFilledBlock: found at 1244,670 (23x23 0x00B809 tol=5, 16 ms)
2026-07-22 20:09:26 [motherlode2] Tracking stable target at 1244,670 (cooldown active, search 16 ms)
2026-07-22 20:09:26 [motherlode2] FindFilledBlock: found at 1244,670 (23x23 0x00B809 tol=5, 16 ms)
2026-07-22 20:09:26 [motherlode2] Tracking stable target at 1244,670 (cooldown active, search 16 ms)
2026-07-22 20:09:27 [motherlode2] FindFilledBlock: found at 1244,670 (23x23 0x00B809 tol=5, 16 ms)
2026-07-22 20:09:27 [motherlode2] Tracking stable target at 1244,670 (cooldown active, search 16 ms)
2026-07-22 20:09:27 [motherlode2] FindFilledBlock: found at 1244,670 (23x23 0x00B809 tol=5, 15 ms)
2026-07-22 20:09:27 [motherlode2] Tracking stable target at 1244,670 (cooldown active, search 15 ms)
2026-07-22 20:09:27 [motherlode2] FindFilledBlock: found at 1244,670 (23x23 0x00B809 tol=5, 16 ms)
2026-07-22 20:09:27 [motherlode2] Clicked STABLE target at 1244,670 (search 16 ms)
2026-07-22 20:09:27 [motherlode2] FindFilledBlock: not found (23x23 0x00B809 tol=5, 0 ms)
2026-07-22 20:09:27 [motherlode2] Track: search missed this tick, but anchor point 1244,670 is still 0x00B809 - holding current target, not switching
2026-07-22 20:09:27 [motherlode2] Tracking stable target at 1244,670 (cooldown active, search 0 ms)
2026-07-22 20:09:28 [motherlode2] FindFilledBlock: found at 1244,670 (23x23 0x00B809 tol=5, 0 ms)
2026-07-22 20:09:28 [motherlode2] Tracking stable target at 1244,670 (cooldown active, search 0 ms)
2026-07-22 20:09:28 [motherlode2] FindFilledBlock: found at 1244,670 (23x23 0x00B809 tol=5, 0 ms)
2026-07-22 20:09:28 [motherlode2] Tracking stable target at 1244,670 (cooldown active, search 0 ms)
2026-07-22 20:09:28 [motherlode2] FindFilledBlock: found at 1244,670 (23x23 0x00B809 tol=5, 0 ms)
2026-07-22 20:09:28 [motherlode2] Tracking stable target at 1244,670 (cooldown active, search 0 ms)
2026-07-22 20:09:28 [motherlode2] FindFilledBlock: found at 1244,670 (23x23 0x00B809 tol=5, 15 ms)
2026-07-22 20:09:28 [motherlode2] Tracking stable target at 1244,670 (cooldown active, search 15 ms)
2026-07-22 20:09:28 [motherlode2] FindImage: found at 2387,833 (C:\Users\link\Documents\GitHub\osrs-automation\Bots\..\Images\pay-dirt.png, 0 ms)
2026-07-22 20:09:28 [motherlode2] Slot 4 confirmed pay-dirt
2026-07-22 20:09:29 [motherlode2] FindFilledBlock: found at 1244,670 (23x23 0x00B809 tol=5, 0 ms)
2026-07-22 20:09:29 [motherlode2] Tracking stable target at 1244,670 (cooldown active, search 16 ms)
2026-07-22 20:09:29 [motherlode2] FindFilledBlock: found at 1244,670 (23x23 0x00B809 tol=5, 0 ms)
2026-07-22 20:09:29 [motherlode2] Clicked STABLE target at 1244,670 (search 0 ms)
2026-07-22 20:09:29 [motherlode2] FindFilledBlock: not found (23x23 0x00B809 tol=5, 0 ms)
2026-07-22 20:09:29 [motherlode2] Track: search missed this tick, but anchor point 1244,670 is still 0x00B809 - holding current target, not switching
2026-07-22 20:09:29 [motherlode2] Tracking stable target at 1244,670 (cooldown active, search 0 ms)
2026-07-22 20:09:29 [motherlode2] FindFilledBlock: found at 1244,670 (23x23 0x00B809 tol=5, 15 ms)
2026-07-22 20:09:29 [motherlode2] Tracking stable target at 1244,670 (cooldown active, search 15 ms)
2026-07-22 20:09:30 [motherlode2] FindFilledBlock: found at 1244,670 (23x23 0x00B809 tol=5, 16 ms)
2026-07-22 20:09:30 [motherlode2] Tracking stable target at 1244,670 (cooldown active, search 16 ms)
2026-07-22 20:09:30 [motherlode2] FindFilledBlock: found at 1244,670 (23x23 0x00B809 tol=5, 15 ms)
2026-07-22 20:09:30 [motherlode2] Tracking stable target at 1244,670 (cooldown active, search 15 ms)
2026-07-22 20:09:30 [motherlode2] FindFilledBlock: found at 1244,670 (23x23 0x00B809 tol=5, 16 ms)
2026-07-22 20:09:30 [motherlode2] Tracking stable target at 1244,670 (cooldown active, search 16 ms)
2026-07-22 20:09:30 [motherlode2] FindImage: found at 2135,905 (C:\Users\link\Documents\GitHub\osrs-automation\Bots\..\Images\pay-dirt.png, 16 ms)
2026-07-22 20:09:30 [motherlode2] Slot 5 confirmed pay-dirt
2026-07-22 20:09:30 [motherlode2] TrackAndClick: until-condition met (32250 ms total)
2026-07-22 20:09:30 [motherlode2] Inventory full - depositing into hopper (cycle 1/1)
2026-07-22 20:09:30 [motherlode2] Hopper: depositing (first wait 15000ms, then re-clicking every 1500ms until clear, up to 600000ms total)
2026-07-22 20:09:30 [motherlode2] Hopper: waiting for hopper marker
2026-07-22 20:09:30 [motherlode2] FindFilledBlock: found at 1072,500 (23x23 0xC9FFC4 tol=5, 0 ms)
2026-07-22 20:09:30 [motherlode2] Hopper: clicking hopper marker at 1072,500
2026-07-22 20:09:34 [motherlode2] Hopper: inventory cleared - settling 600ms before continuing
2026-07-22 20:09:35 [motherlode2] GoToSackArea: waiting for entrance marker
2026-07-22 20:09:35 [motherlode2] FindFilledBlock: not found (27x27 0x5676FF tol=5, 0 ms)
2026-07-22 20:09:35 [motherlode2] FindFilledBlock: not found (27x27 0x5676FF tol=5, 0 ms)
2026-07-22 20:09:35 [motherlode2] FindFilledBlock: not found (27x27 0x5676FF tol=5, 0 ms)
2026-07-22 20:09:35 [motherlode2] FindFilledBlock: not found (27x27 0x5676FF tol=5, 0 ms)
2026-07-22 20:09:36 [motherlode2] FindFilledBlock: not found (27x27 0x5676FF tol=5, 0 ms)
2026-07-22 20:09:36 [motherlode2] FindFilledBlock: not found (27x27 0x5676FF tol=5, 0 ms)
2026-07-22 20:09:36 [motherlode2] FindFilledBlock: not found (27x27 0x5676FF tol=5, 0 ms)
2026-07-22 20:09:36 [motherlode2] FindFilledBlock: not found (27x27 0x5676FF tol=5, 0 ms)
2026-07-22 20:09:36 [motherlode2] FindFilledBlock: not found (27x27 0x5676FF tol=5, 0 ms)
2026-07-22 20:09:37 [motherlode2] FindFilledBlock: not found (27x27 0x5676FF tol=5, 0 ms)
2026-07-22 20:09:37 [motherlode2] FindFilledBlock: not found (27x27 0x5676FF tol=5, 0 ms)
2026-07-22 20:09:37 [motherlode2] FindFilledBlock: not found (27x27 0x5676FF tol=5, 0 ms)
2026-07-22 20:09:37 [motherlode2] FindFilledBlock: not found (27x27 0x5676FF tol=5, 0 ms)
2026-07-22 20:09:37 [motherlode2] FindFilledBlock: not found (27x27 0x5676FF tol=5, 0 ms)
2026-07-22 20:09:37 [motherlode2] FindFilledBlock: not found (27x27 0x5676FF tol=5, 0 ms)
2026-07-22 20:09:38 [motherlode2] FindFilledBlock: not found (27x27 0x5676FF tol=5, 0 ms)
2026-07-22 20:09:38 [motherlode2] FindFilledBlock: not found (27x27 0x5676FF tol=5, 0 ms)
2026-07-22 20:09:38 [motherlode2] FindFilledBlock: not found (27x27 0x5676FF tol=5, 0 ms)
2026-07-22 20:09:38 [motherlode2] FindFilledBlock: not found (27x27 0x5676FF tol=5, 0 ms)
2026-07-22 20:09:38 [motherlode2] FindFilledBlock: not found (27x27 0x5676FF tol=5, 16 ms)
2026-07-22 20:09:38 [motherlode2] FindFilledBlock: not found (27x27 0x5676FF tol=5, 15 ms)
2026-07-22 20:09:39 [motherlode2] FindFilledBlock: not found (27x27 0x5676FF tol=5, 16 ms)
2026-07-22 20:09:39 [motherlode2] FindFilledBlock: not found (27x27 0x5676FF tol=5, 15 ms)
2026-07-22 20:09:39 [motherlode2] FindFilledBlock: not found (27x27 0x5676FF tol=5, 16 ms)
2026-07-22 20:09:39 [motherlode2] FindFilledBlock: not found (27x27 0x5676FF tol=5, 0 ms)
2026-07-22 20:09:39 [motherlode2] FindFilledBlock: not found (27x27 0x5676FF tol=5, 16 ms)
2026-07-22 20:09:40 [motherlode2] FindFilledBlock: not found (27x27 0x5676FF tol=5, 16 ms)
2026-07-22 20:09:40 [motherlode2] FindFilledBlock: not found (27x27 0x5676FF tol=5, 0 ms)
2026-07-22 20:09:40 [motherlode2] FindFilledBlock: not found (27x27 0x5676FF tol=5, 0 ms)
2026-07-22 20:09:40 [motherlode2] FindFilledBlock: not found (27x27 0x5676FF tol=5, 0 ms)
2026-07-22 20:09:40 [motherlode2] FindFilledBlock: not found (27x27 0x5676FF tol=5, 0 ms)
2026-07-22 20:09:40 [motherlode2] FindFilledBlock: not found (27x27 0x5676FF tol=5, 0 ms)
2026-07-22 20:09:41 [motherlode2] FindFilledBlock: not found (27x27 0x5676FF tol=5, 0 ms)
2026-07-22 20:09:41 [motherlode2] FindFilledBlock: not found (27x27 0x5676FF tol=5, 0 ms)
2026-07-22 20:09:41 [motherlode2] FindFilledBlock: not found (27x27 0x5676FF tol=5, 0 ms)
2026-07-22 20:09:41 [motherlode2] FindFilledBlock: not found (27x27 0x5676FF tol=5, 0 ms)
2026-07-22 20:09:41 [motherlode2] FindFilledBlock: not found (27x27 0x5676FF tol=5, 0 ms)
2026-07-22 20:09:41 [motherlode2] FindFilledBlock: not found (27x27 0x5676FF tol=5, 0 ms)
2026-07-22 20:09:42 [motherlode2] FindFilledBlock: not found (27x27 0x5676FF tol=5, 0 ms)
2026-07-22 20:09:42 [motherlode2] FindFilledBlock: not found (27x27 0x5676FF tol=5, 0 ms)
2026-07-22 20:09:42 [motherlode2] FindFilledBlock: not found (27x27 0x5676FF tol=5, 0 ms)
2026-07-22 20:09:42 [motherlode2] FindFilledBlock: not found (27x27 0x5676FF tol=5, 0 ms)
2026-07-22 20:09:42 [motherlode2] FindFilledBlock: not found (27x27 0x5676FF tol=5, 15 ms)
2026-07-22 20:09:42 [motherlode2] FindFilledBlock: not found (27x27 0x5676FF tol=5, 16 ms)
2026-07-22 20:09:43 [motherlode2] FindFilledBlock: not found (27x27 0x5676FF tol=5, 15 ms)
2026-07-22 20:09:43 [motherlode2] FindFilledBlock: not found (27x27 0x5676FF tol=5, 16 ms)
2026-07-22 20:09:43 [motherlode2] FindFilledBlock: not found (27x27 0x5676FF tol=5, 15 ms)
2026-07-22 20:09:43 [motherlode2] FindFilledBlock: not found (27x27 0x5676FF tol=5, 16 ms)
2026-07-22 20:09:43 [motherlode2] FindFilledBlock: not found (27x27 0x5676FF tol=5, 15 ms)
2026-07-22 20:09:44 [motherlode2] FindFilledBlock: not found (27x27 0x5676FF tol=5, 16 ms)
2026-07-22 20:09:44 [motherlode2] FindFilledBlock: not found (27x27 0x5676FF tol=5, 15 ms)
2026-07-22 20:09:44 [motherlode2] FindFilledBlock: not found (27x27 0x5676FF tol=5, 15 ms)
2026-07-22 20:09:44 [motherlode2] FindFilledBlock: not found (27x27 0x5676FF tol=5, 16 ms)
2026-07-22 20:09:44 [motherlode2] FindFilledBlock: not found (27x27 0x5676FF tol=5, 15 ms)
2026-07-22 20:09:45 [motherlode2] FindFilledBlock: not found (27x27 0x5676FF tol=5, 16 ms)
2026-07-22 20:09:45 [motherlode2] FindFilledBlock: not found (27x27 0x5676FF tol=5, 0 ms)
2026-07-22 20:09:45 [motherlode2] FindFilledBlock: not found (27x27 0x5676FF tol=5, 0 ms)
2026-07-22 20:09:45 [motherlode2] FindFilledBlock: not found (27x27 0x5676FF tol=5, 0 ms)
2026-07-22 20:09:45 [motherlode2] FindFilledBlock: not found (27x27 0x5676FF tol=5, 0 ms)
2026-07-22 20:09:45 [motherlode2] FindFilledBlock: not found (27x27 0x5676FF tol=5, 0 ms)
2026-07-22 20:09:46 [motherlode2] FindFilledBlock: not found (27x27 0x5676FF tol=5, 0 ms)
2026-07-22 20:09:46 [motherlode2] FindFilledBlock: not found (27x27 0x5676FF tol=5, 0 ms)
2026-07-22 20:09:46 [motherlode2] FindFilledBlock: not found (27x27 0x5676FF tol=5, 0 ms)
2026-07-22 20:09:46 [motherlode2] FindFilledBlock: not found (27x27 0x5676FF tol=5, 0 ms)
2026-07-22 20:09:46 [motherlode2] FindFilledBlock: not found (27x27 0x5676FF tol=5, 15 ms)
2026-07-22 20:09:46 [motherlode2] FindFilledBlock: not found (27x27 0x5676FF tol=5, 16 ms)
2026-07-22 20:09:47 [motherlode2] FindFilledBlock: not found (27x27 0x5676FF tol=5, 15 ms)
2026-07-22 20:09:47 [motherlode2] F12 pressed - exiting

2026-07-22 20:18:13 [motherlode2] Script loaded. F5=start full loop  F8=probe check slot+sack slots  F9=toggle debug mode  F6=stop  F12=exit. Veins=0x00FF00/0x00B809
2026-07-22 20:18:14 [motherlode2] Motherlode2 started: veins=0x00FF00/0x00B809 hopperCycles=1 sackCycles=1
2026-07-22 20:18:14 [motherlode2] FindFilledBlock: found at 1204,630 (23x23 0x00FF00 tol=5, 15 ms)
2026-07-22 20:18:14 [motherlode2] FindFilledBlock: found at 1306,706 (23x23 0x00B809 tol=5, 0 ms)
2026-07-22 20:18:14 [motherlode2] Acquired new target at 1306,706 (0x00B809, ring 90, 15 ms)
2026-07-22 20:18:14 [motherlode2] FindFilledBlock: found at 1306,706 (23x23 0x00B809 tol=5, 16 ms)
2026-07-22 20:18:14 [motherlode2] Clicked initial/re-click target at 1306,706 (search 16 ms)
2026-07-22 20:18:14 [motherlode2] FindFilledBlock: found at 1330,706 (23x23 0x00B809 tol=5, 15 ms)
2026-07-22 20:18:14 [motherlode2] Tracking not-yet-stable target at 1330,706 (search 15 ms)
2026-07-22 20:18:15 [motherlode2] FindFilledBlock: found at 1306,706 (23x23 0x00B809 tol=5, 15 ms)
2026-07-22 20:18:15 [motherlode2] Tracking not-yet-stable target at 1306,706 (search 15 ms)
2026-07-22 20:18:15 [motherlode2] FindFilledBlock: found at 1306,706 (23x23 0x00B809 tol=5, 0 ms)
2026-07-22 20:18:15 [motherlode2] Tracking not-yet-stable target at 1306,706 (search 0 ms)
2026-07-22 20:18:15 [motherlode2] FindFilledBlock: found at 1306,704 (23x23 0x00B809 tol=5, 16 ms)
2026-07-22 20:18:15 [motherlode2] Tracking stable target at 1306,704 (cooldown active, search 16 ms)
2026-07-22 20:18:15 [motherlode2] FindFilledBlock: found at 1306,692 (23x23 0x00B809 tol=5, 0 ms)
2026-07-22 20:18:15 [motherlode2] Tracking not-yet-stable target at 1306,692 (search 0 ms)
2026-07-22 20:18:15 [motherlode2] FindFilledBlock: found at 1308,680 (23x23 0x00B809 tol=5, 16 ms)
2026-07-22 20:18:15 [motherlode2] Tracking not-yet-stable target at 1308,680 (search 16 ms)
2026-07-22 20:18:16 [motherlode2] FindFilledBlock: found at 1300,674 (23x23 0x00B809 tol=5, 0 ms)
2026-07-22 20:18:16 [motherlode2] Tracking not-yet-stable target at 1300,674 (search 16 ms)
2026-07-22 20:18:16 [motherlode2] FindFilledBlock: found at 1288,672 (23x23 0x00B809 tol=5, 0 ms)
2026-07-22 20:18:16 [motherlode2] Tracking not-yet-stable target at 1288,672 (search 0 ms)
2026-07-22 20:18:16 [motherlode2] FindFilledBlock: found at 1272,670 (23x23 0x00B809 tol=5, 0 ms)
2026-07-22 20:18:16 [motherlode2] Tracking not-yet-stable target at 1272,670 (search 0 ms)
2026-07-22 20:18:16 [motherlode2] FindFilledBlock: found at 1260,670 (23x23 0x00B809 tol=5, 0 ms)
2026-07-22 20:18:16 [motherlode2] Tracking not-yet-stable target at 1260,670 (search 0 ms)
2026-07-22 20:18:16 [motherlode2] FindFilledBlock: found at 1252,670 (23x23 0x00B809 tol=5, 0 ms)
2026-07-22 20:18:16 [motherlode2] Tracking not-yet-stable target at 1252,670 (search 0 ms)
2026-07-22 20:18:16 [motherlode2] F9 pressed - DEBUG MODE ON (full at slot 5)
2026-07-22 20:18:17 [motherlode2] FindFilledBlock: found at 1252,670 (23x23 0x00B809 tol=5, 0 ms)
2026-07-22 20:18:17 [motherlode2] Tracking not-yet-stable target at 1252,670 (search 0 ms)
2026-07-22 20:18:17 [motherlode2] FindFilledBlock: found at 1254,670 (23x23 0x00B809 tol=5, 0 ms)
2026-07-22 20:18:17 [motherlode2] Clicked STABLE target at 1254,670 (search 0 ms)
2026-07-22 20:18:17 [motherlode2] FindFilledBlock: found at 1278,670 (23x23 0x00B809 tol=5, 0 ms)
2026-07-22 20:18:17 [motherlode2] Tracking not-yet-stable target at 1278,670 (search 0 ms)
2026-07-22 20:18:18 [motherlode2] FindFilledBlock: found at 1282,670 (23x23 0x00B809 tol=5, 0 ms)
2026-07-22 20:18:18 [motherlode2] Tracking not-yet-stable target at 1282,670 (search 0 ms)
2026-07-22 20:18:18 [motherlode2] FindFilledBlock: found at 1294,670 (23x23 0x00B809 tol=5, 0 ms)
2026-07-22 20:18:18 [motherlode2] Tracking not-yet-stable target at 1294,670 (search 0 ms)
2026-07-22 20:18:18 [motherlode2] FindFilledBlock: found at 1302,674 (23x23 0x00B809 tol=5, 0 ms)
2026-07-22 20:18:18 [motherlode2] Tracking not-yet-stable target at 1302,674 (search 0 ms)
2026-07-22 20:18:18 [motherlode2] FindFilledBlock: found at 1306,686 (23x23 0x00B809 tol=5, 16 ms)
2026-07-22 20:18:18 [motherlode2] Tracking not-yet-stable target at 1306,686 (search 16 ms)
2026-07-22 20:18:18 [motherlode2] FindFilledBlock: found at 1304,692 (23x23 0x00B809 tol=5, 0 ms)
2026-07-22 20:18:18 [motherlode2] F12 pressed - exiting

2026-07-22 20:18:22 [motherlode2] Script loaded. F5=start full loop  F8=probe check slot+sack slots  F9=toggle debug mode  F6=stop  F12=exit. Veins=0x00FF00/0x00B809
2026-07-22 20:18:22 [motherlode2] F9 pressed - DEBUG MODE ON (full at slot 5)
2026-07-22 20:18:24 [motherlode2] Motherlode2 started: veins=0x00FF00/0x00B809 hopperCycles=1 sackCycles=1
2026-07-22 20:18:24 [motherlode2] FindFilledBlock: found at 1204,630 (23x23 0x00FF00 tol=5, 0 ms)
2026-07-22 20:18:24 [motherlode2] FindFilledBlock: found at 1306,706 (23x23 0x00B809 tol=5, 0 ms)
2026-07-22 20:18:24 [motherlode2] Acquired new target at 1306,706 (0x00B809, ring 90, 15 ms)
2026-07-22 20:18:24 [motherlode2] FindFilledBlock: found at 1306,706 (23x23 0x00B809 tol=5, 15 ms)
2026-07-22 20:18:24 [motherlode2] Clicked initial/re-click target at 1306,706 (search 15 ms)
2026-07-22 20:18:24 [motherlode2] FindFilledBlock: found at 1330,706 (23x23 0x00B809 tol=5, 15 ms)
2026-07-22 20:18:24 [motherlode2] Tracking not-yet-stable target at 1330,706 (search 15 ms)
2026-07-22 20:18:24 [motherlode2] FindFilledBlock: found at 1306,706 (23x23 0x00B809 tol=5, 15 ms)
2026-07-22 20:18:24 [motherlode2] Tracking not-yet-stable target at 1306,706 (search 15 ms)
2026-07-22 20:18:25 [motherlode2] FindFilledBlock: found at 1306,700 (23x23 0x00B809 tol=5, 16 ms)
2026-07-22 20:18:25 [motherlode2] Tracking not-yet-stable target at 1306,700 (search 16 ms)
2026-07-22 20:18:25 [motherlode2] FindFilledBlock: found at 1316,690 (23x23 0x00B809 tol=5, 16 ms)
2026-07-22 20:18:25 [motherlode2] Tracking not-yet-stable target at 1316,690 (search 16 ms)
2026-07-22 20:18:25 [motherlode2] FindFilledBlock: found at 1310,680 (23x23 0x00B809 tol=5, 0 ms)
2026-07-22 20:18:25 [motherlode2] Tracking not-yet-stable target at 1310,680 (search 0 ms)
2026-07-22 20:18:25 [motherlode2] FindFilledBlock: found at 1304,676 (23x23 0x00B809 tol=5, 0 ms)
2026-07-22 20:18:25 [motherlode2] Tracking not-yet-stable target at 1304,676 (search 0 ms)
2026-07-22 20:18:26 [motherlode2] FindFilledBlock: found at 1294,672 (23x23 0x00B809 tol=5, 0 ms)
2026-07-22 20:18:26 [motherlode2] Tracking not-yet-stable target at 1294,672 (search 0 ms)
2026-07-22 20:18:26 [motherlode2] FindFilledBlock: found at 1280,670 (23x23 0x00B809 tol=5, 0 ms)
2026-07-22 20:18:26 [motherlode2] Tracking not-yet-stable target at 1280,670 (search 0 ms)
2026-07-22 20:18:26 [motherlode2] FindFilledBlock: found at 1264,670 (23x23 0x00B809 tol=5, 0 ms)
2026-07-22 20:18:26 [motherlode2] Tracking not-yet-stable target at 1264,670 (search 0 ms)
2026-07-22 20:18:26 [motherlode2] FindFilledBlock: found at 1254,670 (23x23 0x00B809 tol=5, 0 ms)
2026-07-22 20:18:26 [motherlode2] Tracking not-yet-stable target at 1254,670 (search 0 ms)
2026-07-22 20:18:26 [motherlode2] FindFilledBlock: found at 1248,670 (23x23 0x00B809 tol=5, 0 ms)
2026-07-22 20:18:26 [motherlode2] Tracking not-yet-stable target at 1248,670 (search 0 ms)
2026-07-22 20:18:27 [motherlode2] FindFilledBlock: found at 1244,670 (23x23 0x00B809 tol=5, 0 ms)
2026-07-22 20:18:27 [motherlode2] Tracking not-yet-stable target at 1244,670 (search 0 ms)
2026-07-22 20:18:27 [motherlode2] FindFilledBlock: found at 1242,670 (23x23 0x00B809 tol=5, 16 ms)
2026-07-22 20:18:27 [motherlode2] Clicked STABLE target at 1242,670 (search 16 ms)
2026-07-22 20:18:27 [motherlode2] FindFilledBlock: not found (23x23 0x00B809 tol=5, 16 ms)
2026-07-22 20:18:27 [motherlode2] Track: search missed this tick, but anchor point 1242,670 is still 0x00B809 - holding current target, not switching
2026-07-22 20:18:27 [motherlode2] Tracking stable target at 1242,670 (cooldown active, search 16 ms)
2026-07-22 20:18:28 [motherlode2] FindFilledBlock: found at 1242,670 (23x23 0x00B809 tol=5, 15 ms)
2026-07-22 20:18:28 [motherlode2] Tracking stable target at 1242,670 (cooldown active, search 15 ms)
2026-07-22 20:18:28 [motherlode2] FindFilledBlock: found at 1242,670 (23x23 0x00B809 tol=5, 0 ms)
2026-07-22 20:18:28 [motherlode2] Tracking stable target at 1242,670 (cooldown active, search 0 ms)
2026-07-22 20:18:28 [motherlode2] FindFilledBlock: found at 1242,670 (23x23 0x00B809 tol=5, 0 ms)
2026-07-22 20:18:28 [motherlode2] Tracking stable target at 1242,670 (cooldown active, search 0 ms)
2026-07-22 20:18:28 [motherlode2] FindImage: found at 2219,833 (C:\Users\link\Documents\GitHub\osrs-automation\Bots\..\Images\pay-dirt.png, 16 ms)
2026-07-22 20:18:28 [motherlode2] Slot 2 confirmed pay-dirt
2026-07-22 20:18:28 [motherlode2] FindFilledBlock: found at 1242,670 (23x23 0x00B809 tol=5, 15 ms)
2026-07-22 20:18:28 [motherlode2] Tracking stable target at 1242,670 (cooldown active, search 15 ms)
2026-07-22 20:18:28 [motherlode2] FindFilledBlock: found at 1242,670 (23x23 0x00B809 tol=5, 0 ms)
2026-07-22 20:18:28 [motherlode2] Tracking stable target at 1242,670 (cooldown active, search 0 ms)
2026-07-22 20:18:29 [motherlode2] FindFilledBlock: found at 1242,670 (23x23 0x00B809 tol=5, 16 ms)
2026-07-22 20:18:29 [motherlode2] Clicked STABLE target at 1242,670 (search 16 ms)
2026-07-22 20:18:29 [motherlode2] FindFilledBlock: not found (23x23 0x00B809 tol=5, 0 ms)
2026-07-22 20:18:29 [motherlode2] Track: search missed this tick, but anchor point 1242,670 is still 0x00B809 - holding current target, not switching
2026-07-22 20:18:29 [motherlode2] Tracking stable target at 1242,670 (cooldown active, search 0 ms)
2026-07-22 20:18:29 [motherlode2] FindFilledBlock: found at 1242,670 (23x23 0x00B809 tol=5, 0 ms)
2026-07-22 20:18:29 [motherlode2] Tracking stable target at 1242,670 (cooldown active, search 0 ms)
2026-07-22 20:18:30 [motherlode2] FindFilledBlock: found at 1242,670 (23x23 0x00B809 tol=5, 0 ms)
2026-07-22 20:18:30 [motherlode2] Tracking stable target at 1242,670 (cooldown active, search 0 ms)
2026-07-22 20:18:30 [motherlode2] FindFilledBlock: found at 1242,670 (23x23 0x00B809 tol=5, 0 ms)
2026-07-22 20:18:30 [motherlode2] Tracking stable target at 1242,670 (cooldown active, search 16 ms)
2026-07-22 20:18:30 [motherlode2] FindImage: found at 2303,833 (C:\Users\link\Documents\GitHub\osrs-automation\Bots\..\Images\pay-dirt.png, 15 ms)
2026-07-22 20:18:30 [motherlode2] Slot 3 confirmed pay-dirt
2026-07-22 20:18:30 [motherlode2] FindFilledBlock: found at 1242,670 (23x23 0x00B809 tol=5, 0 ms)
2026-07-22 20:18:30 [motherlode2] Tracking stable target at 1242,670 (cooldown active, search 15 ms)
2026-07-22 20:18:30 [motherlode2] FindFilledBlock: found at 1242,670 (23x23 0x00B809 tol=5, 0 ms)
2026-07-22 20:18:30 [motherlode2] Tracking stable target at 1242,670 (cooldown active, search 15 ms)
2026-07-22 20:18:30 [motherlode2] FindFilledBlock: found at 1242,670 (23x23 0x00B809 tol=5, 16 ms)
2026-07-22 20:18:31 [motherlode2] Clicked STABLE target at 1242,670 (search 16 ms)
2026-07-22 20:18:31 [motherlode2] FindFilledBlock: not found (23x23 0x00B809 tol=5, 0 ms)
2026-07-22 20:18:31 [motherlode2] Track: search missed this tick, but anchor point 1242,670 is still 0x00B809 - holding current target, not switching
2026-07-22 20:18:31 [motherlode2] Tracking stable target at 1242,670 (cooldown active, search 16 ms)
2026-07-22 20:18:31 [motherlode2] FindFilledBlock: found at 1242,670 (23x23 0x00B809 tol=5, 16 ms)
2026-07-22 20:18:31 [motherlode2] Tracking stable target at 1242,670 (cooldown active, search 16 ms)
2026-07-22 20:18:31 [motherlode2] FindFilledBlock: found at 1242,670 (23x23 0x00B809 tol=5, 0 ms)
2026-07-22 20:18:31 [motherlode2] Tracking stable target at 1242,670 (cooldown active, search 0 ms)
2026-07-22 20:18:32 [motherlode2] FindFilledBlock: found at 1242,670 (23x23 0x00B809 tol=5, 16 ms)
2026-07-22 20:18:32 [motherlode2] Tracking stable target at 1242,670 (cooldown active, search 16 ms)
2026-07-22 20:18:32 [motherlode2] FindFilledBlock: found at 1242,670 (23x23 0x00B809 tol=5, 15 ms)
2026-07-22 20:18:32 [motherlode2] Tracking stable target at 1242,670 (cooldown active, search 15 ms)
2026-07-22 20:18:32 [motherlode2] FindFilledBlock: found at 1242,670 (23x23 0x00B809 tol=5, 16 ms)
2026-07-22 20:18:32 [motherlode2] Tracking stable target at 1242,670 (cooldown active, search 16 ms)
2026-07-22 20:18:32 [motherlode2] FindFilledBlock: found at 1242,670 (23x23 0x00B809 tol=5, 0 ms)
2026-07-22 20:18:32 [motherlode2] Clicked STABLE target at 1242,670 (search 0 ms)
2026-07-22 20:18:33 [motherlode2] FindFilledBlock: not found (23x23 0x00B809 tol=5, 0 ms)
2026-07-22 20:18:33 [motherlode2] Track: search missed this tick, but anchor point 1242,670 is still 0x00B809 - holding current target, not switching
2026-07-22 20:18:33 [motherlode2] Tracking stable target at 1242,670 (cooldown active, search 0 ms)
2026-07-22 20:18:33 [motherlode2] FindFilledBlock: found at 1242,670 (23x23 0x00B809 tol=5, 15 ms)
2026-07-22 20:18:33 [motherlode2] Tracking stable target at 1242,670 (cooldown active, search 15 ms)
2026-07-22 20:18:33 [motherlode2] FindFilledBlock: found at 1242,670 (23x23 0x00B809 tol=5, 0 ms)
2026-07-22 20:18:33 [motherlode2] Tracking stable target at 1242,670 (cooldown active, search 0 ms)
2026-07-22 20:18:33 [motherlode2] FindFilledBlock: found at 1242,670 (23x23 0x00B809 tol=5, 15 ms)
2026-07-22 20:18:33 [motherlode2] Tracking stable target at 1242,670 (cooldown active, search 15 ms)
2026-07-22 20:18:33 [motherlode2] FindFilledBlock: found at 1242,670 (23x23 0x00B809 tol=5, 0 ms)
2026-07-22 20:18:33 [motherlode2] Tracking stable target at 1242,670 (cooldown active, search 0 ms)
2026-07-22 20:18:34 [motherlode2] FindFilledBlock: found at 1242,670 (23x23 0x00B809 tol=5, 16 ms)
2026-07-22 20:18:34 [motherlode2] Tracking stable target at 1242,670 (cooldown active, search 16 ms)
2026-07-22 20:18:34 [motherlode2] FindFilledBlock: found at 1242,670 (23x23 0x00B809 tol=5, 0 ms)
2026-07-22 20:18:34 [motherlode2] Clicked STABLE target at 1242,670 (search 0 ms)
2026-07-22 20:18:34 [motherlode2] FindFilledBlock: not found (23x23 0x00B809 tol=5, 0 ms)
2026-07-22 20:18:34 [motherlode2] Track: search missed this tick, but anchor point 1242,670 is still 0x00B809 - holding current target, not switching
2026-07-22 20:18:34 [motherlode2] Tracking stable target at 1242,670 (cooldown active, search 0 ms)
2026-07-22 20:18:35 [motherlode2] FindFilledBlock: found at 1242,670 (23x23 0x00B809 tol=5, 0 ms)
2026-07-22 20:18:35 [motherlode2] Tracking stable target at 1242,670 (cooldown active, search 0 ms)
2026-07-22 20:18:35 [motherlode2] FindFilledBlock: found at 1242,670 (23x23 0x00B809 tol=5, 0 ms)
2026-07-22 20:18:35 [motherlode2] Tracking stable target at 1242,670 (cooldown active, search 0 ms)
2026-07-22 20:18:35 [motherlode2] FindFilledBlock: found at 1242,670 (23x23 0x00B809 tol=5, 0 ms)
2026-07-22 20:18:35 [motherlode2] Tracking stable target at 1242,670 (cooldown active, search 0 ms)
2026-07-22 20:18:35 [motherlode2] FindFilledBlock: found at 1242,670 (23x23 0x00B809 tol=5, 16 ms)
2026-07-22 20:18:35 [motherlode2] Tracking stable target at 1242,670 (cooldown active, search 16 ms)
2026-07-22 20:18:35 [motherlode2] FindFilledBlock: found at 1242,670 (23x23 0x00B809 tol=5, 15 ms)
2026-07-22 20:18:35 [motherlode2] Tracking stable target at 1242,670 (cooldown active, search 15 ms)
2026-07-22 20:18:36 [motherlode2] FindFilledBlock: found at 1242,670 (23x23 0x00B809 tol=5, 15 ms)
2026-07-22 20:18:36 [motherlode2] Clicked STABLE target at 1242,670 (search 15 ms)
2026-07-22 20:18:36 [motherlode2] FindFilledBlock: not found (23x23 0x00B809 tol=5, 16 ms)
2026-07-22 20:18:36 [motherlode2] Track: search missed this tick, but anchor point 1242,670 is still 0x00B809 - holding current target, not switching
2026-07-22 20:18:36 [motherlode2] Tracking stable target at 1242,670 (cooldown active, search 16 ms)
2026-07-22 20:18:36 [motherlode2] FindFilledBlock: found at 1242,670 (23x23 0x00B809 tol=5, 15 ms)
2026-07-22 20:18:36 [motherlode2] Tracking stable target at 1242,670 (cooldown active, search 15 ms)
2026-07-22 20:18:37 [motherlode2] FindFilledBlock: found at 1242,670 (23x23 0x00B809 tol=5, 15 ms)
2026-07-22 20:18:37 [motherlode2] Tracking stable target at 1242,670 (cooldown active, search 15 ms)
2026-07-22 20:18:37 [motherlode2] FindFilledBlock: found at 1242,670 (23x23 0x00B809 tol=5, 16 ms)
2026-07-22 20:18:37 [motherlode2] Tracking stable target at 1242,670 (cooldown active, search 16 ms)
2026-07-22 20:18:37 [motherlode2] FindFilledBlock: found at 1242,670 (23x23 0x00B809 tol=5, 15 ms)
2026-07-22 20:18:37 [motherlode2] Tracking stable target at 1242,670 (cooldown active, search 15 ms)
2026-07-22 20:18:37 [motherlode2] FindFilledBlock: found at 1242,670 (23x23 0x00B809 tol=5, 0 ms)
2026-07-22 20:18:37 [motherlode2] Tracking stable target at 1242,670 (cooldown active, search 16 ms)
2026-07-22 20:18:37 [motherlode2] FindFilledBlock: found at 1242,670 (23x23 0x00B809 tol=5, 0 ms)
2026-07-22 20:18:38 [motherlode2] Clicked STABLE target at 1242,670 (search 0 ms)
2026-07-22 20:18:38 [motherlode2] FindFilledBlock: not found (23x23 0x00B809 tol=5, 0 ms)
2026-07-22 20:18:38 [motherlode2] Track: search missed this tick, but anchor point 1242,670 is still 0x00B809 - holding current target, not switching
2026-07-22 20:18:38 [motherlode2] Tracking stable target at 1242,670 (cooldown active, search 0 ms)
2026-07-22 20:18:38 [motherlode2] FindFilledBlock: found at 1242,670 (23x23 0x00B809 tol=5, 0 ms)
2026-07-22 20:18:38 [motherlode2] Tracking stable target at 1242,670 (cooldown active, search 0 ms)
2026-07-22 20:18:38 [motherlode2] FindFilledBlock: found at 1242,670 (23x23 0x00B809 tol=5, 15 ms)
2026-07-22 20:18:38 [motherlode2] Tracking stable target at 1242,670 (cooldown active, search 15 ms)
2026-07-22 20:18:39 [motherlode2] FindFilledBlock: found at 1242,670 (23x23 0x00B809 tol=5, 15 ms)
2026-07-22 20:18:39 [motherlode2] Tracking stable target at 1242,670 (cooldown active, search 15 ms)
2026-07-22 20:18:39 [motherlode2] FindFilledBlock: found at 1242,670 (23x23 0x00B809 tol=5, 15 ms)
2026-07-22 20:18:39 [motherlode2] Tracking stable target at 1242,670 (cooldown active, search 15 ms)
2026-07-22 20:18:39 [motherlode2] FindFilledBlock: found at 1242,670 (23x23 0x00B809 tol=5, 15 ms)
2026-07-22 20:18:39 [motherlode2] Tracking stable target at 1242,670 (cooldown active, search 15 ms)
2026-07-22 20:18:39 [motherlode2] FindFilledBlock: found at 1242,670 (23x23 0x00B809 tol=5, 16 ms)
2026-07-22 20:18:39 [motherlode2] Tracking stable target at 1242,670 (cooldown active, search 16 ms)
2026-07-22 20:18:39 [motherlode2] FindFilledBlock: found at 1242,670 (23x23 0x00B809 tol=5, 16 ms)
2026-07-22 20:18:40 [motherlode2] Clicked STABLE target at 1242,670 (search 16 ms)
2026-07-22 20:18:40 [motherlode2] FindFilledBlock: not found (23x23 0x00B809 tol=5, 0 ms)
2026-07-22 20:18:40 [motherlode2] Track: search missed this tick, but anchor point 1242,670 is still 0x00B809 - holding current target, not switching
2026-07-22 20:18:40 [motherlode2] Tracking stable target at 1242,670 (cooldown active, search 0 ms)
2026-07-22 20:18:40 [motherlode2] FindFilledBlock: found at 1242,670 (23x23 0x00B809 tol=5, 0 ms)
2026-07-22 20:18:40 [motherlode2] Tracking stable target at 1242,670 (cooldown active, search 0 ms)
2026-07-22 20:18:40 [motherlode2] FindFilledBlock: found at 1242,670 (23x23 0x00B809 tol=5, 0 ms)
2026-07-22 20:18:40 [motherlode2] Tracking stable target at 1242,670 (cooldown active, search 0 ms)
2026-07-22 20:18:40 [motherlode2] FindFilledBlock: found at 1242,670 (23x23 0x00B809 tol=5, 0 ms)
2026-07-22 20:18:40 [motherlode2] Tracking stable target at 1242,670 (cooldown active, search 0 ms)
2026-07-22 20:18:41 [motherlode2] FindImage: found at 2387,833 (C:\Users\link\Documents\GitHub\osrs-automation\Bots\..\Images\pay-dirt.png, 16 ms)
2026-07-22 20:18:41 [motherlode2] Slot 4 confirmed pay-dirt
2026-07-22 20:18:41 [motherlode2] FindFilledBlock: found at 1242,670 (23x23 0x00B809 tol=5, 15 ms)
2026-07-22 20:18:41 [motherlode2] Tracking stable target at 1242,670 (cooldown active, search 15 ms)
2026-07-22 20:18:41 [motherlode2] FindFilledBlock: found at 1242,670 (23x23 0x00B809 tol=5, 0 ms)
2026-07-22 20:18:41 [motherlode2] Tracking stable target at 1242,670 (cooldown active, search 0 ms)
2026-07-22 20:18:41 [motherlode2] FindFilledBlock: found at 1242,670 (23x23 0x00B809 tol=5, 0 ms)
2026-07-22 20:18:41 [motherlode2] Clicked STABLE target at 1242,670 (search 0 ms)
2026-07-22 20:18:42 [motherlode2] FindFilledBlock: not found (23x23 0x00B809 tol=5, 0 ms)
2026-07-22 20:18:42 [motherlode2] Track: search missed this tick, but anchor point 1242,670 is still 0x00B809 - holding current target, not switching
2026-07-22 20:18:42 [motherlode2] Tracking stable target at 1242,670 (cooldown active, search 0 ms)
2026-07-22 20:18:42 [motherlode2] FindFilledBlock: found at 1244,670 (23x23 0x00B809 tol=5, 0 ms)
2026-07-22 20:18:42 [motherlode2] Tracking stable target at 1244,670 (cooldown active, search 0 ms)
2026-07-22 20:18:42 [motherlode2] FindFilledBlock: found at 1244,670 (23x23 0x00B809 tol=5, 16 ms)
2026-07-22 20:18:42 [motherlode2] Tracking stable target at 1244,670 (cooldown active, search 16 ms)
2026-07-22 20:18:42 [motherlode2] FindFilledBlock: found at 1244,670 (23x23 0x00B809 tol=5, 0 ms)
2026-07-22 20:18:42 [motherlode2] Tracking stable target at 1244,670 (cooldown active, search 0 ms)
2026-07-22 20:18:42 [motherlode2] FindImage: found at 2135,905 (C:\Users\link\Documents\GitHub\osrs-automation\Bots\..\Images\pay-dirt.png, 15 ms)
2026-07-22 20:18:42 [motherlode2] Slot 5 confirmed pay-dirt
2026-07-22 20:18:42 [motherlode2] TrackAndClick: until-condition met (18922 ms total)
2026-07-22 20:18:42 [motherlode2] Inventory full - depositing into hopper (cycle 1/1)
2026-07-22 20:18:42 [motherlode2] Hopper: depositing (first wait 15000ms, then re-clicking every 1500ms until clear, up to 600000ms total)
2026-07-22 20:18:42 [motherlode2] Hopper: waiting for hopper marker
2026-07-22 20:18:42 [motherlode2] FindFilledBlock: found at 1072,500 (23x23 0xC9FFC4 tol=5, 0 ms)
2026-07-22 20:18:42 [motherlode2] Hopper: clicking hopper marker at 1072,500
2026-07-22 20:18:46 [motherlode2] Hopper: inventory cleared - settling 600ms before continuing
2026-07-22 20:18:47 [motherlode2] GoToSackArea: waiting for entrance marker
2026-07-22 20:18:47 [motherlode2] FindFilledBlock: found at 1197,595 (17x17 0x5676FF tol=5, 0 ms)
2026-07-22 20:18:47 [motherlode2] GoToSackArea: clicking entrance marker at 1197,595
2026-07-22 20:18:47 [motherlode2] GoToSackArea: waiting for arrival
2026-07-22 20:18:47 [motherlode2] FindFilledBlock: not found (21x21 0x0B5C11 tol=5, 15 ms)
2026-07-22 20:18:47 [motherlode2] FindFilledBlock: not found (21x21 0x0B5C11 tol=5, 0 ms)
2026-07-22 20:18:47 [motherlode2] FindFilledBlock: not found (21x21 0x0B5C11 tol=5, 0 ms)
2026-07-22 20:18:48 [motherlode2] FindFilledBlock: not found (21x21 0x0B5C11 tol=5, 0 ms)
2026-07-22 20:18:48 [motherlode2] FindFilledBlock: not found (21x21 0x0B5C11 tol=5, 0 ms)
2026-07-22 20:18:48 [motherlode2] FindFilledBlock: not found (21x21 0x0B5C11 tol=5, 0 ms)
2026-07-22 20:18:48 [motherlode2] FindFilledBlock: not found (21x21 0x0B5C11 tol=5, 0 ms)
2026-07-22 20:18:48 [motherlode2] FindFilledBlock: not found (21x21 0x0B5C11 tol=5, 0 ms)
2026-07-22 20:18:48 [motherlode2] FindFilledBlock: not found (21x21 0x0B5C11 tol=5, 0 ms)
2026-07-22 20:18:49 [motherlode2] FindFilledBlock: not found (21x21 0x0B5C11 tol=5, 0 ms)
2026-07-22 20:18:49 [motherlode2] FindFilledBlock: not found (21x21 0x0B5C11 tol=5, 0 ms)
2026-07-22 20:18:49 [motherlode2] FindFilledBlock: not found (21x21 0x0B5C11 tol=5, 0 ms)
2026-07-22 20:18:49 [motherlode2] FindFilledBlock: not found (21x21 0x0B5C11 tol=5, 0 ms)
2026-07-22 20:18:49 [motherlode2] FindFilledBlock: not found (21x21 0x0B5C11 tol=5, 0 ms)
2026-07-22 20:18:49 [motherlode2] FindFilledBlock: not found (21x21 0x0B5C11 tol=5, 0 ms)
2026-07-22 20:18:50 [motherlode2] FindFilledBlock: not found (21x21 0x0B5C11 tol=5, 16 ms)
2026-07-22 20:18:50 [motherlode2] FindFilledBlock: not found (21x21 0x0B5C11 tol=5, 0 ms)
2026-07-22 20:18:50 [motherlode2] FindFilledBlock: not found (21x21 0x0B5C11 tol=5, 0 ms)
2026-07-22 20:18:50 [motherlode2] FindFilledBlock: not found (21x21 0x0B5C11 tol=5, 0 ms)
2026-07-22 20:18:50 [motherlode2] FindFilledBlock: not found (21x21 0x0B5C11 tol=5, 0 ms)
2026-07-22 20:18:51 [motherlode2] FindFilledBlock: not found (21x21 0x0B5C11 tol=5, 16 ms)
2026-07-22 20:18:51 [motherlode2] FindFilledBlock: not found (21x21 0x0B5C11 tol=5, 0 ms)
2026-07-22 20:18:51 [motherlode2] FindFilledBlock: not found (21x21 0x0B5C11 tol=5, 0 ms)
2026-07-22 20:18:51 [motherlode2] FindFilledBlock: not found (21x21 0x0B5C11 tol=5, 0 ms)
2026-07-22 20:18:51 [motherlode2] FindFilledBlock: not found (21x21 0x0B5C11 tol=5, 0 ms)
2026-07-22 20:18:51 [motherlode2] FindFilledBlock: not found (21x21 0x0B5C11 tol=5, 0 ms)
2026-07-22 20:18:52 [motherlode2] FindFilledBlock: not found (21x21 0x0B5C11 tol=5, 16 ms)
2026-07-22 20:18:52 [motherlode2] FindFilledBlock: not found (21x21 0x0B5C11 tol=5, 0 ms)
2026-07-22 20:18:52 [motherlode2] FindFilledBlock: not found (21x21 0x0B5C11 tol=5, 0 ms)
2026-07-22 20:18:52 [motherlode2] FindFilledBlock: not found (21x21 0x0B5C11 tol=5, 0 ms)
2026-07-22 20:18:52 [motherlode2] FindFilledBlock: not found (21x21 0x0B5C11 tol=5, 16 ms)
2026-07-22 20:18:53 [motherlode2] FindFilledBlock: not found (21x21 0x0B5C11 tol=5, 16 ms)
2026-07-22 20:18:53 [motherlode2] FindFilledBlock: not found (21x21 0x0B5C11 tol=5, 16 ms)
2026-07-22 20:18:53 [motherlode2] FindFilledBlock: not found (21x21 0x0B5C11 tol=5, 16 ms)
2026-07-22 20:18:53 [motherlode2] FindFilledBlock: not found (21x21 0x0B5C11 tol=5, 16 ms)
2026-07-22 20:18:53 [motherlode2] FindFilledBlock: not found (21x21 0x0B5C11 tol=5, 16 ms)
2026-07-22 20:18:53 [motherlode2] FindFilledBlock: not found (21x21 0x0B5C11 tol=5, 16 ms)
2026-07-22 20:18:54 [motherlode2] FindFilledBlock: not found (21x21 0x0B5C11 tol=5, 16 ms)
2026-07-22 20:18:54 [motherlode2] FindFilledBlock: not found (21x21 0x0B5C11 tol=5, 16 ms)
2026-07-22 20:18:54 [motherlode2] FindFilledBlock: not found (21x21 0x0B5C11 tol=5, 16 ms)
2026-07-22 20:18:54 [motherlode2] FindFilledBlock: not found (21x21 0x0B5C11 tol=5, 0 ms)
2026-07-22 20:18:54 [motherlode2] FindFilledBlock: not found (21x21 0x0B5C11 tol=5, 0 ms)
2026-07-22 20:18:55 [motherlode2] FindFilledBlock: not found (21x21 0x0B5C11 tol=5, 0 ms)
2026-07-22 20:18:55 [motherlode2] FindFilledBlock: not found (21x21 0x0B5C11 tol=5, 0 ms)
2026-07-22 20:18:55 [motherlode2] FindFilledBlock: not found (21x21 0x0B5C11 tol=5, 0 ms)
2026-07-22 20:18:55 [motherlode2] FindFilledBlock: not found (21x21 0x0B5C11 tol=5, 16 ms)
2026-07-22 20:18:55 [motherlode2] FindFilledBlock: not found (21x21 0x0B5C11 tol=5, 0 ms)
2026-07-22 20:18:55 [motherlode2] FindFilledBlock: not found (21x21 0x0B5C11 tol=5, 16 ms)
2026-07-22 20:18:56 [motherlode2] FindFilledBlock: not found (21x21 0x0B5C11 tol=5, 16 ms)
2026-07-22 20:18:56 [motherlode2] FindFilledBlock: not found (21x21 0x0B5C11 tol=5, 16 ms)
2026-07-22 20:18:56 [motherlode2] FindFilledBlock: not found (21x21 0x0B5C11 tol=5, 16 ms)
2026-07-22 20:18:56 [motherlode2] FindFilledBlock: not found (21x21 0x0B5C11 tol=5, 16 ms)
2026-07-22 20:18:56 [motherlode2] FindFilledBlock: not found (21x21 0x0B5C11 tol=5, 16 ms)
2026-07-22 20:18:57 [motherlode2] FindFilledBlock: not found (21x21 0x0B5C11 tol=5, 0 ms)
2026-07-22 20:18:57 [motherlode2] FindFilledBlock: not found (21x21 0x0B5C11 tol=5, 0 ms)
2026-07-22 20:18:57 [motherlode2] FindFilledBlock: not found (21x21 0x0B5C11 tol=5, 0 ms)
2026-07-22 20:18:57 [motherlode2] FindFilledBlock: not found (21x21 0x0B5C11 tol=5, 0 ms)
2026-07-22 20:18:57 [motherlode2] FindFilledBlock: not found (21x21 0x0B5C11 tol=5, 15 ms)
2026-07-22 20:18:57 [motherlode2] FindFilledBlock: not found (21x21 0x0B5C11 tol=5, 16 ms)
2026-07-22 20:18:58 [motherlode2] FindFilledBlock: not found (21x21 0x0B5C11 tol=5, 0 ms)
2026-07-22 20:18:58 [motherlode2] FindFilledBlock: not found (21x21 0x0B5C11 tol=5, 16 ms)
2026-07-22 20:18:58 [motherlode2] FindFilledBlock: not found (21x21 0x0B5C11 tol=5, 16 ms)
2026-07-22 20:18:58 [motherlode2] FindFilledBlock: not found (21x21 0x0B5C11 tol=5, 15 ms)
2026-07-22 20:18:58 [motherlode2] FindFilledBlock: not found (21x21 0x0B5C11 tol=5, 16 ms)
2026-07-22 20:18:59 [motherlode2] FindFilledBlock: not found (21x21 0x0B5C11 tol=5, 0 ms)
2026-07-22 20:18:59 [motherlode2] FindFilledBlock: not found (21x21 0x0B5C11 tol=5, 15 ms)
2026-07-22 20:18:59 [motherlode2] FindFilledBlock: not found (21x21 0x0B5C11 tol=5, 0 ms)
2026-07-22 20:18:59 [motherlode2] FindFilledBlock: not found (21x21 0x0B5C11 tol=5, 0 ms)
2026-07-22 20:18:59 [motherlode2] FindFilledBlock: not found (21x21 0x0B5C11 tol=5, 0 ms)
2026-07-22 20:19:00 [motherlode2] FindFilledBlock: not found (21x21 0x0B5C11 tol=5, 0 ms)
2026-07-22 20:19:00 [motherlode2] FindFilledBlock: not found (21x21 0x0B5C11 tol=5, 0 ms)
2026-07-22 20:19:00 [motherlode2] FindFilledBlock: not found (21x21 0x0B5C11 tol=5, 0 ms)
2026-07-22 20:19:00 [motherlode2] FindFilledBlock: not found (21x21 0x0B5C11 tol=5, 0 ms)
2026-07-22 20:19:00 [motherlode2] FindFilledBlock: not found (21x21 0x0B5C11 tol=5, 0 ms)
2026-07-22 20:19:00 [motherlode2] FindFilledBlock: not found (21x21 0x0B5C11 tol=5, 0 ms)
2026-07-22 20:19:01 [motherlode2] FindFilledBlock: not found (21x21 0x0B5C11 tol=5, 15 ms)
2026-07-22 20:19:01 [motherlode2] FindFilledBlock: not found (21x21 0x0B5C11 tol=5, 0 ms)
2026-07-22 20:19:01 [motherlode2] FindFilledBlock: not found (21x21 0x0B5C11 tol=5, 0 ms)
2026-07-22 20:19:01 [motherlode2] FindFilledBlock: not found (21x21 0x0B5C11 tol=5, 0 ms)
2026-07-22 20:19:01 [motherlode2] FindFilledBlock: not found (21x21 0x0B5C11 tol=5, 0 ms)
2026-07-22 20:19:01 [motherlode2] FindFilledBlock: not found (21x21 0x0B5C11 tol=5, 0 ms)
2026-07-22 20:19:02 [motherlode2] FindFilledBlock: not found (21x21 0x0B5C11 tol=5, 0 ms)
2026-07-22 20:19:02 [motherlode2] FindFilledBlock: not found (21x21 0x0B5C11 tol=5, 0 ms)
2026-07-22 20:19:02 [motherlode2] FindFilledBlock: not found (21x21 0x0B5C11 tol=5, 0 ms)
2026-07-22 20:19:02 [motherlode2] FindFilledBlock: not found (21x21 0x0B5C11 tol=5, 0 ms)
2026-07-22 20:19:02 [motherlode2] FindFilledBlock: not found (21x21 0x0B5C11 tol=5, 0 ms)
2026-07-22 20:19:02 [motherlode2] FindFilledBlock: not found (21x21 0x0B5C11 tol=5, 0 ms)
2026-07-22 20:19:03 [motherlode2] FindFilledBlock: not found (21x21 0x0B5C11 tol=5, 0 ms)
2026-07-22 20:19:03 [motherlode2] FindFilledBlock: not found (21x21 0x0B5C11 tol=5, 0 ms)
2026-07-22 20:19:03 [motherlode2] FindFilledBlock: not found (21x21 0x0B5C11 tol=5, 0 ms)
2026-07-22 20:19:03 [motherlode2] FindFilledBlock: not found (21x21 0x0B5C11 tol=5, 0 ms)
2026-07-22 20:19:03 [motherlode2] FindFilledBlock: not found (21x21 0x0B5C11 tol=5, 0 ms)
2026-07-22 20:19:03 [motherlode2] FindFilledBlock: not found (21x21 0x0B5C11 tol=5, 0 ms)
2026-07-22 20:19:04 [motherlode2] FindFilledBlock: not found (21x21 0x0B5C11 tol=5, 0 ms)
2026-07-22 20:19:04 [motherlode2] FindFilledBlock: not found (21x21 0x0B5C11 tol=5, 16 ms)
2026-07-22 20:19:04 [motherlode2] FindFilledBlock: not found (21x21 0x0B5C11 tol=5, 16 ms)
2026-07-22 20:19:04 [motherlode2] FindFilledBlock: not found (21x21 0x0B5C11 tol=5, 16 ms)
2026-07-22 20:19:04 [motherlode2] FindFilledBlock: not found (21x21 0x0B5C11 tol=5, 16 ms)
2026-07-22 20:19:05 [motherlode2] FindFilledBlock: not found (21x21 0x0B5C11 tol=5, 16 ms)
2026-07-22 20:19:05 [motherlode2] FindFilledBlock: not found (21x21 0x0B5C11 tol=5, 16 ms)
2026-07-22 20:19:05 [motherlode2] FindFilledBlock: not found (21x21 0x0B5C11 tol=5, 16 ms)
2026-07-22 20:19:05 [motherlode2] FindFilledBlock: not found (21x21 0x0B5C11 tol=5, 0 ms)
2026-07-22 20:19:05 [motherlode2] FindFilledBlock: not found (21x21 0x0B5C11 tol=5, 0 ms)
2026-07-22 20:19:05 [motherlode2] FindFilledBlock: not found (21x21 0x0B5C11 tol=5, 0 ms)
2026-07-22 20:19:06 [motherlode2] FindFilledBlock: not found (21x21 0x0B5C11 tol=5, 0 ms)
2026-07-22 20:19:06 [motherlode2] FindFilledBlock: not found (21x21 0x0B5C11 tol=5, 0 ms)
2026-07-22 20:19:06 [motherlode2] FindFilledBlock: not found (21x21 0x0B5C11 tol=5, 0 ms)
2026-07-22 20:19:06 [motherlode2] FindFilledBlock: not found (21x21 0x0B5C11 tol=5, 16 ms)
2026-07-22 20:19:06 [motherlode2] FindFilledBlock: not found (21x21 0x0B5C11 tol=5, 16 ms)
2026-07-22 20:19:07 [motherlode2] FindFilledBlock: not found (21x21 0x0B5C11 tol=5, 0 ms)
2026-07-22 20:19:07 [motherlode2] FindFilledBlock: not found (21x21 0x0B5C11 tol=5, 0 ms)
2026-07-22 20:19:07 [motherlode2] FindFilledBlock: not found (21x21 0x0B5C11 tol=5, 0 ms)
2026-07-22 20:19:07 [motherlode2] FindFilledBlock: not found (21x21 0x0B5C11 tol=5, 0 ms)
2026-07-22 20:19:07 [motherlode2] FindFilledBlock: not found (21x21 0x0B5C11 tol=5, 0 ms)
2026-07-22 20:19:07 [motherlode2] FindFilledBlock: not found (21x21 0x0B5C11 tol=5, 0 ms)
2026-07-22 20:19:08 [motherlode2] FindFilledBlock: not found (21x21 0x0B5C11 tol=5, 0 ms)
2026-07-22 20:19:08 [motherlode2] FindFilledBlock: not found (21x21 0x0B5C11 tol=5, 0 ms)
2026-07-22 20:19:08 [motherlode2] FindFilledBlock: not found (21x21 0x0B5C11 tol=5, 0 ms)
2026-07-22 20:19:08 [motherlode2] FindFilledBlock: not found (21x21 0x0B5C11 tol=5, 0 ms)
2026-07-22 20:19:08 [motherlode2] FindFilledBlock: not found (21x21 0x0B5C11 tol=5, 0 ms)
2026-07-22 20:19:08 [motherlode2] FindFilledBlock: not found (21x21 0x0B5C11 tol=5, 0 ms)
2026-07-22 20:19:09 [motherlode2] FindFilledBlock: not found (21x21 0x0B5C11 tol=5, 0 ms)
2026-07-22 20:19:09 [motherlode2] FindFilledBlock: not found (21x21 0x0B5C11 tol=5, 0 ms)
2026-07-22 20:19:09 [motherlode2] FindFilledBlock: not found (21x21 0x0B5C11 tol=5, 0 ms)
2026-07-22 20:19:09 [motherlode2] FindFilledBlock: not found (21x21 0x0B5C11 tol=5, 0 ms)
2026-07-22 20:19:09 [motherlode2] FindFilledBlock: not found (21x21 0x0B5C11 tol=5, 0 ms)
2026-07-22 20:19:10 [motherlode2] FindFilledBlock: not found (21x21 0x0B5C11 tol=5, 0 ms)
2026-07-22 20:19:10 [motherlode2] FindFilledBlock: not found (21x21 0x0B5C11 tol=5, 0 ms)
2026-07-22 20:19:10 [motherlode2] FindFilledBlock: not found (21x21 0x0B5C11 tol=5, 0 ms)
2026-07-22 20:19:10 [motherlode2] FindFilledBlock: not found (21x21 0x0B5C11 tol=5, 0 ms)
2026-07-22 20:19:10 [motherlode2] FindFilledBlock: not found (21x21 0x0B5C11 tol=5, 0 ms)
2026-07-22 20:19:10 [motherlode2] FindFilledBlock: not found (21x21 0x0B5C11 tol=5, 0 ms)
2026-07-22 20:19:11 [motherlode2] FindFilledBlock: not found (21x21 0x0B5C11 tol=5, 0 ms)
2026-07-22 20:19:11 [motherlode2] FindFilledBlock: not found (21x21 0x0B5C11 tol=5, 0 ms)
2026-07-22 20:19:11 [motherlode2] FindFilledBlock: not found (21x21 0x0B5C11 tol=5, 0 ms)
2026-07-22 20:19:11 [motherlode2] FindFilledBlock: not found (21x21 0x0B5C11 tol=5, 15 ms)
2026-07-22 20:19:11 [motherlode2] FindFilledBlock: not found (21x21 0x0B5C11 tol=5, 16 ms)
2026-07-22 20:19:11 [motherlode2] FindFilledBlock: not found (21x21 0x0B5C11 tol=5, 0 ms)
2026-07-22 20:19:12 [motherlode2] FindFilledBlock: not found (21x21 0x0B5C11 tol=5, 0 ms)
2026-07-22 20:19:12 [motherlode2] FindFilledBlock: not found (21x21 0x0B5C11 tol=5, 0 ms)
2026-07-22 20:19:12 [motherlode2] FindFilledBlock: not found (21x21 0x0B5C11 tol=5, 0 ms)
2026-07-22 20:19:12 [motherlode2] FindFilledBlock: not found (21x21 0x0B5C11 tol=5, 0 ms)
2026-07-22 20:19:12 [motherlode2] FindFilledBlock: not found (21x21 0x0B5C11 tol=5, 0 ms)
2026-07-22 20:19:12 [motherlode2] FindFilledBlock: not found (21x21 0x0B5C11 tol=5, 0 ms)
2026-07-22 20:19:13 [motherlode2] FindFilledBlock: not found (21x21 0x0B5C11 tol=5, 0 ms)
2026-07-22 20:19:13 [motherlode2] FindFilledBlock: not found (21x21 0x0B5C11 tol=5, 0 ms)
2026-07-22 20:19:13 [motherlode2] FindFilledBlock: not found (21x21 0x0B5C11 tol=5, 0 ms)
2026-07-22 20:19:13 [motherlode2] FindFilledBlock: not found (21x21 0x0B5C11 tol=5, 0 ms)
2026-07-22 20:19:13 [motherlode2] FindFilledBlock: not found (21x21 0x0B5C11 tol=5, 0 ms)
2026-07-22 20:19:14 [motherlode2] FindFilledBlock: not found (21x21 0x0B5C11 tol=5, 0 ms)
2026-07-22 20:19:14 [motherlode2] FindFilledBlock: not found (21x21 0x0B5C11 tol=5, 0 ms)
2026-07-22 20:19:14 [motherlode2] FindFilledBlock: not found (21x21 0x0B5C11 tol=5, 0 ms)
2026-07-22 20:19:14 [motherlode2] FindFilledBlock: not found (21x21 0x0B5C11 tol=5, 0 ms)
2026-07-22 20:19:14 [motherlode2] FindFilledBlock: not found (21x21 0x0B5C11 tol=5, 0 ms)
2026-07-22 20:19:14 [motherlode2] FindFilledBlock: not found (21x21 0x0B5C11 tol=5, 0 ms)
2026-07-22 20:19:15 [motherlode2] FindFilledBlock: not found (21x21 0x0B5C11 tol=5, 0 ms)
2026-07-22 20:19:15 [motherlode2] FindFilledBlock: not found (21x21 0x0B5C11 tol=5, 0 ms)
2026-07-22 20:19:15 [motherlode2] FindFilledBlock: not found (21x21 0x0B5C11 tol=5, 0 ms)
2026-07-22 20:19:15 [motherlode2] FindFilledBlock: not found (21x21 0x0B5C11 tol=5, 15 ms)
2026-07-22 20:19:15 [motherlode2] FindFilledBlock: not found (21x21 0x0B5C11 tol=5, 16 ms)
2026-07-22 20:19:15 [motherlode2] FindFilledBlock: not found (21x21 0x0B5C11 tol=5, 0 ms)
2026-07-22 20:19:16 [motherlode2] FindFilledBlock: not found (21x21 0x0B5C11 tol=5, 0 ms)
2026-07-22 20:19:16 [motherlode2] FindFilledBlock: not found (21x21 0x0B5C11 tol=5, 0 ms)
2026-07-22 20:19:16 [motherlode2] FindFilledBlock: not found (21x21 0x0B5C11 tol=5, 16 ms)
2026-07-22 20:19:16 [motherlode2] FindFilledBlock: not found (21x21 0x0B5C11 tol=5, 0 ms)
2026-07-22 20:19:16 [motherlode2] FindFilledBlock: found at 1581,437 (21x21 0x0B5C11 tol=5, 0 ms)
2026-07-22 20:19:16 [motherlode2] GoToSackArea: arrived
2026-07-22 20:19:16 [motherlode2] Sack/bank cycle 1/1
2026-07-22 20:19:16 [motherlode2] Sack: withdrawing (first wait 7500ms, then re-clicking every 1500ms until slots 2/3/4 fill)
2026-07-22 20:19:16 [motherlode2] Sack: waiting for sack
2026-07-22 20:19:16 [motherlode2] FindImage: not found (C:\Users\link\Documents\GitHub\osrs-automation\Bots\..\Images\sack.png, 16 ms)
2026-07-22 20:19:17 [motherlode2] FindImage: not found (C:\Users\link\Documents\GitHub\osrs-automation\Bots\..\Images\sack.png, 15 ms)
2026-07-22 20:19:17 [motherlode2] FindImage: not found (C:\Users\link\Documents\GitHub\osrs-automation\Bots\..\Images\sack.png, 16 ms)
2026-07-22 20:19:17 [motherlode2] FindImage: not found (C:\Users\link\Documents\GitHub\osrs-automation\Bots\..\Images\sack.png, 15 ms)
2026-07-22 20:19:17 [motherlode2] FindImage: not found (C:\Users\link\Documents\GitHub\osrs-automation\Bots\..\Images\sack.png, 16 ms)
2026-07-22 20:19:17 [motherlode2] FindImage: not found (C:\Users\link\Documents\GitHub\osrs-automation\Bots\..\Images\sack.png, 15 ms)
2026-07-22 20:19:18 [motherlode2] FindImage: not found (C:\Users\link\Documents\GitHub\osrs-automation\Bots\..\Images\sack.png, 16 ms)
2026-07-22 20:19:18 [motherlode2] FindImage: not found (C:\Users\link\Documents\GitHub\osrs-automation\Bots\..\Images\sack.png, 15 ms)
2026-07-22 20:19:18 [motherlode2] FindImage: not found (C:\Users\link\Documents\GitHub\osrs-automation\Bots\..\Images\sack.png, 16 ms)
2026-07-22 20:19:18 [motherlode2] FindImage: not found (C:\Users\link\Documents\GitHub\osrs-automation\Bots\..\Images\sack.png, 15 ms)
2026-07-22 20:19:18 [motherlode2] FindImage: not found (C:\Users\link\Documents\GitHub\osrs-automation\Bots\..\Images\sack.png, 16 ms)
2026-07-22 20:19:18 [motherlode2] FindImage: not found (C:\Users\link\Documents\GitHub\osrs-automation\Bots\..\Images\sack.png, 15 ms)
2026-07-22 20:19:19 [motherlode2] FindImage: not found (C:\Users\link\Documents\GitHub\osrs-automation\Bots\..\Images\sack.png, 16 ms)
2026-07-22 20:19:19 [motherlode2] FindImage: not found (C:\Users\link\Documents\GitHub\osrs-automation\Bots\..\Images\sack.png, 15 ms)
2026-07-22 20:19:19 [motherlode2] FindImage: not found (C:\Users\link\Documents\GitHub\osrs-automation\Bots\..\Images\sack.png, 16 ms)
2026-07-22 20:19:19 [motherlode2] FindImage: not found (C:\Users\link\Documents\GitHub\osrs-automation\Bots\..\Images\sack.png, 15 ms)
2026-07-22 20:19:19 [motherlode2] FindImage: not found (C:\Users\link\Documents\GitHub\osrs-automation\Bots\..\Images\sack.png, 16 ms)
2026-07-22 20:19:20 [motherlode2] FindImage: not found (C:\Users\link\Documents\GitHub\osrs-automation\Bots\..\Images\sack.png, 15 ms)
2026-07-22 20:19:20 [motherlode2] FindImage: not found (C:\Users\link\Documents\GitHub\osrs-automation\Bots\..\Images\sack.png, 0 ms)
2026-07-22 20:19:20 [motherlode2] FindImage: not found (C:\Users\link\Documents\GitHub\osrs-automation\Bots\..\Images\sack.png, 0 ms)
2026-07-22 20:19:20 [motherlode2] FindImage: not found (C:\Users\link\Documents\GitHub\osrs-automation\Bots\..\Images\sack.png, 16 ms)
2026-07-22 20:19:20 [motherlode2] FindImage: not found (C:\Users\link\Documents\GitHub\osrs-automation\Bots\..\Images\sack.png, 0 ms)
2026-07-22 20:19:20 [motherlode2] FindImage: not found (C:\Users\link\Documents\GitHub\osrs-automation\Bots\..\Images\sack.png, 16 ms)
2026-07-22 20:19:21 [motherlode2] FindImage: not found (C:\Users\link\Documents\GitHub\osrs-automation\Bots\..\Images\sack.png, 16 ms)
2026-07-22 20:19:21 [motherlode2] FindImage: not found (C:\Users\link\Documents\GitHub\osrs-automation\Bots\..\Images\sack.png, 16 ms)
2026-07-22 20:19:21 [motherlode2] FindImage: not found (C:\Users\link\Documents\GitHub\osrs-automation\Bots\..\Images\sack.png, 16 ms)
2026-07-22 20:19:21 [motherlode2] FindImage: not found (C:\Users\link\Documents\GitHub\osrs-automation\Bots\..\Images\sack.png, 16 ms)
2026-07-22 20:19:21 [motherlode2] FindImage: not found (C:\Users\link\Documents\GitHub\osrs-automation\Bots\..\Images\sack.png, 16 ms)
2026-07-22 20:19:22 [motherlode2] FindImage: not found (C:\Users\link\Documents\GitHub\osrs-automation\Bots\..\Images\sack.png, 16 ms)
2026-07-22 20:19:22 [motherlode2] FindImage: not found (C:\Users\link\Documents\GitHub\osrs-automation\Bots\..\Images\sack.png, 0 ms)
2026-07-22 20:19:22 [motherlode2] FindImage: not found (C:\Users\link\Documents\GitHub\osrs-automation\Bots\..\Images\sack.png, 0 ms)
2026-07-22 20:19:22 [motherlode2] FindImage: not found (C:\Users\link\Documents\GitHub\osrs-automation\Bots\..\Images\sack.png, 0 ms)
2026-07-22 20:19:22 [motherlode2] F6 pressed - stop requested
2026-07-22 20:19:22 [motherlode2] Pause: stop flag seen - throwing BotStopped
2026-07-22 20:19:25 [motherlode2] F9 pressed - DEBUG MODE OFF (full at slot 28)
2026-07-22 20:19:26 [motherlode2] F9 pressed - DEBUG MODE ON (full at slot 5)
2026-07-22 20:19:27 [motherlode2] Motherlode2 started: veins=0x00FF00/0x00B809 hopperCycles=1 sackCycles=1
2026-07-22 20:19:27 [motherlode2] FindFilledBlock: found at 1169,706 (23x23 0x00FF00 tol=5, 15 ms)
2026-07-22 20:19:27 [motherlode2] FindFilledBlock: found at 1212,738 (23x23 0x00B809 tol=5, 0 ms)
2026-07-22 20:19:27 [motherlode2] Acquired new target at 1212,738 (0x00B809, ring 90, 31 ms)
2026-07-22 20:19:28 [motherlode2] FindFilledBlock: found at 1212,738 (23x23 0x00B809 tol=5, 0 ms)
2026-07-22 20:19:28 [motherlode2] Clicked initial/re-click target at 1212,738 (search 0 ms)
2026-07-22 20:19:28 [motherlode2] FindFilledBlock: not found (23x23 0x00B809 tol=5, 0 ms)
2026-07-22 20:19:28 [motherlode2] Track: search missed this tick, but anchor point 1212,738 is still 0x00B809 - holding current target, not switching
2026-07-22 20:19:28 [motherlode2] Tracking not-yet-stable target at 1212,738 (search 16 ms)
2026-07-22 20:19:28 [motherlode2] FindFilledBlock: found at 1208,736 (23x23 0x00B809 tol=5, 16 ms)
2026-07-22 20:19:28 [motherlode2] Tracking stable target at 1208,736 (cooldown active, search 16 ms)
2026-07-22 20:19:28 [motherlode2] FindFilledBlock: found at 1208,732 (23x23 0x00B809 tol=5, 15 ms)
2026-07-22 20:19:28 [motherlode2] Tracking stable target at 1208,732 (cooldown active, search 15 ms)
2026-07-22 20:19:29 [motherlode2] FindFilledBlock: found at 1206,724 (23x23 0x00B809 tol=5, 16 ms)
2026-07-22 20:19:29 [motherlode2] Tracking not-yet-stable target at 1206,724 (search 16 ms)
2026-07-22 20:19:29 [motherlode2] FindFilledBlock: found at 1202,716 (23x23 0x00B809 tol=5, 16 ms)
2026-07-22 20:19:29 [motherlode2] Tracking not-yet-stable target at 1202,716 (search 16 ms)
2026-07-22 20:19:29 [motherlode2] FindFilledBlock: found at 1202,712 (23x23 0x00B809 tol=5, 16 ms)
2026-07-22 20:19:29 [motherlode2] Tracking not-yet-stable target at 1202,712 (search 16 ms)
2026-07-22 20:19:29 [motherlode2] FindFilledBlock: found at 1202,710 (23x23 0x00B809 tol=5, 0 ms)
2026-07-22 20:19:30 [motherlode2] Clicked STABLE target at 1202,710 (search 0 ms)
2026-07-22 20:19:30 [motherlode2] FindFilledBlock: not found (23x23 0x00B809 tol=5, 0 ms)
2026-07-22 20:19:30 [motherlode2] Track: search missed this tick, but anchor point 1202,710 is still 0x00B809 - holding current target, not switching
2026-07-22 20:19:30 [motherlode2] Tracking stable target at 1202,710 (cooldown active, search 0 ms)
2026-07-22 20:19:30 [motherlode2] FindFilledBlock: found at 1202,708 (23x23 0x00B809 tol=5, 0 ms)
2026-07-22 20:19:30 [motherlode2] Tracking stable target at 1202,708 (cooldown active, search 0 ms)
2026-07-22 20:19:30 [motherlode2] FindFilledBlock: found at 1202,706 (23x23 0x00B809 tol=5, 0 ms)
2026-07-22 20:19:30 [motherlode2] Tracking stable target at 1202,706 (cooldown active, search 0 ms)
2026-07-22 20:19:30 [motherlode2] FindFilledBlock: found at 1202,706 (23x23 0x00B809 tol=5, 0 ms)
2026-07-22 20:19:30 [motherlode2] Tracking stable target at 1202,706 (cooldown active, search 0 ms)
2026-07-22 20:19:31 [motherlode2] FindFilledBlock: found at 1202,706 (23x23 0x00B809 tol=5, 0 ms)
2026-07-22 20:19:31 [motherlode2] Tracking stable target at 1202,706 (cooldown active, search 0 ms)
2026-07-22 20:19:31 [motherlode2] FindFilledBlock: found at 1202,706 (23x23 0x00B809 tol=5, 0 ms)
2026-07-22 20:19:31 [motherlode2] Tracking stable target at 1202,706 (cooldown active, search 0 ms)
2026-07-22 20:19:31 [motherlode2] FindImage: found at 2219,833 (C:\Users\link\Documents\GitHub\osrs-automation\Bots\..\Images\pay-dirt.png, 0 ms)
2026-07-22 20:19:31 [motherlode2] Slot 2 confirmed pay-dirt
2026-07-22 20:19:31 [motherlode2] FindFilledBlock: found at 1202,706 (23x23 0x00B809 tol=5, 0 ms)
2026-07-22 20:19:31 [motherlode2] Clicked STABLE target at 1202,706 (search 0 ms)
2026-07-22 20:19:31 [motherlode2] FindFilledBlock: not found (23x23 0x00B809 tol=5, 0 ms)
2026-07-22 20:19:32 [motherlode2] Track: search missed this tick, but anchor point 1202,706 is still 0x00B809 - holding current target, not switching
2026-07-22 20:19:32 [motherlode2] Tracking stable target at 1202,706 (cooldown active, search 0 ms)
2026-07-22 20:19:32 [motherlode2] FindFilledBlock: found at 1202,706 (23x23 0x00B809 tol=5, 0 ms)
2026-07-22 20:19:32 [motherlode2] Tracking stable target at 1202,706 (cooldown active, search 0 ms)
2026-07-22 20:19:32 [motherlode2] FindFilledBlock: found at 1202,706 (23x23 0x00B809 tol=5, 15 ms)
2026-07-22 20:19:32 [motherlode2] Tracking stable target at 1202,706 (cooldown active, search 15 ms)
2026-07-22 20:19:32 [motherlode2] FindFilledBlock: found at 1202,706 (23x23 0x00B809 tol=5, 16 ms)
2026-07-22 20:19:32 [motherlode2] Tracking stable target at 1202,706 (cooldown active, search 16 ms)
2026-07-22 20:19:32 [motherlode2] FindFilledBlock: found at 1202,706 (23x23 0x00B809 tol=5, 15 ms)
2026-07-22 20:19:32 [motherlode2] Tracking stable target at 1202,706 (cooldown active, search 15 ms)
2026-07-22 20:19:33 [motherlode2] FindFilledBlock: found at 1202,706 (23x23 0x00B809 tol=5, 16 ms)
2026-07-22 20:19:33 [motherlode2] Tracking stable target at 1202,706 (cooldown active, search 16 ms)
2026-07-22 20:19:33 [motherlode2] FindImage: found at 2303,833 (C:\Users\link\Documents\GitHub\osrs-automation\Bots\..\Images\pay-dirt.png, 16 ms)
2026-07-22 20:19:33 [motherlode2] Slot 3 confirmed pay-dirt
2026-07-22 20:19:33 [motherlode2] FindFilledBlock: found at 1202,706 (23x23 0x00B809 tol=5, 0 ms)
2026-07-22 20:19:33 [motherlode2] Clicked STABLE target at 1202,706 (search 15 ms)
2026-07-22 20:19:33 [motherlode2] FindFilledBlock: not found (23x23 0x00B809 tol=5, 16 ms)
2026-07-22 20:19:33 [motherlode2] Track: search missed this tick, but anchor point 1202,706 is still 0x00B809 - holding current target, not switching
2026-07-22 20:19:33 [motherlode2] Tracking stable target at 1202,706 (cooldown active, search 16 ms)
2026-07-22 20:19:33 [motherlode2] FindFilledBlock: found at 1202,706 (23x23 0x00B809 tol=5, 16 ms)
2026-07-22 20:19:33 [motherlode2] Tracking stable target at 1202,706 (cooldown active, search 16 ms)
2026-07-22 20:19:34 [motherlode2] FindFilledBlock: found at 1202,706 (23x23 0x00B809 tol=5, 0 ms)
2026-07-22 20:19:34 [motherlode2] Tracking stable target at 1202,706 (cooldown active, search 0 ms)
2026-07-22 20:19:34 [motherlode2] FindFilledBlock: found at 1202,706 (23x23 0x00B809 tol=5, 16 ms)
2026-07-22 20:19:34 [motherlode2] Tracking stable target at 1202,706 (cooldown active, search 16 ms)
2026-07-22 20:19:34 [motherlode2] FindFilledBlock: found at 1202,706 (23x23 0x00B809 tol=5, 16 ms)
2026-07-22 20:19:34 [motherlode2] Tracking stable target at 1202,706 (cooldown active, search 16 ms)
2026-07-22 20:19:34 [motherlode2] FindFilledBlock: found at 1202,706 (23x23 0x00B809 tol=5, 15 ms)
2026-07-22 20:19:34 [motherlode2] Tracking stable target at 1202,706 (cooldown active, search 15 ms)
2026-07-22 20:19:35 [motherlode2] FindFilledBlock: found at 1202,706 (23x23 0x00B809 tol=5, 16 ms)
2026-07-22 20:19:35 [motherlode2] Clicked STABLE target at 1202,706 (search 16 ms)
2026-07-22 20:19:35 [motherlode2] FindFilledBlock: not found (23x23 0x00B809 tol=5, 0 ms)
2026-07-22 20:19:35 [motherlode2] Track: search missed this tick, but anchor point 1202,706 is still 0x00B809 - holding current target, not switching
2026-07-22 20:19:35 [motherlode2] Tracking stable target at 1202,706 (cooldown active, search 0 ms)
2026-07-22 20:19:35 [motherlode2] FindFilledBlock: found at 1202,706 (23x23 0x00B809 tol=5, 16 ms)
2026-07-22 20:19:35 [motherlode2] Tracking stable target at 1202,706 (cooldown active, search 16 ms)
2026-07-22 20:19:35 [motherlode2] FindFilledBlock: found at 1202,706 (23x23 0x00B809 tol=5, 16 ms)
2026-07-22 20:19:35 [motherlode2] Tracking stable target at 1202,706 (cooldown active, search 16 ms)
2026-07-22 20:19:36 [motherlode2] FindFilledBlock: found at 1202,706 (23x23 0x00B809 tol=5, 16 ms)
2026-07-22 20:19:36 [motherlode2] Tracking stable target at 1202,706 (cooldown active, search 16 ms)
2026-07-22 20:19:36 [motherlode2] FindFilledBlock: found at 1202,706 (23x23 0x00B809 tol=5, 15 ms)
2026-07-22 20:19:36 [motherlode2] Tracking stable target at 1202,706 (cooldown active, search 15 ms)
2026-07-22 20:19:36 [motherlode2] FindFilledBlock: found at 1202,706 (23x23 0x00B809 tol=5, 15 ms)
2026-07-22 20:19:36 [motherlode2] Tracking stable target at 1202,706 (cooldown active, search 15 ms)
2026-07-22 20:19:36 [motherlode2] FindFilledBlock: found at 1202,706 (23x23 0x00B809 tol=5, 0 ms)
2026-07-22 20:19:37 [motherlode2] Clicked STABLE target at 1202,706 (search 0 ms)
2026-07-22 20:19:37 [motherlode2] FindFilledBlock: not found (23x23 0x00B809 tol=5, 0 ms)
2026-07-22 20:19:37 [motherlode2] Track: search missed this tick, but anchor point 1202,706 is still 0x00B809 - holding current target, not switching
2026-07-22 20:19:37 [motherlode2] Tracking stable target at 1202,706 (cooldown active, search 0 ms)
2026-07-22 20:19:37 [motherlode2] FindFilledBlock: found at 1202,706 (23x23 0x00B809 tol=5, 0 ms)
2026-07-22 20:19:37 [motherlode2] Tracking stable target at 1202,706 (cooldown active, search 0 ms)
2026-07-22 20:19:37 [motherlode2] FindFilledBlock: found at 1202,706 (23x23 0x00B809 tol=5, 0 ms)
2026-07-22 20:19:37 [motherlode2] Tracking stable target at 1202,706 (cooldown active, search 0 ms)
2026-07-22 20:19:37 [motherlode2] FindFilledBlock: found at 1202,706 (23x23 0x00B809 tol=5, 0 ms)
2026-07-22 20:19:37 [motherlode2] Tracking stable target at 1202,706 (cooldown active, search 0 ms)
2026-07-22 20:19:38 [motherlode2] FindFilledBlock: found at 1202,706 (23x23 0x00B809 tol=5, 0 ms)
2026-07-22 20:19:38 [motherlode2] Tracking stable target at 1202,706 (cooldown active, search 0 ms)
2026-07-22 20:19:38 [motherlode2] FindFilledBlock: found at 1202,706 (23x23 0x00B809 tol=5, 0 ms)
2026-07-22 20:19:38 [motherlode2] Tracking stable target at 1202,706 (cooldown active, search 0 ms)
2026-07-22 20:19:38 [motherlode2] FindFilledBlock: found at 1202,706 (23x23 0x00B809 tol=5, 0 ms)
2026-07-22 20:19:38 [motherlode2] Clicked STABLE target at 1202,706 (search 0 ms)
2026-07-22 20:19:38 [motherlode2] FindImage: found at 2387,833 (C:\Users\link\Documents\GitHub\osrs-automation\Bots\..\Images\pay-dirt.png, 0 ms)
2026-07-22 20:19:38 [motherlode2] Slot 4 confirmed pay-dirt
2026-07-22 20:19:38 [motherlode2] FindFilledBlock: not found (23x23 0x00B809 tol=5, 0 ms)
2026-07-22 20:19:39 [motherlode2] Track: search missed this tick, but anchor point 1202,706 is still 0x00B809 - holding current target, not switching
2026-07-22 20:19:39 [motherlode2] Tracking stable target at 1202,706 (cooldown active, search 15 ms)
2026-07-22 20:19:39 [motherlode2] FindFilledBlock: found at 1202,706 (23x23 0x00B809 tol=5, 0 ms)
2026-07-22 20:19:39 [motherlode2] Tracking stable target at 1202,706 (cooldown active, search 0 ms)
2026-07-22 20:19:39 [motherlode2] FindFilledBlock: found at 1202,706 (23x23 0x00B809 tol=5, 15 ms)
2026-07-22 20:19:39 [motherlode2] Tracking stable target at 1202,706 (cooldown active, search 15 ms)
2026-07-22 20:19:39 [motherlode2] FindFilledBlock: found at 1202,706 (23x23 0x00B809 tol=5, 0 ms)
2026-07-22 20:19:39 [motherlode2] Tracking stable target at 1202,706 (cooldown active, search 0 ms)
2026-07-22 20:19:39 [motherlode2] FindFilledBlock: found at 1202,706 (23x23 0x00B809 tol=5, 16 ms)
2026-07-22 20:19:39 [motherlode2] Tracking stable target at 1202,706 (cooldown active, search 16 ms)
2026-07-22 20:19:40 [motherlode2] FindFilledBlock: found at 1202,706 (23x23 0x00B809 tol=5, 0 ms)
2026-07-22 20:19:40 [motherlode2] Tracking stable target at 1202,706 (cooldown active, search 0 ms)
2026-07-22 20:19:40 [motherlode2] FindFilledBlock: found at 1202,706 (23x23 0x00B809 tol=5, 16 ms)
2026-07-22 20:19:40 [motherlode2] Clicked STABLE target at 1202,706 (search 16 ms)
2026-07-22 20:19:40 [motherlode2] FindImage: found at 2135,905 (C:\Users\link\Documents\GitHub\osrs-automation\Bots\..\Images\pay-dirt.png, 15 ms)
2026-07-22 20:19:40 [motherlode2] Slot 5 confirmed pay-dirt
2026-07-22 20:19:40 [motherlode2] TrackAndClick: until-condition met (13047 ms total)
2026-07-22 20:19:40 [motherlode2] Inventory full - depositing into hopper (cycle 1/1)
2026-07-22 20:19:40 [motherlode2] Hopper: depositing (first wait 15000ms, then re-clicking every 1500ms until clear, up to 600000ms total)
2026-07-22 20:19:40 [motherlode2] Hopper: waiting for hopper marker
2026-07-22 20:19:40 [motherlode2] FindFilledBlock: found at 1176,502 (23x23 0xC9FFC4 tol=5, 0 ms)
2026-07-22 20:19:40 [motherlode2] Hopper: clicking hopper marker at 1176,502
2026-07-22 20:19:44 [motherlode2] Hopper: inventory cleared - settling 600ms before continuing
2026-07-22 20:19:44 [motherlode2] GoToSackArea: waiting for entrance marker
2026-07-22 20:19:44 [motherlode2] FindFilledBlock: found at 1199,595 (17x17 0x5676FF tol=5, 0 ms)
2026-07-22 20:19:44 [motherlode2] GoToSackArea: clicking entrance marker at 1199,595
2026-07-22 20:19:45 [motherlode2] GoToSackArea: waiting for arrival
2026-07-22 20:19:45 [motherlode2] FindFilledBlock: not found (21x21 0x0B5C11 tol=5, 0 ms)
2026-07-22 20:19:45 [motherlode2] FindFilledBlock: not found (21x21 0x0B5C11 tol=5, 16 ms)
2026-07-22 20:19:45 [motherlode2] FindFilledBlock: not found (21x21 0x0B5C11 tol=5, 16 ms)
2026-07-22 20:19:45 [motherlode2] FindFilledBlock: not found (21x21 0x0B5C11 tol=5, 16 ms)
2026-07-22 20:19:45 [motherlode2] FindFilledBlock: not found (21x21 0x0B5C11 tol=5, 16 ms)
2026-07-22 20:19:46 [motherlode2] FindFilledBlock: not found (21x21 0x0B5C11 tol=5, 16 ms)
2026-07-22 20:19:46 [motherlode2] FindFilledBlock: not found (21x21 0x0B5C11 tol=5, 16 ms)
2026-07-22 20:19:46 [motherlode2] FindFilledBlock: not found (21x21 0x0B5C11 tol=5, 0 ms)
2026-07-22 20:19:46 [motherlode2] FindFilledBlock: not found (21x21 0x0B5C11 tol=5, 16 ms)
2026-07-22 20:19:46 [motherlode2] FindFilledBlock: not found (21x21 0x0B5C11 tol=5, 0 ms)
2026-07-22 20:19:47 [motherlode2] FindFilledBlock: not found (21x21 0x0B5C11 tol=5, 16 ms)
2026-07-22 20:19:47 [motherlode2] FindFilledBlock: not found (21x21 0x0B5C11 tol=5, 16 ms)
2026-07-22 20:19:47 [motherlode2] FindFilledBlock: not found (21x21 0x0B5C11 tol=5, 16 ms)
2026-07-22 20:19:47 [motherlode2] FindFilledBlock: not found (21x21 0x0B5C11 tol=5, 16 ms)
2026-07-22 20:19:47 [motherlode2] FindFilledBlock: not found (21x21 0x0B5C11 tol=5, 16 ms)
2026-07-22 20:19:48 [motherlode2] FindFilledBlock: not found (21x21 0x0B5C11 tol=5, 16 ms)
2026-07-22 20:19:48 [motherlode2] FindFilledBlock: not found (21x21 0x0B5C11 tol=5, 16 ms)
2026-07-22 20:19:48 [motherlode2] FindFilledBlock: not found (21x21 0x0B5C11 tol=5, 16 ms)
2026-07-22 20:19:48 [motherlode2] FindFilledBlock: found at 1579,404 (21x21 0x0B5C11 tol=5, 16 ms)
2026-07-22 20:19:48 [motherlode2] FindFilledBlock: found at 1581,415 (21x21 0x0B5C11 tol=5, 0 ms)
2026-07-22 20:19:48 [motherlode2] FindFilledBlock: found at 1581,423 (21x21 0x0B5C11 tol=5, 0 ms)
2026-07-22 20:19:49 [motherlode2] FindFilledBlock: found at 1581,429 (21x21 0x0B5C11 tol=5, 0 ms)
2026-07-22 20:19:49 [motherlode2] GoToSackArea: arrived
2026-07-22 20:19:49 [motherlode2] Sack/bank cycle 1/1
2026-07-22 20:19:49 [motherlode2] Sack: withdrawing (first wait 7500ms, then re-clicking every 1500ms until slots 2/3/4 fill)
2026-07-22 20:19:49 [motherlode2] Sack: waiting for sack
2026-07-22 20:19:49 [motherlode2] FindImage: not found (C:\Users\link\Documents\GitHub\osrs-automation\Bots\..\Images\sack.png, 16 ms)
2026-07-22 20:19:49 [motherlode2] FindImage: not found (C:\Users\link\Documents\GitHub\osrs-automation\Bots\..\Images\sack.png, 0 ms)
2026-07-22 20:19:49 [motherlode2] FindImage: not found (C:\Users\link\Documents\GitHub\osrs-automation\Bots\..\Images\sack.png, 16 ms)
2026-07-22 20:19:49 [motherlode2] FindImage: not found (C:\Users\link\Documents\GitHub\osrs-automation\Bots\..\Images\sack.png, 16 ms)
2026-07-22 20:19:49 [motherlode2] FindImage: not found (C:\Users\link\Documents\GitHub\osrs-automation\Bots\..\Images\sack.png, 16 ms)
2026-07-22 20:19:50 [motherlode2] FindImage: not found (C:\Users\link\Documents\GitHub\osrs-automation\Bots\..\Images\sack.png, 16 ms)
2026-07-22 20:19:50 [motherlode2] FindImage: not found (C:\Users\link\Documents\GitHub\osrs-automation\Bots\..\Images\sack.png, 16 ms)
2026-07-22 20:19:50 [motherlode2] FindImage: not found (C:\Users\link\Documents\GitHub\osrs-automation\Bots\..\Images\sack.png, 16 ms)
2026-07-22 20:19:50 [motherlode2] FindImage: not found (C:\Users\link\Documents\GitHub\osrs-automation\Bots\..\Images\sack.png, 16 ms)
2026-07-22 20:19:50 [motherlode2] FindImage: not found (C:\Users\link\Documents\GitHub\osrs-automation\Bots\..\Images\sack.png, 0 ms)
2026-07-22 20:19:51 [motherlode2] FindImage: not found (C:\Users\link\Documents\GitHub\osrs-automation\Bots\..\Images\sack.png, 0 ms)
2026-07-22 20:19:51 [motherlode2] FindImage: not found (C:\Users\link\Documents\GitHub\osrs-automation\Bots\..\Images\sack.png, 0 ms)
2026-07-22 20:19:51 [motherlode2] FindImage: not found (C:\Users\link\Documents\GitHub\osrs-automation\Bots\..\Images\sack.png, 0 ms)
2026-07-22 20:19:51 [motherlode2] FindImage: not found (C:\Users\link\Documents\GitHub\osrs-automation\Bots\..\Images\sack.png, 16 ms)
2026-07-22 20:19:51 [motherlode2] FindImage: not found (C:\Users\link\Documents\GitHub\osrs-automation\Bots\..\Images\sack.png, 16 ms)
2026-07-22 20:19:51 [motherlode2] FindImage: not found (C:\Users\link\Documents\GitHub\osrs-automation\Bots\..\Images\sack.png, 0 ms)
2026-07-22 20:19:52 [motherlode2] FindImage: not found (C:\Users\link\Documents\GitHub\osrs-automation\Bots\..\Images\sack.png, 16 ms)
2026-07-22 20:19:52 [motherlode2] FindImage: not found (C:\Users\link\Documents\GitHub\osrs-automation\Bots\..\Images\sack.png, 16 ms)
2026-07-22 20:19:52 [motherlode2] FindImage: not found (C:\Users\link\Documents\GitHub\osrs-automation\Bots\..\Images\sack.png, 16 ms)
2026-07-22 20:19:52 [motherlode2] FindImage: not found (C:\Users\link\Documents\GitHub\osrs-automation\Bots\..\Images\sack.png, 16 ms)
2026-07-22 20:19:52 [motherlode2] FindImage: not found (C:\Users\link\Documents\GitHub\osrs-automation\Bots\..\Images\sack.png, 16 ms)
2026-07-22 20:19:53 [motherlode2] FindImage: not found (C:\Users\link\Documents\GitHub\osrs-automation\Bots\..\Images\sack.png, 0 ms)
2026-07-22 20:19:53 [motherlode2] FindImage: not found (C:\Users\link\Documents\GitHub\osrs-automation\Bots\..\Images\sack.png, 0 ms)
2026-07-22 20:19:53 [motherlode2] FindImage: not found (C:\Users\link\Documents\GitHub\osrs-automation\Bots\..\Images\sack.png, 0 ms)
2026-07-22 20:19:53 [motherlode2] FindImage: not found (C:\Users\link\Documents\GitHub\osrs-automation\Bots\..\Images\sack.png, 15 ms)
2026-07-22 20:19:53 [motherlode2] FindImage: not found (C:\Users\link\Documents\GitHub\osrs-automation\Bots\..\Images\sack.png, 0 ms)
2026-07-22 20:19:53 [motherlode2] FindImage: not found (C:\Users\link\Documents\GitHub\osrs-automation\Bots\..\Images\sack.png, 16 ms)
2026-07-22 20:19:54 [motherlode2] FindImage: not found (C:\Users\link\Documents\GitHub\osrs-automation\Bots\..\Images\sack.png, 15 ms)
2026-07-22 20:19:54 [motherlode2] FindImage: not found (C:\Users\link\Documents\GitHub\osrs-automation\Bots\..\Images\sack.png, 0 ms)
2026-07-22 20:19:54 [motherlode2] FindImage: not found (C:\Users\link\Documents\GitHub\osrs-automation\Bots\..\Images\sack.png, 0 ms)
2026-07-22 20:19:54 [motherlode2] FindImage: not found (C:\Users\link\Documents\GitHub\osrs-automation\Bots\..\Images\sack.png, 16 ms)
2026-07-22 20:19:54 [motherlode2] FindImage: not found (C:\Users\link\Documents\GitHub\osrs-automation\Bots\..\Images\sack.png, 16 ms)
2026-07-22 20:19:55 [motherlode2] FindImage: not found (C:\Users\link\Documents\GitHub\osrs-automation\Bots\..\Images\sack.png, 0 ms)
2026-07-22 20:19:55 [motherlode2] FindImage: not found (C:\Users\link\Documents\GitHub\osrs-automation\Bots\..\Images\sack.png, 15 ms)
2026-07-22 20:19:55 [motherlode2] FindImage: not found (C:\Users\link\Documents\GitHub\osrs-automation\Bots\..\Images\sack.png, 0 ms)
2026-07-22 20:19:55 [motherlode2] FindImage: not found (C:\Users\link\Documents\GitHub\osrs-automation\Bots\..\Images\sack.png, 0 ms)
2026-07-22 20:19:55 [motherlode2] FindImage: not found (C:\Users\link\Documents\GitHub\osrs-automation\Bots\..\Images\sack.png, 0 ms)
2026-07-22 20:19:55 [motherlode2] FindImage: not found (C:\Users\link\Documents\GitHub\osrs-automation\Bots\..\Images\sack.png, 16 ms)
2026-07-22 20:19:56 [motherlode2] FindImage: not found (C:\Users\link\Documents\GitHub\osrs-automation\Bots\..\Images\sack.png, 0 ms)
2026-07-22 20:19:56 [motherlode2] F12 pressed - exiting

2026-07-22 20:23:33 [motherlode2] Script loaded. F5=start full loop  F8=probe check slot+sack slots  F9=toggle debug mode  F6=stop  F12=exit. Veins=0x00FF00/0x00B809
2026-07-22 20:23:38 [motherlode2] F9 pressed - DEBUG MODE ON (full at slot 5)
2026-07-22 20:23:49 [motherlode2] Motherlode2 started: veins=0x00FF00/0x00B809 hopperCycles=1 sackCycles=1
2026-07-22 20:23:49 [motherlode2] FindFilledBlock: found at 1240,780 (23x23 0x00FF00 tol=5, 16 ms)
2026-07-22 20:23:49 [motherlode2] FindFilledBlock: not found (23x23 0x00B809 tol=5, 0 ms)
2026-07-22 20:23:49 [motherlode2] Acquired new target at 1240,780 (0x00FF00, ring 90, 16 ms)
2026-07-22 20:23:49 [motherlode2] FindFilledBlock: found at 1226,774 (23x23 0x00FF00 tol=5, 15 ms)
2026-07-22 20:23:49 [motherlode2] Clicked initial/re-click target at 1226,774 (search 15 ms)
2026-07-22 20:23:49 [motherlode2] FindFilledBlock: found at 1156,820 (23x23 0x00FF00 tol=5, 16 ms)
2026-07-22 20:23:49 [motherlode2] Track: found 0x00FF00 block at 1156,820 but 70px from last position 1226,774 (max drift 45) - likely a DIFFERENT block, rejecting
2026-07-22 20:23:49 [motherlode2] Track: search missed this tick, but anchor point 1226,774 is still 0x00FF00 - holding current target, not switching
2026-07-22 20:23:49 [motherlode2] Tracking not-yet-stable target at 1226,774 (search 16 ms)
2026-07-22 20:23:49 [motherlode2] FindFilledBlock: found at 1212,736 (23x23 0x00FF00 tol=5, 16 ms)
2026-07-22 20:23:49 [motherlode2] Tracking not-yet-stable target at 1212,736 (search 16 ms)
2026-07-22 20:23:50 [motherlode2] FindFilledBlock: found at 1204,718 (23x23 0x00FF00 tol=5, 0 ms)
2026-07-22 20:23:50 [motherlode2] Tracking not-yet-stable target at 1204,718 (search 0 ms)
2026-07-22 20:23:50 [motherlode2] FindFilledBlock: found at 1204,696 (23x23 0x00FF00 tol=5, 0 ms)
2026-07-22 20:23:50 [motherlode2] Tracking not-yet-stable target at 1204,696 (search 0 ms)
2026-07-22 20:23:50 [motherlode2] FindFilledBlock: found at 1204,670 (23x23 0x00FF00 tol=5, 15 ms)
2026-07-22 20:23:50 [motherlode2] Tracking not-yet-stable target at 1204,670 (search 15 ms)
2026-07-22 20:23:50 [motherlode2] FindFilledBlock: found at 1204,654 (23x23 0x00FF00 tol=5, 0 ms)
2026-07-22 20:23:50 [motherlode2] Tracking not-yet-stable target at 1204,654 (search 0 ms)
2026-07-22 20:23:51 [motherlode2] FindFilledBlock: found at 1202,650 (23x23 0x00FF00 tol=5, 0 ms)
2026-07-22 20:23:51 [motherlode2] Tracking not-yet-stable target at 1202,650 (search 0 ms)
2026-07-22 20:23:51 [motherlode2] FindFilledBlock: found at 1202,656 (23x23 0x00FF00 tol=5, 16 ms)
2026-07-22 20:23:51 [motherlode2] Tracking not-yet-stable target at 1202,656 (search 16 ms)
2026-07-22 20:23:51 [motherlode2] FindFilledBlock: found at 1202,668 (23x23 0x00FF00 tol=5, 0 ms)
2026-07-22 20:23:51 [motherlode2] Tracking not-yet-stable target at 1202,668 (search 0 ms)
2026-07-22 20:23:51 [motherlode2] FindFilledBlock: found at 1202,686 (23x23 0x00FF00 tol=5, 0 ms)
2026-07-22 20:23:51 [motherlode2] Tracking not-yet-stable target at 1202,686 (search 0 ms)
2026-07-22 20:23:51 [motherlode2] FindFilledBlock: found at 1202,696 (23x23 0x00FF00 tol=5, 0 ms)
2026-07-22 20:23:51 [motherlode2] Tracking not-yet-stable target at 1202,696 (search 0 ms)
2026-07-22 20:23:52 [motherlode2] FindFilledBlock: found at 1202,702 (23x23 0x00FF00 tol=5, 16 ms)
2026-07-22 20:23:52 [motherlode2] Tracking not-yet-stable target at 1202,702 (search 16 ms)
2026-07-22 20:23:52 [motherlode2] FindFilledBlock: found at 1202,704 (23x23 0x00FF00 tol=5, 0 ms)
2026-07-22 20:23:52 [motherlode2] Tracking not-yet-stable target at 1202,704 (search 0 ms)
2026-07-22 20:23:52 [motherlode2] FindFilledBlock: found at 1202,706 (23x23 0x00FF00 tol=5, 15 ms)
2026-07-22 20:23:52 [motherlode2] Clicked STABLE target at 1202,706 (search 15 ms)
2026-07-22 20:23:53 [motherlode2] FindFilledBlock: found at 1150,770 (23x23 0x00FF00 tol=5, 15 ms)
2026-07-22 20:23:53 [motherlode2] Track: found 0x00FF00 block at 1150,770 but 64px from last position 1202,706 (max drift 45) - likely a DIFFERENT block, rejecting
2026-07-22 20:23:53 [motherlode2] Track: search missed this tick, but anchor point 1202,706 is still 0x00FF00 - holding current target, not switching
2026-07-22 20:23:53 [motherlode2] Tracking stable target at 1202,706 (cooldown active, search 15 ms)
2026-07-22 20:23:53 [motherlode2] FindFilledBlock: found at 1202,706 (23x23 0x00FF00 tol=5, 0 ms)
2026-07-22 20:23:53 [motherlode2] Tracking stable target at 1202,706 (cooldown active, search 0 ms)
2026-07-22 20:23:53 [motherlode2] FindFilledBlock: found at 1202,706 (23x23 0x00FF00 tol=5, 16 ms)
2026-07-22 20:23:53 [motherlode2] Tracking stable target at 1202,706 (cooldown active, search 16 ms)
2026-07-22 20:23:53 [motherlode2] FindFilledBlock: found at 1202,706 (23x23 0x00FF00 tol=5, 16 ms)
2026-07-22 20:23:53 [motherlode2] Tracking stable target at 1202,706 (cooldown active, search 16 ms)
2026-07-22 20:23:53 [motherlode2] FindFilledBlock: found at 1202,706 (23x23 0x00FF00 tol=5, 0 ms)
2026-07-22 20:23:53 [motherlode2] Tracking stable target at 1202,706 (cooldown active, search 0 ms)
2026-07-22 20:23:54 [motherlode2] FindFilledBlock: found at 1202,706 (23x23 0x00FF00 tol=5, 15 ms)
2026-07-22 20:23:54 [motherlode2] Tracking stable target at 1202,706 (cooldown active, search 15 ms)
2026-07-22 20:23:54 [motherlode2] FindFilledBlock: found at 1202,706 (23x23 0x00FF00 tol=5, 16 ms)
2026-07-22 20:23:54 [motherlode2] Clicked STABLE target at 1202,706 (search 16 ms)
2026-07-22 20:23:54 [motherlode2] FindFilledBlock: found at 1150,770 (23x23 0x00FF00 tol=5, 15 ms)
2026-07-22 20:23:54 [motherlode2] Track: found 0x00FF00 block at 1150,770 but 64px from last position 1202,706 (max drift 45) - likely a DIFFERENT block, rejecting
2026-07-22 20:23:54 [motherlode2] Track: search missed this tick, but anchor point 1202,706 is still 0x00FF00 - holding current target, not switching
2026-07-22 20:23:54 [motherlode2] Tracking stable target at 1202,706 (cooldown active, search 15 ms)
2026-07-22 20:23:55 [motherlode2] FindFilledBlock: found at 1202,706 (23x23 0x00FF00 tol=5, 16 ms)
2026-07-22 20:23:55 [motherlode2] Tracking stable target at 1202,706 (cooldown active, search 16 ms)
2026-07-22 20:23:55 [motherlode2] FindFilledBlock: found at 1202,706 (23x23 0x00FF00 tol=5, 0 ms)
2026-07-22 20:23:55 [motherlode2] Tracking stable target at 1202,706 (cooldown active, search 0 ms)
2026-07-22 20:23:55 [motherlode2] FindFilledBlock: found at 1202,706 (23x23 0x00FF00 tol=5, 16 ms)
2026-07-22 20:23:55 [motherlode2] Tracking stable target at 1202,706 (cooldown active, search 16 ms)
2026-07-22 20:23:55 [motherlode2] FindFilledBlock: found at 1202,706 (23x23 0x00FF00 tol=5, 0 ms)
2026-07-22 20:23:55 [motherlode2] Tracking stable target at 1202,706 (cooldown active, search 0 ms)
2026-07-22 20:23:55 [motherlode2] FindFilledBlock: found at 1202,706 (23x23 0x00FF00 tol=5, 0 ms)
2026-07-22 20:23:55 [motherlode2] Tracking stable target at 1202,706 (cooldown active, search 0 ms)
2026-07-22 20:23:56 [motherlode2] FindFilledBlock: found at 1202,706 (23x23 0x00FF00 tol=5, 0 ms)
2026-07-22 20:23:56 [motherlode2] Clicked STABLE target at 1202,706 (search 0 ms)
2026-07-22 20:23:56 [motherlode2] FindFilledBlock: found at 1150,770 (23x23 0x00FF00 tol=5, 0 ms)
2026-07-22 20:23:56 [motherlode2] Track: found 0x00FF00 block at 1150,770 but 64px from last position 1202,706 (max drift 45) - likely a DIFFERENT block, rejecting
2026-07-22 20:23:56 [motherlode2] Track: search missed this tick, but anchor point 1202,706 is still 0x00FF00 - holding current target, not switching
2026-07-22 20:23:56 [motherlode2] Tracking stable target at 1202,706 (cooldown active, search 15 ms)
2026-07-22 20:23:56 [motherlode2] FindFilledBlock: found at 1202,706 (23x23 0x00FF00 tol=5, 15 ms)
2026-07-22 20:23:56 [motherlode2] Tracking stable target at 1202,706 (cooldown active, search 15 ms)
2026-07-22 20:23:57 [motherlode2] FindFilledBlock: found at 1202,706 (23x23 0x00FF00 tol=5, 15 ms)
2026-07-22 20:23:57 [motherlode2] Tracking stable target at 1202,706 (cooldown active, search 15 ms)
2026-07-22 20:23:57 [motherlode2] FindFilledBlock: found at 1202,706 (23x23 0x00FF00 tol=5, 0 ms)
2026-07-22 20:23:57 [motherlode2] Tracking stable target at 1202,706 (cooldown active, search 0 ms)
2026-07-22 20:23:57 [motherlode2] FindFilledBlock: found at 1202,706 (23x23 0x00FF00 tol=5, 16 ms)
2026-07-22 20:23:57 [motherlode2] Tracking stable target at 1202,706 (cooldown active, search 16 ms)
2026-07-22 20:23:57 [motherlode2] FindFilledBlock: found at 1202,706 (23x23 0x00FF00 tol=5, 0 ms)
2026-07-22 20:23:57 [motherlode2] Tracking stable target at 1202,706 (cooldown active, search 0 ms)
2026-07-22 20:23:57 [motherlode2] FindFilledBlock: found at 1202,706 (23x23 0x00FF00 tol=5, 15 ms)
2026-07-22 20:23:58 [motherlode2] Clicked STABLE target at 1202,706 (search 15 ms)
2026-07-22 20:23:58 [motherlode2] FindFilledBlock: found at 1150,770 (23x23 0x00FF00 tol=5, 0 ms)
2026-07-22 20:23:58 [motherlode2] Track: found 0x00FF00 block at 1150,770 but 64px from last position 1202,706 (max drift 45) - likely a DIFFERENT block, rejecting
2026-07-22 20:23:58 [motherlode2] Track: search missed this tick, but anchor point 1202,706 is still 0x00FF00 - holding current target, not switching
2026-07-22 20:23:58 [motherlode2] Tracking stable target at 1202,706 (cooldown active, search 0 ms)
2026-07-22 20:23:58 [motherlode2] FindFilledBlock: found at 1202,706 (23x23 0x00FF00 tol=5, 0 ms)
2026-07-22 20:23:58 [motherlode2] Tracking stable target at 1202,706 (cooldown active, search 0 ms)
2026-07-22 20:23:58 [motherlode2] FindFilledBlock: found at 1202,706 (23x23 0x00FF00 tol=5, 0 ms)
2026-07-22 20:23:58 [motherlode2] Tracking stable target at 1202,706 (cooldown active, search 0 ms)
2026-07-22 20:23:59 [motherlode2] FindFilledBlock: found at 1202,706 (23x23 0x00FF00 tol=5, 16 ms)
2026-07-22 20:23:59 [motherlode2] Tracking stable target at 1202,706 (cooldown active, search 16 ms)
2026-07-22 20:23:59 [motherlode2] FindFilledBlock: found at 1202,706 (23x23 0x00FF00 tol=5, 15 ms)
2026-07-22 20:23:59 [motherlode2] Tracking stable target at 1202,706 (cooldown active, search 15 ms)
2026-07-22 20:23:59 [motherlode2] FindFilledBlock: found at 1202,706 (23x23 0x00FF00 tol=5, 0 ms)
2026-07-22 20:23:59 [motherlode2] Tracking stable target at 1202,706 (cooldown active, search 0 ms)
2026-07-22 20:23:59 [motherlode2] FindFilledBlock: found at 1202,706 (23x23 0x00FF00 tol=5, 16 ms)
2026-07-22 20:23:59 [motherlode2] Clicked STABLE target at 1202,706 (search 16 ms)
2026-07-22 20:24:00 [motherlode2] FindFilledBlock: found at 1150,770 (23x23 0x00FF00 tol=5, 16 ms)
2026-07-22 20:24:00 [motherlode2] Track: found 0x00FF00 block at 1150,770 but 64px from last position 1202,706 (max drift 45) - likely a DIFFERENT block, rejecting
2026-07-22 20:24:00 [motherlode2] Track: search missed this tick, but anchor point 1202,706 is still 0x00FF00 - holding current target, not switching
2026-07-22 20:24:00 [motherlode2] Tracking stable target at 1202,706 (cooldown active, search 16 ms)
2026-07-22 20:24:00 [motherlode2] FindImage: found at 2219,833 (C:\Users\link\Documents\GitHub\osrs-automation\Bots\..\Images\pay-dirt.png, 16 ms)
2026-07-22 20:24:00 [motherlode2] Slot 2 confirmed pay-dirt
2026-07-22 20:24:00 [motherlode2] FindFilledBlock: found at 1202,706 (23x23 0x00FF00 tol=5, 15 ms)
2026-07-22 20:24:00 [motherlode2] Tracking stable target at 1202,706 (cooldown active, search 15 ms)
2026-07-22 20:24:00 [motherlode2] FindFilledBlock: found at 1202,706 (23x23 0x00FF00 tol=5, 0 ms)
2026-07-22 20:24:00 [motherlode2] Tracking stable target at 1202,706 (cooldown active, search 0 ms)
2026-07-22 20:24:00 [motherlode2] FindFilledBlock: found at 1202,706 (23x23 0x00FF00 tol=5, 16 ms)
2026-07-22 20:24:00 [motherlode2] Tracking stable target at 1202,706 (cooldown active, search 16 ms)
2026-07-22 20:24:01 [motherlode2] FindFilledBlock: found at 1202,706 (23x23 0x00FF00 tol=5, 0 ms)
2026-07-22 20:24:01 [motherlode2] Tracking stable target at 1202,706 (cooldown active, search 0 ms)
2026-07-22 20:24:01 [motherlode2] FindFilledBlock: found at 1202,706 (23x23 0x00FF00 tol=5, 15 ms)
2026-07-22 20:24:01 [motherlode2] Tracking stable target at 1202,706 (cooldown active, search 15 ms)
2026-07-22 20:24:01 [motherlode2] FindFilledBlock: found at 1202,706 (23x23 0x00FF00 tol=5, 0 ms)
2026-07-22 20:24:01 [motherlode2] Clicked STABLE target at 1202,706 (search 0 ms)
2026-07-22 20:24:01 [motherlode2] FindFilledBlock: found at 1150,770 (23x23 0x00FF00 tol=5, 16 ms)
2026-07-22 20:24:01 [motherlode2] Track: found 0x00FF00 block at 1150,770 but 64px from last position 1202,706 (max drift 45) - likely a DIFFERENT block, rejecting
2026-07-22 20:24:01 [motherlode2] Track: search missed this tick, but anchor point 1202,706 is still 0x00FF00 - holding current target, not switching
2026-07-22 20:24:01 [motherlode2] Tracking stable target at 1202,706 (cooldown active, search 16 ms)
2026-07-22 20:24:02 [motherlode2] FindFilledBlock: found at 1202,706 (23x23 0x00FF00 tol=5, 16 ms)
2026-07-22 20:24:02 [motherlode2] Tracking stable target at 1202,706 (cooldown active, search 16 ms)
2026-07-22 20:24:02 [motherlode2] FindFilledBlock: found at 1202,706 (23x23 0x00FF00 tol=5, 16 ms)
2026-07-22 20:24:02 [motherlode2] Tracking stable target at 1202,706 (cooldown active, search 16 ms)
2026-07-22 20:24:02 [motherlode2] FindFilledBlock: found at 1202,706 (23x23 0x00FF00 tol=5, 0 ms)
2026-07-22 20:24:02 [motherlode2] Tracking stable target at 1202,706 (cooldown active, search 0 ms)
2026-07-22 20:24:02 [motherlode2] FindFilledBlock: found at 1202,706 (23x23 0x00FF00 tol=5, 16 ms)
2026-07-22 20:24:02 [motherlode2] Tracking stable target at 1202,706 (cooldown active, search 16 ms)
2026-07-22 20:24:03 [motherlode2] FindFilledBlock: found at 1202,706 (23x23 0x00FF00 tol=5, 15 ms)
2026-07-22 20:24:03 [motherlode2] Tracking stable target at 1202,706 (cooldown active, search 15 ms)
2026-07-22 20:24:03 [motherlode2] FindFilledBlock: found at 1202,706 (23x23 0x00FF00 tol=5, 0 ms)
2026-07-22 20:24:03 [motherlode2] Clicked STABLE target at 1202,706 (search 0 ms)
2026-07-22 20:24:03 [motherlode2] FindFilledBlock: found at 1150,770 (23x23 0x00FF00 tol=5, 0 ms)
2026-07-22 20:24:03 [motherlode2] Track: found 0x00FF00 block at 1150,770 but 64px from last position 1202,706 (max drift 45) - likely a DIFFERENT block, rejecting
2026-07-22 20:24:03 [motherlode2] Track: search missed this tick, but anchor point 1202,706 is still 0x00FF00 - holding current target, not switching
2026-07-22 20:24:03 [motherlode2] Tracking stable target at 1202,706 (cooldown active, search 0 ms)
2026-07-22 20:24:03 [motherlode2] FindFilledBlock: found at 1202,706 (23x23 0x00FF00 tol=5, 0 ms)
2026-07-22 20:24:03 [motherlode2] Tracking stable target at 1202,706 (cooldown active, search 0 ms)
2026-07-22 20:24:04 [motherlode2] FindImage: found at 2303,833 (C:\Users\link\Documents\GitHub\osrs-automation\Bots\..\Images\pay-dirt.png, 15 ms)
2026-07-22 20:24:04 [motherlode2] Slot 3 confirmed pay-dirt
2026-07-22 20:24:04 [motherlode2] FindFilledBlock: found at 1202,706 (23x23 0x00FF00 tol=5, 0 ms)
2026-07-22 20:24:04 [motherlode2] Tracking stable target at 1202,706 (cooldown active, search 0 ms)
2026-07-22 20:24:04 [motherlode2] FindFilledBlock: found at 1202,706 (23x23 0x00FF00 tol=5, 15 ms)
2026-07-22 20:24:04 [motherlode2] Tracking stable target at 1202,706 (cooldown active, search 15 ms)
2026-07-22 20:24:04 [motherlode2] FindFilledBlock: found at 1202,706 (23x23 0x00FF00 tol=5, 15 ms)
2026-07-22 20:24:04 [motherlode2] Tracking stable target at 1202,706 (cooldown active, search 15 ms)
2026-07-22 20:24:04 [motherlode2] FindFilledBlock: found at 1202,706 (23x23 0x00FF00 tol=5, 16 ms)
2026-07-22 20:24:04 [motherlode2] Tracking stable target at 1202,706 (cooldown active, search 16 ms)
2026-07-22 20:24:04 [motherlode2] FindFilledBlock: found at 1202,706 (23x23 0x00FF00 tol=5, 16 ms)
2026-07-22 20:24:05 [motherlode2] Clicked STABLE target at 1202,706 (search 16 ms)
2026-07-22 20:24:05 [motherlode2] FindFilledBlock: found at 1150,770 (23x23 0x00FF00 tol=5, 16 ms)
2026-07-22 20:24:05 [motherlode2] Track: found 0x00FF00 block at 1150,770 but 64px from last position 1202,706 (max drift 45) - likely a DIFFERENT block, rejecting
2026-07-22 20:24:05 [motherlode2] Track: search missed this tick, but anchor point 1202,706 is still 0x00FF00 - holding current target, not switching
2026-07-22 20:24:05 [motherlode2] Tracking stable target at 1202,706 (cooldown active, search 16 ms)
2026-07-22 20:24:05 [motherlode2] FindFilledBlock: found at 1202,706 (23x23 0x00FF00 tol=5, 16 ms)
2026-07-22 20:24:05 [motherlode2] Tracking stable target at 1202,706 (cooldown active, search 16 ms)
2026-07-22 20:24:05 [motherlode2] FindFilledBlock: found at 1202,706 (23x23 0x00FF00 tol=5, 0 ms)
2026-07-22 20:24:05 [motherlode2] Tracking stable target at 1202,706 (cooldown active, search 0 ms)
2026-07-22 20:24:06 [motherlode2] FindFilledBlock: found at 1202,706 (23x23 0x00FF00 tol=5, 0 ms)
2026-07-22 20:24:06 [motherlode2] Tracking stable target at 1202,706 (cooldown active, search 0 ms)
2026-07-22 20:24:06 [motherlode2] FindFilledBlock: found at 1202,706 (23x23 0x00FF00 tol=5, 16 ms)
2026-07-22 20:24:06 [motherlode2] Tracking stable target at 1202,706 (cooldown active, search 16 ms)
2026-07-22 20:24:06 [motherlode2] FindFilledBlock: found at 1202,706 (23x23 0x00FF00 tol=5, 0 ms)
2026-07-22 20:24:06 [motherlode2] Tracking stable target at 1202,706 (cooldown active, search 0 ms)
2026-07-22 20:24:06 [motherlode2] FindFilledBlock: found at 1202,706 (23x23 0x00FF00 tol=5, 15 ms)
2026-07-22 20:24:06 [motherlode2] Clicked STABLE target at 1202,706 (search 15 ms)
2026-07-22 20:24:07 [motherlode2] FindFilledBlock: found at 1150,770 (23x23 0x00FF00 tol=5, 0 ms)
2026-07-22 20:24:07 [motherlode2] Track: found 0x00FF00 block at 1150,770 but 64px from last position 1202,706 (max drift 45) - likely a DIFFERENT block, rejecting
2026-07-22 20:24:07 [motherlode2] Track: search missed this tick, but anchor point 1202,706 is still 0x00FF00 - holding current target, not switching
2026-07-22 20:24:07 [motherlode2] Tracking stable target at 1202,706 (cooldown active, search 0 ms)
2026-07-22 20:24:07 [motherlode2] FindFilledBlock: found at 1202,706 (23x23 0x00FF00 tol=5, 0 ms)
2026-07-22 20:24:07 [motherlode2] Tracking stable target at 1202,706 (cooldown active, search 0 ms)
2026-07-22 20:24:07 [motherlode2] FindImage: found at 2387,833 (C:\Users\link\Documents\GitHub\osrs-automation\Bots\..\Images\pay-dirt.png, 16 ms)
2026-07-22 20:24:07 [motherlode2] Slot 4 confirmed pay-dirt
2026-07-22 20:24:07 [motherlode2] FindFilledBlock: found at 1202,706 (23x23 0x00FF00 tol=5, 16 ms)
2026-07-22 20:24:07 [motherlode2] Tracking stable target at 1202,706 (cooldown active, search 16 ms)
2026-07-22 20:24:07 [motherlode2] FindFilledBlock: found at 1202,706 (23x23 0x00FF00 tol=5, 0 ms)
2026-07-22 20:24:07 [motherlode2] Tracking stable target at 1202,706 (cooldown active, search 0 ms)
2026-07-22 20:24:08 [motherlode2] FindFilledBlock: found at 1202,706 (23x23 0x00FF00 tol=5, 0 ms)
2026-07-22 20:24:08 [motherlode2] Tracking stable target at 1202,706 (cooldown active, search 0 ms)
2026-07-22 20:24:08 [motherlode2] FindFilledBlock: found at 1202,706 (23x23 0x00FF00 tol=5, 15 ms)
2026-07-22 20:24:08 [motherlode2] Tracking stable target at 1202,706 (cooldown active, search 15 ms)
2026-07-22 20:24:08 [motherlode2] FindFilledBlock: found at 1202,706 (23x23 0x00FF00 tol=5, 15 ms)
2026-07-22 20:24:08 [motherlode2] Clicked STABLE target at 1202,706 (search 15 ms)
2026-07-22 20:24:09 [motherlode2] FindFilledBlock: found at 1150,770 (23x23 0x00FF00 tol=5, 0 ms)
2026-07-22 20:24:09 [motherlode2] Track: found 0x00FF00 block at 1150,770 but 64px from last position 1202,706 (max drift 45) - likely a DIFFERENT block, rejecting
2026-07-22 20:24:09 [motherlode2] Track: search missed this tick, but anchor point 1202,706 is still 0x00FF00 - holding current target, not switching
2026-07-22 20:24:09 [motherlode2] Tracking stable target at 1202,706 (cooldown active, search 16 ms)
2026-07-22 20:24:09 [motherlode2] FindFilledBlock: found at 1202,706 (23x23 0x00FF00 tol=5, 15 ms)
2026-07-22 20:24:09 [motherlode2] Tracking stable target at 1202,706 (cooldown active, search 15 ms)
2026-07-22 20:24:09 [motherlode2] FindFilledBlock: found at 1202,706 (23x23 0x00FF00 tol=5, 15 ms)
2026-07-22 20:24:09 [motherlode2] Tracking stable target at 1202,706 (cooldown active, search 15 ms)
2026-07-22 20:24:09 [motherlode2] FindFilledBlock: found at 1202,706 (23x23 0x00FF00 tol=5, 15 ms)
2026-07-22 20:24:09 [motherlode2] Tracking stable target at 1202,706 (cooldown active, search 15 ms)
2026-07-22 20:24:09 [motherlode2] FindFilledBlock: found at 1202,706 (23x23 0x00FF00 tol=5, 15 ms)
2026-07-22 20:24:09 [motherlode2] Tracking stable target at 1202,706 (cooldown active, search 15 ms)
2026-07-22 20:24:10 [motherlode2] FindFilledBlock: found at 1202,706 (23x23 0x00FF00 tol=5, 0 ms)
2026-07-22 20:24:10 [motherlode2] Tracking stable target at 1202,706 (cooldown active, search 0 ms)
2026-07-22 20:24:10 [motherlode2] FindFilledBlock: found at 1202,706 (23x23 0x00FF00 tol=5, 0 ms)
2026-07-22 20:24:10 [motherlode2] Clicked STABLE target at 1202,706 (search 0 ms)
2026-07-22 20:24:10 [motherlode2] FindFilledBlock: found at 1280,738 (23x23 0x00FF00 tol=5, 0 ms)
2026-07-22 20:24:10 [motherlode2] Track: found 0x00FF00 block at 1280,738 but 78px from last position 1202,706 (max drift 45) - likely a DIFFERENT block, rejecting
2026-07-22 20:24:10 [motherlode2] Track: search missed this tick, but anchor point 1202,706 is still 0x00FF00 - holding current target, not switching
2026-07-22 20:24:10 [motherlode2] Tracking stable target at 1202,706 (cooldown active, search 0 ms)
2026-07-22 20:24:10 [motherlode2] FindFilledBlock: found at 1202,706 (23x23 0x00FF00 tol=5, 0 ms)
2026-07-22 20:24:11 [motherlode2] Tracking stable target at 1202,706 (cooldown active, search 15 ms)
2026-07-22 20:24:11 [motherlode2] FindFilledBlock: found at 1202,706 (23x23 0x00FF00 tol=5, 16 ms)
2026-07-22 20:24:11 [motherlode2] Tracking stable target at 1202,706 (cooldown active, search 16 ms)
2026-07-22 20:24:11 [motherlode2] FindFilledBlock: found at 1202,706 (23x23 0x00FF00 tol=5, 0 ms)
2026-07-22 20:24:11 [motherlode2] Tracking stable target at 1202,706 (cooldown active, search 0 ms)
2026-07-22 20:24:11 [motherlode2] FindFilledBlock: found at 1202,706 (23x23 0x00FF00 tol=5, 16 ms)
2026-07-22 20:24:11 [motherlode2] Tracking stable target at 1202,706 (cooldown active, search 16 ms)
2026-07-22 20:24:11 [motherlode2] FindFilledBlock: found at 1202,706 (23x23 0x00FF00 tol=5, 15 ms)
2026-07-22 20:24:11 [motherlode2] Tracking stable target at 1202,706 (cooldown active, search 15 ms)
2026-07-22 20:24:12 [motherlode2] FindFilledBlock: found at 1202,706 (23x23 0x00FF00 tol=5, 15 ms)
2026-07-22 20:24:12 [motherlode2] Clicked STABLE target at 1202,706 (search 15 ms)
2026-07-22 20:24:12 [motherlode2] FindFilledBlock: found at 1280,738 (23x23 0x00FF00 tol=5, 15 ms)
2026-07-22 20:24:12 [motherlode2] Track: found 0x00FF00 block at 1280,738 but 78px from last position 1202,706 (max drift 45) - likely a DIFFERENT block, rejecting
2026-07-22 20:24:12 [motherlode2] Track: search missed this tick, but anchor point 1202,706 is still 0x00FF00 - holding current target, not switching
2026-07-22 20:24:12 [motherlode2] Tracking stable target at 1202,706 (cooldown active, search 15 ms)
2026-07-22 20:24:12 [motherlode2] FindFilledBlock: found at 1202,706 (23x23 0x00FF00 tol=5, 16 ms)
2026-07-22 20:24:12 [motherlode2] Tracking stable target at 1202,706 (cooldown active, search 16 ms)
2026-07-22 20:24:13 [motherlode2] FindFilledBlock: found at 1202,706 (23x23 0x00FF00 tol=5, 15 ms)
2026-07-22 20:24:13 [motherlode2] Tracking stable target at 1202,706 (cooldown active, search 15 ms)
2026-07-22 20:24:13 [motherlode2] FindFilledBlock: found at 1202,706 (23x23 0x00FF00 tol=5, 0 ms)
2026-07-22 20:24:13 [motherlode2] Tracking stable target at 1202,706 (cooldown active, search 0 ms)
2026-07-22 20:24:13 [motherlode2] FindFilledBlock: found at 1202,706 (23x23 0x00FF00 tol=5, 0 ms)
2026-07-22 20:24:13 [motherlode2] Tracking stable target at 1202,706 (cooldown active, search 0 ms)
2026-07-22 20:24:13 [motherlode2] FindFilledBlock: found at 1202,706 (23x23 0x00FF00 tol=5, 0 ms)
2026-07-22 20:24:13 [motherlode2] Tracking stable target at 1202,706 (cooldown active, search 0 ms)
2026-07-22 20:24:13 [motherlode2] FindFilledBlock: found at 1202,706 (23x23 0x00FF00 tol=5, 0 ms)
2026-07-22 20:24:14 [motherlode2] Clicked STABLE target at 1202,706 (search 0 ms)
2026-07-22 20:24:14 [motherlode2] FindFilledBlock: found at 1280,738 (23x23 0x00FF00 tol=5, 16 ms)
2026-07-22 20:24:14 [motherlode2] Track: found 0x00FF00 block at 1280,738 but 78px from last position 1202,706 (max drift 45) - likely a DIFFERENT block, rejecting
2026-07-22 20:24:14 [motherlode2] Track: search missed this tick, but anchor point 1202,706 is still 0x00FF00 - holding current target, not switching
2026-07-22 20:24:14 [motherlode2] Tracking stable target at 1202,706 (cooldown active, search 16 ms)
2026-07-22 20:24:14 [motherlode2] FindFilledBlock: found at 1202,706 (23x23 0x00FF00 tol=5, 16 ms)
2026-07-22 20:24:14 [motherlode2] Tracking stable target at 1202,706 (cooldown active, search 16 ms)
2026-07-22 20:24:14 [motherlode2] FindFilledBlock: found at 1202,706 (23x23 0x00FF00 tol=5, 15 ms)
2026-07-22 20:24:14 [motherlode2] Tracking stable target at 1202,706 (cooldown active, search 15 ms)
2026-07-22 20:24:15 [motherlode2] FindFilledBlock: found at 1202,706 (23x23 0x00FF00 tol=5, 16 ms)
2026-07-22 20:24:15 [motherlode2] Tracking stable target at 1202,706 (cooldown active, search 16 ms)
2026-07-22 20:24:15 [motherlode2] FindFilledBlock: found at 1202,706 (23x23 0x00FF00 tol=5, 15 ms)
2026-07-22 20:24:15 [motherlode2] Tracking stable target at 1202,706 (cooldown active, search 15 ms)
2026-07-22 20:24:15 [motherlode2] FindFilledBlock: found at 1202,706 (23x23 0x00FF00 tol=5, 16 ms)
2026-07-22 20:24:15 [motherlode2] Tracking stable target at 1202,706 (cooldown active, search 16 ms)
2026-07-22 20:24:15 [motherlode2] FindFilledBlock: found at 1202,706 (23x23 0x00FF00 tol=5, 0 ms)
2026-07-22 20:24:15 [motherlode2] Clicked STABLE target at 1202,706 (search 0 ms)
2026-07-22 20:24:16 [motherlode2] FindFilledBlock: found at 1280,738 (23x23 0x00FF00 tol=5, 0 ms)
2026-07-22 20:24:16 [motherlode2] Track: found 0x00FF00 block at 1280,738 but 78px from last position 1202,706 (max drift 45) - likely a DIFFERENT block, rejecting
2026-07-22 20:24:16 [motherlode2] Track: search missed this tick, but anchor point 1202,706 is still 0x00FF00 - holding current target, not switching
2026-07-22 20:24:16 [motherlode2] Tracking stable target at 1202,706 (cooldown active, search 0 ms)
2026-07-22 20:24:16 [motherlode2] FindFilledBlock: found at 1202,706 (23x23 0x00FF00 tol=5, 0 ms)
2026-07-22 20:24:16 [motherlode2] Tracking stable target at 1202,706 (cooldown active, search 0 ms)
2026-07-22 20:24:16 [motherlode2] FindImage: found at 2135,905 (C:\Users\link\Documents\GitHub\osrs-automation\Bots\..\Images\pay-dirt.png, 0 ms)
2026-07-22 20:24:16 [motherlode2] Slot 5 confirmed pay-dirt
2026-07-22 20:24:16 [motherlode2] TrackAndClick: until-condition met (27547 ms total)
2026-07-22 20:24:16 [motherlode2] Inventory full - depositing into hopper (cycle 1/1)
2026-07-22 20:24:16 [motherlode2] Hopper: depositing (first wait 15000ms, then re-clicking every 1500ms until clear, up to 600000ms total)
2026-07-22 20:24:16 [motherlode2] Hopper: waiting for hopper marker
2026-07-22 20:24:16 [motherlode2] FindFilledBlock: found at 1138,602 (23x23 0xC9FFC4 tol=5, 16 ms)
2026-07-22 20:24:16 [motherlode2] Hopper: clicking hopper marker at 1138,602
2026-07-22 20:24:18 [motherlode2] Hopper: inventory cleared - settling 600ms before continuing
2026-07-22 20:24:19 [motherlode2] GoToSackArea: waiting for entrance marker
2026-07-22 20:24:19 [motherlode2] FindFilledBlock: found at 1197,597 (17x17 0x5676FF tol=5, 16 ms)
2026-07-22 20:24:19 [motherlode2] GoToSackArea: clicking entrance marker at 1197,597
2026-07-22 20:24:19 [motherlode2] GoToSackArea: waiting for arrival
2026-07-22 20:24:19 [motherlode2] FindFilledBlock: not found (21x21 0x0B5C11 tol=5, 0 ms)
2026-07-22 20:24:20 [motherlode2] FindFilledBlock: not found (21x21 0x0B5C11 tol=5, 16 ms)
2026-07-22 20:24:20 [motherlode2] FindFilledBlock: not found (21x21 0x0B5C11 tol=5, 16 ms)
2026-07-22 20:24:20 [motherlode2] FindFilledBlock: not found (21x21 0x0B5C11 tol=5, 0 ms)
2026-07-22 20:24:20 [motherlode2] FindFilledBlock: not found (21x21 0x0B5C11 tol=5, 0 ms)
2026-07-22 20:24:20 [motherlode2] FindFilledBlock: not found (21x21 0x0B5C11 tol=5, 0 ms)
2026-07-22 20:24:21 [motherlode2] FindFilledBlock: not found (21x21 0x0B5C11 tol=5, 0 ms)
2026-07-22 20:24:21 [motherlode2] FindFilledBlock: not found (21x21 0x0B5C11 tol=5, 0 ms)
2026-07-22 20:24:21 [motherlode2] FindFilledBlock: not found (21x21 0x0B5C11 tol=5, 0 ms)
2026-07-22 20:24:21 [motherlode2] FindFilledBlock: not found (21x21 0x0B5C11 tol=5, 0 ms)
2026-07-22 20:24:21 [motherlode2] FindFilledBlock: not found (21x21 0x0B5C11 tol=5, 0 ms)
2026-07-22 20:24:21 [motherlode2] FindFilledBlock: not found (21x21 0x0B5C11 tol=5, 0 ms)
2026-07-22 20:24:22 [motherlode2] FindFilledBlock: not found (21x21 0x0B5C11 tol=5, 0 ms)
2026-07-22 20:24:22 [motherlode2] FindFilledBlock: not found (21x21 0x0B5C11 tol=5, 15 ms)
2026-07-22 20:24:22 [motherlode2] FindFilledBlock: not found (21x21 0x0B5C11 tol=5, 16 ms)
2026-07-22 20:24:22 [motherlode2] FindFilledBlock: not found (21x21 0x0B5C11 tol=5, 15 ms)
2026-07-22 20:24:22 [motherlode2] FindFilledBlock: not found (21x21 0x0B5C11 tol=5, 16 ms)
2026-07-22 20:24:22 [motherlode2] FindFilledBlock: not found (21x21 0x0B5C11 tol=5, 15 ms)
2026-07-22 20:24:23 [motherlode2] FindFilledBlock: not found (21x21 0x0B5C11 tol=5, 16 ms)
2026-07-22 20:24:23 [motherlode2] FindFilledBlock: found at 1579,404 (21x21 0x0B5C11 tol=5, 0 ms)
2026-07-22 20:24:23 [motherlode2] FindFilledBlock: found at 1581,411 (21x21 0x0B5C11 tol=5, 0 ms)
2026-07-22 20:24:23 [motherlode2] FindFilledBlock: found at 1581,423 (21x21 0x0B5C11 tol=5, 15 ms)
2026-07-22 20:24:23 [motherlode2] FindFilledBlock: found at 1581,429 (21x21 0x0B5C11 tol=5, 0 ms)
2026-07-22 20:24:23 [motherlode2] GoToSackArea: arrived
2026-07-22 20:24:23 [motherlode2] Sack/bank cycle 1/1
2026-07-22 20:24:23 [motherlode2] Sack: withdrawing (first wait 7500ms, then re-clicking every 1500ms until slots 2/3/4 fill)
2026-07-22 20:24:23 [motherlode2] Sack: waiting for sack
2026-07-22 20:24:24 [motherlode2] FindImage: found at 1493,245 (C:\Users\link\Documents\GitHub\osrs-automation\Bots\..\Images\sack.png, 78 ms)
2026-07-22 20:24:24 [motherlode2] Sack: clicking sack at 1493,245
2026-07-22 20:24:24 [motherlode2] Sack: settling 600ms before checking slots 2/3/4
2026-07-22 20:24:29 [motherlode2] Sack: waiting for deposit-box marker
2026-07-22 20:24:29 [motherlode2] FindFilledBlock: found at 935,841 (21x21 0xFF00FF tol=5, 15 ms)
2026-07-22 20:24:29 [motherlode2] Sack: clicking deposit-box marker at 935,841
2026-07-22 20:24:29 [motherlode2] Sack: waiting for deposit box
2026-07-22 20:24:29 [motherlode2] FindImage: not found (C:\Users\link\Documents\GitHub\osrs-automation\Bots\..\Images\deposit-motherlode.png, 78 ms)
2026-07-22 20:24:29 [motherlode2] FindImage: not found (C:\Users\link\Documents\GitHub\osrs-automation\Bots\..\Images\deposit-motherlode.png, 78 ms)
2026-07-22 20:24:30 [motherlode2] FindImage: not found (C:\Users\link\Documents\GitHub\osrs-automation\Bots\..\Images\deposit-motherlode.png, 78 ms)
2026-07-22 20:24:30 [motherlode2] FindImage: not found (C:\Users\link\Documents\GitHub\osrs-automation\Bots\..\Images\deposit-motherlode.png, 78 ms)
2026-07-22 20:24:30 [motherlode2] FindImage: not found (C:\Users\link\Documents\GitHub\osrs-automation\Bots\..\Images\deposit-motherlode.png, 78 ms)
2026-07-22 20:24:30 [motherlode2] FindImage: not found (C:\Users\link\Documents\GitHub\osrs-automation\Bots\..\Images\deposit-motherlode.png, 78 ms)
2026-07-22 20:24:31 [motherlode2] FindImage: not found (C:\Users\link\Documents\GitHub\osrs-automation\Bots\..\Images\deposit-motherlode.png, 78 ms)
2026-07-22 20:24:31 [motherlode2] FindImage: not found (C:\Users\link\Documents\GitHub\osrs-automation\Bots\..\Images\deposit-motherlode.png, 78 ms)
2026-07-22 20:24:31 [motherlode2] FindImage: not found (C:\Users\link\Documents\GitHub\osrs-automation\Bots\..\Images\deposit-motherlode.png, 78 ms)
2026-07-22 20:24:31 [motherlode2] FindImage: not found (C:\Users\link\Documents\GitHub\osrs-automation\Bots\..\Images\deposit-motherlode.png, 78 ms)
2026-07-22 20:24:32 [motherlode2] FindImage: not found (C:\Users\link\Documents\GitHub\osrs-automation\Bots\..\Images\deposit-motherlode.png, 78 ms)
2026-07-22 20:24:32 [motherlode2] FindImage: not found (C:\Users\link\Documents\GitHub\osrs-automation\Bots\..\Images\deposit-motherlode.png, 78 ms)
2026-07-22 20:24:32 [motherlode2] FindImage: not found (C:\Users\link\Documents\GitHub\osrs-automation\Bots\..\Images\deposit-motherlode.png, 78 ms)
2026-07-22 20:24:32 [motherlode2] FindImage: found at 815,801 (C:\Users\link\Documents\GitHub\osrs-automation\Bots\..\Images\deposit-motherlode.png, 78 ms)
2026-07-22 20:24:32 [motherlode2] Sack: clicking deposit box at 815,801
2026-07-22 20:24:33 [motherlode2] Sack: waiting for inventory to confirm the deposit
2026-07-22 20:24:33 [motherlode2] Sack: deposit confirmed
2026-07-22 20:24:33 [motherlode2] ReturnToMine: waiting for exit marker
2026-07-22 20:24:33 [motherlode2] FindFilledBlock: found at 1340,1022 (15x15 0x0000FF tol=5, 0 ms)
2026-07-22 20:24:33 [motherlode2] ReturnToMine: clicking exit marker at 1340,1022
2026-07-22 20:24:33 [motherlode2] ReturnToMine: waiting for arrival
2026-07-22 20:24:33 [motherlode2] FindFilledBlock: not found (11x11 0xFFFF00 tol=5, 15 ms)
2026-07-22 20:24:33 [motherlode2] FindFilledBlock: not found (11x11 0xFFFF00 tol=5, 0 ms)
2026-07-22 20:24:34 [motherlode2] FindFilledBlock: not found (11x11 0xFFFF00 tol=5, 0 ms)
2026-07-22 20:24:34 [motherlode2] FindFilledBlock: not found (11x11 0xFFFF00 tol=5, 0 ms)
2026-07-22 20:24:34 [motherlode2] FindFilledBlock: not found (11x11 0xFFFF00 tol=5, 0 ms)
2026-07-22 20:24:34 [motherlode2] FindFilledBlock: not found (11x11 0xFFFF00 tol=5, 0 ms)
2026-07-22 20:24:34 [motherlode2] FindFilledBlock: not found (11x11 0xFFFF00 tol=5, 0 ms)
2026-07-22 20:24:35 [motherlode2] FindFilledBlock: not found (11x11 0xFFFF00 tol=5, 0 ms)
2026-07-22 20:24:35 [motherlode2] FindFilledBlock: not found (11x11 0xFFFF00 tol=5, 0 ms)
2026-07-22 20:24:35 [motherlode2] FindFilledBlock: not found (11x11 0xFFFF00 tol=5, 16 ms)
2026-07-22 20:24:35 [motherlode2] FindFilledBlock: not found (11x11 0xFFFF00 tol=5, 15 ms)
2026-07-22 20:24:35 [motherlode2] FindFilledBlock: not found (11x11 0xFFFF00 tol=5, 16 ms)
2026-07-22 20:24:35 [motherlode2] FindFilledBlock: not found (11x11 0xFFFF00 tol=5, 15 ms)
2026-07-22 20:24:36 [motherlode2] FindFilledBlock: not found (11x11 0xFFFF00 tol=5, 16 ms)
2026-07-22 20:24:36 [motherlode2] FindFilledBlock: not found (11x11 0xFFFF00 tol=5, 15 ms)
2026-07-22 20:24:36 [motherlode2] FindFilledBlock: not found (11x11 0xFFFF00 tol=5, 16 ms)
2026-07-22 20:24:36 [motherlode2] FindFilledBlock: not found (11x11 0xFFFF00 tol=5, 0 ms)
2026-07-22 20:24:36 [motherlode2] FindFilledBlock: not found (11x11 0xFFFF00 tol=5, 0 ms)
2026-07-22 20:24:37 [motherlode2] FindFilledBlock: not found (11x11 0xFFFF00 tol=5, 0 ms)
2026-07-22 20:24:37 [motherlode2] FindFilledBlock: not found (11x11 0xFFFF00 tol=5, 0 ms)
2026-07-22 20:24:37 [motherlode2] FindFilledBlock: not found (11x11 0xFFFF00 tol=5, 0 ms)
2026-07-22 20:24:37 [motherlode2] FindFilledBlock: not found (11x11 0xFFFF00 tol=5, 0 ms)
2026-07-22 20:24:37 [motherlode2] FindFilledBlock: not found (11x11 0xFFFF00 tol=5, 0 ms)
2026-07-22 20:24:37 [motherlode2] FindFilledBlock: not found (11x11 0xFFFF00 tol=5, 0 ms)
2026-07-22 20:24:38 [motherlode2] FindFilledBlock: not found (11x11 0xFFFF00 tol=5, 0 ms)
2026-07-22 20:24:38 [motherlode2] FindFilledBlock: not found (11x11 0xFFFF00 tol=5, 0 ms)
2026-07-22 20:24:38 [motherlode2] FindFilledBlock: not found (11x11 0xFFFF00 tol=5, 0 ms)
2026-07-22 20:24:38 [motherlode2] FindFilledBlock: not found (11x11 0xFFFF00 tol=5, 16 ms)
2026-07-22 20:24:38 [motherlode2] FindFilledBlock: not found (11x11 0xFFFF00 tol=5, 0 ms)
2026-07-22 20:24:38 [motherlode2] FindFilledBlock: not found (11x11 0xFFFF00 tol=5, 0 ms)
2026-07-22 20:24:39 [motherlode2] FindFilledBlock: not found (11x11 0xFFFF00 tol=5, 16 ms)
2026-07-22 20:24:39 [motherlode2] FindFilledBlock: not found (11x11 0xFFFF00 tol=5, 15 ms)
2026-07-22 20:24:39 [motherlode2] FindFilledBlock: not found (11x11 0xFFFF00 tol=5, 16 ms)
2026-07-22 20:24:39 [motherlode2] FindFilledBlock: not found (11x11 0xFFFF00 tol=5, 15 ms)
2026-07-22 20:24:39 [motherlode2] FindFilledBlock: not found (11x11 0xFFFF00 tol=5, 16 ms)
2026-07-22 20:24:40 [motherlode2] FindFilledBlock: not found (11x11 0xFFFF00 tol=5, 15 ms)
2026-07-22 20:24:40 [motherlode2] FindFilledBlock: not found (11x11 0xFFFF00 tol=5, 16 ms)
2026-07-22 20:24:40 [motherlode2] FindFilledBlock: not found (11x11 0xFFFF00 tol=5, 15 ms)
2026-07-22 20:24:40 [motherlode2] FindFilledBlock: not found (11x11 0xFFFF00 tol=5, 16 ms)
2026-07-22 20:24:40 [motherlode2] FindFilledBlock: not found (11x11 0xFFFF00 tol=5, 15 ms)
2026-07-22 20:24:40 [motherlode2] FindFilledBlock: not found (11x11 0xFFFF00 tol=5, 0 ms)
2026-07-22 20:24:41 [motherlode2] FindFilledBlock: not found (11x11 0xFFFF00 tol=5, 0 ms)
2026-07-22 20:24:41 [motherlode2] FindFilledBlock: not found (11x11 0xFFFF00 tol=5, 0 ms)
2026-07-22 20:24:41 [motherlode2] FindFilledBlock: not found (11x11 0xFFFF00 tol=5, 0 ms)
2026-07-22 20:24:41 [motherlode2] FindFilledBlock: not found (11x11 0xFFFF00 tol=5, 0 ms)
2026-07-22 20:24:41 [motherlode2] FindFilledBlock: not found (11x11 0xFFFF00 tol=5, 0 ms)
2026-07-22 20:24:42 [motherlode2] FindFilledBlock: not found (11x11 0xFFFF00 tol=5, 0 ms)
2026-07-22 20:24:42 [motherlode2] FindFilledBlock: not found (11x11 0xFFFF00 tol=5, 0 ms)
2026-07-22 20:24:42 [motherlode2] FindFilledBlock: not found (11x11 0xFFFF00 tol=5, 15 ms)
2026-07-22 20:24:42 [motherlode2] FindFilledBlock: not found (11x11 0xFFFF00 tol=5, 16 ms)
2026-07-22 20:24:42 [motherlode2] FindFilledBlock: not found (11x11 0xFFFF00 tol=5, 15 ms)
2026-07-22 20:24:42 [motherlode2] FindFilledBlock: not found (11x11 0xFFFF00 tol=5, 0 ms)
2026-07-22 20:24:43 [motherlode2] FindFilledBlock: not found (11x11 0xFFFF00 tol=5, 0 ms)
2026-07-22 20:24:43 [motherlode2] FindFilledBlock: not found (11x11 0xFFFF00 tol=5, 0 ms)
2026-07-22 20:24:43 [motherlode2] FindFilledBlock: not found (11x11 0xFFFF00 tol=5, 0 ms)
2026-07-22 20:24:43 [motherlode2] FindFilledBlock: not found (11x11 0xFFFF00 tol=5, 15 ms)
2026-07-22 20:24:43 [motherlode2] FindFilledBlock: not found (11x11 0xFFFF00 tol=5, 16 ms)
2026-07-22 20:24:43 [motherlode2] FindFilledBlock: not found (11x11 0xFFFF00 tol=5, 0 ms)
2026-07-22 20:24:44 [motherlode2] FindFilledBlock: not found (11x11 0xFFFF00 tol=5, 15 ms)
2026-07-22 20:24:44 [motherlode2] FindFilledBlock: not found (11x11 0xFFFF00 tol=5, 16 ms)
2026-07-22 20:24:44 [motherlode2] FindFilledBlock: not found (11x11 0xFFFF00 tol=5, 15 ms)
2026-07-22 20:24:44 [motherlode2] FindFilledBlock: not found (11x11 0xFFFF00 tol=5, 16 ms)
2026-07-22 20:24:44 [motherlode2] FindFilledBlock: not found (11x11 0xFFFF00 tol=5, 15 ms)
2026-07-22 20:24:45 [motherlode2] FindFilledBlock: not found (11x11 0xFFFF00 tol=5, 0 ms)
2026-07-22 20:24:45 [motherlode2] FindFilledBlock: not found (11x11 0xFFFF00 tol=5, 0 ms)
2026-07-22 20:24:45 [motherlode2] FindFilledBlock: not found (11x11 0xFFFF00 tol=5, 0 ms)
2026-07-22 20:24:45 [motherlode2] FindFilledBlock: not found (11x11 0xFFFF00 tol=5, 0 ms)
2026-07-22 20:24:45 [motherlode2] FindFilledBlock: not found (11x11 0xFFFF00 tol=5, 0 ms)
2026-07-22 20:24:45 [motherlode2] FindFilledBlock: not found (11x11 0xFFFF00 tol=5, 0 ms)
2026-07-22 20:24:46 [motherlode2] FindFilledBlock: not found (11x11 0xFFFF00 tol=5, 0 ms)
2026-07-22 20:24:46 [motherlode2] F12 pressed - exiting

2026-07-22 20:27:12 [motherlode2] Script loaded. F5=start full loop  F8=probe check slot+sack slots  F9=toggle debug mode  F6=stop  F12=exit. Veins=0x00FF00/0x00B809
2026-07-22 20:27:13 [motherlode2] F9 pressed - DEBUG MODE ON (full at slot 5)
2026-07-22 20:27:13 [motherlode2] Motherlode2 started: veins=0x00FF00/0x00B809 hopperCycles=1 sackCycles=1
2026-07-22 20:27:13 [motherlode2] FindFilledBlock: found at 1210,776 (23x23 0x00FF00 tol=5, 0 ms)
2026-07-22 20:27:13 [motherlode2] FindFilledBlock: found at 1306,708 (23x23 0x00B809 tol=5, 16 ms)
2026-07-22 20:27:13 [motherlode2] Acquired new target at 1306,708 (0x00B809, ring 90, 16 ms)
2026-07-22 20:27:14 [motherlode2] FindFilledBlock: found at 1306,708 (23x23 0x00B809 tol=5, 16 ms)
2026-07-22 20:27:14 [motherlode2] Clicked initial/re-click target at 1306,708 (search 16 ms)
2026-07-22 20:27:14 [motherlode2] FindFilledBlock: found at 1330,708 (23x23 0x00B809 tol=5, 16 ms)
2026-07-22 20:27:14 [motherlode2] Tracking not-yet-stable target at 1330,708 (search 16 ms)
2026-07-22 20:27:14 [motherlode2] FindFilledBlock: found at 1306,706 (23x23 0x00B809 tol=5, 16 ms)
2026-07-22 20:27:14 [motherlode2] Tracking not-yet-stable target at 1306,706 (search 16 ms)
2026-07-22 20:27:14 [motherlode2] FindFilledBlock: found at 1306,702 (23x23 0x00B809 tol=5, 16 ms)
2026-07-22 20:27:14 [motherlode2] Tracking not-yet-stable target at 1306,702 (search 16 ms)
2026-07-22 20:27:15 [motherlode2] FindFilledBlock: found at 1306,690 (23x23 0x00B809 tol=5, 16 ms)
2026-07-22 20:27:15 [motherlode2] Tracking not-yet-stable target at 1306,690 (search 16 ms)
2026-07-22 20:27:15 [motherlode2] FindFilledBlock: found at 1308,680 (23x23 0x00B809 tol=5, 16 ms)
2026-07-22 20:27:15 [motherlode2] Tracking not-yet-stable target at 1308,680 (search 16 ms)
2026-07-22 20:27:15 [motherlode2] FindFilledBlock: found at 1300,676 (23x23 0x00B809 tol=5, 16 ms)
2026-07-22 20:27:15 [motherlode2] Tracking not-yet-stable target at 1300,676 (search 16 ms)
2026-07-22 20:27:15 [motherlode2] FindFilledBlock: found at 1292,672 (23x23 0x00B809 tol=5, 0 ms)
2026-07-22 20:27:15 [motherlode2] Tracking not-yet-stable target at 1292,672 (search 0 ms)
2026-07-22 20:27:15 [motherlode2] FindFilledBlock: found at 1276,672 (23x23 0x00B809 tol=5, 16 ms)
2026-07-22 20:27:15 [motherlode2] Tracking not-yet-stable target at 1276,672 (search 16 ms)
2026-07-22 20:27:16 [motherlode2] FindFilledBlock: found at 1264,670 (23x23 0x00B809 tol=5, 16 ms)
2026-07-22 20:27:16 [motherlode2] Tracking not-yet-stable target at 1264,670 (search 16 ms)
2026-07-22 20:27:16 [motherlode2] FindFilledBlock: found at 1254,670 (23x23 0x00B809 tol=5, 0 ms)
2026-07-22 20:27:16 [motherlode2] Tracking not-yet-stable target at 1254,670 (search 0 ms)
2026-07-22 20:27:16 [motherlode2] FindFilledBlock: found at 1248,670 (23x23 0x00B809 tol=5, 0 ms)
2026-07-22 20:27:16 [motherlode2] Tracking not-yet-stable target at 1248,670 (search 0 ms)
2026-07-22 20:27:16 [motherlode2] FindFilledBlock: found at 1244,670 (23x23 0x00B809 tol=5, 0 ms)
2026-07-22 20:27:16 [motherlode2] Tracking not-yet-stable target at 1244,670 (search 0 ms)
2026-07-22 20:27:16 [motherlode2] FindFilledBlock: found at 1244,670 (23x23 0x00B809 tol=5, 0 ms)
2026-07-22 20:27:17 [motherlode2] Clicked STABLE target at 1244,670 (search 16 ms)
2026-07-22 20:27:17 [motherlode2] FindFilledBlock: not found (23x23 0x00B809 tol=5, 0 ms)
2026-07-22 20:27:17 [motherlode2] Track: search missed this tick, but anchor point 1244,670 is still 0x00B809 - holding current target, not switching
2026-07-22 20:27:17 [motherlode2] Tracking stable target at 1244,670 (cooldown active, search 0 ms)
2026-07-22 20:27:17 [motherlode2] FindFilledBlock: found at 1242,670 (23x23 0x00B809 tol=5, 15 ms)
2026-07-22 20:27:17 [motherlode2] Tracking stable target at 1242,670 (cooldown active, search 15 ms)
2026-07-22 20:27:17 [motherlode2] FindFilledBlock: found at 1242,670 (23x23 0x00B809 tol=5, 0 ms)
2026-07-22 20:27:17 [motherlode2] Tracking stable target at 1242,670 (cooldown active, search 0 ms)
2026-07-22 20:27:17 [motherlode2] FindFilledBlock: found at 1242,670 (23x23 0x00B809 tol=5, 0 ms)
2026-07-22 20:27:17 [motherlode2] Tracking stable target at 1242,670 (cooldown active, search 0 ms)
2026-07-22 20:27:18 [motherlode2] FindFilledBlock: found at 1242,670 (23x23 0x00B809 tol=5, 0 ms)
2026-07-22 20:27:18 [motherlode2] Tracking stable target at 1242,670 (cooldown active, search 0 ms)
2026-07-22 20:27:18 [motherlode2] FindImage: found at 2219,833 (C:\Users\link\Documents\GitHub\osrs-automation\Bots\..\Images\pay-dirt.png, 16 ms)
2026-07-22 20:27:18 [motherlode2] Slot 2 confirmed pay-dirt
2026-07-22 20:27:18 [motherlode2] FindFilledBlock: not found (23x23 0x00B809 tol=5, 0 ms)
2026-07-22 20:27:18 [motherlode2] Target depleted or lost - re-acquiring (searched 0 ms)
2026-07-22 20:27:18 [motherlode2] FindFilledBlock: found at 1169,742 (23x23 0x00FF00 tol=5, 0 ms)
2026-07-22 20:27:18 [motherlode2] FindFilledBlock: not found (23x23 0x00B809 tol=5, 15 ms)
2026-07-22 20:27:18 [motherlode2] Acquired new target at 1169,742 (0x00FF00, ring 90, 15 ms)
2026-07-22 20:27:18 [motherlode2] FindFilledBlock: found at 1090,674 (23x23 0x00FF00 tol=5, 0 ms)
2026-07-22 20:27:18 [motherlode2] Track: found 0x00FF00 block at 1090,674 but 79px from last position 1169,742 (max drift 45) - likely a DIFFERENT block, rejecting
2026-07-22 20:27:18 [motherlode2] Track: search missed this tick, but anchor point 1169,742 is still 0x00FF00 - holding current target, not switching
2026-07-22 20:27:19 [motherlode2] Clicked initial/re-click target at 1169,742 (search 15 ms)
2026-07-22 20:27:19 [motherlode2] FindFilledBlock: found at 1090,674 (23x23 0x00FF00 tol=5, 16 ms)
2026-07-22 20:27:19 [motherlode2] Track: found 0x00FF00 block at 1090,674 but 79px from last position 1169,742 (max drift 45) - likely a DIFFERENT block, rejecting
2026-07-22 20:27:19 [motherlode2] Track: search missed this tick, but anchor point 1169,742 is still 0x00FF00 - holding current target, not switching
2026-07-22 20:27:19 [motherlode2] Tracking not-yet-stable target at 1169,742 (search 16 ms)
2026-07-22 20:27:19 [motherlode2] FindFilledBlock: found at 1090,674 (23x23 0x00FF00 tol=5, 0 ms)
2026-07-22 20:27:19 [motherlode2] Track: found 0x00FF00 block at 1090,674 but 79px from last position 1169,742 (max drift 45) - likely a DIFFERENT block, rejecting
2026-07-22 20:27:19 [motherlode2] Track: search missed this tick, but anchor point 1169,742 is still 0x00FF00 - holding current target, not switching
2026-07-22 20:27:19 [motherlode2] Tracking stable target at 1169,742 (cooldown active, search 0 ms)
2026-07-22 20:27:19 [motherlode2] FindFilledBlock: found at 1090,674 (23x23 0x00FF00 tol=5, 16 ms)
2026-07-22 20:27:19 [motherlode2] Track: found 0x00FF00 block at 1090,674 but 79px from last position 1169,742 (max drift 45) - likely a DIFFERENT block, rejecting
2026-07-22 20:27:19 [motherlode2] Track: search missed this tick, but anchor point 1169,742 is still 0x00FF00 - holding current target, not switching
2026-07-22 20:27:19 [motherlode2] Tracking stable target at 1169,742 (cooldown active, search 16 ms)
2026-07-22 20:27:19 [motherlode2] FindFilledBlock: found at 1090,672 (23x23 0x00FF00 tol=5, 15 ms)
2026-07-22 20:27:19 [motherlode2] Track: found 0x00FF00 block at 1090,672 but 79px from last position 1169,742 (max drift 45) - likely a DIFFERENT block, rejecting
2026-07-22 20:27:19 [motherlode2] Track: search missed this tick, but anchor point 1169,742 is still 0x00FF00 - holding current target, not switching
2026-07-22 20:27:19 [motherlode2] Tracking stable target at 1169,742 (cooldown active, search 15 ms)
2026-07-22 20:27:20 [motherlode2] FindFilledBlock: found at 1090,668 (23x23 0x00FF00 tol=5, 0 ms)
2026-07-22 20:27:20 [motherlode2] Track: found 0x00FF00 block at 1090,668 but 79px from last position 1169,742 (max drift 45) - likely a DIFFERENT block, rejecting
2026-07-22 20:27:20 [motherlode2] Track: search missed this tick, but anchor point 1169,742 is still 0x00FF00 - holding current target, not switching
2026-07-22 20:27:20 [motherlode2] Tracking stable target at 1169,742 (cooldown active, search 0 ms)
2026-07-22 20:27:20 [motherlode2] FindFilledBlock: found at 1106,668 (23x23 0x00FF00 tol=5, 16 ms)
2026-07-22 20:27:20 [motherlode2] Track: found 0x00FF00 block at 1106,668 but 74px from last position 1169,742 (max drift 45) - likely a DIFFERENT block, rejecting
2026-07-22 20:27:20 [motherlode2] Track: search missed this tick, but anchor point 1169,742 is still 0x00FF00 - holding current target, not switching
2026-07-22 20:27:20 [motherlode2] Tracking stable target at 1169,742 (cooldown active, search 16 ms)
2026-07-22 20:27:20 [motherlode2] FindFilledBlock: found at 1118,668 (23x23 0x00FF00 tol=5, 0 ms)
2026-07-22 20:27:20 [motherlode2] Track: found 0x00FF00 block at 1118,668 but 74px from last position 1169,742 (max drift 45) - likely a DIFFERENT block, rejecting
2026-07-22 20:27:20 [motherlode2] Target depleted or lost - re-acquiring (searched 0 ms)
2026-07-22 20:27:20 [motherlode2] FindFilledBlock: found at 1206,742 (23x23 0x00FF00 tol=5, 16 ms)
2026-07-22 20:27:20 [motherlode2] FindFilledBlock: found at 1169,706 (23x23 0x00B809 tol=5, 0 ms)
2026-07-22 20:27:20 [motherlode2] Acquired new target at 1206,742 (0x00FF00, ring 90, 16 ms)
2026-07-22 20:27:21 [motherlode2] FindFilledBlock: found at 1127,668 (23x23 0x00FF00 tol=5, 16 ms)
2026-07-22 20:27:21 [motherlode2] Track: found 0x00FF00 block at 1127,668 but 79px from last position 1206,742 (max drift 45) - likely a DIFFERENT block, rejecting
2026-07-22 20:27:21 [motherlode2] Track: search missed this tick, but anchor point 1206,742 is still 0x00FF00 - holding current target, not switching
2026-07-22 20:27:21 [motherlode2] Clicked initial/re-click target at 1206,742 (search 16 ms)
2026-07-22 20:27:21 [motherlode2] FindFilledBlock: found at 1130,668 (23x23 0x00FF00 tol=5, 16 ms)
2026-07-22 20:27:21 [motherlode2] Track: found 0x00FF00 block at 1130,668 but 76px from last position 1206,742 (max drift 45) - likely a DIFFERENT block, rejecting
2026-07-22 20:27:21 [motherlode2] Track: search missed this tick, but anchor point 1206,742 is still 0x00FF00 - holding current target, not switching
2026-07-22 20:27:21 [motherlode2] Tracking not-yet-stable target at 1206,742 (search 16 ms)
2026-07-22 20:27:21 [motherlode2] FindFilledBlock: found at 1130,668 (23x23 0x00FF00 tol=5, 0 ms)
2026-07-22 20:27:21 [motherlode2] Track: found 0x00FF00 block at 1130,668 but 76px from last position 1206,742 (max drift 45) - likely a DIFFERENT block, rejecting
2026-07-22 20:27:21 [motherlode2] Track: search missed this tick, but anchor point 1206,742 is still 0x00FF00 - holding current target, not switching
2026-07-22 20:27:21 [motherlode2] Tracking stable target at 1206,742 (cooldown active, search 0 ms)
2026-07-22 20:27:21 [motherlode2] FindFilledBlock: found at 1130,668 (23x23 0x00FF00 tol=5, 16 ms)
2026-07-22 20:27:21 [motherlode2] Track: found 0x00FF00 block at 1130,668 but 76px from last position 1206,742 (max drift 45) - likely a DIFFERENT block, rejecting
2026-07-22 20:27:21 [motherlode2] Track: search missed this tick, but anchor point 1206,742 is still 0x00FF00 - holding current target, not switching
2026-07-22 20:27:21 [motherlode2] Tracking stable target at 1206,742 (cooldown active, search 16 ms)
2026-07-22 20:27:22 [motherlode2] FindFilledBlock: found at 1132,668 (23x23 0x00FF00 tol=5, 15 ms)
2026-07-22 20:27:22 [motherlode2] Track: found 0x00FF00 block at 1132,668 but 74px from last position 1206,742 (max drift 45) - likely a DIFFERENT block, rejecting
2026-07-22 20:27:22 [motherlode2] Track: search missed this tick, but anchor point 1206,742 is still 0x00FF00 - holding current target, not switching
2026-07-22 20:27:22 [motherlode2] Tracking stable target at 1206,742 (cooldown active, search 15 ms)
2026-07-22 20:27:22 [motherlode2] FindFilledBlock: found at 1140,668 (23x23 0x00FF00 tol=5, 0 ms)
2026-07-22 20:27:22 [motherlode2] Track: found 0x00FF00 block at 1140,668 but 74px from last position 1206,742 (max drift 45) - likely a DIFFERENT block, rejecting
2026-07-22 20:27:22 [motherlode2] Track: search missed this tick, but anchor point 1206,742 is still 0x00FF00 - holding current target, not switching
2026-07-22 20:27:22 [motherlode2] Tracking stable target at 1206,742 (cooldown active, search 0 ms)
2026-07-22 20:27:22 [motherlode2] FindFilledBlock: found at 1150,668 (23x23 0x00FF00 tol=5, 16 ms)
2026-07-22 20:27:22 [motherlode2] Track: found 0x00FF00 block at 1150,668 but 74px from last position 1206,742 (max drift 45) - likely a DIFFERENT block, rejecting
2026-07-22 20:27:22 [motherlode2] Target depleted or lost - re-acquiring (searched 16 ms)
2026-07-22 20:27:22 [motherlode2] FindFilledBlock: found at 1169,668 (23x23 0x00FF00 tol=5, 0 ms)
2026-07-22 20:27:22 [motherlode2] FindFilledBlock: found at 1192,706 (23x23 0x00B809 tol=5, 15 ms)
2026-07-22 20:27:22 [motherlode2] Acquired new target at 1192,706 (0x00B809, ring 90, 15 ms)
2026-07-22 20:27:23 [motherlode2] FindFilledBlock: found at 1198,706 (23x23 0x00B809 tol=5, 16 ms)
2026-07-22 20:27:23 [motherlode2] Clicked initial/re-click target at 1198,706 (search 16 ms)
2026-07-22 20:27:23 [motherlode2] FindFilledBlock: not found (23x23 0x00B809 tol=5, 16 ms)
2026-07-22 20:27:23 [motherlode2] Target depleted or lost - re-acquiring (searched 16 ms)
2026-07-22 20:27:23 [motherlode2] FindFilledBlock: found at 1169,668 (23x23 0x00FF00 tol=5, 0 ms)
2026-07-22 20:27:23 [motherlode2] FindFilledBlock: found at 1202,706 (23x23 0x00B809 tol=5, 15 ms)
2026-07-22 20:27:23 [motherlode2] Acquired new target at 1202,706 (0x00B809, ring 90, 15 ms)
2026-07-22 20:27:23 [motherlode2] FindFilledBlock: found at 1202,706 (23x23 0x00B809 tol=5, 16 ms)
2026-07-22 20:27:24 [motherlode2] Clicked initial/re-click target at 1202,706 (search 16 ms)
2026-07-22 20:27:24 [motherlode2] FindFilledBlock: found at 1202,706 (23x23 0x00B809 tol=5, 0 ms)
2026-07-22 20:27:24 [motherlode2] Tracking not-yet-stable target at 1202,706 (search 0 ms)
2026-07-22 20:27:24 [motherlode2] FindFilledBlock: found at 1202,706 (23x23 0x00B809 tol=5, 16 ms)
2026-07-22 20:27:24 [motherlode2] Tracking stable target at 1202,706 (cooldown active, search 16 ms)
2026-07-22 20:27:24 [motherlode2] FindFilledBlock: found at 1202,706 (23x23 0x00B809 tol=5, 0 ms)
2026-07-22 20:27:24 [motherlode2] Tracking stable target at 1202,706 (cooldown active, search 0 ms)
2026-07-22 20:27:25 [motherlode2] FindFilledBlock: found at 1202,706 (23x23 0x00B809 tol=5, 16 ms)
2026-07-22 20:27:25 [motherlode2] Tracking stable target at 1202,706 (cooldown active, search 16 ms)
2026-07-22 20:27:25 [motherlode2] FindFilledBlock: found at 1198,706 (23x23 0x00B809 tol=5, 16 ms)
2026-07-22 20:27:25 [motherlode2] Tracking stable target at 1198,706 (cooldown active, search 16 ms)
2026-07-22 20:27:25 [motherlode2] FindFilledBlock: found at 1194,706 (23x23 0x00B809 tol=5, 15 ms)
2026-07-22 20:27:25 [motherlode2] Tracking stable target at 1194,706 (cooldown active, search 15 ms)
2026-07-22 20:27:25 [motherlode2] FindFilledBlock: found at 1188,706 (23x23 0x00B809 tol=5, 0 ms)
2026-07-22 20:27:25 [motherlode2] Tracking not-yet-stable target at 1188,706 (search 0 ms)
2026-07-22 20:27:25 [motherlode2] FindFilledBlock: found at 1180,706 (23x23 0x00B809 tol=5, 0 ms)
2026-07-22 20:27:25 [motherlode2] Tracking not-yet-stable target at 1180,706 (search 0 ms)
2026-07-22 20:27:25 [motherlode2] F12 pressed - exiting

2026-07-22 20:27:32 [motherlode2] Script loaded. F5=start full loop  F8=probe check slot+sack slots  F9=toggle debug mode  F6=stop  F12=exit. Veins=0x00FF00/0x00B809
2026-07-22 20:27:33 [motherlode2] F9 pressed - DEBUG MODE ON (full at slot 5)
2026-07-22 20:27:34 [motherlode2] Motherlode2 started: veins=0x00FF00/0x00B809 hopperCycles=1 sackCycles=1
2026-07-22 20:27:34 [motherlode2] FindImage: found at 2219,833 (C:\Users\link\Documents\GitHub\osrs-automation\Bots\..\Images\pay-dirt.png, 16 ms)
2026-07-22 20:27:34 [motherlode2] Slot 2 confirmed pay-dirt
2026-07-22 20:27:34 [motherlode2] FindFilledBlock: found at 1312,670 (23x23 0x00FF00 tol=5, 0 ms)
2026-07-22 20:27:34 [motherlode2] FindFilledBlock: found at 1212,742 (23x23 0x00B809 tol=5, 15 ms)
2026-07-22 20:27:34 [motherlode2] Acquired new target at 1212,742 (0x00B809, ring 90, 15 ms)
2026-07-22 20:27:34 [motherlode2] FindFilledBlock: found at 1133,706 (23x23 0x00B809 tol=5, 0 ms)
2026-07-22 20:27:34 [motherlode2] Track: found 0x00B809 block at 1133,706 but 79px from last position 1212,742 (max drift 45) - likely a DIFFERENT block, rejecting
2026-07-22 20:27:34 [motherlode2] Track: search missed this tick, but anchor point 1212,742 is still 0x00B809 - holding current target, not switching
2026-07-22 20:27:34 [motherlode2] Clicked initial/re-click target at 1212,742 (search 0 ms)
2026-07-22 20:27:34 [motherlode2] FindFilledBlock: found at 1133,706 (23x23 0x00B809 tol=5, 0 ms)
2026-07-22 20:27:34 [motherlode2] Track: found 0x00B809 block at 1133,706 but 79px from last position 1212,742 (max drift 45) - likely a DIFFERENT block, rejecting
2026-07-22 20:27:34 [motherlode2] Track: search missed this tick, but anchor point 1212,742 is still 0x00B809 - holding current target, not switching
2026-07-22 20:27:34 [motherlode2] Tracking not-yet-stable target at 1212,742 (search 0 ms)
2026-07-22 20:27:35 [motherlode2] FindFilledBlock: found at 1133,706 (23x23 0x00B809 tol=5, 0 ms)
2026-07-22 20:27:35 [motherlode2] Track: found 0x00B809 block at 1133,706 but 79px from last position 1212,742 (max drift 45) - likely a DIFFERENT block, rejecting
2026-07-22 20:27:35 [motherlode2] Track: search missed this tick, but anchor point 1212,742 is still 0x00B809 - holding current target, not switching
2026-07-22 20:27:35 [motherlode2] Tracking stable target at 1212,742 (cooldown active, search 15 ms)
2026-07-22 20:27:35 [motherlode2] FindFilledBlock: found at 1133,706 (23x23 0x00B809 tol=5, 0 ms)
2026-07-22 20:27:35 [motherlode2] Track: found 0x00B809 block at 1133,706 but 79px from last position 1212,742 (max drift 45) - likely a DIFFERENT block, rejecting
2026-07-22 20:27:35 [motherlode2] Track: search missed this tick, but anchor point 1212,742 is still 0x00B809 - holding current target, not switching
2026-07-22 20:27:35 [motherlode2] Tracking stable target at 1212,742 (cooldown active, search 0 ms)
2026-07-22 20:27:35 [motherlode2] FindFilledBlock: found at 1133,706 (23x23 0x00B809 tol=5, 0 ms)
2026-07-22 20:27:35 [motherlode2] Track: found 0x00B809 block at 1133,706 but 79px from last position 1212,742 (max drift 45) - likely a DIFFERENT block, rejecting
2026-07-22 20:27:35 [motherlode2] Track: search missed this tick, but anchor point 1212,742 is still 0x00B809 - holding current target, not switching
2026-07-22 20:27:35 [motherlode2] Tracking stable target at 1212,742 (cooldown active, search 16 ms)
2026-07-22 20:27:35 [motherlode2] FindFilledBlock: found at 1138,706 (23x23 0x00B809 tol=5, 15 ms)
2026-07-22 20:27:35 [motherlode2] Track: found 0x00B809 block at 1138,706 but 74px from last position 1212,742 (max drift 45) - likely a DIFFERENT block, rejecting
2026-07-22 20:27:35 [motherlode2] Target depleted or lost - re-acquiring (searched 15 ms)
2026-07-22 20:27:36 [motherlode2] FindFilledBlock: found at 1324,674 (23x23 0x00FF00 tol=5, 0 ms)
2026-07-22 20:27:36 [motherlode2] FindFilledBlock: found at 1169,706 (23x23 0x00B809 tol=5, 15 ms)
2026-07-22 20:27:36 [motherlode2] Acquired new target at 1169,706 (0x00B809, ring 90, 15 ms)
2026-07-22 20:27:36 [motherlode2] FindFilledBlock: found at 1154,706 (23x23 0x00B809 tol=5, 15 ms)
2026-07-22 20:27:36 [motherlode2] Clicked initial/re-click target at 1154,706 (search 15 ms)
2026-07-22 20:27:36 [motherlode2] FindFilledBlock: found at 1178,706 (23x23 0x00B809 tol=5, 16 ms)
2026-07-22 20:27:36 [motherlode2] Tracking not-yet-stable target at 1178,706 (search 16 ms)
2026-07-22 20:27:36 [motherlode2] FindFilledBlock: found at 1162,706 (23x23 0x00B809 tol=5, 16 ms)
2026-07-22 20:27:36 [motherlode2] Tracking not-yet-stable target at 1162,706 (search 16 ms)
2026-07-22 20:27:37 [motherlode2] FindFilledBlock: found at 1164,706 (23x23 0x00B809 tol=5, 16 ms)
2026-07-22 20:27:37 [motherlode2] Tracking not-yet-stable target at 1164,706 (search 16 ms)
2026-07-22 20:27:37 [motherlode2] FindFilledBlock: found at 1166,706 (23x23 0x00B809 tol=5, 0 ms)
2026-07-22 20:27:37 [motherlode2] Tracking stable target at 1166,706 (cooldown active, search 16 ms)
2026-07-22 20:27:37 [motherlode2] FindFilledBlock: found at 1172,706 (23x23 0x00B809 tol=5, 16 ms)
2026-07-22 20:27:37 [motherlode2] Tracking not-yet-stable target at 1172,706 (search 16 ms)
2026-07-22 20:27:37 [motherlode2] FindFilledBlock: found at 1182,706 (23x23 0x00B809 tol=5, 16 ms)
2026-07-22 20:27:37 [motherlode2] Tracking not-yet-stable target at 1182,706 (search 16 ms)
2026-07-22 20:27:37 [motherlode2] FindFilledBlock: found at 1190,706 (23x23 0x00B809 tol=5, 16 ms)
2026-07-22 20:27:37 [motherlode2] Tracking not-yet-stable target at 1190,706 (search 16 ms)
2026-07-22 20:27:38 [motherlode2] FindFilledBlock: found at 1196,706 (23x23 0x00B809 tol=5, 0 ms)
2026-07-22 20:27:38 [motherlode2] Tracking not-yet-stable target at 1196,706 (search 0 ms)
2026-07-22 20:27:38 [motherlode2] FindFilledBlock: found at 1200,706 (23x23 0x00B809 tol=5, 16 ms)
2026-07-22 20:27:38 [motherlode2] Tracking not-yet-stable target at 1200,706 (search 16 ms)
2026-07-22 20:27:38 [motherlode2] FindFilledBlock: found at 1200,706 (23x23 0x00B809 tol=5, 16 ms)
2026-07-22 20:27:38 [motherlode2] Clicked STABLE target at 1200,706 (search 16 ms)
2026-07-22 20:27:38 [motherlode2] FindFilledBlock: found at 1278,742 (23x23 0x00B809 tol=5, 0 ms)
2026-07-22 20:27:38 [motherlode2] Track: found 0x00B809 block at 1278,742 but 78px from last position 1200,706 (max drift 45) - likely a DIFFERENT block, rejecting
2026-07-22 20:27:38 [motherlode2] Track: search missed this tick, but anchor point 1200,706 is still 0x00B809 - holding current target, not switching
2026-07-22 20:27:38 [motherlode2] Tracking stable target at 1200,706 (cooldown active, search 0 ms)
2026-07-22 20:27:39 [motherlode2] FindFilledBlock: found at 1202,706 (23x23 0x00B809 tol=5, 0 ms)
2026-07-22 20:27:39 [motherlode2] Tracking stable target at 1202,706 (cooldown active, search 0 ms)
2026-07-22 20:27:39 [motherlode2] FindFilledBlock: found at 1202,706 (23x23 0x00B809 tol=5, 0 ms)
2026-07-22 20:27:39 [motherlode2] Tracking stable target at 1202,706 (cooldown active, search 0 ms)
2026-07-22 20:27:39 [motherlode2] FindFilledBlock: found at 1202,706 (23x23 0x00B809 tol=5, 0 ms)
2026-07-22 20:27:39 [motherlode2] Tracking stable target at 1202,706 (cooldown active, search 0 ms)
2026-07-22 20:27:39 [motherlode2] FindFilledBlock: found at 1202,706 (23x23 0x00B809 tol=5, 15 ms)
2026-07-22 20:27:39 [motherlode2] Tracking stable target at 1202,706 (cooldown active, search 15 ms)
2026-07-22 20:27:39 [motherlode2] FindFilledBlock: found at 1202,706 (23x23 0x00B809 tol=5, 0 ms)
2026-07-22 20:27:39 [motherlode2] Tracking stable target at 1202,706 (cooldown active, search 0 ms)
2026-07-22 20:27:40 [motherlode2] FindFilledBlock: found at 1202,706 (23x23 0x00B809 tol=5, 0 ms)
2026-07-22 20:27:40 [motherlode2] Tracking stable target at 1202,706 (cooldown active, search 0 ms)
2026-07-22 20:27:40 [motherlode2] FindFilledBlock: found at 1202,706 (23x23 0x00B809 tol=5, 0 ms)
2026-07-22 20:27:40 [motherlode2] Clicked STABLE target at 1202,706 (search 0 ms)
2026-07-22 20:27:40 [motherlode2] FindFilledBlock: found at 1280,742 (23x23 0x00B809 tol=5, 0 ms)
2026-07-22 20:27:40 [motherlode2] Track: found 0x00B809 block at 1280,742 but 78px from last position 1202,706 (max drift 45) - likely a DIFFERENT block, rejecting
2026-07-22 20:27:40 [motherlode2] Track: search missed this tick, but anchor point 1202,706 is still 0x00B809 - holding current target, not switching
2026-07-22 20:27:40 [motherlode2] Tracking stable target at 1202,706 (cooldown active, search 0 ms)
2026-07-22 20:27:40 [motherlode2] FindFilledBlock: found at 1202,706 (23x23 0x00B809 tol=5, 0 ms)
2026-07-22 20:27:40 [motherlode2] Tracking stable target at 1202,706 (cooldown active, search 0 ms)
2026-07-22 20:27:41 [motherlode2] FindFilledBlock: found at 1202,706 (23x23 0x00B809 tol=5, 16 ms)
2026-07-22 20:27:41 [motherlode2] Tracking stable target at 1202,706 (cooldown active, search 16 ms)
2026-07-22 20:27:41 [motherlode2] FindFilledBlock: found at 1202,706 (23x23 0x00B809 tol=5, 0 ms)
2026-07-22 20:27:41 [motherlode2] Tracking stable target at 1202,706 (cooldown active, search 15 ms)
2026-07-22 20:27:41 [motherlode2] FindFilledBlock: found at 1202,706 (23x23 0x00B809 tol=5, 0 ms)
2026-07-22 20:27:41 [motherlode2] Tracking stable target at 1202,706 (cooldown active, search 0 ms)
2026-07-22 20:27:41 [motherlode2] FindFilledBlock: found at 1202,706 (23x23 0x00B809 tol=5, 0 ms)
2026-07-22 20:27:41 [motherlode2] Tracking stable target at 1202,706 (cooldown active, search 0 ms)
2026-07-22 20:27:41 [motherlode2] FindFilledBlock: found at 1202,706 (23x23 0x00B809 tol=5, 15 ms)
2026-07-22 20:27:41 [motherlode2] Tracking stable target at 1202,706 (cooldown active, search 15 ms)
2026-07-22 20:27:42 [motherlode2] FindFilledBlock: found at 1202,706 (23x23 0x00B809 tol=5, 15 ms)
2026-07-22 20:27:42 [motherlode2] Clicked STABLE target at 1202,706 (search 15 ms)
2026-07-22 20:27:42 [motherlode2] FindFilledBlock: found at 1280,742 (23x23 0x00B809 tol=5, 0 ms)
2026-07-22 20:27:42 [motherlode2] Track: found 0x00B809 block at 1280,742 but 78px from last position 1202,706 (max drift 45) - likely a DIFFERENT block, rejecting
2026-07-22 20:27:42 [motherlode2] Track: search missed this tick, but anchor point 1202,706 is still 0x00B809 - holding current target, not switching
2026-07-22 20:27:42 [motherlode2] Tracking stable target at 1202,706 (cooldown active, search 0 ms)
2026-07-22 20:27:42 [motherlode2] FindFilledBlock: found at 1202,706 (23x23 0x00B809 tol=5, 15 ms)
2026-07-22 20:27:42 [motherlode2] Tracking stable target at 1202,706 (cooldown active, search 15 ms)
2026-07-22 20:27:42 [motherlode2] FindFilledBlock: found at 1202,706 (23x23 0x00B809 tol=5, 0 ms)
2026-07-22 20:27:42 [motherlode2] Tracking stable target at 1202,706 (cooldown active, search 0 ms)
2026-07-22 20:27:43 [motherlode2] FindFilledBlock: found at 1202,706 (23x23 0x00B809 tol=5, 0 ms)
2026-07-22 20:27:43 [motherlode2] Tracking stable target at 1202,706 (cooldown active, search 0 ms)
2026-07-22 20:27:43 [motherlode2] FindFilledBlock: found at 1202,706 (23x23 0x00B809 tol=5, 16 ms)
2026-07-22 20:27:43 [motherlode2] Tracking stable target at 1202,706 (cooldown active, search 16 ms)
2026-07-22 20:27:43 [motherlode2] FindImage: found at 2303,833 (C:\Users\link\Documents\GitHub\osrs-automation\Bots\..\Images\pay-dirt.png, 15 ms)
2026-07-22 20:27:43 [motherlode2] Slot 3 confirmed pay-dirt
2026-07-22 20:27:43 [motherlode2] FindFilledBlock: found at 1280,742 (23x23 0x00B809 tol=5, 0 ms)
2026-07-22 20:27:43 [motherlode2] Track: found 0x00B809 block at 1280,742 but 78px from last position 1202,706 (max drift 45) - likely a DIFFERENT block, rejecting
2026-07-22 20:27:43 [motherlode2] Target depleted or lost - re-acquiring (searched 0 ms)
2026-07-22 20:27:43 [motherlode2] FindFilledBlock: found at 1169,668 (23x23 0x00FF00 tol=5, 0 ms)
2026-07-22 20:27:43 [motherlode2] FindFilledBlock: found at 1280,742 (23x23 0x00B809 tol=5, 0 ms)
2026-07-22 20:27:43 [motherlode2] Acquired new target at 1280,742 (0x00B809, ring 90, 15 ms)
2026-07-22 20:27:43 [motherlode2] FindFilledBlock: found at 1280,742 (23x23 0x00B809 tol=5, 16 ms)
2026-07-22 20:27:44 [motherlode2] Clicked initial/re-click target at 1280,742 (search 16 ms)
2026-07-22 20:27:44 [motherlode2] FindFilledBlock: not found (23x23 0x00B809 tol=5, 0 ms)
2026-07-22 20:27:44 [motherlode2] Track: search missed this tick, but anchor point 1280,742 is still 0x00B809 - holding current target, not switching
2026-07-22 20:27:44 [motherlode2] Tracking not-yet-stable target at 1280,742 (search 0 ms)
2026-07-22 20:27:44 [motherlode2] FindFilledBlock: found at 1280,742 (23x23 0x00B809 tol=5, 16 ms)
2026-07-22 20:27:44 [motherlode2] Tracking stable target at 1280,742 (cooldown active, search 16 ms)
2026-07-22 20:27:44 [motherlode2] FindFilledBlock: found at 1280,742 (23x23 0x00B809 tol=5, 0 ms)
2026-07-22 20:27:44 [motherlode2] Tracking stable target at 1280,742 (cooldown active, search 0 ms)
2026-07-22 20:27:45 [motherlode2] FindFilledBlock: found at 1276,742 (23x23 0x00B809 tol=5, 0 ms)
2026-07-22 20:27:45 [motherlode2] Tracking stable target at 1276,742 (cooldown active, search 0 ms)
2026-07-22 20:27:45 [motherlode2] FindFilledBlock: found at 1272,742 (23x23 0x00B809 tol=5, 16 ms)
2026-07-22 20:27:45 [motherlode2] Tracking stable target at 1272,742 (cooldown active, search 16 ms)
2026-07-22 20:27:45 [motherlode2] FindFilledBlock: found at 1266,742 (23x23 0x00B809 tol=5, 0 ms)
2026-07-22 20:27:45 [motherlode2] Tracking not-yet-stable target at 1266,742 (search 0 ms)
2026-07-22 20:27:45 [motherlode2] FindFilledBlock: found at 1258,742 (23x23 0x00B809 tol=5, 0 ms)
2026-07-22 20:27:45 [motherlode2] Tracking not-yet-stable target at 1258,742 (search 0 ms)
2026-07-22 20:27:45 [motherlode2] FindFilledBlock: found at 1252,742 (23x23 0x00B809 tol=5, 16 ms)
2026-07-22 20:27:45 [motherlode2] Tracking not-yet-stable target at 1252,742 (search 16 ms)
2026-07-22 20:27:46 [motherlode2] FindFilledBlock: found at 1173,706 (23x23 0x00B809 tol=5, 0 ms)
2026-07-22 20:27:46 [motherlode2] Track: found 0x00B809 block at 1173,706 but 79px from last position 1252,742 (max drift 45) - likely a DIFFERENT block, rejecting
2026-07-22 20:27:46 [motherlode2] Track: search missed this tick, but anchor point 1252,742 is still 0x00B809 - holding current target, not switching
2026-07-22 20:27:46 [motherlode2] Tracking not-yet-stable target at 1252,742 (search 0 ms)
2026-07-22 20:27:46 [motherlode2] FindFilledBlock: found at 1173,706 (23x23 0x00B809 tol=5, 16 ms)
2026-07-22 20:27:46 [motherlode2] Track: found 0x00B809 block at 1173,706 but 79px from last position 1252,742 (max drift 45) - likely a DIFFERENT block, rejecting
2026-07-22 20:27:46 [motherlode2] Track: search missed this tick, but anchor point 1252,742 is still 0x00B809 - holding current target, not switching
2026-07-22 20:27:46 [motherlode2] Clicked STABLE target at 1252,742 (search 16 ms)
2026-07-22 20:27:46 [motherlode2] FindFilledBlock: found at 1173,706 (23x23 0x00B809 tol=5, 15 ms)
2026-07-22 20:27:46 [motherlode2] Track: found 0x00B809 block at 1173,706 but 79px from last position 1252,742 (max drift 45) - likely a DIFFERENT block, rejecting
2026-07-22 20:27:46 [motherlode2] Track: search missed this tick, but anchor point 1252,742 is still 0x00B809 - holding current target, not switching
2026-07-22 20:27:46 [motherlode2] Tracking stable target at 1252,742 (cooldown active, search 15 ms)
2026-07-22 20:27:46 [motherlode2] FindFilledBlock: found at 1173,706 (23x23 0x00B809 tol=5, 16 ms)
2026-07-22 20:27:46 [motherlode2] Track: found 0x00B809 block at 1173,706 but 79px from last position 1252,742 (max drift 45) - likely a DIFFERENT block, rejecting
2026-07-22 20:27:46 [motherlode2] Track: search missed this tick, but anchor point 1252,742 is still 0x00B809 - holding current target, not switching
2026-07-22 20:27:46 [motherlode2] Tracking stable target at 1252,742 (cooldown active, search 16 ms)
2026-07-22 20:27:47 [motherlode2] FindFilledBlock: found at 1173,706 (23x23 0x00B809 tol=5, 15 ms)
2026-07-22 20:27:47 [motherlode2] Track: found 0x00B809 block at 1173,706 but 79px from last position 1252,742 (max drift 45) - likely a DIFFERENT block, rejecting
2026-07-22 20:27:47 [motherlode2] Track: search missed this tick, but anchor point 1252,742 is still 0x00B809 - holding current target, not switching
2026-07-22 20:27:47 [motherlode2] Tracking stable target at 1252,742 (cooldown active, search 15 ms)
2026-07-22 20:27:47 [motherlode2] FindFilledBlock: found at 1173,706 (23x23 0x00B809 tol=5, 0 ms)
2026-07-22 20:27:47 [motherlode2] Track: found 0x00B809 block at 1173,706 but 79px from last position 1252,742 (max drift 45) - likely a DIFFERENT block, rejecting
2026-07-22 20:27:47 [motherlode2] Track: search missed this tick, but anchor point 1252,742 is still 0x00B809 - holding current target, not switching
2026-07-22 20:27:47 [motherlode2] Tracking stable target at 1252,742 (cooldown active, search 0 ms)
2026-07-22 20:27:47 [motherlode2] FindFilledBlock: found at 1173,706 (23x23 0x00B809 tol=5, 0 ms)
2026-07-22 20:27:47 [motherlode2] Track: found 0x00B809 block at 1173,706 but 79px from last position 1252,742 (max drift 45) - likely a DIFFERENT block, rejecting
2026-07-22 20:27:47 [motherlode2] Track: search missed this tick, but anchor point 1252,742 is still 0x00B809 - holding current target, not switching
2026-07-22 20:27:47 [motherlode2] Tracking stable target at 1252,742 (cooldown active, search 0 ms)
2026-07-22 20:27:47 [motherlode2] FindFilledBlock: found at 1173,706 (23x23 0x00B809 tol=5, 0 ms)
2026-07-22 20:27:47 [motherlode2] Track: found 0x00B809 block at 1173,706 but 79px from last position 1252,742 (max drift 45) - likely a DIFFERENT block, rejecting
2026-07-22 20:27:47 [motherlode2] Track: search missed this tick, but anchor point 1252,742 is still 0x00B809 - holding current target, not switching
2026-07-22 20:27:47 [motherlode2] Tracking stable target at 1252,742 (cooldown active, search 0 ms)
2026-07-22 20:27:48 [motherlode2] FindFilledBlock: found at 1173,706 (23x23 0x00B809 tol=5, 0 ms)
2026-07-22 20:27:48 [motherlode2] Track: found 0x00B809 block at 1173,706 but 79px from last position 1252,742 (max drift 45) - likely a DIFFERENT block, rejecting
2026-07-22 20:27:48 [motherlode2] Track: search missed this tick, but anchor point 1252,742 is still 0x00B809 - holding current target, not switching
2026-07-22 20:27:48 [motherlode2] Clicked STABLE target at 1252,742 (search 0 ms)
2026-07-22 20:27:48 [motherlode2] FindFilledBlock: found at 1173,706 (23x23 0x00B809 tol=5, 0 ms)
2026-07-22 20:27:48 [motherlode2] Track: found 0x00B809 block at 1173,706 but 79px from last position 1252,742 (max drift 45) - likely a DIFFERENT block, rejecting
2026-07-22 20:27:48 [motherlode2] Track: search missed this tick, but anchor point 1252,742 is still 0x00B809 - holding current target, not switching
2026-07-22 20:27:48 [motherlode2] Tracking stable target at 1252,742 (cooldown active, search 0 ms)
2026-07-22 20:27:48 [motherlode2] FindFilledBlock: found at 1173,706 (23x23 0x00B809 tol=5, 0 ms)
2026-07-22 20:27:48 [motherlode2] Track: found 0x00B809 block at 1173,706 but 79px from last position 1252,742 (max drift 45) - likely a DIFFERENT block, rejecting
2026-07-22 20:27:48 [motherlode2] Track: search missed this tick, but anchor point 1252,742 is still 0x00B809 - holding current target, not switching
2026-07-22 20:27:48 [motherlode2] Tracking stable target at 1252,742 (cooldown active, search 0 ms)
2026-07-22 20:27:48 [motherlode2] FindFilledBlock: found at 1173,706 (23x23 0x00B809 tol=5, 16 ms)
2026-07-22 20:27:48 [motherlode2] Track: found 0x00B809 block at 1173,706 but 79px from last position 1252,742 (max drift 45) - likely a DIFFERENT block, rejecting
2026-07-22 20:27:48 [motherlode2] Track: search missed this tick, but anchor point 1252,742 is still 0x00B809 - holding current target, not switching
2026-07-22 20:27:48 [motherlode2] Tracking stable target at 1252,742 (cooldown active, search 16 ms)
2026-07-22 20:27:49 [motherlode2] FindFilledBlock: found at 1173,706 (23x23 0x00B809 tol=5, 0 ms)
2026-07-22 20:27:49 [motherlode2] Track: found 0x00B809 block at 1173,706 but 79px from last position 1252,742 (max drift 45) - likely a DIFFERENT block, rejecting
2026-07-22 20:27:49 [motherlode2] Track: search missed this tick, but anchor point 1252,742 is still 0x00B809 - holding current target, not switching
2026-07-22 20:27:49 [motherlode2] Tracking stable target at 1252,742 (cooldown active, search 0 ms)
2026-07-22 20:27:49 [motherlode2] FindFilledBlock: found at 1173,706 (23x23 0x00B809 tol=5, 0 ms)
2026-07-22 20:27:49 [motherlode2] Track: found 0x00B809 block at 1173,706 but 79px from last position 1252,742 (max drift 45) - likely a DIFFERENT block, rejecting
2026-07-22 20:27:49 [motherlode2] Track: search missed this tick, but anchor point 1252,742 is still 0x00B809 - holding current target, not switching
2026-07-22 20:27:49 [motherlode2] Tracking stable target at 1252,742 (cooldown active, search 15 ms)
2026-07-22 20:27:49 [motherlode2] FindImage: found at 2387,833 (C:\Users\link\Documents\GitHub\osrs-automation\Bots\..\Images\pay-dirt.png, 16 ms)
2026-07-22 20:27:49 [motherlode2] Slot 4 confirmed pay-dirt
2026-07-22 20:27:49 [motherlode2] FindFilledBlock: found at 1173,706 (23x23 0x00B809 tol=5, 16 ms)
2026-07-22 20:27:49 [motherlode2] Track: found 0x00B809 block at 1173,706 but 79px from last position 1252,742 (max drift 45) - likely a DIFFERENT block, rejecting
2026-07-22 20:27:49 [motherlode2] Track: search missed this tick, but anchor point 1252,742 is still 0x00B809 - holding current target, not switching
2026-07-22 20:27:49 [motherlode2] Tracking stable target at 1252,742 (cooldown active, search 16 ms)
2026-07-22 20:27:49 [motherlode2] FindFilledBlock: found at 1173,706 (23x23 0x00B809 tol=5, 15 ms)
2026-07-22 20:27:49 [motherlode2] Track: found 0x00B809 block at 1173,706 but 79px from last position 1252,742 (max drift 45) - likely a DIFFERENT block, rejecting
2026-07-22 20:27:49 [motherlode2] Track: search missed this tick, but anchor point 1252,742 is still 0x00B809 - holding current target, not switching
2026-07-22 20:27:50 [motherlode2] Clicked STABLE target at 1252,742 (search 15 ms)
2026-07-22 20:27:50 [motherlode2] FindFilledBlock: found at 1173,706 (23x23 0x00B809 tol=5, 15 ms)
2026-07-22 20:27:50 [motherlode2] Track: found 0x00B809 block at 1173,706 but 79px from last position 1252,742 (max drift 45) - likely a DIFFERENT block, rejecting
2026-07-22 20:27:50 [motherlode2] Track: search missed this tick, but anchor point 1252,742 is still 0x00B809 - holding current target, not switching
2026-07-22 20:27:50 [motherlode2] Tracking stable target at 1252,742 (cooldown active, search 15 ms)
2026-07-22 20:27:50 [motherlode2] FindFilledBlock: found at 1173,706 (23x23 0x00B809 tol=5, 16 ms)
2026-07-22 20:27:50 [motherlode2] Track: found 0x00B809 block at 1173,706 but 79px from last position 1252,742 (max drift 45) - likely a DIFFERENT block, rejecting
2026-07-22 20:27:50 [motherlode2] Track: search missed this tick, but anchor point 1252,742 is still 0x00B809 - holding current target, not switching
2026-07-22 20:27:50 [motherlode2] Tracking stable target at 1252,742 (cooldown active, search 16 ms)
2026-07-22 20:27:50 [motherlode2] FindFilledBlock: found at 1173,706 (23x23 0x00B809 tol=5, 16 ms)
2026-07-22 20:27:50 [motherlode2] Track: found 0x00B809 block at 1173,706 but 79px from last position 1252,742 (max drift 45) - likely a DIFFERENT block, rejecting
2026-07-22 20:27:50 [motherlode2] Track: search missed this tick, but anchor point 1252,742 is still 0x00B809 - holding current target, not switching
2026-07-22 20:27:50 [motherlode2] Tracking stable target at 1252,742 (cooldown active, search 16 ms)
2026-07-22 20:27:50 [motherlode2] FindFilledBlock: found at 1173,706 (23x23 0x00B809 tol=5, 0 ms)
2026-07-22 20:27:50 [motherlode2] Track: found 0x00B809 block at 1173,706 but 79px from last position 1252,742 (max drift 45) - likely a DIFFERENT block, rejecting
2026-07-22 20:27:50 [motherlode2] Track: search missed this tick, but anchor point 1252,742 is still 0x00B809 - holding current target, not switching
2026-07-22 20:27:50 [motherlode2] Tracking stable target at 1252,742 (cooldown active, search 0 ms)
2026-07-22 20:27:51 [motherlode2] FindFilledBlock: found at 1173,706 (23x23 0x00B809 tol=5, 0 ms)
2026-07-22 20:27:51 [motherlode2] Track: found 0x00B809 block at 1173,706 but 79px from last position 1252,742 (max drift 45) - likely a DIFFERENT block, rejecting
2026-07-22 20:27:51 [motherlode2] Track: search missed this tick, but anchor point 1252,742 is still 0x00B809 - holding current target, not switching
2026-07-22 20:27:51 [motherlode2] Tracking stable target at 1252,742 (cooldown active, search 0 ms)
2026-07-22 20:27:51 [motherlode2] FindImage: found at 2135,905 (C:\Users\link\Documents\GitHub\osrs-automation\Bots\..\Images\pay-dirt.png, 15 ms)
2026-07-22 20:27:51 [motherlode2] Slot 5 confirmed pay-dirt
2026-07-22 20:27:51 [motherlode2] TrackAndClick: until-condition met (17125 ms total)
2026-07-22 20:27:51 [motherlode2] Inventory full - depositing into hopper (cycle 1/1)
2026-07-22 20:27:51 [motherlode2] Hopper: depositing (first wait 15000ms, then re-clicking every 1500ms until clear, up to 600000ms total)
2026-07-22 20:27:51 [motherlode2] Hopper: waiting for hopper marker
2026-07-22 20:27:51 [motherlode2] FindFilledBlock: found at 1140,502 (23x23 0xC9FFC4 tol=5, 0 ms)
2026-07-22 20:27:51 [motherlode2] Hopper: clicking hopper marker at 1140,502
2026-07-22 20:27:54 [motherlode2] Hopper: inventory cleared - settling 600ms before continuing
2026-07-22 20:27:55 [motherlode2] GoToSackArea: waiting for entrance marker
2026-07-22 20:27:55 [motherlode2] FindFilledBlock: found at 1199,595 (17x17 0x5676FF tol=5, 0 ms)
2026-07-22 20:27:55 [motherlode2] GoToSackArea: clicking entrance marker at 1199,595
2026-07-22 20:27:55 [motherlode2] GoToSackArea: waiting for arrival
2026-07-22 20:27:55 [motherlode2] FindFilledBlock: not found (21x21 0x0B5C11 tol=5, 0 ms)
2026-07-22 20:27:55 [motherlode2] FindFilledBlock: not found (21x21 0x0B5C11 tol=5, 16 ms)
2026-07-22 20:27:55 [motherlode2] FindFilledBlock: not found (21x21 0x0B5C11 tol=5, 0 ms)
2026-07-22 20:27:55 [motherlode2] FindFilledBlock: not found (21x21 0x0B5C11 tol=5, 16 ms)
2026-07-22 20:27:56 [motherlode2] FindFilledBlock: not found (21x21 0x0B5C11 tol=5, 16 ms)
2026-07-22 20:27:56 [motherlode2] FindFilledBlock: not found (21x21 0x0B5C11 tol=5, 16 ms)
2026-07-22 20:27:56 [motherlode2] FindFilledBlock: not found (21x21 0x0B5C11 tol=5, 16 ms)
2026-07-22 20:27:56 [motherlode2] FindFilledBlock: not found (21x21 0x0B5C11 tol=5, 0 ms)
2026-07-22 20:27:56 [motherlode2] FindFilledBlock: not found (21x21 0x0B5C11 tol=5, 0 ms)
2026-07-22 20:27:56 [motherlode2] FindFilledBlock: not found (21x21 0x0B5C11 tol=5, 0 ms)
2026-07-22 20:27:57 [motherlode2] FindFilledBlock: not found (21x21 0x0B5C11 tol=5, 0 ms)
2026-07-22 20:27:57 [motherlode2] FindFilledBlock: not found (21x21 0x0B5C11 tol=5, 0 ms)
2026-07-22 20:27:57 [motherlode2] FindFilledBlock: not found (21x21 0x0B5C11 tol=5, 0 ms)
2026-07-22 20:27:57 [motherlode2] FindFilledBlock: not found (21x21 0x0B5C11 tol=5, 0 ms)
2026-07-22 20:27:57 [motherlode2] FindFilledBlock: not found (21x21 0x0B5C11 tol=5, 0 ms)
2026-07-22 20:27:57 [motherlode2] FindFilledBlock: not found (21x21 0x0B5C11 tol=5, 0 ms)
2026-07-22 20:27:58 [motherlode2] FindFilledBlock: not found (21x21 0x0B5C11 tol=5, 0 ms)
2026-07-22 20:27:58 [motherlode2] FindFilledBlock: not found (21x21 0x0B5C11 tol=5, 0 ms)
2026-07-22 20:27:58 [motherlode2] FindFilledBlock: not found (21x21 0x0B5C11 tol=5, 0 ms)
2026-07-22 20:27:58 [motherlode2] FindFilledBlock: not found (21x21 0x0B5C11 tol=5, 0 ms)
2026-07-22 20:27:58 [motherlode2] FindFilledBlock: not found (21x21 0x0B5C11 tol=5, 0 ms)
2026-07-22 20:27:58 [motherlode2] FindFilledBlock: found at 1579,404 (21x21 0x0B5C11 tol=5, 0 ms)
2026-07-22 20:27:59 [motherlode2] FindFilledBlock: found at 1581,415 (21x21 0x0B5C11 tol=5, 0 ms)
2026-07-22 20:27:59 [motherlode2] FindFilledBlock: found at 1581,423 (21x21 0x0B5C11 tol=5, 0 ms)
2026-07-22 20:27:59 [motherlode2] FindFilledBlock: found at 1581,429 (21x21 0x0B5C11 tol=5, 0 ms)
2026-07-22 20:27:59 [motherlode2] GoToSackArea: arrived
2026-07-22 20:27:59 [motherlode2] Sack/bank cycle 1/1
2026-07-22 20:27:59 [motherlode2] Sack: withdrawing (first wait 7500ms, then re-clicking every 1500ms until slots 2/3/4 fill)
2026-07-22 20:27:59 [motherlode2] Sack: waiting for sack
2026-07-22 20:27:59 [motherlode2] FindImage: found at 1493,245 (C:\Users\link\Documents\GitHub\osrs-automation\Bots\..\Images\sack.png, 63 ms)
2026-07-22 20:27:59 [motherlode2] Sack: clicking sack at 1493,245
2026-07-22 20:27:59 [motherlode2] Sack: settling 600ms before checking slots 2/3/4
2026-07-22 20:28:04 [motherlode2] Sack: waiting for deposit-box marker
2026-07-22 20:28:04 [motherlode2] FindFilledBlock: found at 937,839 (21x21 0xFF00FF tol=5, 16 ms)
2026-07-22 20:28:04 [motherlode2] Sack: clicking deposit-box marker at 937,839
2026-07-22 20:28:04 [motherlode2] Sack: waiting for deposit box
2026-07-22 20:28:04 [motherlode2] FindImage: not found (C:\Users\link\Documents\GitHub\osrs-automation\Bots\..\Images\deposit-motherlode.png, 79 ms)
2026-07-22 20:28:05 [motherlode2] FindImage: not found (C:\Users\link\Documents\GitHub\osrs-automation\Bots\..\Images\deposit-motherlode.png, 62 ms)
2026-07-22 20:28:05 [motherlode2] FindImage: not found (C:\Users\link\Documents\GitHub\osrs-automation\Bots\..\Images\deposit-motherlode.png, 78 ms)
2026-07-22 20:28:05 [motherlode2] FindImage: not found (C:\Users\link\Documents\GitHub\osrs-automation\Bots\..\Images\deposit-motherlode.png, 78 ms)
2026-07-22 20:28:05 [motherlode2] FindImage: not found (C:\Users\link\Documents\GitHub\osrs-automation\Bots\..\Images\deposit-motherlode.png, 78 ms)
2026-07-22 20:28:06 [motherlode2] FindImage: not found (C:\Users\link\Documents\GitHub\osrs-automation\Bots\..\Images\deposit-motherlode.png, 78 ms)
2026-07-22 20:28:06 [motherlode2] FindImage: not found (C:\Users\link\Documents\GitHub\osrs-automation\Bots\..\Images\deposit-motherlode.png, 78 ms)
2026-07-22 20:28:06 [motherlode2] FindImage: not found (C:\Users\link\Documents\GitHub\osrs-automation\Bots\..\Images\deposit-motherlode.png, 79 ms)
2026-07-22 20:28:06 [motherlode2] FindImage: not found (C:\Users\link\Documents\GitHub\osrs-automation\Bots\..\Images\deposit-motherlode.png, 62 ms)
2026-07-22 20:28:06 [motherlode2] FindImage: not found (C:\Users\link\Documents\GitHub\osrs-automation\Bots\..\Images\deposit-motherlode.png, 78 ms)
2026-07-22 20:28:07 [motherlode2] FindImage: not found (C:\Users\link\Documents\GitHub\osrs-automation\Bots\..\Images\deposit-motherlode.png, 78 ms)
2026-07-22 20:28:07 [motherlode2] FindImage: not found (C:\Users\link\Documents\GitHub\osrs-automation\Bots\..\Images\deposit-motherlode.png, 78 ms)
2026-07-22 20:28:07 [motherlode2] FindImage: not found (C:\Users\link\Documents\GitHub\osrs-automation\Bots\..\Images\deposit-motherlode.png, 78 ms)
2026-07-22 20:28:07 [motherlode2] FindImage: not found (C:\Users\link\Documents\GitHub\osrs-automation\Bots\..\Images\deposit-motherlode.png, 78 ms)
2026-07-22 20:28:08 [motherlode2] FindImage: not found (C:\Users\link\Documents\GitHub\osrs-automation\Bots\..\Images\deposit-motherlode.png, 79 ms)
2026-07-22 20:28:08 [motherlode2] FindImage: found at 815,801 (C:\Users\link\Documents\GitHub\osrs-automation\Bots\..\Images\deposit-motherlode.png, 78 ms)
2026-07-22 20:28:08 [motherlode2] Sack: clicking deposit box at 815,801
2026-07-22 20:28:08 [motherlode2] Sack: waiting for inventory to confirm the deposit
2026-07-22 20:28:09 [motherlode2] Sack: deposit confirmed
2026-07-22 20:28:09 [motherlode2] ReturnToMine: waiting for exit marker
2026-07-22 20:28:09 [motherlode2] FindFilledBlock: found at 1344,1020 (15x15 0x0000FF tol=5, 0 ms)
2026-07-22 20:28:09 [motherlode2] ReturnToMine: clicking exit marker at 1344,1020
2026-07-22 20:28:09 [motherlode2] ReturnToMine: waiting for arrival
2026-07-22 20:28:09 [motherlode2] FindFilledBlock: not found (15x15 0xFFFF00 tol=5, 15 ms)
2026-07-22 20:28:09 [motherlode2] FindFilledBlock: not found (15x15 0xFFFF00 tol=5, 0 ms)
2026-07-22 20:28:10 [motherlode2] FindFilledBlock: not found (15x15 0xFFFF00 tol=5, 0 ms)
2026-07-22 20:28:10 [motherlode2] FindFilledBlock: not found (15x15 0xFFFF00 tol=5, 0 ms)
2026-07-22 20:28:10 [motherlode2] FindFilledBlock: not found (15x15 0xFFFF00 tol=5, 0 ms)
2026-07-22 20:28:10 [motherlode2] FindFilledBlock: not found (15x15 0xFFFF00 tol=5, 16 ms)
2026-07-22 20:28:10 [motherlode2] FindFilledBlock: not found (15x15 0xFFFF00 tol=5, 16 ms)
2026-07-22 20:28:10 [motherlode2] FindFilledBlock: not found (15x15 0xFFFF00 tol=5, 16 ms)
2026-07-22 20:28:11 [motherlode2] FindFilledBlock: not found (15x15 0xFFFF00 tol=5, 0 ms)
2026-07-22 20:28:11 [motherlode2] FindFilledBlock: not found (15x15 0xFFFF00 tol=5, 0 ms)
2026-07-22 20:28:11 [motherlode2] FindFilledBlock: not found (15x15 0xFFFF00 tol=5, 0 ms)
2026-07-22 20:28:11 [motherlode2] FindFilledBlock: not found (15x15 0xFFFF00 tol=5, 0 ms)
2026-07-22 20:28:11 [motherlode2] FindFilledBlock: not found (15x15 0xFFFF00 tol=5, 0 ms)
2026-07-22 20:28:11 [motherlode2] FindFilledBlock: not found (15x15 0xFFFF00 tol=5, 0 ms)
2026-07-22 20:28:12 [motherlode2] FindFilledBlock: not found (15x15 0xFFFF00 tol=5, 0 ms)
2026-07-22 20:28:12 [motherlode2] FindFilledBlock: not found (15x15 0xFFFF00 tol=5, 0 ms)
2026-07-22 20:28:12 [motherlode2] FindFilledBlock: not found (15x15 0xFFFF00 tol=5, 0 ms)
2026-07-22 20:28:12 [motherlode2] FindFilledBlock: not found (15x15 0xFFFF00 tol=5, 16 ms)
2026-07-22 20:28:12 [motherlode2] FindFilledBlock: not found (15x15 0xFFFF00 tol=5, 15 ms)
2026-07-22 20:28:12 [motherlode2] FindFilledBlock: not found (15x15 0xFFFF00 tol=5, 0 ms)
2026-07-22 20:28:13 [motherlode2] FindFilledBlock: not found (15x15 0xFFFF00 tol=5, 16 ms)
2026-07-22 20:28:13 [motherlode2] FindFilledBlock: not found (15x15 0xFFFF00 tol=5, 15 ms)
2026-07-22 20:28:13 [motherlode2] FindFilledBlock: not found (15x15 0xFFFF00 tol=5, 0 ms)
2026-07-22 20:28:13 [motherlode2] FindFilledBlock: not found (15x15 0xFFFF00 tol=5, 16 ms)
2026-07-22 20:28:13 [motherlode2] FindFilledBlock: not found (15x15 0xFFFF00 tol=5, 15 ms)
2026-07-22 20:28:13 [motherlode2] FindFilledBlock: not found (15x15 0xFFFF00 tol=5, 0 ms)
2026-07-22 20:28:14 [motherlode2] FindFilledBlock: not found (15x15 0xFFFF00 tol=5, 0 ms)
2026-07-22 20:28:14 [motherlode2] FindFilledBlock: not found (15x15 0xFFFF00 tol=5, 0 ms)
2026-07-22 20:28:14 [motherlode2] FindFilledBlock: not found (15x15 0xFFFF00 tol=5, 0 ms)
2026-07-22 20:28:14 [motherlode2] FindFilledBlock: not found (15x15 0xFFFF00 tol=5, 0 ms)
2026-07-22 20:28:14 [motherlode2] FindFilledBlock: not found (15x15 0xFFFF00 tol=5, 0 ms)
2026-07-22 20:28:14 [motherlode2] FindFilledBlock: not found (15x15 0xFFFF00 tol=5, 15 ms)
2026-07-22 20:28:14 [motherlode2] FindFilledBlock: found at 1008,1136 (15x15 0xFFFF00 tol=5, 15 ms)
2026-07-22 20:28:15 [motherlode2] ReturnToMine: arrived
2026-07-22 20:28:15 [motherlode2] FindFilledBlock: not found (23x23 0x00FF00 tol=5, 15 ms)
2026-07-22 20:28:15 [motherlode2] FindFilledBlock: not found (23x23 0x00B809 tol=5, 0 ms)
2026-07-22 20:28:15 [motherlode2] Acquire ring 90: not found (15 ms)
2026-07-22 20:28:15 [motherlode2] FindFilledBlock: found at 1376,936 (23x23 0x00FF00 tol=5, 15 ms)
2026-07-22 20:28:15 [motherlode2] FindFilledBlock: not found (23x23 0x00B809 tol=5, 0 ms)
2026-07-22 20:28:15 [motherlode2] Acquired new target at 1376,936 (0x00FF00, ring 270, 46 ms)
2026-07-22 20:28:15 [motherlode2] FindFilledBlock: found at 1376,918 (23x23 0x00FF00 tol=5, 0 ms)
2026-07-22 20:28:15 [motherlode2] Clicked initial/re-click target at 1376,918 (search 0 ms)
2026-07-22 20:28:15 [motherlode2] FindFilledBlock: found at 1432,930 (23x23 0x00FF00 tol=5, 15 ms)
2026-07-22 20:28:15 [motherlode2] Track: found 0x00FF00 block at 1432,930 but 56px from last position 1376,918 (max drift 45) - likely a DIFFERENT block, rejecting
2026-07-22 20:28:15 [motherlode2] Track: search missed this tick, but anchor point 1376,918 is still 0x00FF00 - holding current target, not switching
2026-07-22 20:28:15 [motherlode2] Tracking not-yet-stable target at 1376,918 (search 15 ms)
2026-07-22 20:28:15 [motherlode2] FindFilledBlock: found at 1376,902 (23x23 0x00FF00 tol=5, 15 ms)
2026-07-22 20:28:15 [motherlode2] Tracking not-yet-stable target at 1376,902 (search 15 ms)
2026-07-22 20:28:16 [motherlode2] FindFilledBlock: found at 1380,918 (23x23 0x00FF00 tol=5, 15 ms)
2026-07-22 20:28:16 [motherlode2] Tracking not-yet-stable target at 1380,918 (search 15 ms)
2026-07-22 20:28:16 [motherlode2] FindFilledBlock: found at 1370,906 (23x23 0x00FF00 tol=5, 16 ms)
2026-07-22 20:28:16 [motherlode2] Tracking not-yet-stable target at 1370,906 (search 16 ms)
2026-07-22 20:28:16 [motherlode2] FindFilledBlock: found at 1356,892 (23x23 0x00FF00 tol=5, 15 ms)
2026-07-22 20:28:16 [motherlode2] Tracking not-yet-stable target at 1356,892 (search 15 ms)
2026-07-22 20:28:16 [motherlode2] FindFilledBlock: found at 1338,872 (23x23 0x00FF00 tol=5, 16 ms)
2026-07-22 20:28:16 [motherlode2] Tracking not-yet-stable target at 1338,872 (search 16 ms)
2026-07-22 20:28:16 [motherlode2] FindFilledBlock: found at 1326,854 (23x23 0x00FF00 tol=5, 16 ms)
2026-07-22 20:28:16 [motherlode2] Tracking not-yet-stable target at 1326,854 (search 16 ms)
2026-07-22 20:28:17 [motherlode2] FindFilledBlock: found at 1320,834 (23x23 0x00FF00 tol=5, 15 ms)
2026-07-22 20:28:17 [motherlode2] Tracking not-yet-stable target at 1320,834 (search 15 ms)
2026-07-22 20:28:17 [motherlode2] FindFilledBlock: found at 1310,822 (23x23 0x00FF00 tol=5, 16 ms)
2026-07-22 20:28:17 [motherlode2] Tracking not-yet-stable target at 1310,822 (search 16 ms)
2026-07-22 20:28:17 [motherlode2] FindFilledBlock: found at 1302,814 (23x23 0x00FF00 tol=5, 15 ms)
2026-07-22 20:28:17 [motherlode2] Tracking not-yet-stable target at 1302,814 (search 15 ms)
2026-07-22 20:28:17 [motherlode2] FindFilledBlock: found at 1292,808 (23x23 0x00FF00 tol=5, 16 ms)
2026-07-22 20:28:17 [motherlode2] Tracking not-yet-stable target at 1292,808 (search 16 ms)
2026-07-22 20:28:17 [motherlode2] FindFilledBlock: found at 1286,800 (23x23 0x00FF00 tol=5, 0 ms)
2026-07-22 20:28:17 [motherlode2] Tracking not-yet-stable target at 1286,800 (search 0 ms)
2026-07-22 20:28:18 [motherlode2] FindFilledBlock: found at 1282,784 (23x23 0x00FF00 tol=5, 0 ms)
2026-07-22 20:28:18 [motherlode2] Tracking not-yet-stable target at 1282,784 (search 0 ms)
2026-07-22 20:28:18 [motherlode2] FindFilledBlock: found at 1280,770 (23x23 0x00FF00 tol=5, 16 ms)
2026-07-22 20:28:18 [motherlode2] Tracking not-yet-stable target at 1280,770 (search 16 ms)
2026-07-22 20:28:18 [motherlode2] FindFilledBlock: found at 1280,752 (23x23 0x00FF00 tol=5, 0 ms)
2026-07-22 20:28:18 [motherlode2] Tracking not-yet-stable target at 1280,752 (search 0 ms)
2026-07-22 20:28:18 [motherlode2] FindFilledBlock: found at 1280,740 (23x23 0x00FF00 tol=5, 0 ms)
2026-07-22 20:28:18 [motherlode2] Clicked initial/re-click target at 1280,740 (search 0 ms)
2026-07-22 20:28:19 [motherlode2] FindFilledBlock: found at 1356,754 (23x23 0x00FF00 tol=5, 0 ms)
2026-07-22 20:28:19 [motherlode2] Track: found 0x00FF00 block at 1356,754 but 76px from last position 1280,740 (max drift 45) - likely a DIFFERENT block, rejecting
2026-07-22 20:28:19 [motherlode2] Track: search missed this tick, but anchor point 1280,740 is still 0x00FF00 - holding current target, not switching
2026-07-22 20:28:19 [motherlode2] Tracking not-yet-stable target at 1280,740 (search 0 ms)
2026-07-22 20:28:19 [motherlode2] FindFilledBlock: found at 1278,712 (23x23 0x00FF00 tol=5, 0 ms)
2026-07-22 20:28:19 [motherlode2] Tracking not-yet-stable target at 1278,712 (search 0 ms)
2026-07-22 20:28:19 [motherlode2] FindFilledBlock: found at 1278,710 (23x23 0x00FF00 tol=5, 0 ms)
2026-07-22 20:28:19 [motherlode2] Tracking not-yet-stable target at 1278,710 (search 0 ms)
2026-07-22 20:28:19 [motherlode2] FindFilledBlock: found at 1278,708 (23x23 0x00FF00 tol=5, 0 ms)
2026-07-22 20:28:19 [motherlode2] Tracking stable target at 1278,708 (cooldown active, search 0 ms)
2026-07-22 20:28:19 [motherlode2] FindFilledBlock: found at 1278,708 (23x23 0x00FF00 tol=5, 0 ms)
2026-07-22 20:28:19 [motherlode2] Tracking stable target at 1278,708 (cooldown active, search 0 ms)
2026-07-22 20:28:20 [motherlode2] FindFilledBlock: found at 1278,708 (23x23 0x00FF00 tol=5, 0 ms)
2026-07-22 20:28:20 [motherlode2] Tracking stable target at 1278,708 (cooldown active, search 0 ms)
2026-07-22 20:28:20 [motherlode2] FindFilledBlock: found at 1278,706 (23x23 0x00FF00 tol=5, 0 ms)
2026-07-22 20:28:20 [motherlode2] Tracking stable target at 1278,706 (cooldown active, search 0 ms)
2026-07-22 20:28:20 [motherlode2] FindFilledBlock: found at 1278,706 (23x23 0x00FF00 tol=5, 0 ms)
2026-07-22 20:28:20 [motherlode2] Clicked STABLE target at 1278,706 (search 0 ms)
2026-07-22 20:28:20 [motherlode2] FindFilledBlock: found at 1354,742 (23x23 0x00FF00 tol=5, 16 ms)
2026-07-22 20:28:20 [motherlode2] Track: found 0x00FF00 block at 1354,742 but 76px from last position 1278,706 (max drift 45) - likely a DIFFERENT block, rejecting
2026-07-22 20:28:20 [motherlode2] Track: search missed this tick, but anchor point 1278,706 is still 0x00FF00 - holding current target, not switching
2026-07-22 20:28:20 [motherlode2] Tracking stable target at 1278,706 (cooldown active, search 16 ms)
2026-07-22 20:28:21 [motherlode2] FindFilledBlock: found at 1278,706 (23x23 0x00FF00 tol=5, 16 ms)
2026-07-22 20:28:21 [motherlode2] Tracking stable target at 1278,706 (cooldown active, search 16 ms)
2026-07-22 20:28:21 [motherlode2] FindFilledBlock: found at 1278,706 (23x23 0x00FF00 tol=5, 15 ms)
2026-07-22 20:28:21 [motherlode2] Tracking stable target at 1278,706 (cooldown active, search 15 ms)
2026-07-22 20:28:21 [motherlode2] FindFilledBlock: found at 1278,706 (23x23 0x00FF00 tol=5, 16 ms)
2026-07-22 20:28:21 [motherlode2] Tracking stable target at 1278,706 (cooldown active, search 16 ms)
2026-07-22 20:28:21 [motherlode2] FindFilledBlock: found at 1278,706 (23x23 0x00FF00 tol=5, 15 ms)
2026-07-22 20:28:21 [motherlode2] Tracking stable target at 1278,706 (cooldown active, search 15 ms)
2026-07-22 20:28:21 [motherlode2] FindFilledBlock: found at 1278,706 (23x23 0x00FF00 tol=5, 16 ms)
2026-07-22 20:28:21 [motherlode2] Tracking stable target at 1278,706 (cooldown active, search 16 ms)
2026-07-22 20:28:22 [motherlode2] FindFilledBlock: found at 1278,706 (23x23 0x00FF00 tol=5, 15 ms)
2026-07-22 20:28:22 [motherlode2] Tracking stable target at 1278,706 (cooldown active, search 15 ms)
2026-07-22 20:28:22 [motherlode2] FindFilledBlock: found at 1278,706 (23x23 0x00FF00 tol=5, 0 ms)
2026-07-22 20:28:22 [motherlode2] Clicked STABLE target at 1278,706 (search 0 ms)
2026-07-22 20:28:22 [motherlode2] FindImage: found at 2219,833 (C:\Users\link\Documents\GitHub\osrs-automation\Bots\..\Images\pay-dirt.png, 16 ms)
2026-07-22 20:28:22 [motherlode2] Slot 2 confirmed pay-dirt
2026-07-22 20:28:22 [motherlode2] FindFilledBlock: found at 1354,742 (23x23 0x00FF00 tol=5, 0 ms)
2026-07-22 20:28:22 [motherlode2] Track: found 0x00FF00 block at 1354,742 but 76px from last position 1278,706 (max drift 45) - likely a DIFFERENT block, rejecting
2026-07-22 20:28:22 [motherlode2] Track: search missed this tick, but anchor point 1278,706 is still 0x00FF00 - holding current target, not switching
2026-07-22 20:28:22 [motherlode2] Tracking stable target at 1278,706 (cooldown active, search 16 ms)
2026-07-22 20:28:22 [motherlode2] FindFilledBlock: found at 1278,706 (23x23 0x00FF00 tol=5, 0 ms)
2026-07-22 20:28:22 [motherlode2] Tracking stable target at 1278,706 (cooldown active, search 0 ms)
2026-07-22 20:28:23 [motherlode2] FindFilledBlock: found at 1278,706 (23x23 0x00FF00 tol=5, 16 ms)
2026-07-22 20:28:23 [motherlode2] Tracking stable target at 1278,706 (cooldown active, search 16 ms)
2026-07-22 20:28:23 [motherlode2] FindFilledBlock: found at 1278,706 (23x23 0x00FF00 tol=5, 0 ms)
2026-07-22 20:28:23 [motherlode2] Tracking stable target at 1278,706 (cooldown active, search 0 ms)
2026-07-22 20:28:23 [motherlode2] FindFilledBlock: found at 1278,706 (23x23 0x00FF00 tol=5, 0 ms)
2026-07-22 20:28:23 [motherlode2] Tracking stable target at 1278,706 (cooldown active, search 0 ms)
2026-07-22 20:28:23 [motherlode2] FindFilledBlock: found at 1278,706 (23x23 0x00FF00 tol=5, 0 ms)
2026-07-22 20:28:23 [motherlode2] Tracking stable target at 1278,706 (cooldown active, search 0 ms)
2026-07-22 20:28:23 [motherlode2] FindFilledBlock: found at 1278,706 (23x23 0x00FF00 tol=5, 16 ms)
2026-07-22 20:28:23 [motherlode2] Tracking stable target at 1278,706 (cooldown active, search 16 ms)
2026-07-22 20:28:24 [motherlode2] FindFilledBlock: found at 1278,706 (23x23 0x00FF00 tol=5, 15 ms)
2026-07-22 20:28:24 [motherlode2] Clicked STABLE target at 1278,706 (search 15 ms)
2026-07-22 20:28:24 [motherlode2] FindImage: found at 2303,833 (C:\Users\link\Documents\GitHub\osrs-automation\Bots\..\Images\pay-dirt.png, 16 ms)
2026-07-22 20:28:24 [motherlode2] Slot 3 confirmed pay-dirt
2026-07-22 20:28:24 [motherlode2] FindFilledBlock: found at 1354,742 (23x23 0x00FF00 tol=5, 15 ms)
2026-07-22 20:28:24 [motherlode2] Track: found 0x00FF00 block at 1354,742 but 76px from last position 1278,706 (max drift 45) - likely a DIFFERENT block, rejecting
2026-07-22 20:28:24 [motherlode2] Track: search missed this tick, but anchor point 1278,706 is still 0x00FF00 - holding current target, not switching
2026-07-22 20:28:24 [motherlode2] Tracking stable target at 1278,706 (cooldown active, search 15 ms)
2026-07-22 20:28:24 [motherlode2] FindFilledBlock: found at 1278,706 (23x23 0x00FF00 tol=5, 0 ms)
2026-07-22 20:28:24 [motherlode2] Tracking stable target at 1278,706 (cooldown active, search 0 ms)
2026-07-22 20:28:25 [motherlode2] FindFilledBlock: found at 1278,706 (23x23 0x00FF00 tol=5, 0 ms)
2026-07-22 20:28:25 [motherlode2] Tracking stable target at 1278,706 (cooldown active, search 0 ms)
2026-07-22 20:28:25 [motherlode2] FindFilledBlock: found at 1278,706 (23x23 0x00FF00 tol=5, 16 ms)
2026-07-22 20:28:25 [motherlode2] Tracking stable target at 1278,706 (cooldown active, search 16 ms)
2026-07-22 20:28:25 [motherlode2] FindFilledBlock: found at 1278,706 (23x23 0x00FF00 tol=5, 0 ms)
2026-07-22 20:28:25 [motherlode2] Tracking stable target at 1278,706 (cooldown active, search 15 ms)
2026-07-22 20:28:25 [motherlode2] FindFilledBlock: found at 1278,706 (23x23 0x00FF00 tol=5, 16 ms)
2026-07-22 20:28:25 [motherlode2] Tracking stable target at 1278,706 (cooldown active, search 16 ms)
2026-07-22 20:28:25 [motherlode2] FindFilledBlock: found at 1278,706 (23x23 0x00FF00 tol=5, 16 ms)
2026-07-22 20:28:25 [motherlode2] Tracking stable target at 1278,706 (cooldown active, search 16 ms)
2026-07-22 20:28:26 [motherlode2] FindFilledBlock: found at 1278,706 (23x23 0x00FF00 tol=5, 0 ms)
2026-07-22 20:28:26 [motherlode2] Clicked STABLE target at 1278,706 (search 0 ms)
2026-07-22 20:28:26 [motherlode2] FindImage: found at 2387,833 (C:\Users\link\Documents\GitHub\osrs-automation\Bots\..\Images\pay-dirt.png, 0 ms)
2026-07-22 20:28:26 [motherlode2] Slot 4 confirmed pay-dirt
2026-07-22 20:28:26 [motherlode2] FindFilledBlock: found at 1354,742 (23x23 0x00FF00 tol=5, 15 ms)
2026-07-22 20:28:26 [motherlode2] Track: found 0x00FF00 block at 1354,742 but 76px from last position 1278,706 (max drift 45) - likely a DIFFERENT block, rejecting
2026-07-22 20:28:26 [motherlode2] Track: search missed this tick, but anchor point 1278,706 is still 0x00FF00 - holding current target, not switching
2026-07-22 20:28:26 [motherlode2] Tracking stable target at 1278,706 (cooldown active, search 15 ms)
2026-07-22 20:28:26 [motherlode2] FindFilledBlock: found at 1278,706 (23x23 0x00FF00 tol=5, 0 ms)
2026-07-22 20:28:26 [motherlode2] Tracking stable target at 1278,706 (cooldown active, search 0 ms)
2026-07-22 20:28:26 [motherlode2] FindFilledBlock: found at 1278,706 (23x23 0x00FF00 tol=5, 0 ms)
2026-07-22 20:28:26 [motherlode2] Tracking stable target at 1278,706 (cooldown active, search 0 ms)
2026-07-22 20:28:27 [motherlode2] FindFilledBlock: found at 1278,706 (23x23 0x00FF00 tol=5, 15 ms)
2026-07-22 20:28:27 [motherlode2] Tracking stable target at 1278,706 (cooldown active, search 15 ms)
2026-07-22 20:28:27 [motherlode2] FindFilledBlock: found at 1278,706 (23x23 0x00FF00 tol=5, 0 ms)
2026-07-22 20:28:27 [motherlode2] Tracking stable target at 1278,706 (cooldown active, search 0 ms)
2026-07-22 20:28:27 [motherlode2] FindFilledBlock: found at 1278,706 (23x23 0x00FF00 tol=5, 16 ms)
2026-07-22 20:28:27 [motherlode2] Tracking stable target at 1278,706 (cooldown active, search 16 ms)
2026-07-22 20:28:27 [motherlode2] FindFilledBlock: found at 1278,706 (23x23 0x00FF00 tol=5, 0 ms)
2026-07-22 20:28:27 [motherlode2] Tracking stable target at 1278,706 (cooldown active, search 0 ms)
2026-07-22 20:28:27 [motherlode2] FindFilledBlock: found at 1278,706 (23x23 0x00FF00 tol=5, 0 ms)
2026-07-22 20:28:28 [motherlode2] Clicked STABLE target at 1278,706 (search 0 ms)
2026-07-22 20:28:28 [motherlode2] FindFilledBlock: found at 1354,742 (23x23 0x00FF00 tol=5, 16 ms)
2026-07-22 20:28:28 [motherlode2] Track: found 0x00FF00 block at 1354,742 but 76px from last position 1278,706 (max drift 45) - likely a DIFFERENT block, rejecting
2026-07-22 20:28:28 [motherlode2] Track: search missed this tick, but anchor point 1278,706 is still 0x00FF00 - holding current target, not switching
2026-07-22 20:28:28 [motherlode2] Tracking stable target at 1278,706 (cooldown active, search 16 ms)
2026-07-22 20:28:28 [motherlode2] FindFilledBlock: found at 1278,706 (23x23 0x00FF00 tol=5, 15 ms)
2026-07-22 20:28:28 [motherlode2] Tracking stable target at 1278,706 (cooldown active, search 15 ms)
2026-07-22 20:28:28 [motherlode2] FindFilledBlock: found at 1278,706 (23x23 0x00FF00 tol=5, 0 ms)
2026-07-22 20:28:28 [motherlode2] Tracking stable target at 1278,706 (cooldown active, search 0 ms)
2026-07-22 20:28:28 [motherlode2] FindFilledBlock: found at 1278,706 (23x23 0x00FF00 tol=5, 0 ms)
2026-07-22 20:28:28 [motherlode2] Tracking stable target at 1278,706 (cooldown active, search 0 ms)
2026-07-22 20:28:29 [motherlode2] FindFilledBlock: found at 1278,706 (23x23 0x00FF00 tol=5, 0 ms)
2026-07-22 20:28:29 [motherlode2] Tracking stable target at 1278,706 (cooldown active, search 0 ms)
2026-07-22 20:28:29 [motherlode2] FindFilledBlock: found at 1278,706 (23x23 0x00FF00 tol=5, 0 ms)
2026-07-22 20:28:29 [motherlode2] Tracking stable target at 1278,706 (cooldown active, search 0 ms)
2026-07-22 20:28:29 [motherlode2] FindFilledBlock: found at 1278,706 (23x23 0x00FF00 tol=5, 0 ms)
2026-07-22 20:28:29 [motherlode2] Tracking stable target at 1278,706 (cooldown active, search 0 ms)
2026-07-22 20:28:29 [motherlode2] FindFilledBlock: found at 1278,706 (23x23 0x00FF00 tol=5, 16 ms)
2026-07-22 20:28:29 [motherlode2] Clicked STABLE target at 1278,706 (search 16 ms)
2026-07-22 20:28:30 [motherlode2] FindFilledBlock: found at 1354,742 (23x23 0x00FF00 tol=5, 0 ms)
2026-07-22 20:28:30 [motherlode2] Track: found 0x00FF00 block at 1354,742 but 76px from last position 1278,706 (max drift 45) - likely a DIFFERENT block, rejecting
2026-07-22 20:28:30 [motherlode2] Track: search missed this tick, but anchor point 1278,706 is still 0x00FF00 - holding current target, not switching
2026-07-22 20:28:30 [motherlode2] Tracking stable target at 1278,706 (cooldown active, search 0 ms)
2026-07-22 20:28:30 [motherlode2] FindFilledBlock: found at 1278,706 (23x23 0x00FF00 tol=5, 16 ms)
2026-07-22 20:28:30 [motherlode2] Tracking stable target at 1278,706 (cooldown active, search 16 ms)
2026-07-22 20:28:30 [motherlode2] FindFilledBlock: found at 1278,706 (23x23 0x00FF00 tol=5, 16 ms)
2026-07-22 20:28:30 [motherlode2] Tracking stable target at 1278,706 (cooldown active, search 16 ms)
2026-07-22 20:28:30 [motherlode2] FindFilledBlock: found at 1278,706 (23x23 0x00FF00 tol=5, 0 ms)
2026-07-22 20:28:30 [motherlode2] Tracking stable target at 1278,706 (cooldown active, search 0 ms)
2026-07-22 20:28:30 [motherlode2] FindFilledBlock: found at 1278,706 (23x23 0x00FF00 tol=5, 15 ms)
2026-07-22 20:28:31 [motherlode2] Tracking stable target at 1278,706 (cooldown active, search 15 ms)
2026-07-22 20:28:31 [motherlode2] FindFilledBlock: found at 1278,706 (23x23 0x00FF00 tol=5, 15 ms)
2026-07-22 20:28:31 [motherlode2] Tracking stable target at 1278,706 (cooldown active, search 15 ms)
2026-07-22 20:28:31 [motherlode2] FindFilledBlock: found at 1278,706 (23x23 0x00FF00 tol=5, 16 ms)
2026-07-22 20:28:31 [motherlode2] Tracking stable target at 1278,706 (cooldown active, search 16 ms)
2026-07-22 20:28:31 [motherlode2] FindFilledBlock: found at 1278,706 (23x23 0x00FF00 tol=5, 0 ms)
2026-07-22 20:28:31 [motherlode2] Clicked STABLE target at 1278,706 (search 0 ms)
2026-07-22 20:28:31 [motherlode2] FindFilledBlock: found at 1354,742 (23x23 0x00FF00 tol=5, 16 ms)
2026-07-22 20:28:31 [motherlode2] Track: found 0x00FF00 block at 1354,742 but 76px from last position 1278,706 (max drift 45) - likely a DIFFERENT block, rejecting
2026-07-22 20:28:32 [motherlode2] Track: search missed this tick, but anchor point 1278,706 is still 0x00FF00 - holding current target, not switching
2026-07-22 20:28:32 [motherlode2] Tracking stable target at 1278,706 (cooldown active, search 16 ms)
2026-07-22 20:28:32 [motherlode2] FindFilledBlock: found at 1278,706 (23x23 0x00FF00 tol=5, 0 ms)
2026-07-22 20:28:32 [motherlode2] Tracking stable target at 1278,706 (cooldown active, search 0 ms)
2026-07-22 20:28:32 [motherlode2] FindFilledBlock: found at 1278,706 (23x23 0x00FF00 tol=5, 0 ms)
2026-07-22 20:28:32 [motherlode2] Tracking stable target at 1278,706 (cooldown active, search 0 ms)
2026-07-22 20:28:32 [motherlode2] FindFilledBlock: found at 1278,706 (23x23 0x00FF00 tol=5, 0 ms)
2026-07-22 20:28:32 [motherlode2] Tracking stable target at 1278,706 (cooldown active, search 0 ms)
2026-07-22 20:28:32 [motherlode2] FindFilledBlock: found at 1278,706 (23x23 0x00FF00 tol=5, 0 ms)
2026-07-22 20:28:32 [motherlode2] Tracking stable target at 1278,706 (cooldown active, search 0 ms)
2026-07-22 20:28:33 [motherlode2] FindFilledBlock: found at 1278,706 (23x23 0x00FF00 tol=5, 0 ms)
2026-07-22 20:28:33 [motherlode2] Tracking stable target at 1278,706 (cooldown active, search 0 ms)
2026-07-22 20:28:33 [motherlode2] FindFilledBlock: found at 1278,706 (23x23 0x00FF00 tol=5, 0 ms)
2026-07-22 20:28:33 [motherlode2] Tracking stable target at 1278,706 (cooldown active, search 0 ms)
2026-07-22 20:28:33 [motherlode2] FindFilledBlock: found at 1278,706 (23x23 0x00FF00 tol=5, 16 ms)
2026-07-22 20:28:33 [motherlode2] Clicked STABLE target at 1278,706 (search 16 ms)
2026-07-22 20:28:33 [motherlode2] FindFilledBlock: found at 1354,742 (23x23 0x00FF00 tol=5, 0 ms)
2026-07-22 20:28:33 [motherlode2] Track: found 0x00FF00 block at 1354,742 but 76px from last position 1278,706 (max drift 45) - likely a DIFFERENT block, rejecting
2026-07-22 20:28:33 [motherlode2] Track: search missed this tick, but anchor point 1278,706 is still 0x00FF00 - holding current target, not switching
2026-07-22 20:28:33 [motherlode2] Tracking stable target at 1278,706 (cooldown active, search 0 ms)
2026-07-22 20:28:34 [motherlode2] FindFilledBlock: found at 1278,706 (23x23 0x00FF00 tol=5, 16 ms)
2026-07-22 20:28:34 [motherlode2] Tracking stable target at 1278,706 (cooldown active, search 16 ms)
2026-07-22 20:28:34 [motherlode2] FindFilledBlock: found at 1278,706 (23x23 0x00FF00 tol=5, 0 ms)
2026-07-22 20:28:34 [motherlode2] Tracking stable target at 1278,706 (cooldown active, search 0 ms)
2026-07-22 20:28:34 [motherlode2] FindFilledBlock: found at 1278,706 (23x23 0x00FF00 tol=5, 0 ms)
2026-07-22 20:28:34 [motherlode2] Tracking stable target at 1278,706 (cooldown active, search 0 ms)
2026-07-22 20:28:34 [motherlode2] FindFilledBlock: found at 1278,706 (23x23 0x00FF00 tol=5, 0 ms)
2026-07-22 20:28:34 [motherlode2] Tracking stable target at 1278,706 (cooldown active, search 0 ms)
2026-07-22 20:28:34 [motherlode2] FindFilledBlock: found at 1278,706 (23x23 0x00FF00 tol=5, 0 ms)
2026-07-22 20:28:34 [motherlode2] Tracking stable target at 1278,706 (cooldown active, search 0 ms)
2026-07-22 20:28:35 [motherlode2] FindFilledBlock: found at 1278,706 (23x23 0x00FF00 tol=5, 16 ms)
2026-07-22 20:28:35 [motherlode2] Tracking stable target at 1278,706 (cooldown active, search 16 ms)
2026-07-22 20:28:35 [motherlode2] FindFilledBlock: found at 1278,706 (23x23 0x00FF00 tol=5, 16 ms)
2026-07-22 20:28:35 [motherlode2] Clicked STABLE target at 1278,706 (search 16 ms)
2026-07-22 20:28:35 [motherlode2] FindFilledBlock: found at 1354,742 (23x23 0x00FF00 tol=5, 15 ms)
2026-07-22 20:28:35 [motherlode2] Track: found 0x00FF00 block at 1354,742 but 76px from last position 1278,706 (max drift 45) - likely a DIFFERENT block, rejecting
2026-07-22 20:28:35 [motherlode2] Track: search missed this tick, but anchor point 1278,706 is still 0x00FF00 - holding current target, not switching
2026-07-22 20:28:35 [motherlode2] Tracking stable target at 1278,706 (cooldown active, search 15 ms)
2026-07-22 20:28:35 [motherlode2] FindFilledBlock: found at 1278,706 (23x23 0x00FF00 tol=5, 0 ms)
2026-07-22 20:28:35 [motherlode2] Tracking stable target at 1278,706 (cooldown active, search 0 ms)
2026-07-22 20:28:36 [motherlode2] FindFilledBlock: found at 1278,706 (23x23 0x00FF00 tol=5, 16 ms)
2026-07-22 20:28:36 [motherlode2] Tracking stable target at 1278,706 (cooldown active, search 16 ms)
2026-07-22 20:28:36 [motherlode2] FindFilledBlock: found at 1278,706 (23x23 0x00FF00 tol=5, 15 ms)
2026-07-22 20:28:36 [motherlode2] Tracking stable target at 1278,706 (cooldown active, search 15 ms)
2026-07-22 20:28:36 [motherlode2] FindFilledBlock: found at 1278,706 (23x23 0x00FF00 tol=5, 0 ms)
2026-07-22 20:28:36 [motherlode2] Tracking stable target at 1278,706 (cooldown active, search 0 ms)
2026-07-22 20:28:36 [motherlode2] FindFilledBlock: found at 1278,706 (23x23 0x00FF00 tol=5, 0 ms)
2026-07-22 20:28:36 [motherlode2] Tracking stable target at 1278,706 (cooldown active, search 0 ms)
2026-07-22 20:28:36 [motherlode2] FindFilledBlock: found at 1278,706 (23x23 0x00FF00 tol=5, 0 ms)
2026-07-22 20:28:36 [motherlode2] Tracking stable target at 1278,706 (cooldown active, search 0 ms)
2026-07-22 20:28:37 [motherlode2] FindFilledBlock: found at 1278,706 (23x23 0x00FF00 tol=5, 0 ms)
2026-07-22 20:28:37 [motherlode2] Clicked STABLE target at 1278,706 (search 0 ms)
2026-07-22 20:28:37 [motherlode2] FindFilledBlock: found at 1354,742 (23x23 0x00FF00 tol=5, 0 ms)
2026-07-22 20:28:37 [motherlode2] Track: found 0x00FF00 block at 1354,742 but 76px from last position 1278,706 (max drift 45) - likely a DIFFERENT block, rejecting
2026-07-22 20:28:37 [motherlode2] Track: search missed this tick, but anchor point 1278,706 is still 0x00FF00 - holding current target, not switching
2026-07-22 20:28:37 [motherlode2] Tracking stable target at 1278,706 (cooldown active, search 0 ms)
2026-07-22 20:28:37 [motherlode2] FindFilledBlock: found at 1278,706 (23x23 0x00FF00 tol=5, 0 ms)
2026-07-22 20:28:37 [motherlode2] Tracking stable target at 1278,706 (cooldown active, search 0 ms)
2026-07-22 20:28:37 [motherlode2] FindFilledBlock: found at 1278,706 (23x23 0x00FF00 tol=5, 0 ms)
2026-07-22 20:28:37 [motherlode2] Tracking stable target at 1278,706 (cooldown active, search 0 ms)
2026-07-22 20:28:38 [motherlode2] FindFilledBlock: found at 1278,706 (23x23 0x00FF00 tol=5, 15 ms)
2026-07-22 20:28:38 [motherlode2] Tracking stable target at 1278,706 (cooldown active, search 15 ms)
2026-07-22 20:28:38 [motherlode2] FindFilledBlock: found at 1278,706 (23x23 0x00FF00 tol=5, 16 ms)
2026-07-22 20:28:38 [motherlode2] Tracking stable target at 1278,706 (cooldown active, search 16 ms)
2026-07-22 20:28:38 [motherlode2] FindFilledBlock: found at 1278,706 (23x23 0x00FF00 tol=5, 16 ms)
2026-07-22 20:28:38 [motherlode2] Tracking stable target at 1278,706 (cooldown active, search 16 ms)
2026-07-22 20:28:38 [motherlode2] FindImage: found at 2135,905 (C:\Users\link\Documents\GitHub\osrs-automation\Bots\..\Images\pay-dirt.png, 16 ms)
2026-07-22 20:28:38 [motherlode2] Slot 5 confirmed pay-dirt
2026-07-22 20:28:38 [motherlode2] TrackAndClick: until-condition met (23766 ms total)
2026-07-22 20:28:38 [motherlode2] Inventory full - depositing into hopper (cycle 1/1)
2026-07-22 20:28:38 [motherlode2] Hopper: depositing (first wait 15000ms, then re-clicking every 1500ms until clear, up to 600000ms total)
2026-07-22 20:28:38 [motherlode2] Hopper: waiting for hopper marker
2026-07-22 20:28:38 [motherlode2] FindFilledBlock: found at 1140,568 (23x23 0xC9FFC4 tol=5, 0 ms)
2026-07-22 20:28:38 [motherlode2] Hopper: clicking hopper marker at 1140,568
2026-07-22 20:28:41 [motherlode2] Hopper: inventory cleared - settling 600ms before continuing
2026-07-22 20:28:41 [motherlode2] GoToSackArea: waiting for entrance marker
2026-07-22 20:28:41 [motherlode2] FindFilledBlock: found at 1195,595 (17x17 0x5676FF tol=5, 16 ms)
2026-07-22 20:28:41 [motherlode2] GoToSackArea: clicking entrance marker at 1195,595
2026-07-22 20:28:42 [motherlode2] GoToSackArea: waiting for arrival
2026-07-22 20:28:42 [motherlode2] FindFilledBlock: not found (21x21 0x0B5C11 tol=5, 16 ms)
2026-07-22 20:28:42 [motherlode2] FindFilledBlock: not found (21x21 0x0B5C11 tol=5, 0 ms)
2026-07-22 20:28:42 [motherlode2] FindFilledBlock: not found (21x21 0x0B5C11 tol=5, 0 ms)
2026-07-22 20:28:42 [motherlode2] FindFilledBlock: not found (21x21 0x0B5C11 tol=5, 0 ms)
2026-07-22 20:28:42 [motherlode2] FindFilledBlock: not found (21x21 0x0B5C11 tol=5, 0 ms)
2026-07-22 20:28:42 [motherlode2] FindFilledBlock: not found (21x21 0x0B5C11 tol=5, 0 ms)
2026-07-22 20:28:43 [motherlode2] FindFilledBlock: not found (21x21 0x0B5C11 tol=5, 0 ms)
2026-07-22 20:28:43 [motherlode2] FindFilledBlock: not found (21x21 0x0B5C11 tol=5, 0 ms)
2026-07-22 20:28:43 [motherlode2] FindFilledBlock: not found (21x21 0x0B5C11 tol=5, 16 ms)
2026-07-22 20:28:43 [motherlode2] FindFilledBlock: not found (21x21 0x0B5C11 tol=5, 15 ms)
2026-07-22 20:28:43 [motherlode2] FindFilledBlock: not found (21x21 0x0B5C11 tol=5, 15 ms)
2026-07-22 20:28:43 [motherlode2] FindFilledBlock: not found (21x21 0x0B5C11 tol=5, 15 ms)
2026-07-22 20:28:44 [motherlode2] FindFilledBlock: not found (21x21 0x0B5C11 tol=5, 16 ms)
2026-07-22 20:28:44 [motherlode2] FindFilledBlock: not found (21x21 0x0B5C11 tol=5, 16 ms)
2026-07-22 20:28:44 [motherlode2] FindFilledBlock: not found (21x21 0x0B5C11 tol=5, 0 ms)
2026-07-22 20:28:44 [motherlode2] FindFilledBlock: not found (21x21 0x0B5C11 tol=5, 0 ms)
2026-07-22 20:28:44 [motherlode2] FindFilledBlock: not found (21x21 0x0B5C11 tol=5, 0 ms)
2026-07-22 20:28:44 [motherlode2] FindFilledBlock: not found (21x21 0x0B5C11 tol=5, 0 ms)
2026-07-22 20:28:45 [motherlode2] FindFilledBlock: found at 1579,404 (21x21 0x0B5C11 tol=5, 0 ms)
2026-07-22 20:28:45 [motherlode2] FindFilledBlock: found at 1581,413 (21x21 0x0B5C11 tol=5, 0 ms)
2026-07-22 20:28:45 [motherlode2] FindFilledBlock: found at 1581,423 (21x21 0x0B5C11 tol=5, 0 ms)
2026-07-22 20:28:45 [motherlode2] FindFilledBlock: found at 1581,427 (21x21 0x0B5C11 tol=5, 0 ms)
2026-07-22 20:28:45 [motherlode2] FindFilledBlock: found at 1581,431 (21x21 0x0B5C11 tol=5, 0 ms)
2026-07-22 20:28:45 [motherlode2] GoToSackArea: arrived
2026-07-22 20:28:45 [motherlode2] Sack/bank cycle 1/1
2026-07-22 20:28:45 [motherlode2] Sack: withdrawing (first wait 7500ms, then re-clicking every 1500ms until slots 2/3/4 fill)
2026-07-22 20:28:45 [motherlode2] Sack: waiting for sack
2026-07-22 20:28:45 [motherlode2] FindImage: found at 1493,247 (C:\Users\link\Documents\GitHub\osrs-automation\Bots\..\Images\sack.png, 62 ms)
2026-07-22 20:28:45 [motherlode2] Sack: clicking sack at 1493,247
2026-07-22 20:28:46 [motherlode2] Sack: settling 600ms before checking slots 2/3/4
2026-07-22 20:28:50 [motherlode2] Sack: waiting for deposit-box marker
2026-07-22 20:28:50 [motherlode2] FindFilledBlock: found at 937,839 (21x21 0xFF00FF tol=5, 15 ms)
2026-07-22 20:28:50 [motherlode2] Sack: clicking deposit-box marker at 937,839
2026-07-22 20:28:51 [motherlode2] Sack: waiting for deposit box
2026-07-22 20:28:51 [motherlode2] FindImage: not found (C:\Users\link\Documents\GitHub\osrs-automation\Bots\..\Images\deposit-motherlode.png, 78 ms)
2026-07-22 20:28:51 [motherlode2] FindImage: not found (C:\Users\link\Documents\GitHub\osrs-automation\Bots\..\Images\deposit-motherlode.png, 78 ms)
2026-07-22 20:28:51 [motherlode2] FindImage: not found (C:\Users\link\Documents\GitHub\osrs-automation\Bots\..\Images\deposit-motherlode.png, 78 ms)
2026-07-22 20:28:51 [motherlode2] FindImage: not found (C:\Users\link\Documents\GitHub\osrs-automation\Bots\..\Images\deposit-motherlode.png, 78 ms)
2026-07-22 20:28:52 [motherlode2] FindImage: not found (C:\Users\link\Documents\GitHub\osrs-automation\Bots\..\Images\deposit-motherlode.png, 78 ms)
2026-07-22 20:28:52 [motherlode2] FindImage: not found (C:\Users\link\Documents\GitHub\osrs-automation\Bots\..\Images\deposit-motherlode.png, 79 ms)
2026-07-22 20:28:52 [motherlode2] FindImage: not found (C:\Users\link\Documents\GitHub\osrs-automation\Bots\..\Images\deposit-motherlode.png, 79 ms)
2026-07-22 20:28:52 [motherlode2] FindImage: not found (C:\Users\link\Documents\GitHub\osrs-automation\Bots\..\Images\deposit-motherlode.png, 62 ms)
2026-07-22 20:28:52 [motherlode2] FindImage: not found (C:\Users\link\Documents\GitHub\osrs-automation\Bots\..\Images\deposit-motherlode.png, 62 ms)
2026-07-22 20:28:53 [motherlode2] FindImage: not found (C:\Users\link\Documents\GitHub\osrs-automation\Bots\..\Images\deposit-motherlode.png, 62 ms)
2026-07-22 20:28:53 [motherlode2] FindImage: not found (C:\Users\link\Documents\GitHub\osrs-automation\Bots\..\Images\deposit-motherlode.png, 62 ms)
2026-07-22 20:28:53 [motherlode2] FindImage: not found (C:\Users\link\Documents\GitHub\osrs-automation\Bots\..\Images\deposit-motherlode.png, 79 ms)
2026-07-22 20:28:53 [motherlode2] FindImage: not found (C:\Users\link\Documents\GitHub\osrs-automation\Bots\..\Images\deposit-motherlode.png, 78 ms)
2026-07-22 20:28:54 [motherlode2] FindImage: not found (C:\Users\link\Documents\GitHub\osrs-automation\Bots\..\Images\deposit-motherlode.png, 78 ms)
2026-07-22 20:28:54 [motherlode2] FindImage: not found (C:\Users\link\Documents\GitHub\osrs-automation\Bots\..\Images\deposit-motherlode.png, 78 ms)
2026-07-22 20:28:54 [motherlode2] FindImage: found at 815,801 (C:\Users\link\Documents\GitHub\osrs-automation\Bots\..\Images\deposit-motherlode.png, 78 ms)
2026-07-22 20:28:54 [motherlode2] Sack: clicking deposit box at 815,801
2026-07-22 20:28:54 [motherlode2] Sack: waiting for inventory to confirm the deposit
2026-07-22 20:28:55 [motherlode2] Sack: deposit confirmed
2026-07-22 20:28:55 [motherlode2] ReturnToMine: waiting for exit marker
2026-07-22 20:28:55 [motherlode2] FindFilledBlock: found at 1344,1020 (15x15 0x0000FF tol=5, 0 ms)
2026-07-22 20:28:55 [motherlode2] ReturnToMine: clicking exit marker at 1344,1020
2026-07-22 20:28:56 [motherlode2] ReturnToMine: waiting for arrival
2026-07-22 20:28:56 [motherlode2] FindFilledBlock: not found (15x15 0xFFFF00 tol=5, 0 ms)
2026-07-22 20:28:56 [motherlode2] FindFilledBlock: not found (15x15 0xFFFF00 tol=5, 0 ms)
2026-07-22 20:28:56 [motherlode2] FindFilledBlock: not found (15x15 0xFFFF00 tol=5, 16 ms)
2026-07-22 20:28:56 [motherlode2] FindFilledBlock: not found (15x15 0xFFFF00 tol=5, 16 ms)
2026-07-22 20:28:56 [motherlode2] FindFilledBlock: not found (15x15 0xFFFF00 tol=5, 16 ms)
2026-07-22 20:28:56 [motherlode2] FindFilledBlock: not found (15x15 0xFFFF00 tol=5, 16 ms)
2026-07-22 20:28:57 [motherlode2] FindFilledBlock: not found (15x15 0xFFFF00 tol=5, 16 ms)
2026-07-22 20:28:57 [motherlode2] FindFilledBlock: not found (15x15 0xFFFF00 tol=5, 0 ms)
2026-07-22 20:28:57 [motherlode2] FindFilledBlock: not found (15x15 0xFFFF00 tol=5, 0 ms)
2026-07-22 20:28:57 [motherlode2] FindFilledBlock: not found (15x15 0xFFFF00 tol=5, 0 ms)
2026-07-22 20:28:57 [motherlode2] FindFilledBlock: not found (15x15 0xFFFF00 tol=5, 0 ms)
2026-07-22 20:28:57 [motherlode2] FindFilledBlock: not found (15x15 0xFFFF00 tol=5, 0 ms)
2026-07-22 20:28:57 [motherlode2] F12 pressed - exiting
