2026-07-22 15:03:59 [seller] FindImage: not found (C:\Users\link\Documents\GitHub\osrs-automation\Bots\..\Images\world-switch-marker.png, 15 ms)
2026-07-22 15:03:59 [seller] FindImage: not found (C:\Users\link\Documents\GitHub\osrs-automation\Bots\..\Images\world-switch-marker.png, 16 ms)
2026-07-22 15:03:59 [seller] FindImage: not found (C:\Users\link\Documents\GitHub\osrs-automation\Bots\..\Images\world-switch-marker.png, 15 ms)
2026-07-22 15:03:59 [seller] FindImage: not found (C:\Users\link\Documents\GitHub\osrs-automation\Bots\..\Images\world-switch-marker.png, 16 ms)
2026-07-22 15:03:59 [seller] FindImage: not found (C:\Users\link\Documents\GitHub\osrs-automation\Bots\..\Images\world-switch-marker.png, 0 ms)
2026-07-22 15:04:00 [seller] FindImage: not found (C:\Users\link\Documents\GitHub\osrs-automation\Bots\..\Images\world-switch-marker.png, 16 ms)
2026-07-22 15:04:00 [seller] FindImage: not found (C:\Users\link\Documents\GitHub\osrs-automation\Bots\..\Images\world-switch-marker.png, 16 ms)
2026-07-22 15:04:00 [seller] FindImage: not found (C:\Users\link\Documents\GitHub\osrs-automation\Bots\..\Images\world-switch-marker.png, 16 ms)
2026-07-22 15:04:00 [seller] FindImage: not found (C:\Users\link\Documents\GitHub\osrs-automation\Bots\..\Images\world-switch-marker.png, 16 ms)
2026-07-22 15:04:00 [seller] FindImage: not found (C:\Users\link\Documents\GitHub\osrs-automation\Bots\..\Images\world-switch-marker.png, 16 ms)
2026-07-22 15:04:01 [seller] FindImage: not found (C:\Users\link\Documents\GitHub\osrs-automation\Bots\..\Images\world-switch-marker.png, 16 ms)
2026-07-22 15:04:01 [seller] FindImage: not found (C:\Users\link\Documents\GitHub\osrs-automation\Bots\..\Images\world-switch-marker.png, 16 ms)
2026-07-22 15:04:01 [seller] FindImage: not found (C:\Users\link\Documents\GitHub\osrs-automation\Bots\..\Images\world-switch-marker.png, 16 ms)
2026-07-22 15:04:01 [seller] FindImage: not found (C:\Users\link\Documents\GitHub\osrs-automation\Bots\..\Images\world-switch-marker.png, 16 ms)
2026-07-22 15:04:01 [seller] FindImage: not found (C:\Users\link\Documents\GitHub\osrs-automation\Bots\..\Images\world-switch-marker.png, 16 ms)
2026-07-22 15:04:02 [seller] FindImage: not found (C:\Users\link\Documents\GitHub\osrs-automation\Bots\..\Images\world-switch-marker.png, 16 ms)
2026-07-22 15:04:02 [seller] FindImage: not found (C:\Users\link\Documents\GitHub\osrs-automation\Bots\..\Images\world-switch-marker.png, 16 ms)
2026-07-22 15:04:02 [seller] FindImage: not found (C:\Users\link\Documents\GitHub\osrs-automation\Bots\..\Images\world-switch-marker.png, 16 ms)
2026-07-22 15:04:02 [seller] FindImage: not found (C:\Users\link\Documents\GitHub\osrs-automation\Bots\..\Images\world-switch-marker.png, 16 ms)
2026-07-22 15:04:02 [seller] FindImage: not found (C:\Users\link\Documents\GitHub\osrs-automation\Bots\..\Images\world-switch-marker.png, 16 ms)
2026-07-22 15:04:02 [seller] FindImage: not found (C:\Users\link\Documents\GitHub\osrs-automation\Bots\..\Images\world-switch-marker.png, 16 ms)
2026-07-22 15:04:03 [seller] FindImage: not found (C:\Users\link\Documents\GitHub\osrs-automation\Bots\..\Images\world-switch-marker.png, 16 ms)
2026-07-22 15:04:03 [seller] FindImage: not found (C:\Users\link\Documents\GitHub\osrs-automation\Bots\..\Images\world-switch-marker.png, 16 ms)
2026-07-22 15:04:03 [seller] FindImage: not found (C:\Users\link\Documents\GitHub\osrs-automation\Bots\..\Images\world-switch-marker.png, 16 ms)
2026-07-22 15:04:03 [seller] FindImage: not found (C:\Users\link\Documents\GitHub\osrs-automation\Bots\..\Images\world-switch-marker.png, 16 ms)
2026-07-22 15:04:03 [seller] FindImage: not found (C:\Users\link\Documents\GitHub\osrs-automation\Bots\..\Images\world-switch-marker.png, 16 ms)
2026-07-22 15:04:04 [seller] FindImage: not found (C:\Users\link\Documents\GitHub\osrs-automation\Bots\..\Images\world-switch-marker.png, 16 ms)
2026-07-22 15:04:04 [seller] FindImage: not found (C:\Users\link\Documents\GitHub\osrs-automation\Bots\..\Images\world-switch-marker.png, 16 ms)
2026-07-22 15:04:04 [seller] FindImage: not found (C:\Users\link\Documents\GitHub\osrs-automation\Bots\..\Images\world-switch-marker.png, 0 ms)
2026-07-22 15:04:04 [seller] FindImage: not found (C:\Users\link\Documents\GitHub\osrs-automation\Bots\..\Images\world-switch-marker.png, 0 ms)
2026-07-22 15:04:04 [seller] FindImage: not found (C:\Users\link\Documents\GitHub\osrs-automation\Bots\..\Images\world-switch-marker.png, 0 ms)
2026-07-22 15:04:04 [seller] FindImage: not found (C:\Users\link\Documents\GitHub\osrs-automation\Bots\..\Images\world-switch-marker.png, 0 ms)
2026-07-22 15:04:05 [seller] FindImage: not found (C:\Users\link\Documents\GitHub\osrs-automation\Bots\..\Images\world-switch-marker.png, 0 ms)
2026-07-22 15:04:05 [seller] FindImage: not found (C:\Users\link\Documents\GitHub\osrs-automation\Bots\..\Images\world-switch-marker.png, 15 ms)
2026-07-22 15:04:05 [seller] FindImage: not found (C:\Users\link\Documents\GitHub\osrs-automation\Bots\..\Images\world-switch-marker.png, 16 ms)
2026-07-22 15:04:05 [seller] FindImage: not found (C:\Users\link\Documents\GitHub\osrs-automation\Bots\..\Images\world-switch-marker.png, 15 ms)
2026-07-22 15:04:05 [seller] FindImage: not found (C:\Users\link\Documents\GitHub\osrs-automation\Bots\..\Images\world-switch-marker.png, 16 ms)
2026-07-22 15:04:06 [seller] FindImage: found at 131,1190 (C:\Users\link\Documents\GitHub\osrs-automation\Bots\..\Images\world-switch-marker.png, 0 ms)
2026-07-22 15:04:06 [seller] Seller: waiting for store marker
2026-07-22 15:04:06 [seller] FindImage: not found (C:\Users\link\Documents\GitHub\osrs-automation\Bots\..\Images\store-marker.png, 16 ms)
2026-07-22 15:04:06 [seller] FindImage: not found (C:\Users\link\Documents\GitHub\osrs-automation\Bots\..\Images\store-marker.png, 0 ms)
2026-07-22 15:04:06 [seller] FindImage: not found (C:\Users\link\Documents\GitHub\osrs-automation\Bots\..\Images\store-marker.png, 0 ms)
2026-07-22 15:04:06 [seller] FindImage: not found (C:\Users\link\Documents\GitHub\osrs-automation\Bots\..\Images\store-marker.png, 0 ms)
2026-07-22 15:04:06 [seller] FindImage: not found (C:\Users\link\Documents\GitHub\osrs-automation\Bots\..\Images\store-marker.png, 15 ms)
2026-07-22 15:04:07 [seller] FindImage: not found (C:\Users\link\Documents\GitHub\osrs-automation\Bots\..\Images\store-marker.png, 16 ms)
2026-07-22 15:04:07 [seller] FindImage: not found (C:\Users\link\Documents\GitHub\osrs-automation\Bots\..\Images\store-marker.png, 0 ms)
2026-07-22 15:04:07 [seller] FindImage: not found (C:\Users\link\Documents\GitHub\osrs-automation\Bots\..\Images\store-marker.png, 16 ms)
2026-07-22 15:04:07 [seller] FindImage: not found (C:\Users\link\Documents\GitHub\osrs-automation\Bots\..\Images\store-marker.png, 16 ms)
2026-07-22 15:04:07 [seller] FindImage: not found (C:\Users\link\Documents\GitHub\osrs-automation\Bots\..\Images\store-marker.png, 16 ms)
2026-07-22 15:04:07 [seller] FindImage: not found (C:\Users\link\Documents\GitHub\osrs-automation\Bots\..\Images\store-marker.png, 16 ms)
2026-07-22 15:04:08 [seller] FindImage: not found (C:\Users\link\Documents\GitHub\osrs-automation\Bots\..\Images\store-marker.png, 16 ms)
2026-07-22 15:04:08 [seller] FindImage: not found (C:\Users\link\Documents\GitHub\osrs-automation\Bots\..\Images\store-marker.png, 16 ms)
2026-07-22 15:04:08 [seller] FindImage: not found (C:\Users\link\Documents\GitHub\osrs-automation\Bots\..\Images\store-marker.png, 16 ms)
2026-07-22 15:04:08 [seller] FindImage: not found (C:\Users\link\Documents\GitHub\osrs-automation\Bots\..\Images\store-marker.png, 16 ms)
2026-07-22 15:04:08 [seller] FindImage: not found (C:\Users\link\Documents\GitHub\osrs-automation\Bots\..\Images\store-marker.png, 16 ms)
2026-07-22 15:04:09 [seller] FindImage: not found (C:\Users\link\Documents\GitHub\osrs-automation\Bots\..\Images\store-marker.png, 16 ms)
2026-07-22 15:04:09 [seller] FindImage: not found (C:\Users\link\Documents\GitHub\osrs-automation\Bots\..\Images\store-marker.png, 16 ms)
2026-07-22 15:04:09 [seller] FindImage: not found (C:\Users\link\Documents\GitHub\osrs-automation\Bots\..\Images\store-marker.png, 16 ms)
2026-07-22 15:04:09 [seller] FindImage: not found (C:\Users\link\Documents\GitHub\osrs-automation\Bots\..\Images\store-marker.png, 16 ms)
2026-07-22 15:04:09 [seller] FindImage: not found (C:\Users\link\Documents\GitHub\osrs-automation\Bots\..\Images\store-marker.png, 16 ms)
2026-07-22 15:04:10 [seller] FindImage: not found (C:\Users\link\Documents\GitHub\osrs-automation\Bots\..\Images\store-marker.png, 16 ms)
2026-07-22 15:04:10 [seller] FindImage: not found (C:\Users\link\Documents\GitHub\osrs-automation\Bots\..\Images\store-marker.png, 16 ms)
2026-07-22 15:04:10 [seller] FindImage: not found (C:\Users\link\Documents\GitHub\osrs-automation\Bots\..\Images\store-marker.png, 16 ms)
2026-07-22 15:04:10 [seller] FindImage: not found (C:\Users\link\Documents\GitHub\osrs-automation\Bots\..\Images\store-marker.png, 16 ms)
2026-07-22 15:04:10 [seller] FindImage: not found (C:\Users\link\Documents\GitHub\osrs-automation\Bots\..\Images\store-marker.png, 16 ms)
2026-07-22 15:04:10 [seller] FindImage: not found (C:\Users\link\Documents\GitHub\osrs-automation\Bots\..\Images\store-marker.png, 16 ms)
2026-07-22 15:04:11 [seller] FindImage: not found (C:\Users\link\Documents\GitHub\osrs-automation\Bots\..\Images\store-marker.png, 16 ms)
2026-07-22 15:04:11 [seller] FindImage: not found (C:\Users\link\Documents\GitHub\osrs-automation\Bots\..\Images\store-marker.png, 16 ms)
2026-07-22 15:04:11 [seller] FindImage: not found (C:\Users\link\Documents\GitHub\osrs-automation\Bots\..\Images\store-marker.png, 16 ms)
2026-07-22 15:04:11 [seller] FindImage: not found (C:\Users\link\Documents\GitHub\osrs-automation\Bots\..\Images\store-marker.png, 16 ms)
2026-07-22 15:04:11 [seller] FindImage: not found (C:\Users\link\Documents\GitHub\osrs-automation\Bots\..\Images\store-marker.png, 16 ms)
2026-07-22 15:04:12 [seller] FindImage: not found (C:\Users\link\Documents\GitHub\osrs-automation\Bots\..\Images\store-marker.png, 16 ms)
2026-07-22 15:04:12 [seller] FindImage: not found (C:\Users\link\Documents\GitHub\osrs-automation\Bots\..\Images\store-marker.png, 16 ms)
2026-07-22 15:04:12 [seller] FindImage: not found (C:\Users\link\Documents\GitHub\osrs-automation\Bots\..\Images\store-marker.png, 16 ms)
2026-07-22 15:04:12 [seller] FindImage: not found (C:\Users\link\Documents\GitHub\osrs-automation\Bots\..\Images\store-marker.png, 16 ms)
2026-07-22 15:04:12 [seller] FindImage: not found (C:\Users\link\Documents\GitHub\osrs-automation\Bots\..\Images\store-marker.png, 16 ms)
2026-07-22 15:04:13 [seller] FindImage: not found (C:\Users\link\Documents\GitHub\osrs-automation\Bots\..\Images\store-marker.png, 0 ms)
2026-07-22 15:04:13 [seller] FindImage: not found (C:\Users\link\Documents\GitHub\osrs-automation\Bots\..\Images\store-marker.png, 0 ms)
2026-07-22 15:04:13 [seller] FindImage: not found (C:\Users\link\Documents\GitHub\osrs-automation\Bots\..\Images\store-marker.png, 0 ms)
2026-07-22 15:04:13 [seller] FindImage: not found (C:\Users\link\Documents\GitHub\osrs-automation\Bots\..\Images\store-marker.png, 0 ms)
2026-07-22 15:04:13 [seller] FindImage: not found (C:\Users\link\Documents\GitHub\osrs-automation\Bots\..\Images\store-marker.png, 0 ms)
2026-07-22 15:04:13 [seller] FindImage: not found (C:\Users\link\Documents\GitHub\osrs-automation\Bots\..\Images\store-marker.png, 16 ms)
2026-07-22 15:04:14 [seller] FindImage: not found (C:\Users\link\Documents\GitHub\osrs-automation\Bots\..\Images\store-marker.png, 15 ms)
2026-07-22 15:04:14 [seller] FindImage: not found (C:\Users\link\Documents\GitHub\osrs-automation\Bots\..\Images\store-marker.png, 16 ms)
2026-07-22 15:04:14 [seller] FindImage: not found (C:\Users\link\Documents\GitHub\osrs-automation\Bots\..\Images\store-marker.png, 15 ms)
2026-07-22 15:04:14 [seller] FindImage: not found (C:\Users\link\Documents\GitHub\osrs-automation\Bots\..\Images\store-marker.png, 16 ms)
2026-07-22 15:04:14 [seller] FindImage: not found (C:\Users\link\Documents\GitHub\osrs-automation\Bots\..\Images\store-marker.png, 15 ms)
2026-07-22 15:04:15 [seller] FindImage: not found (C:\Users\link\Documents\GitHub\osrs-automation\Bots\..\Images\store-marker.png, 16 ms)
2026-07-22 15:04:15 [seller] FindImage: not found (C:\Users\link\Documents\GitHub\osrs-automation\Bots\..\Images\store-marker.png, 15 ms)
2026-07-22 15:04:15 [seller] FindImage: not found (C:\Users\link\Documents\GitHub\osrs-automation\Bots\..\Images\store-marker.png, 16 ms)
2026-07-22 15:04:15 [seller] FindImage: not found (C:\Users\link\Documents\GitHub\osrs-automation\Bots\..\Images\store-marker.png, 15 ms)
2026-07-22 15:04:15 [seller] FindImage: not found (C:\Users\link\Documents\GitHub\osrs-automation\Bots\..\Images\store-marker.png, 16 ms)
2026-07-22 15:04:15 [seller] FindImage: found at 761,807 (C:\Users\link\Documents\GitHub\osrs-automation\Bots\..\Images\store-marker.png, 15 ms)
2026-07-22 15:04:15 [seller] Seller: clicking inventory slot 1 at 2135,833
2026-07-22 15:04:16 [seller] Seller: waiting for store marker to close
2026-07-22 15:04:16 [seller] FindImage: found at 761,807 (C:\Users\link\Documents\GitHub\osrs-automation\Bots\..\Images\store-marker.png, 15 ms)
2026-07-22 15:04:16 [seller] FindImage: not found (C:\Users\link\Documents\GitHub\osrs-automation\Bots\..\Images\store-marker.png, 16 ms)
2026-07-22 15:04:16 [seller] Seller: waiting for world-switch marker
2026-07-22 15:04:16 [seller] FindImage: not found (C:\Users\link\Documents\GitHub\osrs-automation\Bots\..\Images\world-switch-marker.png, 15 ms)
2026-07-22 15:04:16 [seller] FindImage: not found (C:\Users\link\Documents\GitHub\osrs-automation\Bots\..\Images\world-switch-marker.png, 16 ms)
2026-07-22 15:04:16 [seller] FindImage: not found (C:\Users\link\Documents\GitHub\osrs-automation\Bots\..\Images\world-switch-marker.png, 15 ms)
2026-07-22 15:04:16 [seller] FindImage: not found (C:\Users\link\Documents\GitHub\osrs-automation\Bots\..\Images\world-switch-marker.png, 16 ms)
2026-07-22 15:04:17 [seller] FindImage: not found (C:\Users\link\Documents\GitHub\osrs-automation\Bots\..\Images\world-switch-marker.png, 15 ms)
2026-07-22 15:04:17 [seller] FindImage: not found (C:\Users\link\Documents\GitHub\osrs-automation\Bots\..\Images\world-switch-marker.png, 0 ms)
2026-07-22 15:04:17 [seller] FindImage: not found (C:\Users\link\Documents\GitHub\osrs-automation\Bots\..\Images\world-switch-marker.png, 0 ms)
2026-07-22 15:04:17 [seller] FindImage: not found (C:\Users\link\Documents\GitHub\osrs-automation\Bots\..\Images\world-switch-marker.png, 0 ms)
2026-07-22 15:04:17 [seller] FindImage: not found (C:\Users\link\Documents\GitHub\osrs-automation\Bots\..\Images\world-switch-marker.png, 0 ms)
2026-07-22 15:04:17 [seller] FindImage: not found (C:\Users\link\Documents\GitHub\osrs-automation\Bots\..\Images\world-switch-marker.png, 0 ms)
2026-07-22 15:04:18 [seller] FindImage: not found (C:\Users\link\Documents\GitHub\osrs-automation\Bots\..\Images\world-switch-marker.png, 0 ms)
2026-07-22 15:04:18 [seller] FindImage: not found (C:\Users\link\Documents\GitHub\osrs-automation\Bots\..\Images\world-switch-marker.png, 0 ms)
2026-07-22 15:04:18 [seller] FindImage: not found (C:\Users\link\Documents\GitHub\osrs-automation\Bots\..\Images\world-switch-marker.png, 0 ms)
2026-07-22 15:04:18 [seller] FindImage: not found (C:\Users\link\Documents\GitHub\osrs-automation\Bots\..\Images\world-switch-marker.png, 15 ms)
2026-07-22 15:04:18 [seller] FindImage: not found (C:\Users\link\Documents\GitHub\osrs-automation\Bots\..\Images\world-switch-marker.png, 16 ms)
2026-07-22 15:04:19 [seller] FindImage: not found (C:\Users\link\Documents\GitHub\osrs-automation\Bots\..\Images\world-switch-marker.png, 15 ms)
2026-07-22 15:04:19 [seller] FindImage: not found (C:\Users\link\Documents\GitHub\osrs-automation\Bots\..\Images\world-switch-marker.png, 0 ms)
2026-07-22 15:04:19 [seller] FindImage: not found (C:\Users\link\Documents\GitHub\osrs-automation\Bots\..\Images\world-switch-marker.png, 15 ms)
2026-07-22 15:04:19 [seller] FindImage: not found (C:\Users\link\Documents\GitHub\osrs-automation\Bots\..\Images\world-switch-marker.png, 0 ms)
2026-07-22 15:04:19 [seller] FindImage: not found (C:\Users\link\Documents\GitHub\osrs-automation\Bots\..\Images\world-switch-marker.png, 0 ms)
2026-07-22 15:04:20 [seller] FindImage: not found (C:\Users\link\Documents\GitHub\osrs-automation\Bots\..\Images\world-switch-marker.png, 16 ms)
2026-07-22 15:04:20 [seller] FindImage: not found (C:\Users\link\Documents\GitHub\osrs-automation\Bots\..\Images\world-switch-marker.png, 0 ms)
2026-07-22 15:04:20 [seller] FindImage: not found (C:\Users\link\Documents\GitHub\osrs-automation\Bots\..\Images\world-switch-marker.png, 16 ms)
2026-07-22 15:04:20 [seller] FindImage: not found (C:\Users\link\Documents\GitHub\osrs-automation\Bots\..\Images\world-switch-marker.png, 15 ms)
2026-07-22 15:04:20 [seller] FindImage: not found (C:\Users\link\Documents\GitHub\osrs-automation\Bots\..\Images\world-switch-marker.png, 16 ms)
2026-07-22 15:04:20 [seller] FindImage: not found (C:\Users\link\Documents\GitHub\osrs-automation\Bots\..\Images\world-switch-marker.png, 15 ms)
2026-07-22 15:04:21 [seller] FindImage: not found (C:\Users\link\Documents\GitHub\osrs-automation\Bots\..\Images\world-switch-marker.png, 16 ms)
2026-07-22 15:04:21 [seller] FindImage: not found (C:\Users\link\Documents\GitHub\osrs-automation\Bots\..\Images\world-switch-marker.png, 15 ms)
2026-07-22 15:04:21 [seller] FindImage: not found (C:\Users\link\Documents\GitHub\osrs-automation\Bots\..\Images\world-switch-marker.png, 16 ms)
2026-07-22 15:04:21 [seller] FindImage: not found (C:\Users\link\Documents\GitHub\osrs-automation\Bots\..\Images\world-switch-marker.png, 15 ms)
2026-07-22 15:04:21 [seller] FindImage: not found (C:\Users\link\Documents\GitHub\osrs-automation\Bots\..\Images\world-switch-marker.png, 16 ms)
2026-07-22 15:04:22 [seller] FindImage: not found (C:\Users\link\Documents\GitHub\osrs-automation\Bots\..\Images\world-switch-marker.png, 0 ms)
2026-07-22 15:04:22 [seller] FindImage: not found (C:\Users\link\Documents\GitHub\osrs-automation\Bots\..\Images\world-switch-marker.png, 16 ms)
2026-07-22 15:04:22 [seller] FindImage: not found (C:\Users\link\Documents\GitHub\osrs-automation\Bots\..\Images\world-switch-marker.png, 15 ms)
2026-07-22 15:04:22 [seller] FindImage: not found (C:\Users\link\Documents\GitHub\osrs-automation\Bots\..\Images\world-switch-marker.png, 16 ms)
2026-07-22 15:04:22 [seller] FindImage: not found (C:\Users\link\Documents\GitHub\osrs-automation\Bots\..\Images\world-switch-marker.png, 0 ms)
2026-07-22 15:04:23 [seller] FindImage: not found (C:\Users\link\Documents\GitHub\osrs-automation\Bots\..\Images\world-switch-marker.png, 0 ms)
2026-07-22 15:04:23 [seller] FindImage: not found (C:\Users\link\Documents\GitHub\osrs-automation\Bots\..\Images\world-switch-marker.png, 0 ms)
2026-07-22 15:04:23 [seller] FindImage: not found (C:\Users\link\Documents\GitHub\osrs-automation\Bots\..\Images\world-switch-marker.png, 0 ms)
2026-07-22 15:04:23 [seller] FindImage: not found (C:\Users\link\Documents\GitHub\osrs-automation\Bots\..\Images\world-switch-marker.png, 0 ms)
2026-07-22 15:04:23 [seller] FindImage: not found (C:\Users\link\Documents\GitHub\osrs-automation\Bots\..\Images\world-switch-marker.png, 0 ms)
2026-07-22 15:04:23 [seller] FindImage: not found (C:\Users\link\Documents\GitHub\osrs-automation\Bots\..\Images\world-switch-marker.png, 0 ms)
2026-07-22 15:04:24 [seller] FindImage: not found (C:\Users\link\Documents\GitHub\osrs-automation\Bots\..\Images\world-switch-marker.png, 0 ms)
2026-07-22 15:04:24 [seller] FindImage: not found (C:\Users\link\Documents\GitHub\osrs-automation\Bots\..\Images\world-switch-marker.png, 15 ms)
2026-07-22 15:04:24 [seller] FindImage: not found (C:\Users\link\Documents\GitHub\osrs-automation\Bots\..\Images\world-switch-marker.png, 0 ms)
2026-07-22 15:04:24 [seller] FindImage: not found (C:\Users\link\Documents\GitHub\osrs-automation\Bots\..\Images\world-switch-marker.png, 15 ms)
2026-07-22 15:04:24 [seller] FindImage: not found (C:\Users\link\Documents\GitHub\osrs-automation\Bots\..\Images\world-switch-marker.png, 0 ms)
2026-07-22 15:04:24 [seller] FindImage: not found (C:\Users\link\Documents\GitHub\osrs-automation\Bots\..\Images\world-switch-marker.png, 0 ms)
2026-07-22 15:04:25 [seller] FindImage: not found (C:\Users\link\Documents\GitHub\osrs-automation\Bots\..\Images\world-switch-marker.png, 16 ms)
2026-07-22 15:04:25 [seller] FindImage: not found (C:\Users\link\Documents\GitHub\osrs-automation\Bots\..\Images\world-switch-marker.png, 0 ms)
2026-07-22 15:04:25 [seller] FindImage: not found (C:\Users\link\Documents\GitHub\osrs-automation\Bots\..\Images\world-switch-marker.png, 0 ms)
2026-07-22 15:04:25 [seller] FindImage: not found (C:\Users\link\Documents\GitHub\osrs-automation\Bots\..\Images\world-switch-marker.png, 0 ms)
2026-07-22 15:04:25 [seller] FindImage: not found (C:\Users\link\Documents\GitHub\osrs-automation\Bots\..\Images\world-switch-marker.png, 0 ms)
2026-07-22 15:04:26 [seller] FindImage: not found (C:\Users\link\Documents\GitHub\osrs-automation\Bots\..\Images\world-switch-marker.png, 16 ms)
2026-07-22 15:04:26 [seller] FindImage: not found (C:\Users\link\Documents\GitHub\osrs-automation\Bots\..\Images\world-switch-marker.png, 15 ms)
2026-07-22 15:04:26 [seller] FindImage: not found (C:\Users\link\Documents\GitHub\osrs-automation\Bots\..\Images\world-switch-marker.png, 16 ms)
2026-07-22 15:04:26 [seller] FindImage: not found (C:\Users\link\Documents\GitHub\osrs-automation\Bots\..\Images\world-switch-marker.png, 0 ms)
2026-07-22 15:04:26 [seller] FindImage: not found (C:\Users\link\Documents\GitHub\osrs-automation\Bots\..\Images\world-switch-marker.png, 0 ms)
2026-07-22 15:04:26 [seller] FindImage: not found (C:\Users\link\Documents\GitHub\osrs-automation\Bots\..\Images\world-switch-marker.png, 0 ms)
2026-07-22 15:04:27 [seller] FindImage: not found (C:\Users\link\Documents\GitHub\osrs-automation\Bots\..\Images\world-switch-marker.png, 0 ms)
2026-07-22 15:04:27 [seller] FindImage: not found (C:\Users\link\Documents\GitHub\osrs-automation\Bots\..\Images\world-switch-marker.png, 0 ms)
2026-07-22 15:04:27 [seller] FindImage: found at 131,1190 (C:\Users\link\Documents\GitHub\osrs-automation\Bots\..\Images\world-switch-marker.png, 0 ms)
2026-07-22 15:04:27 [seller] Seller: waiting for store marker
2026-07-22 15:04:27 [seller] FindImage: not found (C:\Users\link\Documents\GitHub\osrs-automation\Bots\..\Images\store-marker.png, 16 ms)
2026-07-22 15:04:27 [seller] FindImage: not found (C:\Users\link\Documents\GitHub\osrs-automation\Bots\..\Images\store-marker.png, 0 ms)
2026-07-22 15:04:27 [seller] FindImage: not found (C:\Users\link\Documents\GitHub\osrs-automation\Bots\..\Images\store-marker.png, 0 ms)
2026-07-22 15:04:28 [seller] FindImage: not found (C:\Users\link\Documents\GitHub\osrs-automation\Bots\..\Images\store-marker.png, 0 ms)
2026-07-22 15:04:28 [seller] FindImage: not found (C:\Users\link\Documents\GitHub\osrs-automation\Bots\..\Images\store-marker.png, 16 ms)
2026-07-22 15:04:28 [seller] FindImage: not found (C:\Users\link\Documents\GitHub\osrs-automation\Bots\..\Images\store-marker.png, 16 ms)
2026-07-22 15:04:28 [seller] FindImage: not found (C:\Users\link\Documents\GitHub\osrs-automation\Bots\..\Images\store-marker.png, 16 ms)
2026-07-22 15:04:28 [seller] FindImage: not found (C:\Users\link\Documents\GitHub\osrs-automation\Bots\..\Images\store-marker.png, 16 ms)
2026-07-22 15:04:28 [seller] FindImage: not found (C:\Users\link\Documents\GitHub\osrs-automation\Bots\..\Images\store-marker.png, 16 ms)
2026-07-22 15:04:29 [seller] FindImage: not found (C:\Users\link\Documents\GitHub\osrs-automation\Bots\..\Images\store-marker.png, 0 ms)
2026-07-22 15:04:29 [seller] FindImage: not found (C:\Users\link\Documents\GitHub\osrs-automation\Bots\..\Images\store-marker.png, 16 ms)
2026-07-22 15:04:29 [seller] FindImage: not found (C:\Users\link\Documents\GitHub\osrs-automation\Bots\..\Images\store-marker.png, 0 ms)
2026-07-22 15:04:29 [seller] FindImage: not found (C:\Users\link\Documents\GitHub\osrs-automation\Bots\..\Images\store-marker.png, 0 ms)
2026-07-22 15:04:29 [seller] FindImage: not found (C:\Users\link\Documents\GitHub\osrs-automation\Bots\..\Images\store-marker.png, 0 ms)
2026-07-22 15:04:30 [seller] FindImage: not found (C:\Users\link\Documents\GitHub\osrs-automation\Bots\..\Images\store-marker.png, 0 ms)
2026-07-22 15:04:30 [seller] FindImage: not found (C:\Users\link\Documents\GitHub\osrs-automation\Bots\..\Images\store-marker.png, 15 ms)
2026-07-22 15:04:30 [seller] FindImage: not found (C:\Users\link\Documents\GitHub\osrs-automation\Bots\..\Images\store-marker.png, 0 ms)
2026-07-22 15:04:30 [seller] FindImage: not found (C:\Users\link\Documents\GitHub\osrs-automation\Bots\..\Images\store-marker.png, 16 ms)
2026-07-22 15:04:30 [seller] FindImage: not found (C:\Users\link\Documents\GitHub\osrs-automation\Bots\..\Images\store-marker.png, 16 ms)
2026-07-22 15:04:30 [seller] FindImage: not found (C:\Users\link\Documents\GitHub\osrs-automation\Bots\..\Images\store-marker.png, 16 ms)
2026-07-22 15:04:31 [seller] FindImage: not found (C:\Users\link\Documents\GitHub\osrs-automation\Bots\..\Images\store-marker.png, 0 ms)
2026-07-22 15:04:31 [seller] FindImage: not found (C:\Users\link\Documents\GitHub\osrs-automation\Bots\..\Images\store-marker.png, 0 ms)
2026-07-22 15:04:31 [seller] FindImage: not found (C:\Users\link\Documents\GitHub\osrs-automation\Bots\..\Images\store-marker.png, 0 ms)
2026-07-22 15:04:31 [seller] FindImage: not found (C:\Users\link\Documents\GitHub\osrs-automation\Bots\..\Images\store-marker.png, 0 ms)
2026-07-22 15:04:31 [seller] FindImage: not found (C:\Users\link\Documents\GitHub\osrs-automation\Bots\..\Images\store-marker.png, 15 ms)
2026-07-22 15:04:32 [seller] FindImage: not found (C:\Users\link\Documents\GitHub\osrs-automation\Bots\..\Images\store-marker.png, 16 ms)
2026-07-22 15:04:32 [seller] FindImage: not found (C:\Users\link\Documents\GitHub\osrs-automation\Bots\..\Images\store-marker.png, 15 ms)
2026-07-22 15:04:32 [seller] FindImage: not found (C:\Users\link\Documents\GitHub\osrs-automation\Bots\..\Images\store-marker.png, 16 ms)
2026-07-22 15:04:32 [seller] FindImage: not found (C:\Users\link\Documents\GitHub\osrs-automation\Bots\..\Images\store-marker.png, 15 ms)
2026-07-22 15:04:32 [seller] FindImage: not found (C:\Users\link\Documents\GitHub\osrs-automation\Bots\..\Images\store-marker.png, 0 ms)
2026-07-22 15:04:32 [seller] FindImage: not found (C:\Users\link\Documents\GitHub\osrs-automation\Bots\..\Images\store-marker.png, 15 ms)
2026-07-22 15:04:33 [seller] FindImage: not found (C:\Users\link\Documents\GitHub\osrs-automation\Bots\..\Images\store-marker.png, 16 ms)
2026-07-22 15:04:33 [seller] FindImage: not found (C:\Users\link\Documents\GitHub\osrs-automation\Bots\..\Images\store-marker.png, 15 ms)
2026-07-22 15:04:33 [seller] FindImage: not found (C:\Users\link\Documents\GitHub\osrs-automation\Bots\..\Images\store-marker.png, 0 ms)
2026-07-22 15:04:33 [seller] FindImage: not found (C:\Users\link\Documents\GitHub\osrs-automation\Bots\..\Images\store-marker.png, 0 ms)
2026-07-22 15:04:33 [seller] FindImage: not found (C:\Users\link\Documents\GitHub\osrs-automation\Bots\..\Images\store-marker.png, 16 ms)
2026-07-22 15:04:34 [seller] FindImage: not found (C:\Users\link\Documents\GitHub\osrs-automation\Bots\..\Images\store-marker.png, 15 ms)
2026-07-22 15:04:34 [seller] FindImage: not found (C:\Users\link\Documents\GitHub\osrs-automation\Bots\..\Images\store-marker.png, 16 ms)
2026-07-22 15:04:34 [seller] FindImage: not found (C:\Users\link\Documents\GitHub\osrs-automation\Bots\..\Images\store-marker.png, 15 ms)
2026-07-22 15:04:34 [seller] FindImage: not found (C:\Users\link\Documents\GitHub\osrs-automation\Bots\..\Images\store-marker.png, 0 ms)
2026-07-22 15:04:34 [seller] FindImage: not found (C:\Users\link\Documents\GitHub\osrs-automation\Bots\..\Images\store-marker.png, 15 ms)
2026-07-22 15:04:35 [seller] FindImage: not found (C:\Users\link\Documents\GitHub\osrs-automation\Bots\..\Images\store-marker.png, 0 ms)
2026-07-22 15:04:35 [seller] FindImage: not found (C:\Users\link\Documents\GitHub\osrs-automation\Bots\..\Images\store-marker.png, 16 ms)
2026-07-22 15:04:35 [seller] FindImage: not found (C:\Users\link\Documents\GitHub\osrs-automation\Bots\..\Images\store-marker.png, 16 ms)
2026-07-22 15:04:35 [seller] FindImage: not found (C:\Users\link\Documents\GitHub\osrs-automation\Bots\..\Images\store-marker.png, 16 ms)
2026-07-22 15:04:35 [seller] FindImage: found at 761,807 (C:\Users\link\Documents\GitHub\osrs-automation\Bots\..\Images\store-marker.png, 16 ms)
2026-07-22 15:04:35 [seller] Seller: clicking inventory slot 1 at 2135,833
2026-07-22 15:04:35 [seller] Seller: waiting for store marker to close
2026-07-22 15:04:35 [seller] FindImage: found at 761,807 (C:\Users\link\Documents\GitHub\osrs-automation\Bots\..\Images\store-marker.png, 16 ms)
2026-07-22 15:04:36 [seller] FindImage: not found (C:\Users\link\Documents\GitHub\osrs-automation\Bots\..\Images\store-marker.png, 15 ms)
2026-07-22 15:04:36 [seller] Seller: waiting for world-switch marker
2026-07-22 15:04:36 [seller] FindImage: not found (C:\Users\link\Documents\GitHub\osrs-automation\Bots\..\Images\world-switch-marker.png, 15 ms)
2026-07-22 15:04:36 [seller] FindImage: not found (C:\Users\link\Documents\GitHub\osrs-automation\Bots\..\Images\world-switch-marker.png, 16 ms)
2026-07-22 15:04:36 [seller] FindImage: not found (C:\Users\link\Documents\GitHub\osrs-automation\Bots\..\Images\world-switch-marker.png, 15 ms)
2026-07-22 15:04:36 [seller] FindImage: not found (C:\Users\link\Documents\GitHub\osrs-automation\Bots\..\Images\world-switch-marker.png, 16 ms)
2026-07-22 15:04:36 [seller] FindImage: not found (C:\Users\link\Documents\GitHub\osrs-automation\Bots\..\Images\world-switch-marker.png, 15 ms)
2026-07-22 15:04:37 [seller] FindImage: found at 131,1190 (C:\Users\link\Documents\GitHub\osrs-automation\Bots\..\Images\world-switch-marker.png, 16 ms)
2026-07-22 15:04:37 [seller] Seller: waiting for store marker
2026-07-22 15:04:37 [seller] FindImage: not found (C:\Users\link\Documents\GitHub\osrs-automation\Bots\..\Images\store-marker.png, 15 ms)
2026-07-22 15:04:37 [seller] FindImage: not found (C:\Users\link\Documents\GitHub\osrs-automation\Bots\..\Images\store-marker.png, 16 ms)
2026-07-22 15:04:37 [seller] FindImage: not found (C:\Users\link\Documents\GitHub\osrs-automation\Bots\..\Images\store-marker.png, 0 ms)
2026-07-22 15:04:37 [seller] FindImage: not found (C:\Users\link\Documents\GitHub\osrs-automation\Bots\..\Images\store-marker.png, 0 ms)
2026-07-22 15:04:37 [seller] FindImage: not found (C:\Users\link\Documents\GitHub\osrs-automation\Bots\..\Images\store-marker.png, 0 ms)
2026-07-22 15:04:38 [seller] FindImage: not found (C:\Users\link\Documents\GitHub\osrs-automation\Bots\..\Images\store-marker.png, 0 ms)
2026-07-22 15:04:38 [seller] FindImage: not found (C:\Users\link\Documents\GitHub\osrs-automation\Bots\..\Images\store-marker.png, 0 ms)
2026-07-22 15:04:38 [seller] FindImage: not found (C:\Users\link\Documents\GitHub\osrs-automation\Bots\..\Images\store-marker.png, 15 ms)
2026-07-22 15:04:38 [seller] FindImage: not found (C:\Users\link\Documents\GitHub\osrs-automation\Bots\..\Images\store-marker.png, 16 ms)
2026-07-22 15:04:38 [seller] FindImage: not found (C:\Users\link\Documents\GitHub\osrs-automation\Bots\..\Images\store-marker.png, 15 ms)
2026-07-22 15:04:38 [seller] FindImage: not found (C:\Users\link\Documents\GitHub\osrs-automation\Bots\..\Images\store-marker.png, 16 ms)
2026-07-22 15:04:39 [seller] FindImage: not found (C:\Users\link\Documents\GitHub\osrs-automation\Bots\..\Images\store-marker.png, 15 ms)
2026-07-22 15:04:39 [seller] FindImage: not found (C:\Users\link\Documents\GitHub\osrs-automation\Bots\..\Images\store-marker.png, 16 ms)
2026-07-22 15:04:39 [seller] FindImage: not found (C:\Users\link\Documents\GitHub\osrs-automation\Bots\..\Images\store-marker.png, 15 ms)
2026-07-22 15:04:39 [seller] FindImage: not found (C:\Users\link\Documents\GitHub\osrs-automation\Bots\..\Images\store-marker.png, 16 ms)
2026-07-22 15:04:39 [seller] FindImage: not found (C:\Users\link\Documents\GitHub\osrs-automation\Bots\..\Images\store-marker.png, 15 ms)
2026-07-22 15:04:40 [seller] FindImage: not found (C:\Users\link\Documents\GitHub\osrs-automation\Bots\..\Images\store-marker.png, 16 ms)
2026-07-22 15:04:40 [seller] FindImage: not found (C:\Users\link\Documents\GitHub\osrs-automation\Bots\..\Images\store-marker.png, 15 ms)
2026-07-22 15:04:40 [seller] FindImage: not found (C:\Users\link\Documents\GitHub\osrs-automation\Bots\..\Images\store-marker.png, 16 ms)
2026-07-22 15:04:40 [seller] FindImage: not found (C:\Users\link\Documents\GitHub\osrs-automation\Bots\..\Images\store-marker.png, 15 ms)
2026-07-22 15:04:40 [seller] FindImage: not found (C:\Users\link\Documents\GitHub\osrs-automation\Bots\..\Images\store-marker.png, 16 ms)
2026-07-22 15:04:40 [seller] FindImage: not found (C:\Users\link\Documents\GitHub\osrs-automation\Bots\..\Images\store-marker.png, 15 ms)
2026-07-22 15:04:41 [seller] FindImage: not found (C:\Users\link\Documents\GitHub\osrs-automation\Bots\..\Images\store-marker.png, 16 ms)
2026-07-22 15:04:41 [seller] FindImage: not found (C:\Users\link\Documents\GitHub\osrs-automation\Bots\..\Images\store-marker.png, 15 ms)
2026-07-22 15:04:41 [seller] FindImage: not found (C:\Users\link\Documents\GitHub\osrs-automation\Bots\..\Images\store-marker.png, 16 ms)
2026-07-22 15:04:41 [seller] FindImage: not found (C:\Users\link\Documents\GitHub\osrs-automation\Bots\..\Images\store-marker.png, 15 ms)
2026-07-22 15:04:41 [seller] FindImage: not found (C:\Users\link\Documents\GitHub\osrs-automation\Bots\..\Images\store-marker.png, 16 ms)
2026-07-22 15:04:42 [seller] FindImage: not found (C:\Users\link\Documents\GitHub\osrs-automation\Bots\..\Images\store-marker.png, 15 ms)
2026-07-22 15:04:42 [seller] FindImage: not found (C:\Users\link\Documents\GitHub\osrs-automation\Bots\..\Images\store-marker.png, 0 ms)
2026-07-22 15:04:42 [seller] FindImage: not found (C:\Users\link\Documents\GitHub\osrs-automation\Bots\..\Images\store-marker.png, 0 ms)
2026-07-22 15:04:42 [seller] FindImage: not found (C:\Users\link\Documents\GitHub\osrs-automation\Bots\..\Images\store-marker.png, 0 ms)
2026-07-22 15:04:42 [seller] FindImage: not found (C:\Users\link\Documents\GitHub\osrs-automation\Bots\..\Images\store-marker.png, 16 ms)
2026-07-22 15:04:43 [seller] FindImage: not found (C:\Users\link\Documents\GitHub\osrs-automation\Bots\..\Images\store-marker.png, 16 ms)
2026-07-22 15:04:43 [seller] FindImage: not found (C:\Users\link\Documents\GitHub\osrs-automation\Bots\..\Images\store-marker.png, 16 ms)
2026-07-22 15:04:43 [seller] FindImage: not found (C:\Users\link\Documents\GitHub\osrs-automation\Bots\..\Images\store-marker.png, 16 ms)
2026-07-22 15:04:43 [seller] FindImage: not found (C:\Users\link\Documents\GitHub\osrs-automation\Bots\..\Images\store-marker.png, 0 ms)
2026-07-22 15:04:43 [seller] FindImage: not found (C:\Users\link\Documents\GitHub\osrs-automation\Bots\..\Images\store-marker.png, 15 ms)
2026-07-22 15:04:43 [seller] FindImage: not found (C:\Users\link\Documents\GitHub\osrs-automation\Bots\..\Images\store-marker.png, 16 ms)
2026-07-22 15:04:44 [seller] FindImage: not found (C:\Users\link\Documents\GitHub\osrs-automation\Bots\..\Images\store-marker.png, 15 ms)
2026-07-22 15:04:44 [seller] FindImage: not found (C:\Users\link\Documents\GitHub\osrs-automation\Bots\..\Images\store-marker.png, 16 ms)
2026-07-22 15:04:44 [seller] FindImage: not found (C:\Users\link\Documents\GitHub\osrs-automation\Bots\..\Images\store-marker.png, 15 ms)
2026-07-22 15:04:44 [seller] FindImage: not found (C:\Users\link\Documents\GitHub\osrs-automation\Bots\..\Images\store-marker.png, 16 ms)
2026-07-22 15:04:44 [seller] FindImage: not found (C:\Users\link\Documents\GitHub\osrs-automation\Bots\..\Images\store-marker.png, 15 ms)
2026-07-22 15:04:45 [seller] FindImage: found at 761,807 (C:\Users\link\Documents\GitHub\osrs-automation\Bots\..\Images\store-marker.png, 16 ms)
2026-07-22 15:04:45 [seller] Seller: clicking inventory slot 1 at 2135,833
2026-07-22 15:04:45 [seller] Seller: waiting for store marker to close
2026-07-22 15:04:45 [seller] FindImage: found at 761,807 (C:\Users\link\Documents\GitHub\osrs-automation\Bots\..\Images\store-marker.png, 15 ms)
2026-07-22 15:04:45 [seller] FindImage: not found (C:\Users\link\Documents\GitHub\osrs-automation\Bots\..\Images\store-marker.png, 16 ms)
2026-07-22 15:04:45 [seller] Seller: waiting for world-switch marker
2026-07-22 15:04:45 [seller] FindImage: not found (C:\Users\link\Documents\GitHub\osrs-automation\Bots\..\Images\world-switch-marker.png, 16 ms)
2026-07-22 15:04:45 [seller] FindImage: not found (C:\Users\link\Documents\GitHub\osrs-automation\Bots\..\Images\world-switch-marker.png, 15 ms)
2026-07-22 15:04:45 [seller] FindImage: not found (C:\Users\link\Documents\GitHub\osrs-automation\Bots\..\Images\world-switch-marker.png, 0 ms)
2026-07-22 15:04:45 [seller] FindImage: not found (C:\Users\link\Documents\GitHub\osrs-automation\Bots\..\Images\world-switch-marker.png, 0 ms)
2026-07-22 15:04:46 [seller] FindImage: not found (C:\Users\link\Documents\GitHub\osrs-automation\Bots\..\Images\world-switch-marker.png, 0 ms)
2026-07-22 15:04:46 [seller] FindImage: found at 131,1190 (C:\Users\link\Documents\GitHub\osrs-automation\Bots\..\Images\world-switch-marker.png, 16 ms)
2026-07-22 15:04:46 [seller] Seller: waiting for store marker
2026-07-22 15:04:46 [seller] FindImage: not found (C:\Users\link\Documents\GitHub\osrs-automation\Bots\..\Images\store-marker.png, 0 ms)
2026-07-22 15:04:46 [seller] FindImage: not found (C:\Users\link\Documents\GitHub\osrs-automation\Bots\..\Images\store-marker.png, 0 ms)
2026-07-22 15:04:46 [seller] FindImage: not found (C:\Users\link\Documents\GitHub\osrs-automation\Bots\..\Images\store-marker.png, 0 ms)
2026-07-22 15:04:46 [seller] FindImage: not found (C:\Users\link\Documents\GitHub\osrs-automation\Bots\..\Images\store-marker.png, 16 ms)
2026-07-22 15:04:47 [seller] FindImage: not found (C:\Users\link\Documents\GitHub\osrs-automation\Bots\..\Images\store-marker.png, 16 ms)
2026-07-22 15:04:47 [seller] FindImage: not found (C:\Users\link\Documents\GitHub\osrs-automation\Bots\..\Images\store-marker.png, 16 ms)
2026-07-22 15:04:47 [seller] FindImage: not found (C:\Users\link\Documents\GitHub\osrs-automation\Bots\..\Images\store-marker.png, 16 ms)
2026-07-22 15:04:47 [seller] FindImage: not found (C:\Users\link\Documents\GitHub\osrs-automation\Bots\..\Images\store-marker.png, 16 ms)
2026-07-22 15:04:47 [seller] FindImage: not found (C:\Users\link\Documents\GitHub\osrs-automation\Bots\..\Images\store-marker.png, 16 ms)
2026-07-22 15:04:48 [seller] FindImage: not found (C:\Users\link\Documents\GitHub\osrs-automation\Bots\..\Images\store-marker.png, 16 ms)
2026-07-22 15:04:48 [seller] FindImage: not found (C:\Users\link\Documents\GitHub\osrs-automation\Bots\..\Images\store-marker.png, 16 ms)
2026-07-22 15:04:48 [seller] FindImage: not found (C:\Users\link\Documents\GitHub\osrs-automation\Bots\..\Images\store-marker.png, 16 ms)
2026-07-22 15:04:48 [seller] FindImage: not found (C:\Users\link\Documents\GitHub\osrs-automation\Bots\..\Images\store-marker.png, 16 ms)
2026-07-22 15:04:48 [seller] FindImage: not found (C:\Users\link\Documents\GitHub\osrs-automation\Bots\..\Images\store-marker.png, 16 ms)
2026-07-22 15:04:48 [seller] FindImage: not found (C:\Users\link\Documents\GitHub\osrs-automation\Bots\..\Images\store-marker.png, 16 ms)
2026-07-22 15:04:49 [seller] FindImage: not found (C:\Users\link\Documents\GitHub\osrs-automation\Bots\..\Images\store-marker.png, 16 ms)
2026-07-22 15:04:49 [seller] FindImage: not found (C:\Users\link\Documents\GitHub\osrs-automation\Bots\..\Images\store-marker.png, 16 ms)
2026-07-22 15:04:49 [seller] FindImage: not found (C:\Users\link\Documents\GitHub\osrs-automation\Bots\..\Images\store-marker.png, 16 ms)
2026-07-22 15:04:49 [seller] FindImage: not found (C:\Users\link\Documents\GitHub\osrs-automation\Bots\..\Images\store-marker.png, 16 ms)
2026-07-22 15:04:49 [seller] FindImage: not found (C:\Users\link\Documents\GitHub\osrs-automation\Bots\..\Images\store-marker.png, 0 ms)
2026-07-22 15:04:50 [seller] FindImage: not found (C:\Users\link\Documents\GitHub\osrs-automation\Bots\..\Images\store-marker.png, 0 ms)
2026-07-22 15:04:50 [seller] FindImage: not found (C:\Users\link\Documents\GitHub\osrs-automation\Bots\..\Images\store-marker.png, 0 ms)
2026-07-22 15:04:50 [seller] FindImage: not found (C:\Users\link\Documents\GitHub\osrs-automation\Bots\..\Images\store-marker.png, 0 ms)
2026-07-22 15:04:50 [seller] FindImage: not found (C:\Users\link\Documents\GitHub\osrs-automation\Bots\..\Images\store-marker.png, 16 ms)
2026-07-22 15:04:50 [seller] FindImage: not found (C:\Users\link\Documents\GitHub\osrs-automation\Bots\..\Images\store-marker.png, 0 ms)
2026-07-22 15:04:50 [seller] FindImage: not found (C:\Users\link\Documents\GitHub\osrs-automation\Bots\..\Images\store-marker.png, 0 ms)
2026-07-22 15:04:51 [seller] FindImage: not found (C:\Users\link\Documents\GitHub\osrs-automation\Bots\..\Images\store-marker.png, 0 ms)
2026-07-22 15:04:51 [seller] FindImage: not found (C:\Users\link\Documents\GitHub\osrs-automation\Bots\..\Images\store-marker.png, 16 ms)
2026-07-22 15:04:51 [seller] FindImage: not found (C:\Users\link\Documents\GitHub\osrs-automation\Bots\..\Images\store-marker.png, 0 ms)
2026-07-22 15:04:51 [seller] FindImage: not found (C:\Users\link\Documents\GitHub\osrs-automation\Bots\..\Images\store-marker.png, 16 ms)
2026-07-22 15:04:51 [seller] FindImage: not found (C:\Users\link\Documents\GitHub\osrs-automation\Bots\..\Images\store-marker.png, 0 ms)
2026-07-22 15:04:51 [seller] FindImage: not found (C:\Users\link\Documents\GitHub\osrs-automation\Bots\..\Images\store-marker.png, 15 ms)
2026-07-22 15:04:52 [seller] FindImage: not found (C:\Users\link\Documents\GitHub\osrs-automation\Bots\..\Images\store-marker.png, 0 ms)
2026-07-22 15:04:52 [seller] FindImage: not found (C:\Users\link\Documents\GitHub\osrs-automation\Bots\..\Images\store-marker.png, 0 ms)
2026-07-22 15:04:52 [seller] FindImage: not found (C:\Users\link\Documents\GitHub\osrs-automation\Bots\..\Images\store-marker.png, 16 ms)
2026-07-22 15:04:52 [seller] FindImage: not found (C:\Users\link\Documents\GitHub\osrs-automation\Bots\..\Images\store-marker.png, 0 ms)
2026-07-22 15:04:52 [seller] FindImage: not found (C:\Users\link\Documents\GitHub\osrs-automation\Bots\..\Images\store-marker.png, 16 ms)
2026-07-22 15:04:53 [seller] FindImage: not found (C:\Users\link\Documents\GitHub\osrs-automation\Bots\..\Images\store-marker.png, 16 ms)
2026-07-22 15:04:53 [seller] FindImage: not found (C:\Users\link\Documents\GitHub\osrs-automation\Bots\..\Images\store-marker.png, 16 ms)
2026-07-22 15:04:53 [seller] FindImage: not found (C:\Users\link\Documents\GitHub\osrs-automation\Bots\..\Images\store-marker.png, 16 ms)
2026-07-22 15:04:53 [seller] FindImage: not found (C:\Users\link\Documents\GitHub\osrs-automation\Bots\..\Images\store-marker.png, 16 ms)
2026-07-22 15:04:53 [seller] FindImage: not found (C:\Users\link\Documents\GitHub\osrs-automation\Bots\..\Images\store-marker.png, 16 ms)
2026-07-22 15:04:54 [seller] FindImage: not found (C:\Users\link\Documents\GitHub\osrs-automation\Bots\..\Images\store-marker.png, 16 ms)
2026-07-22 15:04:54 [seller] FindImage: not found (C:\Users\link\Documents\GitHub\osrs-automation\Bots\..\Images\store-marker.png, 16 ms)
2026-07-22 15:04:54 [seller] FindImage: not found (C:\Users\link\Documents\GitHub\osrs-automation\Bots\..\Images\store-marker.png, 16 ms)
2026-07-22 15:04:54 [seller] FindImage: found at 761,807 (C:\Users\link\Documents\GitHub\osrs-automation\Bots\..\Images\store-marker.png, 16 ms)
2026-07-22 15:04:54 [seller] Seller: clicking inventory slot 1 at 2135,833
2026-07-22 15:04:54 [seller] Seller: waiting for store marker to close
2026-07-22 15:04:54 [seller] FindImage: found at 761,807 (C:\Users\link\Documents\GitHub\osrs-automation\Bots\..\Images\store-marker.png, 15 ms)
2026-07-22 15:04:54 [seller] FindImage: not found (C:\Users\link\Documents\GitHub\osrs-automation\Bots\..\Images\store-marker.png, 0 ms)
2026-07-22 15:04:54 [seller] Seller: waiting for world-switch marker
2026-07-22 15:04:54 [seller] FindImage: not found (C:\Users\link\Documents\GitHub\osrs-automation\Bots\..\Images\world-switch-marker.png, 15 ms)
2026-07-22 15:04:55 [seller] FindImage: not found (C:\Users\link\Documents\GitHub\osrs-automation\Bots\..\Images\world-switch-marker.png, 0 ms)
2026-07-22 15:04:55 [seller] FindImage: not found (C:\Users\link\Documents\GitHub\osrs-automation\Bots\..\Images\world-switch-marker.png, 0 ms)
2026-07-22 15:04:55 [seller] FindImage: not found (C:\Users\link\Documents\GitHub\osrs-automation\Bots\..\Images\world-switch-marker.png, 16 ms)
2026-07-22 15:04:55 [seller] FindImage: not found (C:\Users\link\Documents\GitHub\osrs-automation\Bots\..\Images\world-switch-marker.png, 16 ms)
2026-07-22 15:04:55 [seller] FindImage: found at 131,1190 (C:\Users\link\Documents\GitHub\osrs-automation\Bots\..\Images\world-switch-marker.png, 16 ms)
2026-07-22 15:04:55 [seller] Seller: waiting for store marker
2026-07-22 15:04:55 [seller] FindImage: not found (C:\Users\link\Documents\GitHub\osrs-automation\Bots\..\Images\store-marker.png, 0 ms)
2026-07-22 15:04:56 [seller] FindImage: not found (C:\Users\link\Documents\GitHub\osrs-automation\Bots\..\Images\store-marker.png, 0 ms)
2026-07-22 15:04:56 [seller] FindImage: not found (C:\Users\link\Documents\GitHub\osrs-automation\Bots\..\Images\store-marker.png, 16 ms)
2026-07-22 15:04:56 [seller] FindImage: not found (C:\Users\link\Documents\GitHub\osrs-automation\Bots\..\Images\store-marker.png, 16 ms)
2026-07-22 15:04:56 [seller] FindImage: not found (C:\Users\link\Documents\GitHub\osrs-automation\Bots\..\Images\store-marker.png, 16 ms)
2026-07-22 15:04:56 [seller] FindImage: not found (C:\Users\link\Documents\GitHub\osrs-automation\Bots\..\Images\store-marker.png, 0 ms)
2026-07-22 15:04:56 [seller] FindImage: not found (C:\Users\link\Documents\GitHub\osrs-automation\Bots\..\Images\store-marker.png, 0 ms)
2026-07-22 15:04:57 [seller] FindImage: not found (C:\Users\link\Documents\GitHub\osrs-automation\Bots\..\Images\store-marker.png, 0 ms)
2026-07-22 15:04:57 [seller] FindImage: not found (C:\Users\link\Documents\GitHub\osrs-automation\Bots\..\Images\store-marker.png, 0 ms)
2026-07-22 15:04:57 [seller] FindImage: not found (C:\Users\link\Documents\GitHub\osrs-automation\Bots\..\Images\store-marker.png, 0 ms)
2026-07-22 15:04:57 [seller] FindImage: not found (C:\Users\link\Documents\GitHub\osrs-automation\Bots\..\Images\store-marker.png, 0 ms)
2026-07-22 15:04:57 [seller] FindImage: not found (C:\Users\link\Documents\GitHub\osrs-automation\Bots\..\Images\store-marker.png, 0 ms)
2026-07-22 15:04:57 [seller] FindImage: not found (C:\Users\link\Documents\GitHub\osrs-automation\Bots\..\Images\store-marker.png, 0 ms)
2026-07-22 15:04:58 [seller] FindImage: not found (C:\Users\link\Documents\GitHub\osrs-automation\Bots\..\Images\store-marker.png, 0 ms)
2026-07-22 15:04:58 [seller] FindImage: not found (C:\Users\link\Documents\GitHub\osrs-automation\Bots\..\Images\store-marker.png, 16 ms)
2026-07-22 15:04:58 [seller] FindImage: not found (C:\Users\link\Documents\GitHub\osrs-automation\Bots\..\Images\store-marker.png, 16 ms)
2026-07-22 15:04:58 [seller] FindImage: not found (C:\Users\link\Documents\GitHub\osrs-automation\Bots\..\Images\store-marker.png, 16 ms)
2026-07-22 15:04:58 [seller] FindImage: not found (C:\Users\link\Documents\GitHub\osrs-automation\Bots\..\Images\store-marker.png, 16 ms)
2026-07-22 15:04:59 [seller] FindImage: not found (C:\Users\link\Documents\GitHub\osrs-automation\Bots\..\Images\store-marker.png, 16 ms)
2026-07-22 15:04:59 [seller] FindImage: not found (C:\Users\link\Documents\GitHub\osrs-automation\Bots\..\Images\store-marker.png, 16 ms)
2026-07-22 15:04:59 [seller] FindImage: not found (C:\Users\link\Documents\GitHub\osrs-automation\Bots\..\Images\store-marker.png, 16 ms)
2026-07-22 15:04:59 [seller] FindImage: not found (C:\Users\link\Documents\GitHub\osrs-automation\Bots\..\Images\store-marker.png, 16 ms)
2026-07-22 15:04:59 [seller] FindImage: not found (C:\Users\link\Documents\GitHub\osrs-automation\Bots\..\Images\store-marker.png, 16 ms)
2026-07-22 15:05:00 [seller] FindImage: not found (C:\Users\link\Documents\GitHub\osrs-automation\Bots\..\Images\store-marker.png, 16 ms)
2026-07-22 15:05:00 [seller] FindImage: not found (C:\Users\link\Documents\GitHub\osrs-automation\Bots\..\Images\store-marker.png, 16 ms)
2026-07-22 15:05:00 [seller] FindImage: not found (C:\Users\link\Documents\GitHub\osrs-automation\Bots\..\Images\store-marker.png, 16 ms)
2026-07-22 15:05:00 [seller] FindImage: not found (C:\Users\link\Documents\GitHub\osrs-automation\Bots\..\Images\store-marker.png, 16 ms)
2026-07-22 15:05:00 [seller] FindImage: not found (C:\Users\link\Documents\GitHub\osrs-automation\Bots\..\Images\store-marker.png, 16 ms)
2026-07-22 15:05:00 [seller] FindImage: not found (C:\Users\link\Documents\GitHub\osrs-automation\Bots\..\Images\store-marker.png, 16 ms)
2026-07-22 15:05:01 [seller] FindImage: not found (C:\Users\link\Documents\GitHub\osrs-automation\Bots\..\Images\store-marker.png, 16 ms)
2026-07-22 15:05:01 [seller] FindImage: not found (C:\Users\link\Documents\GitHub\osrs-automation\Bots\..\Images\store-marker.png, 16 ms)
2026-07-22 15:05:01 [seller] FindImage: not found (C:\Users\link\Documents\GitHub\osrs-automation\Bots\..\Images\store-marker.png, 16 ms)
2026-07-22 15:05:01 [seller] FindImage: not found (C:\Users\link\Documents\GitHub\osrs-automation\Bots\..\Images\store-marker.png, 16 ms)
2026-07-22 15:05:01 [seller] FindImage: not found (C:\Users\link\Documents\GitHub\osrs-automation\Bots\..\Images\store-marker.png, 16 ms)
2026-07-22 15:05:02 [seller] FindImage: not found (C:\Users\link\Documents\GitHub\osrs-automation\Bots\..\Images\store-marker.png, 16 ms)
2026-07-22 15:05:02 [seller] FindImage: not found (C:\Users\link\Documents\GitHub\osrs-automation\Bots\..\Images\store-marker.png, 16 ms)
2026-07-22 15:05:02 [seller] FindImage: not found (C:\Users\link\Documents\GitHub\osrs-automation\Bots\..\Images\store-marker.png, 16 ms)
2026-07-22 15:05:02 [seller] FindImage: not found (C:\Users\link\Documents\GitHub\osrs-automation\Bots\..\Images\store-marker.png, 15 ms)
2026-07-22 15:05:02 [seller] FindImage: not found (C:\Users\link\Documents\GitHub\osrs-automation\Bots\..\Images\store-marker.png, 0 ms)
2026-07-22 15:05:03 [seller] FindImage: not found (C:\Users\link\Documents\GitHub\osrs-automation\Bots\..\Images\store-marker.png, 0 ms)
2026-07-22 15:05:03 [seller] FindImage: not found (C:\Users\link\Documents\GitHub\osrs-automation\Bots\..\Images\store-marker.png, 0 ms)
2026-07-22 15:05:03 [seller] FindImage: not found (C:\Users\link\Documents\GitHub\osrs-automation\Bots\..\Images\store-marker.png, 15 ms)
2026-07-22 15:05:03 [seller] FindImage: not found (C:\Users\link\Documents\GitHub\osrs-automation\Bots\..\Images\store-marker.png, 0 ms)
2026-07-22 15:05:03 [seller] FindImage: not found (C:\Users\link\Documents\GitHub\osrs-automation\Bots\..\Images\store-marker.png, 0 ms)
2026-07-22 15:05:03 [seller] FindImage: not found (C:\Users\link\Documents\GitHub\osrs-automation\Bots\..\Images\store-marker.png, 0 ms)
2026-07-22 15:05:04 [seller] FindImage: not found (C:\Users\link\Documents\GitHub\osrs-automation\Bots\..\Images\store-marker.png, 0 ms)
2026-07-22 15:05:04 [seller] FindImage: not found (C:\Users\link\Documents\GitHub\osrs-automation\Bots\..\Images\store-marker.png, 16 ms)
2026-07-22 15:05:04 [seller] FindImage: not found (C:\Users\link\Documents\GitHub\osrs-automation\Bots\..\Images\store-marker.png, 16 ms)
2026-07-22 15:05:04 [seller] FindImage: not found (C:\Users\link\Documents\GitHub\osrs-automation\Bots\..\Images\store-marker.png, 16 ms)
2026-07-22 15:05:04 [seller] FindImage: not found (C:\Users\link\Documents\GitHub\osrs-automation\Bots\..\Images\store-marker.png, 16 ms)
2026-07-22 15:05:05 [seller] FindImage: not found (C:\Users\link\Documents\GitHub\osrs-automation\Bots\..\Images\store-marker.png, 16 ms)
2026-07-22 15:05:05 [seller] FindImage: found at 761,807 (C:\Users\link\Documents\GitHub\osrs-automation\Bots\..\Images\store-marker.png, 16 ms)
2026-07-22 15:05:05 [seller] Seller: clicking inventory slot 1 at 2135,833
2026-07-22 15:05:05 [seller] Seller: waiting for store marker to close
2026-07-22 15:05:05 [seller] FindImage: found at 761,807 (C:\Users\link\Documents\GitHub\osrs-automation\Bots\..\Images\store-marker.png, 15 ms)
2026-07-22 15:05:05 [seller] FindImage: not found (C:\Users\link\Documents\GitHub\osrs-automation\Bots\..\Images\store-marker.png, 0 ms)
2026-07-22 15:05:05 [seller] Seller: waiting for world-switch marker
2026-07-22 15:05:05 [seller] FindImage: not found (C:\Users\link\Documents\GitHub\osrs-automation\Bots\..\Images\world-switch-marker.png, 0 ms)
2026-07-22 15:05:05 [seller] FindImage: not found (C:\Users\link\Documents\GitHub\osrs-automation\Bots\..\Images\world-switch-marker.png, 15 ms)
2026-07-22 15:05:05 [seller] FindImage: not found (C:\Users\link\Documents\GitHub\osrs-automation\Bots\..\Images\world-switch-marker.png, 0 ms)
2026-07-22 15:05:06 [seller] FindImage: not found (C:\Users\link\Documents\GitHub\osrs-automation\Bots\..\Images\world-switch-marker.png, 0 ms)
2026-07-22 15:05:06 [seller] FindImage: found at 131,1190 (C:\Users\link\Documents\GitHub\osrs-automation\Bots\..\Images\world-switch-marker.png, 16 ms)
2026-07-22 15:05:06 [seller] Seller: waiting for store marker
2026-07-22 15:05:06 [seller] FindImage: not found (C:\Users\link\Documents\GitHub\osrs-automation\Bots\..\Images\store-marker.png, 15 ms)
2026-07-22 15:05:06 [seller] FindImage: not found (C:\Users\link\Documents\GitHub\osrs-automation\Bots\..\Images\store-marker.png, 0 ms)
2026-07-22 15:05:06 [seller] FindImage: not found (C:\Users\link\Documents\GitHub\osrs-automation\Bots\..\Images\store-marker.png, 0 ms)
2026-07-22 15:05:06 [seller] FindImage: not found (C:\Users\link\Documents\GitHub\osrs-automation\Bots\..\Images\store-marker.png, 16 ms)
2026-07-22 15:05:07 [seller] FindImage: not found (C:\Users\link\Documents\GitHub\osrs-automation\Bots\..\Images\store-marker.png, 16 ms)
2026-07-22 15:05:07 [seller] FindImage: not found (C:\Users\link\Documents\GitHub\osrs-automation\Bots\..\Images\store-marker.png, 16 ms)
2026-07-22 15:05:07 [seller] FindImage: not found (C:\Users\link\Documents\GitHub\osrs-automation\Bots\..\Images\store-marker.png, 16 ms)
2026-07-22 15:05:07 [seller] FindImage: not found (C:\Users\link\Documents\GitHub\osrs-automation\Bots\..\Images\store-marker.png, 16 ms)
2026-07-22 15:05:07 [seller] FindImage: not found (C:\Users\link\Documents\GitHub\osrs-automation\Bots\..\Images\store-marker.png, 16 ms)
2026-07-22 15:05:07 [seller] FindImage: not found (C:\Users\link\Documents\GitHub\osrs-automation\Bots\..\Images\store-marker.png, 16 ms)
2026-07-22 15:05:08 [seller] FindImage: not found (C:\Users\link\Documents\GitHub\osrs-automation\Bots\..\Images\store-marker.png, 16 ms)
2026-07-22 15:05:08 [seller] FindImage: not found (C:\Users\link\Documents\GitHub\osrs-automation\Bots\..\Images\store-marker.png, 16 ms)
2026-07-22 15:05:08 [seller] FindImage: not found (C:\Users\link\Documents\GitHub\osrs-automation\Bots\..\Images\store-marker.png, 0 ms)
2026-07-22 15:05:08 [seller] FindImage: not found (C:\Users\link\Documents\GitHub\osrs-automation\Bots\..\Images\store-marker.png, 0 ms)
2026-07-22 15:05:08 [seller] FindImage: not found (C:\Users\link\Documents\GitHub\osrs-automation\Bots\..\Images\store-marker.png, 0 ms)
2026-07-22 15:05:09 [seller] FindImage: not found (C:\Users\link\Documents\GitHub\osrs-automation\Bots\..\Images\store-marker.png, 0 ms)
2026-07-22 15:05:09 [seller] FindImage: not found (C:\Users\link\Documents\GitHub\osrs-automation\Bots\..\Images\store-marker.png, 0 ms)
2026-07-22 15:05:09 [seller] FindImage: not found (C:\Users\link\Documents\GitHub\osrs-automation\Bots\..\Images\store-marker.png, 0 ms)
2026-07-22 15:05:09 [seller] FindImage: not found (C:\Users\link\Documents\GitHub\osrs-automation\Bots\..\Images\store-marker.png, 0 ms)
2026-07-22 15:05:09 [seller] FindImage: not found (C:\Users\link\Documents\GitHub\osrs-automation\Bots\..\Images\store-marker.png, 0 ms)
2026-07-22 15:05:09 [seller] FindImage: not found (C:\Users\link\Documents\GitHub\osrs-automation\Bots\..\Images\store-marker.png, 0 ms)
2026-07-22 15:05:10 [seller] FindImage: not found (C:\Users\link\Documents\GitHub\osrs-automation\Bots\..\Images\store-marker.png, 0 ms)
2026-07-22 15:05:10 [seller] FindImage: not found (C:\Users\link\Documents\GitHub\osrs-automation\Bots\..\Images\store-marker.png, 0 ms)
2026-07-22 15:05:10 [seller] FindImage: not found (C:\Users\link\Documents\GitHub\osrs-automation\Bots\..\Images\store-marker.png, 0 ms)
2026-07-22 15:05:10 [seller] FindImage: not found (C:\Users\link\Documents\GitHub\osrs-automation\Bots\..\Images\store-marker.png, 0 ms)
2026-07-22 15:05:10 [seller] FindImage: not found (C:\Users\link\Documents\GitHub\osrs-automation\Bots\..\Images\store-marker.png, 0 ms)
2026-07-22 15:05:10 [seller] FindImage: not found (C:\Users\link\Documents\GitHub\osrs-automation\Bots\..\Images\store-marker.png, 0 ms)
2026-07-22 15:05:11 [seller] FindImage: not found (C:\Users\link\Documents\GitHub\osrs-automation\Bots\..\Images\store-marker.png, 0 ms)
2026-07-22 15:05:11 [seller] FindImage: not found (C:\Users\link\Documents\GitHub\osrs-automation\Bots\..\Images\store-marker.png, 0 ms)
2026-07-22 15:05:11 [seller] FindImage: not found (C:\Users\link\Documents\GitHub\osrs-automation\Bots\..\Images\store-marker.png, 16 ms)
2026-07-22 15:05:11 [seller] FindImage: not found (C:\Users\link\Documents\GitHub\osrs-automation\Bots\..\Images\store-marker.png, 16 ms)
2026-07-22 15:05:11 [seller] FindImage: not found (C:\Users\link\Documents\GitHub\osrs-automation\Bots\..\Images\store-marker.png, 16 ms)
2026-07-22 15:05:12 [seller] FindImage: not found (C:\Users\link\Documents\GitHub\osrs-automation\Bots\..\Images\store-marker.png, 16 ms)
2026-07-22 15:05:12 [seller] FindImage: not found (C:\Users\link\Documents\GitHub\osrs-automation\Bots\..\Images\store-marker.png, 16 ms)
2026-07-22 15:05:12 [seller] FindImage: not found (C:\Users\link\Documents\GitHub\osrs-automation\Bots\..\Images\store-marker.png, 16 ms)
2026-07-22 15:05:12 [seller] FindImage: not found (C:\Users\link\Documents\GitHub\osrs-automation\Bots\..\Images\store-marker.png, 16 ms)
2026-07-22 15:05:12 [seller] FindImage: not found (C:\Users\link\Documents\GitHub\osrs-automation\Bots\..\Images\store-marker.png, 16 ms)
2026-07-22 15:05:12 [seller] FindImage: not found (C:\Users\link\Documents\GitHub\osrs-automation\Bots\..\Images\store-marker.png, 16 ms)
2026-07-22 15:05:13 [seller] FindImage: not found (C:\Users\link\Documents\GitHub\osrs-automation\Bots\..\Images\store-marker.png, 16 ms)
2026-07-22 15:05:13 [seller] FindImage: not found (C:\Users\link\Documents\GitHub\osrs-automation\Bots\..\Images\store-marker.png, 16 ms)
2026-07-22 15:05:13 [seller] FindImage: not found (C:\Users\link\Documents\GitHub\osrs-automation\Bots\..\Images\store-marker.png, 16 ms)
2026-07-22 15:05:13 [seller] FindImage: not found (C:\Users\link\Documents\GitHub\osrs-automation\Bots\..\Images\store-marker.png, 16 ms)
2026-07-22 15:05:13 [seller] FindImage: not found (C:\Users\link\Documents\GitHub\osrs-automation\Bots\..\Images\store-marker.png, 16 ms)
2026-07-22 15:05:14 [seller] FindImage: not found (C:\Users\link\Documents\GitHub\osrs-automation\Bots\..\Images\store-marker.png, 0 ms)
2026-07-22 15:05:14 [seller] FindImage: not found (C:\Users\link\Documents\GitHub\osrs-automation\Bots\..\Images\store-marker.png, 15 ms)
2026-07-22 15:05:14 [seller] FindImage: not found (C:\Users\link\Documents\GitHub\osrs-automation\Bots\..\Images\store-marker.png, 16 ms)
2026-07-22 15:05:14 [seller] FindImage: not found (C:\Users\link\Documents\GitHub\osrs-automation\Bots\..\Images\store-marker.png, 15 ms)
2026-07-22 15:05:14 [seller] FindImage: not found (C:\Users\link\Documents\GitHub\osrs-automation\Bots\..\Images\store-marker.png, 16 ms)
2026-07-22 15:05:14 [seller] FindImage: not found (C:\Users\link\Documents\GitHub\osrs-automation\Bots\..\Images\store-marker.png, 15 ms)
2026-07-22 15:05:15 [seller] FindImage: not found (C:\Users\link\Documents\GitHub\osrs-automation\Bots\..\Images\store-marker.png, 0 ms)
2026-07-22 15:05:15 [seller] FindImage: not found (C:\Users\link\Documents\GitHub\osrs-automation\Bots\..\Images\store-marker.png, 16 ms)
2026-07-22 15:05:15 [seller] FindImage: not found (C:\Users\link\Documents\GitHub\osrs-automation\Bots\..\Images\store-marker.png, 15 ms)
2026-07-22 15:05:15 [seller] FindImage: not found (C:\Users\link\Documents\GitHub\osrs-automation\Bots\..\Images\store-marker.png, 0 ms)
2026-07-22 15:05:15 [seller] FindImage: not found (C:\Users\link\Documents\GitHub\osrs-automation\Bots\..\Images\store-marker.png, 0 ms)
2026-07-22 15:05:16 [seller] FindImage: not found (C:\Users\link\Documents\GitHub\osrs-automation\Bots\..\Images\store-marker.png, 16 ms)
2026-07-22 15:05:16 [seller] FindImage: not found (C:\Users\link\Documents\GitHub\osrs-automation\Bots\..\Images\store-marker.png, 16 ms)
2026-07-22 15:05:16 [seller] FindImage: not found (C:\Users\link\Documents\GitHub\osrs-automation\Bots\..\Images\store-marker.png, 16 ms)
2026-07-22 15:05:16 [seller] FindImage: not found (C:\Users\link\Documents\GitHub\osrs-automation\Bots\..\Images\store-marker.png, 16 ms)
2026-07-22 15:05:16 [seller] FindImage: found at 761,807 (C:\Users\link\Documents\GitHub\osrs-automation\Bots\..\Images\store-marker.png, 16 ms)
2026-07-22 15:05:16 [seller] Seller: clicking inventory slot 1 at 2135,833
2026-07-22 15:05:16 [seller] Seller: waiting for store marker to close
2026-07-22 15:05:16 [seller] FindImage: found at 761,807 (C:\Users\link\Documents\GitHub\osrs-automation\Bots\..\Images\store-marker.png, 15 ms)
2026-07-22 15:05:17 [seller] FindImage: not found (C:\Users\link\Documents\GitHub\osrs-automation\Bots\..\Images\store-marker.png, 0 ms)
2026-07-22 15:05:17 [seller] Seller: waiting for world-switch marker
2026-07-22 15:05:17 [seller] FindImage: not found (C:\Users\link\Documents\GitHub\osrs-automation\Bots\..\Images\world-switch-marker.png, 15 ms)
2026-07-22 15:05:17 [seller] FindImage: not found (C:\Users\link\Documents\GitHub\osrs-automation\Bots\..\Images\world-switch-marker.png, 16 ms)
2026-07-22 15:05:17 [seller] FindImage: not found (C:\Users\link\Documents\GitHub\osrs-automation\Bots\..\Images\world-switch-marker.png, 0 ms)
2026-07-22 15:05:17 [seller] FindImage: not found (C:\Users\link\Documents\GitHub\osrs-automation\Bots\..\Images\world-switch-marker.png, 0 ms)
2026-07-22 15:05:17 [seller] FindImage: not found (C:\Users\link\Documents\GitHub\osrs-automation\Bots\..\Images\world-switch-marker.png, 16 ms)
2026-07-22 15:05:18 [seller] FindImage: not found (C:\Users\link\Documents\GitHub\osrs-automation\Bots\..\Images\world-switch-marker.png, 16 ms)
2026-07-22 15:05:18 [seller] FindImage: not found (C:\Users\link\Documents\GitHub\osrs-automation\Bots\..\Images\world-switch-marker.png, 0 ms)
2026-07-22 15:05:18 [seller] FindImage: not found (C:\Users\link\Documents\GitHub\osrs-automation\Bots\..\Images\world-switch-marker.png, 16 ms)
2026-07-22 15:05:18 [seller] FindImage: not found (C:\Users\link\Documents\GitHub\osrs-automation\Bots\..\Images\world-switch-marker.png, 15 ms)
2026-07-22 15:05:18 [seller] FindImage: not found (C:\Users\link\Documents\GitHub\osrs-automation\Bots\..\Images\world-switch-marker.png, 16 ms)
2026-07-22 15:05:18 [seller] FindImage: not found (C:\Users\link\Documents\GitHub\osrs-automation\Bots\..\Images\world-switch-marker.png, 15 ms)
2026-07-22 15:05:19 [seller] FindImage: not found (C:\Users\link\Documents\GitHub\osrs-automation\Bots\..\Images\world-switch-marker.png, 16 ms)
2026-07-22 15:05:19 [seller] FindImage: not found (C:\Users\link\Documents\GitHub\osrs-automation\Bots\..\Images\world-switch-marker.png, 15 ms)
2026-07-22 15:05:19 [seller] FindImage: not found (C:\Users\link\Documents\GitHub\osrs-automation\Bots\..\Images\world-switch-marker.png, 16 ms)
2026-07-22 15:05:19 [seller] FindImage: not found (C:\Users\link\Documents\GitHub\osrs-automation\Bots\..\Images\world-switch-marker.png, 15 ms)
2026-07-22 15:05:19 [seller] FindImage: not found (C:\Users\link\Documents\GitHub\osrs-automation\Bots\..\Images\world-switch-marker.png, 16 ms)
2026-07-22 15:05:20 [seller] FindImage: not found (C:\Users\link\Documents\GitHub\osrs-automation\Bots\..\Images\world-switch-marker.png, 15 ms)
2026-07-22 15:05:20 [seller] FindImage: not found (C:\Users\link\Documents\GitHub\osrs-automation\Bots\..\Images\world-switch-marker.png, 16 ms)
2026-07-22 15:05:20 [seller] FindImage: not found (C:\Users\link\Documents\GitHub\osrs-automation\Bots\..\Images\world-switch-marker.png, 15 ms)
2026-07-22 15:05:20 [seller] FindImage: not found (C:\Users\link\Documents\GitHub\osrs-automation\Bots\..\Images\world-switch-marker.png, 16 ms)
2026-07-22 15:05:20 [seller] FindImage: not found (C:\Users\link\Documents\GitHub\osrs-automation\Bots\..\Images\world-switch-marker.png, 15 ms)
2026-07-22 15:05:21 [seller] FindImage: not found (C:\Users\link\Documents\GitHub\osrs-automation\Bots\..\Images\world-switch-marker.png, 16 ms)
2026-07-22 15:05:21 [seller] FindImage: not found (C:\Users\link\Documents\GitHub\osrs-automation\Bots\..\Images\world-switch-marker.png, 15 ms)
2026-07-22 15:05:21 [seller] FindImage: not found (C:\Users\link\Documents\GitHub\osrs-automation\Bots\..\Images\world-switch-marker.png, 16 ms)
2026-07-22 15:05:21 [seller] FindImage: not found (C:\Users\link\Documents\GitHub\osrs-automation\Bots\..\Images\world-switch-marker.png, 15 ms)
2026-07-22 15:05:21 [seller] FindImage: not found (C:\Users\link\Documents\GitHub\osrs-automation\Bots\..\Images\world-switch-marker.png, 16 ms)
2026-07-22 15:05:21 [seller] FindImage: not found (C:\Users\link\Documents\GitHub\osrs-automation\Bots\..\Images\world-switch-marker.png, 15 ms)
2026-07-22 15:05:22 [seller] FindImage: not found (C:\Users\link\Documents\GitHub\osrs-automation\Bots\..\Images\world-switch-marker.png, 16 ms)
2026-07-22 15:05:22 [seller] FindImage: not found (C:\Users\link\Documents\GitHub\osrs-automation\Bots\..\Images\world-switch-marker.png, 15 ms)
2026-07-22 15:05:22 [seller] FindImage: not found (C:\Users\link\Documents\GitHub\osrs-automation\Bots\..\Images\world-switch-marker.png, 16 ms)
2026-07-22 15:05:22 [seller] FindImage: not found (C:\Users\link\Documents\GitHub\osrs-automation\Bots\..\Images\world-switch-marker.png, 15 ms)
2026-07-22 15:05:22 [seller] FindImage: not found (C:\Users\link\Documents\GitHub\osrs-automation\Bots\..\Images\world-switch-marker.png, 16 ms)
2026-07-22 15:05:23 [seller] FindImage: not found (C:\Users\link\Documents\GitHub\osrs-automation\Bots\..\Images\world-switch-marker.png, 15 ms)
2026-07-22 15:05:23 [seller] FindImage: not found (C:\Users\link\Documents\GitHub\osrs-automation\Bots\..\Images\world-switch-marker.png, 16 ms)
2026-07-22 15:05:23 [seller] FindImage: not found (C:\Users\link\Documents\GitHub\osrs-automation\Bots\..\Images\world-switch-marker.png, 15 ms)
2026-07-22 15:05:23 [seller] FindImage: not found (C:\Users\link\Documents\GitHub\osrs-automation\Bots\..\Images\world-switch-marker.png, 16 ms)
2026-07-22 15:05:23 [seller] FindImage: not found (C:\Users\link\Documents\GitHub\osrs-automation\Bots\..\Images\world-switch-marker.png, 0 ms)
2026-07-22 15:05:24 [seller] FindImage: not found (C:\Users\link\Documents\GitHub\osrs-automation\Bots\..\Images\world-switch-marker.png, 0 ms)
2026-07-22 15:05:24 [seller] FindImage: not found (C:\Users\link\Documents\GitHub\osrs-automation\Bots\..\Images\world-switch-marker.png, 0 ms)
2026-07-22 15:05:24 [seller] FindImage: not found (C:\Users\link\Documents\GitHub\osrs-automation\Bots\..\Images\world-switch-marker.png, 0 ms)
2026-07-22 15:05:24 [seller] FindImage: not found (C:\Users\link\Documents\GitHub\osrs-automation\Bots\..\Images\world-switch-marker.png, 0 ms)
2026-07-22 15:05:24 [seller] FindImage: not found (C:\Users\link\Documents\GitHub\osrs-automation\Bots\..\Images\world-switch-marker.png, 0 ms)
2026-07-22 15:05:24 [seller] FindImage: not found (C:\Users\link\Documents\GitHub\osrs-automation\Bots\..\Images\world-switch-marker.png, 0 ms)
2026-07-22 15:05:25 [seller] FindImage: not found (C:\Users\link\Documents\GitHub\osrs-automation\Bots\..\Images\world-switch-marker.png, 0 ms)
2026-07-22 15:05:25 [seller] FindImage: not found (C:\Users\link\Documents\GitHub\osrs-automation\Bots\..\Images\world-switch-marker.png, 0 ms)
2026-07-22 15:05:25 [seller] FindImage: not found (C:\Users\link\Documents\GitHub\osrs-automation\Bots\..\Images\world-switch-marker.png, 0 ms)
2026-07-22 15:05:25 [seller] FindImage: not found (C:\Users\link\Documents\GitHub\osrs-automation\Bots\..\Images\world-switch-marker.png, 0 ms)
2026-07-22 15:05:25 [seller] FindImage: not found (C:\Users\link\Documents\GitHub\osrs-automation\Bots\..\Images\world-switch-marker.png, 0 ms)
2026-07-22 15:05:26 [seller] FindImage: not found (C:\Users\link\Documents\GitHub\osrs-automation\Bots\..\Images\world-switch-marker.png, 16 ms)
2026-07-22 15:05:26 [seller] FindImage: not found (C:\Users\link\Documents\GitHub\osrs-automation\Bots\..\Images\world-switch-marker.png, 16 ms)
2026-07-22 15:05:26 [seller] FindImage: not found (C:\Users\link\Documents\GitHub\osrs-automation\Bots\..\Images\world-switch-marker.png, 16 ms)
2026-07-22 15:05:26 [seller] FindImage: not found (C:\Users\link\Documents\GitHub\osrs-automation\Bots\..\Images\world-switch-marker.png, 16 ms)
2026-07-22 15:05:26 [seller] FindImage: not found (C:\Users\link\Documents\GitHub\osrs-automation\Bots\..\Images\world-switch-marker.png, 16 ms)
2026-07-22 15:05:26 [seller] FindImage: not found (C:\Users\link\Documents\GitHub\osrs-automation\Bots\..\Images\world-switch-marker.png, 0 ms)
2026-07-22 15:05:27 [seller] FindImage: not found (C:\Users\link\Documents\GitHub\osrs-automation\Bots\..\Images\world-switch-marker.png, 0 ms)
2026-07-22 15:05:27 [seller] FindImage: not found (C:\Users\link\Documents\GitHub\osrs-automation\Bots\..\Images\world-switch-marker.png, 0 ms)
2026-07-22 15:05:27 [seller] FindImage: not found (C:\Users\link\Documents\GitHub\osrs-automation\Bots\..\Images\world-switch-marker.png, 0 ms)
2026-07-22 15:05:27 [seller] FindImage: not found (C:\Users\link\Documents\GitHub\osrs-automation\Bots\..\Images\world-switch-marker.png, 16 ms)
2026-07-22 15:05:27 [seller] FindImage: not found (C:\Users\link\Documents\GitHub\osrs-automation\Bots\..\Images\world-switch-marker.png, 16 ms)
2026-07-22 15:05:28 [seller] FindImage: not found (C:\Users\link\Documents\GitHub\osrs-automation\Bots\..\Images\world-switch-marker.png, 16 ms)
2026-07-22 15:05:28 [seller] FindImage: not found (C:\Users\link\Documents\GitHub\osrs-automation\Bots\..\Images\world-switch-marker.png, 16 ms)
2026-07-22 15:05:28 [seller] FindImage: not found (C:\Users\link\Documents\GitHub\osrs-automation\Bots\..\Images\world-switch-marker.png, 16 ms)
2026-07-22 15:05:28 [seller] FindImage: not found (C:\Users\link\Documents\GitHub\osrs-automation\Bots\..\Images\world-switch-marker.png, 16 ms)
2026-07-22 15:05:28 [seller] FindImage: not found (C:\Users\link\Documents\GitHub\osrs-automation\Bots\..\Images\world-switch-marker.png, 16 ms)
2026-07-22 15:05:28 [seller] FindImage: not found (C:\Users\link\Documents\GitHub\osrs-automation\Bots\..\Images\world-switch-marker.png, 16 ms)
2026-07-22 15:05:29 [seller] FindImage: not found (C:\Users\link\Documents\GitHub\osrs-automation\Bots\..\Images\world-switch-marker.png, 16 ms)
2026-07-22 15:05:29 [seller] FindImage: not found (C:\Users\link\Documents\GitHub\osrs-automation\Bots\..\Images\world-switch-marker.png, 16 ms)
2026-07-22 15:05:29 [seller] FindImage: not found (C:\Users\link\Documents\GitHub\osrs-automation\Bots\..\Images\world-switch-marker.png, 16 ms)
2026-07-22 15:05:29 [seller] FindImage: not found (C:\Users\link\Documents\GitHub\osrs-automation\Bots\..\Images\world-switch-marker.png, 16 ms)
2026-07-22 15:05:29 [seller] FindImage: not found (C:\Users\link\Documents\GitHub\osrs-automation\Bots\..\Images\world-switch-marker.png, 16 ms)
2026-07-22 15:05:30 [seller] FindImage: not found (C:\Users\link\Documents\GitHub\osrs-automation\Bots\..\Images\world-switch-marker.png, 16 ms)
2026-07-22 15:05:30 [seller] FindImage: not found (C:\Users\link\Documents\GitHub\osrs-automation\Bots\..\Images\world-switch-marker.png, 0 ms)
2026-07-22 15:05:30 [seller] FindImage: not found (C:\Users\link\Documents\GitHub\osrs-automation\Bots\..\Images\world-switch-marker.png, 0 ms)
2026-07-22 15:05:30 [seller] FindImage: not found (C:\Users\link\Documents\GitHub\osrs-automation\Bots\..\Images\world-switch-marker.png, 0 ms)
2026-07-22 15:05:30 [seller] FindImage: not found (C:\Users\link\Documents\GitHub\osrs-automation\Bots\..\Images\world-switch-marker.png, 0 ms)
2026-07-22 15:05:30 [seller] FindImage: not found (C:\Users\link\Documents\GitHub\osrs-automation\Bots\..\Images\world-switch-marker.png, 0 ms)
2026-07-22 15:05:31 [seller] FindImage: not found (C:\Users\link\Documents\GitHub\osrs-automation\Bots\..\Images\world-switch-marker.png, 0 ms)
2026-07-22 15:05:31 [seller] FindImage: not found (C:\Users\link\Documents\GitHub\osrs-automation\Bots\..\Images\world-switch-marker.png, 16 ms)
2026-07-22 15:05:31 [seller] FindImage: not found (C:\Users\link\Documents\GitHub\osrs-automation\Bots\..\Images\world-switch-marker.png, 16 ms)
2026-07-22 15:05:31 [seller] FindImage: not found (C:\Users\link\Documents\GitHub\osrs-automation\Bots\..\Images\world-switch-marker.png, 16 ms)
2026-07-22 15:05:31 [seller] FindImage: not found (C:\Users\link\Documents\GitHub\osrs-automation\Bots\..\Images\world-switch-marker.png, 16 ms)
2026-07-22 15:05:32 [seller] FindImage: not found (C:\Users\link\Documents\GitHub\osrs-automation\Bots\..\Images\world-switch-marker.png, 16 ms)
2026-07-22 15:05:32 [seller] FindImage: not found (C:\Users\link\Documents\GitHub\osrs-automation\Bots\..\Images\world-switch-marker.png, 16 ms)
2026-07-22 15:05:32 [seller] FindImage: not found (C:\Users\link\Documents\GitHub\osrs-automation\Bots\..\Images\world-switch-marker.png, 16 ms)
2026-07-22 15:05:32 [seller] FindImage: not found (C:\Users\link\Documents\GitHub\osrs-automation\Bots\..\Images\world-switch-marker.png, 16 ms)
2026-07-22 15:05:32 [seller] FindImage: not found (C:\Users\link\Documents\GitHub\osrs-automation\Bots\..\Images\world-switch-marker.png, 16 ms)
2026-07-22 15:05:33 [seller] FindImage: not found (C:\Users\link\Documents\GitHub\osrs-automation\Bots\..\Images\world-switch-marker.png, 16 ms)
2026-07-22 15:05:33 [seller] FindImage: not found (C:\Users\link\Documents\GitHub\osrs-automation\Bots\..\Images\world-switch-marker.png, 16 ms)
2026-07-22 15:05:33 [seller] FindImage: not found (C:\Users\link\Documents\GitHub\osrs-automation\Bots\..\Images\world-switch-marker.png, 16 ms)
2026-07-22 15:05:33 [seller] FindImage: not found (C:\Users\link\Documents\GitHub\osrs-automation\Bots\..\Images\world-switch-marker.png, 16 ms)
2026-07-22 15:05:33 [seller] FindImage: not found (C:\Users\link\Documents\GitHub\osrs-automation\Bots\..\Images\world-switch-marker.png, 16 ms)
2026-07-22 15:05:33 [seller] FindImage: not found (C:\Users\link\Documents\GitHub\osrs-automation\Bots\..\Images\world-switch-marker.png, 16 ms)
2026-07-22 15:05:34 [seller] FindImage: not found (C:\Users\link\Documents\GitHub\osrs-automation\Bots\..\Images\world-switch-marker.png, 16 ms)
2026-07-22 15:05:34 [seller] FindImage: not found (C:\Users\link\Documents\GitHub\osrs-automation\Bots\..\Images\world-switch-marker.png, 16 ms)
2026-07-22 15:05:34 [seller] FindImage: not found (C:\Users\link\Documents\GitHub\osrs-automation\Bots\..\Images\world-switch-marker.png, 16 ms)
2026-07-22 15:05:34 [seller] FindImage: not found (C:\Users\link\Documents\GitHub\osrs-automation\Bots\..\Images\world-switch-marker.png, 16 ms)
2026-07-22 15:05:34 [seller] FindImage: not found (C:\Users\link\Documents\GitHub\osrs-automation\Bots\..\Images\world-switch-marker.png, 16 ms)
2026-07-22 15:05:35 [seller] FindImage: not found (C:\Users\link\Documents\GitHub\osrs-automation\Bots\..\Images\world-switch-marker.png, 16 ms)
2026-07-22 15:05:35 [seller] FindImage: not found (C:\Users\link\Documents\GitHub\osrs-automation\Bots\..\Images\world-switch-marker.png, 16 ms)
2026-07-22 15:05:35 [seller] FindImage: not found (C:\Users\link\Documents\GitHub\osrs-automation\Bots\..\Images\world-switch-marker.png, 16 ms)
2026-07-22 15:05:35 [seller] FindImage: not found (C:\Users\link\Documents\GitHub\osrs-automation\Bots\..\Images\world-switch-marker.png, 16 ms)
2026-07-22 15:05:35 [seller] FindImage: not found (C:\Users\link\Documents\GitHub\osrs-automation\Bots\..\Images\world-switch-marker.png, 16 ms)
2026-07-22 15:05:36 [seller] FindImage: not found (C:\Users\link\Documents\GitHub\osrs-automation\Bots\..\Images\world-switch-marker.png, 16 ms)
2026-07-22 15:05:36 [seller] FindImage: not found (C:\Users\link\Documents\GitHub\osrs-automation\Bots\..\Images\world-switch-marker.png, 16 ms)
2026-07-22 15:05:36 [seller] FindImage: not found (C:\Users\link\Documents\GitHub\osrs-automation\Bots\..\Images\world-switch-marker.png, 16 ms)
2026-07-22 15:05:36 [seller] FindImage: not found (C:\Users\link\Documents\GitHub\osrs-automation\Bots\..\Images\world-switch-marker.png, 16 ms)
2026-07-22 15:05:36 [seller] FindImage: not found (C:\Users\link\Documents\GitHub\osrs-automation\Bots\..\Images\world-switch-marker.png, 0 ms)
2026-07-22 15:05:36 [seller] FindImage: not found (C:\Users\link\Documents\GitHub\osrs-automation\Bots\..\Images\world-switch-marker.png, 16 ms)
2026-07-22 15:05:37 [seller] FindImage: not found (C:\Users\link\Documents\GitHub\osrs-automation\Bots\..\Images\world-switch-marker.png, 15 ms)
2026-07-22 15:05:37 [seller] FindImage: not found (C:\Users\link\Documents\GitHub\osrs-automation\Bots\..\Images\world-switch-marker.png, 0 ms)
2026-07-22 15:05:37 [seller] FindImage: not found (C:\Users\link\Documents\GitHub\osrs-automation\Bots\..\Images\world-switch-marker.png, 0 ms)
2026-07-22 15:05:37 [seller] FindImage: not found (C:\Users\link\Documents\GitHub\osrs-automation\Bots\..\Images\world-switch-marker.png, 0 ms)
2026-07-22 15:05:37 [seller] FindImage: not found (C:\Users\link\Documents\GitHub\osrs-automation\Bots\..\Images\world-switch-marker.png, 16 ms)
2026-07-22 15:05:38 [seller] FindImage: not found (C:\Users\link\Documents\GitHub\osrs-automation\Bots\..\Images\world-switch-marker.png, 16 ms)
2026-07-22 15:05:38 [seller] FindImage: not found (C:\Users\link\Documents\GitHub\osrs-automation\Bots\..\Images\world-switch-marker.png, 16 ms)
2026-07-22 15:05:38 [seller] FindImage: not found (C:\Users\link\Documents\GitHub\osrs-automation\Bots\..\Images\world-switch-marker.png, 16 ms)
2026-07-22 15:05:38 [seller] FindImage: not found (C:\Users\link\Documents\GitHub\osrs-automation\Bots\..\Images\world-switch-marker.png, 16 ms)
2026-07-22 15:05:38 [seller] FindImage: not found (C:\Users\link\Documents\GitHub\osrs-automation\Bots\..\Images\world-switch-marker.png, 16 ms)
2026-07-22 15:05:38 [seller] FindImage: not found (C:\Users\link\Documents\GitHub\osrs-automation\Bots\..\Images\world-switch-marker.png, 16 ms)
2026-07-22 15:05:39 [seller] FindImage: not found (C:\Users\link\Documents\GitHub\osrs-automation\Bots\..\Images\world-switch-marker.png, 16 ms)
2026-07-22 15:05:39 [seller] FindImage: not found (C:\Users\link\Documents\GitHub\osrs-automation\Bots\..\Images\world-switch-marker.png, 16 ms)
2026-07-22 15:05:39 [seller] FindImage: not found (C:\Users\link\Documents\GitHub\osrs-automation\Bots\..\Images\world-switch-marker.png, 16 ms)
2026-07-22 15:05:39 [seller] FindImage: not found (C:\Users\link\Documents\GitHub\osrs-automation\Bots\..\Images\world-switch-marker.png, 16 ms)
2026-07-22 15:05:39 [seller] FindImage: not found (C:\Users\link\Documents\GitHub\osrs-automation\Bots\..\Images\world-switch-marker.png, 16 ms)
2026-07-22 15:05:40 [seller] F12 pressed - exiting

2026-07-22 15:07:51 [seller] Script loaded. F5=start sell/world-hop loop  F6=stop  F12=exit.
2026-07-22 15:07:58 [seller] Seller started
2026-07-22 15:07:58 [seller] Seller: waiting for store marker
2026-07-22 15:07:58 [seller] FindImage: not found (C:\Users\link\Documents\GitHub\osrs-automation\Bots\..\Images\store-marker.png, 15 ms)
2026-07-22 15:07:58 [seller] FindImage: not found (C:\Users\link\Documents\GitHub\osrs-automation\Bots\..\Images\store-marker.png, 16 ms)
2026-07-22 15:07:58 [seller] FindImage: not found (C:\Users\link\Documents\GitHub\osrs-automation\Bots\..\Images\store-marker.png, 15 ms)
2026-07-22 15:07:58 [seller] FindImage: not found (C:\Users\link\Documents\GitHub\osrs-automation\Bots\..\Images\store-marker.png, 16 ms)
2026-07-22 15:07:58 [seller] FindImage: not found (C:\Users\link\Documents\GitHub\osrs-automation\Bots\..\Images\store-marker.png, 15 ms)
2026-07-22 15:07:59 [seller] FindImage: not found (C:\Users\link\Documents\GitHub\osrs-automation\Bots\..\Images\store-marker.png, 16 ms)
2026-07-22 15:07:59 [seller] FindImage: not found (C:\Users\link\Documents\GitHub\osrs-automation\Bots\..\Images\store-marker.png, 15 ms)
2026-07-22 15:07:59 [seller] FindImage: not found (C:\Users\link\Documents\GitHub\osrs-automation\Bots\..\Images\store-marker.png, 16 ms)
2026-07-22 15:07:59 [seller] FindImage: not found (C:\Users\link\Documents\GitHub\osrs-automation\Bots\..\Images\store-marker.png, 15 ms)
2026-07-22 15:07:59 [seller] FindImage: not found (C:\Users\link\Documents\GitHub\osrs-automation\Bots\..\Images\store-marker.png, 16 ms)
2026-07-22 15:07:59 [seller] FindImage: not found (C:\Users\link\Documents\GitHub\osrs-automation\Bots\..\Images\store-marker.png, 15 ms)
2026-07-22 15:08:00 [seller] FindImage: not found (C:\Users\link\Documents\GitHub\osrs-automation\Bots\..\Images\store-marker.png, 16 ms)
2026-07-22 15:08:00 [seller] FindImage: not found (C:\Users\link\Documents\GitHub\osrs-automation\Bots\..\Images\store-marker.png, 15 ms)
2026-07-22 15:08:00 [seller] FindImage: not found (C:\Users\link\Documents\GitHub\osrs-automation\Bots\..\Images\store-marker.png, 16 ms)
2026-07-22 15:08:00 [seller] FindImage: not found (C:\Users\link\Documents\GitHub\osrs-automation\Bots\..\Images\store-marker.png, 15 ms)
2026-07-22 15:08:00 [seller] FindImage: not found (C:\Users\link\Documents\GitHub\osrs-automation\Bots\..\Images\store-marker.png, 16 ms)
2026-07-22 15:08:01 [seller] FindImage: not found (C:\Users\link\Documents\GitHub\osrs-automation\Bots\..\Images\store-marker.png, 15 ms)
2026-07-22 15:08:01 [seller] FindImage: not found (C:\Users\link\Documents\GitHub\osrs-automation\Bots\..\Images\store-marker.png, 16 ms)
2026-07-22 15:08:01 [seller] FindImage: not found (C:\Users\link\Documents\GitHub\osrs-automation\Bots\..\Images\store-marker.png, 15 ms)
2026-07-22 15:08:01 [seller] FindImage: not found (C:\Users\link\Documents\GitHub\osrs-automation\Bots\..\Images\store-marker.png, 16 ms)
2026-07-22 15:08:01 [seller] FindImage: not found (C:\Users\link\Documents\GitHub\osrs-automation\Bots\..\Images\store-marker.png, 0 ms)
2026-07-22 15:08:02 [seller] FindImage: not found (C:\Users\link\Documents\GitHub\osrs-automation\Bots\..\Images\store-marker.png, 16 ms)
2026-07-22 15:08:02 [seller] FindImage: not found (C:\Users\link\Documents\GitHub\osrs-automation\Bots\..\Images\store-marker.png, 0 ms)
2026-07-22 15:08:02 [seller] FindImage: not found (C:\Users\link\Documents\GitHub\osrs-automation\Bots\..\Images\store-marker.png, 16 ms)
2026-07-22 15:08:02 [seller] FindImage: not found (C:\Users\link\Documents\GitHub\osrs-automation\Bots\..\Images\store-marker.png, 0 ms)
2026-07-22 15:08:02 [seller] FindImage: not found (C:\Users\link\Documents\GitHub\osrs-automation\Bots\..\Images\store-marker.png, 16 ms)
2026-07-22 15:08:02 [seller] FindImage: not found (C:\Users\link\Documents\GitHub\osrs-automation\Bots\..\Images\store-marker.png, 15 ms)
2026-07-22 15:08:03 [seller] FindImage: not found (C:\Users\link\Documents\GitHub\osrs-automation\Bots\..\Images\store-marker.png, 16 ms)
2026-07-22 15:08:03 [seller] FindImage: not found (C:\Users\link\Documents\GitHub\osrs-automation\Bots\..\Images\store-marker.png, 0 ms)
2026-07-22 15:08:03 [seller] FindImage: not found (C:\Users\link\Documents\GitHub\osrs-automation\Bots\..\Images\store-marker.png, 0 ms)
2026-07-22 15:08:03 [seller] FindImage: not found (C:\Users\link\Documents\GitHub\osrs-automation\Bots\..\Images\store-marker.png, 0 ms)
2026-07-22 15:08:03 [seller] FindImage: not found (C:\Users\link\Documents\GitHub\osrs-automation\Bots\..\Images\store-marker.png, 0 ms)
2026-07-22 15:08:04 [seller] FindImage: not found (C:\Users\link\Documents\GitHub\osrs-automation\Bots\..\Images\store-marker.png, 0 ms)
2026-07-22 15:08:04 [seller] FindImage: not found (C:\Users\link\Documents\GitHub\osrs-automation\Bots\..\Images\store-marker.png, 0 ms)
2026-07-22 15:08:04 [seller] FindImage: not found (C:\Users\link\Documents\GitHub\osrs-automation\Bots\..\Images\store-marker.png, 16 ms)
2026-07-22 15:08:04 [seller] FindImage: not found (C:\Users\link\Documents\GitHub\osrs-automation\Bots\..\Images\store-marker.png, 0 ms)
2026-07-22 15:08:04 [seller] FindImage: found at 761,807 (C:\Users\link\Documents\GitHub\osrs-automation\Bots\..\Images\store-marker.png, 0 ms)
2026-07-22 15:08:04 [seller] Seller: clicking inventory slot 1 at 2135,833
2026-07-22 15:08:05 [seller] Seller: waiting for store marker to close
2026-07-22 15:08:05 [seller] FindImage: not found (C:\Users\link\Documents\GitHub\osrs-automation\Bots\..\Images\store-marker.png, 15 ms)
2026-07-22 15:08:05 [seller] Seller: waiting for world-switch marker
2026-07-22 15:08:05 [seller] FindImage: not found (C:\Users\link\Documents\GitHub\osrs-automation\Bots\..\Images\world-switch-marker.png, 16 ms)
2026-07-22 15:08:05 [seller] FindImage: not found (C:\Users\link\Documents\GitHub\osrs-automation\Bots\..\Images\world-switch-marker.png, 15 ms)
2026-07-22 15:08:05 [seller] FindImage: not found (C:\Users\link\Documents\GitHub\osrs-automation\Bots\..\Images\world-switch-marker.png, 16 ms)
2026-07-22 15:08:05 [seller] FindImage: not found (C:\Users\link\Documents\GitHub\osrs-automation\Bots\..\Images\world-switch-marker.png, 15 ms)
2026-07-22 15:08:06 [seller] FindImage: not found (C:\Users\link\Documents\GitHub\osrs-automation\Bots\..\Images\world-switch-marker.png, 16 ms)
2026-07-22 15:08:06 [seller] FindImage: not found (C:\Users\link\Documents\GitHub\osrs-automation\Bots\..\Images\world-switch-marker.png, 15 ms)
2026-07-22 15:08:06 [seller] FindImage: found at 131,1190 (C:\Users\link\Documents\GitHub\osrs-automation\Bots\..\Images\world-switch-marker.png, 16 ms)
2026-07-22 15:08:06 [seller] Seller: waiting for store marker
2026-07-22 15:08:06 [seller] FindImage: not found (C:\Users\link\Documents\GitHub\osrs-automation\Bots\..\Images\store-marker.png, 0 ms)
2026-07-22 15:08:07 [seller] FindImage: not found (C:\Users\link\Documents\GitHub\osrs-automation\Bots\..\Images\store-marker.png, 16 ms)
2026-07-22 15:08:07 [seller] FindImage: not found (C:\Users\link\Documents\GitHub\osrs-automation\Bots\..\Images\store-marker.png, 16 ms)
2026-07-22 15:08:07 [seller] FindImage: not found (C:\Users\link\Documents\GitHub\osrs-automation\Bots\..\Images\store-marker.png, 16 ms)
2026-07-22 15:08:07 [seller] FindImage: not found (C:\Users\link\Documents\GitHub\osrs-automation\Bots\..\Images\store-marker.png, 16 ms)
2026-07-22 15:08:07 [seller] FindImage: not found (C:\Users\link\Documents\GitHub\osrs-automation\Bots\..\Images\store-marker.png, 16 ms)
2026-07-22 15:08:08 [seller] FindImage: not found (C:\Users\link\Documents\GitHub\osrs-automation\Bots\..\Images\store-marker.png, 16 ms)
2026-07-22 15:08:08 [seller] FindImage: not found (C:\Users\link\Documents\GitHub\osrs-automation\Bots\..\Images\store-marker.png, 16 ms)
2026-07-22 15:08:08 [seller] FindImage: not found (C:\Users\link\Documents\GitHub\osrs-automation\Bots\..\Images\store-marker.png, 16 ms)
2026-07-22 15:08:08 [seller] FindImage: not found (C:\Users\link\Documents\GitHub\osrs-automation\Bots\..\Images\store-marker.png, 16 ms)
2026-07-22 15:08:08 [seller] FindImage: not found (C:\Users\link\Documents\GitHub\osrs-automation\Bots\..\Images\store-marker.png, 0 ms)
2026-07-22 15:08:08 [seller] FindImage: not found (C:\Users\link\Documents\GitHub\osrs-automation\Bots\..\Images\store-marker.png, 16 ms)
2026-07-22 15:08:09 [seller] FindImage: not found (C:\Users\link\Documents\GitHub\osrs-automation\Bots\..\Images\store-marker.png, 15 ms)
2026-07-22 15:08:09 [seller] FindImage: not found (C:\Users\link\Documents\GitHub\osrs-automation\Bots\..\Images\store-marker.png, 16 ms)
2026-07-22 15:08:09 [seller] FindImage: not found (C:\Users\link\Documents\GitHub\osrs-automation\Bots\..\Images\store-marker.png, 15 ms)
2026-07-22 15:08:09 [seller] FindImage: not found (C:\Users\link\Documents\GitHub\osrs-automation\Bots\..\Images\store-marker.png, 16 ms)
2026-07-22 15:08:09 [seller] FindImage: not found (C:\Users\link\Documents\GitHub\osrs-automation\Bots\..\Images\store-marker.png, 15 ms)
2026-07-22 15:08:10 [seller] FindImage: not found (C:\Users\link\Documents\GitHub\osrs-automation\Bots\..\Images\store-marker.png, 16 ms)
2026-07-22 15:08:10 [seller] FindImage: not found (C:\Users\link\Documents\GitHub\osrs-automation\Bots\..\Images\store-marker.png, 15 ms)
2026-07-22 15:08:10 [seller] FindImage: not found (C:\Users\link\Documents\GitHub\osrs-automation\Bots\..\Images\store-marker.png, 0 ms)
2026-07-22 15:08:10 [seller] FindImage: not found (C:\Users\link\Documents\GitHub\osrs-automation\Bots\..\Images\store-marker.png, 15 ms)
2026-07-22 15:08:10 [seller] FindImage: not found (C:\Users\link\Documents\GitHub\osrs-automation\Bots\..\Images\store-marker.png, 16 ms)
2026-07-22 15:08:10 [seller] FindImage: not found (C:\Users\link\Documents\GitHub\osrs-automation\Bots\..\Images\store-marker.png, 15 ms)
2026-07-22 15:08:11 [seller] FindImage: not found (C:\Users\link\Documents\GitHub\osrs-automation\Bots\..\Images\store-marker.png, 0 ms)
2026-07-22 15:08:11 [seller] FindImage: not found (C:\Users\link\Documents\GitHub\osrs-automation\Bots\..\Images\store-marker.png, 0 ms)
2026-07-22 15:08:11 [seller] FindImage: not found (C:\Users\link\Documents\GitHub\osrs-automation\Bots\..\Images\store-marker.png, 15 ms)
2026-07-22 15:08:11 [seller] FindImage: not found (C:\Users\link\Documents\GitHub\osrs-automation\Bots\..\Images\store-marker.png, 16 ms)
2026-07-22 15:08:11 [seller] FindImage: not found (C:\Users\link\Documents\GitHub\osrs-automation\Bots\..\Images\store-marker.png, 15 ms)
2026-07-22 15:08:12 [seller] FindImage: not found (C:\Users\link\Documents\GitHub\osrs-automation\Bots\..\Images\store-marker.png, 16 ms)
2026-07-22 15:08:12 [seller] FindImage: not found (C:\Users\link\Documents\GitHub\osrs-automation\Bots\..\Images\store-marker.png, 15 ms)
2026-07-22 15:08:12 [seller] FindImage: not found (C:\Users\link\Documents\GitHub\osrs-automation\Bots\..\Images\store-marker.png, 16 ms)
2026-07-22 15:08:12 [seller] FindImage: not found (C:\Users\link\Documents\GitHub\osrs-automation\Bots\..\Images\store-marker.png, 15 ms)
2026-07-22 15:08:12 [seller] FindImage: not found (C:\Users\link\Documents\GitHub\osrs-automation\Bots\..\Images\store-marker.png, 16 ms)
2026-07-22 15:08:13 [seller] FindImage: not found (C:\Users\link\Documents\GitHub\osrs-automation\Bots\..\Images\store-marker.png, 15 ms)
2026-07-22 15:08:13 [seller] FindImage: not found (C:\Users\link\Documents\GitHub\osrs-automation\Bots\..\Images\store-marker.png, 16 ms)
2026-07-22 15:08:13 [seller] FindImage: not found (C:\Users\link\Documents\GitHub\osrs-automation\Bots\..\Images\store-marker.png, 15 ms)
2026-07-22 15:08:13 [seller] FindImage: not found (C:\Users\link\Documents\GitHub\osrs-automation\Bots\..\Images\store-marker.png, 16 ms)
2026-07-22 15:08:13 [seller] FindImage: found at 761,807 (C:\Users\link\Documents\GitHub\osrs-automation\Bots\..\Images\store-marker.png, 15 ms)
2026-07-22 15:08:13 [seller] Seller: clicking inventory slot 1 at 2135,833
2026-07-22 15:08:14 [seller] Seller: waiting for store marker to close
2026-07-22 15:08:14 [seller] FindImage: not found (C:\Users\link\Documents\GitHub\osrs-automation\Bots\..\Images\store-marker.png, 16 ms)
2026-07-22 15:08:14 [seller] Seller: waiting for world-switch marker
2026-07-22 15:08:14 [seller] FindImage: not found (C:\Users\link\Documents\GitHub\osrs-automation\Bots\..\Images\world-switch-marker.png, 15 ms)
2026-07-22 15:08:14 [seller] FindImage: not found (C:\Users\link\Documents\GitHub\osrs-automation\Bots\..\Images\world-switch-marker.png, 0 ms)
2026-07-22 15:08:14 [seller] FindImage: not found (C:\Users\link\Documents\GitHub\osrs-automation\Bots\..\Images\world-switch-marker.png, 0 ms)
2026-07-22 15:08:15 [seller] FindImage: not found (C:\Users\link\Documents\GitHub\osrs-automation\Bots\..\Images\world-switch-marker.png, 15 ms)
2026-07-22 15:08:15 [seller] FindImage: not found (C:\Users\link\Documents\GitHub\osrs-automation\Bots\..\Images\world-switch-marker.png, 16 ms)
2026-07-22 15:08:15 [seller] FindImage: not found (C:\Users\link\Documents\GitHub\osrs-automation\Bots\..\Images\world-switch-marker.png, 15 ms)
2026-07-22 15:08:15 [seller] FindImage: found at 131,1190 (C:\Users\link\Documents\GitHub\osrs-automation\Bots\..\Images\world-switch-marker.png, 16 ms)
2026-07-22 15:08:15 [seller] Seller: waiting for store marker
2026-07-22 15:08:15 [seller] FindImage: not found (C:\Users\link\Documents\GitHub\osrs-automation\Bots\..\Images\store-marker.png, 16 ms)
2026-07-22 15:08:16 [seller] FindImage: not found (C:\Users\link\Documents\GitHub\osrs-automation\Bots\..\Images\store-marker.png, 15 ms)
2026-07-22 15:08:16 [seller] FindImage: not found (C:\Users\link\Documents\GitHub\osrs-automation\Bots\..\Images\store-marker.png, 16 ms)
2026-07-22 15:08:16 [seller] FindImage: not found (C:\Users\link\Documents\GitHub\osrs-automation\Bots\..\Images\store-marker.png, 15 ms)
2026-07-22 15:08:16 [seller] FindImage: not found (C:\Users\link\Documents\GitHub\osrs-automation\Bots\..\Images\store-marker.png, 0 ms)
2026-07-22 15:08:16 [seller] FindImage: not found (C:\Users\link\Documents\GitHub\osrs-automation\Bots\..\Images\store-marker.png, 0 ms)
2026-07-22 15:08:17 [seller] FindImage: not found (C:\Users\link\Documents\GitHub\osrs-automation\Bots\..\Images\store-marker.png, 16 ms)
2026-07-22 15:08:17 [seller] FindImage: not found (C:\Users\link\Documents\GitHub\osrs-automation\Bots\..\Images\store-marker.png, 16 ms)
2026-07-22 15:08:17 [seller] FindImage: not found (C:\Users\link\Documents\GitHub\osrs-automation\Bots\..\Images\store-marker.png, 16 ms)
2026-07-22 15:08:17 [seller] FindImage: not found (C:\Users\link\Documents\GitHub\osrs-automation\Bots\..\Images\store-marker.png, 16 ms)
2026-07-22 15:08:17 [seller] FindImage: not found (C:\Users\link\Documents\GitHub\osrs-automation\Bots\..\Images\store-marker.png, 16 ms)
2026-07-22 15:08:18 [seller] FindImage: not found (C:\Users\link\Documents\GitHub\osrs-automation\Bots\..\Images\store-marker.png, 16 ms)
2026-07-22 15:08:18 [seller] FindImage: not found (C:\Users\link\Documents\GitHub\osrs-automation\Bots\..\Images\store-marker.png, 16 ms)
2026-07-22 15:08:18 [seller] FindImage: not found (C:\Users\link\Documents\GitHub\osrs-automation\Bots\..\Images\store-marker.png, 16 ms)
2026-07-22 15:08:18 [seller] FindImage: not found (C:\Users\link\Documents\GitHub\osrs-automation\Bots\..\Images\store-marker.png, 16 ms)
2026-07-22 15:08:18 [seller] FindImage: not found (C:\Users\link\Documents\GitHub\osrs-automation\Bots\..\Images\store-marker.png, 16 ms)
2026-07-22 15:08:18 [seller] FindImage: not found (C:\Users\link\Documents\GitHub\osrs-automation\Bots\..\Images\store-marker.png, 16 ms)
2026-07-22 15:08:19 [seller] FindImage: not found (C:\Users\link\Documents\GitHub\osrs-automation\Bots\..\Images\store-marker.png, 16 ms)
2026-07-22 15:08:19 [seller] FindImage: not found (C:\Users\link\Documents\GitHub\osrs-automation\Bots\..\Images\store-marker.png, 16 ms)
2026-07-22 15:08:19 [seller] FindImage: not found (C:\Users\link\Documents\GitHub\osrs-automation\Bots\..\Images\store-marker.png, 16 ms)
2026-07-22 15:08:19 [seller] FindImage: not found (C:\Users\link\Documents\GitHub\osrs-automation\Bots\..\Images\store-marker.png, 16 ms)
2026-07-22 15:08:19 [seller] FindImage: not found (C:\Users\link\Documents\GitHub\osrs-automation\Bots\..\Images\store-marker.png, 16 ms)
2026-07-22 15:08:20 [seller] FindImage: not found (C:\Users\link\Documents\GitHub\osrs-automation\Bots\..\Images\store-marker.png, 0 ms)
2026-07-22 15:08:20 [seller] FindImage: not found (C:\Users\link\Documents\GitHub\osrs-automation\Bots\..\Images\store-marker.png, 15 ms)
2026-07-22 15:08:20 [seller] FindImage: not found (C:\Users\link\Documents\GitHub\osrs-automation\Bots\..\Images\store-marker.png, 16 ms)
2026-07-22 15:08:20 [seller] FindImage: not found (C:\Users\link\Documents\GitHub\osrs-automation\Bots\..\Images\store-marker.png, 15 ms)
2026-07-22 15:08:20 [seller] FindImage: not found (C:\Users\link\Documents\GitHub\osrs-automation\Bots\..\Images\store-marker.png, 16 ms)
2026-07-22 15:08:20 [seller] FindImage: not found (C:\Users\link\Documents\GitHub\osrs-automation\Bots\..\Images\store-marker.png, 0 ms)
2026-07-22 15:08:21 [seller] FindImage: not found (C:\Users\link\Documents\GitHub\osrs-automation\Bots\..\Images\store-marker.png, 16 ms)
2026-07-22 15:08:21 [seller] FindImage: not found (C:\Users\link\Documents\GitHub\osrs-automation\Bots\..\Images\store-marker.png, 15 ms)
2026-07-22 15:08:21 [seller] FindImage: not found (C:\Users\link\Documents\GitHub\osrs-automation\Bots\..\Images\store-marker.png, 16 ms)
2026-07-22 15:08:21 [seller] FindImage: not found (C:\Users\link\Documents\GitHub\osrs-automation\Bots\..\Images\store-marker.png, 15 ms)
2026-07-22 15:08:21 [seller] FindImage: not found (C:\Users\link\Documents\GitHub\osrs-automation\Bots\..\Images\store-marker.png, 16 ms)
2026-07-22 15:08:22 [seller] FindImage: not found (C:\Users\link\Documents\GitHub\osrs-automation\Bots\..\Images\store-marker.png, 15 ms)
2026-07-22 15:08:22 [seller] FindImage: not found (C:\Users\link\Documents\GitHub\osrs-automation\Bots\..\Images\store-marker.png, 16 ms)
2026-07-22 15:08:22 [seller] FindImage: not found (C:\Users\link\Documents\GitHub\osrs-automation\Bots\..\Images\store-marker.png, 15 ms)
2026-07-22 15:08:22 [seller] FindImage: not found (C:\Users\link\Documents\GitHub\osrs-automation\Bots\..\Images\store-marker.png, 16 ms)
2026-07-22 15:08:22 [seller] FindImage: not found (C:\Users\link\Documents\GitHub\osrs-automation\Bots\..\Images\store-marker.png, 15 ms)
2026-07-22 15:08:23 [seller] FindImage: not found (C:\Users\link\Documents\GitHub\osrs-automation\Bots\..\Images\store-marker.png, 16 ms)
2026-07-22 15:08:23 [seller] FindImage: not found (C:\Users\link\Documents\GitHub\osrs-automation\Bots\..\Images\store-marker.png, 15 ms)
2026-07-22 15:08:23 [seller] FindImage: not found (C:\Users\link\Documents\GitHub\osrs-automation\Bots\..\Images\store-marker.png, 16 ms)
2026-07-22 15:08:23 [seller] FindImage: not found (C:\Users\link\Documents\GitHub\osrs-automation\Bots\..\Images\store-marker.png, 15 ms)
2026-07-22 15:08:23 [seller] FindImage: not found (C:\Users\link\Documents\GitHub\osrs-automation\Bots\..\Images\store-marker.png, 16 ms)
2026-07-22 15:08:23 [seller] FindImage: not found (C:\Users\link\Documents\GitHub\osrs-automation\Bots\..\Images\store-marker.png, 15 ms)
2026-07-22 15:08:24 [seller] FindImage: not found (C:\Users\link\Documents\GitHub\osrs-automation\Bots\..\Images\store-marker.png, 16 ms)
2026-07-22 15:08:24 [seller] FindImage: not found (C:\Users\link\Documents\GitHub\osrs-automation\Bots\..\Images\store-marker.png, 15 ms)
2026-07-22 15:08:24 [seller] FindImage: not found (C:\Users\link\Documents\GitHub\osrs-automation\Bots\..\Images\store-marker.png, 0 ms)
2026-07-22 15:08:24 [seller] FindImage: found at 761,807 (C:\Users\link\Documents\GitHub\osrs-automation\Bots\..\Images\store-marker.png, 15 ms)
2026-07-22 15:08:24 [seller] Seller: clicking inventory slot 1 at 2135,833
2026-07-22 15:08:25 [seller] Seller: waiting for store marker to close
2026-07-22 15:08:25 [seller] FindImage: not found (C:\Users\link\Documents\GitHub\osrs-automation\Bots\..\Images\store-marker.png, 16 ms)
2026-07-22 15:08:25 [seller] Seller: waiting for world-switch marker
2026-07-22 15:08:25 [seller] FindImage: not found (C:\Users\link\Documents\GitHub\osrs-automation\Bots\..\Images\world-switch-marker.png, 16 ms)
2026-07-22 15:08:25 [seller] FindImage: not found (C:\Users\link\Documents\GitHub\osrs-automation\Bots\..\Images\world-switch-marker.png, 15 ms)
2026-07-22 15:08:25 [seller] FindImage: not found (C:\Users\link\Documents\GitHub\osrs-automation\Bots\..\Images\world-switch-marker.png, 16 ms)
2026-07-22 15:08:26 [seller] FindImage: not found (C:\Users\link\Documents\GitHub\osrs-automation\Bots\..\Images\world-switch-marker.png, 15 ms)
2026-07-22 15:08:26 [seller] FindImage: not found (C:\Users\link\Documents\GitHub\osrs-automation\Bots\..\Images\world-switch-marker.png, 16 ms)
2026-07-22 15:08:26 [seller] FindImage: found at 131,1190 (C:\Users\link\Documents\GitHub\osrs-automation\Bots\..\Images\world-switch-marker.png, 15 ms)
2026-07-22 15:08:26 [seller] Seller: waiting for store marker
2026-07-22 15:08:26 [seller] FindImage: not found (C:\Users\link\Documents\GitHub\osrs-automation\Bots\..\Images\store-marker.png, 0 ms)
2026-07-22 15:08:26 [seller] FindImage: not found (C:\Users\link\Documents\GitHub\osrs-automation\Bots\..\Images\store-marker.png, 15 ms)
2026-07-22 15:08:27 [seller] FindImage: not found (C:\Users\link\Documents\GitHub\osrs-automation\Bots\..\Images\store-marker.png, 16 ms)
2026-07-22 15:08:27 [seller] FindImage: not found (C:\Users\link\Documents\GitHub\osrs-automation\Bots\..\Images\store-marker.png, 15 ms)
2026-07-22 15:08:27 [seller] FindImage: not found (C:\Users\link\Documents\GitHub\osrs-automation\Bots\..\Images\store-marker.png, 16 ms)
2026-07-22 15:08:27 [seller] F12 pressed - exiting

2026-07-22 15:08:42 [seller] Script loaded. F5=start sell/world-hop loop  F6=stop  F12=exit.
2026-07-22 15:08:43 [seller] Seller started
2026-07-22 15:08:43 [seller] Seller: waiting for store marker
2026-07-22 15:08:43 [seller] FindImage: found at 761,807 (C:\Users\link\Documents\GitHub\osrs-automation\Bots\..\Images\store-marker.png, 15 ms)
2026-07-22 15:08:43 [seller] Seller: clicking inventory slot 1 at 2135,833
2026-07-22 15:08:43 [seller] Seller: waiting for store marker to close
2026-07-22 15:08:43 [seller] FindImage: not found (C:\Users\link\Documents\GitHub\osrs-automation\Bots\..\Images\store-marker.png, 0 ms)
2026-07-22 15:08:44 [seller] Seller: waiting for world-switch marker
2026-07-22 15:08:44 [seller] FindImage: not found (C:\Users\link\Documents\GitHub\osrs-automation\Bots\..\Images\world-switch-marker.png, 15 ms)
2026-07-22 15:08:44 [seller] FindImage: not found (C:\Users\link\Documents\GitHub\osrs-automation\Bots\..\Images\world-switch-marker.png, 0 ms)
2026-07-22 15:08:44 [seller] FindImage: not found (C:\Users\link\Documents\GitHub\osrs-automation\Bots\..\Images\world-switch-marker.png, 16 ms)
2026-07-22 15:08:44 [seller] FindImage: not found (C:\Users\link\Documents\GitHub\osrs-automation\Bots\..\Images\world-switch-marker.png, 16 ms)
2026-07-22 15:08:44 [seller] FindImage: not found (C:\Users\link\Documents\GitHub\osrs-automation\Bots\..\Images\world-switch-marker.png, 16 ms)
2026-07-22 15:08:45 [seller] FindImage: not found (C:\Users\link\Documents\GitHub\osrs-automation\Bots\..\Images\world-switch-marker.png, 16 ms)
2026-07-22 15:08:45 [seller] FindImage: not found (C:\Users\link\Documents\GitHub\osrs-automation\Bots\..\Images\world-switch-marker.png, 16 ms)
2026-07-22 15:08:45 [seller] FindImage: found at 131,1190 (C:\Users\link\Documents\GitHub\osrs-automation\Bots\..\Images\world-switch-marker.png, 16 ms)
2026-07-22 15:08:45 [seller] Seller: waiting for store marker
2026-07-22 15:08:45 [seller] FindImage: not found (C:\Users\link\Documents\GitHub\osrs-automation\Bots\..\Images\store-marker.png, 15 ms)
2026-07-22 15:08:45 [seller] FindImage: not found (C:\Users\link\Documents\GitHub\osrs-automation\Bots\..\Images\store-marker.png, 16 ms)
2026-07-22 15:08:46 [seller] FindImage: not found (C:\Users\link\Documents\GitHub\osrs-automation\Bots\..\Images\store-marker.png, 15 ms)
2026-07-22 15:08:46 [seller] FindImage: not found (C:\Users\link\Documents\GitHub\osrs-automation\Bots\..\Images\store-marker.png, 16 ms)
2026-07-22 15:08:46 [seller] FindImage: not found (C:\Users\link\Documents\GitHub\osrs-automation\Bots\..\Images\store-marker.png, 15 ms)
2026-07-22 15:08:46 [seller] FindImage: not found (C:\Users\link\Documents\GitHub\osrs-automation\Bots\..\Images\store-marker.png, 16 ms)
2026-07-22 15:08:46 [seller] FindImage: not found (C:\Users\link\Documents\GitHub\osrs-automation\Bots\..\Images\store-marker.png, 15 ms)
2026-07-22 15:08:47 [seller] FindImage: not found (C:\Users\link\Documents\GitHub\osrs-automation\Bots\..\Images\store-marker.png, 16 ms)
2026-07-22 15:08:47 [seller] FindImage: not found (C:\Users\link\Documents\GitHub\osrs-automation\Bots\..\Images\store-marker.png, 15 ms)
2026-07-22 15:08:47 [seller] FindImage: not found (C:\Users\link\Documents\GitHub\osrs-automation\Bots\..\Images\store-marker.png, 16 ms)
2026-07-22 15:08:47 [seller] FindImage: not found (C:\Users\link\Documents\GitHub\osrs-automation\Bots\..\Images\store-marker.png, 15 ms)
2026-07-22 15:08:47 [seller] FindImage: not found (C:\Users\link\Documents\GitHub\osrs-automation\Bots\..\Images\store-marker.png, 16 ms)
2026-07-22 15:08:48 [seller] FindImage: not found (C:\Users\link\Documents\GitHub\osrs-automation\Bots\..\Images\store-marker.png, 15 ms)
2026-07-22 15:08:48 [seller] FindImage: not found (C:\Users\link\Documents\GitHub\osrs-automation\Bots\..\Images\store-marker.png, 16 ms)
2026-07-22 15:08:48 [seller] FindImage: not found (C:\Users\link\Documents\GitHub\osrs-automation\Bots\..\Images\store-marker.png, 15 ms)
2026-07-22 15:08:48 [seller] FindImage: not found (C:\Users\link\Documents\GitHub\osrs-automation\Bots\..\Images\store-marker.png, 16 ms)
2026-07-22 15:08:48 [seller] FindImage: not found (C:\Users\link\Documents\GitHub\osrs-automation\Bots\..\Images\store-marker.png, 15 ms)
2026-07-22 15:08:48 [seller] FindImage: not found (C:\Users\link\Documents\GitHub\osrs-automation\Bots\..\Images\store-marker.png, 16 ms)
2026-07-22 15:08:49 [seller] FindImage: not found (C:\Users\link\Documents\GitHub\osrs-automation\Bots\..\Images\store-marker.png, 15 ms)
2026-07-22 15:08:49 [seller] FindImage: not found (C:\Users\link\Documents\GitHub\osrs-automation\Bots\..\Images\store-marker.png, 16 ms)
2026-07-22 15:08:49 [seller] FindImage: not found (C:\Users\link\Documents\GitHub\osrs-automation\Bots\..\Images\store-marker.png, 15 ms)
2026-07-22 15:08:49 [seller] FindImage: not found (C:\Users\link\Documents\GitHub\osrs-automation\Bots\..\Images\store-marker.png, 16 ms)
2026-07-22 15:08:49 [seller] FindImage: not found (C:\Users\link\Documents\GitHub\osrs-automation\Bots\..\Images\store-marker.png, 15 ms)
2026-07-22 15:08:50 [seller] FindImage: not found (C:\Users\link\Documents\GitHub\osrs-automation\Bots\..\Images\store-marker.png, 16 ms)
2026-07-22 15:08:50 [seller] FindImage: not found (C:\Users\link\Documents\GitHub\osrs-automation\Bots\..\Images\store-marker.png, 15 ms)
2026-07-22 15:08:50 [seller] FindImage: not found (C:\Users\link\Documents\GitHub\osrs-automation\Bots\..\Images\store-marker.png, 16 ms)
2026-07-22 15:08:50 [seller] FindImage: not found (C:\Users\link\Documents\GitHub\osrs-automation\Bots\..\Images\store-marker.png, 15 ms)
2026-07-22 15:08:50 [seller] FindImage: not found (C:\Users\link\Documents\GitHub\osrs-automation\Bots\..\Images\store-marker.png, 16 ms)
2026-07-22 15:08:51 [seller] FindImage: not found (C:\Users\link\Documents\GitHub\osrs-automation\Bots\..\Images\store-marker.png, 16 ms)
2026-07-22 15:08:51 [seller] FindImage: not found (C:\Users\link\Documents\GitHub\osrs-automation\Bots\..\Images\store-marker.png, 0 ms)
2026-07-22 15:08:51 [seller] FindImage: not found (C:\Users\link\Documents\GitHub\osrs-automation\Bots\..\Images\store-marker.png, 15 ms)
2026-07-22 15:08:51 [seller] FindImage: not found (C:\Users\link\Documents\GitHub\osrs-automation\Bots\..\Images\store-marker.png, 16 ms)
2026-07-22 15:08:51 [seller] FindImage: not found (C:\Users\link\Documents\GitHub\osrs-automation\Bots\..\Images\store-marker.png, 0 ms)
2026-07-22 15:08:51 [seller] FindImage: not found (C:\Users\link\Documents\GitHub\osrs-automation\Bots\..\Images\store-marker.png, 16 ms)
2026-07-22 15:08:52 [seller] FindImage: not found (C:\Users\link\Documents\GitHub\osrs-automation\Bots\..\Images\store-marker.png, 15 ms)
2026-07-22 15:08:52 [seller] FindImage: not found (C:\Users\link\Documents\GitHub\osrs-automation\Bots\..\Images\store-marker.png, 16 ms)
2026-07-22 15:08:52 [seller] FindImage: not found (C:\Users\link\Documents\GitHub\osrs-automation\Bots\..\Images\store-marker.png, 0 ms)
2026-07-22 15:08:52 [seller] FindImage: not found (C:\Users\link\Documents\GitHub\osrs-automation\Bots\..\Images\store-marker.png, 0 ms)
2026-07-22 15:08:52 [seller] FindImage: not found (C:\Users\link\Documents\GitHub\osrs-automation\Bots\..\Images\store-marker.png, 0 ms)
2026-07-22 15:08:53 [seller] FindImage: not found (C:\Users\link\Documents\GitHub\osrs-automation\Bots\..\Images\store-marker.png, 16 ms)
2026-07-22 15:08:53 [seller] FindImage: not found (C:\Users\link\Documents\GitHub\osrs-automation\Bots\..\Images\store-marker.png, 0 ms)
2026-07-22 15:08:53 [seller] FindImage: not found (C:\Users\link\Documents\GitHub\osrs-automation\Bots\..\Images\store-marker.png, 16 ms)
2026-07-22 15:08:53 [seller] FindImage: found at 761,807 (C:\Users\link\Documents\GitHub\osrs-automation\Bots\..\Images\store-marker.png, 15 ms)
2026-07-22 15:08:53 [seller] Seller: clicking inventory slot 1 at 2135,833
2026-07-22 15:08:54 [seller] Seller: waiting for store marker to close
2026-07-22 15:08:54 [seller] FindImage: not found (C:\Users\link\Documents\GitHub\osrs-automation\Bots\..\Images\store-marker.png, 0 ms)
2026-07-22 15:08:54 [seller] Seller: waiting for world-switch marker
2026-07-22 15:08:54 [seller] FindImage: not found (C:\Users\link\Documents\GitHub\osrs-automation\Bots\..\Images\world-switch-marker.png, 15 ms)
2026-07-22 15:08:54 [seller] FindImage: not found (C:\Users\link\Documents\GitHub\osrs-automation\Bots\..\Images\world-switch-marker.png, 16 ms)
2026-07-22 15:08:54 [seller] FindImage: not found (C:\Users\link\Documents\GitHub\osrs-automation\Bots\..\Images\world-switch-marker.png, 15 ms)
2026-07-22 15:08:54 [seller] FindImage: not found (C:\Users\link\Documents\GitHub\osrs-automation\Bots\..\Images\world-switch-marker.png, 0 ms)
2026-07-22 15:08:55 [seller] FindImage: not found (C:\Users\link\Documents\GitHub\osrs-automation\Bots\..\Images\world-switch-marker.png, 0 ms)
2026-07-22 15:08:55 [seller] FindImage: not found (C:\Users\link\Documents\GitHub\osrs-automation\Bots\..\Images\world-switch-marker.png, 15 ms)
2026-07-22 15:08:55 [seller] FindImage: found at 131,1190 (C:\Users\link\Documents\GitHub\osrs-automation\Bots\..\Images\world-switch-marker.png, 0 ms)
2026-07-22 15:08:55 [seller] Seller: waiting for store marker
2026-07-22 15:08:55 [seller] FindImage: not found (C:\Users\link\Documents\GitHub\osrs-automation\Bots\..\Images\store-marker.png, 15 ms)
2026-07-22 15:08:55 [seller] FindImage: not found (C:\Users\link\Documents\GitHub\osrs-automation\Bots\..\Images\store-marker.png, 0 ms)
2026-07-22 15:08:56 [seller] FindImage: not found (C:\Users\link\Documents\GitHub\osrs-automation\Bots\..\Images\store-marker.png, 0 ms)
2026-07-22 15:08:56 [seller] FindImage: not found (C:\Users\link\Documents\GitHub\osrs-automation\Bots\..\Images\store-marker.png, 0 ms)
2026-07-22 15:08:56 [seller] FindImage: not found (C:\Users\link\Documents\GitHub\osrs-automation\Bots\..\Images\store-marker.png, 15 ms)
2026-07-22 15:08:56 [seller] FindImage: not found (C:\Users\link\Documents\GitHub\osrs-automation\Bots\..\Images\store-marker.png, 0 ms)
2026-07-22 15:08:56 [seller] FindImage: not found (C:\Users\link\Documents\GitHub\osrs-automation\Bots\..\Images\store-marker.png, 0 ms)
2026-07-22 15:08:57 [seller] FindImage: not found (C:\Users\link\Documents\GitHub\osrs-automation\Bots\..\Images\store-marker.png, 0 ms)
2026-07-22 15:08:57 [seller] FindImage: not found (C:\Users\link\Documents\GitHub\osrs-automation\Bots\..\Images\store-marker.png, 0 ms)
2026-07-22 15:08:57 [seller] FindImage: not found (C:\Users\link\Documents\GitHub\osrs-automation\Bots\..\Images\store-marker.png, 16 ms)
2026-07-22 15:08:57 [seller] FindImage: not found (C:\Users\link\Documents\GitHub\osrs-automation\Bots\..\Images\store-marker.png, 16 ms)
2026-07-22 15:08:57 [seller] FindImage: not found (C:\Users\link\Documents\GitHub\osrs-automation\Bots\..\Images\store-marker.png, 16 ms)
2026-07-22 15:08:57 [seller] FindImage: not found (C:\Users\link\Documents\GitHub\osrs-automation\Bots\..\Images\store-marker.png, 16 ms)
2026-07-22 15:08:58 [seller] FindImage: not found (C:\Users\link\Documents\GitHub\osrs-automation\Bots\..\Images\store-marker.png, 16 ms)
2026-07-22 15:08:58 [seller] FindImage: not found (C:\Users\link\Documents\GitHub\osrs-automation\Bots\..\Images\store-marker.png, 16 ms)
2026-07-22 15:08:58 [seller] FindImage: not found (C:\Users\link\Documents\GitHub\osrs-automation\Bots\..\Images\store-marker.png, 16 ms)
2026-07-22 15:08:58 [seller] FindImage: not found (C:\Users\link\Documents\GitHub\osrs-automation\Bots\..\Images\store-marker.png, 16 ms)
2026-07-22 15:08:58 [seller] FindImage: not found (C:\Users\link\Documents\GitHub\osrs-automation\Bots\..\Images\store-marker.png, 16 ms)
2026-07-22 15:08:59 [seller] FindImage: not found (C:\Users\link\Documents\GitHub\osrs-automation\Bots\..\Images\store-marker.png, 16 ms)
2026-07-22 15:08:59 [seller] FindImage: not found (C:\Users\link\Documents\GitHub\osrs-automation\Bots\..\Images\store-marker.png, 16 ms)
2026-07-22 15:08:59 [seller] FindImage: not found (C:\Users\link\Documents\GitHub\osrs-automation\Bots\..\Images\store-marker.png, 16 ms)
2026-07-22 15:08:59 [seller] FindImage: not found (C:\Users\link\Documents\GitHub\osrs-automation\Bots\..\Images\store-marker.png, 16 ms)
2026-07-22 15:08:59 [seller] FindImage: not found (C:\Users\link\Documents\GitHub\osrs-automation\Bots\..\Images\store-marker.png, 16 ms)
2026-07-22 15:09:00 [seller] FindImage: not found (C:\Users\link\Documents\GitHub\osrs-automation\Bots\..\Images\store-marker.png, 16 ms)
2026-07-22 15:09:00 [seller] FindImage: not found (C:\Users\link\Documents\GitHub\osrs-automation\Bots\..\Images\store-marker.png, 16 ms)
2026-07-22 15:09:00 [seller] FindImage: not found (C:\Users\link\Documents\GitHub\osrs-automation\Bots\..\Images\store-marker.png, 16 ms)
2026-07-22 15:09:00 [seller] FindImage: not found (C:\Users\link\Documents\GitHub\osrs-automation\Bots\..\Images\store-marker.png, 16 ms)
2026-07-22 15:09:00 [seller] FindImage: not found (C:\Users\link\Documents\GitHub\osrs-automation\Bots\..\Images\store-marker.png, 16 ms)
2026-07-22 15:09:00 [seller] FindImage: not found (C:\Users\link\Documents\GitHub\osrs-automation\Bots\..\Images\store-marker.png, 16 ms)
2026-07-22 15:09:01 [seller] FindImage: not found (C:\Users\link\Documents\GitHub\osrs-automation\Bots\..\Images\store-marker.png, 16 ms)
2026-07-22 15:09:01 [seller] FindImage: not found (C:\Users\link\Documents\GitHub\osrs-automation\Bots\..\Images\store-marker.png, 16 ms)
2026-07-22 15:09:01 [seller] FindImage: not found (C:\Users\link\Documents\GitHub\osrs-automation\Bots\..\Images\store-marker.png, 16 ms)
2026-07-22 15:09:01 [seller] FindImage: not found (C:\Users\link\Documents\GitHub\osrs-automation\Bots\..\Images\store-marker.png, 16 ms)
2026-07-22 15:09:01 [seller] FindImage: not found (C:\Users\link\Documents\GitHub\osrs-automation\Bots\..\Images\store-marker.png, 16 ms)
2026-07-22 15:09:02 [seller] FindImage: not found (C:\Users\link\Documents\GitHub\osrs-automation\Bots\..\Images\store-marker.png, 16 ms)
2026-07-22 15:09:02 [seller] FindImage: not found (C:\Users\link\Documents\GitHub\osrs-automation\Bots\..\Images\store-marker.png, 16 ms)
2026-07-22 15:09:02 [seller] FindImage: not found (C:\Users\link\Documents\GitHub\osrs-automation\Bots\..\Images\store-marker.png, 16 ms)
2026-07-22 15:09:02 [seller] FindImage: not found (C:\Users\link\Documents\GitHub\osrs-automation\Bots\..\Images\store-marker.png, 0 ms)
2026-07-22 15:09:02 [seller] FindImage: not found (C:\Users\link\Documents\GitHub\osrs-automation\Bots\..\Images\store-marker.png, 0 ms)
2026-07-22 15:09:02 [seller] FindImage: not found (C:\Users\link\Documents\GitHub\osrs-automation\Bots\..\Images\store-marker.png, 0 ms)
2026-07-22 15:09:03 [seller] FindImage: not found (C:\Users\link\Documents\GitHub\osrs-automation\Bots\..\Images\store-marker.png, 0 ms)
2026-07-22 15:09:03 [seller] FindImage: found at 761,807 (C:\Users\link\Documents\GitHub\osrs-automation\Bots\..\Images\store-marker.png, 0 ms)
2026-07-22 15:09:03 [seller] Seller: clicking inventory slot 1 at 2135,833
2026-07-22 15:09:03 [seller] Seller: waiting for store marker to close
2026-07-22 15:09:03 [seller] FindImage: not found (C:\Users\link\Documents\GitHub\osrs-automation\Bots\..\Images\store-marker.png, 16 ms)
2026-07-22 15:09:04 [seller] Seller: waiting for world-switch marker
2026-07-22 15:09:04 [seller] FindImage: not found (C:\Users\link\Documents\GitHub\osrs-automation\Bots\..\Images\world-switch-marker.png, 16 ms)
2026-07-22 15:09:04 [seller] FindImage: not found (C:\Users\link\Documents\GitHub\osrs-automation\Bots\..\Images\world-switch-marker.png, 0 ms)
2026-07-22 15:09:04 [seller] FindImage: not found (C:\Users\link\Documents\GitHub\osrs-automation\Bots\..\Images\world-switch-marker.png, 15 ms)
2026-07-22 15:09:04 [seller] FindImage: not found (C:\Users\link\Documents\GitHub\osrs-automation\Bots\..\Images\world-switch-marker.png, 0 ms)
2026-07-22 15:09:04 [seller] FindImage: not found (C:\Users\link\Documents\GitHub\osrs-automation\Bots\..\Images\world-switch-marker.png, 16 ms)
2026-07-22 15:09:04 [seller] FindImage: not found (C:\Users\link\Documents\GitHub\osrs-automation\Bots\..\Images\world-switch-marker.png, 15 ms)
2026-07-22 15:09:05 [seller] FindImage: found at 131,1190 (C:\Users\link\Documents\GitHub\osrs-automation\Bots\..\Images\world-switch-marker.png, 16 ms)
2026-07-22 15:09:05 [seller] Seller: waiting for store marker
2026-07-22 15:09:05 [seller] FindImage: not found (C:\Users\link\Documents\GitHub\osrs-automation\Bots\..\Images\store-marker.png, 15 ms)
2026-07-22 15:09:05 [seller] FindImage: not found (C:\Users\link\Documents\GitHub\osrs-automation\Bots\..\Images\store-marker.png, 16 ms)
2026-07-22 15:09:05 [seller] FindImage: not found (C:\Users\link\Documents\GitHub\osrs-automation\Bots\..\Images\store-marker.png, 15 ms)
2026-07-22 15:09:06 [seller] FindImage: not found (C:\Users\link\Documents\GitHub\osrs-automation\Bots\..\Images\store-marker.png, 16 ms)
2026-07-22 15:09:06 [seller] FindImage: not found (C:\Users\link\Documents\GitHub\osrs-automation\Bots\..\Images\store-marker.png, 15 ms)
2026-07-22 15:09:06 [seller] FindImage: not found (C:\Users\link\Documents\GitHub\osrs-automation\Bots\..\Images\store-marker.png, 16 ms)
2026-07-22 15:09:06 [seller] FindImage: not found (C:\Users\link\Documents\GitHub\osrs-automation\Bots\..\Images\store-marker.png, 15 ms)
2026-07-22 15:09:06 [seller] FindImage: not found (C:\Users\link\Documents\GitHub\osrs-automation\Bots\..\Images\store-marker.png, 16 ms)
2026-07-22 15:09:06 [seller] FindImage: not found (C:\Users\link\Documents\GitHub\osrs-automation\Bots\..\Images\store-marker.png, 15 ms)
2026-07-22 15:09:07 [seller] FindImage: not found (C:\Users\link\Documents\GitHub\osrs-automation\Bots\..\Images\store-marker.png, 16 ms)
2026-07-22 15:09:07 [seller] FindImage: not found (C:\Users\link\Documents\GitHub\osrs-automation\Bots\..\Images\store-marker.png, 15 ms)
2026-07-22 15:09:07 [seller] FindImage: not found (C:\Users\link\Documents\GitHub\osrs-automation\Bots\..\Images\store-marker.png, 16 ms)
2026-07-22 15:09:07 [seller] FindImage: not found (C:\Users\link\Documents\GitHub\osrs-automation\Bots\..\Images\store-marker.png, 15 ms)
2026-07-22 15:09:07 [seller] FindImage: not found (C:\Users\link\Documents\GitHub\osrs-automation\Bots\..\Images\store-marker.png, 16 ms)
2026-07-22 15:09:08 [seller] FindImage: not found (C:\Users\link\Documents\GitHub\osrs-automation\Bots\..\Images\store-marker.png, 15 ms)
2026-07-22 15:09:08 [seller] FindImage: not found (C:\Users\link\Documents\GitHub\osrs-automation\Bots\..\Images\store-marker.png, 16 ms)
2026-07-22 15:09:08 [seller] FindImage: not found (C:\Users\link\Documents\GitHub\osrs-automation\Bots\..\Images\store-marker.png, 15 ms)
2026-07-22 15:09:08 [seller] FindImage: not found (C:\Users\link\Documents\GitHub\osrs-automation\Bots\..\Images\store-marker.png, 16 ms)
2026-07-22 15:09:08 [seller] FindImage: not found (C:\Users\link\Documents\GitHub\osrs-automation\Bots\..\Images\store-marker.png, 15 ms)
2026-07-22 15:09:09 [seller] FindImage: not found (C:\Users\link\Documents\GitHub\osrs-automation\Bots\..\Images\store-marker.png, 16 ms)
2026-07-22 15:09:09 [seller] FindImage: not found (C:\Users\link\Documents\GitHub\osrs-automation\Bots\..\Images\store-marker.png, 15 ms)
2026-07-22 15:09:09 [seller] FindImage: not found (C:\Users\link\Documents\GitHub\osrs-automation\Bots\..\Images\store-marker.png, 16 ms)
2026-07-22 15:09:09 [seller] FindImage: not found (C:\Users\link\Documents\GitHub\osrs-automation\Bots\..\Images\store-marker.png, 15 ms)
2026-07-22 15:09:09 [seller] FindImage: not found (C:\Users\link\Documents\GitHub\osrs-automation\Bots\..\Images\store-marker.png, 16 ms)
2026-07-22 15:09:09 [seller] FindImage: not found (C:\Users\link\Documents\GitHub\osrs-automation\Bots\..\Images\store-marker.png, 15 ms)
2026-07-22 15:09:10 [seller] FindImage: not found (C:\Users\link\Documents\GitHub\osrs-automation\Bots\..\Images\store-marker.png, 16 ms)
2026-07-22 15:09:10 [seller] FindImage: not found (C:\Users\link\Documents\GitHub\osrs-automation\Bots\..\Images\store-marker.png, 15 ms)
2026-07-22 15:09:10 [seller] FindImage: not found (C:\Users\link\Documents\GitHub\osrs-automation\Bots\..\Images\store-marker.png, 16 ms)
2026-07-22 15:09:10 [seller] FindImage: not found (C:\Users\link\Documents\GitHub\osrs-automation\Bots\..\Images\store-marker.png, 15 ms)
2026-07-22 15:09:10 [seller] FindImage: not found (C:\Users\link\Documents\GitHub\osrs-automation\Bots\..\Images\store-marker.png, 16 ms)
2026-07-22 15:09:11 [seller] FindImage: not found (C:\Users\link\Documents\GitHub\osrs-automation\Bots\..\Images\store-marker.png, 15 ms)
2026-07-22 15:09:11 [seller] FindImage: not found (C:\Users\link\Documents\GitHub\osrs-automation\Bots\..\Images\store-marker.png, 16 ms)
2026-07-22 15:09:11 [seller] FindImage: not found (C:\Users\link\Documents\GitHub\osrs-automation\Bots\..\Images\store-marker.png, 0 ms)
2026-07-22 15:09:11 [seller] FindImage: not found (C:\Users\link\Documents\GitHub\osrs-automation\Bots\..\Images\store-marker.png, 0 ms)
2026-07-22 15:09:11 [seller] FindImage: not found (C:\Users\link\Documents\GitHub\osrs-automation\Bots\..\Images\store-marker.png, 0 ms)
2026-07-22 15:09:11 [seller] FindImage: not found (C:\Users\link\Documents\GitHub\osrs-automation\Bots\..\Images\store-marker.png, 0 ms)
2026-07-22 15:09:12 [seller] FindImage: not found (C:\Users\link\Documents\GitHub\osrs-automation\Bots\..\Images\store-marker.png, 16 ms)
2026-07-22 15:09:12 [seller] FindImage: not found (C:\Users\link\Documents\GitHub\osrs-automation\Bots\..\Images\store-marker.png, 15 ms)
2026-07-22 15:09:12 [seller] FindImage: not found (C:\Users\link\Documents\GitHub\osrs-automation\Bots\..\Images\store-marker.png, 0 ms)
2026-07-22 15:09:12 [seller] FindImage: not found (C:\Users\link\Documents\GitHub\osrs-automation\Bots\..\Images\store-marker.png, 0 ms)
2026-07-22 15:09:12 [seller] FindImage: not found (C:\Users\link\Documents\GitHub\osrs-automation\Bots\..\Images\store-marker.png, 0 ms)
2026-07-22 15:09:13 [seller] FindImage: not found (C:\Users\link\Documents\GitHub\osrs-automation\Bots\..\Images\store-marker.png, 16 ms)
2026-07-22 15:09:13 [seller] FindImage: not found (C:\Users\link\Documents\GitHub\osrs-automation\Bots\..\Images\store-marker.png, 0 ms)
2026-07-22 15:09:13 [seller] FindImage: not found (C:\Users\link\Documents\GitHub\osrs-automation\Bots\..\Images\store-marker.png, 15 ms)
2026-07-22 15:09:13 [seller] FindImage: not found (C:\Users\link\Documents\GitHub\osrs-automation\Bots\..\Images\store-marker.png, 16 ms)
2026-07-22 15:09:13 [seller] FindImage: not found (C:\Users\link\Documents\GitHub\osrs-automation\Bots\..\Images\store-marker.png, 15 ms)
2026-07-22 15:09:14 [seller] FindImage: not found (C:\Users\link\Documents\GitHub\osrs-automation\Bots\..\Images\store-marker.png, 16 ms)
2026-07-22 15:09:14 [seller] FindImage: not found (C:\Users\link\Documents\GitHub\osrs-automation\Bots\..\Images\store-marker.png, 15 ms)
2026-07-22 15:09:14 [seller] FindImage: found at 761,807 (C:\Users\link\Documents\GitHub\osrs-automation\Bots\..\Images\store-marker.png, 0 ms)
2026-07-22 15:09:14 [seller] Seller: clicking inventory slot 1 at 2135,833
2026-07-22 15:09:14 [seller] Seller: waiting for store marker to close
2026-07-22 15:09:14 [seller] FindImage: not found (C:\Users\link\Documents\GitHub\osrs-automation\Bots\..\Images\store-marker.png, 16 ms)
2026-07-22 15:09:15 [seller] Seller: waiting for world-switch marker
2026-07-22 15:09:15 [seller] FindImage: not found (C:\Users\link\Documents\GitHub\osrs-automation\Bots\..\Images\world-switch-marker.png, 15 ms)
2026-07-22 15:09:15 [seller] FindImage: not found (C:\Users\link\Documents\GitHub\osrs-automation\Bots\..\Images\world-switch-marker.png, 16 ms)
2026-07-22 15:09:15 [seller] FindImage: not found (C:\Users\link\Documents\GitHub\osrs-automation\Bots\..\Images\world-switch-marker.png, 15 ms)
2026-07-22 15:09:15 [seller] FindImage: not found (C:\Users\link\Documents\GitHub\osrs-automation\Bots\..\Images\world-switch-marker.png, 16 ms)
2026-07-22 15:09:15 [seller] FindImage: not found (C:\Users\link\Documents\GitHub\osrs-automation\Bots\..\Images\world-switch-marker.png, 15 ms)
2026-07-22 15:09:15 [seller] FindImage: not found (C:\Users\link\Documents\GitHub\osrs-automation\Bots\..\Images\world-switch-marker.png, 16 ms)
2026-07-22 15:09:16 [seller] FindImage: found at 131,1190 (C:\Users\link\Documents\GitHub\osrs-automation\Bots\..\Images\world-switch-marker.png, 0 ms)
2026-07-22 15:09:16 [seller] Seller: waiting for store marker
2026-07-22 15:09:16 [seller] FindImage: not found (C:\Users\link\Documents\GitHub\osrs-automation\Bots\..\Images\store-marker.png, 16 ms)
2026-07-22 15:09:16 [seller] FindImage: not found (C:\Users\link\Documents\GitHub\osrs-automation\Bots\..\Images\store-marker.png, 0 ms)
2026-07-22 15:09:16 [seller] FindImage: not found (C:\Users\link\Documents\GitHub\osrs-automation\Bots\..\Images\store-marker.png, 0 ms)
2026-07-22 15:09:17 [seller] FindImage: not found (C:\Users\link\Documents\GitHub\osrs-automation\Bots\..\Images\store-marker.png, 15 ms)
2026-07-22 15:09:17 [seller] FindImage: not found (C:\Users\link\Documents\GitHub\osrs-automation\Bots\..\Images\store-marker.png, 16 ms)
2026-07-22 15:09:17 [seller] FindImage: not found (C:\Users\link\Documents\GitHub\osrs-automation\Bots\..\Images\store-marker.png, 15 ms)
2026-07-22 15:09:17 [seller] FindImage: not found (C:\Users\link\Documents\GitHub\osrs-automation\Bots\..\Images\store-marker.png, 16 ms)
2026-07-22 15:09:17 [seller] FindImage: not found (C:\Users\link\Documents\GitHub\osrs-automation\Bots\..\Images\store-marker.png, 15 ms)
2026-07-22 15:09:17 [seller] FindImage: not found (C:\Users\link\Documents\GitHub\osrs-automation\Bots\..\Images\store-marker.png, 16 ms)
2026-07-22 15:09:18 [seller] FindImage: not found (C:\Users\link\Documents\GitHub\osrs-automation\Bots\..\Images\store-marker.png, 15 ms)
2026-07-22 15:09:18 [seller] FindImage: not found (C:\Users\link\Documents\GitHub\osrs-automation\Bots\..\Images\store-marker.png, 16 ms)
2026-07-22 15:09:18 [seller] FindImage: not found (C:\Users\link\Documents\GitHub\osrs-automation\Bots\..\Images\store-marker.png, 15 ms)
2026-07-22 15:09:18 [seller] FindImage: not found (C:\Users\link\Documents\GitHub\osrs-automation\Bots\..\Images\store-marker.png, 16 ms)
2026-07-22 15:09:18 [seller] FindImage: not found (C:\Users\link\Documents\GitHub\osrs-automation\Bots\..\Images\store-marker.png, 15 ms)
2026-07-22 15:09:19 [seller] FindImage: not found (C:\Users\link\Documents\GitHub\osrs-automation\Bots\..\Images\store-marker.png, 16 ms)
2026-07-22 15:09:19 [seller] FindImage: not found (C:\Users\link\Documents\GitHub\osrs-automation\Bots\..\Images\store-marker.png, 15 ms)
2026-07-22 15:09:19 [seller] FindImage: not found (C:\Users\link\Documents\GitHub\osrs-automation\Bots\..\Images\store-marker.png, 16 ms)
2026-07-22 15:09:19 [seller] FindImage: not found (C:\Users\link\Documents\GitHub\osrs-automation\Bots\..\Images\store-marker.png, 15 ms)
2026-07-22 15:09:19 [seller] FindImage: not found (C:\Users\link\Documents\GitHub\osrs-automation\Bots\..\Images\store-marker.png, 0 ms)
2026-07-22 15:09:20 [seller] FindImage: not found (C:\Users\link\Documents\GitHub\osrs-automation\Bots\..\Images\store-marker.png, 0 ms)
2026-07-22 15:09:20 [seller] FindImage: not found (C:\Users\link\Documents\GitHub\osrs-automation\Bots\..\Images\store-marker.png, 0 ms)
2026-07-22 15:09:20 [seller] FindImage: not found (C:\Users\link\Documents\GitHub\osrs-automation\Bots\..\Images\store-marker.png, 0 ms)
2026-07-22 15:09:20 [seller] FindImage: not found (C:\Users\link\Documents\GitHub\osrs-automation\Bots\..\Images\store-marker.png, 0 ms)
2026-07-22 15:09:20 [seller] FindImage: not found (C:\Users\link\Documents\GitHub\osrs-automation\Bots\..\Images\store-marker.png, 15 ms)
2026-07-22 15:09:20 [seller] FindImage: not found (C:\Users\link\Documents\GitHub\osrs-automation\Bots\..\Images\store-marker.png, 16 ms)
2026-07-22 15:09:21 [seller] FindImage: not found (C:\Users\link\Documents\GitHub\osrs-automation\Bots\..\Images\store-marker.png, 15 ms)
2026-07-22 15:09:21 [seller] FindImage: not found (C:\Users\link\Documents\GitHub\osrs-automation\Bots\..\Images\store-marker.png, 16 ms)
2026-07-22 15:09:21 [seller] FindImage: not found (C:\Users\link\Documents\GitHub\osrs-automation\Bots\..\Images\store-marker.png, 0 ms)
2026-07-22 15:09:21 [seller] FindImage: not found (C:\Users\link\Documents\GitHub\osrs-automation\Bots\..\Images\store-marker.png, 0 ms)
2026-07-22 15:09:21 [seller] FindImage: not found (C:\Users\link\Documents\GitHub\osrs-automation\Bots\..\Images\store-marker.png, 16 ms)
2026-07-22 15:09:21 [seller] FindImage: not found (C:\Users\link\Documents\GitHub\osrs-automation\Bots\..\Images\store-marker.png, 15 ms)
2026-07-22 15:09:22 [seller] FindImage: not found (C:\Users\link\Documents\GitHub\osrs-automation\Bots\..\Images\store-marker.png, 0 ms)
2026-07-22 15:09:22 [seller] FindImage: not found (C:\Users\link\Documents\GitHub\osrs-automation\Bots\..\Images\store-marker.png, 15 ms)
2026-07-22 15:09:22 [seller] FindImage: not found (C:\Users\link\Documents\GitHub\osrs-automation\Bots\..\Images\store-marker.png, 16 ms)
2026-07-22 15:09:22 [seller] FindImage: not found (C:\Users\link\Documents\GitHub\osrs-automation\Bots\..\Images\store-marker.png, 0 ms)
2026-07-22 15:09:22 [seller] FindImage: not found (C:\Users\link\Documents\GitHub\osrs-automation\Bots\..\Images\store-marker.png, 0 ms)
2026-07-22 15:09:23 [seller] FindImage: not found (C:\Users\link\Documents\GitHub\osrs-automation\Bots\..\Images\store-marker.png, 16 ms)
2026-07-22 15:09:23 [seller] FindImage: not found (C:\Users\link\Documents\GitHub\osrs-automation\Bots\..\Images\store-marker.png, 15 ms)
2026-07-22 15:09:23 [seller] FindImage: not found (C:\Users\link\Documents\GitHub\osrs-automation\Bots\..\Images\store-marker.png, 16 ms)
2026-07-22 15:09:23 [seller] FindImage: not found (C:\Users\link\Documents\GitHub\osrs-automation\Bots\..\Images\store-marker.png, 15 ms)
2026-07-22 15:09:23 [seller] FindImage: not found (C:\Users\link\Documents\GitHub\osrs-automation\Bots\..\Images\store-marker.png, 16 ms)
2026-07-22 15:09:24 [seller] FindImage: not found (C:\Users\link\Documents\GitHub\osrs-automation\Bots\..\Images\store-marker.png, 15 ms)
2026-07-22 15:09:24 [seller] FindImage: not found (C:\Users\link\Documents\GitHub\osrs-automation\Bots\..\Images\store-marker.png, 16 ms)
2026-07-22 15:09:24 [seller] FindImage: not found (C:\Users\link\Documents\GitHub\osrs-automation\Bots\..\Images\store-marker.png, 15 ms)
2026-07-22 15:09:24 [seller] FindImage: not found (C:\Users\link\Documents\GitHub\osrs-automation\Bots\..\Images\store-marker.png, 0 ms)
2026-07-22 15:09:24 [seller] FindImage: not found (C:\Users\link\Documents\GitHub\osrs-automation\Bots\..\Images\store-marker.png, 0 ms)
2026-07-22 15:09:24 [seller] FindImage: not found (C:\Users\link\Documents\GitHub\osrs-automation\Bots\..\Images\store-marker.png, 0 ms)
2026-07-22 15:09:25 [seller] FindImage: not found (C:\Users\link\Documents\GitHub\osrs-automation\Bots\..\Images\store-marker.png, 0 ms)
2026-07-22 15:09:25 [seller] FindImage: not found (C:\Users\link\Documents\GitHub\osrs-automation\Bots\..\Images\store-marker.png, 15 ms)
2026-07-22 15:09:25 [seller] FindImage: not found (C:\Users\link\Documents\GitHub\osrs-automation\Bots\..\Images\store-marker.png, 16 ms)
2026-07-22 15:09:25 [seller] FindImage: not found (C:\Users\link\Documents\GitHub\osrs-automation\Bots\..\Images\store-marker.png, 15 ms)
2026-07-22 15:09:25 [seller] FindImage: not found (C:\Users\link\Documents\GitHub\osrs-automation\Bots\..\Images\store-marker.png, 16 ms)
2026-07-22 15:09:26 [seller] FindImage: not found (C:\Users\link\Documents\GitHub\osrs-automation\Bots\..\Images\store-marker.png, 15 ms)
2026-07-22 15:09:26 [seller] FindImage: not found (C:\Users\link\Documents\GitHub\osrs-automation\Bots\..\Images\store-marker.png, 16 ms)
2026-07-22 15:09:26 [seller] FindImage: not found (C:\Users\link\Documents\GitHub\osrs-automation\Bots\..\Images\store-marker.png, 15 ms)
2026-07-22 15:09:26 [seller] FindImage: not found (C:\Users\link\Documents\GitHub\osrs-automation\Bots\..\Images\store-marker.png, 16 ms)
2026-07-22 15:09:26 [seller] FindImage: not found (C:\Users\link\Documents\GitHub\osrs-automation\Bots\..\Images\store-marker.png, 15 ms)
2026-07-22 15:09:26 [seller] FindImage: not found (C:\Users\link\Documents\GitHub\osrs-automation\Bots\..\Images\store-marker.png, 16 ms)
2026-07-22 15:09:27 [seller] FindImage: not found (C:\Users\link\Documents\GitHub\osrs-automation\Bots\..\Images\store-marker.png, 15 ms)
2026-07-22 15:09:27 [seller] FindImage: not found (C:\Users\link\Documents\GitHub\osrs-automation\Bots\..\Images\store-marker.png, 16 ms)
2026-07-22 15:09:27 [seller] FindImage: not found (C:\Users\link\Documents\GitHub\osrs-automation\Bots\..\Images\store-marker.png, 15 ms)
2026-07-22 15:09:27 [seller] FindImage: not found (C:\Users\link\Documents\GitHub\osrs-automation\Bots\..\Images\store-marker.png, 16 ms)
2026-07-22 15:09:27 [seller] FindImage: not found (C:\Users\link\Documents\GitHub\osrs-automation\Bots\..\Images\store-marker.png, 15 ms)
2026-07-22 15:09:28 [seller] FindImage: not found (C:\Users\link\Documents\GitHub\osrs-automation\Bots\..\Images\store-marker.png, 16 ms)
2026-07-22 15:09:28 [seller] FindImage: not found (C:\Users\link\Documents\GitHub\osrs-automation\Bots\..\Images\store-marker.png, 15 ms)
2026-07-22 15:09:28 [seller] FindImage: not found (C:\Users\link\Documents\GitHub\osrs-automation\Bots\..\Images\store-marker.png, 16 ms)
2026-07-22 15:09:28 [seller] FindImage: not found (C:\Users\link\Documents\GitHub\osrs-automation\Bots\..\Images\store-marker.png, 15 ms)
2026-07-22 15:09:28 [seller] FindImage: not found (C:\Users\link\Documents\GitHub\osrs-automation\Bots\..\Images\store-marker.png, 16 ms)
2026-07-22 15:09:29 [seller] FindImage: not found (C:\Users\link\Documents\GitHub\osrs-automation\Bots\..\Images\store-marker.png, 15 ms)
2026-07-22 15:09:29 [seller] FindImage: not found (C:\Users\link\Documents\GitHub\osrs-automation\Bots\..\Images\store-marker.png, 16 ms)
2026-07-22 15:09:29 [seller] FindImage: not found (C:\Users\link\Documents\GitHub\osrs-automation\Bots\..\Images\store-marker.png, 15 ms)
2026-07-22 15:09:29 [seller] FindImage: not found (C:\Users\link\Documents\GitHub\osrs-automation\Bots\..\Images\store-marker.png, 16 ms)
2026-07-22 15:09:29 [seller] FindImage: not found (C:\Users\link\Documents\GitHub\osrs-automation\Bots\..\Images\store-marker.png, 15 ms)
2026-07-22 15:09:29 [seller] FindImage: not found (C:\Users\link\Documents\GitHub\osrs-automation\Bots\..\Images\store-marker.png, 16 ms)
2026-07-22 15:09:30 [seller] FindImage: not found (C:\Users\link\Documents\GitHub\osrs-automation\Bots\..\Images\store-marker.png, 15 ms)
2026-07-22 15:09:30 [seller] FindImage: not found (C:\Users\link\Documents\GitHub\osrs-automation\Bots\..\Images\store-marker.png, 16 ms)
2026-07-22 15:09:30 [seller] FindImage: not found (C:\Users\link\Documents\GitHub\osrs-automation\Bots\..\Images\store-marker.png, 15 ms)
2026-07-22 15:09:30 [seller] FindImage: not found (C:\Users\link\Documents\GitHub\osrs-automation\Bots\..\Images\store-marker.png, 16 ms)
2026-07-22 15:09:30 [seller] FindImage: not found (C:\Users\link\Documents\GitHub\osrs-automation\Bots\..\Images\store-marker.png, 15 ms)
2026-07-22 15:09:31 [seller] FindImage: not found (C:\Users\link\Documents\GitHub\osrs-automation\Bots\..\Images\store-marker.png, 16 ms)
2026-07-22 15:09:31 [seller] FindImage: not found (C:\Users\link\Documents\GitHub\osrs-automation\Bots\..\Images\store-marker.png, 15 ms)
2026-07-22 15:09:31 [seller] FindImage: not found (C:\Users\link\Documents\GitHub\osrs-automation\Bots\..\Images\store-marker.png, 16 ms)
2026-07-22 15:09:31 [seller] FindImage: not found (C:\Users\link\Documents\GitHub\osrs-automation\Bots\..\Images\store-marker.png, 15 ms)
2026-07-22 15:09:31 [seller] FindImage: not found (C:\Users\link\Documents\GitHub\osrs-automation\Bots\..\Images\store-marker.png, 16 ms)
2026-07-22 15:09:32 [seller] FindImage: not found (C:\Users\link\Documents\GitHub\osrs-automation\Bots\..\Images\store-marker.png, 15 ms)
2026-07-22 15:09:32 [seller] FindImage: not found (C:\Users\link\Documents\GitHub\osrs-automation\Bots\..\Images\store-marker.png, 16 ms)
2026-07-22 15:09:32 [seller] FindImage: not found (C:\Users\link\Documents\GitHub\osrs-automation\Bots\..\Images\store-marker.png, 15 ms)
2026-07-22 15:09:32 [seller] FindImage: not found (C:\Users\link\Documents\GitHub\osrs-automation\Bots\..\Images\store-marker.png, 16 ms)
2026-07-22 15:09:32 [seller] FindImage: not found (C:\Users\link\Documents\GitHub\osrs-automation\Bots\..\Images\store-marker.png, 15 ms)
2026-07-22 15:09:32 [seller] FindImage: not found (C:\Users\link\Documents\GitHub\osrs-automation\Bots\..\Images\store-marker.png, 16 ms)
2026-07-22 15:09:33 [seller] FindImage: not found (C:\Users\link\Documents\GitHub\osrs-automation\Bots\..\Images\store-marker.png, 15 ms)
2026-07-22 15:09:33 [seller] FindImage: not found (C:\Users\link\Documents\GitHub\osrs-automation\Bots\..\Images\store-marker.png, 16 ms)
2026-07-22 15:09:33 [seller] FindImage: not found (C:\Users\link\Documents\GitHub\osrs-automation\Bots\..\Images\store-marker.png, 15 ms)
2026-07-22 15:09:33 [seller] FindImage: not found (C:\Users\link\Documents\GitHub\osrs-automation\Bots\..\Images\store-marker.png, 16 ms)
2026-07-22 15:09:33 [seller] FindImage: not found (C:\Users\link\Documents\GitHub\osrs-automation\Bots\..\Images\store-marker.png, 15 ms)
2026-07-22 15:09:34 [seller] FindImage: not found (C:\Users\link\Documents\GitHub\osrs-automation\Bots\..\Images\store-marker.png, 16 ms)
2026-07-22 15:09:34 [seller] FindImage: not found (C:\Users\link\Documents\GitHub\osrs-automation\Bots\..\Images\store-marker.png, 15 ms)
2026-07-22 15:09:34 [seller] FindImage: not found (C:\Users\link\Documents\GitHub\osrs-automation\Bots\..\Images\store-marker.png, 16 ms)
2026-07-22 15:09:34 [seller] FindImage: not found (C:\Users\link\Documents\GitHub\osrs-automation\Bots\..\Images\store-marker.png, 15 ms)
2026-07-22 15:09:34 [seller] FindImage: not found (C:\Users\link\Documents\GitHub\osrs-automation\Bots\..\Images\store-marker.png, 16 ms)
2026-07-22 15:09:35 [seller] FindImage: not found (C:\Users\link\Documents\GitHub\osrs-automation\Bots\..\Images\store-marker.png, 15 ms)
2026-07-22 15:09:35 [seller] FindImage: not found (C:\Users\link\Documents\GitHub\osrs-automation\Bots\..\Images\store-marker.png, 16 ms)
2026-07-22 15:09:35 [seller] FindImage: found at 761,807 (C:\Users\link\Documents\GitHub\osrs-automation\Bots\..\Images\store-marker.png, 16 ms)
2026-07-22 15:09:35 [seller] Seller: clicking inventory slot 1 at 2135,833
2026-07-22 15:09:35 [seller] Seller: waiting for store marker to close
2026-07-22 15:09:35 [seller] FindImage: not found (C:\Users\link\Documents\GitHub\osrs-automation\Bots\..\Images\store-marker.png, 15 ms)
2026-07-22 15:09:36 [seller] Seller: waiting for world-switch marker
2026-07-22 15:09:36 [seller] FindImage: not found (C:\Users\link\Documents\GitHub\osrs-automation\Bots\..\Images\world-switch-marker.png, 16 ms)
2026-07-22 15:09:36 [seller] FindImage: not found (C:\Users\link\Documents\GitHub\osrs-automation\Bots\..\Images\world-switch-marker.png, 15 ms)
2026-07-22 15:09:36 [seller] FindImage: not found (C:\Users\link\Documents\GitHub\osrs-automation\Bots\..\Images\world-switch-marker.png, 16 ms)
2026-07-22 15:09:36 [seller] FindImage: not found (C:\Users\link\Documents\GitHub\osrs-automation\Bots\..\Images\world-switch-marker.png, 0 ms)
2026-07-22 15:09:36 [seller] FindImage: not found (C:\Users\link\Documents\GitHub\osrs-automation\Bots\..\Images\world-switch-marker.png, 0 ms)
2026-07-22 15:09:37 [seller] FindImage: not found (C:\Users\link\Documents\GitHub\osrs-automation\Bots\..\Images\world-switch-marker.png, 0 ms)
2026-07-22 15:09:37 [seller] FindImage: found at 131,1190 (C:\Users\link\Documents\GitHub\osrs-automation\Bots\..\Images\world-switch-marker.png, 0 ms)
2026-07-22 15:09:37 [seller] Seller: waiting for store marker
2026-07-22 15:09:37 [seller] FindImage: not found (C:\Users\link\Documents\GitHub\osrs-automation\Bots\..\Images\store-marker.png, 15 ms)
2026-07-22 15:09:37 [seller] FindImage: not found (C:\Users\link\Documents\GitHub\osrs-automation\Bots\..\Images\store-marker.png, 16 ms)
2026-07-22 15:09:37 [seller] FindImage: not found (C:\Users\link\Documents\GitHub\osrs-automation\Bots\..\Images\store-marker.png, 15 ms)
2026-07-22 15:09:38 [seller] FindImage: not found (C:\Users\link\Documents\GitHub\osrs-automation\Bots\..\Images\store-marker.png, 16 ms)
2026-07-22 15:09:38 [seller] FindImage: not found (C:\Users\link\Documents\GitHub\osrs-automation\Bots\..\Images\store-marker.png, 15 ms)
2026-07-22 15:09:38 [seller] FindImage: not found (C:\Users\link\Documents\GitHub\osrs-automation\Bots\..\Images\store-marker.png, 16 ms)
2026-07-22 15:09:38 [seller] FindImage: not found (C:\Users\link\Documents\GitHub\osrs-automation\Bots\..\Images\store-marker.png, 0 ms)
2026-07-22 15:09:38 [seller] FindImage: not found (C:\Users\link\Documents\GitHub\osrs-automation\Bots\..\Images\store-marker.png, 15 ms)
2026-07-22 15:09:39 [seller] FindImage: not found (C:\Users\link\Documents\GitHub\osrs-automation\Bots\..\Images\store-marker.png, 16 ms)
2026-07-22 15:09:39 [seller] FindImage: not found (C:\Users\link\Documents\GitHub\osrs-automation\Bots\..\Images\store-marker.png, 0 ms)
2026-07-22 15:09:39 [seller] FindImage: not found (C:\Users\link\Documents\GitHub\osrs-automation\Bots\..\Images\store-marker.png, 0 ms)
2026-07-22 15:09:39 [seller] FindImage: not found (C:\Users\link\Documents\GitHub\osrs-automation\Bots\..\Images\store-marker.png, 0 ms)
2026-07-22 15:09:39 [seller] FindImage: not found (C:\Users\link\Documents\GitHub\osrs-automation\Bots\..\Images\store-marker.png, 0 ms)
2026-07-22 15:09:39 [seller] FindImage: not found (C:\Users\link\Documents\GitHub\osrs-automation\Bots\..\Images\store-marker.png, 0 ms)
2026-07-22 15:09:40 [seller] FindImage: not found (C:\Users\link\Documents\GitHub\osrs-automation\Bots\..\Images\store-marker.png, 0 ms)
2026-07-22 15:09:40 [seller] FindImage: not found (C:\Users\link\Documents\GitHub\osrs-automation\Bots\..\Images\store-marker.png, 0 ms)
2026-07-22 15:09:40 [seller] FindImage: not found (C:\Users\link\Documents\GitHub\osrs-automation\Bots\..\Images\store-marker.png, 0 ms)
2026-07-22 15:09:40 [seller] FindImage: not found (C:\Users\link\Documents\GitHub\osrs-automation\Bots\..\Images\store-marker.png, 0 ms)
2026-07-22 15:09:40 [seller] FindImage: not found (C:\Users\link\Documents\GitHub\osrs-automation\Bots\..\Images\store-marker.png, 0 ms)
2026-07-22 15:09:40 [seller] FindImage: not found (C:\Users\link\Documents\GitHub\osrs-automation\Bots\..\Images\store-marker.png, 0 ms)
2026-07-22 15:09:41 [seller] FindImage: not found (C:\Users\link\Documents\GitHub\osrs-automation\Bots\..\Images\store-marker.png, 16 ms)
2026-07-22 15:09:41 [seller] FindImage: not found (C:\Users\link\Documents\GitHub\osrs-automation\Bots\..\Images\store-marker.png, 15 ms)
2026-07-22 15:09:41 [seller] FindImage: not found (C:\Users\link\Documents\GitHub\osrs-automation\Bots\..\Images\store-marker.png, 0 ms)
2026-07-22 15:09:41 [seller] FindImage: not found (C:\Users\link\Documents\GitHub\osrs-automation\Bots\..\Images\store-marker.png, 0 ms)
2026-07-22 15:09:41 [seller] FindImage: not found (C:\Users\link\Documents\GitHub\osrs-automation\Bots\..\Images\store-marker.png, 0 ms)
2026-07-22 15:09:41 [seller] FindImage: not found (C:\Users\link\Documents\GitHub\osrs-automation\Bots\..\Images\store-marker.png, 0 ms)
2026-07-22 15:09:42 [seller] FindImage: not found (C:\Users\link\Documents\GitHub\osrs-automation\Bots\..\Images\store-marker.png, 0 ms)
2026-07-22 15:09:42 [seller] FindImage: not found (C:\Users\link\Documents\GitHub\osrs-automation\Bots\..\Images\store-marker.png, 15 ms)
2026-07-22 15:09:42 [seller] FindImage: not found (C:\Users\link\Documents\GitHub\osrs-automation\Bots\..\Images\store-marker.png, 16 ms)
2026-07-22 15:09:42 [seller] FindImage: not found (C:\Users\link\Documents\GitHub\osrs-automation\Bots\..\Images\store-marker.png, 15 ms)
2026-07-22 15:09:42 [seller] FindImage: not found (C:\Users\link\Documents\GitHub\osrs-automation\Bots\..\Images\store-marker.png, 16 ms)
2026-07-22 15:09:43 [seller] FindImage: not found (C:\Users\link\Documents\GitHub\osrs-automation\Bots\..\Images\store-marker.png, 15 ms)
2026-07-22 15:09:43 [seller] FindImage: not found (C:\Users\link\Documents\GitHub\osrs-automation\Bots\..\Images\store-marker.png, 16 ms)
2026-07-22 15:09:43 [seller] FindImage: not found (C:\Users\link\Documents\GitHub\osrs-automation\Bots\..\Images\store-marker.png, 15 ms)
2026-07-22 15:09:43 [seller] FindImage: not found (C:\Users\link\Documents\GitHub\osrs-automation\Bots\..\Images\store-marker.png, 16 ms)
2026-07-22 15:09:43 [seller] FindImage: not found (C:\Users\link\Documents\GitHub\osrs-automation\Bots\..\Images\store-marker.png, 15 ms)
2026-07-22 15:09:44 [seller] FindImage: not found (C:\Users\link\Documents\GitHub\osrs-automation\Bots\..\Images\store-marker.png, 16 ms)
2026-07-22 15:09:44 [seller] FindImage: not found (C:\Users\link\Documents\GitHub\osrs-automation\Bots\..\Images\store-marker.png, 15 ms)
2026-07-22 15:09:44 [seller] FindImage: not found (C:\Users\link\Documents\GitHub\osrs-automation\Bots\..\Images\store-marker.png, 16 ms)
2026-07-22 15:09:44 [seller] FindImage: not found (C:\Users\link\Documents\GitHub\osrs-automation\Bots\..\Images\store-marker.png, 15 ms)
2026-07-22 15:09:44 [seller] FindImage: not found (C:\Users\link\Documents\GitHub\osrs-automation\Bots\..\Images\store-marker.png, 16 ms)
2026-07-22 15:09:44 [seller] FindImage: not found (C:\Users\link\Documents\GitHub\osrs-automation\Bots\..\Images\store-marker.png, 15 ms)
2026-07-22 15:09:45 [seller] FindImage: not found (C:\Users\link\Documents\GitHub\osrs-automation\Bots\..\Images\store-marker.png, 16 ms)
2026-07-22 15:09:45 [seller] FindImage: not found (C:\Users\link\Documents\GitHub\osrs-automation\Bots\..\Images\store-marker.png, 15 ms)
2026-07-22 15:09:45 [seller] FindImage: not found (C:\Users\link\Documents\GitHub\osrs-automation\Bots\..\Images\store-marker.png, 0 ms)
2026-07-22 15:09:45 [seller] FindImage: not found (C:\Users\link\Documents\GitHub\osrs-automation\Bots\..\Images\store-marker.png, 0 ms)
2026-07-22 15:09:45 [seller] FindImage: not found (C:\Users\link\Documents\GitHub\osrs-automation\Bots\..\Images\store-marker.png, 0 ms)
2026-07-22 15:09:46 [seller] FindImage: not found (C:\Users\link\Documents\GitHub\osrs-automation\Bots\..\Images\store-marker.png, 0 ms)
2026-07-22 15:09:46 [seller] FindImage: not found (C:\Users\link\Documents\GitHub\osrs-automation\Bots\..\Images\store-marker.png, 15 ms)
2026-07-22 15:09:46 [seller] FindImage: not found (C:\Users\link\Documents\GitHub\osrs-automation\Bots\..\Images\store-marker.png, 0 ms)
2026-07-22 15:09:46 [seller] FindImage: not found (C:\Users\link\Documents\GitHub\osrs-automation\Bots\..\Images\store-marker.png, 0 ms)
2026-07-22 15:09:46 [seller] FindImage: not found (C:\Users\link\Documents\GitHub\osrs-automation\Bots\..\Images\store-marker.png, 0 ms)
2026-07-22 15:09:46 [seller] FindImage: not found (C:\Users\link\Documents\GitHub\osrs-automation\Bots\..\Images\store-marker.png, 15 ms)
2026-07-22 15:09:47 [seller] FindImage: not found (C:\Users\link\Documents\GitHub\osrs-automation\Bots\..\Images\store-marker.png, 16 ms)
2026-07-22 15:09:47 [seller] FindImage: not found (C:\Users\link\Documents\GitHub\osrs-automation\Bots\..\Images\store-marker.png, 15 ms)
2026-07-22 15:09:47 [seller] FindImage: not found (C:\Users\link\Documents\GitHub\osrs-automation\Bots\..\Images\store-marker.png, 16 ms)
2026-07-22 15:09:47 [seller] FindImage: not found (C:\Users\link\Documents\GitHub\osrs-automation\Bots\..\Images\store-marker.png, 15 ms)
2026-07-22 15:09:47 [seller] FindImage: not found (C:\Users\link\Documents\GitHub\osrs-automation\Bots\..\Images\store-marker.png, 16 ms)
2026-07-22 15:09:48 [seller] FindImage: not found (C:\Users\link\Documents\GitHub\osrs-automation\Bots\..\Images\store-marker.png, 15 ms)
2026-07-22 15:09:48 [seller] FindImage: not found (C:\Users\link\Documents\GitHub\osrs-automation\Bots\..\Images\store-marker.png, 16 ms)
2026-07-22 15:09:48 [seller] FindImage: not found (C:\Users\link\Documents\GitHub\osrs-automation\Bots\..\Images\store-marker.png, 15 ms)
2026-07-22 15:09:48 [seller] FindImage: not found (C:\Users\link\Documents\GitHub\osrs-automation\Bots\..\Images\store-marker.png, 16 ms)
2026-07-22 15:09:48 [seller] FindImage: not found (C:\Users\link\Documents\GitHub\osrs-automation\Bots\..\Images\store-marker.png, 15 ms)
2026-07-22 15:09:48 [seller] FindImage: not found (C:\Users\link\Documents\GitHub\osrs-automation\Bots\..\Images\store-marker.png, 16 ms)
2026-07-22 15:09:49 [seller] FindImage: not found (C:\Users\link\Documents\GitHub\osrs-automation\Bots\..\Images\store-marker.png, 0 ms)
2026-07-22 15:09:49 [seller] FindImage: not found (C:\Users\link\Documents\GitHub\osrs-automation\Bots\..\Images\store-marker.png, 0 ms)
2026-07-22 15:09:49 [seller] FindImage: not found (C:\Users\link\Documents\GitHub\osrs-automation\Bots\..\Images\store-marker.png, 0 ms)
2026-07-22 15:09:49 [seller] FindImage: not found (C:\Users\link\Documents\GitHub\osrs-automation\Bots\..\Images\store-marker.png, 0 ms)
2026-07-22 15:09:49 [seller] FindImage: not found (C:\Users\link\Documents\GitHub\osrs-automation\Bots\..\Images\store-marker.png, 0 ms)
2026-07-22 15:09:50 [seller] FindImage: not found (C:\Users\link\Documents\GitHub\osrs-automation\Bots\..\Images\store-marker.png, 15 ms)
2026-07-22 15:09:50 [seller] FindImage: not found (C:\Users\link\Documents\GitHub\osrs-automation\Bots\..\Images\store-marker.png, 16 ms)
2026-07-22 15:09:50 [seller] FindImage: not found (C:\Users\link\Documents\GitHub\osrs-automation\Bots\..\Images\store-marker.png, 15 ms)
2026-07-22 15:09:50 [seller] FindImage: not found (C:\Users\link\Documents\GitHub\osrs-automation\Bots\..\Images\store-marker.png, 16 ms)
2026-07-22 15:09:50 [seller] FindImage: not found (C:\Users\link\Documents\GitHub\osrs-automation\Bots\..\Images\store-marker.png, 15 ms)
2026-07-22 15:09:50 [seller] FindImage: not found (C:\Users\link\Documents\GitHub\osrs-automation\Bots\..\Images\store-marker.png, 16 ms)
2026-07-22 15:09:51 [seller] FindImage: not found (C:\Users\link\Documents\GitHub\osrs-automation\Bots\..\Images\store-marker.png, 0 ms)
2026-07-22 15:09:51 [seller] FindImage: not found (C:\Users\link\Documents\GitHub\osrs-automation\Bots\..\Images\store-marker.png, 0 ms)
2026-07-22 15:09:51 [seller] FindImage: not found (C:\Users\link\Documents\GitHub\osrs-automation\Bots\..\Images\store-marker.png, 0 ms)
2026-07-22 15:09:51 [seller] FindImage: not found (C:\Users\link\Documents\GitHub\osrs-automation\Bots\..\Images\store-marker.png, 0 ms)
2026-07-22 15:09:51 [seller] FindImage: not found (C:\Users\link\Documents\GitHub\osrs-automation\Bots\..\Images\store-marker.png, 0 ms)
2026-07-22 15:09:52 [seller] FindImage: not found (C:\Users\link\Documents\GitHub\osrs-automation\Bots\..\Images\store-marker.png, 15 ms)
2026-07-22 15:09:52 [seller] FindImage: not found (C:\Users\link\Documents\GitHub\osrs-automation\Bots\..\Images\store-marker.png, 16 ms)
2026-07-22 15:09:52 [seller] FindImage: not found (C:\Users\link\Documents\GitHub\osrs-automation\Bots\..\Images\store-marker.png, 15 ms)
2026-07-22 15:09:52 [seller] FindImage: not found (C:\Users\link\Documents\GitHub\osrs-automation\Bots\..\Images\store-marker.png, 16 ms)
2026-07-22 15:09:52 [seller] FindImage: not found (C:\Users\link\Documents\GitHub\osrs-automation\Bots\..\Images\store-marker.png, 15 ms)
2026-07-22 15:09:52 [seller] FindImage: not found (C:\Users\link\Documents\GitHub\osrs-automation\Bots\..\Images\store-marker.png, 16 ms)
2026-07-22 15:09:53 [seller] FindImage: not found (C:\Users\link\Documents\GitHub\osrs-automation\Bots\..\Images\store-marker.png, 15 ms)
2026-07-22 15:09:53 [seller] FindImage: not found (C:\Users\link\Documents\GitHub\osrs-automation\Bots\..\Images\store-marker.png, 16 ms)
2026-07-22 15:09:53 [seller] FindImage: not found (C:\Users\link\Documents\GitHub\osrs-automation\Bots\..\Images\store-marker.png, 15 ms)
2026-07-22 15:09:53 [seller] FindImage: not found (C:\Users\link\Documents\GitHub\osrs-automation\Bots\..\Images\store-marker.png, 16 ms)
2026-07-22 15:09:53 [seller] FindImage: not found (C:\Users\link\Documents\GitHub\osrs-automation\Bots\..\Images\store-marker.png, 15 ms)
2026-07-22 15:09:54 [seller] FindImage: not found (C:\Users\link\Documents\GitHub\osrs-automation\Bots\..\Images\store-marker.png, 16 ms)
2026-07-22 15:09:54 [seller] FindImage: not found (C:\Users\link\Documents\GitHub\osrs-automation\Bots\..\Images\store-marker.png, 15 ms)
2026-07-22 15:09:54 [seller] FindImage: not found (C:\Users\link\Documents\GitHub\osrs-automation\Bots\..\Images\store-marker.png, 16 ms)
2026-07-22 15:09:54 [seller] FindImage: not found (C:\Users\link\Documents\GitHub\osrs-automation\Bots\..\Images\store-marker.png, 15 ms)
2026-07-22 15:09:54 [seller] FindImage: not found (C:\Users\link\Documents\GitHub\osrs-automation\Bots\..\Images\store-marker.png, 16 ms)
2026-07-22 15:09:55 [seller] FindImage: not found (C:\Users\link\Documents\GitHub\osrs-automation\Bots\..\Images\store-marker.png, 15 ms)
2026-07-22 15:09:55 [seller] FindImage: not found (C:\Users\link\Documents\GitHub\osrs-automation\Bots\..\Images\store-marker.png, 16 ms)
2026-07-22 15:09:55 [seller] FindImage: not found (C:\Users\link\Documents\GitHub\osrs-automation\Bots\..\Images\store-marker.png, 0 ms)
2026-07-22 15:09:55 [seller] FindImage: not found (C:\Users\link\Documents\GitHub\osrs-automation\Bots\..\Images\store-marker.png, 0 ms)
2026-07-22 15:09:55 [seller] FindImage: not found (C:\Users\link\Documents\GitHub\osrs-automation\Bots\..\Images\store-marker.png, 15 ms)
2026-07-22 15:09:55 [seller] FindImage: not found (C:\Users\link\Documents\GitHub\osrs-automation\Bots\..\Images\store-marker.png, 16 ms)
2026-07-22 15:09:56 [seller] FindImage: not found (C:\Users\link\Documents\GitHub\osrs-automation\Bots\..\Images\store-marker.png, 15 ms)
2026-07-22 15:09:56 [seller] FindImage: not found (C:\Users\link\Documents\GitHub\osrs-automation\Bots\..\Images\store-marker.png, 16 ms)
2026-07-22 15:09:56 [seller] FindImage: not found (C:\Users\link\Documents\GitHub\osrs-automation\Bots\..\Images\store-marker.png, 15 ms)
2026-07-22 15:09:56 [seller] FindImage: not found (C:\Users\link\Documents\GitHub\osrs-automation\Bots\..\Images\store-marker.png, 16 ms)
2026-07-22 15:09:56 [seller] FindImage: not found (C:\Users\link\Documents\GitHub\osrs-automation\Bots\..\Images\store-marker.png, 15 ms)
2026-07-22 15:09:57 [seller] FindImage: not found (C:\Users\link\Documents\GitHub\osrs-automation\Bots\..\Images\store-marker.png, 16 ms)
2026-07-22 15:09:57 [seller] FindImage: not found (C:\Users\link\Documents\GitHub\osrs-automation\Bots\..\Images\store-marker.png, 15 ms)
2026-07-22 15:09:57 [seller] FindImage: not found (C:\Users\link\Documents\GitHub\osrs-automation\Bots\..\Images\store-marker.png, 16 ms)
2026-07-22 15:09:57 [seller] FindImage: not found (C:\Users\link\Documents\GitHub\osrs-automation\Bots\..\Images\store-marker.png, 15 ms)
2026-07-22 15:09:57 [seller] FindImage: not found (C:\Users\link\Documents\GitHub\osrs-automation\Bots\..\Images\store-marker.png, 16 ms)
2026-07-22 15:09:58 [seller] FindImage: not found (C:\Users\link\Documents\GitHub\osrs-automation\Bots\..\Images\store-marker.png, 15 ms)
2026-07-22 15:09:58 [seller] FindImage: not found (C:\Users\link\Documents\GitHub\osrs-automation\Bots\..\Images\store-marker.png, 16 ms)
2026-07-22 15:09:58 [seller] FindImage: not found (C:\Users\link\Documents\GitHub\osrs-automation\Bots\..\Images\store-marker.png, 15 ms)
2026-07-22 15:09:58 [seller] FindImage: not found (C:\Users\link\Documents\GitHub\osrs-automation\Bots\..\Images\store-marker.png, 16 ms)
2026-07-22 15:09:58 [seller] FindImage: not found (C:\Users\link\Documents\GitHub\osrs-automation\Bots\..\Images\store-marker.png, 15 ms)
2026-07-22 15:09:58 [seller] FindImage: not found (C:\Users\link\Documents\GitHub\osrs-automation\Bots\..\Images\store-marker.png, 16 ms)
2026-07-22 15:09:59 [seller] FindImage: not found (C:\Users\link\Documents\GitHub\osrs-automation\Bots\..\Images\store-marker.png, 0 ms)
2026-07-22 15:09:59 [seller] FindImage: not found (C:\Users\link\Documents\GitHub\osrs-automation\Bots\..\Images\store-marker.png, 0 ms)
2026-07-22 15:09:59 [seller] FindImage: not found (C:\Users\link\Documents\GitHub\osrs-automation\Bots\..\Images\store-marker.png, 0 ms)
2026-07-22 15:09:59 [seller] FindImage: not found (C:\Users\link\Documents\GitHub\osrs-automation\Bots\..\Images\store-marker.png, 0 ms)
2026-07-22 15:09:59 [seller] FindImage: not found (C:\Users\link\Documents\GitHub\osrs-automation\Bots\..\Images\store-marker.png, 16 ms)
2026-07-22 15:10:00 [seller] FindImage: not found (C:\Users\link\Documents\GitHub\osrs-automation\Bots\..\Images\store-marker.png, 15 ms)
2026-07-22 15:10:00 [seller] FindImage: not found (C:\Users\link\Documents\GitHub\osrs-automation\Bots\..\Images\store-marker.png, 16 ms)
2026-07-22 15:10:00 [seller] FindImage: not found (C:\Users\link\Documents\GitHub\osrs-automation\Bots\..\Images\store-marker.png, 15 ms)
2026-07-22 15:10:00 [seller] FindImage: not found (C:\Users\link\Documents\GitHub\osrs-automation\Bots\..\Images\store-marker.png, 16 ms)
2026-07-22 15:10:00 [seller] FindImage: not found (C:\Users\link\Documents\GitHub\osrs-automation\Bots\..\Images\store-marker.png, 0 ms)
2026-07-22 15:10:00 [seller] FindImage: not found (C:\Users\link\Documents\GitHub\osrs-automation\Bots\..\Images\store-marker.png, 16 ms)
2026-07-22 15:10:01 [seller] FindImage: not found (C:\Users\link\Documents\GitHub\osrs-automation\Bots\..\Images\store-marker.png, 15 ms)
2026-07-22 15:10:01 [seller] FindImage: not found (C:\Users\link\Documents\GitHub\osrs-automation\Bots\..\Images\store-marker.png, 16 ms)
2026-07-22 15:10:01 [seller] FindImage: not found (C:\Users\link\Documents\GitHub\osrs-automation\Bots\..\Images\store-marker.png, 15 ms)
2026-07-22 15:10:01 [seller] FindImage: not found (C:\Users\link\Documents\GitHub\osrs-automation\Bots\..\Images\store-marker.png, 0 ms)
2026-07-22 15:10:01 [seller] FindImage: not found (C:\Users\link\Documents\GitHub\osrs-automation\Bots\..\Images\store-marker.png, 0 ms)
2026-07-22 15:10:02 [seller] FindImage: not found (C:\Users\link\Documents\GitHub\osrs-automation\Bots\..\Images\store-marker.png, 15 ms)
2026-07-22 15:10:02 [seller] FindImage: not found (C:\Users\link\Documents\GitHub\osrs-automation\Bots\..\Images\store-marker.png, 16 ms)
2026-07-22 15:10:02 [seller] FindImage: not found (C:\Users\link\Documents\GitHub\osrs-automation\Bots\..\Images\store-marker.png, 15 ms)
2026-07-22 15:10:02 [seller] FindImage: not found (C:\Users\link\Documents\GitHub\osrs-automation\Bots\..\Images\store-marker.png, 16 ms)
2026-07-22 15:10:02 [seller] FindImage: not found (C:\Users\link\Documents\GitHub\osrs-automation\Bots\..\Images\store-marker.png, 15 ms)
2026-07-22 15:10:03 [seller] FindImage: not found (C:\Users\link\Documents\GitHub\osrs-automation\Bots\..\Images\store-marker.png, 16 ms)
2026-07-22 15:10:03 [seller] FindImage: not found (C:\Users\link\Documents\GitHub\osrs-automation\Bots\..\Images\store-marker.png, 15 ms)
2026-07-22 15:10:03 [seller] FindImage: not found (C:\Users\link\Documents\GitHub\osrs-automation\Bots\..\Images\store-marker.png, 16 ms)
2026-07-22 15:10:03 [seller] FindImage: not found (C:\Users\link\Documents\GitHub\osrs-automation\Bots\..\Images\store-marker.png, 15 ms)
2026-07-22 15:10:03 [seller] FindImage: not found (C:\Users\link\Documents\GitHub\osrs-automation\Bots\..\Images\store-marker.png, 16 ms)
2026-07-22 15:10:03 [seller] FindImage: not found (C:\Users\link\Documents\GitHub\osrs-automation\Bots\..\Images\store-marker.png, 15 ms)
2026-07-22 15:10:04 [seller] FindImage: not found (C:\Users\link\Documents\GitHub\osrs-automation\Bots\..\Images\store-marker.png, 16 ms)
2026-07-22 15:10:04 [seller] FindImage: not found (C:\Users\link\Documents\GitHub\osrs-automation\Bots\..\Images\store-marker.png, 15 ms)
2026-07-22 15:10:04 [seller] FindImage: not found (C:\Users\link\Documents\GitHub\osrs-automation\Bots\..\Images\store-marker.png, 16 ms)
2026-07-22 15:10:04 [seller] FindImage: not found (C:\Users\link\Documents\GitHub\osrs-automation\Bots\..\Images\store-marker.png, 15 ms)
2026-07-22 15:10:04 [seller] FindImage: not found (C:\Users\link\Documents\GitHub\osrs-automation\Bots\..\Images\store-marker.png, 16 ms)
2026-07-22 15:10:05 [seller] FindImage: not found (C:\Users\link\Documents\GitHub\osrs-automation\Bots\..\Images\store-marker.png, 15 ms)
2026-07-22 15:10:05 [seller] FindImage: not found (C:\Users\link\Documents\GitHub\osrs-automation\Bots\..\Images\store-marker.png, 16 ms)
2026-07-22 15:10:05 [seller] FindImage: not found (C:\Users\link\Documents\GitHub\osrs-automation\Bots\..\Images\store-marker.png, 15 ms)
2026-07-22 15:10:05 [seller] FindImage: not found (C:\Users\link\Documents\GitHub\osrs-automation\Bots\..\Images\store-marker.png, 16 ms)
2026-07-22 15:10:05 [seller] FindImage: not found (C:\Users\link\Documents\GitHub\osrs-automation\Bots\..\Images\store-marker.png, 0 ms)
2026-07-22 15:10:06 [seller] FindImage: not found (C:\Users\link\Documents\GitHub\osrs-automation\Bots\..\Images\store-marker.png, 0 ms)
2026-07-22 15:10:06 [seller] FindImage: not found (C:\Users\link\Documents\GitHub\osrs-automation\Bots\..\Images\store-marker.png, 0 ms)
2026-07-22 15:10:06 [seller] FindImage: not found (C:\Users\link\Documents\GitHub\osrs-automation\Bots\..\Images\store-marker.png, 0 ms)
2026-07-22 15:10:06 [seller] FindImage: not found (C:\Users\link\Documents\GitHub\osrs-automation\Bots\..\Images\store-marker.png, 0 ms)
2026-07-22 15:10:06 [seller] FindImage: not found (C:\Users\link\Documents\GitHub\osrs-automation\Bots\..\Images\store-marker.png, 0 ms)
2026-07-22 15:10:06 [seller] FindImage: not found (C:\Users\link\Documents\GitHub\osrs-automation\Bots\..\Images\store-marker.png, 0 ms)
2026-07-22 15:10:07 [seller] FindImage: not found (C:\Users\link\Documents\GitHub\osrs-automation\Bots\..\Images\store-marker.png, 0 ms)
2026-07-22 15:10:07 [seller] FindImage: not found (C:\Users\link\Documents\GitHub\osrs-automation\Bots\..\Images\store-marker.png, 16 ms)
2026-07-22 15:10:07 [seller] FindImage: not found (C:\Users\link\Documents\GitHub\osrs-automation\Bots\..\Images\store-marker.png, 15 ms)
2026-07-22 15:10:07 [seller] FindImage: not found (C:\Users\link\Documents\GitHub\osrs-automation\Bots\..\Images\store-marker.png, 16 ms)
2026-07-22 15:10:07 [seller] Seller: store marker never appeared within 30000ms - stopping
2026-07-22 15:10:07 [seller] Cycle failed - stopping (see log for which step)
2026-07-22 15:13:02 [seller] Seller started
2026-07-22 15:13:02 [seller] Seller: waiting for store marker
2026-07-22 15:13:02 [seller] FindImage: not found (C:\Users\link\Documents\GitHub\osrs-automation\Bots\..\Images\store-marker.png, 16 ms)
2026-07-22 15:13:03 [seller] FindImage: not found (C:\Users\link\Documents\GitHub\osrs-automation\Bots\..\Images\store-marker.png, 0 ms)
2026-07-22 15:13:03 [seller] FindImage: not found (C:\Users\link\Documents\GitHub\osrs-automation\Bots\..\Images\store-marker.png, 0 ms)
2026-07-22 15:13:03 [seller] FindImage: not found (C:\Users\link\Documents\GitHub\osrs-automation\Bots\..\Images\store-marker.png, 16 ms)
2026-07-22 15:13:03 [seller] FindImage: not found (C:\Users\link\Documents\GitHub\osrs-automation\Bots\..\Images\store-marker.png, 16 ms)
2026-07-22 15:13:03 [seller] FindImage: not found (C:\Users\link\Documents\GitHub\osrs-automation\Bots\..\Images\store-marker.png, 16 ms)
2026-07-22 15:13:03 [seller] FindImage: not found (C:\Users\link\Documents\GitHub\osrs-automation\Bots\..\Images\store-marker.png, 16 ms)
2026-07-22 15:13:04 [seller] FindImage: not found (C:\Users\link\Documents\GitHub\osrs-automation\Bots\..\Images\store-marker.png, 16 ms)
2026-07-22 15:13:04 [seller] FindImage: not found (C:\Users\link\Documents\GitHub\osrs-automation\Bots\..\Images\store-marker.png, 16 ms)
2026-07-22 15:13:04 [seller] FindImage: not found (C:\Users\link\Documents\GitHub\osrs-automation\Bots\..\Images\store-marker.png, 16 ms)
2026-07-22 15:13:04 [seller] FindImage: not found (C:\Users\link\Documents\GitHub\osrs-automation\Bots\..\Images\store-marker.png, 16 ms)
2026-07-22 15:13:04 [seller] FindImage: not found (C:\Users\link\Documents\GitHub\osrs-automation\Bots\..\Images\store-marker.png, 16 ms)
2026-07-22 15:13:05 [seller] FindImage: not found (C:\Users\link\Documents\GitHub\osrs-automation\Bots\..\Images\store-marker.png, 31 ms)
2026-07-22 15:13:05 [seller] FindImage: not found (C:\Users\link\Documents\GitHub\osrs-automation\Bots\..\Images\store-marker.png, 16 ms)
2026-07-22 15:13:05 [seller] FindImage: not found (C:\Users\link\Documents\GitHub\osrs-automation\Bots\..\Images\store-marker.png, 0 ms)
2026-07-22 15:13:05 [seller] FindImage: found at 761,807 (C:\Users\link\Documents\GitHub\osrs-automation\Bots\..\Images\store-marker.png, 0 ms)
2026-07-22 15:13:05 [seller] Seller: clicking inventory slot 1 at 2135,833
2026-07-22 15:13:06 [seller] Seller: waiting for store marker to close
2026-07-22 15:13:06 [seller] FindImage: not found (C:\Users\link\Documents\GitHub\osrs-automation\Bots\..\Images\store-marker.png, 16 ms)
2026-07-22 15:13:06 [seller] Seller: waiting for world-switch marker
2026-07-22 15:13:06 [seller] FindImage: not found (C:\Users\link\Documents\GitHub\osrs-automation\Bots\..\Images\world-switch-marker.png, 0 ms)
2026-07-22 15:13:06 [seller] FindImage: not found (C:\Users\link\Documents\GitHub\osrs-automation\Bots\..\Images\world-switch-marker.png, 15 ms)
2026-07-22 15:13:06 [seller] FindImage: not found (C:\Users\link\Documents\GitHub\osrs-automation\Bots\..\Images\world-switch-marker.png, 16 ms)
2026-07-22 15:13:06 [seller] FindImage: not found (C:\Users\link\Documents\GitHub\osrs-automation\Bots\..\Images\world-switch-marker.png, 15 ms)
2026-07-22 15:13:07 [seller] FindImage: not found (C:\Users\link\Documents\GitHub\osrs-automation\Bots\..\Images\world-switch-marker.png, 16 ms)
2026-07-22 15:13:07 [seller] FindImage: not found (C:\Users\link\Documents\GitHub\osrs-automation\Bots\..\Images\world-switch-marker.png, 15 ms)
2026-07-22 15:13:07 [seller] FindImage: found at 131,1190 (C:\Users\link\Documents\GitHub\osrs-automation\Bots\..\Images\world-switch-marker.png, 16 ms)
2026-07-22 15:13:07 [seller] Seller: waiting for store marker
2026-07-22 15:13:07 [seller] FindImage: not found (C:\Users\link\Documents\GitHub\osrs-automation\Bots\..\Images\store-marker.png, 16 ms)
2026-07-22 15:13:08 [seller] FindImage: not found (C:\Users\link\Documents\GitHub\osrs-automation\Bots\..\Images\store-marker.png, 0 ms)
2026-07-22 15:13:08 [seller] FindImage: not found (C:\Users\link\Documents\GitHub\osrs-automation\Bots\..\Images\store-marker.png, 0 ms)
2026-07-22 15:13:08 [seller] FindImage: not found (C:\Users\link\Documents\GitHub\osrs-automation\Bots\..\Images\store-marker.png, 0 ms)
2026-07-22 15:13:08 [seller] FindImage: not found (C:\Users\link\Documents\GitHub\osrs-automation\Bots\..\Images\store-marker.png, 16 ms)
2026-07-22 15:13:08 [seller] FindImage: not found (C:\Users\link\Documents\GitHub\osrs-automation\Bots\..\Images\store-marker.png, 0 ms)
2026-07-22 15:13:08 [seller] FindImage: not found (C:\Users\link\Documents\GitHub\osrs-automation\Bots\..\Images\store-marker.png, 16 ms)
2026-07-22 15:13:09 [seller] FindImage: not found (C:\Users\link\Documents\GitHub\osrs-automation\Bots\..\Images\store-marker.png, 0 ms)
2026-07-22 15:13:09 [seller] FindImage: not found (C:\Users\link\Documents\GitHub\osrs-automation\Bots\..\Images\store-marker.png, 0 ms)
2026-07-22 15:13:09 [seller] FindImage: not found (C:\Users\link\Documents\GitHub\osrs-automation\Bots\..\Images\store-marker.png, 0 ms)
2026-07-22 15:13:09 [seller] FindImage: not found (C:\Users\link\Documents\GitHub\osrs-automation\Bots\..\Images\store-marker.png, 16 ms)
2026-07-22 15:13:09 [seller] FindImage: not found (C:\Users\link\Documents\GitHub\osrs-automation\Bots\..\Images\store-marker.png, 15 ms)
2026-07-22 15:13:10 [seller] FindImage: not found (C:\Users\link\Documents\GitHub\osrs-automation\Bots\..\Images\store-marker.png, 16 ms)
2026-07-22 15:13:10 [seller] FindImage: not found (C:\Users\link\Documents\GitHub\osrs-automation\Bots\..\Images\store-marker.png, 15 ms)
2026-07-22 15:13:10 [seller] FindImage: not found (C:\Users\link\Documents\GitHub\osrs-automation\Bots\..\Images\store-marker.png, 0 ms)
2026-07-22 15:13:10 [seller] FindImage: not found (C:\Users\link\Documents\GitHub\osrs-automation\Bots\..\Images\store-marker.png, 0 ms)
2026-07-22 15:13:10 [seller] FindImage: not found (C:\Users\link\Documents\GitHub\osrs-automation\Bots\..\Images\store-marker.png, 0 ms)
2026-07-22 15:13:10 [seller] FindImage: not found (C:\Users\link\Documents\GitHub\osrs-automation\Bots\..\Images\store-marker.png, 16 ms)
2026-07-22 15:13:11 [seller] FindImage: not found (C:\Users\link\Documents\GitHub\osrs-automation\Bots\..\Images\store-marker.png, 16 ms)
2026-07-22 15:13:11 [seller] FindImage: not found (C:\Users\link\Documents\GitHub\osrs-automation\Bots\..\Images\store-marker.png, 16 ms)
2026-07-22 15:13:11 [seller] FindImage: not found (C:\Users\link\Documents\GitHub\osrs-automation\Bots\..\Images\store-marker.png, 16 ms)
2026-07-22 15:13:11 [seller] FindImage: not found (C:\Users\link\Documents\GitHub\osrs-automation\Bots\..\Images\store-marker.png, 0 ms)
2026-07-22 15:13:11 [seller] FindImage: not found (C:\Users\link\Documents\GitHub\osrs-automation\Bots\..\Images\store-marker.png, 0 ms)
2026-07-22 15:13:12 [seller] FindImage: not found (C:\Users\link\Documents\GitHub\osrs-automation\Bots\..\Images\store-marker.png, 0 ms)
2026-07-22 15:13:12 [seller] FindImage: not found (C:\Users\link\Documents\GitHub\osrs-automation\Bots\..\Images\store-marker.png, 0 ms)
2026-07-22 15:13:12 [seller] FindImage: not found (C:\Users\link\Documents\GitHub\osrs-automation\Bots\..\Images\store-marker.png, 16 ms)
2026-07-22 15:13:12 [seller] FindImage: not found (C:\Users\link\Documents\GitHub\osrs-automation\Bots\..\Images\store-marker.png, 15 ms)
2026-07-22 15:13:12 [seller] FindImage: not found (C:\Users\link\Documents\GitHub\osrs-automation\Bots\..\Images\store-marker.png, 16 ms)
2026-07-22 15:13:12 [seller] FindImage: not found (C:\Users\link\Documents\GitHub\osrs-automation\Bots\..\Images\store-marker.png, 15 ms)
2026-07-22 15:13:13 [seller] FindImage: not found (C:\Users\link\Documents\GitHub\osrs-automation\Bots\..\Images\store-marker.png, 16 ms)
2026-07-22 15:13:13 [seller] FindImage: not found (C:\Users\link\Documents\GitHub\osrs-automation\Bots\..\Images\store-marker.png, 15 ms)
2026-07-22 15:13:13 [seller] FindImage: not found (C:\Users\link\Documents\GitHub\osrs-automation\Bots\..\Images\store-marker.png, 16 ms)
2026-07-22 15:13:13 [seller] FindImage: not found (C:\Users\link\Documents\GitHub\osrs-automation\Bots\..\Images\store-marker.png, 15 ms)
2026-07-22 15:13:13 [seller] FindImage: not found (C:\Users\link\Documents\GitHub\osrs-automation\Bots\..\Images\store-marker.png, 16 ms)
2026-07-22 15:13:14 [seller] FindImage: not found (C:\Users\link\Documents\GitHub\osrs-automation\Bots\..\Images\store-marker.png, 15 ms)
2026-07-22 15:13:14 [seller] FindImage: not found (C:\Users\link\Documents\GitHub\osrs-automation\Bots\..\Images\store-marker.png, 0 ms)
2026-07-22 15:13:14 [seller] FindImage: not found (C:\Users\link\Documents\GitHub\osrs-automation\Bots\..\Images\store-marker.png, 0 ms)
2026-07-22 15:13:14 [seller] FindImage: not found (C:\Users\link\Documents\GitHub\osrs-automation\Bots\..\Images\store-marker.png, 16 ms)
2026-07-22 15:13:14 [seller] FindImage: not found (C:\Users\link\Documents\GitHub\osrs-automation\Bots\..\Images\store-marker.png, 0 ms)
2026-07-22 15:13:15 [seller] FindImage: not found (C:\Users\link\Documents\GitHub\osrs-automation\Bots\..\Images\store-marker.png, 0 ms)
2026-07-22 15:13:15 [seller] FindImage: found at 761,807 (C:\Users\link\Documents\GitHub\osrs-automation\Bots\..\Images\store-marker.png, 16 ms)
2026-07-22 15:13:15 [seller] Seller: clicking inventory slot 1 at 2135,833
2026-07-22 15:13:15 [seller] Seller: waiting for store marker to close
2026-07-22 15:13:15 [seller] FindImage: not found (C:\Users\link\Documents\GitHub\osrs-automation\Bots\..\Images\store-marker.png, 0 ms)
2026-07-22 15:13:15 [seller] Seller: waiting for world-switch marker
2026-07-22 15:13:15 [seller] FindImage: not found (C:\Users\link\Documents\GitHub\osrs-automation\Bots\..\Images\world-switch-marker.png, 16 ms)
2026-07-22 15:13:16 [seller] FindImage: not found (C:\Users\link\Documents\GitHub\osrs-automation\Bots\..\Images\world-switch-marker.png, 15 ms)
2026-07-22 15:13:16 [seller] FindImage: not found (C:\Users\link\Documents\GitHub\osrs-automation\Bots\..\Images\world-switch-marker.png, 0 ms)
2026-07-22 15:13:16 [seller] FindImage: not found (C:\Users\link\Documents\GitHub\osrs-automation\Bots\..\Images\world-switch-marker.png, 0 ms)
2026-07-22 15:13:16 [seller] FindImage: not found (C:\Users\link\Documents\GitHub\osrs-automation\Bots\..\Images\world-switch-marker.png, 0 ms)
2026-07-22 15:13:16 [seller] FindImage: not found (C:\Users\link\Documents\GitHub\osrs-automation\Bots\..\Images\world-switch-marker.png, 0 ms)
2026-07-22 15:13:16 [seller] FindImage: found at 131,1190 (C:\Users\link\Documents\GitHub\osrs-automation\Bots\..\Images\world-switch-marker.png, 15 ms)
2026-07-22 15:13:17 [seller] Seller: waiting for store marker
2026-07-22 15:13:17 [seller] FindImage: not found (C:\Users\link\Documents\GitHub\osrs-automation\Bots\..\Images\store-marker.png, 16 ms)
2026-07-22 15:13:17 [seller] FindImage: not found (C:\Users\link\Documents\GitHub\osrs-automation\Bots\..\Images\store-marker.png, 16 ms)
2026-07-22 15:13:17 [seller] FindImage: not found (C:\Users\link\Documents\GitHub\osrs-automation\Bots\..\Images\store-marker.png, 16 ms)
2026-07-22 15:13:17 [seller] FindImage: not found (C:\Users\link\Documents\GitHub\osrs-automation\Bots\..\Images\store-marker.png, 16 ms)
2026-07-22 15:13:18 [seller] FindImage: not found (C:\Users\link\Documents\GitHub\osrs-automation\Bots\..\Images\store-marker.png, 16 ms)
2026-07-22 15:13:18 [seller] FindImage: not found (C:\Users\link\Documents\GitHub\osrs-automation\Bots\..\Images\store-marker.png, 16 ms)
2026-07-22 15:13:18 [seller] FindImage: not found (C:\Users\link\Documents\GitHub\osrs-automation\Bots\..\Images\store-marker.png, 0 ms)
2026-07-22 15:13:18 [seller] FindImage: not found (C:\Users\link\Documents\GitHub\osrs-automation\Bots\..\Images\store-marker.png, 0 ms)
2026-07-22 15:13:18 [seller] FindImage: not found (C:\Users\link\Documents\GitHub\osrs-automation\Bots\..\Images\store-marker.png, 0 ms)
2026-07-22 15:13:18 [seller] FindImage: not found (C:\Users\link\Documents\GitHub\osrs-automation\Bots\..\Images\store-marker.png, 0 ms)
2026-07-22 15:13:19 [seller] FindImage: not found (C:\Users\link\Documents\GitHub\osrs-automation\Bots\..\Images\store-marker.png, 16 ms)
2026-07-22 15:13:19 [seller] FindImage: not found (C:\Users\link\Documents\GitHub\osrs-automation\Bots\..\Images\store-marker.png, 15 ms)
2026-07-22 15:13:19 [seller] FindImage: not found (C:\Users\link\Documents\GitHub\osrs-automation\Bots\..\Images\store-marker.png, 16 ms)
2026-07-22 15:13:19 [seller] FindImage: not found (C:\Users\link\Documents\GitHub\osrs-automation\Bots\..\Images\store-marker.png, 15 ms)
2026-07-22 15:13:19 [seller] FindImage: not found (C:\Users\link\Documents\GitHub\osrs-automation\Bots\..\Images\store-marker.png, 16 ms)
2026-07-22 15:13:20 [seller] FindImage: not found (C:\Users\link\Documents\GitHub\osrs-automation\Bots\..\Images\store-marker.png, 15 ms)
2026-07-22 15:13:20 [seller] FindImage: not found (C:\Users\link\Documents\GitHub\osrs-automation\Bots\..\Images\store-marker.png, 0 ms)
2026-07-22 15:13:20 [seller] FindImage: not found (C:\Users\link\Documents\GitHub\osrs-automation\Bots\..\Images\store-marker.png, 0 ms)
2026-07-22 15:13:20 [seller] FindImage: not found (C:\Users\link\Documents\GitHub\osrs-automation\Bots\..\Images\store-marker.png, 0 ms)
2026-07-22 15:13:20 [seller] FindImage: not found (C:\Users\link\Documents\GitHub\osrs-automation\Bots\..\Images\store-marker.png, 16 ms)
2026-07-22 15:13:21 [seller] FindImage: not found (C:\Users\link\Documents\GitHub\osrs-automation\Bots\..\Images\store-marker.png, 16 ms)
2026-07-22 15:13:21 [seller] FindImage: not found (C:\Users\link\Documents\GitHub\osrs-automation\Bots\..\Images\store-marker.png, 0 ms)
2026-07-22 15:13:21 [seller] FindImage: not found (C:\Users\link\Documents\GitHub\osrs-automation\Bots\..\Images\store-marker.png, 0 ms)
2026-07-22 15:13:21 [seller] FindImage: not found (C:\Users\link\Documents\GitHub\osrs-automation\Bots\..\Images\store-marker.png, 0 ms)
2026-07-22 15:13:21 [seller] FindImage: not found (C:\Users\link\Documents\GitHub\osrs-automation\Bots\..\Images\store-marker.png, 0 ms)
2026-07-22 15:13:21 [seller] FindImage: not found (C:\Users\link\Documents\GitHub\osrs-automation\Bots\..\Images\store-marker.png, 0 ms)
2026-07-22 15:13:22 [seller] FindImage: not found (C:\Users\link\Documents\GitHub\osrs-automation\Bots\..\Images\store-marker.png, 16 ms)
2026-07-22 15:13:22 [seller] FindImage: not found (C:\Users\link\Documents\GitHub\osrs-automation\Bots\..\Images\store-marker.png, 0 ms)
2026-07-22 15:13:22 [seller] FindImage: not found (C:\Users\link\Documents\GitHub\osrs-automation\Bots\..\Images\store-marker.png, 0 ms)
2026-07-22 15:13:22 [seller] FindImage: not found (C:\Users\link\Documents\GitHub\osrs-automation\Bots\..\Images\store-marker.png, 0 ms)
2026-07-22 15:13:22 [seller] FindImage: not found (C:\Users\link\Documents\GitHub\osrs-automation\Bots\..\Images\store-marker.png, 0 ms)
2026-07-22 15:13:22 [seller] FindImage: not found (C:\Users\link\Documents\GitHub\osrs-automation\Bots\..\Images\store-marker.png, 15 ms)
2026-07-22 15:13:23 [seller] FindImage: not found (C:\Users\link\Documents\GitHub\osrs-automation\Bots\..\Images\store-marker.png, 0 ms)
2026-07-22 15:13:23 [seller] FindImage: not found (C:\Users\link\Documents\GitHub\osrs-automation\Bots\..\Images\store-marker.png, 16 ms)
2026-07-22 15:13:23 [seller] FindImage: not found (C:\Users\link\Documents\GitHub\osrs-automation\Bots\..\Images\store-marker.png, 16 ms)
2026-07-22 15:13:23 [seller] FindImage: not found (C:\Users\link\Documents\GitHub\osrs-automation\Bots\..\Images\store-marker.png, 16 ms)
2026-07-22 15:13:23 [seller] FindImage: not found (C:\Users\link\Documents\GitHub\osrs-automation\Bots\..\Images\store-marker.png, 16 ms)
2026-07-22 15:13:24 [seller] FindImage: not found (C:\Users\link\Documents\GitHub\osrs-automation\Bots\..\Images\store-marker.png, 16 ms)
2026-07-22 15:13:24 [seller] FindImage: not found (C:\Users\link\Documents\GitHub\osrs-automation\Bots\..\Images\store-marker.png, 16 ms)
2026-07-22 15:13:24 [seller] FindImage: not found (C:\Users\link\Documents\GitHub\osrs-automation\Bots\..\Images\store-marker.png, 16 ms)
2026-07-22 15:13:24 [seller] FindImage: not found (C:\Users\link\Documents\GitHub\osrs-automation\Bots\..\Images\store-marker.png, 16 ms)
2026-07-22 15:13:24 [seller] FindImage: not found (C:\Users\link\Documents\GitHub\osrs-automation\Bots\..\Images\store-marker.png, 16 ms)
2026-07-22 15:13:25 [seller] FindImage: not found (C:\Users\link\Documents\GitHub\osrs-automation\Bots\..\Images\store-marker.png, 16 ms)
2026-07-22 15:13:25 [seller] FindImage: not found (C:\Users\link\Documents\GitHub\osrs-automation\Bots\..\Images\store-marker.png, 0 ms)
2026-07-22 15:13:25 [seller] FindImage: not found (C:\Users\link\Documents\GitHub\osrs-automation\Bots\..\Images\store-marker.png, 0 ms)
2026-07-22 15:13:25 [seller] FindImage: not found (C:\Users\link\Documents\GitHub\osrs-automation\Bots\..\Images\store-marker.png, 16 ms)
2026-07-22 15:13:25 [seller] FindImage: not found (C:\Users\link\Documents\GitHub\osrs-automation\Bots\..\Images\store-marker.png, 15 ms)
2026-07-22 15:13:25 [seller] FindImage: not found (C:\Users\link\Documents\GitHub\osrs-automation\Bots\..\Images\store-marker.png, 16 ms)
2026-07-22 15:13:26 [seller] FindImage: not found (C:\Users\link\Documents\GitHub\osrs-automation\Bots\..\Images\store-marker.png, 15 ms)
2026-07-22 15:13:26 [seller] FindImage: not found (C:\Users\link\Documents\GitHub\osrs-automation\Bots\..\Images\store-marker.png, 16 ms)
2026-07-22 15:13:26 [seller] FindImage: not found (C:\Users\link\Documents\GitHub\osrs-automation\Bots\..\Images\store-marker.png, 15 ms)
2026-07-22 15:13:26 [seller] FindImage: not found (C:\Users\link\Documents\GitHub\osrs-automation\Bots\..\Images\store-marker.png, 16 ms)
2026-07-22 15:13:26 [seller] FindImage: not found (C:\Users\link\Documents\GitHub\osrs-automation\Bots\..\Images\store-marker.png, 15 ms)
2026-07-22 15:13:27 [seller] FindImage: not found (C:\Users\link\Documents\GitHub\osrs-automation\Bots\..\Images\store-marker.png, 16 ms)
2026-07-22 15:13:27 [seller] FindImage: not found (C:\Users\link\Documents\GitHub\osrs-automation\Bots\..\Images\store-marker.png, 15 ms)
2026-07-22 15:13:27 [seller] FindImage: not found (C:\Users\link\Documents\GitHub\osrs-automation\Bots\..\Images\store-marker.png, 16 ms)
2026-07-22 15:13:27 [seller] FindImage: not found (C:\Users\link\Documents\GitHub\osrs-automation\Bots\..\Images\store-marker.png, 15 ms)
2026-07-22 15:13:27 [seller] FindImage: not found (C:\Users\link\Documents\GitHub\osrs-automation\Bots\..\Images\store-marker.png, 0 ms)
2026-07-22 15:13:27 [seller] FindImage: not found (C:\Users\link\Documents\GitHub\osrs-automation\Bots\..\Images\store-marker.png, 16 ms)
2026-07-22 15:13:28 [seller] FindImage: not found (C:\Users\link\Documents\GitHub\osrs-automation\Bots\..\Images\store-marker.png, 15 ms)
2026-07-22 15:13:28 [seller] FindImage: not found (C:\Users\link\Documents\GitHub\osrs-automation\Bots\..\Images\store-marker.png, 16 ms)
2026-07-22 15:13:28 [seller] FindImage: not found (C:\Users\link\Documents\GitHub\osrs-automation\Bots\..\Images\store-marker.png, 15 ms)
2026-07-22 15:13:28 [seller] FindImage: not found (C:\Users\link\Documents\GitHub\osrs-automation\Bots\..\Images\store-marker.png, 16 ms)
2026-07-22 15:13:28 [seller] FindImage: not found (C:\Users\link\Documents\GitHub\osrs-automation\Bots\..\Images\store-marker.png, 15 ms)
2026-07-22 15:13:29 [seller] FindImage: not found (C:\Users\link\Documents\GitHub\osrs-automation\Bots\..\Images\store-marker.png, 16 ms)
2026-07-22 15:13:29 [seller] FindImage: not found (C:\Users\link\Documents\GitHub\osrs-automation\Bots\..\Images\store-marker.png, 15 ms)
2026-07-22 15:13:29 [seller] FindImage: not found (C:\Users\link\Documents\GitHub\osrs-automation\Bots\..\Images\store-marker.png, 16 ms)
2026-07-22 15:13:29 [seller] FindImage: not found (C:\Users\link\Documents\GitHub\osrs-automation\Bots\..\Images\store-marker.png, 15 ms)
2026-07-22 15:13:29 [seller] FindImage: not found (C:\Users\link\Documents\GitHub\osrs-automation\Bots\..\Images\store-marker.png, 16 ms)
2026-07-22 15:13:30 [seller] FindImage: not found (C:\Users\link\Documents\GitHub\osrs-automation\Bots\..\Images\store-marker.png, 15 ms)
2026-07-22 15:13:30 [seller] FindImage: not found (C:\Users\link\Documents\GitHub\osrs-automation\Bots\..\Images\store-marker.png, 16 ms)
2026-07-22 15:13:30 [seller] FindImage: not found (C:\Users\link\Documents\GitHub\osrs-automation\Bots\..\Images\store-marker.png, 15 ms)
2026-07-22 15:13:30 [seller] FindImage: not found (C:\Users\link\Documents\GitHub\osrs-automation\Bots\..\Images\store-marker.png, 16 ms)
2026-07-22 15:13:30 [seller] FindImage: not found (C:\Users\link\Documents\GitHub\osrs-automation\Bots\..\Images\store-marker.png, 15 ms)
2026-07-22 15:13:30 [seller] FindImage: not found (C:\Users\link\Documents\GitHub\osrs-automation\Bots\..\Images\store-marker.png, 16 ms)
2026-07-22 15:13:31 [seller] FindImage: not found (C:\Users\link\Documents\GitHub\osrs-automation\Bots\..\Images\store-marker.png, 15 ms)
2026-07-22 15:13:31 [seller] FindImage: not found (C:\Users\link\Documents\GitHub\osrs-automation\Bots\..\Images\store-marker.png, 16 ms)
2026-07-22 15:13:31 [seller] FindImage: not found (C:\Users\link\Documents\GitHub\osrs-automation\Bots\..\Images\store-marker.png, 15 ms)
2026-07-22 15:13:31 [seller] FindImage: not found (C:\Users\link\Documents\GitHub\osrs-automation\Bots\..\Images\store-marker.png, 16 ms)
2026-07-22 15:13:31 [seller] FindImage: not found (C:\Users\link\Documents\GitHub\osrs-automation\Bots\..\Images\store-marker.png, 15 ms)
2026-07-22 15:13:32 [seller] FindImage: not found (C:\Users\link\Documents\GitHub\osrs-automation\Bots\..\Images\store-marker.png, 16 ms)
2026-07-22 15:13:32 [seller] FindImage: not found (C:\Users\link\Documents\GitHub\osrs-automation\Bots\..\Images\store-marker.png, 15 ms)
2026-07-22 15:13:32 [seller] FindImage: not found (C:\Users\link\Documents\GitHub\osrs-automation\Bots\..\Images\store-marker.png, 16 ms)
2026-07-22 15:13:32 [seller] FindImage: not found (C:\Users\link\Documents\GitHub\osrs-automation\Bots\..\Images\store-marker.png, 32 ms)
2026-07-22 15:13:32 [seller] FindImage: not found (C:\Users\link\Documents\GitHub\osrs-automation\Bots\..\Images\store-marker.png, 16 ms)
2026-07-22 15:13:33 [seller] FindImage: not found (C:\Users\link\Documents\GitHub\osrs-automation\Bots\..\Images\store-marker.png, 0 ms)
2026-07-22 15:13:33 [seller] FindImage: not found (C:\Users\link\Documents\GitHub\osrs-automation\Bots\..\Images\store-marker.png, 0 ms)
2026-07-22 15:13:33 [seller] FindImage: not found (C:\Users\link\Documents\GitHub\osrs-automation\Bots\..\Images\store-marker.png, 0 ms)
2026-07-22 15:13:33 [seller] FindImage: not found (C:\Users\link\Documents\GitHub\osrs-automation\Bots\..\Images\store-marker.png, 15 ms)
2026-07-22 15:13:33 [seller] FindImage: not found (C:\Users\link\Documents\GitHub\osrs-automation\Bots\..\Images\store-marker.png, 0 ms)
2026-07-22 15:13:33 [seller] FindImage: not found (C:\Users\link\Documents\GitHub\osrs-automation\Bots\..\Images\store-marker.png, 0 ms)
2026-07-22 15:13:34 [seller] FindImage: not found (C:\Users\link\Documents\GitHub\osrs-automation\Bots\..\Images\store-marker.png, 0 ms)
2026-07-22 15:13:34 [seller] FindImage: not found (C:\Users\link\Documents\GitHub\osrs-automation\Bots\..\Images\store-marker.png, 0 ms)
2026-07-22 15:13:34 [seller] FindImage: found at 761,807 (C:\Users\link\Documents\GitHub\osrs-automation\Bots\..\Images\store-marker.png, 15 ms)
2026-07-22 15:13:34 [seller] Seller: clicking inventory slot 1 at 2135,833
2026-07-22 15:13:34 [seller] Seller: waiting for store marker to close
2026-07-22 15:13:34 [seller] FindImage: not found (C:\Users\link\Documents\GitHub\osrs-automation\Bots\..\Images\store-marker.png, 16 ms)
2026-07-22 15:13:35 [seller] Seller: waiting for world-switch marker
2026-07-22 15:13:35 [seller] FindImage: not found (C:\Users\link\Documents\GitHub\osrs-automation\Bots\..\Images\world-switch-marker.png, 15 ms)
2026-07-22 15:13:35 [seller] FindImage: not found (C:\Users\link\Documents\GitHub\osrs-automation\Bots\..\Images\world-switch-marker.png, 16 ms)
2026-07-22 15:13:35 [seller] FindImage: not found (C:\Users\link\Documents\GitHub\osrs-automation\Bots\..\Images\world-switch-marker.png, 15 ms)
2026-07-22 15:13:35 [seller] FindImage: not found (C:\Users\link\Documents\GitHub\osrs-automation\Bots\..\Images\world-switch-marker.png, 16 ms)
2026-07-22 15:13:35 [seller] FindImage: not found (C:\Users\link\Documents\GitHub\osrs-automation\Bots\..\Images\world-switch-marker.png, 15 ms)
2026-07-22 15:13:36 [seller] FindImage: not found (C:\Users\link\Documents\GitHub\osrs-automation\Bots\..\Images\world-switch-marker.png, 16 ms)
2026-07-22 15:13:36 [seller] FindImage: found at 131,1190 (C:\Users\link\Documents\GitHub\osrs-automation\Bots\..\Images\world-switch-marker.png, 15 ms)
2026-07-22 15:13:36 [seller] Seller: waiting for store marker
2026-07-22 15:13:36 [seller] FindImage: not found (C:\Users\link\Documents\GitHub\osrs-automation\Bots\..\Images\store-marker.png, 16 ms)
2026-07-22 15:13:36 [seller] FindImage: not found (C:\Users\link\Documents\GitHub\osrs-automation\Bots\..\Images\store-marker.png, 15 ms)
2026-07-22 15:13:36 [seller] FindImage: not found (C:\Users\link\Documents\GitHub\osrs-automation\Bots\..\Images\store-marker.png, 16 ms)
2026-07-22 15:13:37 [seller] FindImage: not found (C:\Users\link\Documents\GitHub\osrs-automation\Bots\..\Images\store-marker.png, 15 ms)
2026-07-22 15:13:37 [seller] FindImage: not found (C:\Users\link\Documents\GitHub\osrs-automation\Bots\..\Images\store-marker.png, 16 ms)
2026-07-22 15:13:37 [seller] FindImage: not found (C:\Users\link\Documents\GitHub\osrs-automation\Bots\..\Images\store-marker.png, 15 ms)
2026-07-22 15:13:37 [seller] FindImage: not found (C:\Users\link\Documents\GitHub\osrs-automation\Bots\..\Images\store-marker.png, 16 ms)
2026-07-22 15:13:37 [seller] FindImage: not found (C:\Users\link\Documents\GitHub\osrs-automation\Bots\..\Images\store-marker.png, 15 ms)
2026-07-22 15:13:38 [seller] FindImage: not found (C:\Users\link\Documents\GitHub\osrs-automation\Bots\..\Images\store-marker.png, 16 ms)
2026-07-22 15:13:38 [seller] FindImage: not found (C:\Users\link\Documents\GitHub\osrs-automation\Bots\..\Images\store-marker.png, 15 ms)
2026-07-22 15:13:38 [seller] FindImage: not found (C:\Users\link\Documents\GitHub\osrs-automation\Bots\..\Images\store-marker.png, 0 ms)
2026-07-22 15:13:38 [seller] FindImage: not found (C:\Users\link\Documents\GitHub\osrs-automation\Bots\..\Images\store-marker.png, 0 ms)
2026-07-22 15:13:38 [seller] FindImage: not found (C:\Users\link\Documents\GitHub\osrs-automation\Bots\..\Images\store-marker.png, 0 ms)
2026-07-22 15:13:39 [seller] FindImage: not found (C:\Users\link\Documents\GitHub\osrs-automation\Bots\..\Images\store-marker.png, 15 ms)
2026-07-22 15:13:39 [seller] FindImage: not found (C:\Users\link\Documents\GitHub\osrs-automation\Bots\..\Images\store-marker.png, 16 ms)
2026-07-22 15:13:39 [seller] FindImage: not found (C:\Users\link\Documents\GitHub\osrs-automation\Bots\..\Images\store-marker.png, 15 ms)
2026-07-22 15:13:39 [seller] FindImage: not found (C:\Users\link\Documents\GitHub\osrs-automation\Bots\..\Images\store-marker.png, 16 ms)
2026-07-22 15:13:39 [seller] FindImage: not found (C:\Users\link\Documents\GitHub\osrs-automation\Bots\..\Images\store-marker.png, 15 ms)
2026-07-22 15:13:39 [seller] FindImage: not found (C:\Users\link\Documents\GitHub\osrs-automation\Bots\..\Images\store-marker.png, 16 ms)
2026-07-22 15:13:40 [seller] FindImage: not found (C:\Users\link\Documents\GitHub\osrs-automation\Bots\..\Images\store-marker.png, 15 ms)
2026-07-22 15:13:40 [seller] FindImage: not found (C:\Users\link\Documents\GitHub\osrs-automation\Bots\..\Images\store-marker.png, 16 ms)
2026-07-22 15:13:40 [seller] FindImage: not found (C:\Users\link\Documents\GitHub\osrs-automation\Bots\..\Images\store-marker.png, 15 ms)
2026-07-22 15:13:40 [seller] FindImage: not found (C:\Users\link\Documents\GitHub\osrs-automation\Bots\..\Images\store-marker.png, 0 ms)
2026-07-22 15:13:40 [seller] FindImage: not found (C:\Users\link\Documents\GitHub\osrs-automation\Bots\..\Images\store-marker.png, 16 ms)
2026-07-22 15:13:41 [seller] FindImage: not found (C:\Users\link\Documents\GitHub\osrs-automation\Bots\..\Images\store-marker.png, 15 ms)
2026-07-22 15:13:41 [seller] FindImage: not found (C:\Users\link\Documents\GitHub\osrs-automation\Bots\..\Images\store-marker.png, 0 ms)
2026-07-22 15:13:41 [seller] FindImage: not found (C:\Users\link\Documents\GitHub\osrs-automation\Bots\..\Images\store-marker.png, 0 ms)
2026-07-22 15:13:41 [seller] FindImage: not found (C:\Users\link\Documents\GitHub\osrs-automation\Bots\..\Images\store-marker.png, 0 ms)
2026-07-22 15:13:41 [seller] FindImage: not found (C:\Users\link\Documents\GitHub\osrs-automation\Bots\..\Images\store-marker.png, 16 ms)
2026-07-22 15:13:41 [seller] FindImage: not found (C:\Users\link\Documents\GitHub\osrs-automation\Bots\..\Images\store-marker.png, 15 ms)
2026-07-22 15:13:42 [seller] FindImage: not found (C:\Users\link\Documents\GitHub\osrs-automation\Bots\..\Images\store-marker.png, 16 ms)
2026-07-22 15:13:42 [seller] FindImage: not found (C:\Users\link\Documents\GitHub\osrs-automation\Bots\..\Images\store-marker.png, 15 ms)
2026-07-22 15:13:42 [seller] FindImage: not found (C:\Users\link\Documents\GitHub\osrs-automation\Bots\..\Images\store-marker.png, 16 ms)
2026-07-22 15:13:42 [seller] FindImage: not found (C:\Users\link\Documents\GitHub\osrs-automation\Bots\..\Images\store-marker.png, 15 ms)
2026-07-22 15:13:42 [seller] FindImage: not found (C:\Users\link\Documents\GitHub\osrs-automation\Bots\..\Images\store-marker.png, 15 ms)
2026-07-22 15:13:43 [seller] FindImage: not found (C:\Users\link\Documents\GitHub\osrs-automation\Bots\..\Images\store-marker.png, 0 ms)
2026-07-22 15:13:43 [seller] FindImage: not found (C:\Users\link\Documents\GitHub\osrs-automation\Bots\..\Images\store-marker.png, 16 ms)
2026-07-22 15:13:43 [seller] FindImage: not found (C:\Users\link\Documents\GitHub\osrs-automation\Bots\..\Images\store-marker.png, 0 ms)
2026-07-22 15:13:43 [seller] FindImage: not found (C:\Users\link\Documents\GitHub\osrs-automation\Bots\..\Images\store-marker.png, 16 ms)
2026-07-22 15:13:43 [seller] FindImage: not found (C:\Users\link\Documents\GitHub\osrs-automation\Bots\..\Images\store-marker.png, 16 ms)
2026-07-22 15:13:44 [seller] FindImage: not found (C:\Users\link\Documents\GitHub\osrs-automation\Bots\..\Images\store-marker.png, 16 ms)
2026-07-22 15:13:44 [seller] FindImage: not found (C:\Users\link\Documents\GitHub\osrs-automation\Bots\..\Images\store-marker.png, 16 ms)
2026-07-22 15:13:44 [seller] FindImage: not found (C:\Users\link\Documents\GitHub\osrs-automation\Bots\..\Images\store-marker.png, 16 ms)
2026-07-22 15:13:44 [seller] FindImage: not found (C:\Users\link\Documents\GitHub\osrs-automation\Bots\..\Images\store-marker.png, 0 ms)
2026-07-22 15:13:44 [seller] FindImage: not found (C:\Users\link\Documents\GitHub\osrs-automation\Bots\..\Images\store-marker.png, 0 ms)
2026-07-22 15:13:44 [seller] FindImage: not found (C:\Users\link\Documents\GitHub\osrs-automation\Bots\..\Images\store-marker.png, 15 ms)
2026-07-22 15:13:45 [seller] FindImage: not found (C:\Users\link\Documents\GitHub\osrs-automation\Bots\..\Images\store-marker.png, 16 ms)
2026-07-22 15:13:45 [seller] FindImage: not found (C:\Users\link\Documents\GitHub\osrs-automation\Bots\..\Images\store-marker.png, 15 ms)
2026-07-22 15:13:45 [seller] FindImage: not found (C:\Users\link\Documents\GitHub\osrs-automation\Bots\..\Images\store-marker.png, 16 ms)
2026-07-22 15:13:45 [seller] FindImage: not found (C:\Users\link\Documents\GitHub\osrs-automation\Bots\..\Images\store-marker.png, 15 ms)
2026-07-22 15:13:45 [seller] FindImage: not found (C:\Users\link\Documents\GitHub\osrs-automation\Bots\..\Images\store-marker.png, 16 ms)
2026-07-22 15:13:46 [seller] FindImage: not found (C:\Users\link\Documents\GitHub\osrs-automation\Bots\..\Images\store-marker.png, 15 ms)
2026-07-22 15:13:46 [seller] FindImage: found at 761,807 (C:\Users\link\Documents\GitHub\osrs-automation\Bots\..\Images\store-marker.png, 0 ms)
2026-07-22 15:13:46 [seller] Seller: clicking inventory slot 1 at 2135,833
2026-07-22 15:13:46 [seller] Seller: waiting for store marker to close
2026-07-22 15:13:46 [seller] FindImage: not found (C:\Users\link\Documents\GitHub\osrs-automation\Bots\..\Images\store-marker.png, 16 ms)
2026-07-22 15:13:46 [seller] Seller: waiting for world-switch marker
2026-07-22 15:13:46 [seller] FindImage: not found (C:\Users\link\Documents\GitHub\osrs-automation\Bots\..\Images\world-switch-marker.png, 15 ms)
2026-07-22 15:13:47 [seller] FindImage: not found (C:\Users\link\Documents\GitHub\osrs-automation\Bots\..\Images\world-switch-marker.png, 16 ms)
2026-07-22 15:13:47 [seller] FindImage: not found (C:\Users\link\Documents\GitHub\osrs-automation\Bots\..\Images\world-switch-marker.png, 15 ms)
2026-07-22 15:13:47 [seller] FindImage: not found (C:\Users\link\Documents\GitHub\osrs-automation\Bots\..\Images\world-switch-marker.png, 16 ms)
2026-07-22 15:13:47 [seller] FindImage: not found (C:\Users\link\Documents\GitHub\osrs-automation\Bots\..\Images\world-switch-marker.png, 15 ms)
2026-07-22 15:13:47 [seller] FindImage: not found (C:\Users\link\Documents\GitHub\osrs-automation\Bots\..\Images\world-switch-marker.png, 0 ms)
2026-07-22 15:13:47 [seller] FindImage: not found (C:\Users\link\Documents\GitHub\osrs-automation\Bots\..\Images\world-switch-marker.png, 0 ms)
2026-07-22 15:13:48 [seller] FindImage: found at 131,1190 (C:\Users\link\Documents\GitHub\osrs-automation\Bots\..\Images\world-switch-marker.png, 0 ms)
2026-07-22 15:13:48 [seller] Seller: waiting for store marker
2026-07-22 15:13:48 [seller] FindImage: not found (C:\Users\link\Documents\GitHub\osrs-automation\Bots\..\Images\store-marker.png, 16 ms)
2026-07-22 15:13:48 [seller] FindImage: not found (C:\Users\link\Documents\GitHub\osrs-automation\Bots\..\Images\store-marker.png, 16 ms)
2026-07-22 15:13:48 [seller] FindImage: not found (C:\Users\link\Documents\GitHub\osrs-automation\Bots\..\Images\store-marker.png, 16 ms)
2026-07-22 15:13:49 [seller] FindImage: not found (C:\Users\link\Documents\GitHub\osrs-automation\Bots\..\Images\store-marker.png, 16 ms)
2026-07-22 15:13:49 [seller] FindImage: not found (C:\Users\link\Documents\GitHub\osrs-automation\Bots\..\Images\store-marker.png, 16 ms)
2026-07-22 15:13:49 [seller] FindImage: not found (C:\Users\link\Documents\GitHub\osrs-automation\Bots\..\Images\store-marker.png, 16 ms)
2026-07-22 15:13:49 [seller] FindImage: not found (C:\Users\link\Documents\GitHub\osrs-automation\Bots\..\Images\store-marker.png, 0 ms)
2026-07-22 15:13:49 [seller] FindImage: not found (C:\Users\link\Documents\GitHub\osrs-automation\Bots\..\Images\store-marker.png, 16 ms)
2026-07-22 15:13:50 [seller] FindImage: not found (C:\Users\link\Documents\GitHub\osrs-automation\Bots\..\Images\store-marker.png, 0 ms)
2026-07-22 15:13:50 [seller] FindImage: not found (C:\Users\link\Documents\GitHub\osrs-automation\Bots\..\Images\store-marker.png, 0 ms)
2026-07-22 15:13:50 [seller] FindImage: not found (C:\Users\link\Documents\GitHub\osrs-automation\Bots\..\Images\store-marker.png, 0 ms)
2026-07-22 15:13:50 [seller] FindImage: not found (C:\Users\link\Documents\GitHub\osrs-automation\Bots\..\Images\store-marker.png, 0 ms)
2026-07-22 15:13:50 [seller] FindImage: not found (C:\Users\link\Documents\GitHub\osrs-automation\Bots\..\Images\store-marker.png, 16 ms)
2026-07-22 15:13:50 [seller] FindImage: not found (C:\Users\link\Documents\GitHub\osrs-automation\Bots\..\Images\store-marker.png, 16 ms)
2026-07-22 15:13:51 [seller] FindImage: not found (C:\Users\link\Documents\GitHub\osrs-automation\Bots\..\Images\store-marker.png, 16 ms)
2026-07-22 15:13:51 [seller] FindImage: not found (C:\Users\link\Documents\GitHub\osrs-automation\Bots\..\Images\store-marker.png, 16 ms)
2026-07-22 15:13:51 [seller] FindImage: not found (C:\Users\link\Documents\GitHub\osrs-automation\Bots\..\Images\store-marker.png, 16 ms)
2026-07-22 15:13:51 [seller] FindImage: not found (C:\Users\link\Documents\GitHub\osrs-automation\Bots\..\Images\store-marker.png, 0 ms)
2026-07-22 15:13:51 [seller] FindImage: not found (C:\Users\link\Documents\GitHub\osrs-automation\Bots\..\Images\store-marker.png, 16 ms)
2026-07-22 15:13:52 [seller] FindImage: not found (C:\Users\link\Documents\GitHub\osrs-automation\Bots\..\Images\store-marker.png, 16 ms)
2026-07-22 15:13:52 [seller] FindImage: not found (C:\Users\link\Documents\GitHub\osrs-automation\Bots\..\Images\store-marker.png, 16 ms)
2026-07-22 15:13:52 [seller] FindImage: not found (C:\Users\link\Documents\GitHub\osrs-automation\Bots\..\Images\store-marker.png, 16 ms)
2026-07-22 15:13:52 [seller] FindImage: not found (C:\Users\link\Documents\GitHub\osrs-automation\Bots\..\Images\store-marker.png, 16 ms)
2026-07-22 15:13:52 [seller] FindImage: not found (C:\Users\link\Documents\GitHub\osrs-automation\Bots\..\Images\store-marker.png, 16 ms)
2026-07-22 15:13:52 [seller] FindImage: not found (C:\Users\link\Documents\GitHub\osrs-automation\Bots\..\Images\store-marker.png, 16 ms)
2026-07-22 15:13:53 [seller] FindImage: not found (C:\Users\link\Documents\GitHub\osrs-automation\Bots\..\Images\store-marker.png, 0 ms)
2026-07-22 15:13:53 [seller] FindImage: not found (C:\Users\link\Documents\GitHub\osrs-automation\Bots\..\Images\store-marker.png, 0 ms)
2026-07-22 15:13:53 [seller] FindImage: not found (C:\Users\link\Documents\GitHub\osrs-automation\Bots\..\Images\store-marker.png, 0 ms)
2026-07-22 15:13:53 [seller] FindImage: not found (C:\Users\link\Documents\GitHub\osrs-automation\Bots\..\Images\store-marker.png, 16 ms)
2026-07-22 15:13:53 [seller] FindImage: not found (C:\Users\link\Documents\GitHub\osrs-automation\Bots\..\Images\store-marker.png, 15 ms)
2026-07-22 15:13:54 [seller] FindImage: not found (C:\Users\link\Documents\GitHub\osrs-automation\Bots\..\Images\store-marker.png, 16 ms)
2026-07-22 15:13:54 [seller] FindImage: not found (C:\Users\link\Documents\GitHub\osrs-automation\Bots\..\Images\store-marker.png, 15 ms)
2026-07-22 15:13:54 [seller] FindImage: not found (C:\Users\link\Documents\GitHub\osrs-automation\Bots\..\Images\store-marker.png, 16 ms)
2026-07-22 15:13:54 [seller] FindImage: not found (C:\Users\link\Documents\GitHub\osrs-automation\Bots\..\Images\store-marker.png, 0 ms)
2026-07-22 15:13:54 [seller] FindImage: not found (C:\Users\link\Documents\GitHub\osrs-automation\Bots\..\Images\store-marker.png, 0 ms)
2026-07-22 15:13:54 [seller] FindImage: not found (C:\Users\link\Documents\GitHub\osrs-automation\Bots\..\Images\store-marker.png, 0 ms)
2026-07-22 15:13:55 [seller] FindImage: not found (C:\Users\link\Documents\GitHub\osrs-automation\Bots\..\Images\store-marker.png, 0 ms)
2026-07-22 15:13:55 [seller] FindImage: not found (C:\Users\link\Documents\GitHub\osrs-automation\Bots\..\Images\store-marker.png, 16 ms)
2026-07-22 15:13:55 [seller] FindImage: not found (C:\Users\link\Documents\GitHub\osrs-automation\Bots\..\Images\store-marker.png, 16 ms)
2026-07-22 15:13:55 [seller] FindImage: not found (C:\Users\link\Documents\GitHub\osrs-automation\Bots\..\Images\store-marker.png, 16 ms)
2026-07-22 15:13:55 [seller] FindImage: not found (C:\Users\link\Documents\GitHub\osrs-automation\Bots\..\Images\store-marker.png, 16 ms)
2026-07-22 15:13:56 [seller] FindImage: not found (C:\Users\link\Documents\GitHub\osrs-automation\Bots\..\Images\store-marker.png, 16 ms)
2026-07-22 15:13:56 [seller] FindImage: not found (C:\Users\link\Documents\GitHub\osrs-automation\Bots\..\Images\store-marker.png, 16 ms)
2026-07-22 15:13:56 [seller] FindImage: not found (C:\Users\link\Documents\GitHub\osrs-automation\Bots\..\Images\store-marker.png, 16 ms)
2026-07-22 15:13:56 [seller] FindImage: not found (C:\Users\link\Documents\GitHub\osrs-automation\Bots\..\Images\store-marker.png, 16 ms)
2026-07-22 15:13:56 [seller] FindImage: not found (C:\Users\link\Documents\GitHub\osrs-automation\Bots\..\Images\store-marker.png, 16 ms)
2026-07-22 15:13:57 [seller] FindImage: not found (C:\Users\link\Documents\GitHub\osrs-automation\Bots\..\Images\store-marker.png, 16 ms)
2026-07-22 15:13:57 [seller] FindImage: not found (C:\Users\link\Documents\GitHub\osrs-automation\Bots\..\Images\store-marker.png, 16 ms)
2026-07-22 15:13:57 [seller] FindImage: not found (C:\Users\link\Documents\GitHub\osrs-automation\Bots\..\Images\store-marker.png, 16 ms)
2026-07-22 15:13:57 [seller] FindImage: found at 761,807 (C:\Users\link\Documents\GitHub\osrs-automation\Bots\..\Images\store-marker.png, 16 ms)
2026-07-22 15:13:57 [seller] Seller: clicking inventory slot 1 at 2135,833
2026-07-22 15:13:58 [seller] Seller: waiting for store marker to close
2026-07-22 15:13:58 [seller] FindImage: not found (C:\Users\link\Documents\GitHub\osrs-automation\Bots\..\Images\store-marker.png, 15 ms)
2026-07-22 15:13:58 [seller] Seller: waiting for world-switch marker
2026-07-22 15:13:58 [seller] FindImage: not found (C:\Users\link\Documents\GitHub\osrs-automation\Bots\..\Images\world-switch-marker.png, 16 ms)
2026-07-22 15:13:58 [seller] FindImage: not found (C:\Users\link\Documents\GitHub\osrs-automation\Bots\..\Images\world-switch-marker.png, 0 ms)
2026-07-22 15:13:58 [seller] FindImage: not found (C:\Users\link\Documents\GitHub\osrs-automation\Bots\..\Images\world-switch-marker.png, 16 ms)
2026-07-22 15:13:58 [seller] FindImage: not found (C:\Users\link\Documents\GitHub\osrs-automation\Bots\..\Images\world-switch-marker.png, 15 ms)
2026-07-22 15:13:59 [seller] FindImage: not found (C:\Users\link\Documents\GitHub\osrs-automation\Bots\..\Images\world-switch-marker.png, 0 ms)
2026-07-22 15:13:59 [seller] FindImage: not found (C:\Users\link\Documents\GitHub\osrs-automation\Bots\..\Images\world-switch-marker.png, 16 ms)
2026-07-22 15:13:59 [seller] FindImage: found at 131,1190 (C:\Users\link\Documents\GitHub\osrs-automation\Bots\..\Images\world-switch-marker.png, 16 ms)
2026-07-22 15:13:59 [seller] Seller: waiting for store marker
2026-07-22 15:13:59 [seller] FindImage: not found (C:\Users\link\Documents\GitHub\osrs-automation\Bots\..\Images\store-marker.png, 15 ms)
2026-07-22 15:13:59 [seller] FindImage: not found (C:\Users\link\Documents\GitHub\osrs-automation\Bots\..\Images\store-marker.png, 16 ms)
2026-07-22 15:14:00 [seller] FindImage: not found (C:\Users\link\Documents\GitHub\osrs-automation\Bots\..\Images\store-marker.png, 15 ms)
2026-07-22 15:14:00 [seller] FindImage: not found (C:\Users\link\Documents\GitHub\osrs-automation\Bots\..\Images\store-marker.png, 16 ms)
2026-07-22 15:14:00 [seller] FindImage: not found (C:\Users\link\Documents\GitHub\osrs-automation\Bots\..\Images\store-marker.png, 15 ms)
2026-07-22 15:14:00 [seller] FindImage: not found (C:\Users\link\Documents\GitHub\osrs-automation\Bots\..\Images\store-marker.png, 16 ms)
2026-07-22 15:14:00 [seller] FindImage: not found (C:\Users\link\Documents\GitHub\osrs-automation\Bots\..\Images\store-marker.png, 15 ms)
2026-07-22 15:14:01 [seller] FindImage: not found (C:\Users\link\Documents\GitHub\osrs-automation\Bots\..\Images\store-marker.png, 16 ms)
2026-07-22 15:14:01 [seller] FindImage: not found (C:\Users\link\Documents\GitHub\osrs-automation\Bots\..\Images\store-marker.png, 15 ms)
2026-07-22 15:14:01 [seller] FindImage: not found (C:\Users\link\Documents\GitHub\osrs-automation\Bots\..\Images\store-marker.png, 16 ms)
2026-07-22 15:14:01 [seller] FindImage: not found (C:\Users\link\Documents\GitHub\osrs-automation\Bots\..\Images\store-marker.png, 15 ms)
2026-07-22 15:14:01 [seller] FindImage: not found (C:\Users\link\Documents\GitHub\osrs-automation\Bots\..\Images\store-marker.png, 16 ms)
2026-07-22 15:14:01 [seller] FindImage: not found (C:\Users\link\Documents\GitHub\osrs-automation\Bots\..\Images\store-marker.png, 15 ms)
2026-07-22 15:14:02 [seller] FindImage: not found (C:\Users\link\Documents\GitHub\osrs-automation\Bots\..\Images\store-marker.png, 16 ms)
2026-07-22 15:14:02 [seller] FindImage: not found (C:\Users\link\Documents\GitHub\osrs-automation\Bots\..\Images\store-marker.png, 15 ms)
2026-07-22 15:14:02 [seller] FindImage: not found (C:\Users\link\Documents\GitHub\osrs-automation\Bots\..\Images\store-marker.png, 16 ms)
2026-07-22 15:14:02 [seller] FindImage: not found (C:\Users\link\Documents\GitHub\osrs-automation\Bots\..\Images\store-marker.png, 15 ms)
2026-07-22 15:14:02 [seller] FindImage: not found (C:\Users\link\Documents\GitHub\osrs-automation\Bots\..\Images\store-marker.png, 16 ms)
2026-07-22 15:14:03 [seller] FindImage: not found (C:\Users\link\Documents\GitHub\osrs-automation\Bots\..\Images\store-marker.png, 15 ms)
2026-07-22 15:14:03 [seller] FindImage: not found (C:\Users\link\Documents\GitHub\osrs-automation\Bots\..\Images\store-marker.png, 16 ms)
2026-07-22 15:14:03 [seller] FindImage: not found (C:\Users\link\Documents\GitHub\osrs-automation\Bots\..\Images\store-marker.png, 15 ms)
2026-07-22 15:14:03 [seller] FindImage: not found (C:\Users\link\Documents\GitHub\osrs-automation\Bots\..\Images\store-marker.png, 16 ms)
2026-07-22 15:14:03 [seller] FindImage: not found (C:\Users\link\Documents\GitHub\osrs-automation\Bots\..\Images\store-marker.png, 15 ms)
2026-07-22 15:14:04 [seller] FindImage: not found (C:\Users\link\Documents\GitHub\osrs-automation\Bots\..\Images\store-marker.png, 16 ms)
2026-07-22 15:14:04 [seller] FindImage: not found (C:\Users\link\Documents\GitHub\osrs-automation\Bots\..\Images\store-marker.png, 15 ms)
2026-07-22 15:14:04 [seller] FindImage: not found (C:\Users\link\Documents\GitHub\osrs-automation\Bots\..\Images\store-marker.png, 16 ms)
2026-07-22 15:14:04 [seller] FindImage: not found (C:\Users\link\Documents\GitHub\osrs-automation\Bots\..\Images\store-marker.png, 15 ms)
2026-07-22 15:14:04 [seller] FindImage: not found (C:\Users\link\Documents\GitHub\osrs-automation\Bots\..\Images\store-marker.png, 16 ms)
2026-07-22 15:14:04 [seller] FindImage: not found (C:\Users\link\Documents\GitHub\osrs-automation\Bots\..\Images\store-marker.png, 15 ms)
2026-07-22 15:14:05 [seller] FindImage: not found (C:\Users\link\Documents\GitHub\osrs-automation\Bots\..\Images\store-marker.png, 16 ms)
2026-07-22 15:14:05 [seller] FindImage: not found (C:\Users\link\Documents\GitHub\osrs-automation\Bots\..\Images\store-marker.png, 15 ms)
2026-07-22 15:14:05 [seller] FindImage: not found (C:\Users\link\Documents\GitHub\osrs-automation\Bots\..\Images\store-marker.png, 0 ms)
2026-07-22 15:14:05 [seller] FindImage: not found (C:\Users\link\Documents\GitHub\osrs-automation\Bots\..\Images\store-marker.png, 0 ms)
2026-07-22 15:14:05 [seller] FindImage: not found (C:\Users\link\Documents\GitHub\osrs-automation\Bots\..\Images\store-marker.png, 0 ms)
2026-07-22 15:14:06 [seller] FindImage: not found (C:\Users\link\Documents\GitHub\osrs-automation\Bots\..\Images\store-marker.png, 16 ms)
2026-07-22 15:14:06 [seller] FindImage: not found (C:\Users\link\Documents\GitHub\osrs-automation\Bots\..\Images\store-marker.png, 16 ms)
2026-07-22 15:14:06 [seller] FindImage: not found (C:\Users\link\Documents\GitHub\osrs-automation\Bots\..\Images\store-marker.png, 0 ms)
2026-07-22 15:14:06 [seller] FindImage: not found (C:\Users\link\Documents\GitHub\osrs-automation\Bots\..\Images\store-marker.png, 0 ms)
2026-07-22 15:14:06 [seller] FindImage: not found (C:\Users\link\Documents\GitHub\osrs-automation\Bots\..\Images\store-marker.png, 0 ms)
2026-07-22 15:14:06 [seller] FindImage: not found (C:\Users\link\Documents\GitHub\osrs-automation\Bots\..\Images\store-marker.png, 0 ms)
2026-07-22 15:14:07 [seller] FindImage: not found (C:\Users\link\Documents\GitHub\osrs-automation\Bots\..\Images\store-marker.png, 0 ms)
2026-07-22 15:14:07 [seller] FindImage: not found (C:\Users\link\Documents\GitHub\osrs-automation\Bots\..\Images\store-marker.png, 16 ms)
2026-07-22 15:14:07 [seller] FindImage: not found (C:\Users\link\Documents\GitHub\osrs-automation\Bots\..\Images\store-marker.png, 16 ms)
2026-07-22 15:14:07 [seller] FindImage: not found (C:\Users\link\Documents\GitHub\osrs-automation\Bots\..\Images\store-marker.png, 16 ms)
2026-07-22 15:14:07 [seller] FindImage: not found (C:\Users\link\Documents\GitHub\osrs-automation\Bots\..\Images\store-marker.png, 16 ms)
2026-07-22 15:14:08 [seller] FindImage: not found (C:\Users\link\Documents\GitHub\osrs-automation\Bots\..\Images\store-marker.png, 16 ms)
2026-07-22 15:14:08 [seller] FindImage: found at 761,807 (C:\Users\link\Documents\GitHub\osrs-automation\Bots\..\Images\store-marker.png, 16 ms)
2026-07-22 15:14:08 [seller] Seller: clicking inventory slot 1 at 2135,833
2026-07-22 15:14:08 [seller] Seller: waiting for store marker to close
2026-07-22 15:14:08 [seller] FindImage: not found (C:\Users\link\Documents\GitHub\osrs-automation\Bots\..\Images\store-marker.png, 16 ms)
2026-07-22 15:14:08 [seller] Seller: waiting for world-switch marker
2026-07-22 15:14:08 [seller] FindImage: not found (C:\Users\link\Documents\GitHub\osrs-automation\Bots\..\Images\world-switch-marker.png, 15 ms)
2026-07-22 15:14:09 [seller] FindImage: not found (C:\Users\link\Documents\GitHub\osrs-automation\Bots\..\Images\world-switch-marker.png, 0 ms)
2026-07-22 15:14:09 [seller] FindImage: not found (C:\Users\link\Documents\GitHub\osrs-automation\Bots\..\Images\world-switch-marker.png, 0 ms)
2026-07-22 15:14:09 [seller] FindImage: not found (C:\Users\link\Documents\GitHub\osrs-automation\Bots\..\Images\world-switch-marker.png, 0 ms)
2026-07-22 15:14:09 [seller] FindImage: not found (C:\Users\link\Documents\GitHub\osrs-automation\Bots\..\Images\world-switch-marker.png, 0 ms)
2026-07-22 15:14:09 [seller] FindImage: not found (C:\Users\link\Documents\GitHub\osrs-automation\Bots\..\Images\world-switch-marker.png, 0 ms)
2026-07-22 15:14:10 [seller] FindImage: not found (C:\Users\link\Documents\GitHub\osrs-automation\Bots\..\Images\world-switch-marker.png, 15 ms)
2026-07-22 15:14:10 [seller] FindImage: found at 131,1190 (C:\Users\link\Documents\GitHub\osrs-automation\Bots\..\Images\world-switch-marker.png, 0 ms)
2026-07-22 15:14:10 [seller] Seller: waiting for store marker
2026-07-22 15:14:10 [seller] FindImage: not found (C:\Users\link\Documents\GitHub\osrs-automation\Bots\..\Images\store-marker.png, 0 ms)
2026-07-22 15:14:10 [seller] FindImage: not found (C:\Users\link\Documents\GitHub\osrs-automation\Bots\..\Images\store-marker.png, 0 ms)
2026-07-22 15:14:10 [seller] FindImage: not found (C:\Users\link\Documents\GitHub\osrs-automation\Bots\..\Images\store-marker.png, 0 ms)
2026-07-22 15:14:11 [seller] FindImage: not found (C:\Users\link\Documents\GitHub\osrs-automation\Bots\..\Images\store-marker.png, 0 ms)
2026-07-22 15:14:11 [seller] FindImage: not found (C:\Users\link\Documents\GitHub\osrs-automation\Bots\..\Images\store-marker.png, 0 ms)
2026-07-22 15:14:11 [seller] FindImage: not found (C:\Users\link\Documents\GitHub\osrs-automation\Bots\..\Images\store-marker.png, 0 ms)
2026-07-22 15:14:11 [seller] FindImage: not found (C:\Users\link\Documents\GitHub\osrs-automation\Bots\..\Images\store-marker.png, 0 ms)
2026-07-22 15:14:11 [seller] FindImage: not found (C:\Users\link\Documents\GitHub\osrs-automation\Bots\..\Images\store-marker.png, 0 ms)
2026-07-22 15:14:11 [seller] FindImage: not found (C:\Users\link\Documents\GitHub\osrs-automation\Bots\..\Images\store-marker.png, 15 ms)
2026-07-22 15:14:12 [seller] FindImage: not found (C:\Users\link\Documents\GitHub\osrs-automation\Bots\..\Images\store-marker.png, 0 ms)
2026-07-22 15:14:12 [seller] FindImage: not found (C:\Users\link\Documents\GitHub\osrs-automation\Bots\..\Images\store-marker.png, 0 ms)
2026-07-22 15:14:12 [seller] FindImage: not found (C:\Users\link\Documents\GitHub\osrs-automation\Bots\..\Images\store-marker.png, 15 ms)
2026-07-22 15:14:12 [seller] FindImage: not found (C:\Users\link\Documents\GitHub\osrs-automation\Bots\..\Images\store-marker.png, 16 ms)
2026-07-22 15:14:12 [seller] FindImage: not found (C:\Users\link\Documents\GitHub\osrs-automation\Bots\..\Images\store-marker.png, 15 ms)
2026-07-22 15:14:13 [seller] FindImage: not found (C:\Users\link\Documents\GitHub\osrs-automation\Bots\..\Images\store-marker.png, 0 ms)
2026-07-22 15:14:13 [seller] FindImage: not found (C:\Users\link\Documents\GitHub\osrs-automation\Bots\..\Images\store-marker.png, 0 ms)
2026-07-22 15:14:13 [seller] FindImage: not found (C:\Users\link\Documents\GitHub\osrs-automation\Bots\..\Images\store-marker.png, 0 ms)
2026-07-22 15:14:13 [seller] FindImage: not found (C:\Users\link\Documents\GitHub\osrs-automation\Bots\..\Images\store-marker.png, 0 ms)
2026-07-22 15:14:13 [seller] FindImage: not found (C:\Users\link\Documents\GitHub\osrs-automation\Bots\..\Images\store-marker.png, 0 ms)
2026-07-22 15:14:13 [seller] FindImage: not found (C:\Users\link\Documents\GitHub\osrs-automation\Bots\..\Images\store-marker.png, 0 ms)
2026-07-22 15:14:14 [seller] FindImage: not found (C:\Users\link\Documents\GitHub\osrs-automation\Bots\..\Images\store-marker.png, 0 ms)
2026-07-22 15:14:14 [seller] FindImage: not found (C:\Users\link\Documents\GitHub\osrs-automation\Bots\..\Images\store-marker.png, 16 ms)
2026-07-22 15:14:14 [seller] FindImage: not found (C:\Users\link\Documents\GitHub\osrs-automation\Bots\..\Images\store-marker.png, 15 ms)
2026-07-22 15:14:14 [seller] FindImage: not found (C:\Users\link\Documents\GitHub\osrs-automation\Bots\..\Images\store-marker.png, 16 ms)
2026-07-22 15:14:14 [seller] FindImage: not found (C:\Users\link\Documents\GitHub\osrs-automation\Bots\..\Images\store-marker.png, 15 ms)
2026-07-22 15:14:14 [seller] FindImage: not found (C:\Users\link\Documents\GitHub\osrs-automation\Bots\..\Images\store-marker.png, 16 ms)
2026-07-22 15:14:15 [seller] FindImage: not found (C:\Users\link\Documents\GitHub\osrs-automation\Bots\..\Images\store-marker.png, 15 ms)
2026-07-22 15:14:15 [seller] FindImage: not found (C:\Users\link\Documents\GitHub\osrs-automation\Bots\..\Images\store-marker.png, 16 ms)
2026-07-22 15:14:15 [seller] FindImage: not found (C:\Users\link\Documents\GitHub\osrs-automation\Bots\..\Images\store-marker.png, 0 ms)
2026-07-22 15:14:15 [seller] FindImage: not found (C:\Users\link\Documents\GitHub\osrs-automation\Bots\..\Images\store-marker.png, 16 ms)
2026-07-22 15:14:15 [seller] FindImage: not found (C:\Users\link\Documents\GitHub\osrs-automation\Bots\..\Images\store-marker.png, 15 ms)
2026-07-22 15:14:16 [seller] FindImage: not found (C:\Users\link\Documents\GitHub\osrs-automation\Bots\..\Images\store-marker.png, 16 ms)
2026-07-22 15:14:16 [seller] FindImage: not found (C:\Users\link\Documents\GitHub\osrs-automation\Bots\..\Images\store-marker.png, 15 ms)
2026-07-22 15:14:16 [seller] FindImage: not found (C:\Users\link\Documents\GitHub\osrs-automation\Bots\..\Images\store-marker.png, 16 ms)
2026-07-22 15:14:16 [seller] FindImage: not found (C:\Users\link\Documents\GitHub\osrs-automation\Bots\..\Images\store-marker.png, 16 ms)
2026-07-22 15:14:16 [seller] FindImage: not found (C:\Users\link\Documents\GitHub\osrs-automation\Bots\..\Images\store-marker.png, 15 ms)
2026-07-22 15:14:17 [seller] FindImage: not found (C:\Users\link\Documents\GitHub\osrs-automation\Bots\..\Images\store-marker.png, 16 ms)
2026-07-22 15:14:17 [seller] FindImage: not found (C:\Users\link\Documents\GitHub\osrs-automation\Bots\..\Images\store-marker.png, 0 ms)
2026-07-22 15:14:17 [seller] FindImage: not found (C:\Users\link\Documents\GitHub\osrs-automation\Bots\..\Images\store-marker.png, 16 ms)
2026-07-22 15:14:17 [seller] FindImage: not found (C:\Users\link\Documents\GitHub\osrs-automation\Bots\..\Images\store-marker.png, 15 ms)
2026-07-22 15:14:17 [seller] FindImage: not found (C:\Users\link\Documents\GitHub\osrs-automation\Bots\..\Images\store-marker.png, 16 ms)
2026-07-22 15:14:17 [seller] FindImage: not found (C:\Users\link\Documents\GitHub\osrs-automation\Bots\..\Images\store-marker.png, 15 ms)
2026-07-22 15:14:18 [seller] FindImage: not found (C:\Users\link\Documents\GitHub\osrs-automation\Bots\..\Images\store-marker.png, 16 ms)
2026-07-22 15:14:18 [seller] FindImage: not found (C:\Users\link\Documents\GitHub\osrs-automation\Bots\..\Images\store-marker.png, 15 ms)
2026-07-22 15:14:18 [seller] FindImage: not found (C:\Users\link\Documents\GitHub\osrs-automation\Bots\..\Images\store-marker.png, 16 ms)
2026-07-22 15:14:18 [seller] FindImage: found at 761,807 (C:\Users\link\Documents\GitHub\osrs-automation\Bots\..\Images\store-marker.png, 15 ms)
2026-07-22 15:14:18 [seller] Seller: clicking inventory slot 1 at 2135,833
2026-07-22 15:14:19 [seller] Seller: waiting for store marker to close
2026-07-22 15:14:19 [seller] FindImage: not found (C:\Users\link\Documents\GitHub\osrs-automation\Bots\..\Images\store-marker.png, 0 ms)
2026-07-22 15:14:19 [seller] Seller: waiting for world-switch marker
2026-07-22 15:14:19 [seller] FindImage: not found (C:\Users\link\Documents\GitHub\osrs-automation\Bots\..\Images\world-switch-marker.png, 0 ms)
2026-07-22 15:14:19 [seller] FindImage: not found (C:\Users\link\Documents\GitHub\osrs-automation\Bots\..\Images\world-switch-marker.png, 0 ms)
2026-07-22 15:14:19 [seller] FindImage: not found (C:\Users\link\Documents\GitHub\osrs-automation\Bots\..\Images\world-switch-marker.png, 0 ms)
2026-07-22 15:14:19 [seller] FindImage: not found (C:\Users\link\Documents\GitHub\osrs-automation\Bots\..\Images\world-switch-marker.png, 0 ms)
2026-07-22 15:14:20 [seller] FindImage: not found (C:\Users\link\Documents\GitHub\osrs-automation\Bots\..\Images\world-switch-marker.png, 0 ms)
2026-07-22 15:14:20 [seller] FindImage: not found (C:\Users\link\Documents\GitHub\osrs-automation\Bots\..\Images\world-switch-marker.png, 0 ms)
2026-07-22 15:14:20 [seller] FindImage: not found (C:\Users\link\Documents\GitHub\osrs-automation\Bots\..\Images\world-switch-marker.png, 0 ms)
2026-07-22 15:14:20 [seller] FindImage: found at 131,1190 (C:\Users\link\Documents\GitHub\osrs-automation\Bots\..\Images\world-switch-marker.png, 0 ms)
2026-07-22 15:14:20 [seller] Seller: waiting for store marker
2026-07-22 15:14:20 [seller] FindImage: not found (C:\Users\link\Documents\GitHub\osrs-automation\Bots\..\Images\store-marker.png, 15 ms)
2026-07-22 15:14:21 [seller] FindImage: not found (C:\Users\link\Documents\GitHub\osrs-automation\Bots\..\Images\store-marker.png, 16 ms)
2026-07-22 15:14:21 [seller] FindImage: not found (C:\Users\link\Documents\GitHub\osrs-automation\Bots\..\Images\store-marker.png, 15 ms)
2026-07-22 15:14:21 [seller] FindImage: not found (C:\Users\link\Documents\GitHub\osrs-automation\Bots\..\Images\store-marker.png, 16 ms)
2026-07-22 15:14:21 [seller] FindImage: not found (C:\Users\link\Documents\GitHub\osrs-automation\Bots\..\Images\store-marker.png, 0 ms)
2026-07-22 15:14:21 [seller] FindImage: not found (C:\Users\link\Documents\GitHub\osrs-automation\Bots\..\Images\store-marker.png, 0 ms)
2026-07-22 15:14:22 [seller] FindImage: not found (C:\Users\link\Documents\GitHub\osrs-automation\Bots\..\Images\store-marker.png, 0 ms)
2026-07-22 15:14:22 [seller] FindImage: not found (C:\Users\link\Documents\GitHub\osrs-automation\Bots\..\Images\store-marker.png, 0 ms)
2026-07-22 15:14:22 [seller] FindImage: not found (C:\Users\link\Documents\GitHub\osrs-automation\Bots\..\Images\store-marker.png, 0 ms)
2026-07-22 15:14:22 [seller] FindImage: not found (C:\Users\link\Documents\GitHub\osrs-automation\Bots\..\Images\store-marker.png, 0 ms)
2026-07-22 15:14:22 [seller] FindImage: not found (C:\Users\link\Documents\GitHub\osrs-automation\Bots\..\Images\store-marker.png, 0 ms)
2026-07-22 15:14:22 [seller] FindImage: not found (C:\Users\link\Documents\GitHub\osrs-automation\Bots\..\Images\store-marker.png, 16 ms)
2026-07-22 15:14:23 [seller] FindImage: not found (C:\Users\link\Documents\GitHub\osrs-automation\Bots\..\Images\store-marker.png, 16 ms)
2026-07-22 15:14:23 [seller] FindImage: not found (C:\Users\link\Documents\GitHub\osrs-automation\Bots\..\Images\store-marker.png, 16 ms)
2026-07-22 15:14:23 [seller] FindImage: not found (C:\Users\link\Documents\GitHub\osrs-automation\Bots\..\Images\store-marker.png, 16 ms)
2026-07-22 15:14:23 [seller] FindImage: not found (C:\Users\link\Documents\GitHub\osrs-automation\Bots\..\Images\store-marker.png, 16 ms)
2026-07-22 15:14:23 [seller] FindImage: not found (C:\Users\link\Documents\GitHub\osrs-automation\Bots\..\Images\store-marker.png, 16 ms)
2026-07-22 15:14:24 [seller] FindImage: not found (C:\Users\link\Documents\GitHub\osrs-automation\Bots\..\Images\store-marker.png, 16 ms)
2026-07-22 15:14:24 [seller] FindImage: not found (C:\Users\link\Documents\GitHub\osrs-automation\Bots\..\Images\store-marker.png, 16 ms)
2026-07-22 15:14:24 [seller] FindImage: not found (C:\Users\link\Documents\GitHub\osrs-automation\Bots\..\Images\store-marker.png, 16 ms)
2026-07-22 15:14:24 [seller] FindImage: not found (C:\Users\link\Documents\GitHub\osrs-automation\Bots\..\Images\store-marker.png, 16 ms)
2026-07-22 15:14:24 [seller] FindImage: not found (C:\Users\link\Documents\GitHub\osrs-automation\Bots\..\Images\store-marker.png, 0 ms)
2026-07-22 15:14:24 [seller] FindImage: not found (C:\Users\link\Documents\GitHub\osrs-automation\Bots\..\Images\store-marker.png, 0 ms)
2026-07-22 15:14:25 [seller] FindImage: not found (C:\Users\link\Documents\GitHub\osrs-automation\Bots\..\Images\store-marker.png, 0 ms)
2026-07-22 15:14:25 [seller] FindImage: not found (C:\Users\link\Documents\GitHub\osrs-automation\Bots\..\Images\store-marker.png, 0 ms)
2026-07-22 15:14:25 [seller] FindImage: not found (C:\Users\link\Documents\GitHub\osrs-automation\Bots\..\Images\store-marker.png, 0 ms)
2026-07-22 15:14:25 [seller] FindImage: not found (C:\Users\link\Documents\GitHub\osrs-automation\Bots\..\Images\store-marker.png, 0 ms)
2026-07-22 15:14:25 [seller] FindImage: not found (C:\Users\link\Documents\GitHub\osrs-automation\Bots\..\Images\store-marker.png, 0 ms)
2026-07-22 15:14:26 [seller] FindImage: not found (C:\Users\link\Documents\GitHub\osrs-automation\Bots\..\Images\store-marker.png, 0 ms)
2026-07-22 15:14:26 [seller] FindImage: not found (C:\Users\link\Documents\GitHub\osrs-automation\Bots\..\Images\store-marker.png, 16 ms)
2026-07-22 15:14:26 [seller] FindImage: not found (C:\Users\link\Documents\GitHub\osrs-automation\Bots\..\Images\store-marker.png, 16 ms)
2026-07-22 15:14:26 [seller] FindImage: not found (C:\Users\link\Documents\GitHub\osrs-automation\Bots\..\Images\store-marker.png, 16 ms)
2026-07-22 15:14:26 [seller] FindImage: not found (C:\Users\link\Documents\GitHub\osrs-automation\Bots\..\Images\store-marker.png, 16 ms)
2026-07-22 15:14:26 [seller] FindImage: not found (C:\Users\link\Documents\GitHub\osrs-automation\Bots\..\Images\store-marker.png, 16 ms)
2026-07-22 15:14:27 [seller] FindImage: not found (C:\Users\link\Documents\GitHub\osrs-automation\Bots\..\Images\store-marker.png, 16 ms)
2026-07-22 15:14:27 [seller] FindImage: not found (C:\Users\link\Documents\GitHub\osrs-automation\Bots\..\Images\store-marker.png, 16 ms)
2026-07-22 15:14:27 [seller] FindImage: not found (C:\Users\link\Documents\GitHub\osrs-automation\Bots\..\Images\store-marker.png, 16 ms)
2026-07-22 15:14:27 [seller] FindImage: not found (C:\Users\link\Documents\GitHub\osrs-automation\Bots\..\Images\store-marker.png, 0 ms)
2026-07-22 15:14:27 [seller] FindImage: not found (C:\Users\link\Documents\GitHub\osrs-automation\Bots\..\Images\store-marker.png, 16 ms)
2026-07-22 15:14:28 [seller] FindImage: not found (C:\Users\link\Documents\GitHub\osrs-automation\Bots\..\Images\store-marker.png, 16 ms)
2026-07-22 15:14:28 [seller] FindImage: not found (C:\Users\link\Documents\GitHub\osrs-automation\Bots\..\Images\store-marker.png, 16 ms)
2026-07-22 15:14:28 [seller] FindImage: not found (C:\Users\link\Documents\GitHub\osrs-automation\Bots\..\Images\store-marker.png, 16 ms)
2026-07-22 15:14:28 [seller] FindImage: not found (C:\Users\link\Documents\GitHub\osrs-automation\Bots\..\Images\store-marker.png, 16 ms)
2026-07-22 15:14:28 [seller] FindImage: found at 761,807 (C:\Users\link\Documents\GitHub\osrs-automation\Bots\..\Images\store-marker.png, 16 ms)
2026-07-22 15:14:29 [seller] Seller: clicking inventory slot 1 at 2135,833
2026-07-22 15:14:29 [seller] Seller: waiting for store marker to close
2026-07-22 15:14:29 [seller] FindImage: not found (C:\Users\link\Documents\GitHub\osrs-automation\Bots\..\Images\store-marker.png, 0 ms)
2026-07-22 15:14:29 [seller] Seller: waiting for world-switch marker
2026-07-22 15:14:29 [seller] FindImage: not found (C:\Users\link\Documents\GitHub\osrs-automation\Bots\..\Images\world-switch-marker.png, 16 ms)
2026-07-22 15:14:29 [seller] FindImage: not found (C:\Users\link\Documents\GitHub\osrs-automation\Bots\..\Images\world-switch-marker.png, 0 ms)
2026-07-22 15:14:29 [seller] FindImage: not found (C:\Users\link\Documents\GitHub\osrs-automation\Bots\..\Images\world-switch-marker.png, 16 ms)
2026-07-22 15:14:30 [seller] FindImage: not found (C:\Users\link\Documents\GitHub\osrs-automation\Bots\..\Images\world-switch-marker.png, 16 ms)
2026-07-22 15:14:30 [seller] FindImage: not found (C:\Users\link\Documents\GitHub\osrs-automation\Bots\..\Images\world-switch-marker.png, 16 ms)
2026-07-22 15:14:30 [seller] FindImage: not found (C:\Users\link\Documents\GitHub\osrs-automation\Bots\..\Images\world-switch-marker.png, 16 ms)
2026-07-22 15:14:30 [seller] FindImage: found at 131,1190 (C:\Users\link\Documents\GitHub\osrs-automation\Bots\..\Images\world-switch-marker.png, 0 ms)
2026-07-22 15:14:30 [seller] Seller: waiting for store marker
2026-07-22 15:14:30 [seller] FindImage: not found (C:\Users\link\Documents\GitHub\osrs-automation\Bots\..\Images\store-marker.png, 0 ms)
2026-07-22 15:14:31 [seller] FindImage: not found (C:\Users\link\Documents\GitHub\osrs-automation\Bots\..\Images\store-marker.png, 0 ms)
2026-07-22 15:14:31 [seller] FindImage: not found (C:\Users\link\Documents\GitHub\osrs-automation\Bots\..\Images\store-marker.png, 0 ms)
2026-07-22 15:14:31 [seller] FindImage: not found (C:\Users\link\Documents\GitHub\osrs-automation\Bots\..\Images\store-marker.png, 16 ms)
2026-07-22 15:14:31 [seller] FindImage: not found (C:\Users\link\Documents\GitHub\osrs-automation\Bots\..\Images\store-marker.png, 16 ms)
2026-07-22 15:14:31 [seller] FindImage: not found (C:\Users\link\Documents\GitHub\osrs-automation\Bots\..\Images\store-marker.png, 0 ms)
2026-07-22 15:14:32 [seller] FindImage: not found (C:\Users\link\Documents\GitHub\osrs-automation\Bots\..\Images\store-marker.png, 0 ms)
2026-07-22 15:14:32 [seller] FindImage: not found (C:\Users\link\Documents\GitHub\osrs-automation\Bots\..\Images\store-marker.png, 0 ms)
2026-07-22 15:14:32 [seller] FindImage: not found (C:\Users\link\Documents\GitHub\osrs-automation\Bots\..\Images\store-marker.png, 0 ms)
2026-07-22 15:14:32 [seller] FindImage: not found (C:\Users\link\Documents\GitHub\osrs-automation\Bots\..\Images\store-marker.png, 0 ms)
2026-07-22 15:14:32 [seller] FindImage: not found (C:\Users\link\Documents\GitHub\osrs-automation\Bots\..\Images\store-marker.png, 0 ms)
2026-07-22 15:14:32 [seller] FindImage: not found (C:\Users\link\Documents\GitHub\osrs-automation\Bots\..\Images\store-marker.png, 16 ms)
2026-07-22 15:14:33 [seller] FindImage: not found (C:\Users\link\Documents\GitHub\osrs-automation\Bots\..\Images\store-marker.png, 15 ms)
2026-07-22 15:14:33 [seller] FindImage: not found (C:\Users\link\Documents\GitHub\osrs-automation\Bots\..\Images\store-marker.png, 16 ms)
2026-07-22 15:14:33 [seller] FindImage: not found (C:\Users\link\Documents\GitHub\osrs-automation\Bots\..\Images\store-marker.png, 15 ms)
2026-07-22 15:14:33 [seller] FindImage: not found (C:\Users\link\Documents\GitHub\osrs-automation\Bots\..\Images\store-marker.png, 16 ms)
2026-07-22 15:14:33 [seller] FindImage: not found (C:\Users\link\Documents\GitHub\osrs-automation\Bots\..\Images\store-marker.png, 15 ms)
2026-07-22 15:14:34 [seller] FindImage: not found (C:\Users\link\Documents\GitHub\osrs-automation\Bots\..\Images\store-marker.png, 0 ms)
2026-07-22 15:14:34 [seller] FindImage: not found (C:\Users\link\Documents\GitHub\osrs-automation\Bots\..\Images\store-marker.png, 0 ms)
2026-07-22 15:14:34 [seller] FindImage: not found (C:\Users\link\Documents\GitHub\osrs-automation\Bots\..\Images\store-marker.png, 15 ms)
2026-07-22 15:14:34 [seller] FindImage: not found (C:\Users\link\Documents\GitHub\osrs-automation\Bots\..\Images\store-marker.png, 16 ms)
2026-07-22 15:14:34 [seller] FindImage: not found (C:\Users\link\Documents\GitHub\osrs-automation\Bots\..\Images\store-marker.png, 15 ms)
2026-07-22 15:14:34 [seller] FindImage: not found (C:\Users\link\Documents\GitHub\osrs-automation\Bots\..\Images\store-marker.png, 16 ms)
2026-07-22 15:14:35 [seller] FindImage: not found (C:\Users\link\Documents\GitHub\osrs-automation\Bots\..\Images\store-marker.png, 15 ms)
2026-07-22 15:14:35 [seller] FindImage: not found (C:\Users\link\Documents\GitHub\osrs-automation\Bots\..\Images\store-marker.png, 16 ms)
2026-07-22 15:14:35 [seller] FindImage: not found (C:\Users\link\Documents\GitHub\osrs-automation\Bots\..\Images\store-marker.png, 15 ms)
2026-07-22 15:14:35 [seller] FindImage: not found (C:\Users\link\Documents\GitHub\osrs-automation\Bots\..\Images\store-marker.png, 16 ms)
2026-07-22 15:14:35 [seller] FindImage: not found (C:\Users\link\Documents\GitHub\osrs-automation\Bots\..\Images\store-marker.png, 15 ms)
2026-07-22 15:14:36 [seller] FindImage: not found (C:\Users\link\Documents\GitHub\osrs-automation\Bots\..\Images\store-marker.png, 16 ms)
2026-07-22 15:14:36 [seller] FindImage: not found (C:\Users\link\Documents\GitHub\osrs-automation\Bots\..\Images\store-marker.png, 15 ms)
2026-07-22 15:14:36 [seller] FindImage: not found (C:\Users\link\Documents\GitHub\osrs-automation\Bots\..\Images\store-marker.png, 16 ms)
2026-07-22 15:14:36 [seller] FindImage: not found (C:\Users\link\Documents\GitHub\osrs-automation\Bots\..\Images\store-marker.png, 15 ms)
2026-07-22 15:14:36 [seller] FindImage: not found (C:\Users\link\Documents\GitHub\osrs-automation\Bots\..\Images\store-marker.png, 16 ms)
2026-07-22 15:14:37 [seller] FindImage: not found (C:\Users\link\Documents\GitHub\osrs-automation\Bots\..\Images\store-marker.png, 0 ms)
2026-07-22 15:14:37 [seller] FindImage: not found (C:\Users\link\Documents\GitHub\osrs-automation\Bots\..\Images\store-marker.png, 15 ms)
2026-07-22 15:14:37 [seller] FindImage: not found (C:\Users\link\Documents\GitHub\osrs-automation\Bots\..\Images\store-marker.png, 16 ms)
2026-07-22 15:14:37 [seller] FindImage: not found (C:\Users\link\Documents\GitHub\osrs-automation\Bots\..\Images\store-marker.png, 16 ms)
2026-07-22 15:14:37 [seller] FindImage: not found (C:\Users\link\Documents\GitHub\osrs-automation\Bots\..\Images\store-marker.png, 15 ms)
2026-07-22 15:14:37 [seller] FindImage: not found (C:\Users\link\Documents\GitHub\osrs-automation\Bots\..\Images\store-marker.png, 16 ms)
2026-07-22 15:14:38 [seller] FindImage: not found (C:\Users\link\Documents\GitHub\osrs-automation\Bots\..\Images\store-marker.png, 15 ms)
2026-07-22 15:14:38 [seller] FindImage: not found (C:\Users\link\Documents\GitHub\osrs-automation\Bots\..\Images\store-marker.png, 0 ms)
2026-07-22 15:14:38 [seller] FindImage: not found (C:\Users\link\Documents\GitHub\osrs-automation\Bots\..\Images\store-marker.png, 0 ms)
2026-07-22 15:14:38 [seller] FindImage: not found (C:\Users\link\Documents\GitHub\osrs-automation\Bots\..\Images\store-marker.png, 16 ms)
2026-07-22 15:14:38 [seller] FindImage: not found (C:\Users\link\Documents\GitHub\osrs-automation\Bots\..\Images\store-marker.png, 16 ms)
2026-07-22 15:14:39 [seller] FindImage: not found (C:\Users\link\Documents\GitHub\osrs-automation\Bots\..\Images\store-marker.png, 16 ms)
2026-07-22 15:14:39 [seller] FindImage: not found (C:\Users\link\Documents\GitHub\osrs-automation\Bots\..\Images\store-marker.png, 16 ms)
2026-07-22 15:14:39 [seller] FindImage: not found (C:\Users\link\Documents\GitHub\osrs-automation\Bots\..\Images\store-marker.png, 0 ms)
2026-07-22 15:14:39 [seller] FindImage: not found (C:\Users\link\Documents\GitHub\osrs-automation\Bots\..\Images\store-marker.png, 16 ms)
2026-07-22 15:14:39 [seller] FindImage: not found (C:\Users\link\Documents\GitHub\osrs-automation\Bots\..\Images\store-marker.png, 16 ms)
2026-07-22 15:14:40 [seller] FindImage: not found (C:\Users\link\Documents\GitHub\osrs-automation\Bots\..\Images\store-marker.png, 16 ms)
2026-07-22 15:14:40 [seller] FindImage: not found (C:\Users\link\Documents\GitHub\osrs-automation\Bots\..\Images\store-marker.png, 16 ms)
2026-07-22 15:14:40 [seller] FindImage: not found (C:\Users\link\Documents\GitHub\osrs-automation\Bots\..\Images\store-marker.png, 16 ms)
2026-07-22 15:14:40 [seller] FindImage: not found (C:\Users\link\Documents\GitHub\osrs-automation\Bots\..\Images\store-marker.png, 16 ms)
2026-07-22 15:14:40 [seller] FindImage: not found (C:\Users\link\Documents\GitHub\osrs-automation\Bots\..\Images\store-marker.png, 16 ms)
2026-07-22 15:14:40 [seller] FindImage: not found (C:\Users\link\Documents\GitHub\osrs-automation\Bots\..\Images\store-marker.png, 16 ms)
2026-07-22 15:14:41 [seller] FindImage: not found (C:\Users\link\Documents\GitHub\osrs-automation\Bots\..\Images\store-marker.png, 16 ms)
2026-07-22 15:14:41 [seller] FindImage: not found (C:\Users\link\Documents\GitHub\osrs-automation\Bots\..\Images\store-marker.png, 16 ms)
2026-07-22 15:14:41 [seller] FindImage: not found (C:\Users\link\Documents\GitHub\osrs-automation\Bots\..\Images\store-marker.png, 16 ms)
2026-07-22 15:14:41 [seller] FindImage: not found (C:\Users\link\Documents\GitHub\osrs-automation\Bots\..\Images\store-marker.png, 16 ms)
2026-07-22 15:14:41 [seller] FindImage: not found (C:\Users\link\Documents\GitHub\osrs-automation\Bots\..\Images\store-marker.png, 16 ms)
2026-07-22 15:14:42 [seller] FindImage: not found (C:\Users\link\Documents\GitHub\osrs-automation\Bots\..\Images\store-marker.png, 16 ms)
2026-07-22 15:14:42 [seller] FindImage: not found (C:\Users\link\Documents\GitHub\osrs-automation\Bots\..\Images\store-marker.png, 16 ms)
2026-07-22 15:14:42 [seller] FindImage: not found (C:\Users\link\Documents\GitHub\osrs-automation\Bots\..\Images\store-marker.png, 0 ms)
2026-07-22 15:14:42 [seller] FindImage: not found (C:\Users\link\Documents\GitHub\osrs-automation\Bots\..\Images\store-marker.png, 0 ms)
2026-07-22 15:14:42 [seller] FindImage: not found (C:\Users\link\Documents\GitHub\osrs-automation\Bots\..\Images\store-marker.png, 0 ms)
2026-07-22 15:14:42 [seller] FindImage: not found (C:\Users\link\Documents\GitHub\osrs-automation\Bots\..\Images\store-marker.png, 0 ms)
2026-07-22 15:14:43 [seller] FindImage: not found (C:\Users\link\Documents\GitHub\osrs-automation\Bots\..\Images\store-marker.png, 0 ms)
2026-07-22 15:14:43 [seller] FindImage: not found (C:\Users\link\Documents\GitHub\osrs-automation\Bots\..\Images\store-marker.png, 0 ms)
2026-07-22 15:14:43 [seller] FindImage: not found (C:\Users\link\Documents\GitHub\osrs-automation\Bots\..\Images\store-marker.png, 0 ms)
2026-07-22 15:14:43 [seller] FindImage: not found (C:\Users\link\Documents\GitHub\osrs-automation\Bots\..\Images\store-marker.png, 0 ms)
2026-07-22 15:14:43 [seller] FindImage: not found (C:\Users\link\Documents\GitHub\osrs-automation\Bots\..\Images\store-marker.png, 16 ms)
2026-07-22 15:14:44 [seller] FindImage: not found (C:\Users\link\Documents\GitHub\osrs-automation\Bots\..\Images\store-marker.png, 16 ms)
2026-07-22 15:14:44 [seller] FindImage: not found (C:\Users\link\Documents\GitHub\osrs-automation\Bots\..\Images\store-marker.png, 16 ms)
2026-07-22 15:14:44 [seller] FindImage: not found (C:\Users\link\Documents\GitHub\osrs-automation\Bots\..\Images\store-marker.png, 0 ms)
2026-07-22 15:14:44 [seller] FindImage: not found (C:\Users\link\Documents\GitHub\osrs-automation\Bots\..\Images\store-marker.png, 0 ms)
2026-07-22 15:14:44 [seller] FindImage: not found (C:\Users\link\Documents\GitHub\osrs-automation\Bots\..\Images\store-marker.png, 0 ms)
2026-07-22 15:14:44 [seller] FindImage: not found (C:\Users\link\Documents\GitHub\osrs-automation\Bots\..\Images\store-marker.png, 0 ms)
2026-07-22 15:14:45 [seller] FindImage: not found (C:\Users\link\Documents\GitHub\osrs-automation\Bots\..\Images\store-marker.png, 16 ms)
2026-07-22 15:14:45 [seller] FindImage: not found (C:\Users\link\Documents\GitHub\osrs-automation\Bots\..\Images\store-marker.png, 16 ms)
2026-07-22 15:14:45 [seller] FindImage: not found (C:\Users\link\Documents\GitHub\osrs-automation\Bots\..\Images\store-marker.png, 0 ms)
2026-07-22 15:14:45 [seller] FindImage: not found (C:\Users\link\Documents\GitHub\osrs-automation\Bots\..\Images\store-marker.png, 16 ms)
2026-07-22 15:14:45 [seller] FindImage: not found (C:\Users\link\Documents\GitHub\osrs-automation\Bots\..\Images\store-marker.png, 0 ms)
2026-07-22 15:14:46 [seller] FindImage: not found (C:\Users\link\Documents\GitHub\osrs-automation\Bots\..\Images\store-marker.png, 0 ms)
2026-07-22 15:14:46 [seller] FindImage: not found (C:\Users\link\Documents\GitHub\osrs-automation\Bots\..\Images\store-marker.png, 16 ms)
2026-07-22 15:14:46 [seller] FindImage: not found (C:\Users\link\Documents\GitHub\osrs-automation\Bots\..\Images\store-marker.png, 16 ms)
2026-07-22 15:14:46 [seller] FindImage: not found (C:\Users\link\Documents\GitHub\osrs-automation\Bots\..\Images\store-marker.png, 16 ms)
2026-07-22 15:14:46 [seller] FindImage: not found (C:\Users\link\Documents\GitHub\osrs-automation\Bots\..\Images\store-marker.png, 16 ms)
2026-07-22 15:14:46 [seller] FindImage: not found (C:\Users\link\Documents\GitHub\osrs-automation\Bots\..\Images\store-marker.png, 16 ms)
2026-07-22 15:14:47 [seller] FindImage: not found (C:\Users\link\Documents\GitHub\osrs-automation\Bots\..\Images\store-marker.png, 0 ms)
2026-07-22 15:14:47 [seller] FindImage: not found (C:\Users\link\Documents\GitHub\osrs-automation\Bots\..\Images\store-marker.png, 0 ms)
2026-07-22 15:14:47 [seller] FindImage: not found (C:\Users\link\Documents\GitHub\osrs-automation\Bots\..\Images\store-marker.png, 0 ms)
2026-07-22 15:14:47 [seller] FindImage: not found (C:\Users\link\Documents\GitHub\osrs-automation\Bots\..\Images\store-marker.png, 0 ms)
2026-07-22 15:14:47 [seller] FindImage: not found (C:\Users\link\Documents\GitHub\osrs-automation\Bots\..\Images\store-marker.png, 16 ms)
2026-07-22 15:14:48 [seller] FindImage: not found (C:\Users\link\Documents\GitHub\osrs-automation\Bots\..\Images\store-marker.png, 0 ms)
2026-07-22 15:14:48 [seller] FindImage: not found (C:\Users\link\Documents\GitHub\osrs-automation\Bots\..\Images\store-marker.png, 0 ms)
2026-07-22 15:14:48 [seller] FindImage: not found (C:\Users\link\Documents\GitHub\osrs-automation\Bots\..\Images\store-marker.png, 0 ms)
2026-07-22 15:14:48 [seller] FindImage: not found (C:\Users\link\Documents\GitHub\osrs-automation\Bots\..\Images\store-marker.png, 16 ms)
2026-07-22 15:14:48 [seller] FindImage: not found (C:\Users\link\Documents\GitHub\osrs-automation\Bots\..\Images\store-marker.png, 0 ms)
2026-07-22 15:14:48 [seller] FindImage: not found (C:\Users\link\Documents\GitHub\osrs-automation\Bots\..\Images\store-marker.png, 0 ms)
2026-07-22 15:14:49 [seller] FindImage: not found (C:\Users\link\Documents\GitHub\osrs-automation\Bots\..\Images\store-marker.png, 16 ms)
2026-07-22 15:14:49 [seller] FindImage: not found (C:\Users\link\Documents\GitHub\osrs-automation\Bots\..\Images\store-marker.png, 16 ms)
2026-07-22 15:14:49 [seller] FindImage: not found (C:\Users\link\Documents\GitHub\osrs-automation\Bots\..\Images\store-marker.png, 16 ms)
2026-07-22 15:14:49 [seller] FindImage: not found (C:\Users\link\Documents\GitHub\osrs-automation\Bots\..\Images\store-marker.png, 16 ms)
2026-07-22 15:14:49 [seller] FindImage: not found (C:\Users\link\Documents\GitHub\osrs-automation\Bots\..\Images\store-marker.png, 16 ms)
2026-07-22 15:14:50 [seller] FindImage: not found (C:\Users\link\Documents\GitHub\osrs-automation\Bots\..\Images\store-marker.png, 16 ms)
2026-07-22 15:14:50 [seller] FindImage: not found (C:\Users\link\Documents\GitHub\osrs-automation\Bots\..\Images\store-marker.png, 16 ms)
2026-07-22 15:14:50 [seller] FindImage: not found (C:\Users\link\Documents\GitHub\osrs-automation\Bots\..\Images\store-marker.png, 16 ms)
2026-07-22 15:14:50 [seller] FindImage: not found (C:\Users\link\Documents\GitHub\osrs-automation\Bots\..\Images\store-marker.png, 16 ms)
2026-07-22 15:14:50 [seller] FindImage: not found (C:\Users\link\Documents\GitHub\osrs-automation\Bots\..\Images\store-marker.png, 16 ms)
2026-07-22 15:14:51 [seller] FindImage: not found (C:\Users\link\Documents\GitHub\osrs-automation\Bots\..\Images\store-marker.png, 16 ms)
2026-07-22 15:14:51 [seller] FindImage: not found (C:\Users\link\Documents\GitHub\osrs-automation\Bots\..\Images\store-marker.png, 16 ms)
2026-07-22 15:14:51 [seller] FindImage: not found (C:\Users\link\Documents\GitHub\osrs-automation\Bots\..\Images\store-marker.png, 16 ms)
2026-07-22 15:14:51 [seller] FindImage: not found (C:\Users\link\Documents\GitHub\osrs-automation\Bots\..\Images\store-marker.png, 0 ms)
2026-07-22 15:14:51 [seller] FindImage: not found (C:\Users\link\Documents\GitHub\osrs-automation\Bots\..\Images\store-marker.png, 0 ms)
2026-07-22 15:14:51 [seller] FindImage: not found (C:\Users\link\Documents\GitHub\osrs-automation\Bots\..\Images\store-marker.png, 0 ms)
2026-07-22 15:14:52 [seller] FindImage: not found (C:\Users\link\Documents\GitHub\osrs-automation\Bots\..\Images\store-marker.png, 16 ms)
2026-07-22 15:14:52 [seller] FindImage: not found (C:\Users\link\Documents\GitHub\osrs-automation\Bots\..\Images\store-marker.png, 0 ms)
2026-07-22 15:14:52 [seller] FindImage: not found (C:\Users\link\Documents\GitHub\osrs-automation\Bots\..\Images\store-marker.png, 0 ms)
2026-07-22 15:14:52 [seller] FindImage: not found (C:\Users\link\Documents\GitHub\osrs-automation\Bots\..\Images\store-marker.png, 0 ms)
2026-07-22 15:14:52 [seller] FindImage: not found (C:\Users\link\Documents\GitHub\osrs-automation\Bots\..\Images\store-marker.png, 0 ms)
2026-07-22 15:14:53 [seller] FindImage: not found (C:\Users\link\Documents\GitHub\osrs-automation\Bots\..\Images\store-marker.png, 0 ms)
2026-07-22 15:14:53 [seller] FindImage: not found (C:\Users\link\Documents\GitHub\osrs-automation\Bots\..\Images\store-marker.png, 16 ms)
2026-07-22 15:14:53 [seller] FindImage: not found (C:\Users\link\Documents\GitHub\osrs-automation\Bots\..\Images\store-marker.png, 16 ms)
2026-07-22 15:14:53 [seller] FindImage: not found (C:\Users\link\Documents\GitHub\osrs-automation\Bots\..\Images\store-marker.png, 16 ms)
2026-07-22 15:14:53 [seller] FindImage: not found (C:\Users\link\Documents\GitHub\osrs-automation\Bots\..\Images\store-marker.png, 16 ms)
2026-07-22 15:14:53 [seller] FindImage: not found (C:\Users\link\Documents\GitHub\osrs-automation\Bots\..\Images\store-marker.png, 16 ms)
2026-07-22 15:14:54 [seller] FindImage: not found (C:\Users\link\Documents\GitHub\osrs-automation\Bots\..\Images\store-marker.png, 16 ms)
2026-07-22 15:14:54 [seller] FindImage: not found (C:\Users\link\Documents\GitHub\osrs-automation\Bots\..\Images\store-marker.png, 0 ms)
2026-07-22 15:14:54 [seller] FindImage: not found (C:\Users\link\Documents\GitHub\osrs-automation\Bots\..\Images\store-marker.png, 16 ms)
2026-07-22 15:14:54 [seller] FindImage: not found (C:\Users\link\Documents\GitHub\osrs-automation\Bots\..\Images\store-marker.png, 16 ms)
2026-07-22 15:14:54 [seller] FindImage: not found (C:\Users\link\Documents\GitHub\osrs-automation\Bots\..\Images\store-marker.png, 0 ms)
2026-07-22 15:14:55 [seller] FindImage: not found (C:\Users\link\Documents\GitHub\osrs-automation\Bots\..\Images\store-marker.png, 0 ms)
2026-07-22 15:14:55 [seller] FindImage: not found (C:\Users\link\Documents\GitHub\osrs-automation\Bots\..\Images\store-marker.png, 0 ms)
2026-07-22 15:14:55 [seller] FindImage: not found (C:\Users\link\Documents\GitHub\osrs-automation\Bots\..\Images\store-marker.png, 0 ms)
2026-07-22 15:14:55 [seller] FindImage: not found (C:\Users\link\Documents\GitHub\osrs-automation\Bots\..\Images\store-marker.png, 16 ms)
2026-07-22 15:14:55 [seller] FindImage: not found (C:\Users\link\Documents\GitHub\osrs-automation\Bots\..\Images\store-marker.png, 0 ms)
2026-07-22 15:14:55 [seller] FindImage: not found (C:\Users\link\Documents\GitHub\osrs-automation\Bots\..\Images\store-marker.png, 16 ms)
2026-07-22 15:14:56 [seller] FindImage: not found (C:\Users\link\Documents\GitHub\osrs-automation\Bots\..\Images\store-marker.png, 16 ms)
2026-07-22 15:14:56 [seller] FindImage: not found (C:\Users\link\Documents\GitHub\osrs-automation\Bots\..\Images\store-marker.png, 16 ms)
2026-07-22 15:14:56 [seller] FindImage: not found (C:\Users\link\Documents\GitHub\osrs-automation\Bots\..\Images\store-marker.png, 0 ms)
2026-07-22 15:14:56 [seller] FindImage: not found (C:\Users\link\Documents\GitHub\osrs-automation\Bots\..\Images\store-marker.png, 16 ms)
2026-07-22 15:14:56 [seller] FindImage: not found (C:\Users\link\Documents\GitHub\osrs-automation\Bots\..\Images\store-marker.png, 16 ms)
2026-07-22 15:14:57 [seller] FindImage: not found (C:\Users\link\Documents\GitHub\osrs-automation\Bots\..\Images\store-marker.png, 0 ms)
2026-07-22 15:14:57 [seller] FindImage: not found (C:\Users\link\Documents\GitHub\osrs-automation\Bots\..\Images\store-marker.png, 16 ms)
2026-07-22 15:14:57 [seller] FindImage: not found (C:\Users\link\Documents\GitHub\osrs-automation\Bots\..\Images\store-marker.png, 16 ms)
2026-07-22 15:14:57 [seller] FindImage: not found (C:\Users\link\Documents\GitHub\osrs-automation\Bots\..\Images\store-marker.png, 0 ms)
2026-07-22 15:14:57 [seller] FindImage: not found (C:\Users\link\Documents\GitHub\osrs-automation\Bots\..\Images\store-marker.png, 16 ms)
2026-07-22 15:14:58 [seller] FindImage: not found (C:\Users\link\Documents\GitHub\osrs-automation\Bots\..\Images\store-marker.png, 16 ms)
2026-07-22 15:14:58 [seller] FindImage: not found (C:\Users\link\Documents\GitHub\osrs-automation\Bots\..\Images\store-marker.png, 16 ms)
2026-07-22 15:14:58 [seller] FindImage: not found (C:\Users\link\Documents\GitHub\osrs-automation\Bots\..\Images\store-marker.png, 16 ms)
2026-07-22 15:14:58 [seller] FindImage: not found (C:\Users\link\Documents\GitHub\osrs-automation\Bots\..\Images\store-marker.png, 16 ms)
2026-07-22 15:14:58 [seller] FindImage: not found (C:\Users\link\Documents\GitHub\osrs-automation\Bots\..\Images\store-marker.png, 16 ms)
2026-07-22 15:14:58 [seller] FindImage: not found (C:\Users\link\Documents\GitHub\osrs-automation\Bots\..\Images\store-marker.png, 0 ms)
2026-07-22 15:14:59 [seller] FindImage: not found (C:\Users\link\Documents\GitHub\osrs-automation\Bots\..\Images\store-marker.png, 16 ms)
2026-07-22 15:14:59 [seller] FindImage: not found (C:\Users\link\Documents\GitHub\osrs-automation\Bots\..\Images\store-marker.png, 16 ms)
2026-07-22 15:14:59 [seller] FindImage: not found (C:\Users\link\Documents\GitHub\osrs-automation\Bots\..\Images\store-marker.png, 0 ms)
2026-07-22 15:14:59 [seller] FindImage: not found (C:\Users\link\Documents\GitHub\osrs-automation\Bots\..\Images\store-marker.png, 16 ms)
2026-07-22 15:14:59 [seller] FindImage: not found (C:\Users\link\Documents\GitHub\osrs-automation\Bots\..\Images\store-marker.png, 15 ms)
2026-07-22 15:15:00 [seller] FindImage: not found (C:\Users\link\Documents\GitHub\osrs-automation\Bots\..\Images\store-marker.png, 0 ms)
2026-07-22 15:15:00 [seller] FindImage: not found (C:\Users\link\Documents\GitHub\osrs-automation\Bots\..\Images\store-marker.png, 0 ms)
2026-07-22 15:15:00 [seller] FindImage: not found (C:\Users\link\Documents\GitHub\osrs-automation\Bots\..\Images\store-marker.png, 0 ms)
2026-07-22 15:15:00 [seller] FindImage: not found (C:\Users\link\Documents\GitHub\osrs-automation\Bots\..\Images\store-marker.png, 16 ms)
2026-07-22 15:15:00 [seller] FindImage: not found (C:\Users\link\Documents\GitHub\osrs-automation\Bots\..\Images\store-marker.png, 16 ms)
2026-07-22 15:15:00 [seller] FindImage: not found (C:\Users\link\Documents\GitHub\osrs-automation\Bots\..\Images\store-marker.png, 16 ms)
2026-07-22 15:15:01 [seller] FindImage: not found (C:\Users\link\Documents\GitHub\osrs-automation\Bots\..\Images\store-marker.png, 0 ms)
2026-07-22 15:15:01 [seller] Seller: store marker never appeared within 30000ms - stopping
2026-07-22 15:15:01 [seller] Cycle failed - stopping (see log for which step)
2026-07-22 15:15:23 [seller] Seller started
2026-07-22 15:15:23 [seller] Seller: waiting for store marker
2026-07-22 15:15:23 [seller] FindImage: found at 761,807 (C:\Users\link\Documents\GitHub\osrs-automation\Bots\..\Images\store-marker.png, 0 ms)
2026-07-22 15:15:23 [seller] Seller: clicking inventory slot 1 at 2135,833
2026-07-22 15:15:24 [seller] Seller: waiting for store marker to close
2026-07-22 15:15:24 [seller] FindImage: not found (C:\Users\link\Documents\GitHub\osrs-automation\Bots\..\Images\store-marker.png, 16 ms)
2026-07-22 15:15:24 [seller] Seller: waiting for world-switch marker
2026-07-22 15:15:24 [seller] FindImage: not found (C:\Users\link\Documents\GitHub\osrs-automation\Bots\..\Images\world-switch-marker.png, 16 ms)
2026-07-22 15:15:24 [seller] FindImage: not found (C:\Users\link\Documents\GitHub\osrs-automation\Bots\..\Images\world-switch-marker.png, 16 ms)
2026-07-22 15:15:24 [seller] FindImage: not found (C:\Users\link\Documents\GitHub\osrs-automation\Bots\..\Images\world-switch-marker.png, 0 ms)
2026-07-22 15:15:24 [seller] FindImage: not found (C:\Users\link\Documents\GitHub\osrs-automation\Bots\..\Images\world-switch-marker.png, 0 ms)
2026-07-22 15:15:25 [seller] FindImage: not found (C:\Users\link\Documents\GitHub\osrs-automation\Bots\..\Images\world-switch-marker.png, 0 ms)
2026-07-22 15:15:25 [seller] FindImage: not found (C:\Users\link\Documents\GitHub\osrs-automation\Bots\..\Images\world-switch-marker.png, 0 ms)
2026-07-22 15:15:25 [seller] FindImage: not found (C:\Users\link\Documents\GitHub\osrs-automation\Bots\..\Images\world-switch-marker.png, 0 ms)
2026-07-22 15:15:25 [seller] FindImage: found at 131,1190 (C:\Users\link\Documents\GitHub\osrs-automation\Bots\..\Images\world-switch-marker.png, 16 ms)
2026-07-22 15:15:26 [seller] Seller: waiting for store marker
2026-07-22 15:15:26 [seller] FindImage: not found (C:\Users\link\Documents\GitHub\osrs-automation\Bots\..\Images\store-marker.png, 15 ms)
2026-07-22 15:15:26 [seller] FindImage: not found (C:\Users\link\Documents\GitHub\osrs-automation\Bots\..\Images\store-marker.png, 16 ms)
2026-07-22 15:15:26 [seller] FindImage: not found (C:\Users\link\Documents\GitHub\osrs-automation\Bots\..\Images\store-marker.png, 15 ms)
2026-07-22 15:15:26 [seller] FindImage: not found (C:\Users\link\Documents\GitHub\osrs-automation\Bots\..\Images\store-marker.png, 16 ms)
2026-07-22 15:15:26 [seller] FindImage: not found (C:\Users\link\Documents\GitHub\osrs-automation\Bots\..\Images\store-marker.png, 15 ms)
2026-07-22 15:15:26 [seller] FindImage: not found (C:\Users\link\Documents\GitHub\osrs-automation\Bots\..\Images\store-marker.png, 16 ms)
2026-07-22 15:15:27 [seller] FindImage: not found (C:\Users\link\Documents\GitHub\osrs-automation\Bots\..\Images\store-marker.png, 15 ms)
2026-07-22 15:15:27 [seller] FindImage: not found (C:\Users\link\Documents\GitHub\osrs-automation\Bots\..\Images\store-marker.png, 16 ms)
2026-07-22 15:15:27 [seller] FindImage: not found (C:\Users\link\Documents\GitHub\osrs-automation\Bots\..\Images\store-marker.png, 15 ms)
2026-07-22 15:15:27 [seller] FindImage: not found (C:\Users\link\Documents\GitHub\osrs-automation\Bots\..\Images\store-marker.png, 0 ms)
2026-07-22 15:15:27 [seller] FindImage: not found (C:\Users\link\Documents\GitHub\osrs-automation\Bots\..\Images\store-marker.png, 0 ms)
2026-07-22 15:15:28 [seller] FindImage: not found (C:\Users\link\Documents\GitHub\osrs-automation\Bots\..\Images\store-marker.png, 0 ms)
2026-07-22 15:15:28 [seller] FindImage: not found (C:\Users\link\Documents\GitHub\osrs-automation\Bots\..\Images\store-marker.png, 0 ms)
2026-07-22 15:15:28 [seller] FindImage: not found (C:\Users\link\Documents\GitHub\osrs-automation\Bots\..\Images\store-marker.png, 16 ms)
2026-07-22 15:15:28 [seller] FindImage: not found (C:\Users\link\Documents\GitHub\osrs-automation\Bots\..\Images\store-marker.png, 0 ms)
2026-07-22 15:15:28 [seller] FindImage: not found (C:\Users\link\Documents\GitHub\osrs-automation\Bots\..\Images\store-marker.png, 16 ms)
2026-07-22 15:15:28 [seller] FindImage: not found (C:\Users\link\Documents\GitHub\osrs-automation\Bots\..\Images\store-marker.png, 0 ms)
2026-07-22 15:15:29 [seller] FindImage: not found (C:\Users\link\Documents\GitHub\osrs-automation\Bots\..\Images\store-marker.png, 0 ms)
2026-07-22 15:15:29 [seller] FindImage: not found (C:\Users\link\Documents\GitHub\osrs-automation\Bots\..\Images\store-marker.png, 0 ms)
2026-07-22 15:15:29 [seller] FindImage: not found (C:\Users\link\Documents\GitHub\osrs-automation\Bots\..\Images\store-marker.png, 16 ms)
2026-07-22 15:15:29 [seller] FindImage: not found (C:\Users\link\Documents\GitHub\osrs-automation\Bots\..\Images\store-marker.png, 0 ms)
2026-07-22 15:15:29 [seller] FindImage: not found (C:\Users\link\Documents\GitHub\osrs-automation\Bots\..\Images\store-marker.png, 0 ms)
2026-07-22 15:15:30 [seller] FindImage: not found (C:\Users\link\Documents\GitHub\osrs-automation\Bots\..\Images\store-marker.png, 0 ms)
2026-07-22 15:15:30 [seller] FindImage: not found (C:\Users\link\Documents\GitHub\osrs-automation\Bots\..\Images\store-marker.png, 0 ms)
2026-07-22 15:15:30 [seller] FindImage: not found (C:\Users\link\Documents\GitHub\osrs-automation\Bots\..\Images\store-marker.png, 0 ms)
2026-07-22 15:15:30 [seller] FindImage: not found (C:\Users\link\Documents\GitHub\osrs-automation\Bots\..\Images\store-marker.png, 0 ms)
2026-07-22 15:15:30 [seller] FindImage: not found (C:\Users\link\Documents\GitHub\osrs-automation\Bots\..\Images\store-marker.png, 0 ms)
2026-07-22 15:15:30 [seller] FindImage: not found (C:\Users\link\Documents\GitHub\osrs-automation\Bots\..\Images\store-marker.png, 0 ms)
2026-07-22 15:15:31 [seller] FindImage: not found (C:\Users\link\Documents\GitHub\osrs-automation\Bots\..\Images\store-marker.png, 15 ms)
2026-07-22 15:15:31 [seller] FindImage: not found (C:\Users\link\Documents\GitHub\osrs-automation\Bots\..\Images\store-marker.png, 16 ms)
2026-07-22 15:15:31 [seller] FindImage: not found (C:\Users\link\Documents\GitHub\osrs-automation\Bots\..\Images\store-marker.png, 15 ms)
2026-07-22 15:15:31 [seller] FindImage: not found (C:\Users\link\Documents\GitHub\osrs-automation\Bots\..\Images\store-marker.png, 31 ms)
2026-07-22 15:15:31 [seller] FindImage: not found (C:\Users\link\Documents\GitHub\osrs-automation\Bots\..\Images\store-marker.png, 16 ms)
2026-07-22 15:15:32 [seller] FindImage: not found (C:\Users\link\Documents\GitHub\osrs-automation\Bots\..\Images\store-marker.png, 15 ms)
2026-07-22 15:15:32 [seller] FindImage: not found (C:\Users\link\Documents\GitHub\osrs-automation\Bots\..\Images\store-marker.png, 16 ms)
2026-07-22 15:15:32 [seller] FindImage: not found (C:\Users\link\Documents\GitHub\osrs-automation\Bots\..\Images\store-marker.png, 15 ms)
2026-07-22 15:15:32 [seller] FindImage: not found (C:\Users\link\Documents\GitHub\osrs-automation\Bots\..\Images\store-marker.png, 16 ms)
2026-07-22 15:15:32 [seller] FindImage: not found (C:\Users\link\Documents\GitHub\osrs-automation\Bots\..\Images\store-marker.png, 15 ms)
2026-07-22 15:15:32 [seller] FindImage: not found (C:\Users\link\Documents\GitHub\osrs-automation\Bots\..\Images\store-marker.png, 16 ms)
2026-07-22 15:15:33 [seller] FindImage: not found (C:\Users\link\Documents\GitHub\osrs-automation\Bots\..\Images\store-marker.png, 15 ms)
2026-07-22 15:15:33 [seller] FindImage: not found (C:\Users\link\Documents\GitHub\osrs-automation\Bots\..\Images\store-marker.png, 16 ms)
2026-07-22 15:15:33 [seller] FindImage: not found (C:\Users\link\Documents\GitHub\osrs-automation\Bots\..\Images\store-marker.png, 15 ms)
2026-07-22 15:15:33 [seller] FindImage: not found (C:\Users\link\Documents\GitHub\osrs-automation\Bots\..\Images\store-marker.png, 16 ms)
2026-07-22 15:15:33 [seller] FindImage: not found (C:\Users\link\Documents\GitHub\osrs-automation\Bots\..\Images\store-marker.png, 15 ms)
2026-07-22 15:15:34 [seller] FindImage: not found (C:\Users\link\Documents\GitHub\osrs-automation\Bots\..\Images\store-marker.png, 16 ms)
2026-07-22 15:15:34 [seller] FindImage: not found (C:\Users\link\Documents\GitHub\osrs-automation\Bots\..\Images\store-marker.png, 15 ms)
2026-07-22 15:15:34 [seller] FindImage: not found (C:\Users\link\Documents\GitHub\osrs-automation\Bots\..\Images\store-marker.png, 16 ms)
2026-07-22 15:15:34 [seller] FindImage: not found (C:\Users\link\Documents\GitHub\osrs-automation\Bots\..\Images\store-marker.png, 15 ms)
2026-07-22 15:15:34 [seller] FindImage: not found (C:\Users\link\Documents\GitHub\osrs-automation\Bots\..\Images\store-marker.png, 16 ms)
2026-07-22 15:15:35 [seller] FindImage: not found (C:\Users\link\Documents\GitHub\osrs-automation\Bots\..\Images\store-marker.png, 15 ms)
2026-07-22 15:15:35 [seller] FindImage: not found (C:\Users\link\Documents\GitHub\osrs-automation\Bots\..\Images\store-marker.png, 16 ms)
2026-07-22 15:15:35 [seller] FindImage: not found (C:\Users\link\Documents\GitHub\osrs-automation\Bots\..\Images\store-marker.png, 15 ms)
2026-07-22 15:15:35 [seller] FindImage: not found (C:\Users\link\Documents\GitHub\osrs-automation\Bots\..\Images\store-marker.png, 16 ms)
2026-07-22 15:15:35 [seller] FindImage: not found (C:\Users\link\Documents\GitHub\osrs-automation\Bots\..\Images\store-marker.png, 15 ms)
2026-07-22 15:15:35 [seller] FindImage: not found (C:\Users\link\Documents\GitHub\osrs-automation\Bots\..\Images\store-marker.png, 0 ms)
2026-07-22 15:15:36 [seller] FindImage: not found (C:\Users\link\Documents\GitHub\osrs-automation\Bots\..\Images\store-marker.png, 0 ms)
2026-07-22 15:15:36 [seller] FindImage: not found (C:\Users\link\Documents\GitHub\osrs-automation\Bots\..\Images\store-marker.png, 0 ms)
2026-07-22 15:15:36 [seller] FindImage: not found (C:\Users\link\Documents\GitHub\osrs-automation\Bots\..\Images\store-marker.png, 0 ms)
2026-07-22 15:15:36 [seller] FindImage: not found (C:\Users\link\Documents\GitHub\osrs-automation\Bots\..\Images\store-marker.png, 0 ms)
2026-07-22 15:15:36 [seller] FindImage: not found (C:\Users\link\Documents\GitHub\osrs-automation\Bots\..\Images\store-marker.png, 0 ms)
2026-07-22 15:15:37 [seller] FindImage: not found (C:\Users\link\Documents\GitHub\osrs-automation\Bots\..\Images\store-marker.png, 0 ms)
2026-07-22 15:15:37 [seller] FindImage: not found (C:\Users\link\Documents\GitHub\osrs-automation\Bots\..\Images\store-marker.png, 0 ms)
2026-07-22 15:15:37 [seller] FindImage: not found (C:\Users\link\Documents\GitHub\osrs-automation\Bots\..\Images\store-marker.png, 15 ms)
2026-07-22 15:15:37 [seller] FindImage: not found (C:\Users\link\Documents\GitHub\osrs-automation\Bots\..\Images\store-marker.png, 16 ms)
2026-07-22 15:15:37 [seller] FindImage: not found (C:\Users\link\Documents\GitHub\osrs-automation\Bots\..\Images\store-marker.png, 15 ms)
2026-07-22 15:15:37 [seller] FindImage: not found (C:\Users\link\Documents\GitHub\osrs-automation\Bots\..\Images\store-marker.png, 16 ms)
2026-07-22 15:15:38 [seller] FindImage: not found (C:\Users\link\Documents\GitHub\osrs-automation\Bots\..\Images\store-marker.png, 15 ms)
2026-07-22 15:15:38 [seller] FindImage: not found (C:\Users\link\Documents\GitHub\osrs-automation\Bots\..\Images\store-marker.png, 16 ms)
2026-07-22 15:15:38 [seller] FindImage: not found (C:\Users\link\Documents\GitHub\osrs-automation\Bots\..\Images\store-marker.png, 15 ms)
2026-07-22 15:15:38 [seller] FindImage: not found (C:\Users\link\Documents\GitHub\osrs-automation\Bots\..\Images\store-marker.png, 16 ms)
2026-07-22 15:15:38 [seller] FindImage: not found (C:\Users\link\Documents\GitHub\osrs-automation\Bots\..\Images\store-marker.png, 15 ms)
2026-07-22 15:15:39 [seller] FindImage: not found (C:\Users\link\Documents\GitHub\osrs-automation\Bots\..\Images\store-marker.png, 16 ms)
2026-07-22 15:15:39 [seller] FindImage: not found (C:\Users\link\Documents\GitHub\osrs-automation\Bots\..\Images\store-marker.png, 15 ms)
2026-07-22 15:15:39 [seller] FindImage: not found (C:\Users\link\Documents\GitHub\osrs-automation\Bots\..\Images\store-marker.png, 16 ms)
2026-07-22 15:15:39 [seller] FindImage: not found (C:\Users\link\Documents\GitHub\osrs-automation\Bots\..\Images\store-marker.png, 15 ms)
2026-07-22 15:15:39 [seller] FindImage: not found (C:\Users\link\Documents\GitHub\osrs-automation\Bots\..\Images\store-marker.png, 16 ms)
2026-07-22 15:15:39 [seller] FindImage: not found (C:\Users\link\Documents\GitHub\osrs-automation\Bots\..\Images\store-marker.png, 15 ms)
2026-07-22 15:15:40 [seller] FindImage: not found (C:\Users\link\Documents\GitHub\osrs-automation\Bots\..\Images\store-marker.png, 16 ms)
2026-07-22 15:15:40 [seller] FindImage: found at 761,807 (C:\Users\link\Documents\GitHub\osrs-automation\Bots\..\Images\store-marker.png, 15 ms)
2026-07-22 15:15:40 [seller] Seller: clicking inventory slot 1 at 2135,833
2026-07-22 15:15:40 [seller] Seller: waiting for store marker to close
2026-07-22 15:15:40 [seller] FindImage: not found (C:\Users\link\Documents\GitHub\osrs-automation\Bots\..\Images\store-marker.png, 0 ms)
2026-07-22 15:15:41 [seller] Seller: waiting for world-switch marker
2026-07-22 15:15:41 [seller] FindImage: not found (C:\Users\link\Documents\GitHub\osrs-automation\Bots\..\Images\world-switch-marker.png, 16 ms)
2026-07-22 15:15:41 [seller] FindImage: not found (C:\Users\link\Documents\GitHub\osrs-automation\Bots\..\Images\world-switch-marker.png, 16 ms)
2026-07-22 15:15:41 [seller] FindImage: not found (C:\Users\link\Documents\GitHub\osrs-automation\Bots\..\Images\world-switch-marker.png, 16 ms)
2026-07-22 15:15:41 [seller] FindImage: not found (C:\Users\link\Documents\GitHub\osrs-automation\Bots\..\Images\world-switch-marker.png, 0 ms)
2026-07-22 15:15:41 [seller] FindImage: not found (C:\Users\link\Documents\GitHub\osrs-automation\Bots\..\Images\world-switch-marker.png, 0 ms)
2026-07-22 15:15:41 [seller] FindImage: not found (C:\Users\link\Documents\GitHub\osrs-automation\Bots\..\Images\world-switch-marker.png, 0 ms)
2026-07-22 15:15:42 [seller] FindImage: found at 131,1190 (C:\Users\link\Documents\GitHub\osrs-automation\Bots\..\Images\world-switch-marker.png, 0 ms)
2026-07-22 15:15:42 [seller] Seller: waiting for store marker
2026-07-22 15:15:42 [seller] FindImage: not found (C:\Users\link\Documents\GitHub\osrs-automation\Bots\..\Images\store-marker.png, 16 ms)
2026-07-22 15:15:42 [seller] FindImage: not found (C:\Users\link\Documents\GitHub\osrs-automation\Bots\..\Images\store-marker.png, 0 ms)
2026-07-22 15:15:42 [seller] FindImage: not found (C:\Users\link\Documents\GitHub\osrs-automation\Bots\..\Images\store-marker.png, 15 ms)
2026-07-22 15:15:43 [seller] FindImage: not found (C:\Users\link\Documents\GitHub\osrs-automation\Bots\..\Images\store-marker.png, 16 ms)
2026-07-22 15:15:43 [seller] FindImage: not found (C:\Users\link\Documents\GitHub\osrs-automation\Bots\..\Images\store-marker.png, 15 ms)
2026-07-22 15:15:43 [seller] FindImage: not found (C:\Users\link\Documents\GitHub\osrs-automation\Bots\..\Images\store-marker.png, 16 ms)
2026-07-22 15:15:43 [seller] FindImage: not found (C:\Users\link\Documents\GitHub\osrs-automation\Bots\..\Images\store-marker.png, 15 ms)
2026-07-22 15:15:43 [seller] FindImage: not found (C:\Users\link\Documents\GitHub\osrs-automation\Bots\..\Images\store-marker.png, 16 ms)
2026-07-22 15:15:43 [seller] FindImage: not found (C:\Users\link\Documents\GitHub\osrs-automation\Bots\..\Images\store-marker.png, 15 ms)
2026-07-22 15:15:44 [seller] FindImage: not found (C:\Users\link\Documents\GitHub\osrs-automation\Bots\..\Images\store-marker.png, 16 ms)
2026-07-22 15:15:44 [seller] FindImage: not found (C:\Users\link\Documents\GitHub\osrs-automation\Bots\..\Images\store-marker.png, 15 ms)
2026-07-22 15:15:44 [seller] FindImage: not found (C:\Users\link\Documents\GitHub\osrs-automation\Bots\..\Images\store-marker.png, 16 ms)
2026-07-22 15:15:44 [seller] FindImage: not found (C:\Users\link\Documents\GitHub\osrs-automation\Bots\..\Images\store-marker.png, 15 ms)
2026-07-22 15:15:44 [seller] FindImage: not found (C:\Users\link\Documents\GitHub\osrs-automation\Bots\..\Images\store-marker.png, 16 ms)
2026-07-22 15:15:45 [seller] FindImage: not found (C:\Users\link\Documents\GitHub\osrs-automation\Bots\..\Images\store-marker.png, 15 ms)
2026-07-22 15:15:45 [seller] FindImage: not found (C:\Users\link\Documents\GitHub\osrs-automation\Bots\..\Images\store-marker.png, 16 ms)
2026-07-22 15:15:45 [seller] FindImage: not found (C:\Users\link\Documents\GitHub\osrs-automation\Bots\..\Images\store-marker.png, 15 ms)
2026-07-22 15:15:45 [seller] FindImage: not found (C:\Users\link\Documents\GitHub\osrs-automation\Bots\..\Images\store-marker.png, 16 ms)
2026-07-22 15:15:45 [seller] FindImage: not found (C:\Users\link\Documents\GitHub\osrs-automation\Bots\..\Images\store-marker.png, 15 ms)
2026-07-22 15:15:46 [seller] FindImage: not found (C:\Users\link\Documents\GitHub\osrs-automation\Bots\..\Images\store-marker.png, 16 ms)
2026-07-22 15:15:46 [seller] FindImage: not found (C:\Users\link\Documents\GitHub\osrs-automation\Bots\..\Images\store-marker.png, 15 ms)
2026-07-22 15:15:46 [seller] FindImage: not found (C:\Users\link\Documents\GitHub\osrs-automation\Bots\..\Images\store-marker.png, 16 ms)
2026-07-22 15:15:46 [seller] FindImage: not found (C:\Users\link\Documents\GitHub\osrs-automation\Bots\..\Images\store-marker.png, 15 ms)
2026-07-22 15:15:46 [seller] FindImage: not found (C:\Users\link\Documents\GitHub\osrs-automation\Bots\..\Images\store-marker.png, 16 ms)
2026-07-22 15:15:46 [seller] FindImage: not found (C:\Users\link\Documents\GitHub\osrs-automation\Bots\..\Images\store-marker.png, 15 ms)
2026-07-22 15:15:47 [seller] FindImage: not found (C:\Users\link\Documents\GitHub\osrs-automation\Bots\..\Images\store-marker.png, 16 ms)
2026-07-22 15:15:47 [seller] FindImage: not found (C:\Users\link\Documents\GitHub\osrs-automation\Bots\..\Images\store-marker.png, 15 ms)
2026-07-22 15:15:47 [seller] FindImage: not found (C:\Users\link\Documents\GitHub\osrs-automation\Bots\..\Images\store-marker.png, 16 ms)
2026-07-22 15:15:47 [seller] FindImage: not found (C:\Users\link\Documents\GitHub\osrs-automation\Bots\..\Images\store-marker.png, 15 ms)
2026-07-22 15:15:47 [seller] FindImage: not found (C:\Users\link\Documents\GitHub\osrs-automation\Bots\..\Images\store-marker.png, 16 ms)
2026-07-22 15:15:48 [seller] FindImage: not found (C:\Users\link\Documents\GitHub\osrs-automation\Bots\..\Images\store-marker.png, 15 ms)
2026-07-22 15:15:48 [seller] FindImage: not found (C:\Users\link\Documents\GitHub\osrs-automation\Bots\..\Images\store-marker.png, 16 ms)
2026-07-22 15:15:48 [seller] FindImage: not found (C:\Users\link\Documents\GitHub\osrs-automation\Bots\..\Images\store-marker.png, 15 ms)
2026-07-22 15:15:48 [seller] FindImage: not found (C:\Users\link\Documents\GitHub\osrs-automation\Bots\..\Images\store-marker.png, 16 ms)
2026-07-22 15:15:48 [seller] FindImage: not found (C:\Users\link\Documents\GitHub\osrs-automation\Bots\..\Images\store-marker.png, 15 ms)
2026-07-22 15:15:49 [seller] FindImage: not found (C:\Users\link\Documents\GitHub\osrs-automation\Bots\..\Images\store-marker.png, 16 ms)
2026-07-22 15:15:49 [seller] FindImage: not found (C:\Users\link\Documents\GitHub\osrs-automation\Bots\..\Images\store-marker.png, 15 ms)
2026-07-22 15:15:49 [seller] FindImage: not found (C:\Users\link\Documents\GitHub\osrs-automation\Bots\..\Images\store-marker.png, 16 ms)
2026-07-22 15:15:49 [seller] FindImage: not found (C:\Users\link\Documents\GitHub\osrs-automation\Bots\..\Images\store-marker.png, 15 ms)
2026-07-22 15:15:49 [seller] FindImage: not found (C:\Users\link\Documents\GitHub\osrs-automation\Bots\..\Images\store-marker.png, 16 ms)
2026-07-22 15:15:49 [seller] FindImage: not found (C:\Users\link\Documents\GitHub\osrs-automation\Bots\..\Images\store-marker.png, 15 ms)
2026-07-22 15:15:50 [seller] FindImage: not found (C:\Users\link\Documents\GitHub\osrs-automation\Bots\..\Images\store-marker.png, 0 ms)
2026-07-22 15:15:50 [seller] FindImage: not found (C:\Users\link\Documents\GitHub\osrs-automation\Bots\..\Images\store-marker.png, 0 ms)
2026-07-22 15:15:50 [seller] FindImage: not found (C:\Users\link\Documents\GitHub\osrs-automation\Bots\..\Images\store-marker.png, 0 ms)
2026-07-22 15:15:50 [seller] FindImage: not found (C:\Users\link\Documents\GitHub\osrs-automation\Bots\..\Images\store-marker.png, 0 ms)
2026-07-22 15:15:50 [seller] FindImage: not found (C:\Users\link\Documents\GitHub\osrs-automation\Bots\..\Images\store-marker.png, 0 ms)
2026-07-22 15:15:51 [seller] FindImage: not found (C:\Users\link\Documents\GitHub\osrs-automation\Bots\..\Images\store-marker.png, 16 ms)
2026-07-22 15:15:51 [seller] FindImage: not found (C:\Users\link\Documents\GitHub\osrs-automation\Bots\..\Images\store-marker.png, 15 ms)
2026-07-22 15:15:51 [seller] FindImage: not found (C:\Users\link\Documents\GitHub\osrs-automation\Bots\..\Images\store-marker.png, 16 ms)
2026-07-22 15:15:51 [seller] FindImage: not found (C:\Users\link\Documents\GitHub\osrs-automation\Bots\..\Images\store-marker.png, 15 ms)
2026-07-22 15:15:51 [seller] FindImage: not found (C:\Users\link\Documents\GitHub\osrs-automation\Bots\..\Images\store-marker.png, 16 ms)
2026-07-22 15:15:52 [seller] FindImage: not found (C:\Users\link\Documents\GitHub\osrs-automation\Bots\..\Images\store-marker.png, 15 ms)
2026-07-22 15:15:52 [seller] FindImage: not found (C:\Users\link\Documents\GitHub\osrs-automation\Bots\..\Images\store-marker.png, 16 ms)
2026-07-22 15:15:52 [seller] FindImage: not found (C:\Users\link\Documents\GitHub\osrs-automation\Bots\..\Images\store-marker.png, 0 ms)
2026-07-22 15:15:52 [seller] FindImage: not found (C:\Users\link\Documents\GitHub\osrs-automation\Bots\..\Images\store-marker.png, 0 ms)
2026-07-22 15:15:52 [seller] FindImage: not found (C:\Users\link\Documents\GitHub\osrs-automation\Bots\..\Images\store-marker.png, 0 ms)
2026-07-22 15:15:52 [seller] FindImage: not found (C:\Users\link\Documents\GitHub\osrs-automation\Bots\..\Images\store-marker.png, 16 ms)
2026-07-22 15:15:53 [seller] FindImage: not found (C:\Users\link\Documents\GitHub\osrs-automation\Bots\..\Images\store-marker.png, 0 ms)
2026-07-22 15:15:53 [seller] FindImage: not found (C:\Users\link\Documents\GitHub\osrs-automation\Bots\..\Images\store-marker.png, 0 ms)
2026-07-22 15:15:53 [seller] FindImage: not found (C:\Users\link\Documents\GitHub\osrs-automation\Bots\..\Images\store-marker.png, 0 ms)
2026-07-22 15:15:53 [seller] FindImage: not found (C:\Users\link\Documents\GitHub\osrs-automation\Bots\..\Images\store-marker.png, 0 ms)
2026-07-22 15:15:53 [seller] FindImage: not found (C:\Users\link\Documents\GitHub\osrs-automation\Bots\..\Images\store-marker.png, 16 ms)
2026-07-22 15:15:54 [seller] FindImage: not found (C:\Users\link\Documents\GitHub\osrs-automation\Bots\..\Images\store-marker.png, 16 ms)
2026-07-22 15:15:54 [seller] FindImage: not found (C:\Users\link\Documents\GitHub\osrs-automation\Bots\..\Images\store-marker.png, 0 ms)
2026-07-22 15:15:54 [seller] FindImage: not found (C:\Users\link\Documents\GitHub\osrs-automation\Bots\..\Images\store-marker.png, 15 ms)
2026-07-22 15:15:54 [seller] FindImage: not found (C:\Users\link\Documents\GitHub\osrs-automation\Bots\..\Images\store-marker.png, 16 ms)
2026-07-22 15:15:54 [seller] FindImage: not found (C:\Users\link\Documents\GitHub\osrs-automation\Bots\..\Images\store-marker.png, 15 ms)
2026-07-22 15:15:54 [seller] FindImage: not found (C:\Users\link\Documents\GitHub\osrs-automation\Bots\..\Images\store-marker.png, 16 ms)
2026-07-22 15:15:55 [seller] FindImage: not found (C:\Users\link\Documents\GitHub\osrs-automation\Bots\..\Images\store-marker.png, 15 ms)
2026-07-22 15:15:55 [seller] FindImage: not found (C:\Users\link\Documents\GitHub\osrs-automation\Bots\..\Images\store-marker.png, 16 ms)
2026-07-22 15:15:55 [seller] FindImage: not found (C:\Users\link\Documents\GitHub\osrs-automation\Bots\..\Images\store-marker.png, 15 ms)
2026-07-22 15:15:55 [seller] FindImage: not found (C:\Users\link\Documents\GitHub\osrs-automation\Bots\..\Images\store-marker.png, 16 ms)
2026-07-22 15:15:55 [seller] FindImage: not found (C:\Users\link\Documents\GitHub\osrs-automation\Bots\..\Images\store-marker.png, 15 ms)
2026-07-22 15:15:56 [seller] FindImage: not found (C:\Users\link\Documents\GitHub\osrs-automation\Bots\..\Images\store-marker.png, 16 ms)
2026-07-22 15:15:56 [seller] FindImage: not found (C:\Users\link\Documents\GitHub\osrs-automation\Bots\..\Images\store-marker.png, 0 ms)
2026-07-22 15:15:56 [seller] FindImage: not found (C:\Users\link\Documents\GitHub\osrs-automation\Bots\..\Images\store-marker.png, 0 ms)
2026-07-22 15:15:56 [seller] FindImage: not found (C:\Users\link\Documents\GitHub\osrs-automation\Bots\..\Images\store-marker.png, 0 ms)
2026-07-22 15:15:56 [seller] FindImage: not found (C:\Users\link\Documents\GitHub\osrs-automation\Bots\..\Images\store-marker.png, 0 ms)
2026-07-22 15:15:56 [seller] FindImage: not found (C:\Users\link\Documents\GitHub\osrs-automation\Bots\..\Images\store-marker.png, 0 ms)
2026-07-22 15:15:57 [seller] FindImage: not found (C:\Users\link\Documents\GitHub\osrs-automation\Bots\..\Images\store-marker.png, 0 ms)
2026-07-22 15:15:57 [seller] FindImage: not found (C:\Users\link\Documents\GitHub\osrs-automation\Bots\..\Images\store-marker.png, 0 ms)
2026-07-22 15:15:57 [seller] FindImage: not found (C:\Users\link\Documents\GitHub\osrs-automation\Bots\..\Images\store-marker.png, 0 ms)
2026-07-22 15:15:57 [seller] FindImage: not found (C:\Users\link\Documents\GitHub\osrs-automation\Bots\..\Images\store-marker.png, 0 ms)
2026-07-22 15:15:57 [seller] FindImage: not found (C:\Users\link\Documents\GitHub\osrs-automation\Bots\..\Images\store-marker.png, 16 ms)
2026-07-22 15:15:57 [seller] FindImage: not found (C:\Users\link\Documents\GitHub\osrs-automation\Bots\..\Images\store-marker.png, 15 ms)
2026-07-22 15:15:58 [seller] FindImage: not found (C:\Users\link\Documents\GitHub\osrs-automation\Bots\..\Images\store-marker.png, 0 ms)
2026-07-22 15:15:58 [seller] FindImage: not found (C:\Users\link\Documents\GitHub\osrs-automation\Bots\..\Images\store-marker.png, 0 ms)
2026-07-22 15:15:58 [seller] FindImage: not found (C:\Users\link\Documents\GitHub\osrs-automation\Bots\..\Images\store-marker.png, 0 ms)
2026-07-22 15:15:58 [seller] FindImage: not found (C:\Users\link\Documents\GitHub\osrs-automation\Bots\..\Images\store-marker.png, 0 ms)
2026-07-22 15:15:58 [seller] FindImage: not found (C:\Users\link\Documents\GitHub\osrs-automation\Bots\..\Images\store-marker.png, 15 ms)
2026-07-22 15:15:59 [seller] FindImage: not found (C:\Users\link\Documents\GitHub\osrs-automation\Bots\..\Images\store-marker.png, 16 ms)
2026-07-22 15:15:59 [seller] FindImage: not found (C:\Users\link\Documents\GitHub\osrs-automation\Bots\..\Images\store-marker.png, 15 ms)
2026-07-22 15:15:59 [seller] FindImage: not found (C:\Users\link\Documents\GitHub\osrs-automation\Bots\..\Images\store-marker.png, 16 ms)
2026-07-22 15:15:59 [seller] FindImage: not found (C:\Users\link\Documents\GitHub\osrs-automation\Bots\..\Images\store-marker.png, 15 ms)
2026-07-22 15:15:59 [seller] FindImage: not found (C:\Users\link\Documents\GitHub\osrs-automation\Bots\..\Images\store-marker.png, 16 ms)
2026-07-22 15:16:00 [seller] FindImage: not found (C:\Users\link\Documents\GitHub\osrs-automation\Bots\..\Images\store-marker.png, 15 ms)
2026-07-22 15:16:00 [seller] FindImage: not found (C:\Users\link\Documents\GitHub\osrs-automation\Bots\..\Images\store-marker.png, 16 ms)
2026-07-22 15:16:00 [seller] FindImage: not found (C:\Users\link\Documents\GitHub\osrs-automation\Bots\..\Images\store-marker.png, 15 ms)
2026-07-22 15:16:00 [seller] FindImage: not found (C:\Users\link\Documents\GitHub\osrs-automation\Bots\..\Images\store-marker.png, 16 ms)
2026-07-22 15:16:00 [seller] FindImage: not found (C:\Users\link\Documents\GitHub\osrs-automation\Bots\..\Images\store-marker.png, 15 ms)
2026-07-22 15:16:00 [seller] FindImage: not found (C:\Users\link\Documents\GitHub\osrs-automation\Bots\..\Images\store-marker.png, 16 ms)
2026-07-22 15:16:01 [seller] FindImage: not found (C:\Users\link\Documents\GitHub\osrs-automation\Bots\..\Images\store-marker.png, 15 ms)
2026-07-22 15:16:01 [seller] FindImage: not found (C:\Users\link\Documents\GitHub\osrs-automation\Bots\..\Images\store-marker.png, 16 ms)
2026-07-22 15:16:01 [seller] FindImage: not found (C:\Users\link\Documents\GitHub\osrs-automation\Bots\..\Images\store-marker.png, 15 ms)
2026-07-22 15:16:01 [seller] FindImage: not found (C:\Users\link\Documents\GitHub\osrs-automation\Bots\..\Images\store-marker.png, 0 ms)
2026-07-22 15:16:01 [seller] FindImage: not found (C:\Users\link\Documents\GitHub\osrs-automation\Bots\..\Images\store-marker.png, 0 ms)
2026-07-22 15:16:02 [seller] FindImage: not found (C:\Users\link\Documents\GitHub\osrs-automation\Bots\..\Images\store-marker.png, 0 ms)
2026-07-22 15:16:02 [seller] FindImage: found at 761,807 (C:\Users\link\Documents\GitHub\osrs-automation\Bots\..\Images\store-marker.png, 0 ms)
2026-07-22 15:16:02 [seller] Seller: clicking inventory slot 1 at 2135,833
2026-07-22 15:16:02 [seller] Seller: waiting for store marker to close
2026-07-22 15:16:02 [seller] FindImage: not found (C:\Users\link\Documents\GitHub\osrs-automation\Bots\..\Images\store-marker.png, 16 ms)
2026-07-22 15:16:02 [seller] Seller: waiting for world-switch marker
2026-07-22 15:16:02 [seller] FindImage: not found (C:\Users\link\Documents\GitHub\osrs-automation\Bots\..\Images\world-switch-marker.png, 16 ms)
2026-07-22 15:16:03 [seller] FindImage: not found (C:\Users\link\Documents\GitHub\osrs-automation\Bots\..\Images\world-switch-marker.png, 0 ms)
2026-07-22 15:16:03 [seller] FindImage: not found (C:\Users\link\Documents\GitHub\osrs-automation\Bots\..\Images\world-switch-marker.png, 16 ms)
2026-07-22 15:16:03 [seller] FindImage: not found (C:\Users\link\Documents\GitHub\osrs-automation\Bots\..\Images\world-switch-marker.png, 16 ms)
2026-07-22 15:16:03 [seller] FindImage: not found (C:\Users\link\Documents\GitHub\osrs-automation\Bots\..\Images\world-switch-marker.png, 16 ms)
2026-07-22 15:16:03 [seller] FindImage: not found (C:\Users\link\Documents\GitHub\osrs-automation\Bots\..\Images\world-switch-marker.png, 16 ms)
2026-07-22 15:16:04 [seller] FindImage: found at 131,1190 (C:\Users\link\Documents\GitHub\osrs-automation\Bots\..\Images\world-switch-marker.png, 16 ms)
2026-07-22 15:16:04 [seller] Seller: waiting for store marker
2026-07-22 15:16:04 [seller] FindImage: not found (C:\Users\link\Documents\GitHub\osrs-automation\Bots\..\Images\store-marker.png, 15 ms)
2026-07-22 15:16:04 [seller] FindImage: not found (C:\Users\link\Documents\GitHub\osrs-automation\Bots\..\Images\store-marker.png, 16 ms)
2026-07-22 15:16:04 [seller] FindImage: not found (C:\Users\link\Documents\GitHub\osrs-automation\Bots\..\Images\store-marker.png, 15 ms)
2026-07-22 15:16:04 [seller] FindImage: not found (C:\Users\link\Documents\GitHub\osrs-automation\Bots\..\Images\store-marker.png, 16 ms)
2026-07-22 15:16:05 [seller] FindImage: not found (C:\Users\link\Documents\GitHub\osrs-automation\Bots\..\Images\store-marker.png, 15 ms)
2026-07-22 15:16:05 [seller] FindImage: not found (C:\Users\link\Documents\GitHub\osrs-automation\Bots\..\Images\store-marker.png, 16 ms)
2026-07-22 15:16:05 [seller] FindImage: not found (C:\Users\link\Documents\GitHub\osrs-automation\Bots\..\Images\store-marker.png, 15 ms)
2026-07-22 15:16:05 [seller] FindImage: not found (C:\Users\link\Documents\GitHub\osrs-automation\Bots\..\Images\store-marker.png, 16 ms)
2026-07-22 15:16:05 [seller] FindImage: not found (C:\Users\link\Documents\GitHub\osrs-automation\Bots\..\Images\store-marker.png, 15 ms)
2026-07-22 15:16:06 [seller] FindImage: not found (C:\Users\link\Documents\GitHub\osrs-automation\Bots\..\Images\store-marker.png, 16 ms)
2026-07-22 15:16:06 [seller] FindImage: not found (C:\Users\link\Documents\GitHub\osrs-automation\Bots\..\Images\store-marker.png, 15 ms)
2026-07-22 15:16:06 [seller] FindImage: not found (C:\Users\link\Documents\GitHub\osrs-automation\Bots\..\Images\store-marker.png, 16 ms)
2026-07-22 15:16:06 [seller] FindImage: not found (C:\Users\link\Documents\GitHub\osrs-automation\Bots\..\Images\store-marker.png, 15 ms)
2026-07-22 15:16:06 [seller] FindImage: not found (C:\Users\link\Documents\GitHub\osrs-automation\Bots\..\Images\store-marker.png, 16 ms)
2026-07-22 15:16:06 [seller] FindImage: not found (C:\Users\link\Documents\GitHub\osrs-automation\Bots\..\Images\store-marker.png, 15 ms)
2026-07-22 15:16:07 [seller] FindImage: not found (C:\Users\link\Documents\GitHub\osrs-automation\Bots\..\Images\store-marker.png, 16 ms)
2026-07-22 15:16:07 [seller] FindImage: not found (C:\Users\link\Documents\GitHub\osrs-automation\Bots\..\Images\store-marker.png, 0 ms)
2026-07-22 15:16:07 [seller] FindImage: not found (C:\Users\link\Documents\GitHub\osrs-automation\Bots\..\Images\store-marker.png, 0 ms)
2026-07-22 15:16:07 [seller] FindImage: not found (C:\Users\link\Documents\GitHub\osrs-automation\Bots\..\Images\store-marker.png, 0 ms)
2026-07-22 15:16:07 [seller] FindImage: not found (C:\Users\link\Documents\GitHub\osrs-automation\Bots\..\Images\store-marker.png, 0 ms)
2026-07-22 15:16:08 [seller] FindImage: not found (C:\Users\link\Documents\GitHub\osrs-automation\Bots\..\Images\store-marker.png, 0 ms)
2026-07-22 15:16:08 [seller] FindImage: not found (C:\Users\link\Documents\GitHub\osrs-automation\Bots\..\Images\store-marker.png, 0 ms)
2026-07-22 15:16:08 [seller] FindImage: not found (C:\Users\link\Documents\GitHub\osrs-automation\Bots\..\Images\store-marker.png, 0 ms)
2026-07-22 15:16:08 [seller] FindImage: not found (C:\Users\link\Documents\GitHub\osrs-automation\Bots\..\Images\store-marker.png, 0 ms)
2026-07-22 15:16:08 [seller] FindImage: not found (C:\Users\link\Documents\GitHub\osrs-automation\Bots\..\Images\store-marker.png, 0 ms)
2026-07-22 15:16:08 [seller] FindImage: not found (C:\Users\link\Documents\GitHub\osrs-automation\Bots\..\Images\store-marker.png, 0 ms)
2026-07-22 15:16:09 [seller] FindImage: not found (C:\Users\link\Documents\GitHub\osrs-automation\Bots\..\Images\store-marker.png, 0 ms)
2026-07-22 15:16:09 [seller] FindImage: not found (C:\Users\link\Documents\GitHub\osrs-automation\Bots\..\Images\store-marker.png, 0 ms)
2026-07-22 15:16:09 [seller] FindImage: not found (C:\Users\link\Documents\GitHub\osrs-automation\Bots\..\Images\store-marker.png, 0 ms)
2026-07-22 15:16:09 [seller] FindImage: not found (C:\Users\link\Documents\GitHub\osrs-automation\Bots\..\Images\store-marker.png, 16 ms)
2026-07-22 15:16:09 [seller] FindImage: not found (C:\Users\link\Documents\GitHub\osrs-automation\Bots\..\Images\store-marker.png, 15 ms)
2026-07-22 15:16:10 [seller] FindImage: not found (C:\Users\link\Documents\GitHub\osrs-automation\Bots\..\Images\store-marker.png, 16 ms)
2026-07-22 15:16:10 [seller] FindImage: not found (C:\Users\link\Documents\GitHub\osrs-automation\Bots\..\Images\store-marker.png, 15 ms)
2026-07-22 15:16:10 [seller] FindImage: not found (C:\Users\link\Documents\GitHub\osrs-automation\Bots\..\Images\store-marker.png, 16 ms)
2026-07-22 15:16:10 [seller] FindImage: not found (C:\Users\link\Documents\GitHub\osrs-automation\Bots\..\Images\store-marker.png, 15 ms)
2026-07-22 15:16:10 [seller] FindImage: not found (C:\Users\link\Documents\GitHub\osrs-automation\Bots\..\Images\store-marker.png, 16 ms)
2026-07-22 15:16:10 [seller] FindImage: not found (C:\Users\link\Documents\GitHub\osrs-automation\Bots\..\Images\store-marker.png, 15 ms)
2026-07-22 15:16:11 [seller] FindImage: not found (C:\Users\link\Documents\GitHub\osrs-automation\Bots\..\Images\store-marker.png, 0 ms)
2026-07-22 15:16:11 [seller] FindImage: not found (C:\Users\link\Documents\GitHub\osrs-automation\Bots\..\Images\store-marker.png, 0 ms)
2026-07-22 15:16:11 [seller] FindImage: not found (C:\Users\link\Documents\GitHub\osrs-automation\Bots\..\Images\store-marker.png, 0 ms)
2026-07-22 15:16:11 [seller] FindImage: not found (C:\Users\link\Documents\GitHub\osrs-automation\Bots\..\Images\store-marker.png, 0 ms)
2026-07-22 15:16:11 [seller] FindImage: not found (C:\Users\link\Documents\GitHub\osrs-automation\Bots\..\Images\store-marker.png, 0 ms)
2026-07-22 15:16:12 [seller] FindImage: not found (C:\Users\link\Documents\GitHub\osrs-automation\Bots\..\Images\store-marker.png, 0 ms)
2026-07-22 15:16:12 [seller] FindImage: not found (C:\Users\link\Documents\GitHub\osrs-automation\Bots\..\Images\store-marker.png, 16 ms)
2026-07-22 15:16:12 [seller] FindImage: not found (C:\Users\link\Documents\GitHub\osrs-automation\Bots\..\Images\store-marker.png, 0 ms)
2026-07-22 15:16:12 [seller] FindImage: not found (C:\Users\link\Documents\GitHub\osrs-automation\Bots\..\Images\store-marker.png, 0 ms)
2026-07-22 15:16:12 [seller] FindImage: not found (C:\Users\link\Documents\GitHub\osrs-automation\Bots\..\Images\store-marker.png, 15 ms)
2026-07-22 15:16:12 [seller] FindImage: not found (C:\Users\link\Documents\GitHub\osrs-automation\Bots\..\Images\store-marker.png, 16 ms)
2026-07-22 15:16:13 [seller] FindImage: not found (C:\Users\link\Documents\GitHub\osrs-automation\Bots\..\Images\store-marker.png, 15 ms)
2026-07-22 15:16:13 [seller] FindImage: not found (C:\Users\link\Documents\GitHub\osrs-automation\Bots\..\Images\store-marker.png, 16 ms)
2026-07-22 15:16:13 [seller] FindImage: not found (C:\Users\link\Documents\GitHub\osrs-automation\Bots\..\Images\store-marker.png, 15 ms)
2026-07-22 15:16:13 [seller] FindImage: not found (C:\Users\link\Documents\GitHub\osrs-automation\Bots\..\Images\store-marker.png, 16 ms)
2026-07-22 15:16:13 [seller] FindImage: not found (C:\Users\link\Documents\GitHub\osrs-automation\Bots\..\Images\store-marker.png, 15 ms)
2026-07-22 15:16:14 [seller] FindImage: not found (C:\Users\link\Documents\GitHub\osrs-automation\Bots\..\Images\store-marker.png, 16 ms)
2026-07-22 15:16:14 [seller] FindImage: not found (C:\Users\link\Documents\GitHub\osrs-automation\Bots\..\Images\store-marker.png, 15 ms)
2026-07-22 15:16:14 [seller] FindImage: not found (C:\Users\link\Documents\GitHub\osrs-automation\Bots\..\Images\store-marker.png, 0 ms)
2026-07-22 15:16:14 [seller] FindImage: not found (C:\Users\link\Documents\GitHub\osrs-automation\Bots\..\Images\store-marker.png, 0 ms)
2026-07-22 15:16:14 [seller] FindImage: not found (C:\Users\link\Documents\GitHub\osrs-automation\Bots\..\Images\store-marker.png, 0 ms)
2026-07-22 15:16:14 [seller] FindImage: not found (C:\Users\link\Documents\GitHub\osrs-automation\Bots\..\Images\store-marker.png, 0 ms)
2026-07-22 15:16:15 [seller] FindImage: not found (C:\Users\link\Documents\GitHub\osrs-automation\Bots\..\Images\store-marker.png, 16 ms)
2026-07-22 15:16:15 [seller] FindImage: not found (C:\Users\link\Documents\GitHub\osrs-automation\Bots\..\Images\store-marker.png, 0 ms)
2026-07-22 15:16:15 [seller] FindImage: not found (C:\Users\link\Documents\GitHub\osrs-automation\Bots\..\Images\store-marker.png, 0 ms)
2026-07-22 15:16:15 [seller] FindImage: not found (C:\Users\link\Documents\GitHub\osrs-automation\Bots\..\Images\store-marker.png, 16 ms)
2026-07-22 15:16:15 [seller] FindImage: not found (C:\Users\link\Documents\GitHub\osrs-automation\Bots\..\Images\store-marker.png, 15 ms)
2026-07-22 15:16:16 [seller] FindImage: not found (C:\Users\link\Documents\GitHub\osrs-automation\Bots\..\Images\store-marker.png, 16 ms)
2026-07-22 15:16:16 [seller] FindImage: found at 761,807 (C:\Users\link\Documents\GitHub\osrs-automation\Bots\..\Images\store-marker.png, 15 ms)
2026-07-22 15:16:16 [seller] Seller: clicking inventory slot 1 at 2135,833
2026-07-22 15:16:16 [seller] Seller: waiting for store marker to close
2026-07-22 15:16:16 [seller] FindImage: not found (C:\Users\link\Documents\GitHub\osrs-automation\Bots\..\Images\store-marker.png, 15 ms)
2026-07-22 15:16:16 [seller] Seller: waiting for world-switch marker
2026-07-22 15:16:16 [seller] FindImage: not found (C:\Users\link\Documents\GitHub\osrs-automation\Bots\..\Images\world-switch-marker.png, 16 ms)
2026-07-22 15:16:17 [seller] FindImage: not found (C:\Users\link\Documents\GitHub\osrs-automation\Bots\..\Images\world-switch-marker.png, 0 ms)
2026-07-22 15:16:17 [seller] FindImage: not found (C:\Users\link\Documents\GitHub\osrs-automation\Bots\..\Images\world-switch-marker.png, 0 ms)
2026-07-22 15:16:17 [seller] FindImage: not found (C:\Users\link\Documents\GitHub\osrs-automation\Bots\..\Images\world-switch-marker.png, 16 ms)
2026-07-22 15:16:17 [seller] FindImage: not found (C:\Users\link\Documents\GitHub\osrs-automation\Bots\..\Images\world-switch-marker.png, 0 ms)
2026-07-22 15:16:17 [seller] FindImage: not found (C:\Users\link\Documents\GitHub\osrs-automation\Bots\..\Images\world-switch-marker.png, 16 ms)
2026-07-22 15:16:17 [seller] FindImage: not found (C:\Users\link\Documents\GitHub\osrs-automation\Bots\..\Images\world-switch-marker.png, 15 ms)
2026-07-22 15:16:18 [seller] FindImage: found at 131,1190 (C:\Users\link\Documents\GitHub\osrs-automation\Bots\..\Images\world-switch-marker.png, 16 ms)
2026-07-22 15:16:18 [seller] Seller: waiting for store marker
2026-07-22 15:16:18 [seller] FindImage: not found (C:\Users\link\Documents\GitHub\osrs-automation\Bots\..\Images\store-marker.png, 15 ms)
2026-07-22 15:16:18 [seller] FindImage: not found (C:\Users\link\Documents\GitHub\osrs-automation\Bots\..\Images\store-marker.png, 16 ms)
2026-07-22 15:16:18 [seller] FindImage: not found (C:\Users\link\Documents\GitHub\osrs-automation\Bots\..\Images\store-marker.png, 15 ms)
2026-07-22 15:16:19 [seller] FindImage: not found (C:\Users\link\Documents\GitHub\osrs-automation\Bots\..\Images\store-marker.png, 16 ms)
2026-07-22 15:16:19 [seller] FindImage: not found (C:\Users\link\Documents\GitHub\osrs-automation\Bots\..\Images\store-marker.png, 15 ms)
2026-07-22 15:16:19 [seller] FindImage: not found (C:\Users\link\Documents\GitHub\osrs-automation\Bots\..\Images\store-marker.png, 16 ms)
2026-07-22 15:16:19 [seller] FindImage: not found (C:\Users\link\Documents\GitHub\osrs-automation\Bots\..\Images\store-marker.png, 15 ms)
2026-07-22 15:16:19 [seller] FindImage: not found (C:\Users\link\Documents\GitHub\osrs-automation\Bots\..\Images\store-marker.png, 16 ms)
2026-07-22 15:16:20 [seller] FindImage: not found (C:\Users\link\Documents\GitHub\osrs-automation\Bots\..\Images\store-marker.png, 15 ms)
2026-07-22 15:16:20 [seller] FindImage: not found (C:\Users\link\Documents\GitHub\osrs-automation\Bots\..\Images\store-marker.png, 0 ms)
2026-07-22 15:16:20 [seller] FindImage: not found (C:\Users\link\Documents\GitHub\osrs-automation\Bots\..\Images\store-marker.png, 0 ms)
2026-07-22 15:16:20 [seller] FindImage: not found (C:\Users\link\Documents\GitHub\osrs-automation\Bots\..\Images\store-marker.png, 0 ms)
2026-07-22 15:16:20 [seller] FindImage: not found (C:\Users\link\Documents\GitHub\osrs-automation\Bots\..\Images\store-marker.png, 0 ms)
2026-07-22 15:16:20 [seller] FindImage: not found (C:\Users\link\Documents\GitHub\osrs-automation\Bots\..\Images\store-marker.png, 0 ms)
2026-07-22 15:16:21 [seller] FindImage: not found (C:\Users\link\Documents\GitHub\osrs-automation\Bots\..\Images\store-marker.png, 0 ms)
2026-07-22 15:16:21 [seller] FindImage: not found (C:\Users\link\Documents\GitHub\osrs-automation\Bots\..\Images\store-marker.png, 0 ms)
2026-07-22 15:16:21 [seller] FindImage: not found (C:\Users\link\Documents\GitHub\osrs-automation\Bots\..\Images\store-marker.png, 0 ms)
2026-07-22 15:16:21 [seller] FindImage: not found (C:\Users\link\Documents\GitHub\osrs-automation\Bots\..\Images\store-marker.png, 0 ms)
2026-07-22 15:16:21 [seller] FindImage: not found (C:\Users\link\Documents\GitHub\osrs-automation\Bots\..\Images\store-marker.png, 0 ms)
2026-07-22 15:16:21 [seller] FindImage: not found (C:\Users\link\Documents\GitHub\osrs-automation\Bots\..\Images\store-marker.png, 0 ms)
2026-07-22 15:16:22 [seller] FindImage: not found (C:\Users\link\Documents\GitHub\osrs-automation\Bots\..\Images\store-marker.png, 0 ms)
2026-07-22 15:16:22 [seller] FindImage: not found (C:\Users\link\Documents\GitHub\osrs-automation\Bots\..\Images\store-marker.png, 0 ms)
2026-07-22 15:16:22 [seller] FindImage: not found (C:\Users\link\Documents\GitHub\osrs-automation\Bots\..\Images\store-marker.png, 16 ms)
2026-07-22 15:16:22 [seller] FindImage: not found (C:\Users\link\Documents\GitHub\osrs-automation\Bots\..\Images\store-marker.png, 0 ms)
2026-07-22 15:16:22 [seller] FindImage: not found (C:\Users\link\Documents\GitHub\osrs-automation\Bots\..\Images\store-marker.png, 0 ms)
2026-07-22 15:16:23 [seller] FindImage: not found (C:\Users\link\Documents\GitHub\osrs-automation\Bots\..\Images\store-marker.png, 0 ms)
2026-07-22 15:16:23 [seller] FindImage: not found (C:\Users\link\Documents\GitHub\osrs-automation\Bots\..\Images\store-marker.png, 0 ms)
2026-07-22 15:16:23 [seller] FindImage: not found (C:\Users\link\Documents\GitHub\osrs-automation\Bots\..\Images\store-marker.png, 0 ms)
2026-07-22 15:16:23 [seller] FindImage: not found (C:\Users\link\Documents\GitHub\osrs-automation\Bots\..\Images\store-marker.png, 0 ms)
2026-07-22 15:16:23 [seller] FindImage: not found (C:\Users\link\Documents\GitHub\osrs-automation\Bots\..\Images\store-marker.png, 0 ms)
2026-07-22 15:16:23 [seller] FindImage: not found (C:\Users\link\Documents\GitHub\osrs-automation\Bots\..\Images\store-marker.png, 16 ms)
2026-07-22 15:16:24 [seller] FindImage: not found (C:\Users\link\Documents\GitHub\osrs-automation\Bots\..\Images\store-marker.png, 16 ms)
2026-07-22 15:16:24 [seller] FindImage: not found (C:\Users\link\Documents\GitHub\osrs-automation\Bots\..\Images\store-marker.png, 16 ms)
2026-07-22 15:16:24 [seller] FindImage: not found (C:\Users\link\Documents\GitHub\osrs-automation\Bots\..\Images\store-marker.png, 16 ms)
2026-07-22 15:16:24 [seller] FindImage: not found (C:\Users\link\Documents\GitHub\osrs-automation\Bots\..\Images\store-marker.png, 0 ms)
2026-07-22 15:16:24 [seller] FindImage: not found (C:\Users\link\Documents\GitHub\osrs-automation\Bots\..\Images\store-marker.png, 16 ms)
2026-07-22 15:16:25 [seller] FindImage: not found (C:\Users\link\Documents\GitHub\osrs-automation\Bots\..\Images\store-marker.png, 15 ms)
2026-07-22 15:16:25 [seller] FindImage: not found (C:\Users\link\Documents\GitHub\osrs-automation\Bots\..\Images\store-marker.png, 16 ms)
2026-07-22 15:16:25 [seller] FindImage: not found (C:\Users\link\Documents\GitHub\osrs-automation\Bots\..\Images\store-marker.png, 15 ms)
2026-07-22 15:16:25 [seller] FindImage: not found (C:\Users\link\Documents\GitHub\osrs-automation\Bots\..\Images\store-marker.png, 16 ms)
2026-07-22 15:16:25 [seller] FindImage: not found (C:\Users\link\Documents\GitHub\osrs-automation\Bots\..\Images\store-marker.png, 15 ms)
2026-07-22 15:16:25 [seller] FindImage: not found (C:\Users\link\Documents\GitHub\osrs-automation\Bots\..\Images\store-marker.png, 16 ms)
2026-07-22 15:16:26 [seller] FindImage: not found (C:\Users\link\Documents\GitHub\osrs-automation\Bots\..\Images\store-marker.png, 15 ms)
2026-07-22 15:16:26 [seller] FindImage: not found (C:\Users\link\Documents\GitHub\osrs-automation\Bots\..\Images\store-marker.png, 0 ms)
2026-07-22 15:16:26 [seller] FindImage: not found (C:\Users\link\Documents\GitHub\osrs-automation\Bots\..\Images\store-marker.png, 0 ms)
2026-07-22 15:16:26 [seller] FindImage: not found (C:\Users\link\Documents\GitHub\osrs-automation\Bots\..\Images\store-marker.png, 0 ms)
2026-07-22 15:16:26 [seller] FindImage: not found (C:\Users\link\Documents\GitHub\osrs-automation\Bots\..\Images\store-marker.png, 0 ms)
2026-07-22 15:16:26 [seller] FindImage: not found (C:\Users\link\Documents\GitHub\osrs-automation\Bots\..\Images\store-marker.png, 0 ms)
2026-07-22 15:16:27 [seller] FindImage: not found (C:\Users\link\Documents\GitHub\osrs-automation\Bots\..\Images\store-marker.png, 0 ms)
2026-07-22 15:16:27 [seller] FindImage: not found (C:\Users\link\Documents\GitHub\osrs-automation\Bots\..\Images\store-marker.png, 0 ms)
2026-07-22 15:16:27 [seller] FindImage: not found (C:\Users\link\Documents\GitHub\osrs-automation\Bots\..\Images\store-marker.png, 0 ms)
2026-07-22 15:16:27 [seller] FindImage: not found (C:\Users\link\Documents\GitHub\osrs-automation\Bots\..\Images\store-marker.png, 16 ms)
2026-07-22 15:16:27 [seller] FindImage: not found (C:\Users\link\Documents\GitHub\osrs-automation\Bots\..\Images\store-marker.png, 15 ms)
2026-07-22 15:16:28 [seller] FindImage: not found (C:\Users\link\Documents\GitHub\osrs-automation\Bots\..\Images\store-marker.png, 16 ms)
2026-07-22 15:16:28 [seller] FindImage: not found (C:\Users\link\Documents\GitHub\osrs-automation\Bots\..\Images\store-marker.png, 15 ms)
2026-07-22 15:16:28 [seller] FindImage: not found (C:\Users\link\Documents\GitHub\osrs-automation\Bots\..\Images\store-marker.png, 16 ms)
2026-07-22 15:16:28 [seller] FindImage: not found (C:\Users\link\Documents\GitHub\osrs-automation\Bots\..\Images\store-marker.png, 15 ms)
2026-07-22 15:16:28 [seller] FindImage: not found (C:\Users\link\Documents\GitHub\osrs-automation\Bots\..\Images\store-marker.png, 16 ms)
2026-07-22 15:16:28 [seller] FindImage: not found (C:\Users\link\Documents\GitHub\osrs-automation\Bots\..\Images\store-marker.png, 15 ms)
2026-07-22 15:16:29 [seller] FindImage: not found (C:\Users\link\Documents\GitHub\osrs-automation\Bots\..\Images\store-marker.png, 16 ms)
2026-07-22 15:16:29 [seller] FindImage: not found (C:\Users\link\Documents\GitHub\osrs-automation\Bots\..\Images\store-marker.png, 15 ms)
2026-07-22 15:16:29 [seller] FindImage: not found (C:\Users\link\Documents\GitHub\osrs-automation\Bots\..\Images\store-marker.png, 16 ms)
2026-07-22 15:16:29 [seller] FindImage: not found (C:\Users\link\Documents\GitHub\osrs-automation\Bots\..\Images\store-marker.png, 15 ms)
2026-07-22 15:16:29 [seller] FindImage: not found (C:\Users\link\Documents\GitHub\osrs-automation\Bots\..\Images\store-marker.png, 16 ms)
2026-07-22 15:16:30 [seller] FindImage: not found (C:\Users\link\Documents\GitHub\osrs-automation\Bots\..\Images\store-marker.png, 15 ms)
2026-07-22 15:16:30 [seller] FindImage: not found (C:\Users\link\Documents\GitHub\osrs-automation\Bots\..\Images\store-marker.png, 16 ms)
2026-07-22 15:16:30 [seller] FindImage: not found (C:\Users\link\Documents\GitHub\osrs-automation\Bots\..\Images\store-marker.png, 15 ms)
2026-07-22 15:16:30 [seller] FindImage: not found (C:\Users\link\Documents\GitHub\osrs-automation\Bots\..\Images\store-marker.png, 16 ms)
2026-07-22 15:16:30 [seller] FindImage: not found (C:\Users\link\Documents\GitHub\osrs-automation\Bots\..\Images\store-marker.png, 0 ms)
2026-07-22 15:16:31 [seller] FindImage: not found (C:\Users\link\Documents\GitHub\osrs-automation\Bots\..\Images\store-marker.png, 16 ms)
2026-07-22 15:16:31 [seller] FindImage: not found (C:\Users\link\Documents\GitHub\osrs-automation\Bots\..\Images\store-marker.png, 15 ms)
2026-07-22 15:16:31 [seller] FindImage: not found (C:\Users\link\Documents\GitHub\osrs-automation\Bots\..\Images\store-marker.png, 16 ms)
2026-07-22 15:16:31 [seller] FindImage: not found (C:\Users\link\Documents\GitHub\osrs-automation\Bots\..\Images\store-marker.png, 15 ms)
2026-07-22 15:16:31 [seller] FindImage: not found (C:\Users\link\Documents\GitHub\osrs-automation\Bots\..\Images\store-marker.png, 0 ms)
2026-07-22 15:16:31 [seller] FindImage: not found (C:\Users\link\Documents\GitHub\osrs-automation\Bots\..\Images\store-marker.png, 15 ms)
2026-07-22 15:16:32 [seller] FindImage: not found (C:\Users\link\Documents\GitHub\osrs-automation\Bots\..\Images\store-marker.png, 16 ms)
2026-07-22 15:16:32 [seller] FindImage: not found (C:\Users\link\Documents\GitHub\osrs-automation\Bots\..\Images\store-marker.png, 15 ms)
2026-07-22 15:16:32 [seller] FindImage: not found (C:\Users\link\Documents\GitHub\osrs-automation\Bots\..\Images\store-marker.png, 0 ms)
2026-07-22 15:16:32 [seller] FindImage: not found (C:\Users\link\Documents\GitHub\osrs-automation\Bots\..\Images\store-marker.png, 16 ms)
2026-07-22 15:16:32 [seller] FindImage: not found (C:\Users\link\Documents\GitHub\osrs-automation\Bots\..\Images\store-marker.png, 15 ms)
2026-07-22 15:16:33 [seller] FindImage: not found (C:\Users\link\Documents\GitHub\osrs-automation\Bots\..\Images\store-marker.png, 16 ms)
2026-07-22 15:16:33 [seller] FindImage: not found (C:\Users\link\Documents\GitHub\osrs-automation\Bots\..\Images\store-marker.png, 15 ms)
2026-07-22 15:16:33 [seller] FindImage: not found (C:\Users\link\Documents\GitHub\osrs-automation\Bots\..\Images\store-marker.png, 16 ms)
2026-07-22 15:16:33 [seller] FindImage: not found (C:\Users\link\Documents\GitHub\osrs-automation\Bots\..\Images\store-marker.png, 15 ms)
2026-07-22 15:16:33 [seller] FindImage: not found (C:\Users\link\Documents\GitHub\osrs-automation\Bots\..\Images\store-marker.png, 16 ms)
2026-07-22 15:16:34 [seller] FindImage: not found (C:\Users\link\Documents\GitHub\osrs-automation\Bots\..\Images\store-marker.png, 15 ms)
2026-07-22 15:16:34 [seller] FindImage: not found (C:\Users\link\Documents\GitHub\osrs-automation\Bots\..\Images\store-marker.png, 16 ms)
2026-07-22 15:16:34 [seller] FindImage: not found (C:\Users\link\Documents\GitHub\osrs-automation\Bots\..\Images\store-marker.png, 15 ms)
2026-07-22 15:16:34 [seller] FindImage: not found (C:\Users\link\Documents\GitHub\osrs-automation\Bots\..\Images\store-marker.png, 0 ms)
2026-07-22 15:16:34 [seller] FindImage: not found (C:\Users\link\Documents\GitHub\osrs-automation\Bots\..\Images\store-marker.png, 0 ms)
2026-07-22 15:16:34 [seller] FindImage: not found (C:\Users\link\Documents\GitHub\osrs-automation\Bots\..\Images\store-marker.png, 0 ms)
2026-07-22 15:16:35 [seller] FindImage: not found (C:\Users\link\Documents\GitHub\osrs-automation\Bots\..\Images\store-marker.png, 0 ms)
2026-07-22 15:16:35 [seller] FindImage: not found (C:\Users\link\Documents\GitHub\osrs-automation\Bots\..\Images\store-marker.png, 16 ms)
2026-07-22 15:16:35 [seller] FindImage: not found (C:\Users\link\Documents\GitHub\osrs-automation\Bots\..\Images\store-marker.png, 15 ms)
2026-07-22 15:16:35 [seller] FindImage: not found (C:\Users\link\Documents\GitHub\osrs-automation\Bots\..\Images\store-marker.png, 16 ms)
2026-07-22 15:16:35 [seller] FindImage: not found (C:\Users\link\Documents\GitHub\osrs-automation\Bots\..\Images\store-marker.png, 15 ms)
2026-07-22 15:16:36 [seller] FindImage: not found (C:\Users\link\Documents\GitHub\osrs-automation\Bots\..\Images\store-marker.png, 16 ms)
2026-07-22 15:16:36 [seller] FindImage: not found (C:\Users\link\Documents\GitHub\osrs-automation\Bots\..\Images\store-marker.png, 15 ms)
2026-07-22 15:16:36 [seller] FindImage: not found (C:\Users\link\Documents\GitHub\osrs-automation\Bots\..\Images\store-marker.png, 16 ms)
2026-07-22 15:16:36 [seller] FindImage: not found (C:\Users\link\Documents\GitHub\osrs-automation\Bots\..\Images\store-marker.png, 15 ms)
2026-07-22 15:16:36 [seller] FindImage: not found (C:\Users\link\Documents\GitHub\osrs-automation\Bots\..\Images\store-marker.png, 16 ms)
2026-07-22 15:16:36 [seller] FindImage: not found (C:\Users\link\Documents\GitHub\osrs-automation\Bots\..\Images\store-marker.png, 0 ms)
2026-07-22 15:16:37 [seller] FindImage: not found (C:\Users\link\Documents\GitHub\osrs-automation\Bots\..\Images\store-marker.png, 0 ms)
2026-07-22 15:16:37 [seller] FindImage: not found (C:\Users\link\Documents\GitHub\osrs-automation\Bots\..\Images\store-marker.png, 0 ms)
2026-07-22 15:16:37 [seller] FindImage: not found (C:\Users\link\Documents\GitHub\osrs-automation\Bots\..\Images\store-marker.png, 0 ms)
2026-07-22 15:16:37 [seller] FindImage: not found (C:\Users\link\Documents\GitHub\osrs-automation\Bots\..\Images\store-marker.png, 16 ms)
2026-07-22 15:16:37 [seller] FindImage: not found (C:\Users\link\Documents\GitHub\osrs-automation\Bots\..\Images\store-marker.png, 15 ms)
2026-07-22 15:16:38 [seller] FindImage: not found (C:\Users\link\Documents\GitHub\osrs-automation\Bots\..\Images\store-marker.png, 16 ms)
2026-07-22 15:16:38 [seller] FindImage: not found (C:\Users\link\Documents\GitHub\osrs-automation\Bots\..\Images\store-marker.png, 15 ms)
2026-07-22 15:16:38 [seller] FindImage: not found (C:\Users\link\Documents\GitHub\osrs-automation\Bots\..\Images\store-marker.png, 16 ms)
2026-07-22 15:16:38 [seller] FindImage: not found (C:\Users\link\Documents\GitHub\osrs-automation\Bots\..\Images\store-marker.png, 15 ms)
2026-07-22 15:16:38 [seller] FindImage: not found (C:\Users\link\Documents\GitHub\osrs-automation\Bots\..\Images\store-marker.png, 16 ms)
2026-07-22 15:16:39 [seller] FindImage: not found (C:\Users\link\Documents\GitHub\osrs-automation\Bots\..\Images\store-marker.png, 15 ms)
2026-07-22 15:16:39 [seller] FindImage: not found (C:\Users\link\Documents\GitHub\osrs-automation\Bots\..\Images\store-marker.png, 16 ms)
2026-07-22 15:16:39 [seller] FindImage: not found (C:\Users\link\Documents\GitHub\osrs-automation\Bots\..\Images\store-marker.png, 15 ms)
2026-07-22 15:16:39 [seller] FindImage: not found (C:\Users\link\Documents\GitHub\osrs-automation\Bots\..\Images\store-marker.png, 16 ms)
2026-07-22 15:16:39 [seller] FindImage: not found (C:\Users\link\Documents\GitHub\osrs-automation\Bots\..\Images\store-marker.png, 15 ms)
2026-07-22 15:16:39 [seller] FindImage: not found (C:\Users\link\Documents\GitHub\osrs-automation\Bots\..\Images\store-marker.png, 16 ms)
2026-07-22 15:16:40 [seller] FindImage: not found (C:\Users\link\Documents\GitHub\osrs-automation\Bots\..\Images\store-marker.png, 0 ms)
2026-07-22 15:16:40 [seller] FindImage: not found (C:\Users\link\Documents\GitHub\osrs-automation\Bots\..\Images\store-marker.png, 15 ms)
2026-07-22 15:16:40 [seller] FindImage: not found (C:\Users\link\Documents\GitHub\osrs-automation\Bots\..\Images\store-marker.png, 0 ms)
2026-07-22 15:16:40 [seller] FindImage: not found (C:\Users\link\Documents\GitHub\osrs-automation\Bots\..\Images\store-marker.png, 0 ms)
2026-07-22 15:16:40 [seller] FindImage: not found (C:\Users\link\Documents\GitHub\osrs-automation\Bots\..\Images\store-marker.png, 0 ms)
2026-07-22 15:16:40 [seller] FindImage: not found (C:\Users\link\Documents\GitHub\osrs-automation\Bots\..\Images\store-marker.png, 15 ms)
2026-07-22 15:16:41 [seller] FindImage: not found (C:\Users\link\Documents\GitHub\osrs-automation\Bots\..\Images\store-marker.png, 16 ms)
2026-07-22 15:16:41 [seller] FindImage: not found (C:\Users\link\Documents\GitHub\osrs-automation\Bots\..\Images\store-marker.png, 15 ms)
2026-07-22 15:16:41 [seller] FindImage: not found (C:\Users\link\Documents\GitHub\osrs-automation\Bots\..\Images\store-marker.png, 16 ms)
2026-07-22 15:16:41 [seller] FindImage: not found (C:\Users\link\Documents\GitHub\osrs-automation\Bots\..\Images\store-marker.png, 15 ms)
2026-07-22 15:16:41 [seller] FindImage: not found (C:\Users\link\Documents\GitHub\osrs-automation\Bots\..\Images\store-marker.png, 16 ms)
2026-07-22 15:16:42 [seller] FindImage: not found (C:\Users\link\Documents\GitHub\osrs-automation\Bots\..\Images\store-marker.png, 15 ms)
2026-07-22 15:16:42 [seller] FindImage: not found (C:\Users\link\Documents\GitHub\osrs-automation\Bots\..\Images\store-marker.png, 16 ms)
2026-07-22 15:16:42 [seller] FindImage: not found (C:\Users\link\Documents\GitHub\osrs-automation\Bots\..\Images\store-marker.png, 0 ms)
2026-07-22 15:16:42 [seller] FindImage: not found (C:\Users\link\Documents\GitHub\osrs-automation\Bots\..\Images\store-marker.png, 0 ms)
2026-07-22 15:16:42 [seller] FindImage: not found (C:\Users\link\Documents\GitHub\osrs-automation\Bots\..\Images\store-marker.png, 0 ms)
2026-07-22 15:16:43 [seller] FindImage: not found (C:\Users\link\Documents\GitHub\osrs-automation\Bots\..\Images\store-marker.png, 0 ms)
2026-07-22 15:16:43 [seller] FindImage: not found (C:\Users\link\Documents\GitHub\osrs-automation\Bots\..\Images\store-marker.png, 16 ms)
2026-07-22 15:16:43 [seller] FindImage: not found (C:\Users\link\Documents\GitHub\osrs-automation\Bots\..\Images\store-marker.png, 15 ms)
2026-07-22 15:16:43 [seller] FindImage: not found (C:\Users\link\Documents\GitHub\osrs-automation\Bots\..\Images\store-marker.png, 16 ms)
2026-07-22 15:16:43 [seller] FindImage: not found (C:\Users\link\Documents\GitHub\osrs-automation\Bots\..\Images\store-marker.png, 15 ms)
2026-07-22 15:16:43 [seller] FindImage: not found (C:\Users\link\Documents\GitHub\osrs-automation\Bots\..\Images\store-marker.png, 16 ms)
2026-07-22 15:16:44 [seller] FindImage: not found (C:\Users\link\Documents\GitHub\osrs-automation\Bots\..\Images\store-marker.png, 15 ms)
2026-07-22 15:16:44 [seller] FindImage: not found (C:\Users\link\Documents\GitHub\osrs-automation\Bots\..\Images\store-marker.png, 16 ms)
2026-07-22 15:16:44 [seller] FindImage: not found (C:\Users\link\Documents\GitHub\osrs-automation\Bots\..\Images\store-marker.png, 15 ms)
2026-07-22 15:16:44 [seller] FindImage: not found (C:\Users\link\Documents\GitHub\osrs-automation\Bots\..\Images\store-marker.png, 16 ms)
2026-07-22 15:16:44 [seller] FindImage: not found (C:\Users\link\Documents\GitHub\osrs-automation\Bots\..\Images\store-marker.png, 15 ms)
2026-07-22 15:16:45 [seller] FindImage: not found (C:\Users\link\Documents\GitHub\osrs-automation\Bots\..\Images\store-marker.png, 0 ms)
2026-07-22 15:16:45 [seller] FindImage: not found (C:\Users\link\Documents\GitHub\osrs-automation\Bots\..\Images\store-marker.png, 0 ms)
2026-07-22 15:16:45 [seller] FindImage: not found (C:\Users\link\Documents\GitHub\osrs-automation\Bots\..\Images\store-marker.png, 0 ms)
2026-07-22 15:16:45 [seller] FindImage: not found (C:\Users\link\Documents\GitHub\osrs-automation\Bots\..\Images\store-marker.png, 0 ms)
2026-07-22 15:16:45 [seller] FindImage: not found (C:\Users\link\Documents\GitHub\osrs-automation\Bots\..\Images\store-marker.png, 15 ms)
2026-07-22 15:16:45 [seller] FindImage: not found (C:\Users\link\Documents\GitHub\osrs-automation\Bots\..\Images\store-marker.png, 0 ms)
2026-07-22 15:16:46 [seller] FindImage: not found (C:\Users\link\Documents\GitHub\osrs-automation\Bots\..\Images\store-marker.png, 15 ms)
2026-07-22 15:16:46 [seller] FindImage: not found (C:\Users\link\Documents\GitHub\osrs-automation\Bots\..\Images\store-marker.png, 16 ms)
2026-07-22 15:16:46 [seller] FindImage: not found (C:\Users\link\Documents\GitHub\osrs-automation\Bots\..\Images\store-marker.png, 15 ms)
2026-07-22 15:16:46 [seller] FindImage: not found (C:\Users\link\Documents\GitHub\osrs-automation\Bots\..\Images\store-marker.png, 16 ms)
2026-07-22 15:16:46 [seller] FindImage: not found (C:\Users\link\Documents\GitHub\osrs-automation\Bots\..\Images\store-marker.png, 15 ms)
2026-07-22 15:16:47 [seller] FindImage: not found (C:\Users\link\Documents\GitHub\osrs-automation\Bots\..\Images\store-marker.png, 0 ms)
2026-07-22 15:16:47 [seller] FindImage: not found (C:\Users\link\Documents\GitHub\osrs-automation\Bots\..\Images\store-marker.png, 16 ms)
2026-07-22 15:16:47 [seller] FindImage: not found (C:\Users\link\Documents\GitHub\osrs-automation\Bots\..\Images\store-marker.png, 15 ms)
2026-07-22 15:16:47 [seller] FindImage: not found (C:\Users\link\Documents\GitHub\osrs-automation\Bots\..\Images\store-marker.png, 0 ms)
2026-07-22 15:16:47 [seller] FindImage: not found (C:\Users\link\Documents\GitHub\osrs-automation\Bots\..\Images\store-marker.png, 0 ms)
2026-07-22 15:16:47 [seller] FindImage: not found (C:\Users\link\Documents\GitHub\osrs-automation\Bots\..\Images\store-marker.png, 0 ms)
2026-07-22 15:16:48 [seller] FindImage: not found (C:\Users\link\Documents\GitHub\osrs-automation\Bots\..\Images\store-marker.png, 15 ms)
2026-07-22 15:16:48 [seller] FindImage: not found (C:\Users\link\Documents\GitHub\osrs-automation\Bots\..\Images\store-marker.png, 16 ms)
2026-07-22 15:16:48 [seller] FindImage: not found (C:\Users\link\Documents\GitHub\osrs-automation\Bots\..\Images\store-marker.png, 15 ms)
2026-07-22 15:16:48 [seller] FindImage: not found (C:\Users\link\Documents\GitHub\osrs-automation\Bots\..\Images\store-marker.png, 0 ms)
2026-07-22 15:16:48 [seller] Seller: store marker never appeared within 30000ms - stopping
2026-07-22 15:16:48 [seller] Cycle failed - stopping (see log for which step)
2026-07-22 15:17:02 [seller] Seller started
2026-07-22 15:17:02 [seller] Seller: waiting for store marker
2026-07-22 15:17:02 [seller] FindImage: found at 761,807 (C:\Users\link\Documents\GitHub\osrs-automation\Bots\..\Images\store-marker.png, 16 ms)
2026-07-22 15:17:02 [seller] Seller: clicking inventory slot 1 at 2135,833
2026-07-22 15:17:02 [seller] Seller: waiting for store marker to close
2026-07-22 15:17:02 [seller] FindImage: not found (C:\Users\link\Documents\GitHub\osrs-automation\Bots\..\Images\store-marker.png, 0 ms)
2026-07-22 15:17:02 [seller] Seller: waiting for world-switch marker
2026-07-22 15:17:02 [seller] FindImage: not found (C:\Users\link\Documents\GitHub\osrs-automation\Bots\..\Images\world-switch-marker.png, 15 ms)
2026-07-22 15:17:03 [seller] FindImage: not found (C:\Users\link\Documents\GitHub\osrs-automation\Bots\..\Images\world-switch-marker.png, 16 ms)
2026-07-22 15:17:03 [seller] FindImage: not found (C:\Users\link\Documents\GitHub\osrs-automation\Bots\..\Images\world-switch-marker.png, 0 ms)
2026-07-22 15:17:03 [seller] FindImage: not found (C:\Users\link\Documents\GitHub\osrs-automation\Bots\..\Images\world-switch-marker.png, 15 ms)
2026-07-22 15:17:03 [seller] FindImage: not found (C:\Users\link\Documents\GitHub\osrs-automation\Bots\..\Images\world-switch-marker.png, 16 ms)
2026-07-22 15:17:03 [seller] FindImage: not found (C:\Users\link\Documents\GitHub\osrs-automation\Bots\..\Images\world-switch-marker.png, 15 ms)
2026-07-22 15:17:04 [seller] FindImage: found at 131,1190 (C:\Users\link\Documents\GitHub\osrs-automation\Bots\..\Images\world-switch-marker.png, 16 ms)
2026-07-22 15:17:04 [seller] Seller: waiting for store marker
2026-07-22 15:17:04 [seller] FindImage: not found (C:\Users\link\Documents\GitHub\osrs-automation\Bots\..\Images\store-marker.png, 0 ms)
2026-07-22 15:17:04 [seller] FindImage: not found (C:\Users\link\Documents\GitHub\osrs-automation\Bots\..\Images\store-marker.png, 16 ms)
2026-07-22 15:17:04 [seller] FindImage: not found (C:\Users\link\Documents\GitHub\osrs-automation\Bots\..\Images\store-marker.png, 0 ms)
2026-07-22 15:17:04 [seller] FindImage: not found (C:\Users\link\Documents\GitHub\osrs-automation\Bots\..\Images\store-marker.png, 0 ms)
2026-07-22 15:17:05 [seller] FindImage: not found (C:\Users\link\Documents\GitHub\osrs-automation\Bots\..\Images\store-marker.png, 15 ms)
2026-07-22 15:17:05 [seller] FindImage: not found (C:\Users\link\Documents\GitHub\osrs-automation\Bots\..\Images\store-marker.png, 0 ms)
2026-07-22 15:17:05 [seller] FindImage: not found (C:\Users\link\Documents\GitHub\osrs-automation\Bots\..\Images\store-marker.png, 15 ms)
2026-07-22 15:17:05 [seller] FindImage: not found (C:\Users\link\Documents\GitHub\osrs-automation\Bots\..\Images\store-marker.png, 16 ms)
2026-07-22 15:17:05 [seller] FindImage: not found (C:\Users\link\Documents\GitHub\osrs-automation\Bots\..\Images\store-marker.png, 15 ms)
2026-07-22 15:17:06 [seller] FindImage: not found (C:\Users\link\Documents\GitHub\osrs-automation\Bots\..\Images\store-marker.png, 16 ms)
2026-07-22 15:17:06 [seller] FindImage: not found (C:\Users\link\Documents\GitHub\osrs-automation\Bots\..\Images\store-marker.png, 15 ms)
2026-07-22 15:17:06 [seller] FindImage: not found (C:\Users\link\Documents\GitHub\osrs-automation\Bots\..\Images\store-marker.png, 16 ms)
2026-07-22 15:17:06 [seller] FindImage: not found (C:\Users\link\Documents\GitHub\osrs-automation\Bots\..\Images\store-marker.png, 15 ms)
2026-07-22 15:17:06 [seller] FindImage: not found (C:\Users\link\Documents\GitHub\osrs-automation\Bots\..\Images\store-marker.png, 16 ms)
2026-07-22 15:17:06 [seller] FindImage: not found (C:\Users\link\Documents\GitHub\osrs-automation\Bots\..\Images\store-marker.png, 15 ms)
2026-07-22 15:17:07 [seller] FindImage: not found (C:\Users\link\Documents\GitHub\osrs-automation\Bots\..\Images\store-marker.png, 16 ms)
2026-07-22 15:17:07 [seller] FindImage: not found (C:\Users\link\Documents\GitHub\osrs-automation\Bots\..\Images\store-marker.png, 0 ms)
2026-07-22 15:17:07 [seller] FindImage: not found (C:\Users\link\Documents\GitHub\osrs-automation\Bots\..\Images\store-marker.png, 0 ms)
2026-07-22 15:17:07 [seller] FindImage: not found (C:\Users\link\Documents\GitHub\osrs-automation\Bots\..\Images\store-marker.png, 0 ms)
2026-07-22 15:17:07 [seller] FindImage: not found (C:\Users\link\Documents\GitHub\osrs-automation\Bots\..\Images\store-marker.png, 0 ms)
2026-07-22 15:17:08 [seller] FindImage: not found (C:\Users\link\Documents\GitHub\osrs-automation\Bots\..\Images\store-marker.png, 16 ms)
2026-07-22 15:17:08 [seller] FindImage: not found (C:\Users\link\Documents\GitHub\osrs-automation\Bots\..\Images\store-marker.png, 0 ms)
2026-07-22 15:17:08 [seller] FindImage: not found (C:\Users\link\Documents\GitHub\osrs-automation\Bots\..\Images\store-marker.png, 0 ms)
2026-07-22 15:17:08 [seller] FindImage: not found (C:\Users\link\Documents\GitHub\osrs-automation\Bots\..\Images\store-marker.png, 0 ms)
2026-07-22 15:17:08 [seller] FindImage: not found (C:\Users\link\Documents\GitHub\osrs-automation\Bots\..\Images\store-marker.png, 0 ms)
2026-07-22 15:17:08 [seller] FindImage: not found (C:\Users\link\Documents\GitHub\osrs-automation\Bots\..\Images\store-marker.png, 16 ms)
2026-07-22 15:17:09 [seller] FindImage: not found (C:\Users\link\Documents\GitHub\osrs-automation\Bots\..\Images\store-marker.png, 15 ms)
2026-07-22 15:17:09 [seller] FindImage: not found (C:\Users\link\Documents\GitHub\osrs-automation\Bots\..\Images\store-marker.png, 0 ms)
2026-07-22 15:17:09 [seller] FindImage: not found (C:\Users\link\Documents\GitHub\osrs-automation\Bots\..\Images\store-marker.png, 16 ms)
2026-07-22 15:17:09 [seller] FindImage: not found (C:\Users\link\Documents\GitHub\osrs-automation\Bots\..\Images\store-marker.png, 15 ms)
2026-07-22 15:17:09 [seller] FindImage: not found (C:\Users\link\Documents\GitHub\osrs-automation\Bots\..\Images\store-marker.png, 16 ms)
2026-07-22 15:17:10 [seller] FindImage: not found (C:\Users\link\Documents\GitHub\osrs-automation\Bots\..\Images\store-marker.png, 15 ms)
2026-07-22 15:17:10 [seller] FindImage: not found (C:\Users\link\Documents\GitHub\osrs-automation\Bots\..\Images\store-marker.png, 16 ms)
2026-07-22 15:17:10 [seller] FindImage: not found (C:\Users\link\Documents\GitHub\osrs-automation\Bots\..\Images\store-marker.png, 15 ms)
2026-07-22 15:17:10 [seller] FindImage: not found (C:\Users\link\Documents\GitHub\osrs-automation\Bots\..\Images\store-marker.png, 16 ms)
2026-07-22 15:17:10 [seller] FindImage: not found (C:\Users\link\Documents\GitHub\osrs-automation\Bots\..\Images\store-marker.png, 15 ms)
2026-07-22 15:17:10 [seller] FindImage: not found (C:\Users\link\Documents\GitHub\osrs-automation\Bots\..\Images\store-marker.png, 16 ms)
2026-07-22 15:17:11 [seller] FindImage: not found (C:\Users\link\Documents\GitHub\osrs-automation\Bots\..\Images\store-marker.png, 15 ms)
2026-07-22 15:17:11 [seller] FindImage: not found (C:\Users\link\Documents\GitHub\osrs-automation\Bots\..\Images\store-marker.png, 16 ms)
2026-07-22 15:17:11 [seller] FindImage: not found (C:\Users\link\Documents\GitHub\osrs-automation\Bots\..\Images\store-marker.png, 15 ms)
2026-07-22 15:17:11 [seller] FindImage: not found (C:\Users\link\Documents\GitHub\osrs-automation\Bots\..\Images\store-marker.png, 16 ms)
2026-07-22 15:17:11 [seller] FindImage: not found (C:\Users\link\Documents\GitHub\osrs-automation\Bots\..\Images\store-marker.png, 15 ms)
2026-07-22 15:17:12 [seller] FindImage: not found (C:\Users\link\Documents\GitHub\osrs-automation\Bots\..\Images\store-marker.png, 16 ms)
2026-07-22 15:17:12 [seller] FindImage: not found (C:\Users\link\Documents\GitHub\osrs-automation\Bots\..\Images\store-marker.png, 15 ms)
2026-07-22 15:17:12 [seller] FindImage: found at 761,807 (C:\Users\link\Documents\GitHub\osrs-automation\Bots\..\Images\store-marker.png, 16 ms)
2026-07-22 15:17:12 [seller] Seller: clicking inventory slot 1 at 2135,833
2026-07-22 15:17:12 [seller] Seller: waiting for store marker to close
2026-07-22 15:17:12 [seller] FindImage: not found (C:\Users\link\Documents\GitHub\osrs-automation\Bots\..\Images\store-marker.png, 0 ms)
2026-07-22 15:17:13 [seller] Seller: waiting for world-switch marker
2026-07-22 15:17:13 [seller] FindImage: not found (C:\Users\link\Documents\GitHub\osrs-automation\Bots\..\Images\world-switch-marker.png, 0 ms)
2026-07-22 15:17:13 [seller] FindImage: not found (C:\Users\link\Documents\GitHub\osrs-automation\Bots\..\Images\world-switch-marker.png, 15 ms)
2026-07-22 15:17:13 [seller] FindImage: not found (C:\Users\link\Documents\GitHub\osrs-automation\Bots\..\Images\world-switch-marker.png, 0 ms)
2026-07-22 15:17:13 [seller] FindImage: not found (C:\Users\link\Documents\GitHub\osrs-automation\Bots\..\Images\world-switch-marker.png, 0 ms)
2026-07-22 15:17:13 [seller] FindImage: not found (C:\Users\link\Documents\GitHub\osrs-automation\Bots\..\Images\world-switch-marker.png, 0 ms)
2026-07-22 15:17:14 [seller] FindImage: not found (C:\Users\link\Documents\GitHub\osrs-automation\Bots\..\Images\world-switch-marker.png, 31 ms)
2026-07-22 15:17:14 [seller] FindImage: not found (C:\Users\link\Documents\GitHub\osrs-automation\Bots\..\Images\world-switch-marker.png, 15 ms)
2026-07-22 15:17:14 [seller] FindImage: not found (C:\Users\link\Documents\GitHub\osrs-automation\Bots\..\Images\world-switch-marker.png, 16 ms)
2026-07-22 15:17:14 [seller] FindImage: not found (C:\Users\link\Documents\GitHub\osrs-automation\Bots\..\Images\world-switch-marker.png, 16 ms)
2026-07-22 15:17:14 [seller] FindImage: not found (C:\Users\link\Documents\GitHub\osrs-automation\Bots\..\Images\world-switch-marker.png, 16 ms)
2026-07-22 15:17:15 [seller] FindImage: not found (C:\Users\link\Documents\GitHub\osrs-automation\Bots\..\Images\world-switch-marker.png, 16 ms)
2026-07-22 15:17:15 [seller] FindImage: not found (C:\Users\link\Documents\GitHub\osrs-automation\Bots\..\Images\world-switch-marker.png, 16 ms)
2026-07-22 15:17:15 [seller] FindImage: not found (C:\Users\link\Documents\GitHub\osrs-automation\Bots\..\Images\world-switch-marker.png, 0 ms)
2026-07-22 15:17:15 [seller] FindImage: not found (C:\Users\link\Documents\GitHub\osrs-automation\Bots\..\Images\world-switch-marker.png, 16 ms)
2026-07-22 15:17:15 [seller] FindImage: not found (C:\Users\link\Documents\GitHub\osrs-automation\Bots\..\Images\world-switch-marker.png, 0 ms)
2026-07-22 15:17:15 [seller] FindImage: not found (C:\Users\link\Documents\GitHub\osrs-automation\Bots\..\Images\world-switch-marker.png, 16 ms)
2026-07-22 15:17:16 [seller] FindImage: not found (C:\Users\link\Documents\GitHub\osrs-automation\Bots\..\Images\world-switch-marker.png, 15 ms)
2026-07-22 15:17:16 [seller] FindImage: not found (C:\Users\link\Documents\GitHub\osrs-automation\Bots\..\Images\world-switch-marker.png, 16 ms)
2026-07-22 15:17:16 [seller] FindImage: not found (C:\Users\link\Documents\GitHub\osrs-automation\Bots\..\Images\world-switch-marker.png, 0 ms)
2026-07-22 15:17:16 [seller] FindImage: not found (C:\Users\link\Documents\GitHub\osrs-automation\Bots\..\Images\world-switch-marker.png, 15 ms)
2026-07-22 15:17:16 [seller] FindImage: not found (C:\Users\link\Documents\GitHub\osrs-automation\Bots\..\Images\world-switch-marker.png, 16 ms)
2026-07-22 15:17:17 [seller] FindImage: not found (C:\Users\link\Documents\GitHub\osrs-automation\Bots\..\Images\world-switch-marker.png, 15 ms)
2026-07-22 15:17:17 [seller] FindImage: not found (C:\Users\link\Documents\GitHub\osrs-automation\Bots\..\Images\world-switch-marker.png, 16 ms)
2026-07-22 15:17:17 [seller] FindImage: not found (C:\Users\link\Documents\GitHub\osrs-automation\Bots\..\Images\world-switch-marker.png, 15 ms)
2026-07-22 15:17:17 [seller] FindImage: not found (C:\Users\link\Documents\GitHub\osrs-automation\Bots\..\Images\world-switch-marker.png, 0 ms)
2026-07-22 15:17:17 [seller] FindImage: not found (C:\Users\link\Documents\GitHub\osrs-automation\Bots\..\Images\world-switch-marker.png, 16 ms)
2026-07-22 15:17:18 [seller] FindImage: not found (C:\Users\link\Documents\GitHub\osrs-automation\Bots\..\Images\world-switch-marker.png, 16 ms)
2026-07-22 15:17:18 [seller] FindImage: not found (C:\Users\link\Documents\GitHub\osrs-automation\Bots\..\Images\world-switch-marker.png, 16 ms)
2026-07-22 15:17:18 [seller] FindImage: not found (C:\Users\link\Documents\GitHub\osrs-automation\Bots\..\Images\world-switch-marker.png, 16 ms)
2026-07-22 15:17:18 [seller] FindImage: not found (C:\Users\link\Documents\GitHub\osrs-automation\Bots\..\Images\world-switch-marker.png, 16 ms)
2026-07-22 15:17:18 [seller] FindImage: not found (C:\Users\link\Documents\GitHub\osrs-automation\Bots\..\Images\world-switch-marker.png, 16 ms)
2026-07-22 15:17:18 [seller] FindImage: not found (C:\Users\link\Documents\GitHub\osrs-automation\Bots\..\Images\world-switch-marker.png, 16 ms)
2026-07-22 15:17:19 [seller] FindImage: not found (C:\Users\link\Documents\GitHub\osrs-automation\Bots\..\Images\world-switch-marker.png, 16 ms)
2026-07-22 15:17:19 [seller] FindImage: not found (C:\Users\link\Documents\GitHub\osrs-automation\Bots\..\Images\world-switch-marker.png, 16 ms)
2026-07-22 15:17:19 [seller] FindImage: not found (C:\Users\link\Documents\GitHub\osrs-automation\Bots\..\Images\world-switch-marker.png, 16 ms)
2026-07-22 15:17:19 [seller] FindImage: not found (C:\Users\link\Documents\GitHub\osrs-automation\Bots\..\Images\world-switch-marker.png, 16 ms)
2026-07-22 15:17:19 [seller] FindImage: not found (C:\Users\link\Documents\GitHub\osrs-automation\Bots\..\Images\world-switch-marker.png, 16 ms)
2026-07-22 15:17:20 [seller] FindImage: not found (C:\Users\link\Documents\GitHub\osrs-automation\Bots\..\Images\world-switch-marker.png, 16 ms)
2026-07-22 15:17:20 [seller] FindImage: not found (C:\Users\link\Documents\GitHub\osrs-automation\Bots\..\Images\world-switch-marker.png, 16 ms)
2026-07-22 15:17:20 [seller] FindImage: not found (C:\Users\link\Documents\GitHub\osrs-automation\Bots\..\Images\world-switch-marker.png, 16 ms)
2026-07-22 15:17:20 [seller] FindImage: not found (C:\Users\link\Documents\GitHub\osrs-automation\Bots\..\Images\world-switch-marker.png, 16 ms)
2026-07-22 15:17:20 [seller] FindImage: not found (C:\Users\link\Documents\GitHub\osrs-automation\Bots\..\Images\world-switch-marker.png, 0 ms)
2026-07-22 15:17:21 [seller] FindImage: not found (C:\Users\link\Documents\GitHub\osrs-automation\Bots\..\Images\world-switch-marker.png, 0 ms)
2026-07-22 15:17:21 [seller] FindImage: not found (C:\Users\link\Documents\GitHub\osrs-automation\Bots\..\Images\world-switch-marker.png, 16 ms)
2026-07-22 15:17:21 [seller] FindImage: not found (C:\Users\link\Documents\GitHub\osrs-automation\Bots\..\Images\world-switch-marker.png, 0 ms)
2026-07-22 15:17:21 [seller] FindImage: not found (C:\Users\link\Documents\GitHub\osrs-automation\Bots\..\Images\world-switch-marker.png, 0 ms)
2026-07-22 15:17:21 [seller] FindImage: not found (C:\Users\link\Documents\GitHub\osrs-automation\Bots\..\Images\world-switch-marker.png, 0 ms)
2026-07-22 15:17:21 [seller] FindImage: not found (C:\Users\link\Documents\GitHub\osrs-automation\Bots\..\Images\world-switch-marker.png, 0 ms)
2026-07-22 15:17:22 [seller] FindImage: not found (C:\Users\link\Documents\GitHub\osrs-automation\Bots\..\Images\world-switch-marker.png, 0 ms)
2026-07-22 15:17:22 [seller] FindImage: not found (C:\Users\link\Documents\GitHub\osrs-automation\Bots\..\Images\world-switch-marker.png, 0 ms)
2026-07-22 15:17:22 [seller] FindImage: not found (C:\Users\link\Documents\GitHub\osrs-automation\Bots\..\Images\world-switch-marker.png, 0 ms)
2026-07-22 15:17:22 [seller] FindImage: not found (C:\Users\link\Documents\GitHub\osrs-automation\Bots\..\Images\world-switch-marker.png, 0 ms)
2026-07-22 15:17:22 [seller] FindImage: not found (C:\Users\link\Documents\GitHub\osrs-automation\Bots\..\Images\world-switch-marker.png, 0 ms)
2026-07-22 15:17:22 [seller] FindImage: not found (C:\Users\link\Documents\GitHub\osrs-automation\Bots\..\Images\world-switch-marker.png, 16 ms)
2026-07-22 15:17:23 [seller] FindImage: not found (C:\Users\link\Documents\GitHub\osrs-automation\Bots\..\Images\world-switch-marker.png, 15 ms)
2026-07-22 15:17:23 [seller] FindImage: not found (C:\Users\link\Documents\GitHub\osrs-automation\Bots\..\Images\world-switch-marker.png, 0 ms)
2026-07-22 15:17:23 [seller] FindImage: not found (C:\Users\link\Documents\GitHub\osrs-automation\Bots\..\Images\world-switch-marker.png, 16 ms)
2026-07-22 15:17:23 [seller] FindImage: not found (C:\Users\link\Documents\GitHub\osrs-automation\Bots\..\Images\world-switch-marker.png, 15 ms)
2026-07-22 15:17:23 [seller] FindImage: not found (C:\Users\link\Documents\GitHub\osrs-automation\Bots\..\Images\world-switch-marker.png, 16 ms)
2026-07-22 15:17:24 [seller] FindImage: not found (C:\Users\link\Documents\GitHub\osrs-automation\Bots\..\Images\world-switch-marker.png, 15 ms)
2026-07-22 15:17:24 [seller] FindImage: not found (C:\Users\link\Documents\GitHub\osrs-automation\Bots\..\Images\world-switch-marker.png, 16 ms)
2026-07-22 15:17:24 [seller] FindImage: not found (C:\Users\link\Documents\GitHub\osrs-automation\Bots\..\Images\world-switch-marker.png, 15 ms)
2026-07-22 15:17:24 [seller] FindImage: not found (C:\Users\link\Documents\GitHub\osrs-automation\Bots\..\Images\world-switch-marker.png, 16 ms)
2026-07-22 15:17:24 [seller] FindImage: not found (C:\Users\link\Documents\GitHub\osrs-automation\Bots\..\Images\world-switch-marker.png, 0 ms)
2026-07-22 15:17:24 [seller] FindImage: not found (C:\Users\link\Documents\GitHub\osrs-automation\Bots\..\Images\world-switch-marker.png, 16 ms)
2026-07-22 15:17:25 [seller] FindImage: not found (C:\Users\link\Documents\GitHub\osrs-automation\Bots\..\Images\world-switch-marker.png, 15 ms)
2026-07-22 15:17:25 [seller] FindImage: not found (C:\Users\link\Documents\GitHub\osrs-automation\Bots\..\Images\world-switch-marker.png, 0 ms)
2026-07-22 15:17:25 [seller] FindImage: not found (C:\Users\link\Documents\GitHub\osrs-automation\Bots\..\Images\world-switch-marker.png, 0 ms)
2026-07-22 15:17:25 [seller] FindImage: not found (C:\Users\link\Documents\GitHub\osrs-automation\Bots\..\Images\world-switch-marker.png, 0 ms)
2026-07-22 15:17:25 [seller] FindImage: not found (C:\Users\link\Documents\GitHub\osrs-automation\Bots\..\Images\world-switch-marker.png, 15 ms)
2026-07-22 15:17:26 [seller] FindImage: not found (C:\Users\link\Documents\GitHub\osrs-automation\Bots\..\Images\world-switch-marker.png, 16 ms)
2026-07-22 15:17:26 [seller] FindImage: not found (C:\Users\link\Documents\GitHub\osrs-automation\Bots\..\Images\world-switch-marker.png, 0 ms)
2026-07-22 15:17:26 [seller] FindImage: not found (C:\Users\link\Documents\GitHub\osrs-automation\Bots\..\Images\world-switch-marker.png, 16 ms)
2026-07-22 15:17:26 [seller] FindImage: not found (C:\Users\link\Documents\GitHub\osrs-automation\Bots\..\Images\world-switch-marker.png, 15 ms)
2026-07-22 15:17:26 [seller] FindImage: not found (C:\Users\link\Documents\GitHub\osrs-automation\Bots\..\Images\world-switch-marker.png, 16 ms)
2026-07-22 15:17:27 [seller] FindImage: not found (C:\Users\link\Documents\GitHub\osrs-automation\Bots\..\Images\world-switch-marker.png, 15 ms)
2026-07-22 15:17:27 [seller] FindImage: not found (C:\Users\link\Documents\GitHub\osrs-automation\Bots\..\Images\world-switch-marker.png, 16 ms)
2026-07-22 15:17:27 [seller] FindImage: not found (C:\Users\link\Documents\GitHub\osrs-automation\Bots\..\Images\world-switch-marker.png, 15 ms)
2026-07-22 15:17:27 [seller] F12 pressed - exiting

2026-07-22 15:17:29 [seller] Script loaded. F5=start sell/world-hop loop  F6=stop  F12=exit.
2026-07-22 15:17:32 [seller] Seller started
2026-07-22 15:17:32 [seller] Seller: waiting for store marker
2026-07-22 15:17:32 [seller] FindImage: found at 761,807 (C:\Users\link\Documents\GitHub\osrs-automation\Bots\..\Images\store-marker.png, 16 ms)
2026-07-22 15:17:32 [seller] Seller: clicking inventory slot 1 at 2135,833
2026-07-22 15:17:32 [seller] Seller: waiting for store marker to close
2026-07-22 15:17:32 [seller] FindImage: not found (C:\Users\link\Documents\GitHub\osrs-automation\Bots\..\Images\store-marker.png, 16 ms)
2026-07-22 15:17:32 [seller] Seller: waiting for world-switch marker
2026-07-22 15:17:32 [seller] FindImage: not found (C:\Users\link\Documents\GitHub\osrs-automation\Bots\..\Images\world-switch-marker.png, 16 ms)
2026-07-22 15:17:32 [seller] FindImage: not found (C:\Users\link\Documents\GitHub\osrs-automation\Bots\..\Images\world-switch-marker.png, 0 ms)
2026-07-22 15:17:33 [seller] FindImage: not found (C:\Users\link\Documents\GitHub\osrs-automation\Bots\..\Images\world-switch-marker.png, 15 ms)
2026-07-22 15:17:33 [seller] FindImage: not found (C:\Users\link\Documents\GitHub\osrs-automation\Bots\..\Images\world-switch-marker.png, 0 ms)
2026-07-22 15:17:33 [seller] FindImage: not found (C:\Users\link\Documents\GitHub\osrs-automation\Bots\..\Images\world-switch-marker.png, 16 ms)
2026-07-22 15:17:33 [seller] FindImage: found at 131,1190 (C:\Users\link\Documents\GitHub\osrs-automation\Bots\..\Images\world-switch-marker.png, 15 ms)
2026-07-22 15:17:34 [seller] Seller: waiting for store marker
2026-07-22 15:17:34 [seller] FindImage: not found (C:\Users\link\Documents\GitHub\osrs-automation\Bots\..\Images\store-marker.png, 16 ms)
2026-07-22 15:17:34 [seller] FindImage: not found (C:\Users\link\Documents\GitHub\osrs-automation\Bots\..\Images\store-marker.png, 15 ms)
2026-07-22 15:17:34 [seller] FindImage: not found (C:\Users\link\Documents\GitHub\osrs-automation\Bots\..\Images\store-marker.png, 16 ms)
2026-07-22 15:17:34 [seller] FindImage: not found (C:\Users\link\Documents\GitHub\osrs-automation\Bots\..\Images\store-marker.png, 15 ms)
2026-07-22 15:17:34 [seller] FindImage: not found (C:\Users\link\Documents\GitHub\osrs-automation\Bots\..\Images\store-marker.png, 0 ms)
2026-07-22 15:17:34 [seller] FindImage: not found (C:\Users\link\Documents\GitHub\osrs-automation\Bots\..\Images\store-marker.png, 0 ms)
2026-07-22 15:17:35 [seller] FindImage: not found (C:\Users\link\Documents\GitHub\osrs-automation\Bots\..\Images\store-marker.png, 0 ms)
2026-07-22 15:17:35 [seller] FindImage: not found (C:\Users\link\Documents\GitHub\osrs-automation\Bots\..\Images\store-marker.png, 0 ms)
2026-07-22 15:17:35 [seller] FindImage: not found (C:\Users\link\Documents\GitHub\osrs-automation\Bots\..\Images\store-marker.png, 0 ms)
2026-07-22 15:17:35 [seller] FindImage: not found (C:\Users\link\Documents\GitHub\osrs-automation\Bots\..\Images\store-marker.png, 0 ms)
2026-07-22 15:17:35 [seller] FindImage: not found (C:\Users\link\Documents\GitHub\osrs-automation\Bots\..\Images\store-marker.png, 0 ms)
2026-07-22 15:17:35 [seller] FindImage: not found (C:\Users\link\Documents\GitHub\osrs-automation\Bots\..\Images\store-marker.png, 0 ms)
2026-07-22 15:17:36 [seller] FindImage: not found (C:\Users\link\Documents\GitHub\osrs-automation\Bots\..\Images\store-marker.png, 16 ms)
2026-07-22 15:17:36 [seller] FindImage: not found (C:\Users\link\Documents\GitHub\osrs-automation\Bots\..\Images\store-marker.png, 15 ms)
2026-07-22 15:17:36 [seller] FindImage: not found (C:\Users\link\Documents\GitHub\osrs-automation\Bots\..\Images\store-marker.png, 0 ms)
2026-07-22 15:17:36 [seller] FindImage: not found (C:\Users\link\Documents\GitHub\osrs-automation\Bots\..\Images\store-marker.png, 0 ms)
2026-07-22 15:17:36 [seller] FindImage: not found (C:\Users\link\Documents\GitHub\osrs-automation\Bots\..\Images\store-marker.png, 15 ms)
2026-07-22 15:17:37 [seller] FindImage: not found (C:\Users\link\Documents\GitHub\osrs-automation\Bots\..\Images\store-marker.png, 0 ms)
2026-07-22 15:17:37 [seller] FindImage: not found (C:\Users\link\Documents\GitHub\osrs-automation\Bots\..\Images\store-marker.png, 16 ms)
2026-07-22 15:17:37 [seller] FindImage: not found (C:\Users\link\Documents\GitHub\osrs-automation\Bots\..\Images\store-marker.png, 15 ms)
2026-07-22 15:17:37 [seller] FindImage: not found (C:\Users\link\Documents\GitHub\osrs-automation\Bots\..\Images\store-marker.png, 16 ms)
2026-07-22 15:17:37 [seller] FindImage: not found (C:\Users\link\Documents\GitHub\osrs-automation\Bots\..\Images\store-marker.png, 15 ms)
2026-07-22 15:17:38 [seller] FindImage: not found (C:\Users\link\Documents\GitHub\osrs-automation\Bots\..\Images\store-marker.png, 16 ms)
2026-07-22 15:17:38 [seller] FindImage: not found (C:\Users\link\Documents\GitHub\osrs-automation\Bots\..\Images\store-marker.png, 0 ms)
2026-07-22 15:17:38 [seller] FindImage: not found (C:\Users\link\Documents\GitHub\osrs-automation\Bots\..\Images\store-marker.png, 31 ms)
2026-07-22 15:17:38 [seller] FindImage: not found (C:\Users\link\Documents\GitHub\osrs-automation\Bots\..\Images\store-marker.png, 15 ms)
2026-07-22 15:17:38 [seller] FindImage: not found (C:\Users\link\Documents\GitHub\osrs-automation\Bots\..\Images\store-marker.png, 16 ms)
2026-07-22 15:17:39 [seller] FindImage: not found (C:\Users\link\Documents\GitHub\osrs-automation\Bots\..\Images\store-marker.png, 15 ms)
2026-07-22 15:17:39 [seller] FindImage: not found (C:\Users\link\Documents\GitHub\osrs-automation\Bots\..\Images\store-marker.png, 16 ms)
2026-07-22 15:17:39 [seller] FindImage: not found (C:\Users\link\Documents\GitHub\osrs-automation\Bots\..\Images\store-marker.png, 15 ms)
2026-07-22 15:17:39 [seller] FindImage: not found (C:\Users\link\Documents\GitHub\osrs-automation\Bots\..\Images\store-marker.png, 0 ms)
2026-07-22 15:17:39 [seller] FindImage: not found (C:\Users\link\Documents\GitHub\osrs-automation\Bots\..\Images\store-marker.png, 0 ms)
2026-07-22 15:17:39 [seller] FindImage: not found (C:\Users\link\Documents\GitHub\osrs-automation\Bots\..\Images\store-marker.png, 0 ms)
2026-07-22 15:17:40 [seller] FindImage: not found (C:\Users\link\Documents\GitHub\osrs-automation\Bots\..\Images\store-marker.png, 16 ms)
2026-07-22 15:17:40 [seller] FindImage: not found (C:\Users\link\Documents\GitHub\osrs-automation\Bots\..\Images\store-marker.png, 0 ms)
2026-07-22 15:17:40 [seller] FindImage: not found (C:\Users\link\Documents\GitHub\osrs-automation\Bots\..\Images\store-marker.png, 0 ms)
2026-07-22 15:17:40 [seller] FindImage: not found (C:\Users\link\Documents\GitHub\osrs-automation\Bots\..\Images\store-marker.png, 0 ms)
2026-07-22 15:17:40 [seller] FindImage: not found (C:\Users\link\Documents\GitHub\osrs-automation\Bots\..\Images\store-marker.png, 0 ms)
2026-07-22 15:17:40 [seller] FindImage: not found (C:\Users\link\Documents\GitHub\osrs-automation\Bots\..\Images\store-marker.png, 0 ms)
2026-07-22 15:17:41 [seller] FindImage: not found (C:\Users\link\Documents\GitHub\osrs-automation\Bots\..\Images\store-marker.png, 0 ms)
2026-07-22 15:17:41 [seller] FindImage: not found (C:\Users\link\Documents\GitHub\osrs-automation\Bots\..\Images\store-marker.png, 0 ms)
2026-07-22 15:17:41 [seller] FindImage: not found (C:\Users\link\Documents\GitHub\osrs-automation\Bots\..\Images\store-marker.png, 15 ms)
2026-07-22 15:17:41 [seller] FindImage: not found (C:\Users\link\Documents\GitHub\osrs-automation\Bots\..\Images\store-marker.png, 0 ms)
2026-07-22 15:17:41 [seller] FindImage: not found (C:\Users\link\Documents\GitHub\osrs-automation\Bots\..\Images\store-marker.png, 15 ms)
2026-07-22 15:17:42 [seller] FindImage: not found (C:\Users\link\Documents\GitHub\osrs-automation\Bots\..\Images\store-marker.png, 0 ms)
2026-07-22 15:17:42 [seller] FindImage: not found (C:\Users\link\Documents\GitHub\osrs-automation\Bots\..\Images\store-marker.png, 0 ms)
2026-07-22 15:17:42 [seller] FindImage: not found (C:\Users\link\Documents\GitHub\osrs-automation\Bots\..\Images\store-marker.png, 0 ms)
2026-07-22 15:17:42 [seller] FindImage: not found (C:\Users\link\Documents\GitHub\osrs-automation\Bots\..\Images\store-marker.png, 0 ms)
2026-07-22 15:17:42 [seller] FindImage: not found (C:\Users\link\Documents\GitHub\osrs-automation\Bots\..\Images\store-marker.png, 0 ms)
2026-07-22 15:17:42 [seller] FindImage: not found (C:\Users\link\Documents\GitHub\osrs-automation\Bots\..\Images\store-marker.png, 16 ms)
2026-07-22 15:17:43 [seller] FindImage: found at 761,807 (C:\Users\link\Documents\GitHub\osrs-automation\Bots\..\Images\store-marker.png, 0 ms)
2026-07-22 15:17:43 [seller] Seller: clicking inventory slot 1 at 2135,833
2026-07-22 15:17:43 [seller] Seller: waiting for store marker to close
2026-07-22 15:17:43 [seller] FindImage: not found (C:\Users\link\Documents\GitHub\osrs-automation\Bots\..\Images\store-marker.png, 16 ms)
2026-07-22 15:17:43 [seller] Seller: waiting for world-switch marker
2026-07-22 15:17:43 [seller] FindImage: not found (C:\Users\link\Documents\GitHub\osrs-automation\Bots\..\Images\world-switch-marker.png, 16 ms)
2026-07-22 15:17:43 [seller] FindImage: not found (C:\Users\link\Documents\GitHub\osrs-automation\Bots\..\Images\world-switch-marker.png, 0 ms)
2026-07-22 15:17:44 [seller] FindImage: not found (C:\Users\link\Documents\GitHub\osrs-automation\Bots\..\Images\world-switch-marker.png, 15 ms)
2026-07-22 15:17:44 [seller] FindImage: not found (C:\Users\link\Documents\GitHub\osrs-automation\Bots\..\Images\world-switch-marker.png, 16 ms)
2026-07-22 15:17:44 [seller] FindImage: not found (C:\Users\link\Documents\GitHub\osrs-automation\Bots\..\Images\world-switch-marker.png, 15 ms)
2026-07-22 15:17:44 [seller] FindImage: not found (C:\Users\link\Documents\GitHub\osrs-automation\Bots\..\Images\world-switch-marker.png, 0 ms)
2026-07-22 15:17:44 [seller] FindImage: found at 131,1190 (C:\Users\link\Documents\GitHub\osrs-automation\Bots\..\Images\world-switch-marker.png, 0 ms)
2026-07-22 15:17:45 [seller] Seller: waiting for store marker
2026-07-22 15:17:45 [seller] FindImage: not found (C:\Users\link\Documents\GitHub\osrs-automation\Bots\..\Images\store-marker.png, 16 ms)
2026-07-22 15:17:45 [seller] FindImage: not found (C:\Users\link\Documents\GitHub\osrs-automation\Bots\..\Images\store-marker.png, 15 ms)
2026-07-22 15:17:45 [seller] FindImage: not found (C:\Users\link\Documents\GitHub\osrs-automation\Bots\..\Images\store-marker.png, 16 ms)
2026-07-22 15:17:45 [seller] FindImage: not found (C:\Users\link\Documents\GitHub\osrs-automation\Bots\..\Images\store-marker.png, 15 ms)
2026-07-22 15:17:45 [seller] FindImage: not found (C:\Users\link\Documents\GitHub\osrs-automation\Bots\..\Images\store-marker.png, 16 ms)
2026-07-22 15:17:46 [seller] FindImage: not found (C:\Users\link\Documents\GitHub\osrs-automation\Bots\..\Images\store-marker.png, 15 ms)
2026-07-22 15:17:46 [seller] FindImage: not found (C:\Users\link\Documents\GitHub\osrs-automation\Bots\..\Images\store-marker.png, 16 ms)
2026-07-22 15:17:46 [seller] FindImage: not found (C:\Users\link\Documents\GitHub\osrs-automation\Bots\..\Images\store-marker.png, 15 ms)
2026-07-22 15:17:46 [seller] FindImage: not found (C:\Users\link\Documents\GitHub\osrs-automation\Bots\..\Images\store-marker.png, 16 ms)
2026-07-22 15:17:46 [seller] FindImage: not found (C:\Users\link\Documents\GitHub\osrs-automation\Bots\..\Images\store-marker.png, 15 ms)
2026-07-22 15:17:47 [seller] FindImage: not found (C:\Users\link\Documents\GitHub\osrs-automation\Bots\..\Images\store-marker.png, 16 ms)
2026-07-22 15:17:47 [seller] FindImage: not found (C:\Users\link\Documents\GitHub\osrs-automation\Bots\..\Images\store-marker.png, 15 ms)
2026-07-22 15:17:47 [seller] FindImage: not found (C:\Users\link\Documents\GitHub\osrs-automation\Bots\..\Images\store-marker.png, 16 ms)
2026-07-22 15:17:47 [seller] FindImage: not found (C:\Users\link\Documents\GitHub\osrs-automation\Bots\..\Images\store-marker.png, 15 ms)
2026-07-22 15:17:47 [seller] FindImage: not found (C:\Users\link\Documents\GitHub\osrs-automation\Bots\..\Images\store-marker.png, 0 ms)
2026-07-22 15:17:48 [seller] FindImage: not found (C:\Users\link\Documents\GitHub\osrs-automation\Bots\..\Images\store-marker.png, 16 ms)
2026-07-22 15:17:48 [seller] FindImage: not found (C:\Users\link\Documents\GitHub\osrs-automation\Bots\..\Images\store-marker.png, 15 ms)
2026-07-22 15:17:48 [seller] FindImage: not found (C:\Users\link\Documents\GitHub\osrs-automation\Bots\..\Images\store-marker.png, 16 ms)
2026-07-22 15:17:48 [seller] FindImage: not found (C:\Users\link\Documents\GitHub\osrs-automation\Bots\..\Images\store-marker.png, 15 ms)
2026-07-22 15:17:48 [seller] FindImage: not found (C:\Users\link\Documents\GitHub\osrs-automation\Bots\..\Images\store-marker.png, 16 ms)
2026-07-22 15:17:48 [seller] FindImage: not found (C:\Users\link\Documents\GitHub\osrs-automation\Bots\..\Images\store-marker.png, 15 ms)
2026-07-22 15:17:49 [seller] FindImage: not found (C:\Users\link\Documents\GitHub\osrs-automation\Bots\..\Images\store-marker.png, 16 ms)
2026-07-22 15:17:49 [seller] FindImage: not found (C:\Users\link\Documents\GitHub\osrs-automation\Bots\..\Images\store-marker.png, 0 ms)
2026-07-22 15:17:49 [seller] FindImage: not found (C:\Users\link\Documents\GitHub\osrs-automation\Bots\..\Images\store-marker.png, 0 ms)
2026-07-22 15:17:49 [seller] FindImage: not found (C:\Users\link\Documents\GitHub\osrs-automation\Bots\..\Images\store-marker.png, 0 ms)
2026-07-22 15:17:49 [seller] FindImage: not found (C:\Users\link\Documents\GitHub\osrs-automation\Bots\..\Images\store-marker.png, 16 ms)
2026-07-22 15:17:50 [seller] FindImage: not found (C:\Users\link\Documents\GitHub\osrs-automation\Bots\..\Images\store-marker.png, 15 ms)
2026-07-22 15:17:50 [seller] FindImage: not found (C:\Users\link\Documents\GitHub\osrs-automation\Bots\..\Images\store-marker.png, 0 ms)
2026-07-22 15:17:50 [seller] FindImage: not found (C:\Users\link\Documents\GitHub\osrs-automation\Bots\..\Images\store-marker.png, 0 ms)
2026-07-22 15:17:50 [seller] FindImage: not found (C:\Users\link\Documents\GitHub\osrs-automation\Bots\..\Images\store-marker.png, 0 ms)
2026-07-22 15:17:50 [seller] FindImage: not found (C:\Users\link\Documents\GitHub\osrs-automation\Bots\..\Images\store-marker.png, 15 ms)
2026-07-22 15:17:50 [seller] FindImage: not found (C:\Users\link\Documents\GitHub\osrs-automation\Bots\..\Images\store-marker.png, 16 ms)
2026-07-22 15:17:51 [seller] FindImage: not found (C:\Users\link\Documents\GitHub\osrs-automation\Bots\..\Images\store-marker.png, 15 ms)
2026-07-22 15:17:51 [seller] FindImage: not found (C:\Users\link\Documents\GitHub\osrs-automation\Bots\..\Images\store-marker.png, 0 ms)
2026-07-22 15:17:51 [seller] FindImage: not found (C:\Users\link\Documents\GitHub\osrs-automation\Bots\..\Images\store-marker.png, 15 ms)
2026-07-22 15:17:51 [seller] FindImage: not found (C:\Users\link\Documents\GitHub\osrs-automation\Bots\..\Images\store-marker.png, 16 ms)
2026-07-22 15:17:51 [seller] FindImage: not found (C:\Users\link\Documents\GitHub\osrs-automation\Bots\..\Images\store-marker.png, 15 ms)
2026-07-22 15:17:52 [seller] FindImage: not found (C:\Users\link\Documents\GitHub\osrs-automation\Bots\..\Images\store-marker.png, 16 ms)
2026-07-22 15:17:52 [seller] FindImage: not found (C:\Users\link\Documents\GitHub\osrs-automation\Bots\..\Images\store-marker.png, 0 ms)
2026-07-22 15:17:52 [seller] FindImage: not found (C:\Users\link\Documents\GitHub\osrs-automation\Bots\..\Images\store-marker.png, 15 ms)
2026-07-22 15:17:52 [seller] FindImage: not found (C:\Users\link\Documents\GitHub\osrs-automation\Bots\..\Images\store-marker.png, 16 ms)
2026-07-22 15:17:52 [seller] FindImage: found at 761,807 (C:\Users\link\Documents\GitHub\osrs-automation\Bots\..\Images\store-marker.png, 15 ms)
2026-07-22 15:17:52 [seller] Seller: clicking inventory slot 1 at 2135,833
2026-07-22 15:17:53 [seller] Seller: waiting for store marker to close
2026-07-22 15:17:53 [seller] FindImage: not found (C:\Users\link\Documents\GitHub\osrs-automation\Bots\..\Images\store-marker.png, 16 ms)
2026-07-22 15:17:53 [seller] Seller: waiting for world-switch marker
2026-07-22 15:17:53 [seller] FindImage: not found (C:\Users\link\Documents\GitHub\osrs-automation\Bots\..\Images\world-switch-marker.png, 0 ms)
2026-07-22 15:17:53 [seller] FindImage: not found (C:\Users\link\Documents\GitHub\osrs-automation\Bots\..\Images\world-switch-marker.png, 15 ms)
2026-07-22 15:17:53 [seller] FindImage: not found (C:\Users\link\Documents\GitHub\osrs-automation\Bots\..\Images\world-switch-marker.png, 16 ms)
2026-07-22 15:17:54 [seller] FindImage: not found (C:\Users\link\Documents\GitHub\osrs-automation\Bots\..\Images\world-switch-marker.png, 0 ms)
2026-07-22 15:17:54 [seller] FindImage: not found (C:\Users\link\Documents\GitHub\osrs-automation\Bots\..\Images\world-switch-marker.png, 0 ms)
2026-07-22 15:17:54 [seller] FindImage: found at 131,1190 (C:\Users\link\Documents\GitHub\osrs-automation\Bots\..\Images\world-switch-marker.png, 0 ms)
2026-07-22 15:17:54 [seller] Seller: waiting for store marker
2026-07-22 15:17:54 [seller] FindImage: not found (C:\Users\link\Documents\GitHub\osrs-automation\Bots\..\Images\store-marker.png, 15 ms)
2026-07-22 15:17:54 [seller] FindImage: not found (C:\Users\link\Documents\GitHub\osrs-automation\Bots\..\Images\store-marker.png, 0 ms)
2026-07-22 15:17:55 [seller] FindImage: not found (C:\Users\link\Documents\GitHub\osrs-automation\Bots\..\Images\store-marker.png, 15 ms)
2026-07-22 15:17:55 [seller] FindImage: not found (C:\Users\link\Documents\GitHub\osrs-automation\Bots\..\Images\store-marker.png, 0 ms)
2026-07-22 15:17:55 [seller] FindImage: not found (C:\Users\link\Documents\GitHub\osrs-automation\Bots\..\Images\store-marker.png, 16 ms)
2026-07-22 15:17:55 [seller] FindImage: not found (C:\Users\link\Documents\GitHub\osrs-automation\Bots\..\Images\store-marker.png, 15 ms)
2026-07-22 15:17:55 [seller] FindImage: not found (C:\Users\link\Documents\GitHub\osrs-automation\Bots\..\Images\store-marker.png, 16 ms)
2026-07-22 15:17:56 [seller] FindImage: not found (C:\Users\link\Documents\GitHub\osrs-automation\Bots\..\Images\store-marker.png, 15 ms)
2026-07-22 15:17:56 [seller] FindImage: not found (C:\Users\link\Documents\GitHub\osrs-automation\Bots\..\Images\store-marker.png, 16 ms)
2026-07-22 15:17:56 [seller] FindImage: not found (C:\Users\link\Documents\GitHub\osrs-automation\Bots\..\Images\store-marker.png, 15 ms)
2026-07-22 15:17:56 [seller] F12 pressed - exiting
