2026-08-02 23:58:55 [woodcutting] woodcutting: ready - F5 run, F6 stop, F12 exit
2026-08-02 23:58:57 [woodcutting] woodcutting: session length rolled at 10800000ms / 180.0 min
2026-08-02 23:58:57 [woodcutting] FindFilledBlock: not found (69x69 0x00FF00 tol=5, 0 ms)
2026-08-02 23:58:57 [woodcutting] FindFilledBlock: not found (69x69 0x00B809 tol=5, 16 ms)
2026-08-02 23:58:57 [woodcutting] Acquire ring 160: not found (16 ms)
2026-08-02 23:58:57 [woodcutting] FindFilledBlock: not found (69x69 0x00FF00 tol=5, 16 ms)
2026-08-02 23:58:57 [woodcutting] FindFilledBlock: not found (69x69 0x00B809 tol=5, 15 ms)
2026-08-02 23:58:57 [woodcutting] Acquire ring 320: not found (31 ms)
2026-08-02 23:58:57 [woodcutting] FindFilledBlock: found at 1641,1157 (69x69 0x00FF00 tol=5, 62 ms)
2026-08-02 23:58:57 [woodcutting] FindFilledBlock: found at 1747,1041 (69x69 0x00B809 tol=5, 63 ms)
2026-08-02 23:58:57 [woodcutting] Acquired new target at 1641,1157 (0x00FF00, region-wide, 188 ms)
2026-08-02 23:58:57 [woodcutting] FindFilledBlock: found at 1641,1157 (69x69 0x00FF00 tol=5, 16 ms)
2026-08-02 23:58:57 [woodcutting] Clicked initial/re-click target at 1641,1157 (search 16 ms)
2026-08-02 23:58:57 [woodcutting] ReleasePendingModifiersNow: released Ctrl
2026-08-02 23:58:58 [woodcutting] FindFilledBlock: found at 1641,1157 (69x69 0x00FF00 tol=5, 16 ms)
2026-08-02 23:58:58 [woodcutting] Tracking not-yet-stable target at 1641,1157 (search 16 ms)
2026-08-02 23:58:58 [woodcutting] FindFilledBlock: found at 1641,1157 (69x69 0x00FF00 tol=5, 0 ms)
2026-08-02 23:58:58 [woodcutting] Tracking stable target at 1641,1157 (search 0 ms)
2026-08-02 23:58:58 [woodcutting] FindFilledBlock: found at 1647,1157 (69x69 0x00FF00 tol=5, 16 ms)
2026-08-02 23:58:58 [woodcutting] Tracking not-yet-stable target at 1647,1157 (search 16 ms)
2026-08-02 23:58:58 [woodcutting] FindFilledBlock: found at 1655,1157 (69x69 0x00FF00 tol=5, 15 ms)
2026-08-02 23:58:58 [woodcutting] Tracking not-yet-stable target at 1655,1157 (search 15 ms)
2026-08-02 23:58:58 [woodcutting] FindFilledBlock: found at 1667,1157 (69x69 0x00FF00 tol=5, 16 ms)
2026-08-02 23:58:58 [woodcutting] Tracking not-yet-stable target at 1667,1157 (search 16 ms)
2026-08-02 23:58:59 [woodcutting] FindFilledBlock: found at 1685,1157 (69x69 0x00FF00 tol=5, 15 ms)
2026-08-02 23:58:59 [woodcutting] Tracking not-yet-stable target at 1685,1157 (search 15 ms)
2026-08-02 23:58:59 [woodcutting] FindFilledBlock: found at 1705,1157 (69x69 0x00FF00 tol=5, 16 ms)
2026-08-02 23:58:59 [woodcutting] Tracking not-yet-stable target at 1705,1157 (search 16 ms)
2026-08-02 23:58:59 [woodcutting] FindFilledBlock: found at 1719,1153 (69x69 0x00FF00 tol=5, 0 ms)
2026-08-02 23:58:59 [woodcutting] Tracking not-yet-stable target at 1719,1153 (search 0 ms)
2026-08-02 23:58:59 [woodcutting] FindFilledBlock: found at 1731,1145 (69x69 0x00FF00 tol=5, 0 ms)
2026-08-02 23:58:59 [woodcutting] Tracking not-yet-stable target at 1731,1145 (search 0 ms)
2026-08-02 23:58:59 [woodcutting] FindFilledBlock: found at 1753,1107 (69x69 0x00FF00 tol=5, 15 ms)
2026-08-02 23:58:59 [woodcutting] Tracking not-yet-stable target at 1753,1107 (search 15 ms)
2026-08-02 23:58:59 [woodcutting] FindFilledBlock: found at 1757,1089 (69x69 0x00FF00 tol=5, 0 ms)
2026-08-02 23:58:59 [woodcutting] Tracking not-yet-stable target at 1757,1089 (search 0 ms)
2026-08-02 23:58:59 [woodcutting] FindFilledBlock: found at 1759,1067 (69x69 0x00FF00 tol=5, 16 ms)
2026-08-02 23:58:59 [woodcutting] Tracking not-yet-stable target at 1759,1067 (search 16 ms)
2026-08-02 23:59:00 [woodcutting] FindFilledBlock: found at 1761,1045 (69x69 0x00FF00 tol=5, 0 ms)
2026-08-02 23:59:00 [woodcutting] Tracking not-yet-stable target at 1761,1045 (search 0 ms)
2026-08-02 23:59:00 [woodcutting] FindFilledBlock: found at 1763,1021 (69x69 0x00FF00 tol=5, 15 ms)
2026-08-02 23:59:00 [woodcutting] Tracking not-yet-stable target at 1763,1021 (search 15 ms)
2026-08-02 23:59:00 [woodcutting] FindFilledBlock: found at 1763,991 (69x69 0x00FF00 tol=5, 0 ms)
2026-08-02 23:59:00 [woodcutting] Clicked initial/re-click target at 1763,991 (search 0 ms)
2026-08-02 23:59:00 [woodcutting] ReleasePendingModifiersNow: released Ctrl
2026-08-02 23:59:01 [woodcutting] FindFilledBlock: found at 1771,929 (69x69 0x00FF00 tol=5, 15 ms)
2026-08-02 23:59:01 [woodcutting] Tracking not-yet-stable target at 1771,929 (search 15 ms)
2026-08-02 23:59:01 [woodcutting] FindFilledBlock: found at 1735,877 (69x69 0x00FF00 tol=5, 16 ms)
2026-08-02 23:59:01 [woodcutting] Tracking not-yet-stable target at 1735,877 (search 16 ms)
2026-08-02 23:59:01 [woodcutting] FindFilledBlock: found at 1719,873 (69x69 0x00FF00 tol=5, 16 ms)
2026-08-02 23:59:01 [woodcutting] Tracking not-yet-stable target at 1719,873 (search 16 ms)
2026-08-02 23:59:01 [woodcutting] FindFilledBlock: found at 1701,871 (69x69 0x00FF00 tol=5, 15 ms)
2026-08-02 23:59:01 [woodcutting] Tracking not-yet-stable target at 1701,871 (search 15 ms)
2026-08-02 23:59:01 [woodcutting] FindFilledBlock: found at 1681,869 (69x69 0x00FF00 tol=5, 16 ms)
2026-08-02 23:59:01 [woodcutting] Tracking not-yet-stable target at 1681,869 (search 16 ms)
2026-08-02 23:59:01 [woodcutting] FindFilledBlock: found at 1657,869 (69x69 0x00FF00 tol=5, 15 ms)
2026-08-02 23:59:01 [woodcutting] Tracking not-yet-stable target at 1657,869 (search 15 ms)
2026-08-02 23:59:02 [woodcutting] FindFilledBlock: found at 1633,869 (69x69 0x00FF00 tol=5, 0 ms)
2026-08-02 23:59:02 [woodcutting] Tracking not-yet-stable target at 1633,869 (search 0 ms)
2026-08-02 23:59:02 [woodcutting] FindFilledBlock: found at 1609,867 (69x69 0x00FF00 tol=5, 0 ms)
2026-08-02 23:59:02 [woodcutting] Tracking not-yet-stable target at 1609,867 (search 0 ms)
2026-08-02 23:59:02 [woodcutting] FindFilledBlock: found at 1585,867 (69x69 0x00FF00 tol=5, 0 ms)
2026-08-02 23:59:02 [woodcutting] Tracking not-yet-stable target at 1585,867 (search 0 ms)
2026-08-02 23:59:02 [woodcutting] FindFilledBlock: found at 1557,867 (69x69 0x00FF00 tol=5, 0 ms)
2026-08-02 23:59:02 [woodcutting] Tracking not-yet-stable target at 1557,867 (search 0 ms)
2026-08-02 23:59:02 [woodcutting] FindFilledBlock: found at 1535,865 (69x69 0x00FF00 tol=5, 0 ms)
2026-08-02 23:59:02 [woodcutting] Tracking not-yet-stable target at 1535,865 (search 0 ms)
2026-08-02 23:59:02 [woodcutting] FindFilledBlock: found at 1513,857 (69x69 0x00FF00 tol=5, 0 ms)
2026-08-02 23:59:02 [woodcutting] Tracking not-yet-stable target at 1513,857 (search 0 ms)
2026-08-02 23:59:02 [woodcutting] FindFilledBlock: found at 1487,841 (69x69 0x00FF00 tol=5, 16 ms)
2026-08-02 23:59:02 [woodcutting] Tracking not-yet-stable target at 1487,841 (search 16 ms)
2026-08-02 23:59:03 [woodcutting] FindFilledBlock: found at 1465,821 (69x69 0x00FF00 tol=5, 15 ms)
2026-08-02 23:59:03 [woodcutting] Tracking not-yet-stable target at 1465,821 (search 15 ms)
2026-08-02 23:59:03 [woodcutting] FindFilledBlock: found at 1443,803 (69x69 0x00FF00 tol=5, 16 ms)
2026-08-02 23:59:03 [woodcutting] Tracking not-yet-stable target at 1443,803 (search 16 ms)
2026-08-02 23:59:03 [woodcutting] FindFilledBlock: found at 1421,783 (69x69 0x00FF00 tol=5, 16 ms)
2026-08-02 23:59:03 [woodcutting] Tracking not-yet-stable target at 1421,783 (search 16 ms)
2026-08-02 23:59:03 [woodcutting] FindFilledBlock: found at 1405,767 (69x69 0x00FF00 tol=5, 15 ms)
2026-08-02 23:59:03 [woodcutting] Tracking not-yet-stable target at 1405,767 (search 15 ms)
2026-08-02 23:59:03 [woodcutting] FindFilledBlock: found at 1391,753 (69x69 0x00FF00 tol=5, 16 ms)
2026-08-02 23:59:03 [woodcutting] Tracking not-yet-stable target at 1391,753 (search 16 ms)
2026-08-02 23:59:03 [woodcutting] FindFilledBlock: found at 1379,737 (69x69 0x00FF00 tol=5, 15 ms)
2026-08-02 23:59:03 [woodcutting] Tracking not-yet-stable target at 1379,737 (search 15 ms)
2026-08-02 23:59:04 [woodcutting] FindFilledBlock: found at 1367,725 (69x69 0x00FF00 tol=5, 0 ms)
2026-08-02 23:59:04 [woodcutting] Tracking not-yet-stable target at 1367,725 (search 0 ms)
2026-08-02 23:59:04 [woodcutting] FindFilledBlock: found at 1361,719 (69x69 0x00FF00 tol=5, 0 ms)
2026-08-02 23:59:04 [woodcutting] Tracking not-yet-stable target at 1361,719 (search 0 ms)
2026-08-02 23:59:04 [woodcutting] FindFilledBlock: found at 1355,715 (69x69 0x00FF00 tol=5, 0 ms)
2026-08-02 23:59:04 [woodcutting] Tracking not-yet-stable target at 1355,715 (search 0 ms)
2026-08-02 23:59:04 [woodcutting] FindFilledBlock: found at 1353,711 (69x69 0x00FF00 tol=5, 0 ms)
2026-08-02 23:59:04 [woodcutting] Tracking not-yet-stable target at 1353,711 (search 0 ms)
2026-08-02 23:59:04 [woodcutting] FindFilledBlock: found at 1351,709 (69x69 0x00FF00 tol=5, 15 ms)
2026-08-02 23:59:04 [woodcutting] Tracking stable target at 1351,709 (search 15 ms)
2026-08-02 23:59:04 [woodcutting] MaybeWander: idle-wandering while waiting
2026-08-02 23:59:06 [woodcutting] FindFilledBlock: found at 1349,707 (69x69 0x00FF00 tol=5, 16 ms)
2026-08-02 23:59:06 [woodcutting] Tracking stable target at 1349,707 (search 16 ms)
2026-08-02 23:59:07 [woodcutting] FindFilledBlock: found at 1349,707 (69x69 0x00FF00 tol=5, 15 ms)
2026-08-02 23:59:07 [woodcutting] Tracking stable target at 1349,707 (search 15 ms)
2026-08-02 23:59:07 [woodcutting] FindFilledBlock: found at 1349,707 (69x69 0x00FF00 tol=5, 0 ms)
2026-08-02 23:59:07 [woodcutting] Tracking stable target at 1349,707 (search 15 ms)
2026-08-02 23:59:07 [woodcutting] FindFilledBlock: found at 1349,707 (69x69 0x00FF00 tol=5, 16 ms)
2026-08-02 23:59:07 [woodcutting] Tracking stable target at 1349,707 (search 16 ms)
2026-08-02 23:59:07 [woodcutting] FindFilledBlock: found at 1349,707 (69x69 0x00FF00 tol=5, 15 ms)
2026-08-02 23:59:07 [woodcutting] Tracking stable target at 1349,707 (search 15 ms)
2026-08-02 23:59:07 [woodcutting] FindFilledBlock: found at 1349,707 (69x69 0x00FF00 tol=5, 0 ms)
2026-08-02 23:59:07 [woodcutting] Tracking stable target at 1349,707 (search 0 ms)
2026-08-02 23:59:07 [woodcutting] FindFilledBlock: found at 1349,707 (69x69 0x00FF00 tol=5, 15 ms)
2026-08-02 23:59:07 [woodcutting] Tracking stable target at 1349,707 (search 15 ms)
2026-08-02 23:59:08 [woodcutting] FindFilledBlock: found at 1349,707 (69x69 0x00FF00 tol=5, 15 ms)
2026-08-02 23:59:08 [woodcutting] Tracking stable target at 1349,707 (search 15 ms)
2026-08-02 23:59:08 [woodcutting] FindFilledBlock: found at 1349,707 (69x69 0x00FF00 tol=5, 0 ms)
2026-08-02 23:59:08 [woodcutting] Tracking stable target at 1349,707 (search 0 ms)
2026-08-02 23:59:08 [woodcutting] FindFilledBlock: found at 1349,707 (69x69 0x00FF00 tol=5, 16 ms)
2026-08-02 23:59:08 [woodcutting] Tracking stable target at 1349,707 (search 16 ms)
2026-08-02 23:59:08 [woodcutting] FindFilledBlock: found at 1349,707 (69x69 0x00FF00 tol=5, 0 ms)
2026-08-02 23:59:08 [woodcutting] Tracking stable target at 1349,707 (search 0 ms)
2026-08-02 23:59:08 [woodcutting] FindFilledBlock: found at 1349,707 (69x69 0x00FF00 tol=5, 15 ms)
2026-08-02 23:59:08 [woodcutting] Tracking stable target at 1349,707 (search 15 ms)
2026-08-02 23:59:08 [woodcutting] FindFilledBlock: found at 1349,707 (69x69 0x00FF00 tol=5, 0 ms)
2026-08-02 23:59:08 [woodcutting] Tracking stable target at 1349,707 (search 0 ms)
2026-08-02 23:59:08 [woodcutting] FindFilledBlock: found at 1349,707 (69x69 0x00FF00 tol=5, 0 ms)
2026-08-02 23:59:08 [woodcutting] Tracking stable target at 1349,707 (search 0 ms)
2026-08-02 23:59:09 [woodcutting] FindFilledBlock: found at 1349,707 (69x69 0x00FF00 tol=5, 15 ms)
2026-08-02 23:59:09 [woodcutting] Tracking stable target at 1349,707 (search 15 ms)
2026-08-02 23:59:09 [woodcutting] FindFilledBlock: found at 1349,707 (69x69 0x00FF00 tol=5, 16 ms)
2026-08-02 23:59:09 [woodcutting] Tracking stable target at 1349,707 (search 16 ms)
2026-08-02 23:59:09 [woodcutting] FindFilledBlock: found at 1349,707 (69x69 0x00FF00 tol=5, 15 ms)
2026-08-02 23:59:09 [woodcutting] Tracking stable target at 1349,707 (search 15 ms)
2026-08-02 23:59:09 [woodcutting] FindFilledBlock: found at 1349,707 (69x69 0x00FF00 tol=5, 16 ms)
2026-08-02 23:59:09 [woodcutting] Tracking stable target at 1349,707 (search 16 ms)
2026-08-02 23:59:09 [woodcutting] FindFilledBlock: found at 1349,707 (69x69 0x00FF00 tol=5, 15 ms)
2026-08-02 23:59:09 [woodcutting] Tracking stable target at 1349,707 (search 15 ms)
2026-08-02 23:59:09 [woodcutting] FindFilledBlock: found at 1349,707 (69x69 0x00FF00 tol=5, 16 ms)
2026-08-02 23:59:09 [woodcutting] Tracking stable target at 1349,707 (search 16 ms)
2026-08-02 23:59:10 [woodcutting] FindFilledBlock: found at 1349,707 (69x69 0x00FF00 tol=5, 0 ms)
2026-08-02 23:59:10 [woodcutting] Tracking stable target at 1349,707 (search 0 ms)
2026-08-02 23:59:10 [woodcutting] FindFilledBlock: found at 1349,707 (69x69 0x00FF00 tol=5, 15 ms)
2026-08-02 23:59:10 [woodcutting] Tracking stable target at 1349,707 (search 15 ms)
2026-08-02 23:59:10 [woodcutting] FindFilledBlock: found at 1349,707 (69x69 0x00FF00 tol=5, 0 ms)
2026-08-02 23:59:10 [woodcutting] Tracking stable target at 1349,707 (search 0 ms)
2026-08-02 23:59:10 [woodcutting] FindFilledBlock: found at 1349,707 (69x69 0x00FF00 tol=5, 16 ms)
2026-08-02 23:59:10 [woodcutting] Tracking stable target at 1349,707 (search 16 ms)
2026-08-02 23:59:10 [woodcutting] FindFilledBlock: found at 1349,707 (69x69 0x00FF00 tol=5, 0 ms)
2026-08-02 23:59:10 [woodcutting] Tracking stable target at 1349,707 (search 0 ms)
2026-08-02 23:59:10 [woodcutting] FindFilledBlock: found at 1349,707 (69x69 0x00FF00 tol=5, 0 ms)
2026-08-02 23:59:10 [woodcutting] Tracking stable target at 1349,707 (search 0 ms)
2026-08-02 23:59:10 [woodcutting] FindFilledBlock: found at 1349,707 (69x69 0x00FF00 tol=5, 0 ms)
2026-08-02 23:59:10 [woodcutting] Tracking stable target at 1349,707 (search 0 ms)
2026-08-02 23:59:11 [woodcutting] FindFilledBlock: found at 1349,707 (69x69 0x00FF00 tol=5, 0 ms)
2026-08-02 23:59:11 [woodcutting] Tracking stable target at 1349,707 (search 0 ms)
2026-08-02 23:59:11 [woodcutting] FindFilledBlock: found at 1349,707 (69x69 0x00FF00 tol=5, 0 ms)
2026-08-02 23:59:11 [woodcutting] Tracking stable target at 1349,707 (search 0 ms)
2026-08-02 23:59:11 [woodcutting] FindFilledBlock: found at 1349,707 (69x69 0x00FF00 tol=5, 0 ms)
2026-08-02 23:59:11 [woodcutting] Tracking stable target at 1349,707 (search 0 ms)
2026-08-02 23:59:11 [woodcutting] FindFilledBlock: found at 1349,707 (69x69 0x00FF00 tol=5, 15 ms)
2026-08-02 23:59:11 [woodcutting] Tracking stable target at 1349,707 (search 15 ms)
2026-08-02 23:59:11 [woodcutting] FindFilledBlock: found at 1349,707 (69x69 0x00FF00 tol=5, 0 ms)
2026-08-02 23:59:11 [woodcutting] Tracking stable target at 1349,707 (search 16 ms)
2026-08-02 23:59:11 [woodcutting] FindFilledBlock: found at 1349,707 (69x69 0x00FF00 tol=5, 16 ms)
2026-08-02 23:59:11 [woodcutting] Tracking stable target at 1349,707 (search 16 ms)
2026-08-02 23:59:12 [woodcutting] FindFilledBlock: found at 1349,707 (69x69 0x00FF00 tol=5, 0 ms)
2026-08-02 23:59:12 [woodcutting] Tracking stable target at 1349,707 (search 0 ms)
2026-08-02 23:59:12 [woodcutting] FindFilledBlock: found at 1349,707 (69x69 0x00FF00 tol=5, 0 ms)
2026-08-02 23:59:12 [woodcutting] Tracking stable target at 1349,707 (search 0 ms)
2026-08-02 23:59:12 [woodcutting] FindFilledBlock: found at 1349,707 (69x69 0x00FF00 tol=5, 0 ms)
2026-08-02 23:59:12 [woodcutting] Tracking stable target at 1349,707 (search 0 ms)
2026-08-02 23:59:12 [woodcutting] FindFilledBlock: found at 1349,707 (69x69 0x00FF00 tol=5, 0 ms)
2026-08-02 23:59:12 [woodcutting] Tracking stable target at 1349,707 (search 0 ms)
2026-08-02 23:59:12 [woodcutting] FindFilledBlock: found at 1349,707 (69x69 0x00FF00 tol=5, 0 ms)
2026-08-02 23:59:12 [woodcutting] Tracking stable target at 1349,707 (search 15 ms)
2026-08-02 23:59:12 [woodcutting] FindFilledBlock: found at 1349,707 (69x69 0x00FF00 tol=5, 0 ms)
2026-08-02 23:59:12 [woodcutting] Tracking stable target at 1349,707 (search 0 ms)
2026-08-02 23:59:12 [woodcutting] FindFilledBlock: found at 1349,707 (69x69 0x00FF00 tol=5, 16 ms)
2026-08-02 23:59:12 [woodcutting] Tracking stable target at 1349,707 (search 16 ms)
2026-08-02 23:59:13 [woodcutting] FindFilledBlock: found at 1349,707 (69x69 0x00FF00 tol=5, 16 ms)
2026-08-02 23:59:13 [woodcutting] Tracking stable target at 1349,707 (search 16 ms)
2026-08-02 23:59:13 [woodcutting] FindFilledBlock: found at 1349,707 (69x69 0x00FF00 tol=5, 15 ms)
2026-08-02 23:59:13 [woodcutting] Tracking stable target at 1349,707 (search 15 ms)
2026-08-02 23:59:13 [woodcutting] FindFilledBlock: found at 1349,707 (69x69 0x00FF00 tol=5, 15 ms)
2026-08-02 23:59:13 [woodcutting] Tracking stable target at 1349,707 (search 15 ms)
2026-08-02 23:59:13 [woodcutting] FindFilledBlock: found at 1349,707 (69x69 0x00FF00 tol=5, 16 ms)
2026-08-02 23:59:13 [woodcutting] Tracking stable target at 1349,707 (search 16 ms)
2026-08-02 23:59:13 [woodcutting] FindFilledBlock: found at 1349,707 (69x69 0x00FF00 tol=5, 0 ms)
2026-08-02 23:59:13 [woodcutting] Tracking stable target at 1349,707 (search 0 ms)
2026-08-02 23:59:13 [woodcutting] FindFilledBlock: found at 1349,707 (69x69 0x00FF00 tol=5, 0 ms)
2026-08-02 23:59:13 [woodcutting] Tracking stable target at 1349,707 (search 0 ms)
2026-08-02 23:59:14 [woodcutting] FindFilledBlock: found at 1349,707 (69x69 0x00FF00 tol=5, 0 ms)
2026-08-02 23:59:14 [woodcutting] Tracking stable target at 1349,707 (search 0 ms)
2026-08-02 23:59:14 [woodcutting] FindFilledBlock: found at 1349,707 (69x69 0x00FF00 tol=5, 0 ms)
2026-08-02 23:59:14 [woodcutting] Tracking stable target at 1349,707 (search 0 ms)
2026-08-02 23:59:14 [woodcutting] FindFilledBlock: found at 1349,707 (69x69 0x00FF00 tol=5, 0 ms)
2026-08-02 23:59:14 [woodcutting] Tracking stable target at 1349,707 (search 16 ms)
2026-08-02 23:59:14 [woodcutting] FindFilledBlock: found at 1349,707 (69x69 0x00FF00 tol=5, 0 ms)
2026-08-02 23:59:14 [woodcutting] Tracking stable target at 1349,707 (search 0 ms)
2026-08-02 23:59:14 [woodcutting] FindFilledBlock: found at 1349,707 (69x69 0x00FF00 tol=5, 15 ms)
2026-08-02 23:59:14 [woodcutting] Tracking stable target at 1349,707 (search 15 ms)
2026-08-02 23:59:14 [woodcutting] FindFilledBlock: found at 1349,707 (69x69 0x00FF00 tol=5, 0 ms)
2026-08-02 23:59:14 [woodcutting] Tracking stable target at 1349,707 (search 0 ms)
2026-08-02 23:59:14 [woodcutting] FindFilledBlock: found at 1349,707 (69x69 0x00FF00 tol=5, 0 ms)
2026-08-02 23:59:14 [woodcutting] Tracking stable target at 1349,707 (search 16 ms)
2026-08-02 23:59:15 [woodcutting] FindFilledBlock: found at 1349,707 (69x69 0x00FF00 tol=5, 15 ms)
2026-08-02 23:59:15 [woodcutting] Tracking stable target at 1349,707 (search 15 ms)
2026-08-02 23:59:15 [woodcutting] MaybeWander: idle-wandering while waiting
2026-08-02 23:59:16 [woodcutting] FindFilledBlock: found at 1349,707 (69x69 0x00FF00 tol=5, 16 ms)
2026-08-02 23:59:16 [woodcutting] Tracking stable target at 1349,707 (search 16 ms)
2026-08-02 23:59:16 [woodcutting] FindFilledBlock: found at 1349,707 (69x69 0x00FF00 tol=5, 0 ms)
2026-08-02 23:59:16 [woodcutting] Tracking stable target at 1349,707 (search 0 ms)
2026-08-02 23:59:16 [woodcutting] FindFilledBlock: found at 1349,707 (69x69 0x00FF00 tol=5, 0 ms)
2026-08-02 23:59:16 [woodcutting] Tracking stable target at 1349,707 (search 0 ms)
2026-08-02 23:59:16 [woodcutting] FindFilledBlock: found at 1349,707 (69x69 0x00FF00 tol=5, 0 ms)
2026-08-02 23:59:16 [woodcutting] Tracking stable target at 1349,707 (search 0 ms)
2026-08-02 23:59:17 [woodcutting] FindFilledBlock: found at 1349,707 (69x69 0x00FF00 tol=5, 0 ms)
2026-08-02 23:59:17 [woodcutting] Tracking stable target at 1349,707 (search 16 ms)
2026-08-02 23:59:17 [woodcutting] FindFilledBlock: found at 1349,707 (69x69 0x00FF00 tol=5, 16 ms)
2026-08-02 23:59:17 [woodcutting] Tracking stable target at 1349,707 (search 16 ms)
2026-08-02 23:59:17 [woodcutting] FindFilledBlock: found at 1349,707 (69x69 0x00FF00 tol=5, 0 ms)
2026-08-02 23:59:17 [woodcutting] Tracking stable target at 1349,707 (search 0 ms)
2026-08-02 23:59:17 [woodcutting] FindFilledBlock: found at 1349,707 (69x69 0x00FF00 tol=5, 16 ms)
2026-08-02 23:59:17 [woodcutting] Tracking stable target at 1349,707 (search 16 ms)
2026-08-02 23:59:17 [woodcutting] FindFilledBlock: found at 1349,707 (69x69 0x00FF00 tol=5, 0 ms)
2026-08-02 23:59:17 [woodcutting] Tracking stable target at 1349,707 (search 0 ms)
2026-08-02 23:59:17 [woodcutting] FindFilledBlock: found at 1349,707 (69x69 0x00FF00 tol=5, 16 ms)
2026-08-02 23:59:17 [woodcutting] Tracking stable target at 1349,707 (search 16 ms)
2026-08-02 23:59:18 [woodcutting] FindFilledBlock: found at 1349,707 (69x69 0x00FF00 tol=5, 0 ms)
2026-08-02 23:59:18 [woodcutting] Tracking stable target at 1349,707 (search 0 ms)
2026-08-02 23:59:18 [woodcutting] FindFilledBlock: found at 1349,707 (69x69 0x00FF00 tol=5, 0 ms)
2026-08-02 23:59:18 [woodcutting] Tracking stable target at 1349,707 (search 0 ms)
2026-08-02 23:59:18 [woodcutting] FindFilledBlock: found at 1349,707 (69x69 0x00FF00 tol=5, 0 ms)
2026-08-02 23:59:18 [woodcutting] Tracking stable target at 1349,707 (search 0 ms)
2026-08-02 23:59:18 [woodcutting] FindFilledBlock: found at 1349,707 (69x69 0x00FF00 tol=5, 0 ms)
2026-08-02 23:59:18 [woodcutting] Tracking stable target at 1349,707 (search 0 ms)
2026-08-02 23:59:18 [woodcutting] FindFilledBlock: found at 1349,707 (69x69 0x00FF00 tol=5, 0 ms)
2026-08-02 23:59:18 [woodcutting] Tracking stable target at 1349,707 (search 0 ms)
2026-08-02 23:59:18 [woodcutting] FindFilledBlock: found at 1349,707 (69x69 0x00FF00 tol=5, 0 ms)
2026-08-02 23:59:18 [woodcutting] Tracking stable target at 1349,707 (search 0 ms)
2026-08-02 23:59:18 [woodcutting] FindFilledBlock: found at 1349,707 (69x69 0x00FF00 tol=5, 16 ms)
2026-08-02 23:59:18 [woodcutting] Tracking stable target at 1349,707 (search 16 ms)
2026-08-02 23:59:19 [woodcutting] FindFilledBlock: found at 1349,707 (69x69 0x00FF00 tol=5, 16 ms)
2026-08-02 23:59:19 [woodcutting] Tracking stable target at 1349,707 (search 16 ms)
2026-08-02 23:59:19 [woodcutting] FindFilledBlock: found at 1349,707 (69x69 0x00FF00 tol=5, 0 ms)
2026-08-02 23:59:19 [woodcutting] Tracking stable target at 1349,707 (search 0 ms)
2026-08-02 23:59:19 [woodcutting] MaybeWander: idle-wandering while waiting
2026-08-02 23:59:22 [woodcutting] FindFilledBlock: found at 1349,707 (69x69 0x00FF00 tol=5, 0 ms)
2026-08-02 23:59:22 [woodcutting] Tracking stable target at 1349,707 (search 0 ms)
2026-08-02 23:59:22 [woodcutting] FindFilledBlock: found at 1349,707 (69x69 0x00FF00 tol=5, 15 ms)
2026-08-02 23:59:22 [woodcutting] Tracking stable target at 1349,707 (search 15 ms)
2026-08-02 23:59:22 [woodcutting] FindFilledBlock: found at 1349,707 (69x69 0x00FF00 tol=5, 0 ms)
2026-08-02 23:59:22 [woodcutting] Tracking stable target at 1349,707 (search 0 ms)
2026-08-02 23:59:22 [woodcutting] FindFilledBlock: found at 1349,707 (69x69 0x00FF00 tol=5, 16 ms)
2026-08-02 23:59:22 [woodcutting] Tracking stable target at 1349,707 (search 16 ms)
2026-08-02 23:59:23 [woodcutting] FindFilledBlock: found at 1349,707 (69x69 0x00FF00 tol=5, 15 ms)
2026-08-02 23:59:23 [woodcutting] Tracking stable target at 1349,707 (search 15 ms)
2026-08-02 23:59:23 [woodcutting] FindFilledBlock: found at 1349,707 (69x69 0x00FF00 tol=5, 16 ms)
2026-08-02 23:59:23 [woodcutting] Tracking stable target at 1349,707 (search 16 ms)
2026-08-02 23:59:23 [woodcutting] FindFilledBlock: found at 1349,707 (69x69 0x00FF00 tol=5, 0 ms)
2026-08-02 23:59:23 [woodcutting] Tracking stable target at 1349,707 (search 0 ms)
2026-08-02 23:59:23 [woodcutting] FindFilledBlock: found at 1349,707 (69x69 0x00FF00 tol=5, 0 ms)
2026-08-02 23:59:23 [woodcutting] Tracking stable target at 1349,707 (search 0 ms)
2026-08-02 23:59:23 [woodcutting] FindFilledBlock: found at 1349,707 (69x69 0x00FF00 tol=5, 0 ms)
2026-08-02 23:59:23 [woodcutting] Tracking stable target at 1349,707 (search 0 ms)
2026-08-02 23:59:23 [woodcutting] FindFilledBlock: found at 1349,707 (69x69 0x00FF00 tol=5, 0 ms)
2026-08-02 23:59:23 [woodcutting] Tracking stable target at 1349,707 (search 0 ms)
2026-08-02 23:59:23 [woodcutting] FindFilledBlock: found at 1349,707 (69x69 0x00FF00 tol=5, 0 ms)
2026-08-02 23:59:23 [woodcutting] Tracking stable target at 1349,707 (search 0 ms)
2026-08-02 23:59:24 [woodcutting] FindFilledBlock: found at 1349,707 (69x69 0x00FF00 tol=5, 0 ms)
2026-08-02 23:59:24 [woodcutting] Tracking stable target at 1349,707 (search 0 ms)
2026-08-02 23:59:24 [woodcutting] FindFilledBlock: found at 1349,707 (69x69 0x00FF00 tol=5, 15 ms)
2026-08-02 23:59:24 [woodcutting] Tracking stable target at 1349,707 (search 15 ms)
2026-08-02 23:59:24 [woodcutting] FindFilledBlock: found at 1349,707 (69x69 0x00FF00 tol=5, 0 ms)
2026-08-02 23:59:24 [woodcutting] Tracking stable target at 1349,707 (search 0 ms)
2026-08-02 23:59:24 [woodcutting] FindFilledBlock: found at 1349,707 (69x69 0x00FF00 tol=5, 0 ms)
2026-08-02 23:59:24 [woodcutting] Tracking stable target at 1349,707 (search 0 ms)
2026-08-02 23:59:24 [woodcutting] FindFilledBlock: found at 1349,707 (69x69 0x00FF00 tol=5, 0 ms)
2026-08-02 23:59:24 [woodcutting] Tracking stable target at 1349,707 (search 0 ms)
2026-08-02 23:59:24 [woodcutting] FindFilledBlock: found at 1349,707 (69x69 0x00FF00 tol=5, 0 ms)
2026-08-02 23:59:24 [woodcutting] Tracking stable target at 1349,707 (search 0 ms)
2026-08-02 23:59:25 [woodcutting] FindFilledBlock: found at 1349,707 (69x69 0x00FF00 tol=5, 0 ms)
2026-08-02 23:59:25 [woodcutting] Tracking stable target at 1349,707 (search 0 ms)
2026-08-02 23:59:25 [woodcutting] FindFilledBlock: found at 1349,707 (69x69 0x00FF00 tol=5, 0 ms)
2026-08-02 23:59:25 [woodcutting] Tracking stable target at 1349,707 (search 16 ms)
2026-08-02 23:59:25 [woodcutting] FindFilledBlock: found at 1349,707 (69x69 0x00FF00 tol=5, 0 ms)
2026-08-02 23:59:25 [woodcutting] Tracking stable target at 1349,707 (search 0 ms)
2026-08-02 23:59:25 [woodcutting] FindFilledBlock: found at 1349,707 (69x69 0x00FF00 tol=5, 15 ms)
2026-08-02 23:59:25 [woodcutting] Tracking stable target at 1349,707 (search 15 ms)
2026-08-02 23:59:25 [woodcutting] FindFilledBlock: found at 1349,707 (69x69 0x00FF00 tol=5, 0 ms)
2026-08-02 23:59:25 [woodcutting] Tracking stable target at 1349,707 (search 0 ms)
2026-08-02 23:59:25 [woodcutting] FindFilledBlock: found at 1349,707 (69x69 0x00FF00 tol=5, 0 ms)
2026-08-02 23:59:25 [woodcutting] Tracking stable target at 1349,707 (search 16 ms)
2026-08-02 23:59:26 [woodcutting] FindFilledBlock: found at 1349,707 (69x69 0x00FF00 tol=5, 15 ms)
2026-08-02 23:59:26 [woodcutting] Tracking stable target at 1349,707 (search 15 ms)
2026-08-02 23:59:26 [woodcutting] FindFilledBlock: found at 1349,707 (69x69 0x00FF00 tol=5, 15 ms)
2026-08-02 23:59:26 [woodcutting] Tracking stable target at 1349,707 (search 15 ms)
2026-08-02 23:59:26 [woodcutting] FindFilledBlock: found at 1349,707 (69x69 0x00FF00 tol=5, 16 ms)
2026-08-02 23:59:26 [woodcutting] Tracking stable target at 1349,707 (search 16 ms)
2026-08-02 23:59:26 [woodcutting] FindFilledBlock: found at 1349,707 (69x69 0x00FF00 tol=5, 0 ms)
2026-08-02 23:59:26 [woodcutting] Tracking stable target at 1349,707 (search 16 ms)
2026-08-02 23:59:26 [woodcutting] FindFilledBlock: found at 1349,707 (69x69 0x00FF00 tol=5, 16 ms)
2026-08-02 23:59:26 [woodcutting] Tracking stable target at 1349,707 (search 16 ms)
2026-08-02 23:59:26 [woodcutting] FindFilledBlock: found at 1349,707 (69x69 0x00FF00 tol=5, 15 ms)
2026-08-02 23:59:26 [woodcutting] Tracking stable target at 1349,707 (search 15 ms)
2026-08-02 23:59:26 [woodcutting] FindFilledBlock: found at 1349,707 (69x69 0x00FF00 tol=5, 0 ms)
2026-08-02 23:59:26 [woodcutting] Tracking stable target at 1349,707 (search 15 ms)
2026-08-02 23:59:27 [woodcutting] FindFilledBlock: found at 1349,707 (69x69 0x00FF00 tol=5, 16 ms)
2026-08-02 23:59:27 [woodcutting] Tracking stable target at 1349,707 (search 16 ms)
2026-08-02 23:59:27 [woodcutting] FindFilledBlock: not found (69x69 0x00FF00 tol=5, 0 ms)
2026-08-02 23:59:27 [woodcutting] Target depleted or lost - re-acquiring (searched 0 ms)
2026-08-02 23:59:27 [woodcutting] FindFilledBlock: not found (69x69 0x00FF00 tol=5, 16 ms)
2026-08-02 23:59:27 [woodcutting] FindFilledBlock: not found (69x69 0x00B809 tol=5, 16 ms)
2026-08-02 23:59:27 [woodcutting] Acquire ring 160: not found (32 ms)
2026-08-02 23:59:27 [woodcutting] FindFilledBlock: not found (69x69 0x00FF00 tol=5, 15 ms)
2026-08-02 23:59:27 [woodcutting] FindFilledBlock: found at 1447,599 (69x69 0x00B809 tol=5, 16 ms)
2026-08-02 23:59:27 [woodcutting] Acquired new target at 1447,599 (0x00B809, ring 320, 63 ms)
2026-08-02 23:59:27 [woodcutting] FindFilledBlock: found at 1447,599 (69x69 0x00B809 tol=5, 0 ms)
2026-08-02 23:59:27 [woodcutting] Clicked initial/re-click target at 1447,599 (search 0 ms)
2026-08-02 23:59:27 [woodcutting] ReleasePendingModifiersNow: released Ctrl
2026-08-02 23:59:28 [woodcutting] FindFilledBlock: found at 1447,599 (69x69 0x00B809 tol=5, 16 ms)
2026-08-02 23:59:28 [woodcutting] Tracking not-yet-stable target at 1447,599 (search 16 ms)
2026-08-02 23:59:28 [woodcutting] FindFilledBlock: found at 1447,599 (69x69 0x00B809 tol=5, 15 ms)
2026-08-02 23:59:28 [woodcutting] Tracking stable target at 1447,599 (search 15 ms)
2026-08-02 23:59:28 [woodcutting] FindFilledBlock: found at 1447,603 (69x69 0x00B809 tol=5, 16 ms)
2026-08-02 23:59:28 [woodcutting] Tracking stable target at 1447,603 (search 16 ms)
2026-08-02 23:59:28 [woodcutting] FindFilledBlock: found at 1445,611 (69x69 0x00B809 tol=5, 0 ms)
2026-08-02 23:59:28 [woodcutting] Tracking not-yet-stable target at 1445,611 (search 0 ms)
2026-08-02 23:59:28 [woodcutting] FindFilledBlock: found at 1445,623 (69x69 0x00B809 tol=5, 0 ms)
2026-08-02 23:59:28 [woodcutting] Tracking not-yet-stable target at 1445,623 (search 0 ms)
2026-08-02 23:59:29 [woodcutting] FindFilledBlock: found at 1443,635 (69x69 0x00B809 tol=5, 0 ms)
2026-08-02 23:59:29 [woodcutting] Tracking not-yet-stable target at 1443,635 (search 15 ms)
2026-08-02 23:59:29 [woodcutting] FindFilledBlock: found at 1437,643 (69x69 0x00B809 tol=5, 0 ms)
2026-08-02 23:59:29 [woodcutting] Tracking not-yet-stable target at 1437,643 (search 0 ms)
2026-08-02 23:59:29 [woodcutting] FindFilledBlock: found at 1425,647 (69x69 0x00B809 tol=5, 0 ms)
2026-08-02 23:59:29 [woodcutting] Tracking not-yet-stable target at 1425,647 (search 0 ms)
2026-08-02 23:59:29 [woodcutting] FindFilledBlock: found at 1413,651 (69x69 0x00B809 tol=5, 16 ms)
2026-08-02 23:59:29 [woodcutting] Tracking not-yet-stable target at 1413,651 (search 16 ms)
2026-08-02 23:59:29 [woodcutting] FindFilledBlock: found at 1393,657 (69x69 0x00B809 tol=5, 15 ms)
2026-08-02 23:59:29 [woodcutting] Tracking not-yet-stable target at 1393,657 (search 15 ms)
2026-08-02 23:59:29 [woodcutting] FindFilledBlock: found at 1381,657 (69x69 0x00B809 tol=5, 16 ms)
2026-08-02 23:59:29 [woodcutting] Tracking not-yet-stable target at 1381,657 (search 16 ms)
2026-08-02 23:59:29 [woodcutting] FindFilledBlock: found at 1369,659 (69x69 0x00B809 tol=5, 0 ms)
2026-08-02 23:59:29 [woodcutting] Tracking not-yet-stable target at 1369,659 (search 15 ms)
2026-08-02 23:59:30 [woodcutting] FindFilledBlock: found at 1355,659 (69x69 0x00B809 tol=5, 16 ms)
2026-08-02 23:59:30 [woodcutting] Tracking not-yet-stable target at 1355,659 (search 16 ms)
2026-08-02 23:59:30 [woodcutting] FindFilledBlock: found at 1345,659 (69x69 0x00B809 tol=5, 15 ms)
2026-08-02 23:59:30 [woodcutting] Tracking not-yet-stable target at 1345,659 (search 15 ms)
2026-08-02 23:59:30 [woodcutting] FindFilledBlock: found at 1341,659 (69x69 0x00B809 tol=5, 16 ms)
2026-08-02 23:59:30 [woodcutting] Tracking not-yet-stable target at 1341,659 (search 16 ms)
2026-08-02 23:59:30 [woodcutting] FindFilledBlock: found at 1337,659 (69x69 0x00B809 tol=5, 0 ms)
2026-08-02 23:59:30 [woodcutting] Tracking stable target at 1337,659 (search 0 ms)
2026-08-02 23:59:30 [woodcutting] FindFilledBlock: found at 1335,659 (69x69 0x00B809 tol=5, 15 ms)
2026-08-02 23:59:30 [woodcutting] Tracking stable target at 1335,659 (search 15 ms)
2026-08-02 23:59:30 [woodcutting] MaybeWander: idle-wandering while waiting
2026-08-02 23:59:33 [woodcutting] FindFilledBlock: found at 1331,659 (69x69 0x00B809 tol=5, 0 ms)
2026-08-02 23:59:33 [woodcutting] Tracking stable target at 1331,659 (search 0 ms)
2026-08-02 23:59:33 [woodcutting] FindFilledBlock: found at 1331,659 (69x69 0x00B809 tol=5, 16 ms)
2026-08-02 23:59:33 [woodcutting] Tracking stable target at 1331,659 (search 16 ms)
2026-08-02 23:59:33 [woodcutting] FindFilledBlock: found at 1331,659 (69x69 0x00B809 tol=5, 0 ms)
2026-08-02 23:59:33 [woodcutting] Tracking stable target at 1331,659 (search 0 ms)
2026-08-02 23:59:33 [woodcutting] FindFilledBlock: found at 1331,659 (69x69 0x00B809 tol=5, 0 ms)
2026-08-02 23:59:33 [woodcutting] Tracking stable target at 1331,659 (search 0 ms)
2026-08-02 23:59:33 [woodcutting] FindFilledBlock: found at 1331,659 (69x69 0x00B809 tol=5, 0 ms)
2026-08-02 23:59:33 [woodcutting] Tracking stable target at 1331,659 (search 0 ms)
2026-08-02 23:59:33 [woodcutting] FindFilledBlock: found at 1331,659 (69x69 0x00B809 tol=5, 0 ms)
2026-08-02 23:59:33 [woodcutting] Tracking stable target at 1331,659 (search 0 ms)
2026-08-02 23:59:34 [woodcutting] FindFilledBlock: found at 1331,659 (69x69 0x00B809 tol=5, 16 ms)
2026-08-02 23:59:34 [woodcutting] Tracking stable target at 1331,659 (search 16 ms)
2026-08-02 23:59:34 [woodcutting] FindFilledBlock: found at 1331,659 (69x69 0x00B809 tol=5, 0 ms)
2026-08-02 23:59:34 [woodcutting] Tracking stable target at 1331,659 (search 0 ms)
2026-08-02 23:59:34 [woodcutting] FindFilledBlock: found at 1331,659 (69x69 0x00B809 tol=5, 15 ms)
2026-08-02 23:59:34 [woodcutting] Tracking stable target at 1331,659 (search 15 ms)
2026-08-02 23:59:34 [woodcutting] FindFilledBlock: found at 1331,659 (69x69 0x00B809 tol=5, 16 ms)
2026-08-02 23:59:34 [woodcutting] Tracking stable target at 1331,659 (search 16 ms)
2026-08-02 23:59:34 [woodcutting] FindFilledBlock: found at 1331,659 (69x69 0x00B809 tol=5, 15 ms)
2026-08-02 23:59:34 [woodcutting] Tracking stable target at 1331,659 (search 15 ms)
2026-08-02 23:59:34 [woodcutting] FindFilledBlock: found at 1331,659 (69x69 0x00B809 tol=5, 16 ms)
2026-08-02 23:59:34 [woodcutting] Tracking stable target at 1331,659 (search 16 ms)
2026-08-02 23:59:35 [woodcutting] FindFilledBlock: found at 1331,659 (69x69 0x00B809 tol=5, 15 ms)
2026-08-02 23:59:35 [woodcutting] Tracking stable target at 1331,659 (search 15 ms)
2026-08-02 23:59:35 [woodcutting] FindFilledBlock: found at 1331,659 (69x69 0x00B809 tol=5, 16 ms)
2026-08-02 23:59:35 [woodcutting] Tracking stable target at 1331,659 (search 16 ms)
2026-08-02 23:59:35 [woodcutting] FindFilledBlock: found at 1331,659 (69x69 0x00B809 tol=5, 15 ms)
2026-08-02 23:59:35 [woodcutting] Tracking stable target at 1331,659 (search 15 ms)
2026-08-02 23:59:35 [woodcutting] FindFilledBlock: found at 1331,659 (69x69 0x00B809 tol=5, 16 ms)
2026-08-02 23:59:35 [woodcutting] Tracking stable target at 1331,659 (search 16 ms)
2026-08-02 23:59:35 [woodcutting] FindFilledBlock: found at 1331,659 (69x69 0x00B809 tol=5, 0 ms)
2026-08-02 23:59:35 [woodcutting] Tracking stable target at 1331,659 (search 0 ms)
2026-08-02 23:59:35 [woodcutting] FindFilledBlock: found at 1331,659 (69x69 0x00B809 tol=5, 15 ms)
2026-08-02 23:59:35 [woodcutting] Tracking stable target at 1331,659 (search 15 ms)
2026-08-02 23:59:35 [woodcutting] FindFilledBlock: found at 1331,659 (69x69 0x00B809 tol=5, 0 ms)
2026-08-02 23:59:35 [woodcutting] Tracking stable target at 1331,659 (search 0 ms)
2026-08-02 23:59:36 [woodcutting] FindFilledBlock: found at 1331,659 (69x69 0x00B809 tol=5, 0 ms)
2026-08-02 23:59:36 [woodcutting] Tracking stable target at 1331,659 (search 0 ms)
2026-08-02 23:59:36 [woodcutting] FindFilledBlock: found at 1331,659 (69x69 0x00B809 tol=5, 0 ms)
2026-08-02 23:59:36 [woodcutting] Tracking stable target at 1331,659 (search 0 ms)
2026-08-02 23:59:36 [woodcutting] FindFilledBlock: found at 1331,659 (69x69 0x00B809 tol=5, 0 ms)
2026-08-02 23:59:36 [woodcutting] Tracking stable target at 1331,659 (search 0 ms)
2026-08-02 23:59:36 [woodcutting] FindFilledBlock: found at 1331,659 (69x69 0x00B809 tol=5, 15 ms)
2026-08-02 23:59:36 [woodcutting] Tracking stable target at 1331,659 (search 15 ms)
2026-08-02 23:59:36 [woodcutting] FindFilledBlock: found at 1331,659 (69x69 0x00B809 tol=5, 16 ms)
2026-08-02 23:59:36 [woodcutting] Tracking stable target at 1331,659 (search 16 ms)
2026-08-02 23:59:36 [woodcutting] FindFilledBlock: found at 1331,659 (69x69 0x00B809 tol=5, 15 ms)
2026-08-02 23:59:36 [woodcutting] Tracking stable target at 1331,659 (search 15 ms)
2026-08-02 23:59:37 [woodcutting] FindFilledBlock: found at 1331,659 (69x69 0x00B809 tol=5, 0 ms)
2026-08-02 23:59:37 [woodcutting] Tracking stable target at 1331,659 (search 0 ms)
2026-08-02 23:59:37 [woodcutting] FindFilledBlock: found at 1331,659 (69x69 0x00B809 tol=5, 16 ms)
2026-08-02 23:59:37 [woodcutting] Tracking stable target at 1331,659 (search 16 ms)
2026-08-02 23:59:37 [woodcutting] FindFilledBlock: found at 1331,659 (69x69 0x00B809 tol=5, 0 ms)
2026-08-02 23:59:37 [woodcutting] Tracking stable target at 1331,659 (search 0 ms)
2026-08-02 23:59:37 [woodcutting] FindFilledBlock: found at 1331,659 (69x69 0x00B809 tol=5, 0 ms)
2026-08-02 23:59:37 [woodcutting] Tracking stable target at 1331,659 (search 0 ms)
2026-08-02 23:59:37 [woodcutting] FindFilledBlock: found at 1331,659 (69x69 0x00B809 tol=5, 0 ms)
2026-08-02 23:59:37 [woodcutting] Tracking stable target at 1331,659 (search 0 ms)
2026-08-02 23:59:37 [woodcutting] FindFilledBlock: found at 1331,659 (69x69 0x00B809 tol=5, 0 ms)
2026-08-02 23:59:37 [woodcutting] Tracking stable target at 1331,659 (search 0 ms)
2026-08-02 23:59:37 [woodcutting] FindFilledBlock: found at 1331,659 (69x69 0x00B809 tol=5, 0 ms)
2026-08-02 23:59:37 [woodcutting] Tracking stable target at 1331,659 (search 0 ms)
2026-08-02 23:59:38 [woodcutting] FindFilledBlock: found at 1331,659 (69x69 0x00B809 tol=5, 0 ms)
2026-08-02 23:59:38 [woodcutting] Tracking stable target at 1331,659 (search 0 ms)
2026-08-02 23:59:38 [woodcutting] FindFilledBlock: found at 1331,659 (69x69 0x00B809 tol=5, 15 ms)
2026-08-02 23:59:38 [woodcutting] Tracking stable target at 1331,659 (search 15 ms)
2026-08-02 23:59:38 [woodcutting] FindFilledBlock: found at 1331,659 (69x69 0x00B809 tol=5, 0 ms)
2026-08-02 23:59:38 [woodcutting] Tracking stable target at 1331,659 (search 0 ms)
2026-08-02 23:59:38 [woodcutting] FindFilledBlock: found at 1331,659 (69x69 0x00B809 tol=5, 0 ms)
2026-08-02 23:59:38 [woodcutting] Tracking stable target at 1331,659 (search 16 ms)
2026-08-02 23:59:38 [woodcutting] FindFilledBlock: found at 1331,659 (69x69 0x00B809 tol=5, 0 ms)
2026-08-02 23:59:38 [woodcutting] Tracking stable target at 1331,659 (search 0 ms)
2026-08-02 23:59:38 [woodcutting] FindFilledBlock: found at 1331,659 (69x69 0x00B809 tol=5, 0 ms)
2026-08-02 23:59:38 [woodcutting] Tracking stable target at 1331,659 (search 0 ms)
2026-08-02 23:59:39 [woodcutting] FindFilledBlock: found at 1331,659 (69x69 0x00B809 tol=5, 16 ms)
2026-08-02 23:59:39 [woodcutting] Tracking stable target at 1331,659 (search 16 ms)
2026-08-02 23:59:39 [woodcutting] FindFilledBlock: found at 1331,659 (69x69 0x00B809 tol=5, 15 ms)
2026-08-02 23:59:39 [woodcutting] Tracking stable target at 1331,659 (search 15 ms)
2026-08-02 23:59:39 [woodcutting] FindFilledBlock: found at 1331,659 (69x69 0x00B809 tol=5, 0 ms)
2026-08-02 23:59:39 [woodcutting] Tracking stable target at 1331,659 (search 0 ms)
2026-08-02 23:59:39 [woodcutting] FindFilledBlock: found at 1331,659 (69x69 0x00B809 tol=5, 16 ms)
2026-08-02 23:59:39 [woodcutting] Tracking stable target at 1331,659 (search 16 ms)
2026-08-02 23:59:39 [woodcutting] FindFilledBlock: found at 1331,659 (69x69 0x00B809 tol=5, 0 ms)
2026-08-02 23:59:39 [woodcutting] Tracking stable target at 1331,659 (search 0 ms)
2026-08-02 23:59:39 [woodcutting] FindFilledBlock: found at 1331,659 (69x69 0x00B809 tol=5, 16 ms)
2026-08-02 23:59:39 [woodcutting] Tracking stable target at 1331,659 (search 16 ms)
2026-08-02 23:59:39 [woodcutting] FindFilledBlock: found at 1331,659 (69x69 0x00B809 tol=5, 0 ms)
2026-08-02 23:59:39 [woodcutting] Tracking stable target at 1331,659 (search 0 ms)
2026-08-02 23:59:40 [woodcutting] FindFilledBlock: found at 1331,659 (69x69 0x00B809 tol=5, 16 ms)
2026-08-02 23:59:40 [woodcutting] Tracking stable target at 1331,659 (search 16 ms)
2026-08-02 23:59:40 [woodcutting] FindFilledBlock: found at 1331,659 (69x69 0x00B809 tol=5, 0 ms)
2026-08-02 23:59:40 [woodcutting] Tracking stable target at 1331,659 (search 0 ms)
2026-08-02 23:59:40 [woodcutting] FindFilledBlock: found at 1331,659 (69x69 0x00B809 tol=5, 0 ms)
2026-08-02 23:59:40 [woodcutting] Tracking stable target at 1331,659 (search 0 ms)
2026-08-02 23:59:40 [woodcutting] FindFilledBlock: found at 1331,659 (69x69 0x00B809 tol=5, 0 ms)
2026-08-02 23:59:40 [woodcutting] Tracking stable target at 1331,659 (search 0 ms)
2026-08-02 23:59:40 [woodcutting] FindFilledBlock: found at 1331,659 (69x69 0x00B809 tol=5, 16 ms)
2026-08-02 23:59:40 [woodcutting] Tracking stable target at 1331,659 (search 16 ms)
2026-08-02 23:59:40 [woodcutting] FindFilledBlock: found at 1331,659 (69x69 0x00B809 tol=5, 0 ms)
2026-08-02 23:59:40 [woodcutting] Tracking stable target at 1331,659 (search 0 ms)
2026-08-02 23:59:41 [woodcutting] FindFilledBlock: found at 1331,659 (69x69 0x00B809 tol=5, 0 ms)
2026-08-02 23:59:41 [woodcutting] Tracking stable target at 1331,659 (search 0 ms)
2026-08-02 23:59:41 [woodcutting] FindFilledBlock: found at 1331,659 (69x69 0x00B809 tol=5, 15 ms)
2026-08-02 23:59:41 [woodcutting] Tracking stable target at 1331,659 (search 15 ms)
2026-08-02 23:59:41 [woodcutting] FindFilledBlock: found at 1331,659 (69x69 0x00B809 tol=5, 16 ms)
2026-08-02 23:59:41 [woodcutting] Tracking stable target at 1331,659 (search 16 ms)
2026-08-02 23:59:41 [woodcutting] FindFilledBlock: found at 1331,659 (69x69 0x00B809 tol=5, 15 ms)
2026-08-02 23:59:41 [woodcutting] Tracking stable target at 1331,659 (search 15 ms)
2026-08-02 23:59:41 [woodcutting] FindFilledBlock: found at 1331,659 (69x69 0x00B809 tol=5, 16 ms)
2026-08-02 23:59:41 [woodcutting] Tracking stable target at 1331,659 (search 16 ms)
2026-08-02 23:59:41 [woodcutting] FindFilledBlock: found at 1331,659 (69x69 0x00B809 tol=5, 15 ms)
2026-08-02 23:59:41 [woodcutting] Tracking stable target at 1331,659 (search 15 ms)
2026-08-02 23:59:41 [woodcutting] FindFilledBlock: found at 1331,659 (69x69 0x00B809 tol=5, 16 ms)
2026-08-02 23:59:41 [woodcutting] Tracking stable target at 1331,659 (search 16 ms)
2026-08-02 23:59:42 [woodcutting] FindFilledBlock: found at 1331,659 (69x69 0x00B809 tol=5, 0 ms)
2026-08-02 23:59:42 [woodcutting] Tracking stable target at 1331,659 (search 0 ms)
2026-08-02 23:59:42 [woodcutting] FindFilledBlock: found at 1331,659 (69x69 0x00B809 tol=5, 16 ms)
2026-08-02 23:59:42 [woodcutting] Tracking stable target at 1331,659 (search 16 ms)
2026-08-02 23:59:42 [woodcutting] FindFilledBlock: found at 1331,659 (69x69 0x00B809 tol=5, 15 ms)
2026-08-02 23:59:42 [woodcutting] Tracking stable target at 1331,659 (search 15 ms)
2026-08-02 23:59:42 [woodcutting] FindFilledBlock: found at 1331,659 (69x69 0x00B809 tol=5, 0 ms)
2026-08-02 23:59:42 [woodcutting] Tracking stable target at 1331,659 (search 0 ms)
2026-08-02 23:59:42 [woodcutting] FindFilledBlock: found at 1331,659 (69x69 0x00B809 tol=5, 16 ms)
2026-08-02 23:59:42 [woodcutting] Tracking stable target at 1331,659 (search 16 ms)
2026-08-02 23:59:42 [woodcutting] FindFilledBlock: found at 1331,659 (69x69 0x00B809 tol=5, 0 ms)
2026-08-02 23:59:42 [woodcutting] Tracking stable target at 1331,659 (search 0 ms)
2026-08-02 23:59:42 [woodcutting] FindFilledBlock: found at 1331,659 (69x69 0x00B809 tol=5, 0 ms)
2026-08-02 23:59:43 [woodcutting] Tracking stable target at 1331,659 (search 0 ms)
2026-08-02 23:59:43 [woodcutting] FindFilledBlock: found at 1331,659 (69x69 0x00B809 tol=5, 0 ms)
2026-08-02 23:59:43 [woodcutting] Tracking stable target at 1331,659 (search 0 ms)
2026-08-02 23:59:43 [woodcutting] FindFilledBlock: found at 1331,659 (69x69 0x00B809 tol=5, 0 ms)
2026-08-02 23:59:43 [woodcutting] Tracking stable target at 1331,659 (search 0 ms)
2026-08-02 23:59:43 [woodcutting] FindFilledBlock: found at 1331,659 (69x69 0x00B809 tol=5, 0 ms)
2026-08-02 23:59:43 [woodcutting] Tracking stable target at 1331,659 (search 16 ms)
2026-08-02 23:59:43 [woodcutting] FindFilledBlock: found at 1331,659 (69x69 0x00B809 tol=5, 0 ms)
2026-08-02 23:59:43 [woodcutting] Tracking stable target at 1331,659 (search 0 ms)
2026-08-02 23:59:43 [woodcutting] FindFilledBlock: found at 1331,659 (69x69 0x00B809 tol=5, 0 ms)
2026-08-02 23:59:43 [woodcutting] Tracking stable target at 1331,659 (search 15 ms)
2026-08-02 23:59:43 [woodcutting] FindFilledBlock: found at 1331,659 (69x69 0x00B809 tol=5, 16 ms)
2026-08-02 23:59:43 [woodcutting] Tracking stable target at 1331,659 (search 16 ms)
2026-08-02 23:59:44 [woodcutting] FindFilledBlock: found at 1331,659 (69x69 0x00B809 tol=5, 0 ms)
2026-08-02 23:59:44 [woodcutting] Tracking stable target at 1331,659 (search 0 ms)
2026-08-02 23:59:44 [woodcutting] FindFilledBlock: found at 1331,659 (69x69 0x00B809 tol=5, 15 ms)
2026-08-02 23:59:44 [woodcutting] Tracking stable target at 1331,659 (search 15 ms)
2026-08-02 23:59:44 [woodcutting] FindFilledBlock: found at 1331,659 (69x69 0x00B809 tol=5, 0 ms)
2026-08-02 23:59:44 [woodcutting] Tracking stable target at 1331,659 (search 0 ms)
2026-08-02 23:59:44 [woodcutting] FindFilledBlock: found at 1331,659 (69x69 0x00B809 tol=5, 16 ms)
2026-08-02 23:59:44 [woodcutting] Tracking stable target at 1331,659 (search 16 ms)
2026-08-02 23:59:44 [woodcutting] FindFilledBlock: found at 1331,659 (69x69 0x00B809 tol=5, 15 ms)
2026-08-02 23:59:44 [woodcutting] Tracking stable target at 1331,659 (search 15 ms)
2026-08-02 23:59:44 [woodcutting] FindFilledBlock: found at 1331,659 (69x69 0x00B809 tol=5, 16 ms)
2026-08-02 23:59:44 [woodcutting] Tracking stable target at 1331,659 (search 16 ms)
2026-08-02 23:59:45 [woodcutting] FindFilledBlock: found at 1331,659 (69x69 0x00B809 tol=5, 15 ms)
2026-08-02 23:59:45 [woodcutting] Tracking stable target at 1331,659 (search 15 ms)
2026-08-02 23:59:45 [woodcutting] FindFilledBlock: found at 1331,659 (69x69 0x00B809 tol=5, 15 ms)
2026-08-02 23:59:45 [woodcutting] Tracking stable target at 1331,659 (search 15 ms)
2026-08-02 23:59:45 [woodcutting] FindFilledBlock: found at 1331,659 (69x69 0x00B809 tol=5, 0 ms)
2026-08-02 23:59:45 [woodcutting] Tracking stable target at 1331,659 (search 0 ms)
2026-08-02 23:59:45 [woodcutting] FindFilledBlock: found at 1331,659 (69x69 0x00B809 tol=5, 0 ms)
2026-08-02 23:59:45 [woodcutting] Tracking stable target at 1331,659 (search 0 ms)
2026-08-02 23:59:45 [woodcutting] FindFilledBlock: found at 1331,659 (69x69 0x00B809 tol=5, 0 ms)
2026-08-02 23:59:45 [woodcutting] Tracking stable target at 1331,659 (search 0 ms)
2026-08-02 23:59:45 [woodcutting] FindFilledBlock: found at 1331,659 (69x69 0x00B809 tol=5, 0 ms)
2026-08-02 23:59:45 [woodcutting] Tracking stable target at 1331,659 (search 0 ms)
2026-08-02 23:59:45 [woodcutting] FindFilledBlock: found at 1331,659 (69x69 0x00B809 tol=5, 0 ms)
2026-08-02 23:59:45 [woodcutting] Tracking stable target at 1331,659 (search 0 ms)
2026-08-02 23:59:46 [woodcutting] FindFilledBlock: found at 1331,659 (69x69 0x00B809 tol=5, 0 ms)
2026-08-02 23:59:46 [woodcutting] Tracking stable target at 1331,659 (search 0 ms)
2026-08-02 23:59:46 [woodcutting] FindFilledBlock: found at 1331,659 (69x69 0x00B809 tol=5, 16 ms)
2026-08-02 23:59:46 [woodcutting] Tracking stable target at 1331,659 (search 16 ms)
2026-08-02 23:59:46 [woodcutting] FindFilledBlock: found at 1331,659 (69x69 0x00B809 tol=5, 0 ms)
2026-08-02 23:59:46 [woodcutting] Tracking stable target at 1331,659 (search 0 ms)
2026-08-02 23:59:46 [woodcutting] FindFilledBlock: found at 1331,659 (69x69 0x00B809 tol=5, 15 ms)
2026-08-02 23:59:46 [woodcutting] Tracking stable target at 1331,659 (search 15 ms)
2026-08-02 23:59:46 [woodcutting] FindFilledBlock: found at 1331,659 (69x69 0x00B809 tol=5, 16 ms)
2026-08-02 23:59:46 [woodcutting] Tracking stable target at 1331,659 (search 16 ms)
2026-08-02 23:59:46 [woodcutting] FindFilledBlock: found at 1331,659 (69x69 0x00B809 tol=5, 15 ms)
2026-08-02 23:59:46 [woodcutting] Tracking stable target at 1331,659 (search 15 ms)
2026-08-02 23:59:47 [woodcutting] FindFilledBlock: found at 1331,659 (69x69 0x00B809 tol=5, 0 ms)
2026-08-02 23:59:47 [woodcutting] Tracking stable target at 1331,659 (search 0 ms)
2026-08-02 23:59:47 [woodcutting] FindFilledBlock: found at 1331,659 (69x69 0x00B809 tol=5, 16 ms)
2026-08-02 23:59:47 [woodcutting] Tracking stable target at 1331,659 (search 16 ms)
2026-08-02 23:59:47 [woodcutting] FindFilledBlock: found at 1331,659 (69x69 0x00B809 tol=5, 0 ms)
2026-08-02 23:59:47 [woodcutting] Tracking stable target at 1331,659 (search 0 ms)
2026-08-02 23:59:47 [woodcutting] FindFilledBlock: found at 1331,659 (69x69 0x00B809 tol=5, 16 ms)
2026-08-02 23:59:47 [woodcutting] Tracking stable target at 1331,659 (search 16 ms)
2026-08-02 23:59:47 [woodcutting] FindFilledBlock: found at 1331,659 (69x69 0x00B809 tol=5, 0 ms)
2026-08-02 23:59:47 [woodcutting] Tracking stable target at 1331,659 (search 0 ms)
2026-08-02 23:59:47 [woodcutting] FindFilledBlock: found at 1331,659 (69x69 0x00B809 tol=5, 0 ms)
2026-08-02 23:59:47 [woodcutting] Tracking stable target at 1331,659 (search 0 ms)
2026-08-02 23:59:47 [woodcutting] FindFilledBlock: found at 1331,659 (69x69 0x00B809 tol=5, 0 ms)
2026-08-02 23:59:47 [woodcutting] Tracking stable target at 1331,659 (search 0 ms)
2026-08-02 23:59:48 [woodcutting] FindFilledBlock: found at 1331,659 (69x69 0x00B809 tol=5, 0 ms)
2026-08-02 23:59:48 [woodcutting] Tracking stable target at 1331,659 (search 0 ms)
2026-08-02 23:59:48 [woodcutting] FindFilledBlock: found at 1331,659 (69x69 0x00B809 tol=5, 0 ms)
2026-08-02 23:59:48 [woodcutting] Tracking stable target at 1331,659 (search 15 ms)
2026-08-02 23:59:48 [woodcutting] FindFilledBlock: found at 1331,659 (69x69 0x00B809 tol=5, 0 ms)
2026-08-02 23:59:48 [woodcutting] Tracking stable target at 1331,659 (search 0 ms)
2026-08-02 23:59:48 [woodcutting] FindFilledBlock: found at 1331,659 (69x69 0x00B809 tol=5, 0 ms)
2026-08-02 23:59:48 [woodcutting] Tracking stable target at 1331,659 (search 16 ms)
2026-08-02 23:59:48 [woodcutting] FindFilledBlock: found at 1331,659 (69x69 0x00B809 tol=5, 0 ms)
2026-08-02 23:59:48 [woodcutting] Tracking stable target at 1331,659 (search 0 ms)
2026-08-02 23:59:48 [woodcutting] FindFilledBlock: found at 1331,659 (69x69 0x00B809 tol=5, 0 ms)
2026-08-02 23:59:48 [woodcutting] Tracking stable target at 1331,659 (search 0 ms)
2026-08-02 23:59:49 [woodcutting] FindFilledBlock: found at 1331,659 (69x69 0x00B809 tol=5, 0 ms)
2026-08-02 23:59:49 [woodcutting] Tracking stable target at 1331,659 (search 0 ms)
2026-08-02 23:59:49 [woodcutting] FindFilledBlock: found at 1331,659 (69x69 0x00B809 tol=5, 16 ms)
2026-08-02 23:59:49 [woodcutting] Tracking stable target at 1331,659 (search 16 ms)
2026-08-02 23:59:49 [woodcutting] FindFilledBlock: found at 1331,659 (69x69 0x00B809 tol=5, 0 ms)
2026-08-02 23:59:49 [woodcutting] Tracking stable target at 1331,659 (search 0 ms)
2026-08-02 23:59:49 [woodcutting] FindFilledBlock: found at 1331,659 (69x69 0x00B809 tol=5, 0 ms)
2026-08-02 23:59:49 [woodcutting] Tracking stable target at 1331,659 (search 15 ms)
2026-08-02 23:59:49 [woodcutting] FindFilledBlock: found at 1331,659 (69x69 0x00B809 tol=5, 16 ms)
2026-08-02 23:59:49 [woodcutting] Tracking stable target at 1331,659 (search 16 ms)
2026-08-02 23:59:49 [woodcutting] FindFilledBlock: found at 1331,659 (69x69 0x00B809 tol=5, 0 ms)
2026-08-02 23:59:49 [woodcutting] Tracking stable target at 1331,659 (search 0 ms)
2026-08-02 23:59:50 [woodcutting] FindFilledBlock: found at 1331,659 (69x69 0x00B809 tol=5, 15 ms)
2026-08-02 23:59:50 [woodcutting] Tracking stable target at 1331,659 (search 15 ms)
2026-08-02 23:59:50 [woodcutting] FindFilledBlock: found at 1331,659 (69x69 0x00B809 tol=5, 16 ms)
2026-08-02 23:59:50 [woodcutting] Tracking stable target at 1331,659 (search 16 ms)
2026-08-02 23:59:50 [woodcutting] FindFilledBlock: found at 1331,659 (69x69 0x00B809 tol=5, 15 ms)
2026-08-02 23:59:50 [woodcutting] Tracking stable target at 1331,659 (search 15 ms)
2026-08-02 23:59:50 [woodcutting] FindFilledBlock: found at 1331,659 (69x69 0x00B809 tol=5, 16 ms)
2026-08-02 23:59:50 [woodcutting] Tracking stable target at 1331,659 (search 16 ms)
2026-08-02 23:59:50 [woodcutting] FindFilledBlock: found at 1331,659 (69x69 0x00B809 tol=5, 16 ms)
2026-08-02 23:59:50 [woodcutting] Tracking stable target at 1331,659 (search 16 ms)
2026-08-02 23:59:50 [woodcutting] FindFilledBlock: found at 1331,659 (69x69 0x00B809 tol=5, 0 ms)
2026-08-02 23:59:50 [woodcutting] Tracking stable target at 1331,659 (search 0 ms)
2026-08-02 23:59:50 [woodcutting] FindFilledBlock: found at 1331,659 (69x69 0x00B809 tol=5, 15 ms)
2026-08-02 23:59:50 [woodcutting] Tracking stable target at 1331,659 (search 15 ms)
2026-08-02 23:59:51 [woodcutting] FindFilledBlock: found at 1331,659 (69x69 0x00B809 tol=5, 16 ms)
2026-08-02 23:59:51 [woodcutting] Tracking stable target at 1331,659 (search 16 ms)
2026-08-02 23:59:51 [woodcutting] FindFilledBlock: found at 1331,659 (69x69 0x00B809 tol=5, 0 ms)
2026-08-02 23:59:51 [woodcutting] Tracking stable target at 1331,659 (search 0 ms)
2026-08-02 23:59:51 [woodcutting] FindFilledBlock: found at 1331,659 (69x69 0x00B809 tol=5, 0 ms)
2026-08-02 23:59:51 [woodcutting] Tracking stable target at 1331,659 (search 0 ms)
2026-08-02 23:59:51 [woodcutting] FindFilledBlock: found at 1331,659 (69x69 0x00B809 tol=5, 0 ms)
2026-08-02 23:59:51 [woodcutting] Tracking stable target at 1331,659 (search 0 ms)
2026-08-02 23:59:51 [woodcutting] FindFilledBlock: found at 1331,659 (69x69 0x00B809 tol=5, 0 ms)
2026-08-02 23:59:51 [woodcutting] Tracking stable target at 1331,659 (search 0 ms)
2026-08-02 23:59:51 [woodcutting] FindFilledBlock: found at 1331,659 (69x69 0x00B809 tol=5, 0 ms)
2026-08-02 23:59:51 [woodcutting] Tracking stable target at 1331,659 (search 0 ms)
2026-08-02 23:59:51 [woodcutting] FindFilledBlock: found at 1331,659 (69x69 0x00B809 tol=5, 16 ms)
2026-08-02 23:59:51 [woodcutting] Tracking stable target at 1331,659 (search 16 ms)
2026-08-02 23:59:52 [woodcutting] FindFilledBlock: found at 1331,659 (69x69 0x00B809 tol=5, 0 ms)
2026-08-02 23:59:52 [woodcutting] Tracking stable target at 1331,659 (search 0 ms)
2026-08-02 23:59:52 [woodcutting] FindFilledBlock: found at 1331,659 (69x69 0x00B809 tol=5, 15 ms)
2026-08-02 23:59:52 [woodcutting] Tracking stable target at 1331,659 (search 15 ms)
2026-08-02 23:59:52 [woodcutting] FindFilledBlock: found at 1331,659 (69x69 0x00B809 tol=5, 0 ms)
2026-08-02 23:59:52 [woodcutting] Tracking stable target at 1331,659 (search 0 ms)
2026-08-02 23:59:52 [woodcutting] FindFilledBlock: found at 1331,659 (69x69 0x00B809 tol=5, 16 ms)
2026-08-02 23:59:52 [woodcutting] Tracking stable target at 1331,659 (search 16 ms)
2026-08-02 23:59:52 [woodcutting] FindFilledBlock: found at 1331,659 (69x69 0x00B809 tol=5, 0 ms)
2026-08-02 23:59:52 [woodcutting] Tracking stable target at 1331,659 (search 0 ms)
2026-08-02 23:59:52 [woodcutting] FindFilledBlock: found at 1331,659 (69x69 0x00B809 tol=5, 0 ms)
2026-08-02 23:59:52 [woodcutting] Tracking stable target at 1331,659 (search 0 ms)
2026-08-02 23:59:53 [woodcutting] FindFilledBlock: found at 1331,659 (69x69 0x00B809 tol=5, 0 ms)
2026-08-02 23:59:53 [woodcutting] Tracking stable target at 1331,659 (search 0 ms)
2026-08-02 23:59:53 [woodcutting] FindFilledBlock: found at 1331,659 (69x69 0x00B809 tol=5, 0 ms)
2026-08-02 23:59:53 [woodcutting] Tracking stable target at 1331,659 (search 0 ms)
2026-08-02 23:59:53 [woodcutting] FindFilledBlock: found at 1331,659 (69x69 0x00B809 tol=5, 16 ms)
2026-08-02 23:59:53 [woodcutting] Tracking stable target at 1331,659 (search 16 ms)
2026-08-02 23:59:53 [woodcutting] FindFilledBlock: found at 1331,659 (69x69 0x00B809 tol=5, 0 ms)
2026-08-02 23:59:53 [woodcutting] Tracking stable target at 1331,659 (search 0 ms)
2026-08-02 23:59:53 [woodcutting] MaybeWander: idle-wandering while waiting
2026-08-02 23:59:56 [woodcutting] FindFilledBlock: not found (69x69 0x00B809 tol=5, 31 ms)
2026-08-02 23:59:56 [woodcutting] Track: search missed this tick, but anchor point 1331,659 is still 0x00B809 - holding current target, not switching
2026-08-02 23:59:56 [woodcutting] Tracking stable target at 1331,659 (search 31 ms)
2026-08-02 23:59:56 [woodcutting] FindFilledBlock: not found (69x69 0x00B809 tol=5, 31 ms)
2026-08-02 23:59:56 [woodcutting] Track: search missed this tick, but anchor point 1331,659 is still 0x00B809 - holding current target, not switching
2026-08-02 23:59:56 [woodcutting] Tracking stable target at 1331,659 (search 31 ms)
2026-08-02 23:59:57 [woodcutting] FindFilledBlock: not found (69x69 0x00B809 tol=5, 31 ms)
2026-08-02 23:59:57 [woodcutting] Track: search missed this tick, but anchor point 1331,659 is still 0x00B809 - holding current target, not switching
2026-08-02 23:59:57 [woodcutting] Tracking stable target at 1331,659 (search 31 ms)
2026-08-02 23:59:57 [woodcutting] FindFilledBlock: not found (69x69 0x00B809 tol=5, 31 ms)
2026-08-02 23:59:57 [woodcutting] Track: search missed this tick, but anchor point 1331,659 is still 0x00B809 - holding current target, not switching
2026-08-02 23:59:57 [woodcutting] Tracking stable target at 1331,659 (search 31 ms)
2026-08-02 23:59:57 [woodcutting] FindFilledBlock: not found (69x69 0x00B809 tol=5, 31 ms)
2026-08-02 23:59:57 [woodcutting] Track: search missed this tick, but anchor point 1331,659 is still 0x00B809 - holding current target, not switching
2026-08-02 23:59:57 [woodcutting] Tracking stable target at 1331,659 (search 31 ms)
2026-08-02 23:59:57 [woodcutting] FindFilledBlock: not found (69x69 0x00B809 tol=5, 31 ms)
2026-08-02 23:59:57 [woodcutting] Track: search missed this tick, but anchor point 1331,659 is still 0x00B809 - holding current target, not switching
2026-08-02 23:59:57 [woodcutting] Tracking stable target at 1331,659 (search 31 ms)
2026-08-02 23:59:57 [woodcutting] FindFilledBlock: not found (69x69 0x00B809 tol=5, 0 ms)
2026-08-02 23:59:57 [woodcutting] Target depleted or lost - re-acquiring (searched 0 ms)
2026-08-02 23:59:58 [woodcutting] FindFilledBlock: found at 1235,763 (69x69 0x00FF00 tol=5, 0 ms)
2026-08-02 23:59:58 [woodcutting] FindFilledBlock: not found (69x69 0x00B809 tol=5, 16 ms)
2026-08-02 23:59:58 [woodcutting] Acquired new target at 1235,763 (0x00FF00, ring 160, 16 ms)
2026-08-02 23:59:58 [woodcutting] FindFilledBlock: found at 1235,763 (69x69 0x00FF00 tol=5, 0 ms)
2026-08-02 23:59:58 [woodcutting] Clicked initial/re-click target at 1235,763 (search 0 ms)
2026-08-02 23:59:58 [woodcutting] ReleasePendingModifiersNow: released Ctrl
2026-08-02 23:59:58 [woodcutting] FindFilledBlock: found at 1235,763 (69x69 0x00FF00 tol=5, 16 ms)
2026-08-02 23:59:58 [woodcutting] Tracking not-yet-stable target at 1235,763 (search 16 ms)
2026-08-02 23:59:59 [woodcutting] FindFilledBlock: found at 1235,763 (69x69 0x00FF00 tol=5, 15 ms)
2026-08-02 23:59:59 [woodcutting] Tracking stable target at 1235,763 (search 15 ms)
2026-08-02 23:59:59 [woodcutting] MaybeWander: idle-wandering while waiting
2026-08-03 00:00:03 [woodcutting] FindFilledBlock: found at 1235,763 (69x69 0x00FF00 tol=5, 16 ms)
2026-08-03 00:00:03 [woodcutting] Tracking stable target at 1235,763 (search 16 ms)
2026-08-03 00:00:04 [woodcutting] FindFilledBlock: found at 1235,763 (69x69 0x00FF00 tol=5, 0 ms)
2026-08-03 00:00:04 [woodcutting] Tracking stable target at 1235,763 (search 0 ms)
2026-08-03 00:00:04 [woodcutting] FindFilledBlock: found at 1235,763 (69x69 0x00FF00 tol=5, 0 ms)
2026-08-03 00:00:04 [woodcutting] Tracking stable target at 1235,763 (search 0 ms)
2026-08-03 00:00:04 [woodcutting] FindFilledBlock: found at 1235,763 (69x69 0x00FF00 tol=5, 0 ms)
2026-08-03 00:00:04 [woodcutting] Tracking stable target at 1235,763 (search 0 ms)
2026-08-03 00:00:04 [woodcutting] FindFilledBlock: found at 1235,763 (69x69 0x00FF00 tol=5, 0 ms)
2026-08-03 00:00:04 [woodcutting] Tracking stable target at 1235,763 (search 0 ms)
2026-08-03 00:00:04 [woodcutting] FindFilledBlock: found at 1235,763 (69x69 0x00FF00 tol=5, 16 ms)
2026-08-03 00:00:04 [woodcutting] Tracking stable target at 1235,763 (search 16 ms)
2026-08-03 00:00:04 [woodcutting] FindFilledBlock: found at 1235,763 (69x69 0x00FF00 tol=5, 0 ms)
2026-08-03 00:00:04 [woodcutting] Tracking stable target at 1235,763 (search 0 ms)
2026-08-03 00:00:04 [woodcutting] FindFilledBlock: found at 1235,763 (69x69 0x00FF00 tol=5, 0 ms)
2026-08-03 00:00:04 [woodcutting] Tracking stable target at 1235,763 (search 0 ms)
2026-08-03 00:00:05 [woodcutting] FindFilledBlock: found at 1235,763 (69x69 0x00FF00 tol=5, 0 ms)
2026-08-03 00:00:05 [woodcutting] Tracking stable target at 1235,763 (search 0 ms)
2026-08-03 00:00:05 [woodcutting] FindFilledBlock: found at 1235,763 (69x69 0x00FF00 tol=5, 0 ms)
2026-08-03 00:00:05 [woodcutting] Tracking stable target at 1235,763 (search 0 ms)
2026-08-03 00:00:05 [woodcutting] FindFilledBlock: found at 1235,763 (69x69 0x00FF00 tol=5, 0 ms)
2026-08-03 00:00:05 [woodcutting] Tracking stable target at 1235,763 (search 0 ms)
2026-08-03 00:00:05 [woodcutting] FindFilledBlock: found at 1235,763 (69x69 0x00FF00 tol=5, 0 ms)
2026-08-03 00:00:05 [woodcutting] Tracking stable target at 1235,763 (search 0 ms)
2026-08-03 00:00:05 [woodcutting] FindFilledBlock: found at 1235,763 (69x69 0x00FF00 tol=5, 0 ms)
2026-08-03 00:00:05 [woodcutting] Tracking stable target at 1235,763 (search 0 ms)
2026-08-03 00:00:05 [woodcutting] FindFilledBlock: found at 1235,763 (69x69 0x00FF00 tol=5, 16 ms)
2026-08-03 00:00:05 [woodcutting] Tracking stable target at 1235,763 (search 16 ms)
2026-08-03 00:00:06 [woodcutting] FindFilledBlock: found at 1235,763 (69x69 0x00FF00 tol=5, 0 ms)
2026-08-03 00:00:06 [woodcutting] Tracking stable target at 1235,763 (search 0 ms)
2026-08-03 00:00:06 [woodcutting] FindFilledBlock: found at 1235,763 (69x69 0x00FF00 tol=5, 15 ms)
2026-08-03 00:00:06 [woodcutting] Tracking stable target at 1235,763 (search 15 ms)
2026-08-03 00:00:06 [woodcutting] FindFilledBlock: found at 1235,763 (69x69 0x00FF00 tol=5, 0 ms)
2026-08-03 00:00:06 [woodcutting] Tracking stable target at 1235,763 (search 0 ms)
2026-08-03 00:00:06 [woodcutting] FindFilledBlock: found at 1235,763 (69x69 0x00FF00 tol=5, 16 ms)
2026-08-03 00:00:06 [woodcutting] Tracking stable target at 1235,763 (search 16 ms)
2026-08-03 00:00:06 [woodcutting] FindFilledBlock: found at 1235,763 (69x69 0x00FF00 tol=5, 0 ms)
2026-08-03 00:00:06 [woodcutting] Tracking stable target at 1235,763 (search 0 ms)
2026-08-03 00:00:06 [woodcutting] FindFilledBlock: found at 1235,763 (69x69 0x00FF00 tol=5, 15 ms)
2026-08-03 00:00:06 [woodcutting] Tracking stable target at 1235,763 (search 15 ms)
2026-08-03 00:00:06 [woodcutting] FindFilledBlock: found at 1235,763 (69x69 0x00FF00 tol=5, 16 ms)
2026-08-03 00:00:06 [woodcutting] Tracking stable target at 1235,763 (search 16 ms)
2026-08-03 00:00:07 [woodcutting] FindFilledBlock: found at 1235,763 (69x69 0x00FF00 tol=5, 16 ms)
2026-08-03 00:00:07 [woodcutting] Tracking stable target at 1235,763 (search 16 ms)
2026-08-03 00:00:07 [woodcutting] FindFilledBlock: found at 1235,763 (69x69 0x00FF00 tol=5, 0 ms)
2026-08-03 00:00:07 [woodcutting] Tracking stable target at 1235,763 (search 0 ms)
2026-08-03 00:00:07 [woodcutting] FindFilledBlock: found at 1235,763 (69x69 0x00FF00 tol=5, 16 ms)
2026-08-03 00:00:07 [woodcutting] Tracking stable target at 1235,763 (search 16 ms)
2026-08-03 00:00:07 [woodcutting] FindFilledBlock: found at 1235,763 (69x69 0x00FF00 tol=5, 16 ms)
2026-08-03 00:00:07 [woodcutting] Tracking stable target at 1235,763 (search 16 ms)
2026-08-03 00:00:07 [woodcutting] FindFilledBlock: found at 1235,763 (69x69 0x00FF00 tol=5, 0 ms)
2026-08-03 00:00:07 [woodcutting] Tracking stable target at 1235,763 (search 0 ms)
2026-08-03 00:00:07 [woodcutting] FindFilledBlock: found at 1235,763 (69x69 0x00FF00 tol=5, 16 ms)
2026-08-03 00:00:07 [woodcutting] Tracking stable target at 1235,763 (search 16 ms)
2026-08-03 00:00:08 [woodcutting] FindFilledBlock: found at 1235,763 (69x69 0x00FF00 tol=5, 0 ms)
2026-08-03 00:00:08 [woodcutting] Tracking stable target at 1235,763 (search 0 ms)
2026-08-03 00:00:08 [woodcutting] FindFilledBlock: not found (69x69 0x00FF00 tol=5, 15 ms)
2026-08-03 00:00:08 [woodcutting] Target depleted or lost - re-acquiring (searched 15 ms)
2026-08-03 00:00:08 [woodcutting] FindFilledBlock: not found (69x69 0x00FF00 tol=5, 0 ms)
2026-08-03 00:00:08 [woodcutting] FindFilledBlock: not found (69x69 0x00B809 tol=5, 31 ms)
2026-08-03 00:00:08 [woodcutting] Acquire ring 160: not found (31 ms)
2026-08-03 00:00:08 [woodcutting] FindFilledBlock: not found (69x69 0x00FF00 tol=5, 15 ms)
2026-08-03 00:00:08 [woodcutting] FindFilledBlock: not found (69x69 0x00B809 tol=5, 47 ms)
2026-08-03 00:00:08 [woodcutting] Acquire ring 320: not found (62 ms)
2026-08-03 00:00:08 [woodcutting] FindFilledBlock: not found (69x69 0x00FF00 tol=5, 78 ms)
2026-08-03 00:00:08 [woodcutting] FindFilledBlock: not found (69x69 0x00B809 tol=5, 94 ms)
2026-08-03 00:00:08 [woodcutting] Acquire: not found (searched 281 ms)
2026-08-03 00:00:08 [woodcutting] FindFilledBlock: not found (69x69 0x00FF00 tol=5, 0 ms)
2026-08-03 00:00:08 [woodcutting] FindFilledBlock: not found (69x69 0x00B809 tol=5, 31 ms)
2026-08-03 00:00:08 [woodcutting] Acquire ring 160: not found (46 ms)
2026-08-03 00:00:08 [woodcutting] FindFilledBlock: not found (69x69 0x00FF00 tol=5, 16 ms)
2026-08-03 00:00:08 [woodcutting] FindFilledBlock: not found (69x69 0x00B809 tol=5, 31 ms)
2026-08-03 00:00:08 [woodcutting] Acquire ring 320: not found (47 ms)
2026-08-03 00:00:08 [woodcutting] FindFilledBlock: not found (69x69 0x00FF00 tol=5, 78 ms)
2026-08-03 00:00:09 [woodcutting] FindFilledBlock: not found (69x69 0x00B809 tol=5, 78 ms)
2026-08-03 00:00:09 [woodcutting] Acquire: not found (searched 265 ms)
2026-08-03 00:00:09 [woodcutting] FindFilledBlock: not found (69x69 0x00FF00 tol=5, 0 ms)
2026-08-03 00:00:09 [woodcutting] FindFilledBlock: not found (69x69 0x00B809 tol=5, 47 ms)
2026-08-03 00:00:09 [woodcutting] Acquire ring 160: not found (47 ms)
2026-08-03 00:00:09 [woodcutting] FindFilledBlock: not found (69x69 0x00FF00 tol=5, 16 ms)
2026-08-03 00:00:09 [woodcutting] FindFilledBlock: not found (69x69 0x00B809 tol=5, 47 ms)
2026-08-03 00:00:09 [woodcutting] Acquire ring 320: not found (63 ms)
2026-08-03 00:00:09 [woodcutting] FindFilledBlock: not found (69x69 0x00FF00 tol=5, 63 ms)
2026-08-03 00:00:09 [woodcutting] FindFilledBlock: not found (69x69 0x00B809 tol=5, 94 ms)
2026-08-03 00:00:09 [woodcutting] Acquire: not found (searched 282 ms)
2026-08-03 00:00:09 [woodcutting] FindFilledBlock: not found (69x69 0x00FF00 tol=5, 15 ms)
2026-08-03 00:00:09 [woodcutting] FindFilledBlock: not found (69x69 0x00B809 tol=5, 32 ms)
2026-08-03 00:00:09 [woodcutting] Acquire ring 160: not found (47 ms)
2026-08-03 00:00:09 [woodcutting] FindFilledBlock: not found (69x69 0x00FF00 tol=5, 16 ms)
2026-08-03 00:00:09 [woodcutting] FindFilledBlock: not found (69x69 0x00B809 tol=5, 31 ms)
2026-08-03 00:00:09 [woodcutting] Acquire ring 320: not found (47 ms)
2026-08-03 00:00:09 [woodcutting] FindFilledBlock: not found (69x69 0x00FF00 tol=5, 62 ms)
2026-08-03 00:00:09 [woodcutting] FindFilledBlock: not found (69x69 0x00B809 tol=5, 94 ms)
2026-08-03 00:00:09 [woodcutting] Acquire: not found (searched 281 ms)
2026-08-03 00:00:09 [woodcutting] FindFilledBlock: not found (69x69 0x00FF00 tol=5, 0 ms)
2026-08-03 00:00:10 [woodcutting] FindFilledBlock: not found (69x69 0x00B809 tol=5, 31 ms)
2026-08-03 00:00:10 [woodcutting] Acquire ring 160: not found (46 ms)
2026-08-03 00:00:10 [woodcutting] FindFilledBlock: not found (69x69 0x00FF00 tol=5, 16 ms)
2026-08-03 00:00:10 [woodcutting] FindFilledBlock: not found (69x69 0x00B809 tol=5, 31 ms)
2026-08-03 00:00:10 [woodcutting] Acquire ring 320: not found (47 ms)
2026-08-03 00:00:10 [woodcutting] FindFilledBlock: not found (69x69 0x00FF00 tol=5, 62 ms)
2026-08-03 00:00:10 [woodcutting] FindFilledBlock: not found (69x69 0x00B809 tol=5, 94 ms)
2026-08-03 00:00:10 [woodcutting] Acquire: not found (searched 265 ms)
2026-08-03 00:00:10 [woodcutting] FindFilledBlock: not found (69x69 0x00FF00 tol=5, 0 ms)
2026-08-03 00:00:10 [woodcutting] FindFilledBlock: not found (69x69 0x00B809 tol=5, 47 ms)
2026-08-03 00:00:10 [woodcutting] Acquire ring 160: not found (47 ms)
2026-08-03 00:00:10 [woodcutting] FindFilledBlock: not found (69x69 0x00FF00 tol=5, 16 ms)
2026-08-03 00:00:10 [woodcutting] FindFilledBlock: not found (69x69 0x00B809 tol=5, 47 ms)
2026-08-03 00:00:10 [woodcutting] Acquire ring 320: not found (63 ms)
2026-08-03 00:00:10 [woodcutting] FindFilledBlock: not found (69x69 0x00FF00 tol=5, 63 ms)
2026-08-03 00:00:10 [woodcutting] FindFilledBlock: not found (69x69 0x00B809 tol=5, 94 ms)
2026-08-03 00:00:10 [woodcutting] Acquire: not found (searched 282 ms)
2026-08-03 00:00:10 [woodcutting] FindFilledBlock: not found (69x69 0x00FF00 tol=5, 0 ms)
2026-08-03 00:00:10 [woodcutting] FindFilledBlock: not found (69x69 0x00B809 tol=5, 47 ms)
2026-08-03 00:00:10 [woodcutting] Acquire ring 160: not found (47 ms)
2026-08-03 00:00:10 [woodcutting] FindFilledBlock: not found (69x69 0x00FF00 tol=5, 15 ms)
2026-08-03 00:00:10 [woodcutting] FindFilledBlock: not found (69x69 0x00B809 tol=5, 47 ms)
2026-08-03 00:00:10 [woodcutting] Acquire ring 320: not found (62 ms)
2026-08-03 00:00:11 [woodcutting] FindFilledBlock: not found (69x69 0x00FF00 tol=5, 63 ms)
2026-08-03 00:00:11 [woodcutting] FindFilledBlock: not found (69x69 0x00B809 tol=5, 94 ms)
2026-08-03 00:00:11 [woodcutting] Acquire: not found (searched 266 ms)
2026-08-03 00:00:11 [woodcutting] TrackAndClick: taking a moment to spot the next target (1959ms / 2.0s)
2026-08-03 00:00:13 [woodcutting] FindFilledBlock: not found (69x69 0x00FF00 tol=5, 0 ms)
2026-08-03 00:00:13 [woodcutting] FindFilledBlock: not found (69x69 0x00B809 tol=5, 31 ms)
2026-08-03 00:00:13 [woodcutting] Acquire ring 160: not found (47 ms)
2026-08-03 00:00:13 [woodcutting] FindFilledBlock: not found (69x69 0x00FF00 tol=5, 16 ms)
2026-08-03 00:00:13 [woodcutting] FindFilledBlock: not found (69x69 0x00B809 tol=5, 47 ms)
2026-08-03 00:00:13 [woodcutting] Acquire ring 320: not found (63 ms)
2026-08-03 00:00:13 [woodcutting] FindFilledBlock: not found (69x69 0x00FF00 tol=5, 63 ms)
2026-08-03 00:00:13 [woodcutting] FindFilledBlock: not found (69x69 0x00B809 tol=5, 78 ms)
2026-08-03 00:00:13 [woodcutting] Acquire: not found (searched 282 ms)
2026-08-03 00:00:14 [woodcutting] TrackAndClick: taking a moment to spot the next target (4802ms / 4.8s)
2026-08-03 00:00:19 [woodcutting] FindFilledBlock: found at 1235,763 (69x69 0x00FF00 tol=5, 0 ms)
2026-08-03 00:00:19 [woodcutting] FindFilledBlock: found at 1331,659 (69x69 0x00B809 tol=5, 0 ms)
2026-08-03 00:00:19 [woodcutting] Acquired new target at 1235,763 (0x00FF00, ring 160, 16 ms)
2026-08-03 00:00:19 [woodcutting] FindFilledBlock: found at 1235,763 (69x69 0x00FF00 tol=5, 16 ms)
2026-08-03 00:00:20 [woodcutting] Clicked initial/re-click target at 1235,763 (search 16 ms)
2026-08-03 00:00:20 [woodcutting] ReleasePendingModifiersNow: released Ctrl
2026-08-03 00:00:20 [woodcutting] FindFilledBlock: found at 1235,803 (69x69 0x00FF00 tol=5, 15 ms)
2026-08-03 00:00:20 [woodcutting] Tracking not-yet-stable target at 1235,803 (search 15 ms)
2026-08-03 00:00:20 [woodcutting] FindFilledBlock: found at 1235,763 (69x69 0x00FF00 tol=5, 0 ms)
2026-08-03 00:00:20 [woodcutting] Tracking not-yet-stable target at 1235,763 (search 0 ms)
2026-08-03 00:00:20 [woodcutting] FindFilledBlock: found at 1235,763 (69x69 0x00FF00 tol=5, 16 ms)
2026-08-03 00:00:20 [woodcutting] Tracking not-yet-stable target at 1235,763 (search 16 ms)
2026-08-03 00:00:20 [woodcutting] FindFilledBlock: found at 1235,763 (69x69 0x00FF00 tol=5, 0 ms)
2026-08-03 00:00:20 [woodcutting] Tracking stable target at 1235,763 (search 0 ms)
2026-08-03 00:00:20 [woodcutting] MaybeWander: idle-wandering while waiting
2026-08-03 00:00:23 [woodcutting] FindFilledBlock: found at 1235,763 (69x69 0x00FF00 tol=5, 0 ms)
2026-08-03 00:00:23 [woodcutting] Tracking stable target at 1235,763 (search 0 ms)
2026-08-03 00:00:23 [woodcutting] FindFilledBlock: found at 1235,763 (69x69 0x00FF00 tol=5, 0 ms)
2026-08-03 00:00:23 [woodcutting] Tracking stable target at 1235,763 (search 0 ms)
2026-08-03 00:00:23 [woodcutting] FindFilledBlock: found at 1235,763 (69x69 0x00FF00 tol=5, 0 ms)
2026-08-03 00:00:23 [woodcutting] Tracking stable target at 1235,763 (search 0 ms)
2026-08-03 00:00:24 [woodcutting] FindFilledBlock: found at 1235,763 (69x69 0x00FF00 tol=5, 0 ms)
2026-08-03 00:00:24 [woodcutting] Tracking stable target at 1235,763 (search 0 ms)
2026-08-03 00:00:24 [woodcutting] FindFilledBlock: found at 1235,763 (69x69 0x00FF00 tol=5, 16 ms)
2026-08-03 00:00:24 [woodcutting] Tracking stable target at 1235,763 (search 16 ms)
2026-08-03 00:00:24 [woodcutting] FindFilledBlock: found at 1235,763 (69x69 0x00FF00 tol=5, 15 ms)
2026-08-03 00:00:24 [woodcutting] Tracking stable target at 1235,763 (search 15 ms)
2026-08-03 00:00:24 [woodcutting] FindFilledBlock: found at 1235,763 (69x69 0x00FF00 tol=5, 16 ms)
2026-08-03 00:00:24 [woodcutting] Tracking stable target at 1235,763 (search 16 ms)
2026-08-03 00:00:24 [woodcutting] FindFilledBlock: found at 1235,763 (69x69 0x00FF00 tol=5, 15 ms)
2026-08-03 00:00:24 [woodcutting] Tracking stable target at 1235,763 (search 15 ms)
2026-08-03 00:00:24 [woodcutting] FindFilledBlock: found at 1235,763 (69x69 0x00FF00 tol=5, 15 ms)
2026-08-03 00:00:24 [woodcutting] Tracking stable target at 1235,763 (search 15 ms)
2026-08-03 00:00:24 [woodcutting] FindFilledBlock: found at 1235,763 (69x69 0x00FF00 tol=5, 16 ms)
2026-08-03 00:00:24 [woodcutting] Tracking stable target at 1235,763 (search 16 ms)
2026-08-03 00:00:25 [woodcutting] FindFilledBlock: found at 1235,763 (69x69 0x00FF00 tol=5, 15 ms)
2026-08-03 00:00:25 [woodcutting] Tracking stable target at 1235,763 (search 15 ms)
2026-08-03 00:00:25 [woodcutting] FindFilledBlock: found at 1235,763 (69x69 0x00FF00 tol=5, 16 ms)
2026-08-03 00:00:25 [woodcutting] Tracking stable target at 1235,763 (search 16 ms)
2026-08-03 00:00:25 [woodcutting] FindFilledBlock: found at 1235,763 (69x69 0x00FF00 tol=5, 15 ms)
2026-08-03 00:00:25 [woodcutting] Tracking stable target at 1235,763 (search 15 ms)
2026-08-03 00:00:25 [woodcutting] FindFilledBlock: found at 1235,763 (69x69 0x00FF00 tol=5, 0 ms)
2026-08-03 00:00:25 [woodcutting] Tracking stable target at 1235,763 (search 0 ms)
2026-08-03 00:00:25 [woodcutting] FindFilledBlock: found at 1235,763 (69x69 0x00FF00 tol=5, 0 ms)
2026-08-03 00:00:25 [woodcutting] Tracking stable target at 1235,763 (search 0 ms)
2026-08-03 00:00:25 [woodcutting] FindFilledBlock: found at 1235,763 (69x69 0x00FF00 tol=5, 15 ms)
2026-08-03 00:00:25 [woodcutting] Tracking stable target at 1235,763 (search 15 ms)
2026-08-03 00:00:25 [woodcutting] FindFilledBlock: found at 1235,763 (69x69 0x00FF00 tol=5, 0 ms)
2026-08-03 00:00:26 [woodcutting] Tracking stable target at 1235,763 (search 0 ms)
2026-08-03 00:00:26 [woodcutting] FindFilledBlock: found at 1235,763 (69x69 0x00FF00 tol=5, 0 ms)
2026-08-03 00:00:26 [woodcutting] Tracking stable target at 1235,763 (search 0 ms)
2026-08-03 00:00:26 [woodcutting] FindFilledBlock: found at 1235,763 (69x69 0x00FF00 tol=5, 16 ms)
2026-08-03 00:00:26 [woodcutting] Tracking stable target at 1235,763 (search 16 ms)
2026-08-03 00:00:26 [woodcutting] FindFilledBlock: found at 1235,763 (69x69 0x00FF00 tol=5, 0 ms)
2026-08-03 00:00:26 [woodcutting] Tracking stable target at 1235,763 (search 0 ms)
2026-08-03 00:00:26 [woodcutting] FindFilledBlock: found at 1235,763 (69x69 0x00FF00 tol=5, 15 ms)
2026-08-03 00:00:26 [woodcutting] Tracking stable target at 1235,763 (search 15 ms)
2026-08-03 00:00:26 [woodcutting] FindFilledBlock: found at 1235,763 (69x69 0x00FF00 tol=5, 16 ms)
2026-08-03 00:00:26 [woodcutting] Tracking stable target at 1235,763 (search 16 ms)
2026-08-03 00:00:26 [woodcutting] FindFilledBlock: found at 1235,763 (69x69 0x00FF00 tol=5, 15 ms)
2026-08-03 00:00:26 [woodcutting] Tracking stable target at 1235,763 (search 15 ms)
2026-08-03 00:00:27 [woodcutting] FindFilledBlock: found at 1235,763 (69x69 0x00FF00 tol=5, 16 ms)
2026-08-03 00:00:27 [woodcutting] Tracking stable target at 1235,763 (search 16 ms)
2026-08-03 00:00:27 [woodcutting] FindFilledBlock: found at 1235,763 (69x69 0x00FF00 tol=5, 16 ms)
2026-08-03 00:00:27 [woodcutting] Tracking stable target at 1235,763 (search 16 ms)
2026-08-03 00:00:27 [woodcutting] FindFilledBlock: found at 1235,763 (69x69 0x00FF00 tol=5, 15 ms)
2026-08-03 00:00:27 [woodcutting] Tracking stable target at 1235,763 (search 15 ms)
2026-08-03 00:00:27 [woodcutting] FindFilledBlock: found at 1235,763 (69x69 0x00FF00 tol=5, 0 ms)
2026-08-03 00:00:27 [woodcutting] Tracking stable target at 1235,763 (search 0 ms)
2026-08-03 00:00:27 [woodcutting] FindFilledBlock: found at 1235,763 (69x69 0x00FF00 tol=5, 16 ms)
2026-08-03 00:00:27 [woodcutting] Tracking stable target at 1235,763 (search 16 ms)
2026-08-03 00:00:27 [woodcutting] FindFilledBlock: found at 1235,763 (69x69 0x00FF00 tol=5, 0 ms)
2026-08-03 00:00:27 [woodcutting] Tracking stable target at 1235,763 (search 0 ms)
2026-08-03 00:00:28 [woodcutting] FindFilledBlock: found at 1235,763 (69x69 0x00FF00 tol=5, 15 ms)
2026-08-03 00:00:28 [woodcutting] Tracking stable target at 1235,763 (search 15 ms)
2026-08-03 00:00:28 [woodcutting] FindFilledBlock: found at 1235,763 (69x69 0x00FF00 tol=5, 0 ms)
2026-08-03 00:00:28 [woodcutting] Tracking stable target at 1235,763 (search 0 ms)
2026-08-03 00:00:28 [woodcutting] FindFilledBlock: found at 1235,763 (69x69 0x00FF00 tol=5, 0 ms)
2026-08-03 00:00:28 [woodcutting] Tracking stable target at 1235,763 (search 0 ms)
2026-08-03 00:00:28 [woodcutting] FindFilledBlock: found at 1235,763 (69x69 0x00FF00 tol=5, 0 ms)
2026-08-03 00:00:28 [woodcutting] Tracking stable target at 1235,763 (search 0 ms)
2026-08-03 00:00:28 [woodcutting] FindFilledBlock: found at 1235,763 (69x69 0x00FF00 tol=5, 0 ms)
2026-08-03 00:00:28 [woodcutting] Tracking stable target at 1235,763 (search 0 ms)
2026-08-03 00:00:28 [woodcutting] FindFilledBlock: found at 1235,763 (69x69 0x00FF00 tol=5, 0 ms)
2026-08-03 00:00:28 [woodcutting] Tracking stable target at 1235,763 (search 0 ms)
2026-08-03 00:00:28 [woodcutting] FindFilledBlock: found at 1235,763 (69x69 0x00FF00 tol=5, 0 ms)
2026-08-03 00:00:28 [woodcutting] Tracking stable target at 1235,763 (search 0 ms)
2026-08-03 00:00:29 [woodcutting] FindFilledBlock: found at 1235,763 (69x69 0x00FF00 tol=5, 0 ms)
2026-08-03 00:00:29 [woodcutting] Tracking stable target at 1235,763 (search 0 ms)
2026-08-03 00:00:29 [woodcutting] FindFilledBlock: found at 1235,763 (69x69 0x00FF00 tol=5, 15 ms)
2026-08-03 00:00:29 [woodcutting] Tracking stable target at 1235,763 (search 15 ms)
2026-08-03 00:00:29 [woodcutting] FindFilledBlock: found at 1235,763 (69x69 0x00FF00 tol=5, 0 ms)
2026-08-03 00:00:29 [woodcutting] Tracking stable target at 1235,763 (search 0 ms)
2026-08-03 00:00:29 [woodcutting] FindFilledBlock: found at 1235,763 (69x69 0x00FF00 tol=5, 0 ms)
2026-08-03 00:00:29 [woodcutting] Tracking stable target at 1235,763 (search 0 ms)
2026-08-03 00:00:29 [woodcutting] FindFilledBlock: found at 1235,763 (69x69 0x00FF00 tol=5, 0 ms)
2026-08-03 00:00:29 [woodcutting] Tracking stable target at 1235,763 (search 0 ms)
2026-08-03 00:00:29 [woodcutting] FindFilledBlock: found at 1235,763 (69x69 0x00FF00 tol=5, 0 ms)
2026-08-03 00:00:29 [woodcutting] Tracking stable target at 1235,763 (search 0 ms)
2026-08-03 00:00:30 [woodcutting] FindFilledBlock: found at 1235,763 (69x69 0x00FF00 tol=5, 0 ms)
2026-08-03 00:00:30 [woodcutting] Tracking stable target at 1235,763 (search 0 ms)
2026-08-03 00:00:30 [woodcutting] FindFilledBlock: found at 1235,763 (69x69 0x00FF00 tol=5, 0 ms)
2026-08-03 00:00:30 [woodcutting] Tracking stable target at 1235,763 (search 0 ms)
2026-08-03 00:00:30 [woodcutting] FindFilledBlock: found at 1235,763 (69x69 0x00FF00 tol=5, 0 ms)
2026-08-03 00:00:30 [woodcutting] Tracking stable target at 1235,763 (search 0 ms)
2026-08-03 00:00:30 [woodcutting] FindFilledBlock: found at 1235,763 (69x69 0x00FF00 tol=5, 0 ms)
2026-08-03 00:00:30 [woodcutting] Tracking stable target at 1235,763 (search 0 ms)
2026-08-03 00:00:30 [woodcutting] FindFilledBlock: found at 1235,763 (69x69 0x00FF00 tol=5, 15 ms)
2026-08-03 00:00:30 [woodcutting] Tracking stable target at 1235,763 (search 15 ms)
2026-08-03 00:00:30 [woodcutting] FindFilledBlock: found at 1235,763 (69x69 0x00FF00 tol=5, 0 ms)
2026-08-03 00:00:30 [woodcutting] Tracking stable target at 1235,763 (search 0 ms)
2026-08-03 00:00:31 [woodcutting] FindFilledBlock: found at 1235,763 (69x69 0x00FF00 tol=5, 16 ms)
2026-08-03 00:00:31 [woodcutting] Tracking stable target at 1235,763 (search 16 ms)
2026-08-03 00:00:31 [woodcutting] FindFilledBlock: found at 1235,763 (69x69 0x00FF00 tol=5, 16 ms)
2026-08-03 00:00:31 [woodcutting] Tracking stable target at 1235,763 (search 16 ms)
2026-08-03 00:00:31 [woodcutting] FindFilledBlock: found at 1235,763 (69x69 0x00FF00 tol=5, 16 ms)
2026-08-03 00:00:31 [woodcutting] Tracking stable target at 1235,763 (search 16 ms)
2026-08-03 00:00:31 [woodcutting] FindFilledBlock: found at 1235,763 (69x69 0x00FF00 tol=5, 0 ms)
2026-08-03 00:00:31 [woodcutting] Tracking stable target at 1235,763 (search 0 ms)
2026-08-03 00:00:31 [woodcutting] FindFilledBlock: found at 1235,763 (69x69 0x00FF00 tol=5, 16 ms)
2026-08-03 00:00:31 [woodcutting] Tracking stable target at 1235,763 (search 16 ms)
2026-08-03 00:00:31 [woodcutting] FindFilledBlock: found at 1235,763 (69x69 0x00FF00 tol=5, 0 ms)
2026-08-03 00:00:31 [woodcutting] Tracking stable target at 1235,763 (search 0 ms)
2026-08-03 00:00:31 [woodcutting] FindFilledBlock: found at 1235,763 (69x69 0x00FF00 tol=5, 15 ms)
2026-08-03 00:00:31 [woodcutting] Tracking stable target at 1235,763 (search 15 ms)
2026-08-03 00:00:32 [woodcutting] FindFilledBlock: found at 1235,763 (69x69 0x00FF00 tol=5, 0 ms)
2026-08-03 00:00:32 [woodcutting] Tracking stable target at 1235,763 (search 0 ms)
2026-08-03 00:00:32 [woodcutting] FindFilledBlock: found at 1235,763 (69x69 0x00FF00 tol=5, 0 ms)
2026-08-03 00:00:32 [woodcutting] Tracking stable target at 1235,763 (search 0 ms)
2026-08-03 00:00:32 [woodcutting] FindFilledBlock: found at 1235,763 (69x69 0x00FF00 tol=5, 0 ms)
2026-08-03 00:00:32 [woodcutting] Tracking stable target at 1235,763 (search 0 ms)
2026-08-03 00:00:32 [woodcutting] FindFilledBlock: found at 1235,763 (69x69 0x00FF00 tol=5, 0 ms)
2026-08-03 00:00:32 [woodcutting] Tracking stable target at 1235,763 (search 0 ms)
2026-08-03 00:00:32 [woodcutting] FindFilledBlock: found at 1235,763 (69x69 0x00FF00 tol=5, 0 ms)
2026-08-03 00:00:32 [woodcutting] Tracking stable target at 1235,763 (search 0 ms)
2026-08-03 00:00:32 [woodcutting] FindFilledBlock: found at 1235,763 (69x69 0x00FF00 tol=5, 16 ms)
2026-08-03 00:00:32 [woodcutting] Tracking stable target at 1235,763 (search 16 ms)
2026-08-03 00:00:33 [woodcutting] FindFilledBlock: found at 1235,763 (69x69 0x00FF00 tol=5, 16 ms)
2026-08-03 00:00:33 [woodcutting] Tracking stable target at 1235,763 (search 16 ms)
2026-08-03 00:00:33 [woodcutting] FindFilledBlock: found at 1235,763 (69x69 0x00FF00 tol=5, 15 ms)
2026-08-03 00:00:33 [woodcutting] Tracking stable target at 1235,763 (search 15 ms)
2026-08-03 00:00:33 [woodcutting] FindFilledBlock: found at 1235,763 (69x69 0x00FF00 tol=5, 16 ms)
2026-08-03 00:00:33 [woodcutting] Tracking stable target at 1235,763 (search 16 ms)
2026-08-03 00:00:33 [woodcutting] FindFilledBlock: found at 1235,763 (69x69 0x00FF00 tol=5, 15 ms)
2026-08-03 00:00:33 [woodcutting] Tracking stable target at 1235,763 (search 15 ms)
2026-08-03 00:00:33 [woodcutting] FindFilledBlock: found at 1235,763 (69x69 0x00FF00 tol=5, 16 ms)
2026-08-03 00:00:33 [woodcutting] Tracking stable target at 1235,763 (search 16 ms)
2026-08-03 00:00:33 [woodcutting] FindFilledBlock: found at 1235,763 (69x69 0x00FF00 tol=5, 15 ms)
2026-08-03 00:00:33 [woodcutting] Tracking stable target at 1235,763 (search 15 ms)
2026-08-03 00:00:33 [woodcutting] FindFilledBlock: found at 1235,763 (69x69 0x00FF00 tol=5, 16 ms)
2026-08-03 00:00:33 [woodcutting] Tracking stable target at 1235,763 (search 16 ms)
2026-08-03 00:00:34 [woodcutting] FindFilledBlock: found at 1235,763 (69x69 0x00FF00 tol=5, 15 ms)
2026-08-03 00:00:34 [woodcutting] Tracking stable target at 1235,763 (search 15 ms)
2026-08-03 00:00:34 [woodcutting] FindFilledBlock: found at 1235,763 (69x69 0x00FF00 tol=5, 16 ms)
2026-08-03 00:00:34 [woodcutting] Tracking stable target at 1235,763 (search 16 ms)
2026-08-03 00:00:34 [woodcutting] FindFilledBlock: found at 1235,763 (69x69 0x00FF00 tol=5, 15 ms)
2026-08-03 00:00:34 [woodcutting] Tracking stable target at 1235,763 (search 15 ms)
2026-08-03 00:00:34 [woodcutting] FindFilledBlock: found at 1235,763 (69x69 0x00FF00 tol=5, 16 ms)
2026-08-03 00:00:34 [woodcutting] Tracking stable target at 1235,763 (search 16 ms)
2026-08-03 00:00:34 [woodcutting] FindFilledBlock: found at 1235,763 (69x69 0x00FF00 tol=5, 0 ms)
2026-08-03 00:00:34 [woodcutting] Tracking stable target at 1235,763 (search 0 ms)
2026-08-03 00:00:34 [woodcutting] FindFilledBlock: found at 1235,763 (69x69 0x00FF00 tol=5, 0 ms)
2026-08-03 00:00:34 [woodcutting] Tracking stable target at 1235,763 (search 0 ms)
2026-08-03 00:00:34 [woodcutting] FindFilledBlock: found at 1235,763 (69x69 0x00FF00 tol=5, 0 ms)
2026-08-03 00:00:34 [woodcutting] Tracking stable target at 1235,763 (search 0 ms)
2026-08-03 00:00:35 [woodcutting] FindFilledBlock: found at 1235,763 (69x69 0x00FF00 tol=5, 0 ms)
2026-08-03 00:00:35 [woodcutting] Tracking stable target at 1235,763 (search 0 ms)
2026-08-03 00:00:35 [woodcutting] FindFilledBlock: found at 1235,763 (69x69 0x00FF00 tol=5, 0 ms)
2026-08-03 00:00:35 [woodcutting] Tracking stable target at 1235,763 (search 0 ms)
2026-08-03 00:00:35 [woodcutting] FindFilledBlock: found at 1235,763 (69x69 0x00FF00 tol=5, 0 ms)
2026-08-03 00:00:35 [woodcutting] Tracking stable target at 1235,763 (search 0 ms)
2026-08-03 00:00:35 [woodcutting] FindFilledBlock: found at 1235,763 (69x69 0x00FF00 tol=5, 15 ms)
2026-08-03 00:00:35 [woodcutting] Tracking stable target at 1235,763 (search 15 ms)
2026-08-03 00:00:35 [woodcutting] FindFilledBlock: found at 1235,763 (69x69 0x00FF00 tol=5, 0 ms)
2026-08-03 00:00:35 [woodcutting] Tracking stable target at 1235,763 (search 0 ms)
2026-08-03 00:00:35 [woodcutting] FindFilledBlock: found at 1235,763 (69x69 0x00FF00 tol=5, 0 ms)
2026-08-03 00:00:35 [woodcutting] Tracking stable target at 1235,763 (search 0 ms)
2026-08-03 00:00:36 [woodcutting] FindFilledBlock: found at 1235,763 (69x69 0x00FF00 tol=5, 0 ms)
2026-08-03 00:00:36 [woodcutting] Tracking stable target at 1235,763 (search 0 ms)
2026-08-03 00:00:36 [woodcutting] FindFilledBlock: found at 1235,763 (69x69 0x00FF00 tol=5, 0 ms)
2026-08-03 00:00:36 [woodcutting] Tracking stable target at 1235,763 (search 0 ms)
2026-08-03 00:00:36 [woodcutting] FindFilledBlock: found at 1235,763 (69x69 0x00FF00 tol=5, 0 ms)
2026-08-03 00:00:36 [woodcutting] Tracking stable target at 1235,763 (search 0 ms)
2026-08-03 00:00:36 [woodcutting] FindFilledBlock: found at 1235,763 (69x69 0x00FF00 tol=5, 16 ms)
2026-08-03 00:00:36 [woodcutting] Tracking stable target at 1235,763 (search 16 ms)
2026-08-03 00:00:36 [woodcutting] FindFilledBlock: found at 1235,763 (69x69 0x00FF00 tol=5, 0 ms)
2026-08-03 00:00:36 [woodcutting] Tracking stable target at 1235,763 (search 0 ms)
2026-08-03 00:00:36 [woodcutting] FindFilledBlock: found at 1235,763 (69x69 0x00FF00 tol=5, 15 ms)
2026-08-03 00:00:36 [woodcutting] Tracking stable target at 1235,763 (search 15 ms)
2026-08-03 00:00:36 [woodcutting] FindFilledBlock: found at 1235,763 (69x69 0x00FF00 tol=5, 16 ms)
2026-08-03 00:00:36 [woodcutting] Tracking stable target at 1235,763 (search 16 ms)
2026-08-03 00:00:37 [woodcutting] FindFilledBlock: found at 1235,763 (69x69 0x00FF00 tol=5, 16 ms)
2026-08-03 00:00:37 [woodcutting] Tracking stable target at 1235,763 (search 16 ms)
2026-08-03 00:00:37 [woodcutting] FindFilledBlock: found at 1235,763 (69x69 0x00FF00 tol=5, 16 ms)
2026-08-03 00:00:37 [woodcutting] Tracking stable target at 1235,763 (search 16 ms)
2026-08-03 00:00:37 [woodcutting] FindFilledBlock: found at 1235,763 (69x69 0x00FF00 tol=5, 0 ms)
2026-08-03 00:00:37 [woodcutting] Tracking stable target at 1235,763 (search 0 ms)
2026-08-03 00:00:37 [woodcutting] FindFilledBlock: found at 1235,763 (69x69 0x00FF00 tol=5, 16 ms)
2026-08-03 00:00:37 [woodcutting] Tracking stable target at 1235,763 (search 16 ms)
2026-08-03 00:00:37 [woodcutting] FindFilledBlock: found at 1235,763 (69x69 0x00FF00 tol=5, 15 ms)
2026-08-03 00:00:37 [woodcutting] Tracking stable target at 1235,763 (search 15 ms)
2026-08-03 00:00:37 [woodcutting] FindFilledBlock: found at 1235,763 (69x69 0x00FF00 tol=5, 16 ms)
2026-08-03 00:00:37 [woodcutting] Tracking stable target at 1235,763 (search 16 ms)
2026-08-03 00:00:38 [woodcutting] FindFilledBlock: found at 1235,763 (69x69 0x00FF00 tol=5, 15 ms)
2026-08-03 00:00:38 [woodcutting] Tracking stable target at 1235,763 (search 15 ms)
2026-08-03 00:00:38 [woodcutting] FindFilledBlock: found at 1235,763 (69x69 0x00FF00 tol=5, 16 ms)
2026-08-03 00:00:38 [woodcutting] Tracking stable target at 1235,763 (search 16 ms)
2026-08-03 00:00:38 [woodcutting] FindFilledBlock: found at 1235,763 (69x69 0x00FF00 tol=5, 15 ms)
2026-08-03 00:00:38 [woodcutting] Tracking stable target at 1235,763 (search 15 ms)
2026-08-03 00:00:38 [woodcutting] FindFilledBlock: found at 1235,763 (69x69 0x00FF00 tol=5, 16 ms)
2026-08-03 00:00:38 [woodcutting] Tracking stable target at 1235,763 (search 16 ms)
2026-08-03 00:00:38 [woodcutting] FindFilledBlock: found at 1235,763 (69x69 0x00FF00 tol=5, 15 ms)
2026-08-03 00:00:38 [woodcutting] Tracking stable target at 1235,763 (search 15 ms)
2026-08-03 00:00:38 [woodcutting] FindFilledBlock: found at 1235,763 (69x69 0x00FF00 tol=5, 0 ms)
2026-08-03 00:00:38 [woodcutting] Tracking stable target at 1235,763 (search 0 ms)
2026-08-03 00:00:38 [woodcutting] FindFilledBlock: found at 1235,763 (69x69 0x00FF00 tol=5, 16 ms)
2026-08-03 00:00:38 [woodcutting] Tracking stable target at 1235,763 (search 16 ms)
2026-08-03 00:00:39 [woodcutting] FindFilledBlock: found at 1235,763 (69x69 0x00FF00 tol=5, 0 ms)
2026-08-03 00:00:39 [woodcutting] Tracking stable target at 1235,763 (search 0 ms)
2026-08-03 00:00:39 [woodcutting] FindFilledBlock: found at 1235,763 (69x69 0x00FF00 tol=5, 0 ms)
2026-08-03 00:00:39 [woodcutting] Tracking stable target at 1235,763 (search 0 ms)
2026-08-03 00:00:39 [woodcutting] FindFilledBlock: found at 1235,763 (69x69 0x00FF00 tol=5, 0 ms)
2026-08-03 00:00:39 [woodcutting] Tracking stable target at 1235,763 (search 0 ms)
2026-08-03 00:00:39 [woodcutting] FindFilledBlock: found at 1235,763 (69x69 0x00FF00 tol=5, 0 ms)
2026-08-03 00:00:39 [woodcutting] Tracking stable target at 1235,763 (search 0 ms)
2026-08-03 00:00:39 [woodcutting] FindFilledBlock: found at 1235,763 (69x69 0x00FF00 tol=5, 15 ms)
2026-08-03 00:00:39 [woodcutting] Tracking stable target at 1235,763 (search 15 ms)
2026-08-03 00:00:39 [woodcutting] FindFilledBlock: found at 1235,763 (69x69 0x00FF00 tol=5, 0 ms)
2026-08-03 00:00:39 [woodcutting] Tracking stable target at 1235,763 (search 0 ms)
2026-08-03 00:00:40 [woodcutting] FindFilledBlock: found at 1235,763 (69x69 0x00FF00 tol=5, 16 ms)
2026-08-03 00:00:40 [woodcutting] Tracking stable target at 1235,763 (search 16 ms)
2026-08-03 00:00:40 [woodcutting] FindFilledBlock: found at 1235,763 (69x69 0x00FF00 tol=5, 0 ms)
2026-08-03 00:00:40 [woodcutting] Tracking stable target at 1235,763 (search 0 ms)
2026-08-03 00:00:40 [woodcutting] FindFilledBlock: found at 1235,763 (69x69 0x00FF00 tol=5, 15 ms)
2026-08-03 00:00:40 [woodcutting] Tracking stable target at 1235,763 (search 15 ms)
2026-08-03 00:00:40 [woodcutting] FindFilledBlock: found at 1235,763 (69x69 0x00FF00 tol=5, 0 ms)
2026-08-03 00:00:40 [woodcutting] Tracking stable target at 1235,763 (search 0 ms)
2026-08-03 00:00:40 [woodcutting] FindFilledBlock: found at 1235,763 (69x69 0x00FF00 tol=5, 16 ms)
2026-08-03 00:00:40 [woodcutting] Tracking stable target at 1235,763 (search 16 ms)
2026-08-03 00:00:40 [woodcutting] FindFilledBlock: found at 1235,763 (69x69 0x00FF00 tol=5, 16 ms)
2026-08-03 00:00:40 [woodcutting] Tracking stable target at 1235,763 (search 16 ms)
2026-08-03 00:00:40 [woodcutting] FindFilledBlock: found at 1235,763 (69x69 0x00FF00 tol=5, 0 ms)
2026-08-03 00:00:40 [woodcutting] Tracking stable target at 1235,763 (search 0 ms)
2026-08-03 00:00:41 [woodcutting] FindFilledBlock: found at 1235,763 (69x69 0x00FF00 tol=5, 15 ms)
2026-08-03 00:00:41 [woodcutting] Tracking stable target at 1235,763 (search 15 ms)
2026-08-03 00:00:41 [woodcutting] FindFilledBlock: found at 1235,763 (69x69 0x00FF00 tol=5, 16 ms)
2026-08-03 00:00:41 [woodcutting] Tracking stable target at 1235,763 (search 16 ms)
2026-08-03 00:00:41 [woodcutting] FindFilledBlock: found at 1235,763 (69x69 0x00FF00 tol=5, 16 ms)
2026-08-03 00:00:41 [woodcutting] Tracking stable target at 1235,763 (search 16 ms)
2026-08-03 00:00:41 [woodcutting] FindFilledBlock: found at 1235,763 (69x69 0x00FF00 tol=5, 16 ms)
2026-08-03 00:00:41 [woodcutting] Tracking stable target at 1235,763 (search 16 ms)
2026-08-03 00:00:41 [woodcutting] FindFilledBlock: found at 1235,763 (69x69 0x00FF00 tol=5, 16 ms)
2026-08-03 00:00:41 [woodcutting] Tracking stable target at 1235,763 (search 16 ms)
2026-08-03 00:00:41 [woodcutting] FindFilledBlock: found at 1235,763 (69x69 0x00FF00 tol=5, 0 ms)
2026-08-03 00:00:41 [woodcutting] Tracking stable target at 1235,763 (search 0 ms)
2026-08-03 00:00:42 [woodcutting] FindFilledBlock: found at 1235,763 (69x69 0x00FF00 tol=5, 15 ms)
2026-08-03 00:00:42 [woodcutting] Tracking stable target at 1235,763 (search 15 ms)
2026-08-03 00:00:42 [woodcutting] FindFilledBlock: found at 1235,763 (69x69 0x00FF00 tol=5, 0 ms)
2026-08-03 00:00:42 [woodcutting] Tracking stable target at 1235,763 (search 0 ms)
2026-08-03 00:00:42 [woodcutting] FindFilledBlock: found at 1235,763 (69x69 0x00FF00 tol=5, 0 ms)
2026-08-03 00:00:42 [woodcutting] Tracking stable target at 1235,763 (search 0 ms)
2026-08-03 00:00:42 [woodcutting] FindFilledBlock: found at 1235,763 (69x69 0x00FF00 tol=5, 0 ms)
2026-08-03 00:00:42 [woodcutting] Tracking stable target at 1235,763 (search 0 ms)
2026-08-03 00:00:42 [woodcutting] FindFilledBlock: found at 1235,763 (69x69 0x00FF00 tol=5, 0 ms)
2026-08-03 00:00:42 [woodcutting] Tracking stable target at 1235,763 (search 0 ms)
2026-08-03 00:00:42 [woodcutting] FindFilledBlock: found at 1235,763 (69x69 0x00FF00 tol=5, 0 ms)
2026-08-03 00:00:42 [woodcutting] Tracking stable target at 1235,763 (search 0 ms)
2026-08-03 00:00:42 [woodcutting] FindFilledBlock: found at 1235,763 (69x69 0x00FF00 tol=5, 0 ms)
2026-08-03 00:00:42 [woodcutting] Tracking stable target at 1235,763 (search 0 ms)
2026-08-03 00:00:43 [woodcutting] FindFilledBlock: found at 1235,763 (69x69 0x00FF00 tol=5, 0 ms)
2026-08-03 00:00:43 [woodcutting] Tracking stable target at 1235,763 (search 0 ms)
2026-08-03 00:00:43 [woodcutting] FindFilledBlock: found at 1235,763 (69x69 0x00FF00 tol=5, 0 ms)
2026-08-03 00:00:43 [woodcutting] Tracking stable target at 1235,763 (search 0 ms)
2026-08-03 00:00:43 [woodcutting] FindFilledBlock: found at 1235,763 (69x69 0x00FF00 tol=5, 15 ms)
2026-08-03 00:00:43 [woodcutting] Tracking stable target at 1235,763 (search 15 ms)
2026-08-03 00:00:43 [woodcutting] FindFilledBlock: found at 1235,763 (69x69 0x00FF00 tol=5, 0 ms)
2026-08-03 00:00:43 [woodcutting] Tracking stable target at 1235,763 (search 0 ms)
2026-08-03 00:00:43 [woodcutting] FindFilledBlock: found at 1235,763 (69x69 0x00FF00 tol=5, 16 ms)
2026-08-03 00:00:43 [woodcutting] Tracking stable target at 1235,763 (search 16 ms)
2026-08-03 00:00:43 [woodcutting] FindFilledBlock: found at 1235,763 (69x69 0x00FF00 tol=5, 0 ms)
2026-08-03 00:00:43 [woodcutting] Tracking stable target at 1235,763 (search 0 ms)
2026-08-03 00:00:44 [woodcutting] FindFilledBlock: found at 1235,763 (69x69 0x00FF00 tol=5, 15 ms)
2026-08-03 00:00:44 [woodcutting] Tracking stable target at 1235,763 (search 15 ms)
2026-08-03 00:00:44 [woodcutting] FindFilledBlock: found at 1235,763 (69x69 0x00FF00 tol=5, 16 ms)
2026-08-03 00:00:44 [woodcutting] Tracking stable target at 1235,763 (search 16 ms)
2026-08-03 00:00:44 [woodcutting] FindFilledBlock: found at 1235,763 (69x69 0x00FF00 tol=5, 0 ms)
2026-08-03 00:00:44 [woodcutting] Tracking stable target at 1235,763 (search 0 ms)
2026-08-03 00:00:44 [woodcutting] FindFilledBlock: found at 1235,763 (69x69 0x00FF00 tol=5, 15 ms)
2026-08-03 00:00:44 [woodcutting] Tracking stable target at 1235,763 (search 15 ms)
2026-08-03 00:00:44 [woodcutting] FindFilledBlock: found at 1235,763 (69x69 0x00FF00 tol=5, 0 ms)
2026-08-03 00:00:44 [woodcutting] Tracking stable target at 1235,763 (search 0 ms)
2026-08-03 00:00:44 [woodcutting] FindFilledBlock: found at 1235,763 (69x69 0x00FF00 tol=5, 0 ms)
2026-08-03 00:00:44 [woodcutting] Tracking stable target at 1235,763 (search 0 ms)
2026-08-03 00:00:45 [woodcutting] FindFilledBlock: found at 1235,763 (69x69 0x00FF00 tol=5, 0 ms)
2026-08-03 00:00:45 [woodcutting] Tracking stable target at 1235,763 (search 0 ms)
2026-08-03 00:00:45 [woodcutting] FindFilledBlock: found at 1235,763 (69x69 0x00FF00 tol=5, 0 ms)
2026-08-03 00:00:45 [woodcutting] Tracking stable target at 1235,763 (search 0 ms)
2026-08-03 00:00:45 [woodcutting] FindFilledBlock: found at 1235,763 (69x69 0x00FF00 tol=5, 0 ms)
2026-08-03 00:00:45 [woodcutting] Tracking stable target at 1235,763 (search 0 ms)
2026-08-03 00:00:45 [woodcutting] FindFilledBlock: found at 1235,763 (69x69 0x00FF00 tol=5, 0 ms)
2026-08-03 00:00:45 [woodcutting] Tracking stable target at 1235,763 (search 0 ms)
2026-08-03 00:00:45 [woodcutting] FindFilledBlock: found at 1235,763 (69x69 0x00FF00 tol=5, 16 ms)
2026-08-03 00:00:45 [woodcutting] Tracking stable target at 1235,763 (search 16 ms)
2026-08-03 00:00:45 [woodcutting] FindFilledBlock: found at 1235,763 (69x69 0x00FF00 tol=5, 0 ms)
2026-08-03 00:00:45 [woodcutting] Tracking stable target at 1235,763 (search 0 ms)
2026-08-03 00:00:45 [woodcutting] FindFilledBlock: found at 1235,763 (69x69 0x00FF00 tol=5, 15 ms)
2026-08-03 00:00:45 [woodcutting] Tracking stable target at 1235,763 (search 15 ms)
2026-08-03 00:00:46 [woodcutting] FindFilledBlock: found at 1235,763 (69x69 0x00FF00 tol=5, 0 ms)
2026-08-03 00:00:46 [woodcutting] Tracking stable target at 1235,763 (search 0 ms)
2026-08-03 00:00:46 [woodcutting] FindFilledBlock: found at 1235,763 (69x69 0x00FF00 tol=5, 16 ms)
2026-08-03 00:00:46 [woodcutting] Tracking stable target at 1235,763 (search 16 ms)
2026-08-03 00:00:46 [woodcutting] FindFilledBlock: found at 1235,763 (69x69 0x00FF00 tol=5, 0 ms)
2026-08-03 00:00:46 [woodcutting] Tracking stable target at 1235,763 (search 0 ms)
2026-08-03 00:00:46 [woodcutting] FindFilledBlock: found at 1235,763 (69x69 0x00FF00 tol=5, 15 ms)
2026-08-03 00:00:46 [woodcutting] Tracking stable target at 1235,763 (search 15 ms)
2026-08-03 00:00:46 [woodcutting] FindFilledBlock: found at 1235,763 (69x69 0x00FF00 tol=5, 0 ms)
2026-08-03 00:00:46 [woodcutting] Tracking stable target at 1235,763 (search 0 ms)
2026-08-03 00:00:46 [woodcutting] FindFilledBlock: found at 1235,763 (69x69 0x00FF00 tol=5, 16 ms)
2026-08-03 00:00:46 [woodcutting] Tracking stable target at 1235,763 (search 16 ms)
2026-08-03 00:00:47 [woodcutting] FindFilledBlock: found at 1235,763 (69x69 0x00FF00 tol=5, 16 ms)
2026-08-03 00:00:47 [woodcutting] Tracking stable target at 1235,763 (search 16 ms)
2026-08-03 00:00:47 [woodcutting] FindFilledBlock: found at 1235,763 (69x69 0x00FF00 tol=5, 0 ms)
2026-08-03 00:00:47 [woodcutting] Tracking stable target at 1235,763 (search 0 ms)
2026-08-03 00:00:47 [woodcutting] FindFilledBlock: found at 1235,763 (69x69 0x00FF00 tol=5, 16 ms)
2026-08-03 00:00:47 [woodcutting] Tracking stable target at 1235,763 (search 16 ms)
2026-08-03 00:00:47 [woodcutting] FindFilledBlock: found at 1235,763 (69x69 0x00FF00 tol=5, 0 ms)
2026-08-03 00:00:47 [woodcutting] Tracking stable target at 1235,763 (search 0 ms)
2026-08-03 00:00:47 [woodcutting] FindFilledBlock: found at 1235,763 (69x69 0x00FF00 tol=5, 15 ms)
2026-08-03 00:00:47 [woodcutting] Tracking stable target at 1235,763 (search 15 ms)
2026-08-03 00:00:47 [woodcutting] FindFilledBlock: found at 1235,763 (69x69 0x00FF00 tol=5, 0 ms)
2026-08-03 00:00:47 [woodcutting] Tracking stable target at 1235,763 (search 0 ms)
2026-08-03 00:00:47 [woodcutting] FindFilledBlock: found at 1235,763 (69x69 0x00FF00 tol=5, 0 ms)
2026-08-03 00:00:47 [woodcutting] Tracking stable target at 1235,763 (search 0 ms)
2026-08-03 00:00:48 [woodcutting] FindFilledBlock: found at 1235,763 (69x69 0x00FF00 tol=5, 0 ms)
2026-08-03 00:00:48 [woodcutting] Tracking stable target at 1235,763 (search 0 ms)
2026-08-03 00:00:48 [woodcutting] MaybeWander: idle-wandering while waiting
2026-08-03 00:00:52 [woodcutting] FindFilledBlock: found at 1235,763 (69x69 0x00FF00 tol=5, 0 ms)
2026-08-03 00:00:52 [woodcutting] Tracking stable target at 1235,763 (search 0 ms)
2026-08-03 00:00:52 [woodcutting] MaybeWander: idle-wandering while waiting
2026-08-03 00:00:57 [woodcutting] FindFilledBlock: not found (69x69 0x00FF00 tol=5, 0 ms)
2026-08-03 00:00:57 [woodcutting] Target depleted or lost - re-acquiring (searched 0 ms)
2026-08-03 00:00:57 [woodcutting] FindFilledBlock: not found (69x69 0x00FF00 tol=5, 15 ms)
2026-08-03 00:00:57 [woodcutting] FindFilledBlock: found at 1331,659 (69x69 0x00B809 tol=5, 0 ms)
2026-08-03 00:00:57 [woodcutting] Acquired new target at 1331,659 (0x00B809, ring 160, 31 ms)
2026-08-03 00:00:57 [woodcutting] FindFilledBlock: found at 1331,659 (69x69 0x00B809 tol=5, 0 ms)
2026-08-03 00:00:58 [woodcutting] Clicked initial/re-click target at 1331,659 (search 0 ms)
2026-08-03 00:00:58 [woodcutting] ReleasePendingModifiersNow: released Ctrl
2026-08-03 00:00:58 [woodcutting] FindFilledBlock: found at 1317,695 (69x69 0x00B809 tol=5, 0 ms)
2026-08-03 00:00:58 [woodcutting] Tracking not-yet-stable target at 1317,695 (search 0 ms)
2026-08-03 00:00:58 [woodcutting] FindFilledBlock: found at 1331,659 (69x69 0x00B809 tol=5, 0 ms)
2026-08-03 00:00:58 [woodcutting] Tracking not-yet-stable target at 1331,659 (search 0 ms)
2026-08-03 00:00:58 [woodcutting] FindFilledBlock: found at 1331,659 (69x69 0x00B809 tol=5, 15 ms)
2026-08-03 00:00:58 [woodcutting] Tracking not-yet-stable target at 1331,659 (search 15 ms)
2026-08-03 00:00:59 [woodcutting] FindFilledBlock: found at 1331,659 (69x69 0x00B809 tol=5, 15 ms)
2026-08-03 00:00:59 [woodcutting] Tracking stable target at 1331,659 (search 15 ms)
2026-08-03 00:00:59 [woodcutting] FindFilledBlock: found at 1331,659 (69x69 0x00B809 tol=5, 16 ms)
2026-08-03 00:00:59 [woodcutting] Tracking stable target at 1331,659 (search 16 ms)
2026-08-03 00:00:59 [woodcutting] FindFilledBlock: found at 1331,659 (69x69 0x00B809 tol=5, 0 ms)
2026-08-03 00:00:59 [woodcutting] Tracking stable target at 1331,659 (search 0 ms)
2026-08-03 00:00:59 [woodcutting] FindFilledBlock: found at 1331,659 (69x69 0x00B809 tol=5, 16 ms)
2026-08-03 00:00:59 [woodcutting] Tracking stable target at 1331,659 (search 16 ms)
2026-08-03 00:00:59 [woodcutting] FindFilledBlock: found at 1331,659 (69x69 0x00B809 tol=5, 15 ms)
2026-08-03 00:00:59 [woodcutting] Tracking stable target at 1331,659 (search 15 ms)
2026-08-03 00:00:59 [woodcutting] FindFilledBlock: found at 1331,659 (69x69 0x00B809 tol=5, 0 ms)
2026-08-03 00:00:59 [woodcutting] Tracking stable target at 1331,659 (search 0 ms)
2026-08-03 00:00:59 [woodcutting] FindFilledBlock: found at 1331,659 (69x69 0x00B809 tol=5, 0 ms)
2026-08-03 00:00:59 [woodcutting] Tracking stable target at 1331,659 (search 0 ms)
2026-08-03 00:01:00 [woodcutting] FindFilledBlock: found at 1331,659 (69x69 0x00B809 tol=5, 15 ms)
2026-08-03 00:01:00 [woodcutting] Tracking stable target at 1331,659 (search 15 ms)
2026-08-03 00:01:00 [woodcutting] FindFilledBlock: found at 1331,659 (69x69 0x00B809 tol=5, 0 ms)
2026-08-03 00:01:00 [woodcutting] Tracking stable target at 1331,659 (search 0 ms)
2026-08-03 00:01:00 [woodcutting] FindFilledBlock: found at 1331,659 (69x69 0x00B809 tol=5, 16 ms)
2026-08-03 00:01:00 [woodcutting] Tracking stable target at 1331,659 (search 16 ms)
2026-08-03 00:01:00 [woodcutting] FindFilledBlock: found at 1331,659 (69x69 0x00B809 tol=5, 0 ms)
2026-08-03 00:01:00 [woodcutting] Tracking stable target at 1331,659 (search 0 ms)
2026-08-03 00:01:00 [woodcutting] FindFilledBlock: found at 1331,659 (69x69 0x00B809 tol=5, 0 ms)
2026-08-03 00:01:00 [woodcutting] Tracking stable target at 1331,659 (search 0 ms)
2026-08-03 00:01:00 [woodcutting] FindFilledBlock: found at 1331,659 (69x69 0x00B809 tol=5, 15 ms)
2026-08-03 00:01:00 [woodcutting] Tracking stable target at 1331,659 (search 15 ms)
2026-08-03 00:01:01 [woodcutting] FindFilledBlock: found at 1331,659 (69x69 0x00B809 tol=5, 0 ms)
2026-08-03 00:01:01 [woodcutting] Tracking stable target at 1331,659 (search 0 ms)
2026-08-03 00:01:01 [woodcutting] FindFilledBlock: found at 1331,659 (69x69 0x00B809 tol=5, 16 ms)
2026-08-03 00:01:01 [woodcutting] Tracking stable target at 1331,659 (search 16 ms)
2026-08-03 00:01:01 [woodcutting] FindFilledBlock: found at 1331,659 (69x69 0x00B809 tol=5, 15 ms)
2026-08-03 00:01:01 [woodcutting] Tracking stable target at 1331,659 (search 15 ms)
2026-08-03 00:01:01 [woodcutting] FindFilledBlock: found at 1331,659 (69x69 0x00B809 tol=5, 16 ms)
2026-08-03 00:01:01 [woodcutting] Tracking stable target at 1331,659 (search 16 ms)
2026-08-03 00:01:01 [woodcutting] FindFilledBlock: found at 1331,659 (69x69 0x00B809 tol=5, 15 ms)
2026-08-03 00:01:01 [woodcutting] Tracking stable target at 1331,659 (search 15 ms)
2026-08-03 00:01:01 [woodcutting] FindFilledBlock: found at 1331,659 (69x69 0x00B809 tol=5, 16 ms)
2026-08-03 00:01:01 [woodcutting] Tracking stable target at 1331,659 (search 16 ms)
2026-08-03 00:01:01 [woodcutting] FindFilledBlock: found at 1331,659 (69x69 0x00B809 tol=5, 16 ms)
2026-08-03 00:01:01 [woodcutting] Tracking stable target at 1331,659 (search 16 ms)
2026-08-03 00:01:02 [woodcutting] FindFilledBlock: found at 1331,659 (69x69 0x00B809 tol=5, 16 ms)
2026-08-03 00:01:02 [woodcutting] Tracking stable target at 1331,659 (search 16 ms)
2026-08-03 00:01:02 [woodcutting] FindFilledBlock: found at 1331,659 (69x69 0x00B809 tol=5, 15 ms)
2026-08-03 00:01:02 [woodcutting] Tracking stable target at 1331,659 (search 15 ms)
2026-08-03 00:01:02 [woodcutting] FindFilledBlock: found at 1331,659 (69x69 0x00B809 tol=5, 16 ms)
2026-08-03 00:01:02 [woodcutting] Tracking stable target at 1331,659 (search 16 ms)
2026-08-03 00:01:02 [woodcutting] FindFilledBlock: found at 1331,659 (69x69 0x00B809 tol=5, 15 ms)
2026-08-03 00:01:02 [woodcutting] Tracking stable target at 1331,659 (search 15 ms)
2026-08-03 00:01:02 [woodcutting] FindFilledBlock: found at 1331,659 (69x69 0x00B809 tol=5, 0 ms)
2026-08-03 00:01:02 [woodcutting] Tracking stable target at 1331,659 (search 0 ms)
2026-08-03 00:01:02 [woodcutting] FindFilledBlock: found at 1331,659 (69x69 0x00B809 tol=5, 16 ms)
2026-08-03 00:01:02 [woodcutting] Tracking stable target at 1331,659 (search 16 ms)
2026-08-03 00:01:02 [woodcutting] FindFilledBlock: found at 1331,659 (69x69 0x00B809 tol=5, 16 ms)
2026-08-03 00:01:02 [woodcutting] Tracking stable target at 1331,659 (search 16 ms)
2026-08-03 00:01:03 [woodcutting] FindFilledBlock: found at 1331,659 (69x69 0x00B809 tol=5, 15 ms)
2026-08-03 00:01:03 [woodcutting] Tracking stable target at 1331,659 (search 15 ms)
2026-08-03 00:01:03 [woodcutting] FindFilledBlock: found at 1331,659 (69x69 0x00B809 tol=5, 16 ms)
2026-08-03 00:01:03 [woodcutting] Tracking stable target at 1331,659 (search 16 ms)
2026-08-03 00:01:03 [woodcutting] FindFilledBlock: found at 1331,659 (69x69 0x00B809 tol=5, 15 ms)
2026-08-03 00:01:03 [woodcutting] Tracking stable target at 1331,659 (search 15 ms)
2026-08-03 00:01:03 [woodcutting] FindFilledBlock: found at 1331,659 (69x69 0x00B809 tol=5, 16 ms)
2026-08-03 00:01:03 [woodcutting] Tracking stable target at 1331,659 (search 16 ms)
2026-08-03 00:01:03 [woodcutting] FindFilledBlock: found at 1331,659 (69x69 0x00B809 tol=5, 15 ms)
2026-08-03 00:01:03 [woodcutting] Tracking stable target at 1331,659 (search 15 ms)
2026-08-03 00:01:03 [woodcutting] FindFilledBlock: found at 1331,659 (69x69 0x00B809 tol=5, 16 ms)
2026-08-03 00:01:03 [woodcutting] Tracking stable target at 1331,659 (search 16 ms)
2026-08-03 00:01:03 [woodcutting] FindFilledBlock: found at 1331,659 (69x69 0x00B809 tol=5, 16 ms)
2026-08-03 00:01:03 [woodcutting] Tracking stable target at 1331,659 (search 16 ms)
2026-08-03 00:01:04 [woodcutting] FindFilledBlock: found at 1331,659 (69x69 0x00B809 tol=5, 16 ms)
2026-08-03 00:01:04 [woodcutting] Tracking stable target at 1331,659 (search 16 ms)
2026-08-03 00:01:04 [woodcutting] FindFilledBlock: found at 1331,659 (69x69 0x00B809 tol=5, 15 ms)
2026-08-03 00:01:04 [woodcutting] Tracking stable target at 1331,659 (search 15 ms)
2026-08-03 00:01:04 [woodcutting] FindFilledBlock: found at 1331,659 (69x69 0x00B809 tol=5, 16 ms)
2026-08-03 00:01:04 [woodcutting] Tracking stable target at 1331,659 (search 16 ms)
2026-08-03 00:01:04 [woodcutting] FindFilledBlock: found at 1331,659 (69x69 0x00B809 tol=5, 15 ms)
2026-08-03 00:01:04 [woodcutting] Tracking stable target at 1331,659 (search 15 ms)
2026-08-03 00:01:04 [woodcutting] FindFilledBlock: found at 1331,659 (69x69 0x00B809 tol=5, 16 ms)
2026-08-03 00:01:04 [woodcutting] Tracking stable target at 1331,659 (search 16 ms)
2026-08-03 00:01:04 [woodcutting] FindFilledBlock: found at 1331,659 (69x69 0x00B809 tol=5, 0 ms)
2026-08-03 00:01:04 [woodcutting] Tracking stable target at 1331,659 (search 0 ms)
2026-08-03 00:01:04 [woodcutting] FindFilledBlock: found at 1331,659 (69x69 0x00B809 tol=5, 16 ms)
2026-08-03 00:01:04 [woodcutting] Tracking stable target at 1331,659 (search 16 ms)
2026-08-03 00:01:05 [woodcutting] FindFilledBlock: found at 1331,659 (69x69 0x00B809 tol=5, 16 ms)
2026-08-03 00:01:05 [woodcutting] Tracking stable target at 1331,659 (search 16 ms)
2026-08-03 00:01:05 [woodcutting] FindFilledBlock: found at 1331,659 (69x69 0x00B809 tol=5, 0 ms)
2026-08-03 00:01:05 [woodcutting] Tracking stable target at 1331,659 (search 0 ms)
2026-08-03 00:01:05 [woodcutting] FindFilledBlock: found at 1331,659 (69x69 0x00B809 tol=5, 15 ms)
2026-08-03 00:01:05 [woodcutting] Tracking stable target at 1331,659 (search 15 ms)
2026-08-03 00:01:05 [woodcutting] FindFilledBlock: found at 1331,659 (69x69 0x00B809 tol=5, 16 ms)
2026-08-03 00:01:05 [woodcutting] Tracking stable target at 1331,659 (search 16 ms)
2026-08-03 00:01:05 [woodcutting] FindFilledBlock: found at 1331,659 (69x69 0x00B809 tol=5, 0 ms)
2026-08-03 00:01:05 [woodcutting] Tracking stable target at 1331,659 (search 0 ms)
2026-08-03 00:01:05 [woodcutting] FindFilledBlock: found at 1331,659 (69x69 0x00B809 tol=5, 15 ms)
2026-08-03 00:01:05 [woodcutting] Tracking stable target at 1331,659 (search 15 ms)
2026-08-03 00:01:06 [woodcutting] FindFilledBlock: found at 1331,659 (69x69 0x00B809 tol=5, 16 ms)
2026-08-03 00:01:06 [woodcutting] Tracking stable target at 1331,659 (search 16 ms)
2026-08-03 00:01:06 [woodcutting] FindFilledBlock: found at 1331,659 (69x69 0x00B809 tol=5, 0 ms)
2026-08-03 00:01:06 [woodcutting] Tracking stable target at 1331,659 (search 0 ms)
2026-08-03 00:01:06 [woodcutting] FindFilledBlock: found at 1331,659 (69x69 0x00B809 tol=5, 0 ms)
2026-08-03 00:01:06 [woodcutting] Tracking stable target at 1331,659 (search 0 ms)
2026-08-03 00:01:06 [woodcutting] FindFilledBlock: found at 1331,659 (69x69 0x00B809 tol=5, 0 ms)
2026-08-03 00:01:06 [woodcutting] Tracking stable target at 1331,659 (search 0 ms)
2026-08-03 00:01:06 [woodcutting] FindFilledBlock: found at 1331,659 (69x69 0x00B809 tol=5, 0 ms)
2026-08-03 00:01:06 [woodcutting] Tracking stable target at 1331,659 (search 0 ms)
2026-08-03 00:01:06 [woodcutting] FindFilledBlock: found at 1331,659 (69x69 0x00B809 tol=5, 15 ms)
2026-08-03 00:01:06 [woodcutting] Tracking stable target at 1331,659 (search 15 ms)
2026-08-03 00:01:06 [woodcutting] FindFilledBlock: found at 1331,659 (69x69 0x00B809 tol=5, 16 ms)
2026-08-03 00:01:06 [woodcutting] Tracking stable target at 1331,659 (search 16 ms)
2026-08-03 00:01:07 [woodcutting] FindFilledBlock: found at 1331,659 (69x69 0x00B809 tol=5, 15 ms)
2026-08-03 00:01:07 [woodcutting] Tracking stable target at 1331,659 (search 15 ms)
2026-08-03 00:01:07 [woodcutting] FindFilledBlock: found at 1331,659 (69x69 0x00B809 tol=5, 16 ms)
2026-08-03 00:01:07 [woodcutting] Tracking stable target at 1331,659 (search 16 ms)
2026-08-03 00:01:07 [woodcutting] FindFilledBlock: found at 1331,659 (69x69 0x00B809 tol=5, 16 ms)
2026-08-03 00:01:07 [woodcutting] Tracking stable target at 1331,659 (search 16 ms)
2026-08-03 00:01:07 [woodcutting] FindFilledBlock: found at 1331,659 (69x69 0x00B809 tol=5, 0 ms)
2026-08-03 00:01:07 [woodcutting] Tracking stable target at 1331,659 (search 0 ms)
2026-08-03 00:01:07 [woodcutting] FindFilledBlock: found at 1331,659 (69x69 0x00B809 tol=5, 0 ms)
2026-08-03 00:01:07 [woodcutting] Tracking stable target at 1331,659 (search 0 ms)
2026-08-03 00:01:07 [woodcutting] FindFilledBlock: found at 1331,659 (69x69 0x00B809 tol=5, 0 ms)
2026-08-03 00:01:07 [woodcutting] Tracking stable target at 1331,659 (search 0 ms)
2026-08-03 00:01:08 [woodcutting] FindFilledBlock: found at 1331,659 (69x69 0x00B809 tol=5, 0 ms)
2026-08-03 00:01:08 [woodcutting] Tracking stable target at 1331,659 (search 0 ms)
2026-08-03 00:01:08 [woodcutting] FindFilledBlock: found at 1331,659 (69x69 0x00B809 tol=5, 15 ms)
2026-08-03 00:01:08 [woodcutting] Tracking stable target at 1331,659 (search 15 ms)
2026-08-03 00:01:08 [woodcutting] FindFilledBlock: found at 1331,659 (69x69 0x00B809 tol=5, 16 ms)
2026-08-03 00:01:08 [woodcutting] Tracking stable target at 1331,659 (search 16 ms)
2026-08-03 00:01:08 [woodcutting] FindFilledBlock: found at 1331,659 (69x69 0x00B809 tol=5, 16 ms)
2026-08-03 00:01:08 [woodcutting] Tracking stable target at 1331,659 (search 16 ms)
2026-08-03 00:01:08 [woodcutting] FindFilledBlock: found at 1331,659 (69x69 0x00B809 tol=5, 16 ms)
2026-08-03 00:01:08 [woodcutting] Tracking stable target at 1331,659 (search 16 ms)
2026-08-03 00:01:08 [woodcutting] FindFilledBlock: found at 1331,659 (69x69 0x00B809 tol=5, 16 ms)
2026-08-03 00:01:08 [woodcutting] Tracking stable target at 1331,659 (search 16 ms)
2026-08-03 00:01:08 [woodcutting] FindFilledBlock: found at 1331,659 (69x69 0x00B809 tol=5, 15 ms)
2026-08-03 00:01:08 [woodcutting] Tracking stable target at 1331,659 (search 15 ms)
2026-08-03 00:01:09 [woodcutting] FindFilledBlock: found at 1331,659 (69x69 0x00B809 tol=5, 16 ms)
2026-08-03 00:01:09 [woodcutting] Tracking stable target at 1331,659 (search 16 ms)
2026-08-03 00:01:09 [woodcutting] FindFilledBlock: found at 1331,659 (69x69 0x00B809 tol=5, 15 ms)
2026-08-03 00:01:09 [woodcutting] Tracking stable target at 1331,659 (search 15 ms)
2026-08-03 00:01:09 [woodcutting] FindFilledBlock: found at 1331,659 (69x69 0x00B809 tol=5, 0 ms)
2026-08-03 00:01:09 [woodcutting] Tracking stable target at 1331,659 (search 0 ms)
2026-08-03 00:01:09 [woodcutting] FindFilledBlock: found at 1331,659 (69x69 0x00B809 tol=5, 16 ms)
2026-08-03 00:01:09 [woodcutting] Tracking stable target at 1331,659 (search 16 ms)
2026-08-03 00:01:09 [woodcutting] FindFilledBlock: found at 1331,659 (69x69 0x00B809 tol=5, 0 ms)
2026-08-03 00:01:09 [woodcutting] Tracking stable target at 1331,659 (search 0 ms)
2026-08-03 00:01:09 [woodcutting] FindFilledBlock: found at 1331,659 (69x69 0x00B809 tol=5, 16 ms)
2026-08-03 00:01:09 [woodcutting] Tracking stable target at 1331,659 (search 16 ms)
2026-08-03 00:01:10 [woodcutting] FindFilledBlock: found at 1331,659 (69x69 0x00B809 tol=5, 0 ms)
2026-08-03 00:01:10 [woodcutting] Tracking stable target at 1331,659 (search 0 ms)
2026-08-03 00:01:10 [woodcutting] FindFilledBlock: found at 1331,659 (69x69 0x00B809 tol=5, 0 ms)
2026-08-03 00:01:10 [woodcutting] Tracking stable target at 1331,659 (search 0 ms)
2026-08-03 00:01:10 [woodcutting] FindFilledBlock: found at 1331,659 (69x69 0x00B809 tol=5, 0 ms)
2026-08-03 00:01:10 [woodcutting] Tracking stable target at 1331,659 (search 0 ms)
2026-08-03 00:01:10 [woodcutting] FindFilledBlock: found at 1331,659 (69x69 0x00B809 tol=5, 0 ms)
2026-08-03 00:01:10 [woodcutting] Tracking stable target at 1331,659 (search 0 ms)
2026-08-03 00:01:10 [woodcutting] FindFilledBlock: found at 1331,659 (69x69 0x00B809 tol=5, 0 ms)
2026-08-03 00:01:10 [woodcutting] Tracking stable target at 1331,659 (search 0 ms)
2026-08-03 00:01:10 [woodcutting] FindFilledBlock: found at 1331,659 (69x69 0x00B809 tol=5, 0 ms)
2026-08-03 00:01:10 [woodcutting] Tracking stable target at 1331,659 (search 0 ms)
2026-08-03 00:01:10 [woodcutting] FindFilledBlock: found at 1331,659 (69x69 0x00B809 tol=5, 0 ms)
2026-08-03 00:01:10 [woodcutting] Tracking stable target at 1331,659 (search 0 ms)
2026-08-03 00:01:11 [woodcutting] FindFilledBlock: found at 1331,659 (69x69 0x00B809 tol=5, 0 ms)
2026-08-03 00:01:11 [woodcutting] Tracking stable target at 1331,659 (search 0 ms)
2026-08-03 00:01:11 [woodcutting] FindFilledBlock: found at 1331,659 (69x69 0x00B809 tol=5, 16 ms)
2026-08-03 00:01:11 [woodcutting] Tracking stable target at 1331,659 (search 16 ms)
2026-08-03 00:01:11 [woodcutting] FindFilledBlock: found at 1331,659 (69x69 0x00B809 tol=5, 0 ms)
2026-08-03 00:01:11 [woodcutting] Tracking stable target at 1331,659 (search 0 ms)
2026-08-03 00:01:11 [woodcutting] FindFilledBlock: found at 1331,659 (69x69 0x00B809 tol=5, 15 ms)
2026-08-03 00:01:11 [woodcutting] Tracking stable target at 1331,659 (search 15 ms)
2026-08-03 00:01:11 [woodcutting] FindFilledBlock: found at 1331,659 (69x69 0x00B809 tol=5, 16 ms)
2026-08-03 00:01:11 [woodcutting] Tracking stable target at 1331,659 (search 16 ms)
2026-08-03 00:01:11 [woodcutting] FindFilledBlock: found at 1331,659 (69x69 0x00B809 tol=5, 0 ms)
2026-08-03 00:01:11 [woodcutting] Tracking stable target at 1331,659 (search 16 ms)
2026-08-03 00:01:12 [woodcutting] FindFilledBlock: found at 1331,659 (69x69 0x00B809 tol=5, 16 ms)
2026-08-03 00:01:12 [woodcutting] Tracking stable target at 1331,659 (search 16 ms)
2026-08-03 00:01:12 [woodcutting] FindFilledBlock: found at 1331,659 (69x69 0x00B809 tol=5, 16 ms)
2026-08-03 00:01:12 [woodcutting] Tracking stable target at 1331,659 (search 16 ms)
2026-08-03 00:01:12 [woodcutting] FindFilledBlock: found at 1331,659 (69x69 0x00B809 tol=5, 15 ms)
2026-08-03 00:01:12 [woodcutting] Tracking stable target at 1331,659 (search 15 ms)
2026-08-03 00:01:12 [woodcutting] FindFilledBlock: found at 1331,659 (69x69 0x00B809 tol=5, 16 ms)
2026-08-03 00:01:12 [woodcutting] Tracking stable target at 1331,659 (search 16 ms)
2026-08-03 00:01:12 [woodcutting] FindFilledBlock: found at 1331,659 (69x69 0x00B809 tol=5, 15 ms)
2026-08-03 00:01:12 [woodcutting] Tracking stable target at 1331,659 (search 15 ms)
2026-08-03 00:01:12 [woodcutting] FindFilledBlock: found at 1331,659 (69x69 0x00B809 tol=5, 16 ms)
2026-08-03 00:01:12 [woodcutting] Tracking stable target at 1331,659 (search 16 ms)
2026-08-03 00:01:12 [woodcutting] FindFilledBlock: found at 1331,659 (69x69 0x00B809 tol=5, 15 ms)
2026-08-03 00:01:12 [woodcutting] Tracking stable target at 1331,659 (search 15 ms)
2026-08-03 00:01:13 [woodcutting] FindFilledBlock: found at 1331,659 (69x69 0x00B809 tol=5, 0 ms)
2026-08-03 00:01:13 [woodcutting] Tracking stable target at 1331,659 (search 0 ms)
2026-08-03 00:01:13 [woodcutting] FindFilledBlock: found at 1331,659 (69x69 0x00B809 tol=5, 16 ms)
2026-08-03 00:01:13 [woodcutting] Tracking stable target at 1331,659 (search 16 ms)
2026-08-03 00:01:13 [woodcutting] FindFilledBlock: found at 1331,659 (69x69 0x00B809 tol=5, 0 ms)
2026-08-03 00:01:13 [woodcutting] Tracking stable target at 1331,659 (search 0 ms)
2026-08-03 00:01:13 [woodcutting] FindFilledBlock: found at 1331,659 (69x69 0x00B809 tol=5, 0 ms)
2026-08-03 00:01:13 [woodcutting] Tracking stable target at 1331,659 (search 0 ms)
2026-08-03 00:01:13 [woodcutting] FindFilledBlock: found at 1331,659 (69x69 0x00B809 tol=5, 0 ms)
2026-08-03 00:01:13 [woodcutting] Tracking stable target at 1331,659 (search 0 ms)
2026-08-03 00:01:13 [woodcutting] FindFilledBlock: found at 1331,659 (69x69 0x00B809 tol=5, 0 ms)
2026-08-03 00:01:13 [woodcutting] Tracking stable target at 1331,659 (search 0 ms)
2026-08-03 00:01:14 [woodcutting] FindFilledBlock: found at 1331,659 (69x69 0x00B809 tol=5, 0 ms)
2026-08-03 00:01:14 [woodcutting] Tracking stable target at 1331,659 (search 0 ms)
2026-08-03 00:01:14 [woodcutting] FindFilledBlock: found at 1331,659 (69x69 0x00B809 tol=5, 0 ms)
2026-08-03 00:01:14 [woodcutting] Tracking stable target at 1331,659 (search 0 ms)
2026-08-03 00:01:14 [woodcutting] FindFilledBlock: found at 1331,659 (69x69 0x00B809 tol=5, 0 ms)
2026-08-03 00:01:14 [woodcutting] Tracking stable target at 1331,659 (search 15 ms)
2026-08-03 00:01:14 [woodcutting] FindFilledBlock: found at 1331,659 (69x69 0x00B809 tol=5, 0 ms)
2026-08-03 00:01:14 [woodcutting] Tracking stable target at 1331,659 (search 0 ms)
2026-08-03 00:01:14 [woodcutting] FindFilledBlock: found at 1331,659 (69x69 0x00B809 tol=5, 16 ms)
2026-08-03 00:01:14 [woodcutting] Tracking stable target at 1331,659 (search 16 ms)
2026-08-03 00:01:14 [woodcutting] FindFilledBlock: found at 1331,659 (69x69 0x00B809 tol=5, 16 ms)
2026-08-03 00:01:14 [woodcutting] Tracking stable target at 1331,659 (search 16 ms)
2026-08-03 00:01:14 [woodcutting] FindFilledBlock: found at 1331,659 (69x69 0x00B809 tol=5, 0 ms)
2026-08-03 00:01:14 [woodcutting] Tracking stable target at 1331,659 (search 0 ms)
2026-08-03 00:01:15 [woodcutting] FindFilledBlock: found at 1331,659 (69x69 0x00B809 tol=5, 16 ms)
2026-08-03 00:01:15 [woodcutting] Tracking stable target at 1331,659 (search 16 ms)
2026-08-03 00:01:15 [woodcutting] FindFilledBlock: found at 1331,659 (69x69 0x00B809 tol=5, 15 ms)
2026-08-03 00:01:15 [woodcutting] Tracking stable target at 1331,659 (search 15 ms)
2026-08-03 00:01:15 [woodcutting] FindFilledBlock: found at 1331,659 (69x69 0x00B809 tol=5, 16 ms)
2026-08-03 00:01:15 [woodcutting] Tracking stable target at 1331,659 (search 16 ms)
2026-08-03 00:01:15 [woodcutting] FindFilledBlock: found at 1331,659 (69x69 0x00B809 tol=5, 15 ms)
2026-08-03 00:01:15 [woodcutting] Tracking stable target at 1331,659 (search 15 ms)
2026-08-03 00:01:15 [woodcutting] FindFilledBlock: found at 1331,659 (69x69 0x00B809 tol=5, 0 ms)
2026-08-03 00:01:15 [woodcutting] Tracking stable target at 1331,659 (search 0 ms)
2026-08-03 00:01:15 [woodcutting] FindFilledBlock: found at 1331,659 (69x69 0x00B809 tol=5, 16 ms)
2026-08-03 00:01:15 [woodcutting] Tracking stable target at 1331,659 (search 16 ms)
2026-08-03 00:01:16 [woodcutting] FindFilledBlock: found at 1331,659 (69x69 0x00B809 tol=5, 0 ms)
2026-08-03 00:01:16 [woodcutting] Tracking stable target at 1331,659 (search 0 ms)
2026-08-03 00:01:16 [woodcutting] FindFilledBlock: found at 1331,659 (69x69 0x00B809 tol=5, 15 ms)
2026-08-03 00:01:16 [woodcutting] Tracking stable target at 1331,659 (search 15 ms)
2026-08-03 00:01:16 [woodcutting] FindFilledBlock: found at 1331,659 (69x69 0x00B809 tol=5, 16 ms)
2026-08-03 00:01:16 [woodcutting] Tracking stable target at 1331,659 (search 16 ms)
2026-08-03 00:01:16 [woodcutting] FindFilledBlock: found at 1331,659 (69x69 0x00B809 tol=5, 0 ms)
2026-08-03 00:01:16 [woodcutting] Tracking stable target at 1331,659 (search 0 ms)
2026-08-03 00:01:16 [woodcutting] FindFilledBlock: found at 1331,659 (69x69 0x00B809 tol=5, 16 ms)
2026-08-03 00:01:16 [woodcutting] Tracking stable target at 1331,659 (search 16 ms)
2026-08-03 00:01:16 [woodcutting] FindFilledBlock: found at 1331,659 (69x69 0x00B809 tol=5, 0 ms)
2026-08-03 00:01:16 [woodcutting] Tracking stable target at 1331,659 (search 0 ms)
2026-08-03 00:01:16 [woodcutting] FindFilledBlock: found at 1331,659 (69x69 0x00B809 tol=5, 15 ms)
2026-08-03 00:01:16 [woodcutting] Tracking stable target at 1331,659 (search 15 ms)
2026-08-03 00:01:17 [woodcutting] FindFilledBlock: found at 1331,659 (69x69 0x00B809 tol=5, 0 ms)
2026-08-03 00:01:17 [woodcutting] Tracking stable target at 1331,659 (search 0 ms)
2026-08-03 00:01:17 [woodcutting] FindFilledBlock: found at 1331,659 (69x69 0x00B809 tol=5, 16 ms)
2026-08-03 00:01:17 [woodcutting] Tracking stable target at 1331,659 (search 16 ms)
2026-08-03 00:01:17 [woodcutting] FindFilledBlock: found at 1331,659 (69x69 0x00B809 tol=5, 0 ms)
2026-08-03 00:01:17 [woodcutting] Tracking stable target at 1331,659 (search 0 ms)
2026-08-03 00:01:17 [woodcutting] FindFilledBlock: found at 1331,659 (69x69 0x00B809 tol=5, 0 ms)
2026-08-03 00:01:17 [woodcutting] Tracking stable target at 1331,659 (search 0 ms)
2026-08-03 00:01:17 [woodcutting] FindFilledBlock: found at 1331,659 (69x69 0x00B809 tol=5, 0 ms)
2026-08-03 00:01:17 [woodcutting] Tracking stable target at 1331,659 (search 0 ms)
2026-08-03 00:01:17 [woodcutting] FindFilledBlock: found at 1331,659 (69x69 0x00B809 tol=5, 0 ms)
2026-08-03 00:01:17 [woodcutting] Tracking stable target at 1331,659 (search 0 ms)
2026-08-03 00:01:18 [woodcutting] FindFilledBlock: found at 1331,659 (69x69 0x00B809 tol=5, 0 ms)
2026-08-03 00:01:18 [woodcutting] Tracking stable target at 1331,659 (search 0 ms)
2026-08-03 00:01:18 [woodcutting] FindFilledBlock: found at 1331,659 (69x69 0x00B809 tol=5, 0 ms)
2026-08-03 00:01:18 [woodcutting] Tracking stable target at 1331,659 (search 0 ms)
2026-08-03 00:01:18 [woodcutting] FindFilledBlock: found at 1331,659 (69x69 0x00B809 tol=5, 0 ms)
2026-08-03 00:01:18 [woodcutting] Tracking stable target at 1331,659 (search 0 ms)
2026-08-03 00:01:18 [woodcutting] FindFilledBlock: found at 1331,659 (69x69 0x00B809 tol=5, 0 ms)
2026-08-03 00:01:18 [woodcutting] Tracking stable target at 1331,659 (search 0 ms)
2026-08-03 00:01:18 [woodcutting] FindFilledBlock: found at 1331,659 (69x69 0x00B809 tol=5, 16 ms)
2026-08-03 00:01:18 [woodcutting] Tracking stable target at 1331,659 (search 16 ms)
2026-08-03 00:01:18 [woodcutting] FindFilledBlock: found at 1331,659 (69x69 0x00B809 tol=5, 0 ms)
2026-08-03 00:01:18 [woodcutting] Tracking stable target at 1331,659 (search 0 ms)
2026-08-03 00:01:18 [woodcutting] FindFilledBlock: found at 1317,687 (69x69 0x00B809 tol=5, 15 ms)
2026-08-03 00:01:19 [woodcutting] Clicked initial/re-click target at 1317,687 (search 15 ms)
2026-08-03 00:01:19 [woodcutting] ReleasePendingModifiersNow: released Ctrl
2026-08-03 00:01:19 [woodcutting] FindFilledBlock: not found (69x69 0x00B809 tol=5, 31 ms)
2026-08-03 00:01:19 [woodcutting] Track: search missed this tick, but anchor point 1317,687 is still 0x00B809 - holding current target, not switching
2026-08-03 00:01:19 [woodcutting] Tracking not-yet-stable target at 1317,687 (search 31 ms)
2026-08-03 00:01:19 [woodcutting] FindFilledBlock: found at 1317,687 (69x69 0x00B809 tol=5, 16 ms)
2026-08-03 00:01:19 [woodcutting] Tracking stable target at 1317,687 (search 16 ms)
2026-08-03 00:01:19 [woodcutting] FindFilledBlock: found at 1317,687 (69x69 0x00B809 tol=5, 15 ms)
2026-08-03 00:01:19 [woodcutting] Tracking stable target at 1317,687 (search 15 ms)
2026-08-03 00:01:19 [woodcutting] FindFilledBlock: found at 1317,687 (69x69 0x00B809 tol=5, 16 ms)
2026-08-03 00:01:19 [woodcutting] Tracking stable target at 1317,687 (search 16 ms)
2026-08-03 00:01:20 [woodcutting] TrackAndClick: until-condition met (142797 ms total)
2026-08-03 00:01:20 [woodcutting] woodcutting: stepping away for a short break (9761ms / 9.8s)
2026-08-03 00:01:31 [woodcutting] woodcutting: break over, resuming
2026-08-03 00:01:31 [woodcutting] woodcutting-bank: waiting for bank marker
2026-08-03 00:01:31 [woodcutting] FindFilledBlock: found at 722,332 (43x43 0xFF980A tol=5, 63 ms)
2026-08-03 00:01:31 [woodcutting] woodcutting-bank: clicking bank marker at 722,332
2026-08-03 00:01:32 [woodcutting] ReleasePendingModifiersNow: released Ctrl
2026-08-03 00:01:33 [woodcutting] woodcutting-bank: waiting for deposit button
2026-08-03 00:01:33 [woodcutting] FindImage: not found (C:\Users\link\Documents\GitHub\osrs-automation\Bots\..\Images\deposit-bank.png, 16 ms)
2026-08-03 00:01:33 [woodcutting] FindImage: not found (C:\Users\link\Documents\GitHub\osrs-automation\Bots\..\Images\deposit-bank.png, 16 ms)
2026-08-03 00:01:34 [woodcutting] FindImage: not found (C:\Users\link\Documents\GitHub\osrs-automation\Bots\..\Images\deposit-bank.png, 16 ms)
2026-08-03 00:01:34 [woodcutting] FindImage: not found (C:\Users\link\Documents\GitHub\osrs-automation\Bots\..\Images\deposit-bank.png, 16 ms)
2026-08-03 00:01:34 [woodcutting] FindImage: not found (C:\Users\link\Documents\GitHub\osrs-automation\Bots\..\Images\deposit-bank.png, 16 ms)
2026-08-03 00:01:34 [woodcutting] FindImage: not found (C:\Users\link\Documents\GitHub\osrs-automation\Bots\..\Images\deposit-bank.png, 16 ms)
2026-08-03 00:01:34 [woodcutting] FindImage: not found (C:\Users\link\Documents\GitHub\osrs-automation\Bots\..\Images\deposit-bank.png, 16 ms)
2026-08-03 00:01:34 [woodcutting] FindImage: not found (C:\Users\link\Documents\GitHub\osrs-automation\Bots\..\Images\deposit-bank.png, 16 ms)
2026-08-03 00:01:34 [woodcutting] FindImage: not found (C:\Users\link\Documents\GitHub\osrs-automation\Bots\..\Images\deposit-bank.png, 16 ms)
2026-08-03 00:01:34 [woodcutting] FindImage: not found (C:\Users\link\Documents\GitHub\osrs-automation\Bots\..\Images\deposit-bank.png, 16 ms)
2026-08-03 00:01:35 [woodcutting] FindImage: not found (C:\Users\link\Documents\GitHub\osrs-automation\Bots\..\Images\deposit-bank.png, 16 ms)
2026-08-03 00:01:35 [woodcutting] FindImage: not found (C:\Users\link\Documents\GitHub\osrs-automation\Bots\..\Images\deposit-bank.png, 16 ms)
2026-08-03 00:01:35 [woodcutting] FindImage: not found (C:\Users\link\Documents\GitHub\osrs-automation\Bots\..\Images\deposit-bank.png, 16 ms)
2026-08-03 00:01:35 [woodcutting] FindImage: not found (C:\Users\link\Documents\GitHub\osrs-automation\Bots\..\Images\deposit-bank.png, 16 ms)
2026-08-03 00:01:35 [woodcutting] FindImage: not found (C:\Users\link\Documents\GitHub\osrs-automation\Bots\..\Images\deposit-bank.png, 16 ms)
2026-08-03 00:01:35 [woodcutting] FindImage: not found (C:\Users\link\Documents\GitHub\osrs-automation\Bots\..\Images\deposit-bank.png, 16 ms)
2026-08-03 00:01:35 [woodcutting] FindImage: not found (C:\Users\link\Documents\GitHub\osrs-automation\Bots\..\Images\deposit-bank.png, 16 ms)
2026-08-03 00:01:35 [woodcutting] FindImage: not found (C:\Users\link\Documents\GitHub\osrs-automation\Bots\..\Images\deposit-bank.png, 16 ms)
2026-08-03 00:01:36 [woodcutting] FindImage: not found (C:\Users\link\Documents\GitHub\osrs-automation\Bots\..\Images\deposit-bank.png, 16 ms)
2026-08-03 00:01:36 [woodcutting] FindImage: not found (C:\Users\link\Documents\GitHub\osrs-automation\Bots\..\Images\deposit-bank.png, 16 ms)
2026-08-03 00:01:36 [woodcutting] FindImage: not found (C:\Users\link\Documents\GitHub\osrs-automation\Bots\..\Images\deposit-bank.png, 16 ms)
2026-08-03 00:01:36 [woodcutting] FindImage: not found (C:\Users\link\Documents\GitHub\osrs-automation\Bots\..\Images\deposit-bank.png, 0 ms)
2026-08-03 00:01:36 [woodcutting] FindImage: not found (C:\Users\link\Documents\GitHub\osrs-automation\Bots\..\Images\deposit-bank.png, 0 ms)
2026-08-03 00:01:36 [woodcutting] FindImage: not found (C:\Users\link\Documents\GitHub\osrs-automation\Bots\..\Images\deposit-bank.png, 0 ms)
2026-08-03 00:01:36 [woodcutting] FindImage: not found (C:\Users\link\Documents\GitHub\osrs-automation\Bots\..\Images\deposit-bank.png, 0 ms)
2026-08-03 00:01:36 [woodcutting] FindImage: not found (C:\Users\link\Documents\GitHub\osrs-automation\Bots\..\Images\deposit-bank.png, 15 ms)
2026-08-03 00:01:37 [woodcutting] FindImage: not found (C:\Users\link\Documents\GitHub\osrs-automation\Bots\..\Images\deposit-bank.png, 15 ms)
2026-08-03 00:01:37 [woodcutting] FindImage: not found (C:\Users\link\Documents\GitHub\osrs-automation\Bots\..\Images\deposit-bank.png, 15 ms)
2026-08-03 00:01:37 [woodcutting] FindImage: not found (C:\Users\link\Documents\GitHub\osrs-automation\Bots\..\Images\deposit-bank.png, 15 ms)
2026-08-03 00:01:37 [woodcutting] FindImage: not found (C:\Users\link\Documents\GitHub\osrs-automation\Bots\..\Images\deposit-bank.png, 15 ms)
2026-08-03 00:01:37 [woodcutting] FindImage: not found (C:\Users\link\Documents\GitHub\osrs-automation\Bots\..\Images\deposit-bank.png, 15 ms)
2026-08-03 00:01:37 [woodcutting] FindImage: not found (C:\Users\link\Documents\GitHub\osrs-automation\Bots\..\Images\deposit-bank.png, 15 ms)
2026-08-03 00:01:37 [woodcutting] FindImage: not found (C:\Users\link\Documents\GitHub\osrs-automation\Bots\..\Images\deposit-bank.png, 15 ms)
2026-08-03 00:01:37 [woodcutting] FindImage: not found (C:\Users\link\Documents\GitHub\osrs-automation\Bots\..\Images\deposit-bank.png, 15 ms)
2026-08-03 00:01:38 [woodcutting] FindImage: not found (C:\Users\link\Documents\GitHub\osrs-automation\Bots\..\Images\deposit-bank.png, 15 ms)
2026-08-03 00:01:38 [woodcutting] FindImage: found at 1363,999 (C:\Users\link\Documents\GitHub\osrs-automation\Bots\..\Images\deposit-bank.png, 15 ms)
2026-08-03 00:01:38 [woodcutting] woodcutting-bank: clicking deposit button at 1363,999
2026-08-03 00:01:39 [woodcutting] woodcutting-bank: waiting for inventory to confirm the deposit
2026-08-03 00:01:39 [woodcutting] woodcutting-bank: deposit confirmed
2026-08-03 00:01:39 [woodcutting] woodcutting: stepping away for a short break (2666ms / 2.7s)
2026-08-03 00:01:43 [woodcutting] woodcutting: break over, resuming
2026-08-03 00:01:43 [woodcutting] TrackAndClick: taking a moment to spot the next target (2640ms / 2.6s)
2026-08-03 00:01:46 [woodcutting] FindFilledBlock: not found (69x69 0x00FF00 tol=5, 0 ms)
2026-08-03 00:01:46 [woodcutting] FindFilledBlock: not found (69x69 0x00B809 tol=5, 16 ms)
2026-08-03 00:01:46 [woodcutting] Acquire ring 160: not found (16 ms)
2026-08-03 00:01:46 [woodcutting] FindFilledBlock: not found (69x69 0x00FF00 tol=5, 15 ms)
2026-08-03 00:01:46 [woodcutting] FindFilledBlock: not found (69x69 0x00B809 tol=5, 16 ms)
2026-08-03 00:01:46 [woodcutting] Acquire ring 320: not found (31 ms)
2026-08-03 00:01:46 [woodcutting] FindFilledBlock: found at 1641,1155 (69x69 0x00FF00 tol=5, 62 ms)
2026-08-03 00:01:46 [woodcutting] FindFilledBlock: found at 1795,1071 (69x69 0x00B809 tol=5, 63 ms)
2026-08-03 00:01:46 [woodcutting] Acquired new target at 1641,1155 (0x00FF00, region-wide, 188 ms)
2026-08-03 00:01:46 [woodcutting] FindFilledBlock: found at 1641,1155 (69x69 0x00FF00 tol=5, 0 ms)
2026-08-03 00:01:46 [woodcutting] Clicked initial/re-click target at 1641,1155 (search 0 ms)
2026-08-03 00:01:46 [woodcutting] ReleasePendingModifiersNow: released Ctrl
2026-08-03 00:01:47 [woodcutting] FindFilledBlock: not found (69x69 0x00FF00 tol=5, 31 ms)
2026-08-03 00:01:47 [woodcutting] Track: search missed this tick, but anchor point 1641,1155 is still 0x00FF00 - holding current target, not switching
2026-08-03 00:01:47 [woodcutting] Tracking not-yet-stable target at 1641,1155 (search 31 ms)
2026-08-03 00:01:47 [woodcutting] FindFilledBlock: found at 1641,1155 (69x69 0x00FF00 tol=5, 16 ms)
2026-08-03 00:01:47 [woodcutting] Tracking stable target at 1641,1155 (search 16 ms)
2026-08-03 00:01:47 [woodcutting] FindFilledBlock: found at 1641,1155 (69x69 0x00FF00 tol=5, 15 ms)
2026-08-03 00:01:47 [woodcutting] Tracking stable target at 1641,1155 (search 15 ms)
2026-08-03 00:01:47 [woodcutting] FindFilledBlock: found at 1641,1155 (69x69 0x00FF00 tol=5, 0 ms)
2026-08-03 00:01:47 [woodcutting] Tracking stable target at 1641,1155 (search 0 ms)
2026-08-03 00:01:47 [woodcutting] FindFilledBlock: found at 1645,1155 (69x69 0x00FF00 tol=5, 16 ms)
2026-08-03 00:01:47 [woodcutting] Tracking stable target at 1645,1155 (search 16 ms)
2026-08-03 00:01:47 [woodcutting] FindFilledBlock: found at 1651,1155 (69x69 0x00FF00 tol=5, 0 ms)
2026-08-03 00:01:47 [woodcutting] Tracking not-yet-stable target at 1651,1155 (search 0 ms)
2026-08-03 00:01:48 [woodcutting] FindFilledBlock: found at 1665,1155 (69x69 0x00FF00 tol=5, 15 ms)
2026-08-03 00:01:48 [woodcutting] Tracking not-yet-stable target at 1665,1155 (search 15 ms)
2026-08-03 00:01:48 [woodcutting] FindFilledBlock: found at 1683,1155 (69x69 0x00FF00 tol=5, 0 ms)
2026-08-03 00:01:48 [woodcutting] Tracking not-yet-stable target at 1683,1155 (search 0 ms)
2026-08-03 00:01:48 [woodcutting] FindFilledBlock: found at 1703,1155 (69x69 0x00FF00 tol=5, 16 ms)
2026-08-03 00:01:48 [woodcutting] Tracking not-yet-stable target at 1703,1155 (search 16 ms)
2026-08-03 00:01:48 [woodcutting] FindFilledBlock: found at 1727,1151 (69x69 0x00FF00 tol=5, 16 ms)
2026-08-03 00:01:48 [woodcutting] Tracking not-yet-stable target at 1727,1151 (search 16 ms)
2026-08-03 00:01:48 [woodcutting] FindFilledBlock: found at 1735,1145 (69x69 0x00FF00 tol=5, 0 ms)
2026-08-03 00:01:48 [woodcutting] Tracking not-yet-stable target at 1735,1145 (search 0 ms)
2026-08-03 00:01:48 [woodcutting] FindFilledBlock: found at 1753,1109 (69x69 0x00FF00 tol=5, 16 ms)
2026-08-03 00:01:48 [woodcutting] Tracking not-yet-stable target at 1753,1109 (search 16 ms)
2026-08-03 00:01:49 [woodcutting] FindFilledBlock: found at 1757,1091 (69x69 0x00FF00 tol=5, 0 ms)
2026-08-03 00:01:49 [woodcutting] Tracking not-yet-stable target at 1757,1091 (search 0 ms)
2026-08-03 00:01:49 [woodcutting] FindFilledBlock: found at 1759,1071 (69x69 0x00FF00 tol=5, 15 ms)
2026-08-03 00:01:49 [woodcutting] Tracking not-yet-stable target at 1759,1071 (search 15 ms)
2026-08-03 00:08:56 [woodcutting] woodcutting: ready - F5 run, F6 stop, F12 exit
2026-08-03 00:09:05 [woodcutting] woodcutting: session length rolled at 10800000ms / 180.0 min
2026-08-03 00:09:05 [woodcutting] FindFilledBlock: found at 1349,707 (69x69 0x00FF00 tol=5, 15 ms)
2026-08-03 00:09:05 [woodcutting] FindFilledBlock: not found (69x69 0x00B809 tol=5, 0 ms)
2026-08-03 00:09:05 [woodcutting] Acquired new target at 1349,707 (0x00FF00, ring 160, 15 ms)
2026-08-03 00:09:05 [woodcutting] FindFilledBlock: found at 1349,707 (69x69 0x00FF00 tol=5, 0 ms)
2026-08-03 00:09:05 [woodcutting] Clicked initial/re-click target at 1349,707 (search 0 ms)
2026-08-03 00:09:05 [woodcutting] ReleasePendingModifiersNow: released Ctrl
2026-08-03 00:09:05 [woodcutting] TrackAndClick: drifting after click (322px)
2026-08-03 00:09:05 [woodcutting] FindFilledBlock: found at 1349,707 (69x69 0x00FF00 tol=5, 0 ms)
2026-08-03 00:09:05 [woodcutting] Tracking not-yet-stable target at 1349,707 (search 0 ms)
2026-08-03 00:09:06 [woodcutting] FindFilledBlock: found at 1349,707 (69x69 0x00FF00 tol=5, 15 ms)
2026-08-03 00:09:06 [woodcutting] Tracking stable target at 1349,707 (search 15 ms)
2026-08-03 00:09:06 [woodcutting] FindFilledBlock: found at 1349,707 (69x69 0x00FF00 tol=5, 16 ms)
2026-08-03 00:09:06 [woodcutting] Tracking stable target at 1349,707 (search 16 ms)
2026-08-03 00:09:06 [woodcutting] FindFilledBlock: found at 1349,707 (69x69 0x00FF00 tol=5, 0 ms)
2026-08-03 00:09:06 [woodcutting] Tracking stable target at 1349,707 (search 0 ms)
2026-08-03 00:09:06 [woodcutting] FindFilledBlock: found at 1349,707 (69x69 0x00FF00 tol=5, 15 ms)
2026-08-03 00:09:06 [woodcutting] Tracking stable target at 1349,707 (search 15 ms)
2026-08-03 00:09:06 [woodcutting] FindFilledBlock: found at 1349,707 (69x69 0x00FF00 tol=5, 16 ms)
2026-08-03 00:09:06 [woodcutting] Tracking stable target at 1349,707 (search 16 ms)
2026-08-03 00:09:06 [woodcutting] FindFilledBlock: found at 1349,707 (69x69 0x00FF00 tol=5, 0 ms)
2026-08-03 00:09:06 [woodcutting] Tracking stable target at 1349,707 (search 0 ms)
2026-08-03 00:09:06 [woodcutting] FindFilledBlock: found at 1349,707 (69x69 0x00FF00 tol=5, 0 ms)
2026-08-03 00:09:06 [woodcutting] Tracking stable target at 1349,707 (search 0 ms)
2026-08-03 00:09:07 [woodcutting] FindFilledBlock: found at 1349,707 (69x69 0x00FF00 tol=5, 0 ms)
2026-08-03 00:09:07 [woodcutting] Tracking stable target at 1349,707 (search 0 ms)
2026-08-03 00:09:07 [woodcutting] MaybeWander: idle-wandering while waiting
2026-08-03 00:09:08 [woodcutting] FindFilledBlock: found at 1349,707 (69x69 0x00FF00 tol=5, 16 ms)
2026-08-03 00:09:08 [woodcutting] Tracking stable target at 1349,707 (search 16 ms)
2026-08-03 00:09:09 [woodcutting] FindFilledBlock: found at 1349,707 (69x69 0x00FF00 tol=5, 0 ms)
2026-08-03 00:09:09 [woodcutting] Tracking stable target at 1349,707 (search 0 ms)
2026-08-03 00:09:09 [woodcutting] FindFilledBlock: found at 1349,707 (69x69 0x00FF00 tol=5, 16 ms)
2026-08-03 00:09:09 [woodcutting] Tracking stable target at 1349,707 (search 16 ms)
2026-08-03 00:09:09 [woodcutting] FindFilledBlock: found at 1349,707 (69x69 0x00FF00 tol=5, 15 ms)
2026-08-03 00:09:09 [woodcutting] Tracking stable target at 1349,707 (search 15 ms)
2026-08-03 00:09:09 [woodcutting] FindFilledBlock: found at 1349,707 (69x69 0x00FF00 tol=5, 16 ms)
2026-08-03 00:09:09 [woodcutting] Tracking stable target at 1349,707 (search 16 ms)
2026-08-03 00:09:09 [woodcutting] FindFilledBlock: found at 1349,707 (69x69 0x00FF00 tol=5, 16 ms)
2026-08-03 00:09:09 [woodcutting] Tracking stable target at 1349,707 (search 16 ms)
2026-08-03 00:09:09 [woodcutting] FindFilledBlock: found at 1349,707 (69x69 0x00FF00 tol=5, 16 ms)
2026-08-03 00:09:09 [woodcutting] Tracking stable target at 1349,707 (search 16 ms)
2026-08-03 00:09:09 [woodcutting] FindFilledBlock: found at 1349,707 (69x69 0x00FF00 tol=5, 16 ms)
2026-08-03 00:09:09 [woodcutting] Tracking stable target at 1349,707 (search 16 ms)
2026-08-03 00:09:10 [woodcutting] FindFilledBlock: found at 1349,707 (69x69 0x00FF00 tol=5, 0 ms)
2026-08-03 00:09:10 [woodcutting] Tracking stable target at 1349,707 (search 15 ms)
2026-08-03 00:09:10 [woodcutting] FindFilledBlock: found at 1349,707 (69x69 0x00FF00 tol=5, 16 ms)
2026-08-03 00:09:10 [woodcutting] Tracking stable target at 1349,707 (search 16 ms)
2026-08-03 00:09:10 [woodcutting] FindFilledBlock: found at 1349,707 (69x69 0x00FF00 tol=5, 0 ms)
2026-08-03 00:09:10 [woodcutting] Tracking stable target at 1349,707 (search 0 ms)
2026-08-03 00:09:10 [woodcutting] FindFilledBlock: found at 1349,707 (69x69 0x00FF00 tol=5, 15 ms)
2026-08-03 00:09:10 [woodcutting] Tracking stable target at 1349,707 (search 15 ms)
2026-08-03 00:09:10 [woodcutting] FindFilledBlock: found at 1349,707 (69x69 0x00FF00 tol=5, 0 ms)
2026-08-03 00:09:10 [woodcutting] Tracking stable target at 1349,707 (search 0 ms)
2026-08-03 00:09:10 [woodcutting] FindFilledBlock: found at 1349,707 (69x69 0x00FF00 tol=5, 16 ms)
2026-08-03 00:09:10 [woodcutting] Tracking stable target at 1349,707 (search 16 ms)
2026-08-03 00:09:11 [woodcutting] FindFilledBlock: found at 1349,707 (69x69 0x00FF00 tol=5, 0 ms)
2026-08-03 00:09:11 [woodcutting] Tracking stable target at 1349,707 (search 0 ms)
2026-08-03 00:09:11 [woodcutting] FindFilledBlock: found at 1349,707 (69x69 0x00FF00 tol=5, 15 ms)
2026-08-03 00:09:11 [woodcutting] Tracking stable target at 1349,707 (search 15 ms)
2026-08-03 00:09:11 [woodcutting] FindFilledBlock: found at 1349,707 (69x69 0x00FF00 tol=5, 0 ms)
2026-08-03 00:09:11 [woodcutting] Tracking stable target at 1349,707 (search 0 ms)
2026-08-03 00:09:11 [woodcutting] FindFilledBlock: found at 1349,707 (69x69 0x00FF00 tol=5, 15 ms)
2026-08-03 00:09:11 [woodcutting] Tracking stable target at 1349,707 (search 15 ms)
2026-08-03 00:09:11 [woodcutting] FindFilledBlock: found at 1349,707 (69x69 0x00FF00 tol=5, 0 ms)
2026-08-03 00:09:11 [woodcutting] Tracking stable target at 1349,707 (search 0 ms)
2026-08-03 00:09:11 [woodcutting] FindFilledBlock: found at 1349,707 (69x69 0x00FF00 tol=5, 0 ms)
2026-08-03 00:09:11 [woodcutting] Tracking stable target at 1349,707 (search 0 ms)
2026-08-03 00:09:11 [woodcutting] FindFilledBlock: found at 1349,707 (69x69 0x00FF00 tol=5, 0 ms)
2026-08-03 00:09:11 [woodcutting] Tracking stable target at 1349,707 (search 0 ms)
2026-08-03 00:09:12 [woodcutting] FindFilledBlock: found at 1349,707 (69x69 0x00FF00 tol=5, 15 ms)
2026-08-03 00:09:12 [woodcutting] Tracking stable target at 1349,707 (search 15 ms)
2026-08-03 00:09:12 [woodcutting] FindFilledBlock: found at 1349,707 (69x69 0x00FF00 tol=5, 0 ms)
2026-08-03 00:09:12 [woodcutting] Tracking stable target at 1349,707 (search 0 ms)
2026-08-03 00:09:12 [woodcutting] FindFilledBlock: found at 1349,707 (69x69 0x00FF00 tol=5, 16 ms)
2026-08-03 00:09:12 [woodcutting] Tracking stable target at 1349,707 (search 16 ms)
2026-08-03 00:09:12 [woodcutting] FindFilledBlock: found at 1349,707 (69x69 0x00FF00 tol=5, 0 ms)
2026-08-03 00:09:12 [woodcutting] Tracking stable target at 1349,707 (search 0 ms)
2026-08-03 00:09:12 [woodcutting] FindFilledBlock: found at 1349,707 (69x69 0x00FF00 tol=5, 0 ms)
2026-08-03 00:09:12 [woodcutting] Tracking stable target at 1349,707 (search 0 ms)
2026-08-03 00:09:12 [woodcutting] FindFilledBlock: found at 1349,707 (69x69 0x00FF00 tol=5, 15 ms)
2026-08-03 00:09:12 [woodcutting] Tracking stable target at 1349,707 (search 15 ms)
2026-08-03 00:09:13 [woodcutting] FindFilledBlock: found at 1349,707 (69x69 0x00FF00 tol=5, 0 ms)
2026-08-03 00:09:13 [woodcutting] Tracking stable target at 1349,707 (search 0 ms)
2026-08-03 00:09:13 [woodcutting] FindFilledBlock: found at 1349,707 (69x69 0x00FF00 tol=5, 16 ms)
2026-08-03 00:09:13 [woodcutting] Tracking stable target at 1349,707 (search 16 ms)
2026-08-03 00:09:13 [woodcutting] FindFilledBlock: found at 1349,707 (69x69 0x00FF00 tol=5, 0 ms)
2026-08-03 00:09:13 [woodcutting] Tracking stable target at 1349,707 (search 0 ms)
2026-08-03 00:09:13 [woodcutting] FindFilledBlock: found at 1349,707 (69x69 0x00FF00 tol=5, 15 ms)
2026-08-03 00:09:13 [woodcutting] Tracking stable target at 1349,707 (search 15 ms)
2026-08-03 00:09:13 [woodcutting] FindFilledBlock: found at 1349,707 (69x69 0x00FF00 tol=5, 0 ms)
2026-08-03 00:09:13 [woodcutting] Tracking stable target at 1349,707 (search 0 ms)
2026-08-03 00:09:13 [woodcutting] FindFilledBlock: found at 1349,707 (69x69 0x00FF00 tol=5, 16 ms)
2026-08-03 00:09:13 [woodcutting] Tracking stable target at 1349,707 (search 16 ms)
2026-08-03 00:09:13 [woodcutting] FindFilledBlock: found at 1349,707 (69x69 0x00FF00 tol=5, 0 ms)
2026-08-03 00:09:13 [woodcutting] Tracking stable target at 1349,707 (search 0 ms)
2026-08-03 00:09:14 [woodcutting] FindFilledBlock: found at 1349,707 (69x69 0x00FF00 tol=5, 16 ms)
2026-08-03 00:09:14 [woodcutting] Tracking stable target at 1349,707 (search 16 ms)
2026-08-03 00:09:14 [woodcutting] FindFilledBlock: found at 1349,707 (69x69 0x00FF00 tol=5, 0 ms)
2026-08-03 00:09:14 [woodcutting] Tracking stable target at 1349,707 (search 16 ms)
2026-08-03 00:09:14 [woodcutting] FindFilledBlock: found at 1349,707 (69x69 0x00FF00 tol=5, 0 ms)
2026-08-03 00:09:14 [woodcutting] Tracking stable target at 1349,707 (search 0 ms)
2026-08-03 00:09:14 [woodcutting] FindFilledBlock: found at 1349,707 (69x69 0x00FF00 tol=5, 16 ms)
2026-08-03 00:09:14 [woodcutting] Tracking stable target at 1349,707 (search 16 ms)
2026-08-03 00:09:14 [woodcutting] FindFilledBlock: found at 1349,707 (69x69 0x00FF00 tol=5, 0 ms)
2026-08-03 00:09:14 [woodcutting] Tracking stable target at 1349,707 (search 0 ms)
2026-08-03 00:09:14 [woodcutting] FindFilledBlock: found at 1349,707 (69x69 0x00FF00 tol=5, 0 ms)
2026-08-03 00:09:14 [woodcutting] Tracking stable target at 1349,707 (search 0 ms)
2026-08-03 00:09:15 [woodcutting] FindFilledBlock: found at 1349,707 (69x69 0x00FF00 tol=5, 0 ms)
2026-08-03 00:09:15 [woodcutting] Tracking stable target at 1349,707 (search 0 ms)
2026-08-03 00:09:15 [woodcutting] FindFilledBlock: found at 1349,707 (69x69 0x00FF00 tol=5, 0 ms)
2026-08-03 00:09:15 [woodcutting] Tracking stable target at 1349,707 (search 0 ms)
2026-08-03 00:09:15 [woodcutting] FindFilledBlock: found at 1349,707 (69x69 0x00FF00 tol=5, 0 ms)
2026-08-03 00:09:15 [woodcutting] Tracking stable target at 1349,707 (search 0 ms)
2026-08-03 00:09:15 [woodcutting] FindFilledBlock: found at 1349,707 (69x69 0x00FF00 tol=5, 0 ms)
2026-08-03 00:09:15 [woodcutting] Tracking stable target at 1349,707 (search 0 ms)
2026-08-03 00:09:15 [woodcutting] MaybeWander: idle-wandering while waiting
2026-08-03 00:09:16 [woodcutting] FindFilledBlock: found at 1349,707 (69x69 0x00FF00 tol=5, 16 ms)
2026-08-03 00:09:16 [woodcutting] Tracking stable target at 1349,707 (search 16 ms)
2026-08-03 00:09:16 [woodcutting] FindFilledBlock: found at 1349,707 (69x69 0x00FF00 tol=5, 0 ms)
2026-08-03 00:09:16 [woodcutting] Tracking stable target at 1349,707 (search 15 ms)
2026-08-03 00:09:16 [woodcutting] FindFilledBlock: found at 1349,707 (69x69 0x00FF00 tol=5, 16 ms)
2026-08-03 00:09:16 [woodcutting] Tracking stable target at 1349,707 (search 16 ms)
2026-08-03 00:09:16 [woodcutting] FindFilledBlock: found at 1349,707 (69x69 0x00FF00 tol=5, 15 ms)
2026-08-03 00:09:16 [woodcutting] Tracking stable target at 1349,707 (search 15 ms)
2026-08-03 00:09:17 [woodcutting] FindFilledBlock: found at 1349,707 (69x69 0x00FF00 tol=5, 0 ms)
2026-08-03 00:09:17 [woodcutting] Tracking stable target at 1349,707 (search 16 ms)
2026-08-03 00:09:17 [woodcutting] FindFilledBlock: found at 1349,707 (69x69 0x00FF00 tol=5, 15 ms)
2026-08-03 00:09:17 [woodcutting] Tracking stable target at 1349,707 (search 15 ms)
2026-08-03 00:09:17 [woodcutting] FindFilledBlock: found at 1349,707 (69x69 0x00FF00 tol=5, 16 ms)
2026-08-03 00:09:17 [woodcutting] Tracking stable target at 1349,707 (search 16 ms)
2026-08-03 00:09:17 [woodcutting] FindFilledBlock: found at 1349,707 (69x69 0x00FF00 tol=5, 16 ms)
2026-08-03 00:09:17 [woodcutting] Tracking stable target at 1349,707 (search 16 ms)
2026-08-03 00:09:17 [woodcutting] FindFilledBlock: found at 1349,707 (69x69 0x00FF00 tol=5, 0 ms)
2026-08-03 00:09:17 [woodcutting] Tracking stable target at 1349,707 (search 0 ms)
2026-08-03 00:09:17 [woodcutting] FindFilledBlock: found at 1349,707 (69x69 0x00FF00 tol=5, 15 ms)
2026-08-03 00:09:17 [woodcutting] Tracking stable target at 1349,707 (search 15 ms)
2026-08-03 00:09:18 [woodcutting] FindFilledBlock: found at 1349,707 (69x69 0x00FF00 tol=5, 15 ms)
2026-08-03 00:09:18 [woodcutting] Tracking stable target at 1349,707 (search 15 ms)
2026-08-03 00:09:18 [woodcutting] FindFilledBlock: found at 1349,707 (69x69 0x00FF00 tol=5, 16 ms)
2026-08-03 00:09:18 [woodcutting] Tracking stable target at 1349,707 (search 16 ms)
2026-08-03 00:09:18 [woodcutting] FindFilledBlock: found at 1349,707 (69x69 0x00FF00 tol=5, 16 ms)
2026-08-03 00:09:18 [woodcutting] Tracking stable target at 1349,707 (search 16 ms)
2026-08-03 00:09:18 [woodcutting] FindFilledBlock: found at 1349,707 (69x69 0x00FF00 tol=5, 15 ms)
2026-08-03 00:09:18 [woodcutting] Tracking stable target at 1349,707 (search 15 ms)
2026-08-03 00:09:18 [woodcutting] FindFilledBlock: found at 1349,707 (69x69 0x00FF00 tol=5, 16 ms)
2026-08-03 00:09:18 [woodcutting] Tracking stable target at 1349,707 (search 16 ms)
2026-08-03 00:09:18 [woodcutting] FindFilledBlock: found at 1349,707 (69x69 0x00FF00 tol=5, 16 ms)
2026-08-03 00:09:18 [woodcutting] Tracking stable target at 1349,707 (search 16 ms)
2026-08-03 00:09:18 [woodcutting] FindFilledBlock: found at 1349,707 (69x69 0x00FF00 tol=5, 0 ms)
2026-08-03 00:09:18 [woodcutting] Tracking stable target at 1349,707 (search 0 ms)
2026-08-03 00:09:19 [woodcutting] FindFilledBlock: found at 1349,707 (69x69 0x00FF00 tol=5, 16 ms)
2026-08-03 00:09:19 [woodcutting] Tracking stable target at 1349,707 (search 16 ms)
2026-08-03 00:09:19 [woodcutting] FindFilledBlock: found at 1349,707 (69x69 0x00FF00 tol=5, 15 ms)
2026-08-03 00:09:19 [woodcutting] Tracking stable target at 1349,707 (search 15 ms)
2026-08-03 00:09:19 [woodcutting] FindFilledBlock: found at 1349,707 (69x69 0x00FF00 tol=5, 16 ms)
2026-08-03 00:09:19 [woodcutting] Tracking stable target at 1349,707 (search 16 ms)
2026-08-03 00:09:19 [woodcutting] FindFilledBlock: found at 1349,707 (69x69 0x00FF00 tol=5, 16 ms)
2026-08-03 00:09:19 [woodcutting] Tracking stable target at 1349,707 (search 16 ms)
2026-08-03 00:09:19 [woodcutting] FindFilledBlock: found at 1349,707 (69x69 0x00FF00 tol=5, 0 ms)
2026-08-03 00:09:19 [woodcutting] Tracking stable target at 1349,707 (search 0 ms)
2026-08-03 00:09:19 [woodcutting] MaybeWander: idle-wandering while waiting
2026-08-03 00:09:22 [woodcutting] FindFilledBlock: found at 1349,707 (69x69 0x00FF00 tol=5, 0 ms)
2026-08-03 00:09:22 [woodcutting] Tracking stable target at 1349,707 (search 0 ms)
2026-08-03 00:09:22 [woodcutting] MaybeWander: idle-wandering while waiting
2026-08-03 00:09:26 [woodcutting] FindFilledBlock: found at 1349,707 (69x69 0x00FF00 tol=5, 0 ms)
2026-08-03 00:09:26 [woodcutting] Tracking stable target at 1349,707 (search 0 ms)
2026-08-03 00:09:26 [woodcutting] FindFilledBlock: found at 1349,707 (69x69 0x00FF00 tol=5, 15 ms)
2026-08-03 00:09:26 [woodcutting] Tracking stable target at 1349,707 (search 15 ms)
2026-08-03 00:09:26 [woodcutting] FindFilledBlock: found at 1349,707 (69x69 0x00FF00 tol=5, 16 ms)
2026-08-03 00:09:26 [woodcutting] Tracking stable target at 1349,707 (search 16 ms)
2026-08-03 00:09:26 [woodcutting] FindFilledBlock: found at 1349,707 (69x69 0x00FF00 tol=5, 0 ms)
2026-08-03 00:09:26 [woodcutting] Tracking stable target at 1349,707 (search 0 ms)
2026-08-03 00:09:26 [woodcutting] FindFilledBlock: found at 1349,707 (69x69 0x00FF00 tol=5, 16 ms)
2026-08-03 00:09:26 [woodcutting] Tracking stable target at 1349,707 (search 16 ms)
2026-08-03 00:09:26 [woodcutting] FindFilledBlock: found at 1349,707 (69x69 0x00FF00 tol=5, 16 ms)
2026-08-03 00:09:26 [woodcutting] Tracking stable target at 1349,707 (search 16 ms)
2026-08-03 00:09:27 [woodcutting] FindFilledBlock: found at 1349,707 (69x69 0x00FF00 tol=5, 0 ms)
2026-08-03 00:09:27 [woodcutting] Tracking stable target at 1349,707 (search 0 ms)
2026-08-03 00:09:27 [woodcutting] FindFilledBlock: found at 1349,707 (69x69 0x00FF00 tol=5, 15 ms)
2026-08-03 00:09:27 [woodcutting] Tracking stable target at 1349,707 (search 15 ms)
2026-08-03 00:09:27 [woodcutting] FindFilledBlock: found at 1349,707 (69x69 0x00FF00 tol=5, 16 ms)
2026-08-03 00:09:27 [woodcutting] Tracking stable target at 1349,707 (search 16 ms)
2026-08-03 00:09:27 [woodcutting] FindFilledBlock: found at 1349,707 (69x69 0x00FF00 tol=5, 16 ms)
2026-08-03 00:09:27 [woodcutting] Tracking stable target at 1349,707 (search 16 ms)
2026-08-03 00:09:27 [woodcutting] FindFilledBlock: found at 1349,707 (69x69 0x00FF00 tol=5, 15 ms)
2026-08-03 00:09:27 [woodcutting] Tracking stable target at 1349,707 (search 15 ms)
2026-08-03 00:09:27 [woodcutting] FindFilledBlock: found at 1349,707 (69x69 0x00FF00 tol=5, 16 ms)
2026-08-03 00:09:27 [woodcutting] Tracking stable target at 1349,707 (search 16 ms)
2026-08-03 00:09:27 [woodcutting] FindFilledBlock: found at 1349,707 (69x69 0x00FF00 tol=5, 0 ms)
2026-08-03 00:09:27 [woodcutting] Tracking stable target at 1349,707 (search 0 ms)
2026-08-03 00:09:28 [woodcutting] FindFilledBlock: found at 1349,707 (69x69 0x00FF00 tol=5, 15 ms)
2026-08-03 00:09:28 [woodcutting] Tracking stable target at 1349,707 (search 15 ms)
2026-08-03 00:09:28 [woodcutting] FindFilledBlock: found at 1349,707 (69x69 0x00FF00 tol=5, 16 ms)
2026-08-03 00:09:28 [woodcutting] Tracking stable target at 1349,707 (search 16 ms)
2026-08-03 00:09:28 [woodcutting] FindFilledBlock: found at 1349,707 (69x69 0x00FF00 tol=5, 0 ms)
2026-08-03 00:09:28 [woodcutting] Tracking stable target at 1349,707 (search 0 ms)
2026-08-03 00:09:28 [woodcutting] FindFilledBlock: found at 1349,707 (69x69 0x00FF00 tol=5, 16 ms)
2026-08-03 00:09:28 [woodcutting] Tracking stable target at 1349,707 (search 16 ms)
2026-08-03 00:09:28 [woodcutting] FindFilledBlock: found at 1349,707 (69x69 0x00FF00 tol=5, 16 ms)
2026-08-03 00:09:28 [woodcutting] Tracking stable target at 1349,707 (search 16 ms)
2026-08-03 00:09:28 [woodcutting] FindFilledBlock: found at 1349,707 (69x69 0x00FF00 tol=5, 0 ms)
2026-08-03 00:09:28 [woodcutting] Tracking stable target at 1349,707 (search 0 ms)
2026-08-03 00:09:28 [woodcutting] FindFilledBlock: found at 1349,707 (69x69 0x00FF00 tol=5, 15 ms)
2026-08-03 00:09:28 [woodcutting] Tracking stable target at 1349,707 (search 15 ms)
2026-08-03 00:09:29 [woodcutting] FindFilledBlock: found at 1349,707 (69x69 0x00FF00 tol=5, 0 ms)
2026-08-03 00:09:29 [woodcutting] Tracking stable target at 1349,707 (search 0 ms)
2026-08-03 00:09:29 [woodcutting] FindFilledBlock: found at 1349,707 (69x69 0x00FF00 tol=5, 0 ms)
2026-08-03 00:09:29 [woodcutting] Tracking stable target at 1349,707 (search 0 ms)
2026-08-03 00:09:29 [woodcutting] FindFilledBlock: found at 1349,707 (69x69 0x00FF00 tol=5, 0 ms)
2026-08-03 00:09:29 [woodcutting] Tracking stable target at 1349,707 (search 0 ms)
2026-08-03 00:09:29 [woodcutting] FindFilledBlock: found at 1349,707 (69x69 0x00FF00 tol=5, 0 ms)
2026-08-03 00:09:29 [woodcutting] Tracking stable target at 1349,707 (search 0 ms)
2026-08-03 00:09:29 [woodcutting] FindFilledBlock: found at 1349,707 (69x69 0x00FF00 tol=5, 0 ms)
2026-08-03 00:09:29 [woodcutting] Tracking stable target at 1349,707 (search 15 ms)
2026-08-03 00:09:29 [woodcutting] FindFilledBlock: found at 1349,707 (69x69 0x00FF00 tol=5, 0 ms)
2026-08-03 00:09:29 [woodcutting] Tracking stable target at 1349,707 (search 0 ms)
2026-08-03 00:09:30 [woodcutting] FindFilledBlock: found at 1349,707 (69x69 0x00FF00 tol=5, 0 ms)
2026-08-03 00:09:30 [woodcutting] Tracking stable target at 1349,707 (search 0 ms)
2026-08-03 00:09:30 [woodcutting] FindFilledBlock: found at 1349,707 (69x69 0x00FF00 tol=5, 16 ms)
2026-08-03 00:09:30 [woodcutting] Tracking stable target at 1349,707 (search 16 ms)
2026-08-03 00:09:30 [woodcutting] FindFilledBlock: found at 1349,707 (69x69 0x00FF00 tol=5, 0 ms)
2026-08-03 00:09:30 [woodcutting] Tracking stable target at 1349,707 (search 0 ms)
2026-08-03 00:09:30 [woodcutting] FindFilledBlock: found at 1349,707 (69x69 0x00FF00 tol=5, 16 ms)
2026-08-03 00:09:30 [woodcutting] Tracking stable target at 1349,707 (search 16 ms)
2026-08-03 00:09:30 [woodcutting] FindFilledBlock: found at 1349,707 (69x69 0x00FF00 tol=5, 15 ms)
2026-08-03 00:09:30 [woodcutting] Tracking stable target at 1349,707 (search 15 ms)
2026-08-03 00:09:30 [woodcutting] FindFilledBlock: found at 1349,707 (69x69 0x00FF00 tol=5, 16 ms)
2026-08-03 00:09:30 [woodcutting] Tracking stable target at 1349,707 (search 16 ms)
2026-08-03 00:09:30 [woodcutting] FindFilledBlock: found at 1349,707 (69x69 0x00FF00 tol=5, 16 ms)
2026-08-03 00:09:30 [woodcutting] Tracking stable target at 1349,707 (search 16 ms)
2026-08-03 00:09:31 [woodcutting] FindFilledBlock: found at 1349,707 (69x69 0x00FF00 tol=5, 0 ms)
2026-08-03 00:09:31 [woodcutting] Tracking stable target at 1349,707 (search 0 ms)
2026-08-03 00:09:31 [woodcutting] FindFilledBlock: found at 1349,707 (69x69 0x00FF00 tol=5, 16 ms)
2026-08-03 00:09:31 [woodcutting] Tracking stable target at 1349,707 (search 16 ms)
2026-08-03 00:09:31 [woodcutting] FindFilledBlock: found at 1349,707 (69x69 0x00FF00 tol=5, 0 ms)
2026-08-03 00:09:31 [woodcutting] Tracking stable target at 1349,707 (search 0 ms)
2026-08-03 00:09:31 [woodcutting] FindFilledBlock: found at 1349,707 (69x69 0x00FF00 tol=5, 16 ms)
2026-08-03 00:09:31 [woodcutting] Tracking stable target at 1349,707 (search 16 ms)
2026-08-03 00:09:31 [woodcutting] FindFilledBlock: found at 1349,707 (69x69 0x00FF00 tol=5, 0 ms)
2026-08-03 00:09:31 [woodcutting] Tracking stable target at 1349,707 (search 0 ms)
2026-08-03 00:09:31 [woodcutting] FindFilledBlock: found at 1349,707 (69x69 0x00FF00 tol=5, 15 ms)
2026-08-03 00:09:31 [woodcutting] Tracking stable target at 1349,707 (search 15 ms)
2026-08-03 00:09:31 [woodcutting] FindFilledBlock: found at 1349,707 (69x69 0x00FF00 tol=5, 0 ms)
2026-08-03 00:09:31 [woodcutting] Tracking stable target at 1349,707 (search 0 ms)
2026-08-03 00:09:32 [woodcutting] FindFilledBlock: found at 1349,707 (69x69 0x00FF00 tol=5, 16 ms)
2026-08-03 00:09:32 [woodcutting] Tracking stable target at 1349,707 (search 16 ms)
2026-08-03 00:09:32 [woodcutting] FindFilledBlock: found at 1349,707 (69x69 0x00FF00 tol=5, 0 ms)
2026-08-03 00:09:32 [woodcutting] Tracking stable target at 1349,707 (search 0 ms)
2026-08-03 00:09:32 [woodcutting] FindFilledBlock: found at 1349,707 (69x69 0x00FF00 tol=5, 15 ms)
2026-08-03 00:09:32 [woodcutting] Tracking stable target at 1349,707 (search 15 ms)
2026-08-03 00:09:32 [woodcutting] FindFilledBlock: found at 1349,707 (69x69 0x00FF00 tol=5, 0 ms)
2026-08-03 00:09:32 [woodcutting] Tracking stable target at 1349,707 (search 0 ms)
2026-08-03 00:09:32 [woodcutting] FindFilledBlock: found at 1349,707 (69x69 0x00FF00 tol=5, 16 ms)
2026-08-03 00:09:32 [woodcutting] Tracking stable target at 1349,707 (search 16 ms)
2026-08-03 00:09:32 [woodcutting] FindFilledBlock: found at 1349,707 (69x69 0x00FF00 tol=5, 0 ms)
2026-08-03 00:09:32 [woodcutting] Tracking stable target at 1349,707 (search 0 ms)
2026-08-03 00:09:33 [woodcutting] FindFilledBlock: found at 1349,707 (69x69 0x00FF00 tol=5, 15 ms)
2026-08-03 00:09:33 [woodcutting] Tracking stable target at 1349,707 (search 15 ms)
2026-08-03 00:09:33 [woodcutting] FindFilledBlock: found at 1349,707 (69x69 0x00FF00 tol=5, 16 ms)
2026-08-03 00:09:33 [woodcutting] Tracking stable target at 1349,707 (search 16 ms)
2026-08-03 00:09:33 [woodcutting] FindFilledBlock: found at 1349,707 (69x69 0x00FF00 tol=5, 16 ms)
2026-08-03 00:09:33 [woodcutting] Tracking stable target at 1349,707 (search 16 ms)
2026-08-03 00:09:33 [woodcutting] FindFilledBlock: found at 1349,707 (69x69 0x00FF00 tol=5, 16 ms)
2026-08-03 00:09:33 [woodcutting] Tracking stable target at 1349,707 (search 16 ms)
2026-08-03 00:09:33 [woodcutting] FindFilledBlock: found at 1349,707 (69x69 0x00FF00 tol=5, 0 ms)
2026-08-03 00:09:33 [woodcutting] Tracking stable target at 1349,707 (search 0 ms)
2026-08-03 00:09:33 [woodcutting] FindFilledBlock: found at 1349,707 (69x69 0x00FF00 tol=5, 16 ms)
2026-08-03 00:09:33 [woodcutting] Tracking stable target at 1349,707 (search 16 ms)
2026-08-03 00:09:33 [woodcutting] FindFilledBlock: found at 1349,707 (69x69 0x00FF00 tol=5, 16 ms)
2026-08-03 00:09:33 [woodcutting] Tracking stable target at 1349,707 (search 16 ms)
2026-08-03 00:09:34 [woodcutting] FindFilledBlock: found at 1349,707 (69x69 0x00FF00 tol=5, 0 ms)
2026-08-03 00:09:34 [woodcutting] Tracking stable target at 1349,707 (search 0 ms)
2026-08-03 00:09:34 [woodcutting] FindFilledBlock: found at 1349,707 (69x69 0x00FF00 tol=5, 15 ms)
2026-08-03 00:09:34 [woodcutting] Tracking stable target at 1349,707 (search 15 ms)
2026-08-03 00:09:34 [woodcutting] FindFilledBlock: found at 1349,707 (69x69 0x00FF00 tol=5, 0 ms)
2026-08-03 00:09:34 [woodcutting] Tracking stable target at 1349,707 (search 0 ms)
2026-08-03 00:09:34 [woodcutting] FindFilledBlock: found at 1349,707 (69x69 0x00FF00 tol=5, 16 ms)
2026-08-03 00:09:34 [woodcutting] Tracking stable target at 1349,707 (search 16 ms)
2026-08-03 00:09:34 [woodcutting] FindFilledBlock: found at 1349,707 (69x69 0x00FF00 tol=5, 15 ms)
2026-08-03 00:09:34 [woodcutting] Tracking stable target at 1349,707 (search 15 ms)
2026-08-03 00:09:34 [woodcutting] FindFilledBlock: found at 1349,707 (69x69 0x00FF00 tol=5, 16 ms)
2026-08-03 00:09:34 [woodcutting] Tracking stable target at 1349,707 (search 16 ms)
2026-08-03 00:09:35 [woodcutting] FindFilledBlock: found at 1349,707 (69x69 0x00FF00 tol=5, 16 ms)
2026-08-03 00:09:35 [woodcutting] Tracking stable target at 1349,707 (search 16 ms)
2026-08-03 00:09:35 [woodcutting] FindFilledBlock: found at 1349,707 (69x69 0x00FF00 tol=5, 0 ms)
2026-08-03 00:09:35 [woodcutting] Tracking stable target at 1349,707 (search 0 ms)
2026-08-03 00:09:35 [woodcutting] FindFilledBlock: found at 1349,707 (69x69 0x00FF00 tol=5, 16 ms)
2026-08-03 00:09:35 [woodcutting] Tracking stable target at 1349,707 (search 16 ms)
2026-08-03 00:09:35 [woodcutting] FindFilledBlock: found at 1349,707 (69x69 0x00FF00 tol=5, 15 ms)
2026-08-03 00:09:35 [woodcutting] Tracking stable target at 1349,707 (search 15 ms)
2026-08-03 00:09:35 [woodcutting] FindFilledBlock: found at 1349,707 (69x69 0x00FF00 tol=5, 16 ms)
2026-08-03 00:09:35 [woodcutting] Tracking stable target at 1349,707 (search 16 ms)
2026-08-03 00:09:35 [woodcutting] FindFilledBlock: found at 1349,707 (69x69 0x00FF00 tol=5, 16 ms)
2026-08-03 00:09:35 [woodcutting] Tracking stable target at 1349,707 (search 16 ms)
2026-08-03 00:09:35 [woodcutting] FindFilledBlock: found at 1349,707 (69x69 0x00FF00 tol=5, 0 ms)
2026-08-03 00:09:35 [woodcutting] Tracking stable target at 1349,707 (search 0 ms)
2026-08-03 00:09:36 [woodcutting] FindFilledBlock: found at 1349,707 (69x69 0x00FF00 tol=5, 16 ms)
2026-08-03 00:09:36 [woodcutting] Tracking stable target at 1349,707 (search 16 ms)
2026-08-03 00:09:36 [woodcutting] FindFilledBlock: found at 1349,707 (69x69 0x00FF00 tol=5, 15 ms)
2026-08-03 00:09:36 [woodcutting] Tracking stable target at 1349,707 (search 15 ms)
2026-08-03 00:09:36 [woodcutting] FindFilledBlock: found at 1349,707 (69x69 0x00FF00 tol=5, 0 ms)
2026-08-03 00:09:36 [woodcutting] Tracking stable target at 1349,707 (search 0 ms)
2026-08-03 00:09:36 [woodcutting] FindFilledBlock: found at 1349,707 (69x69 0x00FF00 tol=5, 16 ms)
2026-08-03 00:09:36 [woodcutting] Tracking stable target at 1349,707 (search 16 ms)
2026-08-03 00:09:36 [woodcutting] MaybeWander: idle-wandering while waiting
2026-08-03 00:09:40 [woodcutting] FindFilledBlock: not found (69x69 0x00FF00 tol=5, 15 ms)
2026-08-03 00:09:40 [woodcutting] Target depleted or lost - re-acquiring (searched 15 ms)
2026-08-03 00:09:40 [woodcutting] FindFilledBlock: not found (69x69 0x00FF00 tol=5, 0 ms)
2026-08-03 00:09:40 [woodcutting] FindFilledBlock: not found (69x69 0x00B809 tol=5, 0 ms)
2026-08-03 00:09:40 [woodcutting] Acquire ring 160: not found (15 ms)
2026-08-03 00:09:40 [woodcutting] FindFilledBlock: not found (69x69 0x00FF00 tol=5, 16 ms)
2026-08-03 00:09:40 [woodcutting] FindFilledBlock: found at 1447,599 (69x69 0x00B809 tol=5, 16 ms)
2026-08-03 00:09:40 [woodcutting] Acquired new target at 1447,599 (0x00B809, ring 320, 47 ms)
2026-08-03 00:09:40 [woodcutting] FindFilledBlock: found at 1447,599 (69x69 0x00B809 tol=5, 16 ms)
2026-08-03 00:09:40 [woodcutting] Clicked initial/re-click target at 1447,599 (search 16 ms)
2026-08-03 00:09:40 [woodcutting] ReleasePendingModifiersNow: released Ctrl
2026-08-03 00:09:40 [woodcutting] TrackAndClick: drifting after click (131px)
2026-08-03 00:09:41 [woodcutting] FindFilledBlock: not found (69x69 0x00B809 tol=5, 15 ms)
2026-08-03 00:09:41 [woodcutting] Track: search missed this tick, but anchor point 1447,599 is still 0x00B809 - holding current target, not switching
2026-08-03 00:09:41 [woodcutting] Tracking not-yet-stable target at 1447,599 (search 15 ms)
2026-08-03 00:09:41 [woodcutting] FindFilledBlock: found at 1447,605 (69x69 0x00B809 tol=5, 0 ms)
2026-08-03 00:09:41 [woodcutting] Tracking not-yet-stable target at 1447,605 (search 0 ms)
2026-08-03 00:09:41 [woodcutting] FindFilledBlock: found at 1445,615 (69x69 0x00B809 tol=5, 16 ms)
2026-08-03 00:09:41 [woodcutting] Tracking not-yet-stable target at 1445,615 (search 16 ms)
2026-08-03 00:09:41 [woodcutting] FindFilledBlock: found at 1443,629 (69x69 0x00B809 tol=5, 0 ms)
2026-08-03 00:09:41 [woodcutting] Tracking not-yet-stable target at 1443,629 (search 0 ms)
2026-08-03 00:09:41 [woodcutting] FindFilledBlock: found at 1441,639 (69x69 0x00B809 tol=5, 0 ms)
2026-08-03 00:09:41 [woodcutting] Tracking not-yet-stable target at 1441,639 (search 0 ms)
2026-08-03 00:09:41 [woodcutting] FindFilledBlock: found at 1433,645 (69x69 0x00B809 tol=5, 0 ms)
2026-08-03 00:09:41 [woodcutting] Tracking not-yet-stable target at 1433,645 (search 0 ms)
2026-08-03 00:09:42 [woodcutting] FindFilledBlock: found at 1421,649 (69x69 0x00B809 tol=5, 16 ms)
2026-08-03 00:09:42 [woodcutting] Tracking not-yet-stable target at 1421,649 (search 16 ms)
2026-08-03 00:09:42 [woodcutting] FindFilledBlock: found at 1399,657 (69x69 0x00B809 tol=5, 16 ms)
2026-08-03 00:09:42 [woodcutting] Tracking not-yet-stable target at 1399,657 (search 16 ms)
2026-08-03 00:09:42 [woodcutting] FindFilledBlock: found at 1385,657 (69x69 0x00B809 tol=5, 0 ms)
2026-08-03 00:09:42 [woodcutting] Tracking not-yet-stable target at 1385,657 (search 0 ms)
2026-08-03 00:09:42 [woodcutting] FindFilledBlock: found at 1371,659 (69x69 0x00B809 tol=5, 15 ms)
2026-08-03 00:09:42 [woodcutting] Tracking not-yet-stable target at 1371,659 (search 15 ms)
2026-08-03 00:09:42 [woodcutting] FindFilledBlock: found at 1359,659 (69x69 0x00B809 tol=5, 0 ms)
2026-08-03 00:09:42 [woodcutting] Tracking not-yet-stable target at 1359,659 (search 0 ms)
2026-08-03 00:09:42 [woodcutting] FindFilledBlock: found at 1347,659 (69x69 0x00B809 tol=5, 0 ms)
2026-08-03 00:09:42 [woodcutting] Tracking not-yet-stable target at 1347,659 (search 0 ms)
2026-08-03 00:09:42 [woodcutting] FindFilledBlock: found at 1341,659 (69x69 0x00B809 tol=5, 0 ms)
2026-08-03 00:09:42 [woodcutting] Tracking not-yet-stable target at 1341,659 (search 0 ms)
2026-08-03 00:09:43 [woodcutting] FindFilledBlock: found at 1337,659 (69x69 0x00B809 tol=5, 0 ms)
2026-08-03 00:09:43 [woodcutting] Tracking not-yet-stable target at 1337,659 (search 0 ms)
2026-08-03 00:09:43 [woodcutting] FindFilledBlock: found at 1335,659 (69x69 0x00B809 tol=5, 0 ms)
2026-08-03 00:09:43 [woodcutting] Tracking stable target at 1335,659 (search 0 ms)
2026-08-03 00:09:43 [woodcutting] MaybeWander: idle-wandering while waiting
2026-08-03 00:09:46 [woodcutting] FindFilledBlock: found at 1331,659 (69x69 0x00B809 tol=5, 16 ms)
2026-08-03 00:09:46 [woodcutting] Tracking stable target at 1331,659 (search 16 ms)
2026-08-03 00:09:46 [woodcutting] FindFilledBlock: found at 1331,659 (69x69 0x00B809 tol=5, 15 ms)
2026-08-03 00:09:46 [woodcutting] Tracking stable target at 1331,659 (search 15 ms)
2026-08-03 00:09:47 [woodcutting] FindFilledBlock: found at 1331,659 (69x69 0x00B809 tol=5, 16 ms)
2026-08-03 00:09:47 [woodcutting] Tracking stable target at 1331,659 (search 16 ms)
2026-08-03 00:09:47 [woodcutting] FindFilledBlock: found at 1331,659 (69x69 0x00B809 tol=5, 15 ms)
2026-08-03 00:09:47 [woodcutting] Tracking stable target at 1331,659 (search 15 ms)
2026-08-03 00:09:47 [woodcutting] FindFilledBlock: found at 1331,659 (69x69 0x00B809 tol=5, 0 ms)
2026-08-03 00:09:47 [woodcutting] Tracking stable target at 1331,659 (search 0 ms)
2026-08-03 00:09:47 [woodcutting] FindFilledBlock: found at 1331,659 (69x69 0x00B809 tol=5, 15 ms)
2026-08-03 00:09:47 [woodcutting] Tracking stable target at 1331,659 (search 15 ms)
2026-08-03 00:09:47 [woodcutting] FindFilledBlock: found at 1331,659 (69x69 0x00B809 tol=5, 16 ms)
2026-08-03 00:09:47 [woodcutting] Tracking stable target at 1331,659 (search 16 ms)
2026-08-03 00:09:47 [woodcutting] FindFilledBlock: found at 1331,659 (69x69 0x00B809 tol=5, 0 ms)
2026-08-03 00:09:47 [woodcutting] Tracking stable target at 1331,659 (search 0 ms)
2026-08-03 00:09:47 [woodcutting] FindFilledBlock: found at 1331,659 (69x69 0x00B809 tol=5, 16 ms)
2026-08-03 00:09:47 [woodcutting] Tracking stable target at 1331,659 (search 16 ms)
2026-08-03 00:09:48 [woodcutting] FindFilledBlock: found at 1331,659 (69x69 0x00B809 tol=5, 15 ms)
2026-08-03 00:09:48 [woodcutting] Tracking stable target at 1331,659 (search 15 ms)
2026-08-03 00:09:48 [woodcutting] FindFilledBlock: found at 1331,659 (69x69 0x00B809 tol=5, 0 ms)
2026-08-03 00:09:48 [woodcutting] Tracking stable target at 1331,659 (search 0 ms)
2026-08-03 00:09:48 [woodcutting] FindFilledBlock: found at 1331,659 (69x69 0x00B809 tol=5, 16 ms)
2026-08-03 00:09:48 [woodcutting] Tracking stable target at 1331,659 (search 16 ms)
2026-08-03 00:09:48 [woodcutting] FindFilledBlock: found at 1331,659 (69x69 0x00B809 tol=5, 16 ms)
2026-08-03 00:09:48 [woodcutting] Tracking stable target at 1331,659 (search 16 ms)
2026-08-03 00:09:48 [woodcutting] FindFilledBlock: found at 1331,659 (69x69 0x00B809 tol=5, 15 ms)
2026-08-03 00:09:48 [woodcutting] Tracking stable target at 1331,659 (search 15 ms)
2026-08-03 00:09:48 [woodcutting] FindFilledBlock: found at 1331,659 (69x69 0x00B809 tol=5, 16 ms)
2026-08-03 00:09:48 [woodcutting] Tracking stable target at 1331,659 (search 16 ms)
2026-08-03 00:09:48 [woodcutting] FindFilledBlock: found at 1331,659 (69x69 0x00B809 tol=5, 15 ms)
2026-08-03 00:09:48 [woodcutting] Tracking stable target at 1331,659 (search 15 ms)
2026-08-03 00:09:49 [woodcutting] FindFilledBlock: found at 1331,659 (69x69 0x00B809 tol=5, 16 ms)
2026-08-03 00:09:49 [woodcutting] Tracking stable target at 1331,659 (search 16 ms)
2026-08-03 00:09:49 [woodcutting] FindFilledBlock: found at 1331,659 (69x69 0x00B809 tol=5, 16 ms)
2026-08-03 00:09:49 [woodcutting] Tracking stable target at 1331,659 (search 16 ms)
2026-08-03 00:09:49 [woodcutting] FindFilledBlock: found at 1331,659 (69x69 0x00B809 tol=5, 16 ms)
2026-08-03 00:09:49 [woodcutting] Tracking stable target at 1331,659 (search 16 ms)
2026-08-03 00:09:49 [woodcutting] FindFilledBlock: found at 1331,659 (69x69 0x00B809 tol=5, 16 ms)
2026-08-03 00:09:49 [woodcutting] Tracking stable target at 1331,659 (search 16 ms)
2026-08-03 00:09:49 [woodcutting] FindFilledBlock: found at 1331,659 (69x69 0x00B809 tol=5, 15 ms)
2026-08-03 00:09:49 [woodcutting] Tracking stable target at 1331,659 (search 15 ms)
2026-08-03 00:09:49 [woodcutting] FindFilledBlock: found at 1331,659 (69x69 0x00B809 tol=5, 0 ms)
2026-08-03 00:09:49 [woodcutting] Tracking stable target at 1331,659 (search 0 ms)
2026-08-03 00:09:50 [woodcutting] FindFilledBlock: found at 1331,659 (69x69 0x00B809 tol=5, 16 ms)
2026-08-03 00:09:50 [woodcutting] Tracking stable target at 1331,659 (search 16 ms)
2026-08-03 00:09:50 [woodcutting] FindFilledBlock: found at 1331,659 (69x69 0x00B809 tol=5, 0 ms)
2026-08-03 00:09:50 [woodcutting] Tracking stable target at 1331,659 (search 0 ms)
2026-08-03 00:09:50 [woodcutting] FindFilledBlock: found at 1331,659 (69x69 0x00B809 tol=5, 15 ms)
2026-08-03 00:09:50 [woodcutting] Tracking stable target at 1331,659 (search 15 ms)
2026-08-03 00:09:50 [woodcutting] FindFilledBlock: found at 1331,659 (69x69 0x00B809 tol=5, 15 ms)
2026-08-03 00:09:50 [woodcutting] Tracking stable target at 1331,659 (search 15 ms)
2026-08-03 00:09:50 [woodcutting] FindFilledBlock: found at 1331,659 (69x69 0x00B809 tol=5, 16 ms)
2026-08-03 00:09:50 [woodcutting] Tracking stable target at 1331,659 (search 16 ms)
2026-08-03 00:09:50 [woodcutting] FindFilledBlock: found at 1331,659 (69x69 0x00B809 tol=5, 16 ms)
2026-08-03 00:09:50 [woodcutting] Tracking stable target at 1331,659 (search 16 ms)
2026-08-03 00:09:50 [woodcutting] FindFilledBlock: found at 1331,659 (69x69 0x00B809 tol=5, 16 ms)
2026-08-03 00:09:50 [woodcutting] Tracking stable target at 1331,659 (search 16 ms)
2026-08-03 00:09:51 [woodcutting] FindFilledBlock: found at 1331,659 (69x69 0x00B809 tol=5, 16 ms)
2026-08-03 00:09:51 [woodcutting] Tracking stable target at 1331,659 (search 16 ms)
2026-08-03 00:09:51 [woodcutting] FindFilledBlock: found at 1331,659 (69x69 0x00B809 tol=5, 0 ms)
2026-08-03 00:09:51 [woodcutting] Tracking stable target at 1331,659 (search 0 ms)
2026-08-03 00:09:51 [woodcutting] FindFilledBlock: found at 1331,659 (69x69 0x00B809 tol=5, 15 ms)
2026-08-03 00:09:51 [woodcutting] Tracking stable target at 1331,659 (search 15 ms)
2026-08-03 00:09:51 [woodcutting] FindFilledBlock: found at 1331,659 (69x69 0x00B809 tol=5, 16 ms)
2026-08-03 00:09:51 [woodcutting] Tracking stable target at 1331,659 (search 16 ms)
2026-08-03 00:09:51 [woodcutting] FindFilledBlock: found at 1331,659 (69x69 0x00B809 tol=5, 16 ms)
2026-08-03 00:09:51 [woodcutting] Tracking stable target at 1331,659 (search 16 ms)
2026-08-03 00:09:51 [woodcutting] FindFilledBlock: found at 1331,659 (69x69 0x00B809 tol=5, 16 ms)
2026-08-03 00:09:51 [woodcutting] Tracking stable target at 1331,659 (search 16 ms)
2026-08-03 00:09:51 [woodcutting] FindFilledBlock: found at 1331,659 (69x69 0x00B809 tol=5, 15 ms)
2026-08-03 00:09:51 [woodcutting] Tracking stable target at 1331,659 (search 15 ms)
2026-08-03 00:09:52 [woodcutting] FindFilledBlock: found at 1331,659 (69x69 0x00B809 tol=5, 0 ms)
2026-08-03 00:09:52 [woodcutting] Tracking stable target at 1331,659 (search 0 ms)
2026-08-03 00:09:52 [woodcutting] FindFilledBlock: found at 1331,659 (69x69 0x00B809 tol=5, 16 ms)
2026-08-03 00:09:52 [woodcutting] Tracking stable target at 1331,659 (search 16 ms)
2026-08-03 00:09:52 [woodcutting] FindFilledBlock: found at 1331,659 (69x69 0x00B809 tol=5, 0 ms)
2026-08-03 00:09:52 [woodcutting] Tracking stable target at 1331,659 (search 0 ms)
2026-08-03 00:09:52 [woodcutting] FindFilledBlock: found at 1331,659 (69x69 0x00B809 tol=5, 15 ms)
2026-08-03 00:09:52 [woodcutting] Tracking stable target at 1331,659 (search 15 ms)
2026-08-03 00:09:52 [woodcutting] FindFilledBlock: found at 1331,659 (69x69 0x00B809 tol=5, 0 ms)
2026-08-03 00:09:52 [woodcutting] Tracking stable target at 1331,659 (search 0 ms)
2026-08-03 00:09:52 [woodcutting] FindFilledBlock: found at 1331,659 (69x69 0x00B809 tol=5, 0 ms)
2026-08-03 00:09:52 [woodcutting] Tracking stable target at 1331,659 (search 0 ms)
2026-08-03 00:09:52 [woodcutting] stop requested
2026-08-03 00:09:52 [woodcutting] woodcutting: STOPPED by F6
2026-08-03 00:09:53 [woodcutting] woodcutting: session length rolled at 10800000ms / 180.0 min
2026-08-03 00:09:53 [woodcutting] FindFilledBlock: found at 1235,763 (69x69 0x00FF00 tol=5, 0 ms)
2026-08-03 00:09:53 [woodcutting] FindFilledBlock: found at 1331,659 (69x69 0x00B809 tol=5, 15 ms)
2026-08-03 00:09:53 [woodcutting] Acquired new target at 1235,763 (0x00FF00, ring 160, 15 ms)
2026-08-03 00:09:53 [woodcutting] FindFilledBlock: found at 1235,763 (69x69 0x00FF00 tol=5, 0 ms)
2026-08-03 00:09:53 [woodcutting] Clicked initial/re-click target at 1235,763 (search 0 ms)
2026-08-03 00:09:53 [woodcutting] ReleasePendingModifiersNow: released Ctrl
2026-08-03 00:09:53 [woodcutting] TrackAndClick: drifting after click (105px)
2026-08-03 00:09:54 [woodcutting] FindFilledBlock: found at 1201,793 (69x69 0x00FF00 tol=5, 0 ms)
2026-08-03 00:09:54 [woodcutting] Tracking not-yet-stable target at 1201,793 (search 0 ms)
2026-08-03 00:09:54 [woodcutting] FindFilledBlock: found at 1235,763 (69x69 0x00FF00 tol=5, 0 ms)
2026-08-03 00:09:54 [woodcutting] Tracking not-yet-stable target at 1235,763 (search 0 ms)
2026-08-03 00:09:54 [woodcutting] FindFilledBlock: found at 1235,763 (69x69 0x00FF00 tol=5, 15 ms)
2026-08-03 00:09:54 [woodcutting] Tracking not-yet-stable target at 1235,763 (search 15 ms)
2026-08-03 00:09:54 [woodcutting] FindFilledBlock: found at 1235,763 (69x69 0x00FF00 tol=5, 0 ms)
2026-08-03 00:09:54 [woodcutting] Tracking stable target at 1235,763 (search 0 ms)
2026-08-03 00:09:54 [woodcutting] FindFilledBlock: found at 1235,763 (69x69 0x00FF00 tol=5, 16 ms)
2026-08-03 00:09:54 [woodcutting] Tracking stable target at 1235,763 (search 16 ms)
2026-08-03 00:09:54 [woodcutting] FindFilledBlock: found at 1235,763 (69x69 0x00FF00 tol=5, 0 ms)
2026-08-03 00:09:54 [woodcutting] Tracking stable target at 1235,763 (search 0 ms)
2026-08-03 00:09:54 [woodcutting] stop requested
2026-08-03 00:09:54 [woodcutting] woodcutting: STOPPED by F6
2026-08-03 00:09:55 [woodcutting] woodcutting: session length rolled at 10800000ms / 180.0 min
2026-08-03 00:09:55 [woodcutting] TrackAndClick: taking a moment to spot the next target (2499ms / 2.5s)
2026-08-03 00:09:56 [woodcutting] stop requested
2026-08-03 00:09:56 [woodcutting] woodcutting: STOPPED by F6
2026-08-03 00:09:56 [woodcutting] woodcutting: session length rolled at 10800000ms / 180.0 min
2026-08-03 00:09:56 [woodcutting] FindFilledBlock: found at 1235,763 (69x69 0x00FF00 tol=5, 0 ms)
2026-08-03 00:09:56 [woodcutting] FindFilledBlock: not found (69x69 0x00B809 tol=5, 16 ms)
2026-08-03 00:09:56 [woodcutting] Acquired new target at 1235,763 (0x00FF00, ring 160, 16 ms)
2026-08-03 00:09:56 [woodcutting] FindFilledBlock: found at 1235,763 (69x69 0x00FF00 tol=5, 0 ms)
2026-08-03 00:09:56 [woodcutting] Clicked initial/re-click target at 1235,763 (search 0 ms)
2026-08-03 00:09:57 [woodcutting] ReleasePendingModifiersNow: released Ctrl
2026-08-03 00:09:57 [woodcutting] TrackAndClick: drifting after click (216px)
2026-08-03 00:09:57 [woodcutting] FindFilledBlock: found at 1235,763 (69x69 0x00FF00 tol=5, 16 ms)
2026-08-03 00:09:57 [woodcutting] Tracking not-yet-stable target at 1235,763 (search 16 ms)
2026-08-03 00:09:57 [woodcutting] FindFilledBlock: found at 1235,763 (69x69 0x00FF00 tol=5, 16 ms)
2026-08-03 00:09:57 [woodcutting] Tracking stable target at 1235,763 (search 16 ms)
2026-08-03 00:09:57 [woodcutting] FindFilledBlock: found at 1235,763 (69x69 0x00FF00 tol=5, 15 ms)
2026-08-03 00:09:57 [woodcutting] Tracking stable target at 1235,763 (search 15 ms)
2026-08-03 00:09:57 [woodcutting] FindFilledBlock: found at 1235,763 (69x69 0x00FF00 tol=5, 16 ms)
2026-08-03 00:09:57 [woodcutting] Tracking stable target at 1235,763 (search 16 ms)
2026-08-03 00:09:58 [woodcutting] FindFilledBlock: found at 1235,763 (69x69 0x00FF00 tol=5, 16 ms)
2026-08-03 00:09:58 [woodcutting] Tracking stable target at 1235,763 (search 16 ms)
2026-08-03 00:09:58 [woodcutting] stop requested
2026-08-03 00:09:58 [woodcutting] woodcutting: STOPPED by F6
2026-08-03 00:09:58 [woodcutting] woodcutting: session length rolled at 10800000ms / 180.0 min
2026-08-03 00:09:58 [woodcutting] FindFilledBlock: found at 1235,763 (69x69 0x00FF00 tol=5, 0 ms)
2026-08-03 00:09:58 [woodcutting] FindFilledBlock: not found (69x69 0x00B809 tol=5, 16 ms)
2026-08-03 00:09:58 [woodcutting] Acquired new target at 1235,763 (0x00FF00, ring 160, 16 ms)
2026-08-03 00:09:58 [woodcutting] FindFilledBlock: found at 1235,763 (69x69 0x00FF00 tol=5, 15 ms)
2026-08-03 00:09:58 [woodcutting] Clicked initial/re-click target at 1235,763 (search 15 ms)
2026-08-03 00:09:58 [woodcutting] ReleasePendingModifiersNow: released Ctrl
2026-08-03 00:09:59 [woodcutting] TrackAndClick: drifting after click (215px)
2026-08-03 00:09:59 [woodcutting] FindFilledBlock: found at 1235,763 (69x69 0x00FF00 tol=5, 16 ms)
2026-08-03 00:09:59 [woodcutting] Tracking not-yet-stable target at 1235,763 (search 16 ms)
2026-08-03 00:09:59 [woodcutting] FindFilledBlock: found at 1235,763 (69x69 0x00FF00 tol=5, 0 ms)
2026-08-03 00:09:59 [woodcutting] Tracking stable target at 1235,763 (search 0 ms)
2026-08-03 00:09:59 [woodcutting] FindFilledBlock: found at 1235,763 (69x69 0x00FF00 tol=5, 15 ms)
2026-08-03 00:09:59 [woodcutting] Tracking stable target at 1235,763 (search 15 ms)
2026-08-03 00:09:59 [woodcutting] FindFilledBlock: found at 1235,763 (69x69 0x00FF00 tol=5, 0 ms)
2026-08-03 00:09:59 [woodcutting] Tracking stable target at 1235,763 (search 0 ms)
2026-08-03 00:10:00 [woodcutting] FindFilledBlock: found at 1235,763 (69x69 0x00FF00 tol=5, 0 ms)
2026-08-03 00:10:00 [woodcutting] Tracking stable target at 1235,763 (search 0 ms)
2026-08-03 00:10:00 [woodcutting] FindFilledBlock: found at 1235,763 (69x69 0x00FF00 tol=5, 0 ms)
2026-08-03 00:10:00 [woodcutting] Tracking stable target at 1235,763 (search 0 ms)
2026-08-03 00:10:00 [woodcutting] FindFilledBlock: found at 1235,763 (69x69 0x00FF00 tol=5, 0 ms)
2026-08-03 00:10:00 [woodcutting] Tracking stable target at 1235,763 (search 0 ms)
2026-08-03 00:10:00 [woodcutting] FindFilledBlock: found at 1235,763 (69x69 0x00FF00 tol=5, 0 ms)
2026-08-03 00:10:00 [woodcutting] Tracking stable target at 1235,763 (search 0 ms)
2026-08-03 00:10:00 [woodcutting] FindFilledBlock: found at 1235,763 (69x69 0x00FF00 tol=5, 0 ms)
2026-08-03 00:10:00 [woodcutting] Tracking stable target at 1235,763 (search 0 ms)
2026-08-03 00:10:00 [woodcutting] FindFilledBlock: found at 1235,763 (69x69 0x00FF00 tol=5, 0 ms)
2026-08-03 00:10:00 [woodcutting] Tracking stable target at 1235,763 (search 0 ms)
2026-08-03 00:10:00 [woodcutting] FindFilledBlock: found at 1235,763 (69x69 0x00FF00 tol=5, 0 ms)
2026-08-03 00:10:00 [woodcutting] Tracking stable target at 1235,763 (search 0 ms)
2026-08-03 00:10:01 [woodcutting] FindFilledBlock: found at 1235,763 (69x69 0x00FF00 tol=5, 15 ms)
2026-08-03 00:10:01 [woodcutting] Tracking stable target at 1235,763 (search 15 ms)
2026-08-03 00:10:01 [woodcutting] FindFilledBlock: found at 1235,763 (69x69 0x00FF00 tol=5, 0 ms)
2026-08-03 00:10:01 [woodcutting] Tracking stable target at 1235,763 (search 0 ms)
2026-08-03 00:10:01 [woodcutting] FindFilledBlock: found at 1235,763 (69x69 0x00FF00 tol=5, 16 ms)
2026-08-03 00:10:01 [woodcutting] Tracking stable target at 1235,763 (search 16 ms)
2026-08-03 00:10:01 [woodcutting] FindFilledBlock: found at 1235,763 (69x69 0x00FF00 tol=5, 0 ms)
2026-08-03 00:10:01 [woodcutting] Tracking stable target at 1235,763 (search 0 ms)
2026-08-03 00:10:01 [woodcutting] FindFilledBlock: found at 1235,763 (69x69 0x00FF00 tol=5, 15 ms)
2026-08-03 00:10:01 [woodcutting] Tracking stable target at 1235,763 (search 15 ms)
2026-08-03 00:10:01 [woodcutting] FindFilledBlock: found at 1235,763 (69x69 0x00FF00 tol=5, 0 ms)
2026-08-03 00:10:01 [woodcutting] Tracking stable target at 1235,763 (search 0 ms)
2026-08-03 00:10:02 [woodcutting] FindFilledBlock: found at 1235,763 (69x69 0x00FF00 tol=5, 16 ms)
2026-08-03 00:10:02 [woodcutting] Tracking stable target at 1235,763 (search 16 ms)
2026-08-03 00:10:02 [woodcutting] FindFilledBlock: found at 1235,763 (69x69 0x00FF00 tol=5, 0 ms)
2026-08-03 00:10:02 [woodcutting] Tracking stable target at 1235,763 (search 0 ms)
2026-08-03 00:10:02 [woodcutting] FindFilledBlock: found at 1235,763 (69x69 0x00FF00 tol=5, 15 ms)
2026-08-03 00:10:02 [woodcutting] Tracking stable target at 1235,763 (search 15 ms)
2026-08-03 00:10:02 [woodcutting] FindFilledBlock: found at 1235,763 (69x69 0x00FF00 tol=5, 15 ms)
2026-08-03 00:10:02 [woodcutting] Tracking stable target at 1235,763 (search 15 ms)
2026-08-03 00:10:02 [woodcutting] FindFilledBlock: found at 1235,763 (69x69 0x00FF00 tol=5, 16 ms)
2026-08-03 00:10:02 [woodcutting] Tracking stable target at 1235,763 (search 16 ms)
2026-08-03 00:10:02 [woodcutting] FindFilledBlock: found at 1235,763 (69x69 0x00FF00 tol=5, 16 ms)
2026-08-03 00:10:02 [woodcutting] Tracking stable target at 1235,763 (search 16 ms)
2026-08-03 00:10:02 [woodcutting] FindFilledBlock: found at 1235,763 (69x69 0x00FF00 tol=5, 15 ms)
2026-08-03 00:10:02 [woodcutting] Tracking stable target at 1235,763 (search 15 ms)
2026-08-03 00:10:03 [woodcutting] FindFilledBlock: found at 1235,763 (69x69 0x00FF00 tol=5, 0 ms)
2026-08-03 00:10:03 [woodcutting] Tracking stable target at 1235,763 (search 0 ms)
2026-08-03 00:10:03 [woodcutting] FindFilledBlock: found at 1235,763 (69x69 0x00FF00 tol=5, 16 ms)
2026-08-03 00:10:03 [woodcutting] Tracking stable target at 1235,763 (search 16 ms)
2026-08-03 00:10:03 [woodcutting] FindFilledBlock: found at 1235,763 (69x69 0x00FF00 tol=5, 0 ms)
2026-08-03 00:10:03 [woodcutting] Tracking stable target at 1235,763 (search 0 ms)
2026-08-03 00:10:03 [woodcutting] FindFilledBlock: found at 1235,763 (69x69 0x00FF00 tol=5, 15 ms)
2026-08-03 00:10:03 [woodcutting] Tracking stable target at 1235,763 (search 15 ms)
2026-08-03 00:11:10 [woodcutting] woodcutting: ready - F5 run, F6 stop, F12 exit
2026-08-03 00:11:11 [woodcutting] woodcutting: session length rolled at 10800000ms / 180.0 min
2026-08-03 00:11:11 [woodcutting] FindFilledBlock: not found (69x69 0x00FF00 tol=5, 0 ms)
2026-08-03 00:11:11 [woodcutting] FindFilledBlock: found at 1331,659 (69x69 0x00B809 tol=5, 16 ms)
2026-08-03 00:11:11 [woodcutting] Acquired new target at 1331,659 (0x00B809, ring 160, 16 ms)
2026-08-03 00:11:11 [woodcutting] FindFilledBlock: found at 1331,659 (69x69 0x00B809 tol=5, 16 ms)
2026-08-03 00:11:12 [woodcutting] Clicked initial/re-click target at 1331,659 (search 16 ms)
2026-08-03 00:11:12 [woodcutting] ReleasePendingModifiersNow: released Ctrl
2026-08-03 00:11:12 [woodcutting] TrackAndClick: drifting after click (23px)
2026-08-03 00:11:12 [woodcutting] FindFilledBlock: found at 1317,705 (69x69 0x00B809 tol=5, 16 ms)
2026-08-03 00:11:12 [woodcutting] Tracking not-yet-stable target at 1317,705 (search 16 ms)
2026-08-03 00:11:12 [woodcutting] FindFilledBlock: found at 1331,659 (69x69 0x00B809 tol=5, 16 ms)
2026-08-03 00:11:12 [woodcutting] Tracking not-yet-stable target at 1331,659 (search 16 ms)
2026-08-03 00:11:12 [woodcutting] FindFilledBlock: found at 1331,659 (69x69 0x00B809 tol=5, 0 ms)
2026-08-03 00:11:12 [woodcutting] Tracking not-yet-stable target at 1331,659 (search 0 ms)
2026-08-03 00:11:12 [woodcutting] FindFilledBlock: found at 1331,659 (69x69 0x00B809 tol=5, 16 ms)
2026-08-03 00:11:12 [woodcutting] Tracking stable target at 1331,659 (search 16 ms)
2026-08-03 00:11:13 [woodcutting] FindFilledBlock: found at 1331,659 (69x69 0x00B809 tol=5, 0 ms)
2026-08-03 00:11:13 [woodcutting] Tracking stable target at 1331,659 (search 0 ms)
2026-08-03 00:11:13 [woodcutting] FindFilledBlock: found at 1331,659 (69x69 0x00B809 tol=5, 16 ms)
2026-08-03 00:11:13 [woodcutting] Tracking stable target at 1331,659 (search 16 ms)
2026-08-03 00:11:13 [woodcutting] FindFilledBlock: found at 1331,659 (69x69 0x00B809 tol=5, 0 ms)
2026-08-03 00:11:13 [woodcutting] Tracking stable target at 1331,659 (search 0 ms)
2026-08-03 00:11:13 [woodcutting] FindFilledBlock: found at 1331,659 (69x69 0x00B809 tol=5, 16 ms)
2026-08-03 00:11:13 [woodcutting] Tracking stable target at 1331,659 (search 16 ms)
2026-08-03 00:11:13 [woodcutting] FindFilledBlock: found at 1331,659 (69x69 0x00B809 tol=5, 0 ms)
2026-08-03 00:11:13 [woodcutting] Tracking stable target at 1331,659 (search 0 ms)
2026-08-03 00:11:13 [woodcutting] FindFilledBlock: found at 1331,659 (69x69 0x00B809 tol=5, 16 ms)
2026-08-03 00:11:13 [woodcutting] Tracking stable target at 1331,659 (search 16 ms)
2026-08-03 00:11:13 [woodcutting] FindFilledBlock: found at 1331,659 (69x69 0x00B809 tol=5, 0 ms)
2026-08-03 00:11:13 [woodcutting] Tracking stable target at 1331,659 (search 0 ms)
2026-08-03 00:11:14 [woodcutting] FindFilledBlock: not found (69x69 0x00B809 tol=5, 16 ms)
2026-08-03 00:11:14 [woodcutting] Target depleted or lost - re-acquiring (searched 16 ms)
2026-08-03 00:11:14 [woodcutting] TrackAndClick: taking a moment to spot the next target (3093ms / 3.1s)
2026-08-03 00:11:17 [woodcutting] FindFilledBlock: found at 1235,763 (69x69 0x00FF00 tol=5, 15 ms)
2026-08-03 00:11:17 [woodcutting] FindFilledBlock: not found (69x69 0x00B809 tol=5, 0 ms)
2026-08-03 00:11:17 [woodcutting] Acquired new target at 1235,763 (0x00FF00, ring 160, 31 ms)
2026-08-03 00:11:18 [woodcutting] FindFilledBlock: found at 1235,763 (69x69 0x00FF00 tol=5, 0 ms)
2026-08-03 00:11:18 [woodcutting] Clicked initial/re-click target at 1235,763 (search 0 ms)
2026-08-03 00:11:18 [woodcutting] ReleasePendingModifiersNow: released Ctrl
2026-08-03 00:11:18 [woodcutting] TrackAndClick: drifting after click (30px)
2026-08-03 00:11:18 [woodcutting] FindFilledBlock: found at 1235,763 (69x69 0x00FF00 tol=5, 0 ms)
2026-08-03 00:11:18 [woodcutting] Tracking not-yet-stable target at 1235,763 (search 0 ms)
2026-08-03 00:11:18 [woodcutting] FindFilledBlock: found at 1235,763 (69x69 0x00FF00 tol=5, 15 ms)
2026-08-03 00:11:18 [woodcutting] Tracking stable target at 1235,763 (search 15 ms)
2026-08-03 00:11:19 [woodcutting] FindFilledBlock: found at 1235,763 (69x69 0x00FF00 tol=5, 0 ms)
2026-08-03 00:11:19 [woodcutting] Tracking stable target at 1235,763 (search 16 ms)
2026-08-03 00:11:19 [woodcutting] FindFilledBlock: found at 1235,763 (69x69 0x00FF00 tol=5, 16 ms)
2026-08-03 00:11:19 [woodcutting] Tracking stable target at 1235,763 (search 16 ms)
2026-08-03 00:11:19 [woodcutting] FindFilledBlock: found at 1235,763 (69x69 0x00FF00 tol=5, 16 ms)
2026-08-03 00:11:19 [woodcutting] Tracking stable target at 1235,763 (search 16 ms)
2026-08-03 00:11:19 [woodcutting] FindFilledBlock: found at 1235,763 (69x69 0x00FF00 tol=5, 0 ms)
2026-08-03 00:11:19 [woodcutting] Tracking stable target at 1235,763 (search 15 ms)
2026-08-03 00:11:19 [woodcutting] FindFilledBlock: found at 1235,763 (69x69 0x00FF00 tol=5, 16 ms)
2026-08-03 00:11:19 [woodcutting] Tracking stable target at 1235,763 (search 16 ms)
2026-08-03 00:11:19 [woodcutting] FindFilledBlock: found at 1235,763 (69x69 0x00FF00 tol=5, 0 ms)
2026-08-03 00:11:19 [woodcutting] Tracking stable target at 1235,763 (search 16 ms)
2026-08-03 00:11:19 [woodcutting] FindFilledBlock: found at 1235,763 (69x69 0x00FF00 tol=5, 16 ms)
2026-08-03 00:11:19 [woodcutting] Tracking stable target at 1235,763 (search 16 ms)
2026-08-03 00:11:20 [woodcutting] FindFilledBlock: found at 1235,763 (69x69 0x00FF00 tol=5, 0 ms)
2026-08-03 00:11:20 [woodcutting] Tracking stable target at 1235,763 (search 15 ms)
2026-08-03 00:11:20 [woodcutting] FindFilledBlock: found at 1235,763 (69x69 0x00FF00 tol=5, 15 ms)
2026-08-03 00:11:20 [woodcutting] Tracking stable target at 1235,763 (search 15 ms)
2026-08-03 00:11:20 [woodcutting] FindFilledBlock: found at 1235,763 (69x69 0x00FF00 tol=5, 0 ms)
2026-08-03 00:11:20 [woodcutting] Tracking stable target at 1235,763 (search 16 ms)
2026-08-03 00:11:20 [woodcutting] FindFilledBlock: found at 1235,763 (69x69 0x00FF00 tol=5, 16 ms)
2026-08-03 00:11:20 [woodcutting] Tracking stable target at 1235,763 (search 16 ms)
2026-08-03 00:11:20 [woodcutting] FindFilledBlock: found at 1235,763 (69x69 0x00FF00 tol=5, 0 ms)
2026-08-03 00:11:20 [woodcutting] Tracking stable target at 1235,763 (search 15 ms)
2026-08-03 00:11:20 [woodcutting] FindFilledBlock: found at 1235,763 (69x69 0x00FF00 tol=5, 15 ms)
2026-08-03 00:11:20 [woodcutting] Tracking stable target at 1235,763 (search 15 ms)
2026-08-03 00:11:21 [woodcutting] FindFilledBlock: found at 1235,763 (69x69 0x00FF00 tol=5, 16 ms)
2026-08-03 00:11:21 [woodcutting] Tracking stable target at 1235,763 (search 16 ms)
2026-08-03 00:11:21 [woodcutting] FindFilledBlock: found at 1235,763 (69x69 0x00FF00 tol=5, 16 ms)
2026-08-03 00:11:21 [woodcutting] Tracking stable target at 1235,763 (search 16 ms)
2026-08-03 00:11:21 [woodcutting] FindFilledBlock: found at 1235,763 (69x69 0x00FF00 tol=5, 16 ms)
2026-08-03 00:11:21 [woodcutting] Tracking stable target at 1235,763 (search 16 ms)
2026-08-03 00:11:21 [woodcutting] FindFilledBlock: found at 1235,763 (69x69 0x00FF00 tol=5, 0 ms)
2026-08-03 00:11:21 [woodcutting] Tracking stable target at 1235,763 (search 15 ms)
2026-08-03 00:11:21 [woodcutting] FindFilledBlock: found at 1235,763 (69x69 0x00FF00 tol=5, 16 ms)
2026-08-03 00:11:21 [woodcutting] Tracking stable target at 1235,763 (search 16 ms)
2026-08-03 00:11:21 [woodcutting] FindFilledBlock: found at 1235,763 (69x69 0x00FF00 tol=5, 16 ms)
2026-08-03 00:11:21 [woodcutting] Tracking stable target at 1235,763 (search 16 ms)
2026-08-03 00:11:21 [woodcutting] FindFilledBlock: found at 1235,763 (69x69 0x00FF00 tol=5, 16 ms)
2026-08-03 00:11:21 [woodcutting] Tracking stable target at 1235,763 (search 16 ms)
2026-08-03 00:11:22 [woodcutting] FindFilledBlock: found at 1235,763 (69x69 0x00FF00 tol=5, 16 ms)
2026-08-03 00:11:22 [woodcutting] Tracking stable target at 1235,763 (search 16 ms)
2026-08-03 00:11:22 [woodcutting] FindFilledBlock: found at 1235,763 (69x69 0x00FF00 tol=5, 0 ms)
2026-08-03 00:11:22 [woodcutting] Tracking stable target at 1235,763 (search 0 ms)
2026-08-03 00:11:22 [woodcutting] FindFilledBlock: found at 1235,763 (69x69 0x00FF00 tol=5, 16 ms)
2026-08-03 00:11:22 [woodcutting] Tracking stable target at 1235,763 (search 16 ms)
2026-08-03 00:11:22 [woodcutting] FindFilledBlock: found at 1235,763 (69x69 0x00FF00 tol=5, 0 ms)
2026-08-03 00:11:22 [woodcutting] Tracking stable target at 1235,763 (search 16 ms)
2026-08-03 00:11:22 [woodcutting] FindFilledBlock: found at 1235,763 (69x69 0x00FF00 tol=5, 16 ms)
2026-08-03 00:11:22 [woodcutting] Tracking stable target at 1235,763 (search 16 ms)
2026-08-03 00:11:22 [woodcutting] FindFilledBlock: found at 1235,763 (69x69 0x00FF00 tol=5, 0 ms)
2026-08-03 00:11:22 [woodcutting] Tracking stable target at 1235,763 (search 0 ms)
2026-08-03 00:11:23 [woodcutting] FindFilledBlock: found at 1235,763 (69x69 0x00FF00 tol=5, 15 ms)
2026-08-03 00:11:23 [woodcutting] Tracking stable target at 1235,763 (search 15 ms)
2026-08-03 00:11:23 [woodcutting] FindFilledBlock: found at 1235,763 (69x69 0x00FF00 tol=5, 0 ms)
2026-08-03 00:11:23 [woodcutting] Tracking stable target at 1235,763 (search 0 ms)
