2026-07-22 14:16:19 [crafting] Crafting started
2026-07-22 14:16:19 [crafting] Craft: waiting for start-craft marker
2026-07-22 14:16:19 [crafting] FindFilledBlock: not found (33x33 0xFF0000 tol=1, 0 ms)
2026-07-22 14:16:19 [crafting] FindFilledBlock: not found (33x33 0xFF0000 tol=1, 0 ms)
2026-07-22 14:16:20 [crafting] FindFilledBlock: not found (33x33 0xFF0000 tol=1, 16 ms)
2026-07-22 14:16:20 [crafting] FindFilledBlock: not found (33x33 0xFF0000 tol=1, 15 ms)
2026-07-22 14:16:20 [crafting] FindFilledBlock: not found (33x33 0xFF0000 tol=1, 0 ms)
2026-07-22 14:16:20 [crafting] FindFilledBlock: not found (33x33 0xFF0000 tol=1, 16 ms)
2026-07-22 14:16:20 [crafting] FindFilledBlock: not found (33x33 0xFF0000 tol=1, 0 ms)
2026-07-22 14:16:20 [crafting] FindFilledBlock: not found (33x33 0xFF0000 tol=1, 0 ms)
2026-07-22 14:16:21 [crafting] FindFilledBlock: not found (33x33 0xFF0000 tol=1, 0 ms)
2026-07-22 14:16:21 [crafting] FindFilledBlock: not found (33x33 0xFF0000 tol=1, 0 ms)
2026-07-22 14:16:21 [crafting] FindFilledBlock: not found (33x33 0xFF0000 tol=1, 15 ms)
2026-07-22 14:16:21 [crafting] Esc pressed - exiting
2026-07-22 14:17:27 [crafting] Crafting started
2026-07-22 14:17:27 [crafting] Craft: waiting for start-craft marker
2026-07-22 14:17:27 [crafting] FindFilledBlock: found at 1575,607 (21x21 0xFFFF00 tol=0, 0 ms)
2026-07-22 14:17:27 [crafting] Craft: clicking start-craft marker at 1584,613
2026-07-22 14:17:27 [crafting] Craft: waiting for craft dialog marker
2026-07-22 14:17:27 [crafting] FindImage: not found (C:\Users\link\Documents\GitHub\osrs-automation\Bots\..\Images\craft-marker-2.png, 16 ms)
2026-07-22 14:17:28 [crafting] FindImage: not found (C:\Users\link\Documents\GitHub\osrs-automation\Bots\..\Images\craft-marker-2.png, 16 ms)
2026-07-22 14:17:28 [crafting] FindImage: not found (C:\Users\link\Documents\GitHub\osrs-automation\Bots\..\Images\craft-marker-2.png, 16 ms)
2026-07-22 14:17:28 [crafting] FindImage: not found (C:\Users\link\Documents\GitHub\osrs-automation\Bots\..\Images\craft-marker-2.png, 16 ms)
2026-07-22 14:17:28 [crafting] FindImage: not found (C:\Users\link\Documents\GitHub\osrs-automation\Bots\..\Images\craft-marker-2.png, 16 ms)
2026-07-22 14:17:28 [crafting] FindImage: not found (C:\Users\link\Documents\GitHub\osrs-automation\Bots\..\Images\craft-marker-2.png, 16 ms)
2026-07-22 14:17:29 [crafting] FindImage: not found (C:\Users\link\Documents\GitHub\osrs-automation\Bots\..\Images\craft-marker-2.png, 0 ms)
2026-07-22 14:17:29 [crafting] FindImage: not found (C:\Users\link\Documents\GitHub\osrs-automation\Bots\..\Images\craft-marker-2.png, 0 ms)
2026-07-22 14:17:29 [crafting] FindImage: not found (C:\Users\link\Documents\GitHub\osrs-automation\Bots\..\Images\craft-marker-2.png, 0 ms)
2026-07-22 14:17:29 [crafting] FindImage: not found (C:\Users\link\Documents\GitHub\osrs-automation\Bots\..\Images\craft-marker-2.png, 16 ms)
2026-07-22 14:17:29 [crafting] FindImage: not found (C:\Users\link\Documents\GitHub\osrs-automation\Bots\..\Images\craft-marker-2.png, 15 ms)
2026-07-22 14:17:29 [crafting] FindImage: not found (C:\Users\link\Documents\GitHub\osrs-automation\Bots\..\Images\craft-marker-2.png, 16 ms)
2026-07-22 14:17:30 [crafting] FindImage: not found (C:\Users\link\Documents\GitHub\osrs-automation\Bots\..\Images\craft-marker-2.png, 15 ms)
2026-07-22 14:17:30 [crafting] FindImage: not found (C:\Users\link\Documents\GitHub\osrs-automation\Bots\..\Images\craft-marker-2.png, 16 ms)
2026-07-22 14:17:30 [crafting] FindImage: not found (C:\Users\link\Documents\GitHub\osrs-automation\Bots\..\Images\craft-marker-2.png, 15 ms)
2026-07-22 14:17:30 [crafting] FindImage: not found (C:\Users\link\Documents\GitHub\osrs-automation\Bots\..\Images\craft-marker-2.png, 16 ms)
2026-07-22 14:17:30 [crafting] FindImage: not found (C:\Users\link\Documents\GitHub\osrs-automation\Bots\..\Images\craft-marker-2.png, 0 ms)
2026-07-22 14:17:31 [crafting] FindImage: not found (C:\Users\link\Documents\GitHub\osrs-automation\Bots\..\Images\craft-marker-2.png, 0 ms)
2026-07-22 14:17:31 [crafting] FindImage: not found (C:\Users\link\Documents\GitHub\osrs-automation\Bots\..\Images\craft-marker-2.png, 0 ms)
2026-07-22 14:17:31 [crafting] FindImage: not found (C:\Users\link\Documents\GitHub\osrs-automation\Bots\..\Images\craft-marker-2.png, 0 ms)
2026-07-22 14:17:31 [crafting] FindImage: not found (C:\Users\link\Documents\GitHub\osrs-automation\Bots\..\Images\craft-marker-2.png, 0 ms)
2026-07-22 14:17:31 [crafting] FindImage: not found (C:\Users\link\Documents\GitHub\osrs-automation\Bots\..\Images\craft-marker-2.png, 15 ms)
2026-07-22 14:17:31 [crafting] FindImage: not found (C:\Users\link\Documents\GitHub\osrs-automation\Bots\..\Images\craft-marker-2.png, 16 ms)
2026-07-22 14:17:32 [crafting] FindImage: found at 1448,696 (C:\Users\link\Documents\GitHub\osrs-automation\Bots\..\Images\craft-marker-2.png, 15 ms)
2026-07-22 14:17:32 [crafting] Craft: waiting for slot 27 to empty
2026-07-22 14:17:32 [crafting] Craft: waiting for deposit-side marker
2026-07-22 14:17:32 [crafting] FindFilledBlock: not found (21x21 0xFF00FF tol=0, 16 ms)
2026-07-22 14:17:32 [crafting] FindFilledBlock: not found (21x21 0xFF00FF tol=0, 15 ms)
2026-07-22 14:17:32 [crafting] FindFilledBlock: not found (21x21 0xFF00FF tol=0, 16 ms)
2026-07-22 14:17:32 [crafting] FindFilledBlock: found at 927,775 (21x21 0xFF00FF tol=0, 0 ms)
2026-07-22 14:17:32 [crafting] Craft: clicking deposit-side marker at 912,789
2026-07-22 14:17:33 [crafting] Craft: waiting for deposit-inventory button
2026-07-22 14:17:33 [crafting] FindImage: not found (C:\Users\link\Documents\GitHub\osrs-automation\Bots\..\Images\deposit-default.png, 15 ms)
2026-07-22 14:17:33 [crafting] FindImage: not found (C:\Users\link\Documents\GitHub\osrs-automation\Bots\..\Images\deposit-default.png, 16 ms)
2026-07-22 14:17:33 [crafting] FindImage: not found (C:\Users\link\Documents\GitHub\osrs-automation\Bots\..\Images\deposit-default.png, 15 ms)
2026-07-22 14:17:33 [crafting] FindImage: not found (C:\Users\link\Documents\GitHub\osrs-automation\Bots\..\Images\deposit-default.png, 16 ms)
2026-07-22 14:17:33 [crafting] FindImage: not found (C:\Users\link\Documents\GitHub\osrs-automation\Bots\..\Images\deposit-default.png, 15 ms)
2026-07-22 14:17:33 [crafting] FindImage: not found (C:\Users\link\Documents\GitHub\osrs-automation\Bots\..\Images\deposit-default.png, 16 ms)
2026-07-22 14:17:34 [crafting] FindImage: not found (C:\Users\link\Documents\GitHub\osrs-automation\Bots\..\Images\deposit-default.png, 15 ms)
2026-07-22 14:17:34 [crafting] FindImage: not found (C:\Users\link\Documents\GitHub\osrs-automation\Bots\..\Images\deposit-default.png, 16 ms)
2026-07-22 14:17:34 [crafting] FindImage: not found (C:\Users\link\Documents\GitHub\osrs-automation\Bots\..\Images\deposit-default.png, 0 ms)
2026-07-22 14:17:34 [crafting] FindImage: not found (C:\Users\link\Documents\GitHub\osrs-automation\Bots\..\Images\deposit-default.png, 0 ms)
2026-07-22 14:17:34 [crafting] FindImage: not found (C:\Users\link\Documents\GitHub\osrs-automation\Bots\..\Images\deposit-default.png, 0 ms)
2026-07-22 14:17:34 [crafting] Esc pressed - exiting
2026-07-22 14:17:45 [crafting] F6 pressed - stop requested
2026-07-22 14:17:45 [crafting] Crafting started
2026-07-22 14:17:45 [crafting] Craft: waiting for start-craft marker
2026-07-22 14:17:45 [crafting] FindFilledBlock: found at 1575,607 (21x21 0xFFFF00 tol=0, 15 ms)
2026-07-22 14:17:45 [crafting] Craft: clicking start-craft marker at 1584,613
2026-07-22 14:17:46 [crafting] Craft: waiting for craft dialog marker
2026-07-22 14:17:46 [crafting] FindImage: not found (C:\Users\link\Documents\GitHub\osrs-automation\Bots\..\Images\craft-marker-2.png, 0 ms)
2026-07-22 14:17:46 [crafting] FindImage: not found (C:\Users\link\Documents\GitHub\osrs-automation\Bots\..\Images\craft-marker-2.png, 15 ms)
2026-07-22 14:17:46 [crafting] FindImage: not found (C:\Users\link\Documents\GitHub\osrs-automation\Bots\..\Images\craft-marker-2.png, 16 ms)
2026-07-22 14:17:46 [crafting] FindImage: not found (C:\Users\link\Documents\GitHub\osrs-automation\Bots\..\Images\craft-marker-2.png, 15 ms)
2026-07-22 14:17:46 [crafting] FindImage: not found (C:\Users\link\Documents\GitHub\osrs-automation\Bots\..\Images\craft-marker-2.png, 16 ms)
2026-07-22 14:17:47 [crafting] FindImage: not found (C:\Users\link\Documents\GitHub\osrs-automation\Bots\..\Images\craft-marker-2.png, 15 ms)
2026-07-22 14:17:47 [crafting] FindImage: not found (C:\Users\link\Documents\GitHub\osrs-automation\Bots\..\Images\craft-marker-2.png, 16 ms)
2026-07-22 14:17:47 [crafting] FindImage: not found (C:\Users\link\Documents\GitHub\osrs-automation\Bots\..\Images\craft-marker-2.png, 15 ms)
2026-07-22 14:17:47 [crafting] FindImage: not found (C:\Users\link\Documents\GitHub\osrs-automation\Bots\..\Images\craft-marker-2.png, 16 ms)
2026-07-22 14:17:47 [crafting] FindImage: not found (C:\Users\link\Documents\GitHub\osrs-automation\Bots\..\Images\craft-marker-2.png, 15 ms)
2026-07-22 14:17:48 [crafting] FindImage: not found (C:\Users\link\Documents\GitHub\osrs-automation\Bots\..\Images\craft-marker-2.png, 16 ms)
2026-07-22 14:17:48 [crafting] FindImage: not found (C:\Users\link\Documents\GitHub\osrs-automation\Bots\..\Images\craft-marker-2.png, 0 ms)
2026-07-22 14:17:48 [crafting] FindImage: not found (C:\Users\link\Documents\GitHub\osrs-automation\Bots\..\Images\craft-marker-2.png, 0 ms)
2026-07-22 14:17:48 [crafting] FindImage: not found (C:\Users\link\Documents\GitHub\osrs-automation\Bots\..\Images\craft-marker-2.png, 15 ms)
2026-07-22 14:17:48 [crafting] FindImage: not found (C:\Users\link\Documents\GitHub\osrs-automation\Bots\..\Images\craft-marker-2.png, 16 ms)
2026-07-22 14:17:49 [crafting] FindImage: not found (C:\Users\link\Documents\GitHub\osrs-automation\Bots\..\Images\craft-marker-2.png, 15 ms)
2026-07-22 14:17:49 [crafting] FindImage: not found (C:\Users\link\Documents\GitHub\osrs-automation\Bots\..\Images\craft-marker-2.png, 16 ms)
2026-07-22 14:17:49 [crafting] FindImage: not found (C:\Users\link\Documents\GitHub\osrs-automation\Bots\..\Images\craft-marker-2.png, 15 ms)
2026-07-22 14:17:49 [crafting] FindImage: not found (C:\Users\link\Documents\GitHub\osrs-automation\Bots\..\Images\craft-marker-2.png, 0 ms)
2026-07-22 14:17:49 [crafting] FindImage: not found (C:\Users\link\Documents\GitHub\osrs-automation\Bots\..\Images\craft-marker-2.png, 0 ms)
2026-07-22 14:17:49 [crafting] FindImage: not found (C:\Users\link\Documents\GitHub\osrs-automation\Bots\..\Images\craft-marker-2.png, 0 ms)
2026-07-22 14:17:50 [crafting] FindImage: found at 1448,696 (C:\Users\link\Documents\GitHub\osrs-automation\Bots\..\Images\craft-marker-2.png, 0 ms)
2026-07-22 14:17:50 [crafting] Craft: waiting for slot 26 to empty
2026-07-22 14:18:04 [crafting] Craft: waiting for deposit-side marker
2026-07-22 14:18:04 [crafting] FindFilledBlock: found at 927,777 (21x21 0xFF00FF tol=0, 0 ms)
2026-07-22 14:18:04 [crafting] Craft: clicking deposit-side marker at 912,789
2026-07-22 14:18:04 [crafting] Craft: waiting for deposit-inventory button
2026-07-22 14:18:04 [crafting] FindImage: not found (C:\Users\link\Documents\GitHub\osrs-automation\Bots\..\Images\deposit-default.png, 15 ms)
2026-07-22 14:18:05 [crafting] FindImage: not found (C:\Users\link\Documents\GitHub\osrs-automation\Bots\..\Images\deposit-default.png, 16 ms)
2026-07-22 14:18:05 [crafting] FindImage: not found (C:\Users\link\Documents\GitHub\osrs-automation\Bots\..\Images\deposit-default.png, 15 ms)
2026-07-22 14:18:05 [crafting] FindImage: not found (C:\Users\link\Documents\GitHub\osrs-automation\Bots\..\Images\deposit-default.png, 16 ms)
2026-07-22 14:18:05 [crafting] FindImage: not found (C:\Users\link\Documents\GitHub\osrs-automation\Bots\..\Images\deposit-default.png, 15 ms)
2026-07-22 14:18:05 [crafting] FindImage: not found (C:\Users\link\Documents\GitHub\osrs-automation\Bots\..\Images\deposit-default.png, 16 ms)
2026-07-22 14:18:05 [crafting] FindImage: not found (C:\Users\link\Documents\GitHub\osrs-automation\Bots\..\Images\deposit-default.png, 15 ms)
2026-07-22 14:18:06 [crafting] FindImage: not found (C:\Users\link\Documents\GitHub\osrs-automation\Bots\..\Images\deposit-default.png, 16 ms)
2026-07-22 14:18:06 [crafting] FindImage: not found (C:\Users\link\Documents\GitHub\osrs-automation\Bots\..\Images\deposit-default.png, 15 ms)
2026-07-22 14:18:06 [crafting] FindImage: not found (C:\Users\link\Documents\GitHub\osrs-automation\Bots\..\Images\deposit-default.png, 16 ms)
2026-07-22 14:18:06 [crafting] FindImage: not found (C:\Users\link\Documents\GitHub\osrs-automation\Bots\..\Images\deposit-default.png, 15 ms)
2026-07-22 14:18:06 [crafting] FindImage: not found (C:\Users\link\Documents\GitHub\osrs-automation\Bots\..\Images\deposit-default.png, 16 ms)
2026-07-22 14:18:07 [crafting] FindImage: not found (C:\Users\link\Documents\GitHub\osrs-automation\Bots\..\Images\deposit-default.png, 15 ms)
2026-07-22 14:18:07 [crafting] FindImage: not found (C:\Users\link\Documents\GitHub\osrs-automation\Bots\..\Images\deposit-default.png, 16 ms)
2026-07-22 14:18:07 [crafting] FindImage: not found (C:\Users\link\Documents\GitHub\osrs-automation\Bots\..\Images\deposit-default.png, 15 ms)
2026-07-22 14:18:07 [crafting] FindImage: not found (C:\Users\link\Documents\GitHub\osrs-automation\Bots\..\Images\deposit-default.png, 16 ms)
2026-07-22 14:18:07 [crafting] FindImage: not found (C:\Users\link\Documents\GitHub\osrs-automation\Bots\..\Images\deposit-default.png, 15 ms)
2026-07-22 14:18:08 [crafting] FindImage: not found (C:\Users\link\Documents\GitHub\osrs-automation\Bots\..\Images\deposit-default.png, 0 ms)
2026-07-22 14:18:08 [crafting] FindImage: found at 1363,999 (C:\Users\link\Documents\GitHub\osrs-automation\Bots\..\Images\deposit-default.png, 0 ms)
2026-07-22 14:18:08 [crafting] Craft: clicking deposit-inventory button at 1363,999
2026-07-22 14:18:08 [crafting] Craft: waiting for start-craft marker
2026-07-22 14:18:08 [crafting] FindFilledBlock: found at 1544,573 (21x21 0xFFFF00 tol=0, 16 ms)
2026-07-22 14:18:08 [crafting] Craft: clicking start-craft marker at 1584,613
2026-07-22 14:18:08 [crafting] Craft: waiting for craft dialog marker
2026-07-22 14:18:08 [crafting] FindImage: not found (C:\Users\link\Documents\GitHub\osrs-automation\Bots\..\Images\craft-marker-2.png, 16 ms)
2026-07-22 14:18:09 [crafting] FindImage: not found (C:\Users\link\Documents\GitHub\osrs-automation\Bots\..\Images\craft-marker-2.png, 15 ms)
2026-07-22 14:18:09 [crafting] FindImage: not found (C:\Users\link\Documents\GitHub\osrs-automation\Bots\..\Images\craft-marker-2.png, 16 ms)
2026-07-22 14:18:09 [crafting] FindImage: not found (C:\Users\link\Documents\GitHub\osrs-automation\Bots\..\Images\craft-marker-2.png, 15 ms)
2026-07-22 14:18:09 [crafting] FindImage: not found (C:\Users\link\Documents\GitHub\osrs-automation\Bots\..\Images\craft-marker-2.png, 0 ms)
2026-07-22 14:18:09 [crafting] FindImage: not found (C:\Users\link\Documents\GitHub\osrs-automation\Bots\..\Images\craft-marker-2.png, 0 ms)
2026-07-22 14:18:09 [crafting] FindImage: not found (C:\Users\link\Documents\GitHub\osrs-automation\Bots\..\Images\craft-marker-2.png, 0 ms)
2026-07-22 14:18:10 [crafting] FindImage: not found (C:\Users\link\Documents\GitHub\osrs-automation\Bots\..\Images\craft-marker-2.png, 15 ms)
2026-07-22 14:18:10 [crafting] FindImage: not found (C:\Users\link\Documents\GitHub\osrs-automation\Bots\..\Images\craft-marker-2.png, 0 ms)
2026-07-22 14:18:10 [crafting] FindImage: not found (C:\Users\link\Documents\GitHub\osrs-automation\Bots\..\Images\craft-marker-2.png, 0 ms)
2026-07-22 14:18:10 [crafting] FindImage: not found (C:\Users\link\Documents\GitHub\osrs-automation\Bots\..\Images\craft-marker-2.png, 16 ms)
2026-07-22 14:18:10 [crafting] FindImage: not found (C:\Users\link\Documents\GitHub\osrs-automation\Bots\..\Images\craft-marker-2.png, 15 ms)
2026-07-22 14:18:11 [crafting] FindImage: not found (C:\Users\link\Documents\GitHub\osrs-automation\Bots\..\Images\craft-marker-2.png, 0 ms)
2026-07-22 14:18:11 [crafting] FindImage: not found (C:\Users\link\Documents\GitHub\osrs-automation\Bots\..\Images\craft-marker-2.png, 0 ms)
2026-07-22 14:18:11 [crafting] FindImage: not found (C:\Users\link\Documents\GitHub\osrs-automation\Bots\..\Images\craft-marker-2.png, 16 ms)
2026-07-22 14:18:11 [crafting] FindImage: not found (C:\Users\link\Documents\GitHub\osrs-automation\Bots\..\Images\craft-marker-2.png, 0 ms)
2026-07-22 14:18:11 [crafting] FindImage: not found (C:\Users\link\Documents\GitHub\osrs-automation\Bots\..\Images\craft-marker-2.png, 15 ms)
2026-07-22 14:18:12 [crafting] FindImage: not found (C:\Users\link\Documents\GitHub\osrs-automation\Bots\..\Images\craft-marker-2.png, 16 ms)
2026-07-22 14:18:12 [crafting] FindImage: not found (C:\Users\link\Documents\GitHub\osrs-automation\Bots\..\Images\craft-marker-2.png, 15 ms)
2026-07-22 14:18:12 [crafting] FindImage: not found (C:\Users\link\Documents\GitHub\osrs-automation\Bots\..\Images\craft-marker-2.png, 16 ms)
2026-07-22 14:18:12 [crafting] FindImage: not found (C:\Users\link\Documents\GitHub\osrs-automation\Bots\..\Images\craft-marker-2.png, 15 ms)
2026-07-22 14:18:12 [crafting] FindImage: not found (C:\Users\link\Documents\GitHub\osrs-automation\Bots\..\Images\craft-marker-2.png, 16 ms)
2026-07-22 14:18:12 [crafting] FindImage: not found (C:\Users\link\Documents\GitHub\osrs-automation\Bots\..\Images\craft-marker-2.png, 15 ms)
2026-07-22 14:18:13 [crafting] FindImage: not found (C:\Users\link\Documents\GitHub\osrs-automation\Bots\..\Images\craft-marker-2.png, 16 ms)
2026-07-22 14:18:13 [crafting] FindImage: not found (C:\Users\link\Documents\GitHub\osrs-automation\Bots\..\Images\craft-marker-2.png, 15 ms)
2026-07-22 14:18:13 [crafting] FindImage: not found (C:\Users\link\Documents\GitHub\osrs-automation\Bots\..\Images\craft-marker-2.png, 0 ms)
2026-07-22 14:18:13 [crafting] FindImage: not found (C:\Users\link\Documents\GitHub\osrs-automation\Bots\..\Images\craft-marker-2.png, 0 ms)
2026-07-22 14:18:13 [crafting] FindImage: not found (C:\Users\link\Documents\GitHub\osrs-automation\Bots\..\Images\craft-marker-2.png, 0 ms)
2026-07-22 14:18:14 [crafting] FindImage: not found (C:\Users\link\Documents\GitHub\osrs-automation\Bots\..\Images\craft-marker-2.png, 0 ms)
2026-07-22 14:18:14 [crafting] FindImage: not found (C:\Users\link\Documents\GitHub\osrs-automation\Bots\..\Images\craft-marker-2.png, 0 ms)
2026-07-22 14:18:14 [crafting] FindImage: not found (C:\Users\link\Documents\GitHub\osrs-automation\Bots\..\Images\craft-marker-2.png, 15 ms)
2026-07-22 14:18:14 [crafting] FindImage: not found (C:\Users\link\Documents\GitHub\osrs-automation\Bots\..\Images\craft-marker-2.png, 0 ms)
2026-07-22 14:18:14 [crafting] FindImage: not found (C:\Users\link\Documents\GitHub\osrs-automation\Bots\..\Images\craft-marker-2.png, 15 ms)
2026-07-22 14:18:14 [crafting] FindImage: not found (C:\Users\link\Documents\GitHub\osrs-automation\Bots\..\Images\craft-marker-2.png, 0 ms)
2026-07-22 14:18:15 [crafting] FindImage: not found (C:\Users\link\Documents\GitHub\osrs-automation\Bots\..\Images\craft-marker-2.png, 15 ms)
2026-07-22 14:18:15 [crafting] FindImage: not found (C:\Users\link\Documents\GitHub\osrs-automation\Bots\..\Images\craft-marker-2.png, 16 ms)
2026-07-22 14:18:15 [crafting] FindImage: not found (C:\Users\link\Documents\GitHub\osrs-automation\Bots\..\Images\craft-marker-2.png, 0 ms)
2026-07-22 14:18:15 [crafting] FindImage: not found (C:\Users\link\Documents\GitHub\osrs-automation\Bots\..\Images\craft-marker-2.png, 0 ms)
2026-07-22 14:18:15 [crafting] FindImage: not found (C:\Users\link\Documents\GitHub\osrs-automation\Bots\..\Images\craft-marker-2.png, 15 ms)
2026-07-22 14:18:16 [crafting] FindImage: not found (C:\Users\link\Documents\GitHub\osrs-automation\Bots\..\Images\craft-marker-2.png, 0 ms)
2026-07-22 14:18:16 [crafting] FindImage: not found (C:\Users\link\Documents\GitHub\osrs-automation\Bots\..\Images\craft-marker-2.png, 0 ms)
2026-07-22 14:18:16 [crafting] FindImage: not found (C:\Users\link\Documents\GitHub\osrs-automation\Bots\..\Images\craft-marker-2.png, 15 ms)
2026-07-22 14:18:16 [crafting] FindImage: not found (C:\Users\link\Documents\GitHub\osrs-automation\Bots\..\Images\craft-marker-2.png, 16 ms)
2026-07-22 14:18:16 [crafting] FindImage: not found (C:\Users\link\Documents\GitHub\osrs-automation\Bots\..\Images\craft-marker-2.png, 15 ms)
2026-07-22 14:18:17 [crafting] Esc pressed - exiting
2026-07-22 14:18:47 [crafting] Crafting started
2026-07-22 14:18:47 [crafting] Craft: waiting for start-craft marker
2026-07-22 14:18:47 [crafting] FindFilledBlock: found at 1570,602 (11x11 0xFFFF00 tol=0, 16 ms)
2026-07-22 14:18:47 [crafting] Craft: clicking start-craft marker at 1584,613
2026-07-22 14:18:47 [crafting] Craft: waiting for craft dialog marker
2026-07-22 14:18:47 [crafting] FindImage: not found (C:\Users\link\Documents\GitHub\osrs-automation\Bots\..\Images\craft-marker-2.png, 0 ms)
2026-07-22 14:18:47 [crafting] FindImage: not found (C:\Users\link\Documents\GitHub\osrs-automation\Bots\..\Images\craft-marker-2.png, 15 ms)
2026-07-22 14:18:48 [crafting] FindImage: not found (C:\Users\link\Documents\GitHub\osrs-automation\Bots\..\Images\craft-marker-2.png, 16 ms)
2026-07-22 14:18:48 [crafting] FindImage: not found (C:\Users\link\Documents\GitHub\osrs-automation\Bots\..\Images\craft-marker-2.png, 0 ms)
2026-07-22 14:18:48 [crafting] FindImage: not found (C:\Users\link\Documents\GitHub\osrs-automation\Bots\..\Images\craft-marker-2.png, 0 ms)
2026-07-22 14:18:48 [crafting] FindImage: not found (C:\Users\link\Documents\GitHub\osrs-automation\Bots\..\Images\craft-marker-2.png, 0 ms)
2026-07-22 14:18:48 [crafting] FindImage: not found (C:\Users\link\Documents\GitHub\osrs-automation\Bots\..\Images\craft-marker-2.png, 0 ms)
2026-07-22 14:18:48 [crafting] FindImage: not found (C:\Users\link\Documents\GitHub\osrs-automation\Bots\..\Images\craft-marker-2.png, 0 ms)
2026-07-22 14:18:49 [crafting] FindImage: not found (C:\Users\link\Documents\GitHub\osrs-automation\Bots\..\Images\craft-marker-2.png, 15 ms)
2026-07-22 14:18:49 [crafting] FindImage: not found (C:\Users\link\Documents\GitHub\osrs-automation\Bots\..\Images\craft-marker-2.png, 0 ms)
2026-07-22 14:18:49 [crafting] FindImage: not found (C:\Users\link\Documents\GitHub\osrs-automation\Bots\..\Images\craft-marker-2.png, 16 ms)
2026-07-22 14:18:49 [crafting] FindImage: not found (C:\Users\link\Documents\GitHub\osrs-automation\Bots\..\Images\craft-marker-2.png, 15 ms)
2026-07-22 14:18:49 [crafting] FindImage: not found (C:\Users\link\Documents\GitHub\osrs-automation\Bots\..\Images\craft-marker-2.png, 16 ms)
2026-07-22 14:18:50 [crafting] FindImage: not found (C:\Users\link\Documents\GitHub\osrs-automation\Bots\..\Images\craft-marker-2.png, 15 ms)
2026-07-22 14:18:50 [crafting] FindImage: not found (C:\Users\link\Documents\GitHub\osrs-automation\Bots\..\Images\craft-marker-2.png, 16 ms)
2026-07-22 14:18:50 [crafting] FindImage: not found (C:\Users\link\Documents\GitHub\osrs-automation\Bots\..\Images\craft-marker-2.png, 15 ms)
2026-07-22 14:18:50 [crafting] FindImage: not found (C:\Users\link\Documents\GitHub\osrs-automation\Bots\..\Images\craft-marker-2.png, 16 ms)
2026-07-22 14:18:50 [crafting] FindImage: not found (C:\Users\link\Documents\GitHub\osrs-automation\Bots\..\Images\craft-marker-2.png, 15 ms)
2026-07-22 14:18:51 [crafting] FindImage: not found (C:\Users\link\Documents\GitHub\osrs-automation\Bots\..\Images\craft-marker-2.png, 16 ms)
2026-07-22 14:18:51 [crafting] FindImage: not found (C:\Users\link\Documents\GitHub\osrs-automation\Bots\..\Images\craft-marker-2.png, 15 ms)
2026-07-22 14:18:51 [crafting] FindImage: not found (C:\Users\link\Documents\GitHub\osrs-automation\Bots\..\Images\craft-marker-2.png, 16 ms)
2026-07-22 14:18:51 [crafting] FindImage: not found (C:\Users\link\Documents\GitHub\osrs-automation\Bots\..\Images\craft-marker-2.png, 15 ms)
2026-07-22 14:18:51 [crafting] FindImage: not found (C:\Users\link\Documents\GitHub\osrs-automation\Bots\..\Images\craft-marker-2.png, 16 ms)
2026-07-22 14:18:51 [crafting] FindImage: found at 1448,696 (C:\Users\link\Documents\GitHub\osrs-automation\Bots\..\Images\craft-marker-2.png, 15 ms)
2026-07-22 14:18:51 [crafting] Craft: waiting for slot 26 to empty
2026-07-22 14:19:06 [crafting] Craft: waiting for deposit-side marker
2026-07-22 14:19:06 [crafting] FindFilledBlock: found at 927,777 (21x21 0xFF00FF tol=0, 16 ms)
2026-07-22 14:19:06 [crafting] Craft: clicking deposit-side marker at 912,789
2026-07-22 14:19:06 [crafting] Craft: waiting for deposit-inventory button
2026-07-22 14:19:06 [crafting] FindImage: not found (C:\Users\link\Documents\GitHub\osrs-automation\Bots\..\Images\deposit-default.png, 16 ms)
2026-07-22 14:19:06 [crafting] FindImage: not found (C:\Users\link\Documents\GitHub\osrs-automation\Bots\..\Images\deposit-default.png, 0 ms)
2026-07-22 14:19:06 [crafting] FindImage: not found (C:\Users\link\Documents\GitHub\osrs-automation\Bots\..\Images\deposit-default.png, 0 ms)
2026-07-22 14:19:07 [crafting] FindImage: not found (C:\Users\link\Documents\GitHub\osrs-automation\Bots\..\Images\deposit-default.png, 0 ms)
2026-07-22 14:19:07 [crafting] FindImage: not found (C:\Users\link\Documents\GitHub\osrs-automation\Bots\..\Images\deposit-default.png, 0 ms)
2026-07-22 14:19:07 [crafting] FindImage: not found (C:\Users\link\Documents\GitHub\osrs-automation\Bots\..\Images\deposit-default.png, 0 ms)
2026-07-22 14:19:07 [crafting] FindImage: not found (C:\Users\link\Documents\GitHub\osrs-automation\Bots\..\Images\deposit-default.png, 0 ms)
2026-07-22 14:19:07 [crafting] FindImage: not found (C:\Users\link\Documents\GitHub\osrs-automation\Bots\..\Images\deposit-default.png, 0 ms)
2026-07-22 14:19:07 [crafting] FindImage: not found (C:\Users\link\Documents\GitHub\osrs-automation\Bots\..\Images\deposit-default.png, 0 ms)
2026-07-22 14:19:08 [crafting] FindImage: not found (C:\Users\link\Documents\GitHub\osrs-automation\Bots\..\Images\deposit-default.png, 16 ms)
2026-07-22 14:19:08 [crafting] FindImage: not found (C:\Users\link\Documents\GitHub\osrs-automation\Bots\..\Images\deposit-default.png, 15 ms)
2026-07-22 14:19:08 [crafting] FindImage: not found (C:\Users\link\Documents\GitHub\osrs-automation\Bots\..\Images\deposit-default.png, 0 ms)
2026-07-22 14:19:08 [crafting] FindImage: not found (C:\Users\link\Documents\GitHub\osrs-automation\Bots\..\Images\deposit-default.png, 0 ms)
2026-07-22 14:19:08 [crafting] FindImage: not found (C:\Users\link\Documents\GitHub\osrs-automation\Bots\..\Images\deposit-default.png, 0 ms)
2026-07-22 14:19:09 [crafting] FindImage: not found (C:\Users\link\Documents\GitHub\osrs-automation\Bots\..\Images\deposit-default.png, 0 ms)
2026-07-22 14:19:09 [crafting] FindImage: not found (C:\Users\link\Documents\GitHub\osrs-automation\Bots\..\Images\deposit-default.png, 15 ms)
2026-07-22 14:19:09 [crafting] FindImage: not found (C:\Users\link\Documents\GitHub\osrs-automation\Bots\..\Images\deposit-default.png, 16 ms)
2026-07-22 14:19:09 [crafting] FindImage: not found (C:\Users\link\Documents\GitHub\osrs-automation\Bots\..\Images\deposit-default.png, 15 ms)
2026-07-22 14:19:09 [crafting] FindImage: not found (C:\Users\link\Documents\GitHub\osrs-automation\Bots\..\Images\deposit-default.png, 16 ms)
2026-07-22 14:19:09 [crafting] FindImage: found at 1363,999 (C:\Users\link\Documents\GitHub\osrs-automation\Bots\..\Images\deposit-default.png, 15 ms)
2026-07-22 14:19:09 [crafting] Craft: clicking deposit-inventory button at 1363,999
2026-07-22 14:19:10 [crafting] Craft: waiting for start-craft marker
2026-07-22 14:19:10 [crafting] FindFilledBlock: found at 1544,573 (11x11 0xFFFF00 tol=0, 15 ms)
2026-07-22 14:19:10 [crafting] Craft: clicking start-craft marker at 1584,613
2026-07-22 14:19:10 [crafting] Craft: waiting for craft dialog marker
2026-07-22 14:19:10 [crafting] FindImage: not found (C:\Users\link\Documents\GitHub\osrs-automation\Bots\..\Images\craft-marker-2.png, 15 ms)
2026-07-22 14:19:10 [crafting] FindImage: not found (C:\Users\link\Documents\GitHub\osrs-automation\Bots\..\Images\craft-marker-2.png, 16 ms)
2026-07-22 14:19:11 [crafting] FindImage: not found (C:\Users\link\Documents\GitHub\osrs-automation\Bots\..\Images\craft-marker-2.png, 0 ms)
2026-07-22 14:19:11 [crafting] FindImage: not found (C:\Users\link\Documents\GitHub\osrs-automation\Bots\..\Images\craft-marker-2.png, 15 ms)
2026-07-22 14:19:11 [crafting] FindImage: not found (C:\Users\link\Documents\GitHub\osrs-automation\Bots\..\Images\craft-marker-2.png, 16 ms)
2026-07-22 14:19:11 [crafting] FindImage: not found (C:\Users\link\Documents\GitHub\osrs-automation\Bots\..\Images\craft-marker-2.png, 15 ms)
2026-07-22 14:19:11 [crafting] FindImage: not found (C:\Users\link\Documents\GitHub\osrs-automation\Bots\..\Images\craft-marker-2.png, 16 ms)
2026-07-22 14:19:11 [crafting] FindImage: not found (C:\Users\link\Documents\GitHub\osrs-automation\Bots\..\Images\craft-marker-2.png, 0 ms)
2026-07-22 14:19:12 [crafting] FindImage: not found (C:\Users\link\Documents\GitHub\osrs-automation\Bots\..\Images\craft-marker-2.png, 16 ms)
2026-07-22 14:19:12 [crafting] FindImage: not found (C:\Users\link\Documents\GitHub\osrs-automation\Bots\..\Images\craft-marker-2.png, 16 ms)
2026-07-22 14:19:12 [crafting] Esc pressed - exiting
2026-07-22 14:20:00 [crafting] Crafting started
2026-07-22 14:20:00 [crafting] Craft: waiting for start-craft marker
2026-07-22 14:20:00 [crafting] FindFilledBlock: found at 1570,602 (11x11 0xFFFF00 tol=0, 16 ms)
2026-07-22 14:20:00 [crafting] Craft: clicking start-craft marker at 1573,605
2026-07-22 14:20:00 [crafting] Craft: waiting for craft dialog marker
2026-07-22 14:20:00 [crafting] FindImage: not found (C:\Users\link\Documents\GitHub\osrs-automation\Bots\..\Images\craft-marker-2.png, 16 ms)
2026-07-22 14:20:00 [crafting] FindImage: not found (C:\Users\link\Documents\GitHub\osrs-automation\Bots\..\Images\craft-marker-2.png, 0 ms)
2026-07-22 14:20:00 [crafting] FindImage: not found (C:\Users\link\Documents\GitHub\osrs-automation\Bots\..\Images\craft-marker-2.png, 0 ms)
2026-07-22 14:20:01 [crafting] FindImage: not found (C:\Users\link\Documents\GitHub\osrs-automation\Bots\..\Images\craft-marker-2.png, 0 ms)
2026-07-22 14:20:01 [crafting] FindImage: not found (C:\Users\link\Documents\GitHub\osrs-automation\Bots\..\Images\craft-marker-2.png, 15 ms)
2026-07-22 14:20:01 [crafting] FindImage: not found (C:\Users\link\Documents\GitHub\osrs-automation\Bots\..\Images\craft-marker-2.png, 0 ms)
2026-07-22 14:20:01 [crafting] FindImage: not found (C:\Users\link\Documents\GitHub\osrs-automation\Bots\..\Images\craft-marker-2.png, 15 ms)
2026-07-22 14:20:01 [crafting] FindImage: not found (C:\Users\link\Documents\GitHub\osrs-automation\Bots\..\Images\craft-marker-2.png, 16 ms)
2026-07-22 14:20:02 [crafting] FindImage: not found (C:\Users\link\Documents\GitHub\osrs-automation\Bots\..\Images\craft-marker-2.png, 0 ms)
2026-07-22 14:20:02 [crafting] FindImage: not found (C:\Users\link\Documents\GitHub\osrs-automation\Bots\..\Images\craft-marker-2.png, 0 ms)
2026-07-22 14:20:02 [crafting] FindImage: not found (C:\Users\link\Documents\GitHub\osrs-automation\Bots\..\Images\craft-marker-2.png, 15 ms)
2026-07-22 14:20:02 [crafting] FindImage: not found (C:\Users\link\Documents\GitHub\osrs-automation\Bots\..\Images\craft-marker-2.png, 16 ms)
2026-07-22 14:20:02 [crafting] FindImage: not found (C:\Users\link\Documents\GitHub\osrs-automation\Bots\..\Images\craft-marker-2.png, 15 ms)
2026-07-22 14:20:03 [crafting] FindImage: not found (C:\Users\link\Documents\GitHub\osrs-automation\Bots\..\Images\craft-marker-2.png, 16 ms)
2026-07-22 14:20:03 [crafting] FindImage: not found (C:\Users\link\Documents\GitHub\osrs-automation\Bots\..\Images\craft-marker-2.png, 15 ms)
2026-07-22 14:20:03 [crafting] FindImage: not found (C:\Users\link\Documents\GitHub\osrs-automation\Bots\..\Images\craft-marker-2.png, 16 ms)
2026-07-22 14:20:03 [crafting] FindImage: not found (C:\Users\link\Documents\GitHub\osrs-automation\Bots\..\Images\craft-marker-2.png, 15 ms)
2026-07-22 14:20:03 [crafting] FindImage: not found (C:\Users\link\Documents\GitHub\osrs-automation\Bots\..\Images\craft-marker-2.png, 16 ms)
2026-07-22 14:20:03 [crafting] FindImage: not found (C:\Users\link\Documents\GitHub\osrs-automation\Bots\..\Images\craft-marker-2.png, 15 ms)
2026-07-22 14:20:04 [crafting] FindImage: not found (C:\Users\link\Documents\GitHub\osrs-automation\Bots\..\Images\craft-marker-2.png, 0 ms)
2026-07-22 14:20:04 [crafting] FindImage: not found (C:\Users\link\Documents\GitHub\osrs-automation\Bots\..\Images\craft-marker-2.png, 0 ms)
2026-07-22 14:20:04 [crafting] FindImage: found at 1448,696 (C:\Users\link\Documents\GitHub\osrs-automation\Bots\..\Images\craft-marker-2.png, 0 ms)
2026-07-22 14:20:04 [crafting] Craft: waiting for slot 26 to empty
2026-07-22 14:20:18 [crafting] Craft: waiting for deposit-side marker
2026-07-22 14:20:18 [crafting] FindFilledBlock: found at 927,777 (21x21 0xFF00FF tol=0, 0 ms)
2026-07-22 14:20:18 [crafting] Craft: clicking deposit-side marker at 912,789
2026-07-22 14:20:19 [crafting] Craft: waiting for deposit-inventory button
2026-07-22 14:20:19 [crafting] FindImage: not found (C:\Users\link\Documents\GitHub\osrs-automation\Bots\..\Images\deposit-default.png, 16 ms)
2026-07-22 14:20:19 [crafting] FindImage: not found (C:\Users\link\Documents\GitHub\osrs-automation\Bots\..\Images\deposit-default.png, 0 ms)
2026-07-22 14:20:19 [crafting] FindImage: not found (C:\Users\link\Documents\GitHub\osrs-automation\Bots\..\Images\deposit-default.png, 15 ms)
2026-07-22 14:20:19 [crafting] FindImage: not found (C:\Users\link\Documents\GitHub\osrs-automation\Bots\..\Images\deposit-default.png, 0 ms)
2026-07-22 14:20:19 [crafting] FindImage: not found (C:\Users\link\Documents\GitHub\osrs-automation\Bots\..\Images\deposit-default.png, 15 ms)
2026-07-22 14:20:20 [crafting] FindImage: not found (C:\Users\link\Documents\GitHub\osrs-automation\Bots\..\Images\deposit-default.png, 0 ms)
2026-07-22 14:20:20 [crafting] FindImage: not found (C:\Users\link\Documents\GitHub\osrs-automation\Bots\..\Images\deposit-default.png, 15 ms)
2026-07-22 14:20:20 [crafting] FindImage: not found (C:\Users\link\Documents\GitHub\osrs-automation\Bots\..\Images\deposit-default.png, 16 ms)
2026-07-22 14:20:20 [crafting] FindImage: not found (C:\Users\link\Documents\GitHub\osrs-automation\Bots\..\Images\deposit-default.png, 15 ms)
2026-07-22 14:20:20 [crafting] FindImage: not found (C:\Users\link\Documents\GitHub\osrs-automation\Bots\..\Images\deposit-default.png, 0 ms)
2026-07-22 14:20:21 [crafting] FindImage: not found (C:\Users\link\Documents\GitHub\osrs-automation\Bots\..\Images\deposit-default.png, 0 ms)
2026-07-22 14:20:21 [crafting] FindImage: not found (C:\Users\link\Documents\GitHub\osrs-automation\Bots\..\Images\deposit-default.png, 0 ms)
2026-07-22 14:20:21 [crafting] FindImage: not found (C:\Users\link\Documents\GitHub\osrs-automation\Bots\..\Images\deposit-default.png, 0 ms)
2026-07-22 14:20:21 [crafting] FindImage: not found (C:\Users\link\Documents\GitHub\osrs-automation\Bots\..\Images\deposit-default.png, 0 ms)
2026-07-22 14:20:21 [crafting] FindImage: not found (C:\Users\link\Documents\GitHub\osrs-automation\Bots\..\Images\deposit-default.png, 16 ms)
2026-07-22 14:20:21 [crafting] FindImage: not found (C:\Users\link\Documents\GitHub\osrs-automation\Bots\..\Images\deposit-default.png, 0 ms)
2026-07-22 14:20:22 [crafting] FindImage: not found (C:\Users\link\Documents\GitHub\osrs-automation\Bots\..\Images\deposit-default.png, 0 ms)
2026-07-22 14:20:22 [crafting] FindImage: not found (C:\Users\link\Documents\GitHub\osrs-automation\Bots\..\Images\deposit-default.png, 0 ms)
2026-07-22 14:20:22 [crafting] FindImage: not found (C:\Users\link\Documents\GitHub\osrs-automation\Bots\..\Images\deposit-default.png, 0 ms)
2026-07-22 14:20:22 [crafting] FindImage: found at 1363,999 (C:\Users\link\Documents\GitHub\osrs-automation\Bots\..\Images\deposit-default.png, 16 ms)
2026-07-22 14:20:22 [crafting] Craft: clicking deposit-inventory button at 1363,999
2026-07-22 14:20:23 [crafting] Craft: waiting for start-craft marker
2026-07-22 14:20:23 [crafting] FindFilledBlock: found at 1538,572 (11x11 0xFFFF00 tol=0, 0 ms)
2026-07-22 14:20:23 [crafting] Craft: clicking start-craft marker at 1573,605
2026-07-22 14:20:23 [crafting] Craft: waiting for craft dialog marker
2026-07-22 14:20:23 [crafting] FindImage: not found (C:\Users\link\Documents\GitHub\osrs-automation\Bots\..\Images\craft-marker-2.png, 15 ms)
2026-07-22 14:20:23 [crafting] FindImage: not found (C:\Users\link\Documents\GitHub\osrs-automation\Bots\..\Images\craft-marker-2.png, 0 ms)
2026-07-22 14:20:23 [crafting] FindImage: not found (C:\Users\link\Documents\GitHub\osrs-automation\Bots\..\Images\craft-marker-2.png, 0 ms)
2026-07-22 14:20:23 [crafting] FindImage: not found (C:\Users\link\Documents\GitHub\osrs-automation\Bots\..\Images\craft-marker-2.png, 16 ms)
2026-07-22 14:20:24 [crafting] FindImage: not found (C:\Users\link\Documents\GitHub\osrs-automation\Bots\..\Images\craft-marker-2.png, 0 ms)
2026-07-22 14:20:24 [crafting] FindImage: not found (C:\Users\link\Documents\GitHub\osrs-automation\Bots\..\Images\craft-marker-2.png, 0 ms)
2026-07-22 14:20:24 [crafting] FindImage: not found (C:\Users\link\Documents\GitHub\osrs-automation\Bots\..\Images\craft-marker-2.png, 16 ms)
2026-07-22 14:20:24 [crafting] FindImage: not found (C:\Users\link\Documents\GitHub\osrs-automation\Bots\..\Images\craft-marker-2.png, 16 ms)
2026-07-22 14:20:24 [crafting] FindImage: not found (C:\Users\link\Documents\GitHub\osrs-automation\Bots\..\Images\craft-marker-2.png, 16 ms)
2026-07-22 14:20:25 [crafting] FindImage: not found (C:\Users\link\Documents\GitHub\osrs-automation\Bots\..\Images\craft-marker-2.png, 16 ms)
2026-07-22 14:20:25 [crafting] FindImage: not found (C:\Users\link\Documents\GitHub\osrs-automation\Bots\..\Images\craft-marker-2.png, 16 ms)
2026-07-22 14:20:25 [crafting] FindImage: not found (C:\Users\link\Documents\GitHub\osrs-automation\Bots\..\Images\craft-marker-2.png, 16 ms)
2026-07-22 14:20:25 [crafting] FindImage: not found (C:\Users\link\Documents\GitHub\osrs-automation\Bots\..\Images\craft-marker-2.png, 16 ms)
2026-07-22 14:20:25 [crafting] FindImage: not found (C:\Users\link\Documents\GitHub\osrs-automation\Bots\..\Images\craft-marker-2.png, 16 ms)
2026-07-22 14:20:25 [crafting] FindImage: not found (C:\Users\link\Documents\GitHub\osrs-automation\Bots\..\Images\craft-marker-2.png, 16 ms)
2026-07-22 14:20:26 [crafting] FindImage: not found (C:\Users\link\Documents\GitHub\osrs-automation\Bots\..\Images\craft-marker-2.png, 16 ms)
2026-07-22 14:20:26 [crafting] FindImage: not found (C:\Users\link\Documents\GitHub\osrs-automation\Bots\..\Images\craft-marker-2.png, 16 ms)
2026-07-22 14:20:26 [crafting] FindImage: not found (C:\Users\link\Documents\GitHub\osrs-automation\Bots\..\Images\craft-marker-2.png, 16 ms)
2026-07-22 14:20:26 [crafting] FindImage: not found (C:\Users\link\Documents\GitHub\osrs-automation\Bots\..\Images\craft-marker-2.png, 16 ms)
2026-07-22 14:20:26 [crafting] FindImage: not found (C:\Users\link\Documents\GitHub\osrs-automation\Bots\..\Images\craft-marker-2.png, 16 ms)
2026-07-22 14:20:27 [crafting] FindImage: not found (C:\Users\link\Documents\GitHub\osrs-automation\Bots\..\Images\craft-marker-2.png, 16 ms)
2026-07-22 14:20:27 [crafting] FindImage: found at 1448,696 (C:\Users\link\Documents\GitHub\osrs-automation\Bots\..\Images\craft-marker-2.png, 16 ms)
2026-07-22 14:20:27 [crafting] Craft: waiting for slot 26 to empty
2026-07-22 14:20:41 [crafting] Craft: waiting for deposit-side marker
2026-07-22 14:20:41 [crafting] FindFilledBlock: found at 927,777 (21x21 0xFF00FF tol=0, 16 ms)
2026-07-22 14:20:41 [crafting] Craft: clicking deposit-side marker at 912,789
2026-07-22 14:20:41 [crafting] Craft: waiting for deposit-inventory button
2026-07-22 14:20:41 [crafting] FindImage: not found (C:\Users\link\Documents\GitHub\osrs-automation\Bots\..\Images\deposit-default.png, 16 ms)
2026-07-22 14:20:42 [crafting] FindImage: not found (C:\Users\link\Documents\GitHub\osrs-automation\Bots\..\Images\deposit-default.png, 0 ms)
2026-07-22 14:20:42 [crafting] FindImage: not found (C:\Users\link\Documents\GitHub\osrs-automation\Bots\..\Images\deposit-default.png, 0 ms)
2026-07-22 14:20:42 [crafting] FindImage: not found (C:\Users\link\Documents\GitHub\osrs-automation\Bots\..\Images\deposit-default.png, 0 ms)
2026-07-22 14:20:42 [crafting] FindImage: not found (C:\Users\link\Documents\GitHub\osrs-automation\Bots\..\Images\deposit-default.png, 16 ms)
2026-07-22 14:20:42 [crafting] FindImage: not found (C:\Users\link\Documents\GitHub\osrs-automation\Bots\..\Images\deposit-default.png, 16 ms)
2026-07-22 14:20:43 [crafting] FindImage: not found (C:\Users\link\Documents\GitHub\osrs-automation\Bots\..\Images\deposit-default.png, 16 ms)
2026-07-22 14:20:43 [crafting] FindImage: not found (C:\Users\link\Documents\GitHub\osrs-automation\Bots\..\Images\deposit-default.png, 16 ms)
2026-07-22 14:20:43 [crafting] FindImage: not found (C:\Users\link\Documents\GitHub\osrs-automation\Bots\..\Images\deposit-default.png, 16 ms)
2026-07-22 14:20:43 [crafting] FindImage: not found (C:\Users\link\Documents\GitHub\osrs-automation\Bots\..\Images\deposit-default.png, 16 ms)
2026-07-22 14:20:43 [crafting] FindImage: not found (C:\Users\link\Documents\GitHub\osrs-automation\Bots\..\Images\deposit-default.png, 16 ms)
2026-07-22 14:20:43 [crafting] FindImage: not found (C:\Users\link\Documents\GitHub\osrs-automation\Bots\..\Images\deposit-default.png, 16 ms)
2026-07-22 14:20:44 [crafting] FindImage: not found (C:\Users\link\Documents\GitHub\osrs-automation\Bots\..\Images\deposit-default.png, 16 ms)
2026-07-22 14:20:44 [crafting] FindImage: not found (C:\Users\link\Documents\GitHub\osrs-automation\Bots\..\Images\deposit-default.png, 16 ms)
2026-07-22 14:20:44 [crafting] FindImage: not found (C:\Users\link\Documents\GitHub\osrs-automation\Bots\..\Images\deposit-default.png, 16 ms)
2026-07-22 14:20:44 [crafting] FindImage: not found (C:\Users\link\Documents\GitHub\osrs-automation\Bots\..\Images\deposit-default.png, 16 ms)
2026-07-22 14:20:44 [crafting] FindImage: not found (C:\Users\link\Documents\GitHub\osrs-automation\Bots\..\Images\deposit-default.png, 16 ms)
2026-07-22 14:20:45 [crafting] FindImage: not found (C:\Users\link\Documents\GitHub\osrs-automation\Bots\..\Images\deposit-default.png, 16 ms)
2026-07-22 14:20:45 [crafting] FindImage: not found (C:\Users\link\Documents\GitHub\osrs-automation\Bots\..\Images\deposit-default.png, 16 ms)
2026-07-22 14:20:45 [crafting] FindImage: found at 1363,999 (C:\Users\link\Documents\GitHub\osrs-automation\Bots\..\Images\deposit-default.png, 16 ms)
2026-07-22 14:20:45 [crafting] Craft: clicking deposit-inventory button at 1363,999
2026-07-22 14:20:45 [crafting] Craft: waiting for start-craft marker
2026-07-22 14:20:45 [crafting] FindFilledBlock: found at 1534,568 (11x11 0xFFFF00 tol=0, 0 ms)
2026-07-22 14:20:45 [crafting] Craft: clicking start-craft marker at 1573,605
2026-07-22 14:20:46 [crafting] Craft: waiting for craft dialog marker
2026-07-22 14:20:46 [crafting] FindImage: not found (C:\Users\link\Documents\GitHub\osrs-automation\Bots\..\Images\craft-marker-2.png, 0 ms)
2026-07-22 14:20:46 [crafting] FindImage: not found (C:\Users\link\Documents\GitHub\osrs-automation\Bots\..\Images\craft-marker-2.png, 15 ms)
2026-07-22 14:20:46 [crafting] FindImage: not found (C:\Users\link\Documents\GitHub\osrs-automation\Bots\..\Images\craft-marker-2.png, 0 ms)
2026-07-22 14:20:46 [crafting] FindImage: not found (C:\Users\link\Documents\GitHub\osrs-automation\Bots\..\Images\craft-marker-2.png, 16 ms)
2026-07-22 14:20:46 [crafting] FindImage: not found (C:\Users\link\Documents\GitHub\osrs-automation\Bots\..\Images\craft-marker-2.png, 15 ms)
2026-07-22 14:20:47 [crafting] FindImage: not found (C:\Users\link\Documents\GitHub\osrs-automation\Bots\..\Images\craft-marker-2.png, 16 ms)
2026-07-22 14:20:47 [crafting] FindImage: not found (C:\Users\link\Documents\GitHub\osrs-automation\Bots\..\Images\craft-marker-2.png, 15 ms)
2026-07-22 14:20:47 [crafting] FindImage: not found (C:\Users\link\Documents\GitHub\osrs-automation\Bots\..\Images\craft-marker-2.png, 16 ms)
2026-07-22 14:20:47 [crafting] FindImage: not found (C:\Users\link\Documents\GitHub\osrs-automation\Bots\..\Images\craft-marker-2.png, 15 ms)
2026-07-22 14:20:47 [crafting] FindImage: not found (C:\Users\link\Documents\GitHub\osrs-automation\Bots\..\Images\craft-marker-2.png, 16 ms)
2026-07-22 14:20:48 [crafting] FindImage: not found (C:\Users\link\Documents\GitHub\osrs-automation\Bots\..\Images\craft-marker-2.png, 15 ms)
2026-07-22 14:20:48 [crafting] FindImage: not found (C:\Users\link\Documents\GitHub\osrs-automation\Bots\..\Images\craft-marker-2.png, 16 ms)
2026-07-22 14:20:48 [crafting] FindImage: not found (C:\Users\link\Documents\GitHub\osrs-automation\Bots\..\Images\craft-marker-2.png, 15 ms)
2026-07-22 14:20:48 [crafting] FindImage: not found (C:\Users\link\Documents\GitHub\osrs-automation\Bots\..\Images\craft-marker-2.png, 16 ms)
2026-07-22 14:20:48 [crafting] FindImage: not found (C:\Users\link\Documents\GitHub\osrs-automation\Bots\..\Images\craft-marker-2.png, 0 ms)
2026-07-22 14:20:48 [crafting] FindImage: not found (C:\Users\link\Documents\GitHub\osrs-automation\Bots\..\Images\craft-marker-2.png, 0 ms)
2026-07-22 14:20:49 [crafting] FindImage: not found (C:\Users\link\Documents\GitHub\osrs-automation\Bots\..\Images\craft-marker-2.png, 0 ms)
2026-07-22 14:20:49 [crafting] FindImage: not found (C:\Users\link\Documents\GitHub\osrs-automation\Bots\..\Images\craft-marker-2.png, 16 ms)
2026-07-22 14:20:49 [crafting] FindImage: not found (C:\Users\link\Documents\GitHub\osrs-automation\Bots\..\Images\craft-marker-2.png, 16 ms)
2026-07-22 14:20:49 [crafting] FindImage: not found (C:\Users\link\Documents\GitHub\osrs-automation\Bots\..\Images\craft-marker-2.png, 0 ms)
2026-07-22 14:20:49 [crafting] FindImage: not found (C:\Users\link\Documents\GitHub\osrs-automation\Bots\..\Images\craft-marker-2.png, 0 ms)
2026-07-22 14:20:50 [crafting] FindImage: found at 1448,696 (C:\Users\link\Documents\GitHub\osrs-automation\Bots\..\Images\craft-marker-2.png, 15 ms)
2026-07-22 14:20:50 [crafting] Craft: waiting for slot 26 to empty
2026-07-22 14:21:04 [crafting] Craft: waiting for deposit-side marker
2026-07-22 14:21:04 [crafting] FindFilledBlock: found at 927,777 (21x21 0xFF00FF tol=0, 0 ms)
2026-07-22 14:21:04 [crafting] Craft: clicking deposit-side marker at 912,789
2026-07-22 14:21:04 [crafting] Craft: waiting for deposit-inventory button
2026-07-22 14:21:04 [crafting] FindImage: not found (C:\Users\link\Documents\GitHub\osrs-automation\Bots\..\Images\deposit-default.png, 16 ms)
2026-07-22 14:21:04 [crafting] FindImage: not found (C:\Users\link\Documents\GitHub\osrs-automation\Bots\..\Images\deposit-default.png, 0 ms)
2026-07-22 14:21:05 [crafting] FindImage: not found (C:\Users\link\Documents\GitHub\osrs-automation\Bots\..\Images\deposit-default.png, 15 ms)
2026-07-22 14:21:05 [crafting] FindImage: not found (C:\Users\link\Documents\GitHub\osrs-automation\Bots\..\Images\deposit-default.png, 16 ms)
2026-07-22 14:21:05 [crafting] FindImage: not found (C:\Users\link\Documents\GitHub\osrs-automation\Bots\..\Images\deposit-default.png, 15 ms)
2026-07-22 14:21:05 [crafting] FindImage: not found (C:\Users\link\Documents\GitHub\osrs-automation\Bots\..\Images\deposit-default.png, 16 ms)
2026-07-22 14:21:05 [crafting] FindImage: not found (C:\Users\link\Documents\GitHub\osrs-automation\Bots\..\Images\deposit-default.png, 15 ms)
2026-07-22 14:21:06 [crafting] FindImage: not found (C:\Users\link\Documents\GitHub\osrs-automation\Bots\..\Images\deposit-default.png, 16 ms)
2026-07-22 14:21:06 [crafting] FindImage: not found (C:\Users\link\Documents\GitHub\osrs-automation\Bots\..\Images\deposit-default.png, 15 ms)
2026-07-22 14:21:06 [crafting] FindImage: not found (C:\Users\link\Documents\GitHub\osrs-automation\Bots\..\Images\deposit-default.png, 16 ms)
2026-07-22 14:21:06 [crafting] FindImage: not found (C:\Users\link\Documents\GitHub\osrs-automation\Bots\..\Images\deposit-default.png, 15 ms)
2026-07-22 14:21:06 [crafting] FindImage: not found (C:\Users\link\Documents\GitHub\osrs-automation\Bots\..\Images\deposit-default.png, 16 ms)
2026-07-22 14:21:06 [crafting] FindImage: not found (C:\Users\link\Documents\GitHub\osrs-automation\Bots\..\Images\deposit-default.png, 0 ms)
2026-07-22 14:21:07 [crafting] FindImage: not found (C:\Users\link\Documents\GitHub\osrs-automation\Bots\..\Images\deposit-default.png, 0 ms)
2026-07-22 14:21:07 [crafting] FindImage: not found (C:\Users\link\Documents\GitHub\osrs-automation\Bots\..\Images\deposit-default.png, 0 ms)
2026-07-22 14:21:07 [crafting] FindImage: not found (C:\Users\link\Documents\GitHub\osrs-automation\Bots\..\Images\deposit-default.png, 0 ms)
2026-07-22 14:21:07 [crafting] FindImage: not found (C:\Users\link\Documents\GitHub\osrs-automation\Bots\..\Images\deposit-default.png, 16 ms)
2026-07-22 14:21:07 [crafting] FindImage: not found (C:\Users\link\Documents\GitHub\osrs-automation\Bots\..\Images\deposit-default.png, 15 ms)
2026-07-22 14:21:08 [crafting] FindImage: not found (C:\Users\link\Documents\GitHub\osrs-automation\Bots\..\Images\deposit-default.png, 16 ms)
2026-07-22 14:21:08 [crafting] FindImage: found at 1363,999 (C:\Users\link\Documents\GitHub\osrs-automation\Bots\..\Images\deposit-default.png, 15 ms)
2026-07-22 14:21:08 [crafting] Craft: clicking deposit-inventory button at 1363,999
2026-07-22 14:21:08 [crafting] Craft: waiting for start-craft marker
2026-07-22 14:21:08 [crafting] FindFilledBlock: found at 1538,572 (11x11 0xFFFF00 tol=0, 0 ms)
2026-07-22 14:21:08 [crafting] Craft: clicking start-craft marker at 1573,605
2026-07-22 14:21:08 [crafting] Craft: waiting for craft dialog marker
2026-07-22 14:21:08 [crafting] FindImage: not found (C:\Users\link\Documents\GitHub\osrs-automation\Bots\..\Images\craft-marker-2.png, 16 ms)
2026-07-22 14:21:09 [crafting] FindImage: not found (C:\Users\link\Documents\GitHub\osrs-automation\Bots\..\Images\craft-marker-2.png, 0 ms)
2026-07-22 14:21:09 [crafting] FindImage: not found (C:\Users\link\Documents\GitHub\osrs-automation\Bots\..\Images\craft-marker-2.png, 0 ms)
2026-07-22 14:21:09 [crafting] FindImage: not found (C:\Users\link\Documents\GitHub\osrs-automation\Bots\..\Images\craft-marker-2.png, 16 ms)
2026-07-22 14:21:09 [crafting] FindImage: not found (C:\Users\link\Documents\GitHub\osrs-automation\Bots\..\Images\craft-marker-2.png, 0 ms)
2026-07-22 14:21:09 [crafting] FindImage: not found (C:\Users\link\Documents\GitHub\osrs-automation\Bots\..\Images\craft-marker-2.png, 0 ms)
2026-07-22 14:21:10 [crafting] FindImage: not found (C:\Users\link\Documents\GitHub\osrs-automation\Bots\..\Images\craft-marker-2.png, 0 ms)
2026-07-22 14:21:10 [crafting] FindImage: not found (C:\Users\link\Documents\GitHub\osrs-automation\Bots\..\Images\craft-marker-2.png, 0 ms)
2026-07-22 14:21:10 [crafting] FindImage: not found (C:\Users\link\Documents\GitHub\osrs-automation\Bots\..\Images\craft-marker-2.png, 0 ms)
2026-07-22 14:21:10 [crafting] FindImage: not found (C:\Users\link\Documents\GitHub\osrs-automation\Bots\..\Images\craft-marker-2.png, 0 ms)
2026-07-22 14:21:10 [crafting] FindImage: not found (C:\Users\link\Documents\GitHub\osrs-automation\Bots\..\Images\craft-marker-2.png, 0 ms)
2026-07-22 14:21:10 [crafting] FindImage: not found (C:\Users\link\Documents\GitHub\osrs-automation\Bots\..\Images\craft-marker-2.png, 0 ms)
2026-07-22 14:21:11 [crafting] FindImage: not found (C:\Users\link\Documents\GitHub\osrs-automation\Bots\..\Images\craft-marker-2.png, 0 ms)
2026-07-22 14:21:11 [crafting] FindImage: not found (C:\Users\link\Documents\GitHub\osrs-automation\Bots\..\Images\craft-marker-2.png, 0 ms)
2026-07-22 14:21:11 [crafting] FindImage: not found (C:\Users\link\Documents\GitHub\osrs-automation\Bots\..\Images\craft-marker-2.png, 0 ms)
2026-07-22 14:21:11 [crafting] FindImage: not found (C:\Users\link\Documents\GitHub\osrs-automation\Bots\..\Images\craft-marker-2.png, 0 ms)
2026-07-22 14:21:11 [crafting] FindImage: not found (C:\Users\link\Documents\GitHub\osrs-automation\Bots\..\Images\craft-marker-2.png, 0 ms)
2026-07-22 14:21:11 [crafting] FindImage: not found (C:\Users\link\Documents\GitHub\osrs-automation\Bots\..\Images\craft-marker-2.png, 0 ms)
2026-07-22 14:21:12 [crafting] FindImage: not found (C:\Users\link\Documents\GitHub\osrs-automation\Bots\..\Images\craft-marker-2.png, 0 ms)
2026-07-22 14:21:12 [crafting] FindImage: not found (C:\Users\link\Documents\GitHub\osrs-automation\Bots\..\Images\craft-marker-2.png, 0 ms)
2026-07-22 14:21:12 [crafting] FindImage: not found (C:\Users\link\Documents\GitHub\osrs-automation\Bots\..\Images\craft-marker-2.png, 0 ms)
2026-07-22 14:21:12 [crafting] FindImage: not found (C:\Users\link\Documents\GitHub\osrs-automation\Bots\..\Images\craft-marker-2.png, 16 ms)
2026-07-22 14:21:12 [crafting] FindImage: found at 1448,696 (C:\Users\link\Documents\GitHub\osrs-automation\Bots\..\Images\craft-marker-2.png, 15 ms)
2026-07-22 14:21:12 [crafting] Craft: waiting for slot 26 to empty
2026-07-22 14:21:27 [crafting] Craft: waiting for deposit-side marker
2026-07-22 14:21:27 [crafting] FindFilledBlock: found at 927,777 (21x21 0xFF00FF tol=0, 0 ms)
2026-07-22 14:21:27 [crafting] Craft: clicking deposit-side marker at 912,789
2026-07-22 14:21:27 [crafting] Craft: waiting for deposit-inventory button
2026-07-22 14:21:27 [crafting] FindImage: not found (C:\Users\link\Documents\GitHub\osrs-automation\Bots\..\Images\deposit-default.png, 16 ms)
2026-07-22 14:21:27 [crafting] FindImage: not found (C:\Users\link\Documents\GitHub\osrs-automation\Bots\..\Images\deposit-default.png, 0 ms)
2026-07-22 14:21:27 [crafting] FindImage: not found (C:\Users\link\Documents\GitHub\osrs-automation\Bots\..\Images\deposit-default.png, 0 ms)
2026-07-22 14:21:28 [crafting] FindImage: not found (C:\Users\link\Documents\GitHub\osrs-automation\Bots\..\Images\deposit-default.png, 0 ms)
2026-07-22 14:21:28 [crafting] FindImage: not found (C:\Users\link\Documents\GitHub\osrs-automation\Bots\..\Images\deposit-default.png, 16 ms)
2026-07-22 14:21:28 [crafting] FindImage: not found (C:\Users\link\Documents\GitHub\osrs-automation\Bots\..\Images\deposit-default.png, 16 ms)
2026-07-22 14:21:28 [crafting] FindImage: not found (C:\Users\link\Documents\GitHub\osrs-automation\Bots\..\Images\deposit-default.png, 16 ms)
2026-07-22 14:21:28 [crafting] FindImage: not found (C:\Users\link\Documents\GitHub\osrs-automation\Bots\..\Images\deposit-default.png, 0 ms)
2026-07-22 14:21:29 [crafting] FindImage: not found (C:\Users\link\Documents\GitHub\osrs-automation\Bots\..\Images\deposit-default.png, 0 ms)
2026-07-22 14:21:29 [crafting] FindImage: not found (C:\Users\link\Documents\GitHub\osrs-automation\Bots\..\Images\deposit-default.png, 0 ms)
2026-07-22 14:21:29 [crafting] FindImage: not found (C:\Users\link\Documents\GitHub\osrs-automation\Bots\..\Images\deposit-default.png, 0 ms)
2026-07-22 14:21:29 [crafting] FindImage: not found (C:\Users\link\Documents\GitHub\osrs-automation\Bots\..\Images\deposit-default.png, 0 ms)
2026-07-22 14:21:29 [crafting] FindImage: not found (C:\Users\link\Documents\GitHub\osrs-automation\Bots\..\Images\deposit-default.png, 16 ms)
2026-07-22 14:21:29 [crafting] FindImage: not found (C:\Users\link\Documents\GitHub\osrs-automation\Bots\..\Images\deposit-default.png, 16 ms)
2026-07-22 14:21:30 [crafting] FindImage: not found (C:\Users\link\Documents\GitHub\osrs-automation\Bots\..\Images\deposit-default.png, 16 ms)
2026-07-22 14:21:30 [crafting] FindImage: not found (C:\Users\link\Documents\GitHub\osrs-automation\Bots\..\Images\deposit-default.png, 16 ms)
2026-07-22 14:21:30 [crafting] FindImage: not found (C:\Users\link\Documents\GitHub\osrs-automation\Bots\..\Images\deposit-default.png, 16 ms)
2026-07-22 14:21:30 [crafting] FindImage: not found (C:\Users\link\Documents\GitHub\osrs-automation\Bots\..\Images\deposit-default.png, 16 ms)
2026-07-22 14:21:30 [crafting] FindImage: found at 1363,999 (C:\Users\link\Documents\GitHub\osrs-automation\Bots\..\Images\deposit-default.png, 16 ms)
2026-07-22 14:21:30 [crafting] Craft: clicking deposit-inventory button at 1363,999
2026-07-22 14:21:31 [crafting] Craft: waiting for start-craft marker
2026-07-22 14:21:31 [crafting] FindFilledBlock: found at 1533,565 (11x11 0xFFFF00 tol=0, 0 ms)
2026-07-22 14:21:31 [crafting] Craft: clicking start-craft marker at 1573,605
2026-07-22 14:21:31 [crafting] Craft: waiting for craft dialog marker
2026-07-22 14:21:31 [crafting] FindImage: not found (C:\Users\link\Documents\GitHub\osrs-automation\Bots\..\Images\craft-marker-2.png, 16 ms)
2026-07-22 14:21:31 [crafting] FindImage: not found (C:\Users\link\Documents\GitHub\osrs-automation\Bots\..\Images\craft-marker-2.png, 0 ms)
2026-07-22 14:21:31 [crafting] FindImage: not found (C:\Users\link\Documents\GitHub\osrs-automation\Bots\..\Images\craft-marker-2.png, 0 ms)
2026-07-22 14:21:32 [crafting] FindImage: not found (C:\Users\link\Documents\GitHub\osrs-automation\Bots\..\Images\craft-marker-2.png, 0 ms)
2026-07-22 14:21:32 [crafting] FindImage: not found (C:\Users\link\Documents\GitHub\osrs-automation\Bots\..\Images\craft-marker-2.png, 0 ms)
2026-07-22 14:21:32 [crafting] FindImage: not found (C:\Users\link\Documents\GitHub\osrs-automation\Bots\..\Images\craft-marker-2.png, 0 ms)
2026-07-22 14:21:32 [crafting] FindImage: not found (C:\Users\link\Documents\GitHub\osrs-automation\Bots\..\Images\craft-marker-2.png, 16 ms)
2026-07-22 14:21:32 [crafting] FindImage: not found (C:\Users\link\Documents\GitHub\osrs-automation\Bots\..\Images\craft-marker-2.png, 16 ms)
2026-07-22 14:21:33 [crafting] FindImage: not found (C:\Users\link\Documents\GitHub\osrs-automation\Bots\..\Images\craft-marker-2.png, 16 ms)
2026-07-22 14:21:33 [crafting] FindImage: not found (C:\Users\link\Documents\GitHub\osrs-automation\Bots\..\Images\craft-marker-2.png, 16 ms)
2026-07-22 14:21:33 [crafting] FindImage: not found (C:\Users\link\Documents\GitHub\osrs-automation\Bots\..\Images\craft-marker-2.png, 16 ms)
2026-07-22 14:21:33 [crafting] Esc pressed - exiting
2026-07-22 14:25:08 [crafting] Crafting started
2026-07-22 14:25:08 [crafting] Craft: waiting for start-craft marker
2026-07-22 14:25:08 [crafting] FindFilledBlock: found at 1570,602 (11x11 0xFFFF00 tol=0, 16 ms)
2026-07-22 14:25:08 [crafting] Craft: clicking start-craft marker at 1573,605
2026-07-22 14:25:08 [crafting] Craft: waiting for craft dialog marker
2026-07-22 14:25:08 [crafting] FindImage: not found (C:\Users\link\Documents\GitHub\osrs-automation\Bots\..\Images\craft-marker-2.png, 16 ms)
2026-07-22 14:25:08 [crafting] FindImage: not found (C:\Users\link\Documents\GitHub\osrs-automation\Bots\..\Images\craft-marker-2.png, 15 ms)
2026-07-22 14:25:08 [crafting] FindImage: not found (C:\Users\link\Documents\GitHub\osrs-automation\Bots\..\Images\craft-marker-2.png, 16 ms)
2026-07-22 14:25:08 [crafting] FindImage: not found (C:\Users\link\Documents\GitHub\osrs-automation\Bots\..\Images\craft-marker-2.png, 15 ms)
2026-07-22 14:25:09 [crafting] FindImage: not found (C:\Users\link\Documents\GitHub\osrs-automation\Bots\..\Images\craft-marker-2.png, 0 ms)
2026-07-22 14:25:09 [crafting] FindImage: not found (C:\Users\link\Documents\GitHub\osrs-automation\Bots\..\Images\craft-marker-2.png, 0 ms)
2026-07-22 14:25:09 [crafting] FindImage: not found (C:\Users\link\Documents\GitHub\osrs-automation\Bots\..\Images\craft-marker-2.png, 0 ms)
2026-07-22 14:25:09 [crafting] FindImage: not found (C:\Users\link\Documents\GitHub\osrs-automation\Bots\..\Images\craft-marker-2.png, 15 ms)
2026-07-22 14:25:09 [crafting] FindImage: not found (C:\Users\link\Documents\GitHub\osrs-automation\Bots\..\Images\craft-marker-2.png, 16 ms)
2026-07-22 14:25:09 [crafting] FindImage: not found (C:\Users\link\Documents\GitHub\osrs-automation\Bots\..\Images\craft-marker-2.png, 15 ms)
2026-07-22 14:25:10 [crafting] FindImage: not found (C:\Users\link\Documents\GitHub\osrs-automation\Bots\..\Images\craft-marker-2.png, 16 ms)
2026-07-22 14:25:10 [crafting] FindImage: not found (C:\Users\link\Documents\GitHub\osrs-automation\Bots\..\Images\craft-marker-2.png, 15 ms)
2026-07-22 14:25:10 [crafting] FindImage: not found (C:\Users\link\Documents\GitHub\osrs-automation\Bots\..\Images\craft-marker-2.png, 16 ms)
2026-07-22 14:25:10 [crafting] FindImage: not found (C:\Users\link\Documents\GitHub\osrs-automation\Bots\..\Images\craft-marker-2.png, 15 ms)
2026-07-22 14:25:10 [crafting] FindImage: not found (C:\Users\link\Documents\GitHub\osrs-automation\Bots\..\Images\craft-marker-2.png, 16 ms)
2026-07-22 14:25:11 [crafting] FindImage: not found (C:\Users\link\Documents\GitHub\osrs-automation\Bots\..\Images\craft-marker-2.png, 15 ms)
2026-07-22 14:25:11 [crafting] FindImage: not found (C:\Users\link\Documents\GitHub\osrs-automation\Bots\..\Images\craft-marker-2.png, 16 ms)
2026-07-22 14:25:11 [crafting] FindImage: not found (C:\Users\link\Documents\GitHub\osrs-automation\Bots\..\Images\craft-marker-2.png, 15 ms)
2026-07-22 14:25:11 [crafting] FindImage: not found (C:\Users\link\Documents\GitHub\osrs-automation\Bots\..\Images\craft-marker-2.png, 0 ms)
2026-07-22 14:25:11 [crafting] FindImage: not found (C:\Users\link\Documents\GitHub\osrs-automation\Bots\..\Images\craft-marker-2.png, 0 ms)
2026-07-22 14:25:11 [crafting] FindImage: not found (C:\Users\link\Documents\GitHub\osrs-automation\Bots\..\Images\craft-marker-2.png, 15 ms)
2026-07-22 14:25:12 [crafting] FindImage: not found (C:\Users\link\Documents\GitHub\osrs-automation\Bots\..\Images\craft-marker-2.png, 0 ms)
2026-07-22 14:25:12 [crafting] FindImage: found at 1448,696 (C:\Users\link\Documents\GitHub\osrs-automation\Bots\..\Images\craft-marker-2.png, 0 ms)
2026-07-22 14:25:12 [crafting] Craft: waiting for slot 26 to empty
2026-07-22 14:25:26 [crafting] Craft: waiting for deposit-side marker
2026-07-22 14:25:26 [crafting] FindFilledBlock: found at 927,777 (21x21 0xFF00FF tol=0, 15 ms)
2026-07-22 14:25:26 [crafting] Craft: clicking deposit-side marker at 912,789
2026-07-22 14:25:27 [crafting] Craft: waiting for deposit-inventory button
2026-07-22 14:25:27 [crafting] FindImage: not found (C:\Users\link\Documents\GitHub\osrs-automation\Bots\..\Images\deposit-default.png, 0 ms)
2026-07-22 14:25:27 [crafting] FindImage: not found (C:\Users\link\Documents\GitHub\osrs-automation\Bots\..\Images\deposit-default.png, 15 ms)
2026-07-22 14:25:27 [crafting] FindImage: not found (C:\Users\link\Documents\GitHub\osrs-automation\Bots\..\Images\deposit-default.png, 16 ms)
2026-07-22 14:25:27 [crafting] FindImage: not found (C:\Users\link\Documents\GitHub\osrs-automation\Bots\..\Images\deposit-default.png, 16 ms)
2026-07-22 14:25:27 [crafting] FindImage: not found (C:\Users\link\Documents\GitHub\osrs-automation\Bots\..\Images\deposit-default.png, 0 ms)
2026-07-22 14:25:28 [crafting] FindImage: not found (C:\Users\link\Documents\GitHub\osrs-automation\Bots\..\Images\deposit-default.png, 0 ms)
2026-07-22 14:25:28 [crafting] FindImage: not found (C:\Users\link\Documents\GitHub\osrs-automation\Bots\..\Images\deposit-default.png, 0 ms)
2026-07-22 14:25:28 [crafting] FindImage: not found (C:\Users\link\Documents\GitHub\osrs-automation\Bots\..\Images\deposit-default.png, 16 ms)
2026-07-22 14:25:28 [crafting] FindImage: not found (C:\Users\link\Documents\GitHub\osrs-automation\Bots\..\Images\deposit-default.png, 0 ms)
2026-07-22 14:25:28 [crafting] FindImage: not found (C:\Users\link\Documents\GitHub\osrs-automation\Bots\..\Images\deposit-default.png, 0 ms)
2026-07-22 14:25:28 [crafting] FindImage: not found (C:\Users\link\Documents\GitHub\osrs-automation\Bots\..\Images\deposit-default.png, 15 ms)
2026-07-22 14:25:29 [crafting] FindImage: not found (C:\Users\link\Documents\GitHub\osrs-automation\Bots\..\Images\deposit-default.png, 0 ms)
2026-07-22 14:25:29 [crafting] FindImage: not found (C:\Users\link\Documents\GitHub\osrs-automation\Bots\..\Images\deposit-default.png, 16 ms)
2026-07-22 14:25:29 [crafting] FindImage: not found (C:\Users\link\Documents\GitHub\osrs-automation\Bots\..\Images\deposit-default.png, 15 ms)
2026-07-22 14:25:29 [crafting] FindImage: not found (C:\Users\link\Documents\GitHub\osrs-automation\Bots\..\Images\deposit-default.png, 16 ms)
2026-07-22 14:25:29 [crafting] FindImage: not found (C:\Users\link\Documents\GitHub\osrs-automation\Bots\..\Images\deposit-default.png, 15 ms)
2026-07-22 14:25:30 [crafting] FindImage: not found (C:\Users\link\Documents\GitHub\osrs-automation\Bots\..\Images\deposit-default.png, 16 ms)
2026-07-22 14:25:30 [crafting] FindImage: not found (C:\Users\link\Documents\GitHub\osrs-automation\Bots\..\Images\deposit-default.png, 15 ms)
2026-07-22 14:25:30 [crafting] FindImage: found at 1363,999 (C:\Users\link\Documents\GitHub\osrs-automation\Bots\..\Images\deposit-default.png, 16 ms)
2026-07-22 14:25:30 [crafting] Craft: clicking deposit-inventory button at 1363,999
2026-07-22 14:25:31 [crafting] Craft: waiting for start-craft marker
2026-07-22 14:25:31 [crafting] FindFilledBlock: found at 1558,590 (11x11 0xFFFF00 tol=0, 0 ms)
2026-07-22 14:25:31 [crafting] Craft: clicking start-craft marker at 1573,605
2026-07-22 14:25:31 [crafting] Craft: waiting for craft dialog marker
2026-07-22 14:25:31 [crafting] FindImage: not found (C:\Users\link\Documents\GitHub\osrs-automation\Bots\..\Images\craft-marker-2.png, 16 ms)
2026-07-22 14:25:31 [crafting] FindImage: not found (C:\Users\link\Documents\GitHub\osrs-automation\Bots\..\Images\craft-marker-2.png, 0 ms)
2026-07-22 14:25:31 [crafting] FindImage: not found (C:\Users\link\Documents\GitHub\osrs-automation\Bots\..\Images\craft-marker-2.png, 0 ms)
2026-07-22 14:25:32 [crafting] FindImage: not found (C:\Users\link\Documents\GitHub\osrs-automation\Bots\..\Images\craft-marker-2.png, 0 ms)
2026-07-22 14:25:32 [crafting] FindImage: not found (C:\Users\link\Documents\GitHub\osrs-automation\Bots\..\Images\craft-marker-2.png, 0 ms)
2026-07-22 14:25:32 [crafting] FindImage: not found (C:\Users\link\Documents\GitHub\osrs-automation\Bots\..\Images\craft-marker-2.png, 0 ms)
2026-07-22 14:25:32 [crafting] FindImage: not found (C:\Users\link\Documents\GitHub\osrs-automation\Bots\..\Images\craft-marker-2.png, 16 ms)
2026-07-22 14:25:32 [crafting] FindImage: not found (C:\Users\link\Documents\GitHub\osrs-automation\Bots\..\Images\craft-marker-2.png, 15 ms)
2026-07-22 14:25:32 [crafting] FindImage: not found (C:\Users\link\Documents\GitHub\osrs-automation\Bots\..\Images\craft-marker-2.png, 15 ms)
2026-07-22 14:25:33 [crafting] FindImage: not found (C:\Users\link\Documents\GitHub\osrs-automation\Bots\..\Images\craft-marker-2.png, 16 ms)
2026-07-22 14:25:33 [crafting] FindImage: not found (C:\Users\link\Documents\GitHub\osrs-automation\Bots\..\Images\craft-marker-2.png, 16 ms)
2026-07-22 14:25:33 [crafting] FindImage: not found (C:\Users\link\Documents\GitHub\osrs-automation\Bots\..\Images\craft-marker-2.png, 16 ms)
2026-07-22 14:25:33 [crafting] FindImage: not found (C:\Users\link\Documents\GitHub\osrs-automation\Bots\..\Images\craft-marker-2.png, 16 ms)
2026-07-22 14:25:33 [crafting] FindImage: not found (C:\Users\link\Documents\GitHub\osrs-automation\Bots\..\Images\craft-marker-2.png, 16 ms)
2026-07-22 14:25:34 [crafting] FindImage: not found (C:\Users\link\Documents\GitHub\osrs-automation\Bots\..\Images\craft-marker-2.png, 16 ms)
2026-07-22 14:25:34 [crafting] FindImage: not found (C:\Users\link\Documents\GitHub\osrs-automation\Bots\..\Images\craft-marker-2.png, 16 ms)
2026-07-22 14:25:34 [crafting] FindImage: not found (C:\Users\link\Documents\GitHub\osrs-automation\Bots\..\Images\craft-marker-2.png, 16 ms)
2026-07-22 14:25:34 [crafting] FindImage: not found (C:\Users\link\Documents\GitHub\osrs-automation\Bots\..\Images\craft-marker-2.png, 16 ms)
2026-07-22 14:25:34 [crafting] FindImage: not found (C:\Users\link\Documents\GitHub\osrs-automation\Bots\..\Images\craft-marker-2.png, 16 ms)
2026-07-22 14:25:35 [crafting] FindImage: not found (C:\Users\link\Documents\GitHub\osrs-automation\Bots\..\Images\craft-marker-2.png, 16 ms)
2026-07-22 14:25:35 [crafting] FindImage: not found (C:\Users\link\Documents\GitHub\osrs-automation\Bots\..\Images\craft-marker-2.png, 0 ms)
2026-07-22 14:25:35 [crafting] FindImage: not found (C:\Users\link\Documents\GitHub\osrs-automation\Bots\..\Images\craft-marker-2.png, 0 ms)
2026-07-22 14:25:35 [crafting] FindImage: not found (C:\Users\link\Documents\GitHub\osrs-automation\Bots\..\Images\craft-marker-2.png, 0 ms)
2026-07-22 14:25:35 [crafting] FindImage: found at 1448,696 (C:\Users\link\Documents\GitHub\osrs-automation\Bots\..\Images\craft-marker-2.png, 0 ms)
2026-07-22 14:25:35 [crafting] Craft: waiting for slot 26 to empty
2026-07-22 14:25:36 [crafting] Esc pressed - exiting
2026-07-22 14:26:11 [crafting] Crafting started
2026-07-22 14:26:11 [crafting] Craft: waiting for start-craft marker
2026-07-22 14:26:11 [crafting] FindFilledBlock: found at 1570,602 (11x11 0xFFFF00 tol=0, 0 ms)
2026-07-22 14:26:11 [crafting] Craft: clicking start-craft marker at 1573,605
2026-07-22 14:26:11 [crafting] Craft: waiting for craft dialog marker
2026-07-22 14:26:11 [crafting] FindImage: not found (C:\Users\link\Documents\GitHub\osrs-automation\Bots\..\Images\craft-marker-2.png, 15 ms)
2026-07-22 14:26:11 [crafting] FindImage: not found (C:\Users\link\Documents\GitHub\osrs-automation\Bots\..\Images\craft-marker-2.png, 15 ms)
2026-07-22 14:26:11 [crafting] FindImage: not found (C:\Users\link\Documents\GitHub\osrs-automation\Bots\..\Images\craft-marker-2.png, 16 ms)
2026-07-22 14:26:11 [crafting] FindImage: not found (C:\Users\link\Documents\GitHub\osrs-automation\Bots\..\Images\craft-marker-2.png, 16 ms)
2026-07-22 14:26:12 [crafting] FindImage: not found (C:\Users\link\Documents\GitHub\osrs-automation\Bots\..\Images\craft-marker-2.png, 16 ms)
2026-07-22 14:26:12 [crafting] FindImage: not found (C:\Users\link\Documents\GitHub\osrs-automation\Bots\..\Images\craft-marker-2.png, 16 ms)
2026-07-22 14:26:12 [crafting] FindImage: not found (C:\Users\link\Documents\GitHub\osrs-automation\Bots\..\Images\craft-marker-2.png, 16 ms)
2026-07-22 14:26:12 [crafting] FindImage: not found (C:\Users\link\Documents\GitHub\osrs-automation\Bots\..\Images\craft-marker-2.png, 16 ms)
2026-07-22 14:26:12 [crafting] FindImage: not found (C:\Users\link\Documents\GitHub\osrs-automation\Bots\..\Images\craft-marker-2.png, 16 ms)
2026-07-22 14:26:12 [crafting] FindImage: not found (C:\Users\link\Documents\GitHub\osrs-automation\Bots\..\Images\craft-marker-2.png, 16 ms)
2026-07-22 14:26:12 [crafting] FindImage: not found (C:\Users\link\Documents\GitHub\osrs-automation\Bots\..\Images\craft-marker-2.png, 16 ms)
2026-07-22 14:26:12 [crafting] FindImage: not found (C:\Users\link\Documents\GitHub\osrs-automation\Bots\..\Images\craft-marker-2.png, 16 ms)
2026-07-22 14:26:13 [crafting] FindImage: not found (C:\Users\link\Documents\GitHub\osrs-automation\Bots\..\Images\craft-marker-2.png, 16 ms)
2026-07-22 14:26:13 [crafting] FindImage: not found (C:\Users\link\Documents\GitHub\osrs-automation\Bots\..\Images\craft-marker-2.png, 16 ms)
2026-07-22 14:26:13 [crafting] FindImage: not found (C:\Users\link\Documents\GitHub\osrs-automation\Bots\..\Images\craft-marker-2.png, 16 ms)
2026-07-22 14:26:13 [crafting] FindImage: not found (C:\Users\link\Documents\GitHub\osrs-automation\Bots\..\Images\craft-marker-2.png, 16 ms)
2026-07-22 14:26:13 [crafting] FindImage: not found (C:\Users\link\Documents\GitHub\osrs-automation\Bots\..\Images\craft-marker-2.png, 16 ms)
2026-07-22 14:26:13 [crafting] FindImage: not found (C:\Users\link\Documents\GitHub\osrs-automation\Bots\..\Images\craft-marker-2.png, 0 ms)
2026-07-22 14:26:13 [crafting] FindImage: not found (C:\Users\link\Documents\GitHub\osrs-automation\Bots\..\Images\craft-marker-2.png, 0 ms)
2026-07-22 14:26:13 [crafting] FindImage: not found (C:\Users\link\Documents\GitHub\osrs-automation\Bots\..\Images\craft-marker-2.png, 0 ms)
2026-07-22 14:26:13 [crafting] FindImage: not found (C:\Users\link\Documents\GitHub\osrs-automation\Bots\..\Images\craft-marker-2.png, 0 ms)
2026-07-22 14:26:14 [crafting] FindImage: not found (C:\Users\link\Documents\GitHub\osrs-automation\Bots\..\Images\craft-marker-2.png, 0 ms)
2026-07-22 14:26:14 [crafting] FindImage: not found (C:\Users\link\Documents\GitHub\osrs-automation\Bots\..\Images\craft-marker-2.png, 0 ms)
2026-07-22 14:26:14 [crafting] FindImage: not found (C:\Users\link\Documents\GitHub\osrs-automation\Bots\..\Images\craft-marker-2.png, 0 ms)
2026-07-22 14:26:14 [crafting] FindImage: not found (C:\Users\link\Documents\GitHub\osrs-automation\Bots\..\Images\craft-marker-2.png, 15 ms)
2026-07-22 14:26:14 [crafting] FindImage: not found (C:\Users\link\Documents\GitHub\osrs-automation\Bots\..\Images\craft-marker-2.png, 15 ms)
2026-07-22 14:26:14 [crafting] FindImage: not found (C:\Users\link\Documents\GitHub\osrs-automation\Bots\..\Images\craft-marker-2.png, 15 ms)
2026-07-22 14:26:14 [crafting] FindImage: not found (C:\Users\link\Documents\GitHub\osrs-automation\Bots\..\Images\craft-marker-2.png, 15 ms)
2026-07-22 14:26:14 [crafting] FindImage: not found (C:\Users\link\Documents\GitHub\osrs-automation\Bots\..\Images\craft-marker-2.png, 15 ms)
2026-07-22 14:26:15 [crafting] FindImage: not found (C:\Users\link\Documents\GitHub\osrs-automation\Bots\..\Images\craft-marker-2.png, 15 ms)
2026-07-22 14:26:15 [crafting] FindImage: not found (C:\Users\link\Documents\GitHub\osrs-automation\Bots\..\Images\craft-marker-2.png, 15 ms)
2026-07-22 14:26:15 [crafting] FindImage: found at 1448,696 (C:\Users\link\Documents\GitHub\osrs-automation\Bots\..\Images\craft-marker-2.png, 15 ms)
2026-07-22 14:26:15 [crafting] Craft: waiting for slot 26 to empty
2026-07-22 14:26:29 [crafting] Craft: waiting for deposit-side marker
2026-07-22 14:26:29 [crafting] FindFilledBlock: found at 927,777 (21x21 0xFF00FF tol=0, 0 ms)
2026-07-22 14:26:29 [crafting] Craft: clicking deposit-side marker at 912,789
2026-07-22 14:26:29 [crafting] Craft: waiting for deposit-inventory button
2026-07-22 14:26:30 [crafting] FindImage: not found (C:\Users\link\Documents\GitHub\osrs-automation\Bots\..\Images\deposit-default.png, 15 ms)
2026-07-22 14:26:30 [crafting] FindImage: not found (C:\Users\link\Documents\GitHub\osrs-automation\Bots\..\Images\deposit-default.png, 0 ms)
2026-07-22 14:26:30 [crafting] FindImage: not found (C:\Users\link\Documents\GitHub\osrs-automation\Bots\..\Images\deposit-default.png, 16 ms)
2026-07-22 14:26:30 [crafting] FindImage: not found (C:\Users\link\Documents\GitHub\osrs-automation\Bots\..\Images\deposit-default.png, 16 ms)
2026-07-22 14:26:30 [crafting] FindImage: not found (C:\Users\link\Documents\GitHub\osrs-automation\Bots\..\Images\deposit-default.png, 16 ms)
2026-07-22 14:26:30 [crafting] FindImage: not found (C:\Users\link\Documents\GitHub\osrs-automation\Bots\..\Images\deposit-default.png, 16 ms)
2026-07-22 14:26:30 [crafting] FindImage: not found (C:\Users\link\Documents\GitHub\osrs-automation\Bots\..\Images\deposit-default.png, 16 ms)
2026-07-22 14:26:30 [crafting] FindImage: not found (C:\Users\link\Documents\GitHub\osrs-automation\Bots\..\Images\deposit-default.png, 16 ms)
2026-07-22 14:26:30 [crafting] FindImage: not found (C:\Users\link\Documents\GitHub\osrs-automation\Bots\..\Images\deposit-default.png, 16 ms)
2026-07-22 14:26:31 [crafting] FindImage: not found (C:\Users\link\Documents\GitHub\osrs-automation\Bots\..\Images\deposit-default.png, 16 ms)
2026-07-22 14:26:31 [crafting] FindImage: not found (C:\Users\link\Documents\GitHub\osrs-automation\Bots\..\Images\deposit-default.png, 16 ms)
2026-07-22 14:26:31 [crafting] FindImage: not found (C:\Users\link\Documents\GitHub\osrs-automation\Bots\..\Images\deposit-default.png, 16 ms)
2026-07-22 14:26:31 [crafting] FindImage: not found (C:\Users\link\Documents\GitHub\osrs-automation\Bots\..\Images\deposit-default.png, 16 ms)
2026-07-22 14:26:31 [crafting] FindImage: not found (C:\Users\link\Documents\GitHub\osrs-automation\Bots\..\Images\deposit-default.png, 16 ms)
2026-07-22 14:26:31 [crafting] FindImage: not found (C:\Users\link\Documents\GitHub\osrs-automation\Bots\..\Images\deposit-default.png, 16 ms)
2026-07-22 14:26:31 [crafting] FindImage: not found (C:\Users\link\Documents\GitHub\osrs-automation\Bots\..\Images\deposit-default.png, 16 ms)
2026-07-22 14:26:31 [crafting] FindImage: not found (C:\Users\link\Documents\GitHub\osrs-automation\Bots\..\Images\deposit-default.png, 16 ms)
2026-07-22 14:26:32 [crafting] FindImage: not found (C:\Users\link\Documents\GitHub\osrs-automation\Bots\..\Images\deposit-default.png, 16 ms)
2026-07-22 14:26:32 [crafting] FindImage: not found (C:\Users\link\Documents\GitHub\osrs-automation\Bots\..\Images\deposit-default.png, 16 ms)
2026-07-22 14:26:32 [crafting] FindImage: not found (C:\Users\link\Documents\GitHub\osrs-automation\Bots\..\Images\deposit-default.png, 16 ms)
2026-07-22 14:26:32 [crafting] FindImage: not found (C:\Users\link\Documents\GitHub\osrs-automation\Bots\..\Images\deposit-default.png, 16 ms)
2026-07-22 14:26:32 [crafting] FindImage: not found (C:\Users\link\Documents\GitHub\osrs-automation\Bots\..\Images\deposit-default.png, 16 ms)
2026-07-22 14:26:32 [crafting] FindImage: not found (C:\Users\link\Documents\GitHub\osrs-automation\Bots\..\Images\deposit-default.png, 16 ms)
2026-07-22 14:26:32 [crafting] FindImage: not found (C:\Users\link\Documents\GitHub\osrs-automation\Bots\..\Images\deposit-default.png, 0 ms)
2026-07-22 14:26:32 [crafting] FindImage: not found (C:\Users\link\Documents\GitHub\osrs-automation\Bots\..\Images\deposit-default.png, 16 ms)
2026-07-22 14:26:33 [crafting] FindImage: not found (C:\Users\link\Documents\GitHub\osrs-automation\Bots\..\Images\deposit-default.png, 16 ms)
2026-07-22 14:26:33 [crafting] FindImage: not found (C:\Users\link\Documents\GitHub\osrs-automation\Bots\..\Images\deposit-default.png, 0 ms)
2026-07-22 14:26:33 [crafting] FindImage: found at 1363,999 (C:\Users\link\Documents\GitHub\osrs-automation\Bots\..\Images\deposit-default.png, 16 ms)
2026-07-22 14:26:33 [crafting] Craft: clicking deposit-inventory button at 1363,999
2026-07-22 14:26:33 [crafting] Craft: waiting for start-craft marker
2026-07-22 14:26:33 [crafting] FindFilledBlock: found at 1540,570 (11x11 0xFFFF00 tol=0, 0 ms)
2026-07-22 14:26:33 [crafting] Craft: clicking start-craft marker at 1573,605
2026-07-22 14:26:34 [crafting] Craft: waiting for craft dialog marker
2026-07-22 14:26:34 [crafting] FindImage: not found (C:\Users\link\Documents\GitHub\osrs-automation\Bots\..\Images\craft-marker-2.png, 0 ms)
2026-07-22 14:26:34 [crafting] FindImage: not found (C:\Users\link\Documents\GitHub\osrs-automation\Bots\..\Images\craft-marker-2.png, 15 ms)
2026-07-22 14:26:34 [crafting] FindImage: not found (C:\Users\link\Documents\GitHub\osrs-automation\Bots\..\Images\craft-marker-2.png, 15 ms)
2026-07-22 14:26:34 [crafting] FindImage: not found (C:\Users\link\Documents\GitHub\osrs-automation\Bots\..\Images\craft-marker-2.png, 15 ms)
2026-07-22 14:26:34 [crafting] FindImage: not found (C:\Users\link\Documents\GitHub\osrs-automation\Bots\..\Images\craft-marker-2.png, 15 ms)
2026-07-22 14:26:34 [crafting] FindImage: not found (C:\Users\link\Documents\GitHub\osrs-automation\Bots\..\Images\craft-marker-2.png, 15 ms)
2026-07-22 14:26:34 [crafting] FindImage: not found (C:\Users\link\Documents\GitHub\osrs-automation\Bots\..\Images\craft-marker-2.png, 15 ms)
2026-07-22 14:26:35 [crafting] FindImage: not found (C:\Users\link\Documents\GitHub\osrs-automation\Bots\..\Images\craft-marker-2.png, 15 ms)
2026-07-22 14:26:35 [crafting] FindImage: not found (C:\Users\link\Documents\GitHub\osrs-automation\Bots\..\Images\craft-marker-2.png, 15 ms)
2026-07-22 14:26:35 [crafting] FindImage: not found (C:\Users\link\Documents\GitHub\osrs-automation\Bots\..\Images\craft-marker-2.png, 15 ms)
2026-07-22 14:26:35 [crafting] FindImage: not found (C:\Users\link\Documents\GitHub\osrs-automation\Bots\..\Images\craft-marker-2.png, 15 ms)
2026-07-22 14:26:35 [crafting] FindImage: not found (C:\Users\link\Documents\GitHub\osrs-automation\Bots\..\Images\craft-marker-2.png, 15 ms)
2026-07-22 14:26:35 [crafting] FindImage: not found (C:\Users\link\Documents\GitHub\osrs-automation\Bots\..\Images\craft-marker-2.png, 0 ms)
2026-07-22 14:26:35 [crafting] FindImage: not found (C:\Users\link\Documents\GitHub\osrs-automation\Bots\..\Images\craft-marker-2.png, 0 ms)
2026-07-22 14:26:35 [crafting] FindImage: not found (C:\Users\link\Documents\GitHub\osrs-automation\Bots\..\Images\craft-marker-2.png, 0 ms)
2026-07-22 14:26:36 [crafting] FindImage: not found (C:\Users\link\Documents\GitHub\osrs-automation\Bots\..\Images\craft-marker-2.png, 15 ms)
2026-07-22 14:26:36 [crafting] FindImage: not found (C:\Users\link\Documents\GitHub\osrs-automation\Bots\..\Images\craft-marker-2.png, 15 ms)
2026-07-22 14:26:36 [crafting] FindImage: not found (C:\Users\link\Documents\GitHub\osrs-automation\Bots\..\Images\craft-marker-2.png, 15 ms)
2026-07-22 14:26:36 [crafting] FindImage: not found (C:\Users\link\Documents\GitHub\osrs-automation\Bots\..\Images\craft-marker-2.png, 0 ms)
2026-07-22 14:26:36 [crafting] FindImage: not found (C:\Users\link\Documents\GitHub\osrs-automation\Bots\..\Images\craft-marker-2.png, 15 ms)
2026-07-22 14:26:36 [crafting] FindImage: not found (C:\Users\link\Documents\GitHub\osrs-automation\Bots\..\Images\craft-marker-2.png, 0 ms)
2026-07-22 14:26:36 [crafting] FindImage: not found (C:\Users\link\Documents\GitHub\osrs-automation\Bots\..\Images\craft-marker-2.png, 15 ms)
2026-07-22 14:26:36 [crafting] FindImage: not found (C:\Users\link\Documents\GitHub\osrs-automation\Bots\..\Images\craft-marker-2.png, 15 ms)
2026-07-22 14:26:37 [crafting] FindImage: not found (C:\Users\link\Documents\GitHub\osrs-automation\Bots\..\Images\craft-marker-2.png, 15 ms)
2026-07-22 14:26:37 [crafting] FindImage: not found (C:\Users\link\Documents\GitHub\osrs-automation\Bots\..\Images\craft-marker-2.png, 15 ms)
2026-07-22 14:26:37 [crafting] FindImage: not found (C:\Users\link\Documents\GitHub\osrs-automation\Bots\..\Images\craft-marker-2.png, 15 ms)
2026-07-22 14:26:37 [crafting] FindImage: not found (C:\Users\link\Documents\GitHub\osrs-automation\Bots\..\Images\craft-marker-2.png, 15 ms)
2026-07-22 14:26:37 [crafting] FindImage: not found (C:\Users\link\Documents\GitHub\osrs-automation\Bots\..\Images\craft-marker-2.png, 15 ms)
2026-07-22 14:26:37 [crafting] FindImage: not found (C:\Users\link\Documents\GitHub\osrs-automation\Bots\..\Images\craft-marker-2.png, 15 ms)
2026-07-22 14:26:37 [crafting] FindImage: not found (C:\Users\link\Documents\GitHub\osrs-automation\Bots\..\Images\craft-marker-2.png, 0 ms)
2026-07-22 14:26:37 [crafting] FindImage: not found (C:\Users\link\Documents\GitHub\osrs-automation\Bots\..\Images\craft-marker-2.png, 15 ms)
2026-07-22 14:26:38 [crafting] FindImage: not found (C:\Users\link\Documents\GitHub\osrs-automation\Bots\..\Images\craft-marker-2.png, 15 ms)
2026-07-22 14:26:38 [crafting] FindImage: found at 1448,696 (C:\Users\link\Documents\GitHub\osrs-automation\Bots\..\Images\craft-marker-2.png, 0 ms)
2026-07-22 14:26:38 [crafting] Craft: waiting for slot 26 to empty
2026-07-22 14:26:38 [crafting] Esc pressed - exiting
2026-07-22 14:27:51 [crafting] Crafting started
2026-07-22 14:27:51 [crafting] Craft: waiting for start-craft marker
2026-07-22 14:27:51 [crafting] FindFilledBlock: found at 1570,602 (11x11 0xFFFF00 tol=0, 0 ms)
2026-07-22 14:27:51 [crafting] Craft: clicking start-craft marker at 1573,605
2026-07-22 14:27:51 [crafting] Craft: waiting for craft dialog marker
2026-07-22 14:27:51 [crafting] FindImage: not found (C:\Users\link\Documents\GitHub\osrs-automation\Bots\..\Images\craft-marker-2.png, 16 ms)
2026-07-22 14:27:51 [crafting] FindImage: not found (C:\Users\link\Documents\GitHub\osrs-automation\Bots\..\Images\craft-marker-2.png, 0 ms)
2026-07-22 14:27:51 [crafting] FindImage: not found (C:\Users\link\Documents\GitHub\osrs-automation\Bots\..\Images\craft-marker-2.png, 0 ms)
2026-07-22 14:27:51 [crafting] FindImage: not found (C:\Users\link\Documents\GitHub\osrs-automation\Bots\..\Images\craft-marker-2.png, 15 ms)
2026-07-22 14:27:51 [crafting] FindImage: not found (C:\Users\link\Documents\GitHub\osrs-automation\Bots\..\Images\craft-marker-2.png, 0 ms)
2026-07-22 14:27:52 [crafting] FindImage: not found (C:\Users\link\Documents\GitHub\osrs-automation\Bots\..\Images\craft-marker-2.png, 16 ms)
2026-07-22 14:27:52 [crafting] FindImage: not found (C:\Users\link\Documents\GitHub\osrs-automation\Bots\..\Images\craft-marker-2.png, 16 ms)
2026-07-22 14:27:52 [crafting] FindImage: not found (C:\Users\link\Documents\GitHub\osrs-automation\Bots\..\Images\craft-marker-2.png, 16 ms)
2026-07-22 14:27:52 [crafting] FindImage: not found (C:\Users\link\Documents\GitHub\osrs-automation\Bots\..\Images\craft-marker-2.png, 16 ms)
2026-07-22 14:27:52 [crafting] FindImage: not found (C:\Users\link\Documents\GitHub\osrs-automation\Bots\..\Images\craft-marker-2.png, 16 ms)
2026-07-22 14:27:52 [crafting] FindImage: not found (C:\Users\link\Documents\GitHub\osrs-automation\Bots\..\Images\craft-marker-2.png, 16 ms)
2026-07-22 14:27:52 [crafting] FindImage: not found (C:\Users\link\Documents\GitHub\osrs-automation\Bots\..\Images\craft-marker-2.png, 16 ms)
2026-07-22 14:27:52 [crafting] FindImage: not found (C:\Users\link\Documents\GitHub\osrs-automation\Bots\..\Images\craft-marker-2.png, 16 ms)
2026-07-22 14:27:53 [crafting] FindImage: not found (C:\Users\link\Documents\GitHub\osrs-automation\Bots\..\Images\craft-marker-2.png, 16 ms)
2026-07-22 14:27:53 [crafting] FindImage: not found (C:\Users\link\Documents\GitHub\osrs-automation\Bots\..\Images\craft-marker-2.png, 16 ms)
2026-07-22 14:27:53 [crafting] FindImage: not found (C:\Users\link\Documents\GitHub\osrs-automation\Bots\..\Images\craft-marker-2.png, 16 ms)
2026-07-22 14:27:53 [crafting] FindImage: not found (C:\Users\link\Documents\GitHub\osrs-automation\Bots\..\Images\craft-marker-2.png, 16 ms)
2026-07-22 14:27:53 [crafting] FindImage: not found (C:\Users\link\Documents\GitHub\osrs-automation\Bots\..\Images\craft-marker-2.png, 16 ms)
2026-07-22 14:27:53 [crafting] FindImage: not found (C:\Users\link\Documents\GitHub\osrs-automation\Bots\..\Images\craft-marker-2.png, 16 ms)
2026-07-22 14:27:53 [crafting] FindImage: not found (C:\Users\link\Documents\GitHub\osrs-automation\Bots\..\Images\craft-marker-2.png, 16 ms)
2026-07-22 14:27:53 [crafting] FindImage: not found (C:\Users\link\Documents\GitHub\osrs-automation\Bots\..\Images\craft-marker-2.png, 16 ms)
2026-07-22 14:27:54 [crafting] FindImage: not found (C:\Users\link\Documents\GitHub\osrs-automation\Bots\..\Images\craft-marker-2.png, 16 ms)
2026-07-22 14:27:54 [crafting] FindImage: not found (C:\Users\link\Documents\GitHub\osrs-automation\Bots\..\Images\craft-marker-2.png, 16 ms)
2026-07-22 14:27:54 [crafting] FindImage: not found (C:\Users\link\Documents\GitHub\osrs-automation\Bots\..\Images\craft-marker-2.png, 16 ms)
2026-07-22 14:27:54 [crafting] FindImage: not found (C:\Users\link\Documents\GitHub\osrs-automation\Bots\..\Images\craft-marker-2.png, 16 ms)
2026-07-22 14:27:54 [crafting] FindImage: not found (C:\Users\link\Documents\GitHub\osrs-automation\Bots\..\Images\craft-marker-2.png, 16 ms)
2026-07-22 14:27:54 [crafting] FindImage: not found (C:\Users\link\Documents\GitHub\osrs-automation\Bots\..\Images\craft-marker-2.png, 16 ms)
2026-07-22 14:27:54 [crafting] FindImage: not found (C:\Users\link\Documents\GitHub\osrs-automation\Bots\..\Images\craft-marker-2.png, 16 ms)
2026-07-22 14:27:54 [crafting] FindImage: not found (C:\Users\link\Documents\GitHub\osrs-automation\Bots\..\Images\craft-marker-2.png, 16 ms)
2026-07-22 14:27:55 [crafting] FindImage: not found (C:\Users\link\Documents\GitHub\osrs-automation\Bots\..\Images\craft-marker-2.png, 16 ms)
2026-07-22 14:27:55 [crafting] FindImage: not found (C:\Users\link\Documents\GitHub\osrs-automation\Bots\..\Images\craft-marker-2.png, 16 ms)
2026-07-22 14:27:55 [crafting] FindImage: not found (C:\Users\link\Documents\GitHub\osrs-automation\Bots\..\Images\craft-marker-2.png, 16 ms)
2026-07-22 14:27:55 [crafting] FindImage: not found (C:\Users\link\Documents\GitHub\osrs-automation\Bots\..\Images\craft-marker-2.png, 16 ms)
2026-07-22 14:27:55 [crafting] FindImage: found at 1448,696 (C:\Users\link\Documents\GitHub\osrs-automation\Bots\..\Images\craft-marker-2.png, 16 ms)
2026-07-22 14:27:55 [crafting] Craft: waiting for slot 26 to empty
2026-07-22 14:28:09 [crafting] Craft: waiting for deposit-side marker
2026-07-22 14:28:09 [crafting] FindFilledBlock: found at 927,777 (21x21 0xFF00FF tol=0, 0 ms)
2026-07-22 14:28:09 [crafting] Craft: clicking deposit-side marker at 912,789
2026-07-22 14:28:10 [crafting] Craft: waiting for deposit-inventory button
2026-07-22 14:28:10 [crafting] FindImage: not found (C:\Users\link\Documents\GitHub\osrs-automation\Bots\..\Images\deposit-default.png, 0 ms)
2026-07-22 14:28:10 [crafting] FindImage: not found (C:\Users\link\Documents\GitHub\osrs-automation\Bots\..\Images\deposit-default.png, 15 ms)
2026-07-22 14:28:10 [crafting] FindImage: not found (C:\Users\link\Documents\GitHub\osrs-automation\Bots\..\Images\deposit-default.png, 15 ms)
2026-07-22 14:28:10 [crafting] FindImage: not found (C:\Users\link\Documents\GitHub\osrs-automation\Bots\..\Images\deposit-default.png, 15 ms)
2026-07-22 14:28:10 [crafting] FindImage: not found (C:\Users\link\Documents\GitHub\osrs-automation\Bots\..\Images\deposit-default.png, 15 ms)
2026-07-22 14:28:10 [crafting] FindImage: not found (C:\Users\link\Documents\GitHub\osrs-automation\Bots\..\Images\deposit-default.png, 15 ms)
2026-07-22 14:28:10 [crafting] FindImage: not found (C:\Users\link\Documents\GitHub\osrs-automation\Bots\..\Images\deposit-default.png, 15 ms)
2026-07-22 14:28:11 [crafting] FindImage: not found (C:\Users\link\Documents\GitHub\osrs-automation\Bots\..\Images\deposit-default.png, 15 ms)
2026-07-22 14:28:11 [crafting] FindImage: not found (C:\Users\link\Documents\GitHub\osrs-automation\Bots\..\Images\deposit-default.png, 15 ms)
2026-07-22 14:28:11 [crafting] FindImage: not found (C:\Users\link\Documents\GitHub\osrs-automation\Bots\..\Images\deposit-default.png, 15 ms)
2026-07-22 14:28:11 [crafting] FindImage: not found (C:\Users\link\Documents\GitHub\osrs-automation\Bots\..\Images\deposit-default.png, 15 ms)
2026-07-22 14:28:11 [crafting] FindImage: not found (C:\Users\link\Documents\GitHub\osrs-automation\Bots\..\Images\deposit-default.png, 0 ms)
2026-07-22 14:28:11 [crafting] FindImage: not found (C:\Users\link\Documents\GitHub\osrs-automation\Bots\..\Images\deposit-default.png, 0 ms)
2026-07-22 14:28:11 [crafting] FindImage: not found (C:\Users\link\Documents\GitHub\osrs-automation\Bots\..\Images\deposit-default.png, 0 ms)
2026-07-22 14:28:11 [crafting] FindImage: not found (C:\Users\link\Documents\GitHub\osrs-automation\Bots\..\Images\deposit-default.png, 0 ms)
2026-07-22 14:28:11 [crafting] FindImage: not found (C:\Users\link\Documents\GitHub\osrs-automation\Bots\..\Images\deposit-default.png, 0 ms)
2026-07-22 14:28:12 [crafting] FindImage: not found (C:\Users\link\Documents\GitHub\osrs-automation\Bots\..\Images\deposit-default.png, 0 ms)
2026-07-22 14:28:12 [crafting] FindImage: not found (C:\Users\link\Documents\GitHub\osrs-automation\Bots\..\Images\deposit-default.png, 15 ms)
2026-07-22 14:28:12 [crafting] FindImage: not found (C:\Users\link\Documents\GitHub\osrs-automation\Bots\..\Images\deposit-default.png, 15 ms)
2026-07-22 14:28:12 [crafting] FindImage: not found (C:\Users\link\Documents\GitHub\osrs-automation\Bots\..\Images\deposit-default.png, 15 ms)
2026-07-22 14:28:12 [crafting] FindImage: not found (C:\Users\link\Documents\GitHub\osrs-automation\Bots\..\Images\deposit-default.png, 15 ms)
2026-07-22 14:28:12 [crafting] FindImage: not found (C:\Users\link\Documents\GitHub\osrs-automation\Bots\..\Images\deposit-default.png, 15 ms)
2026-07-22 14:28:12 [crafting] FindImage: not found (C:\Users\link\Documents\GitHub\osrs-automation\Bots\..\Images\deposit-default.png, 15 ms)
2026-07-22 14:28:12 [crafting] FindImage: not found (C:\Users\link\Documents\GitHub\osrs-automation\Bots\..\Images\deposit-default.png, 15 ms)
2026-07-22 14:28:13 [crafting] FindImage: not found (C:\Users\link\Documents\GitHub\osrs-automation\Bots\..\Images\deposit-default.png, 15 ms)
2026-07-22 14:28:13 [crafting] FindImage: not found (C:\Users\link\Documents\GitHub\osrs-automation\Bots\..\Images\deposit-default.png, 15 ms)
2026-07-22 14:28:13 [crafting] FindImage: not found (C:\Users\link\Documents\GitHub\osrs-automation\Bots\..\Images\deposit-default.png, 15 ms)
2026-07-22 14:28:13 [crafting] FindImage: not found (C:\Users\link\Documents\GitHub\osrs-automation\Bots\..\Images\deposit-default.png, 15 ms)
2026-07-22 14:28:13 [crafting] FindImage: found at 1363,999 (C:\Users\link\Documents\GitHub\osrs-automation\Bots\..\Images\deposit-default.png, 15 ms)
2026-07-22 14:28:13 [crafting] Craft: clicking deposit-inventory button at 1363,999
2026-07-22 14:28:14 [crafting] Craft: waiting for start-craft marker
2026-07-22 14:28:14 [crafting] FindFilledBlock: found at 1546,580 (11x11 0xFFFF00 tol=0, 16 ms)
2026-07-22 14:28:14 [crafting] Craft: clicking start-craft marker at 1573,605
2026-07-22 14:28:14 [crafting] Craft: waiting for craft dialog marker
2026-07-22 14:28:14 [crafting] FindImage: not found (C:\Users\link\Documents\GitHub\osrs-automation\Bots\..\Images\craft-marker-2.png, 16 ms)
2026-07-22 14:28:14 [crafting] FindImage: not found (C:\Users\link\Documents\GitHub\osrs-automation\Bots\..\Images\craft-marker-2.png, 16 ms)
2026-07-22 14:28:14 [crafting] FindImage: not found (C:\Users\link\Documents\GitHub\osrs-automation\Bots\..\Images\craft-marker-2.png, 0 ms)
2026-07-22 14:28:14 [crafting] FindImage: not found (C:\Users\link\Documents\GitHub\osrs-automation\Bots\..\Images\craft-marker-2.png, 0 ms)
2026-07-22 14:28:14 [crafting] FindImage: not found (C:\Users\link\Documents\GitHub\osrs-automation\Bots\..\Images\craft-marker-2.png, 0 ms)
2026-07-22 14:28:15 [crafting] FindImage: not found (C:\Users\link\Documents\GitHub\osrs-automation\Bots\..\Images\craft-marker-2.png, 0 ms)
2026-07-22 14:28:15 [crafting] FindImage: not found (C:\Users\link\Documents\GitHub\osrs-automation\Bots\..\Images\craft-marker-2.png, 15 ms)
2026-07-22 14:28:15 [crafting] FindImage: not found (C:\Users\link\Documents\GitHub\osrs-automation\Bots\..\Images\craft-marker-2.png, 15 ms)
2026-07-22 14:28:15 [crafting] FindImage: not found (C:\Users\link\Documents\GitHub\osrs-automation\Bots\..\Images\craft-marker-2.png, 15 ms)
2026-07-22 14:28:15 [crafting] FindImage: not found (C:\Users\link\Documents\GitHub\osrs-automation\Bots\..\Images\craft-marker-2.png, 15 ms)
2026-07-22 14:28:15 [crafting] FindImage: not found (C:\Users\link\Documents\GitHub\osrs-automation\Bots\..\Images\craft-marker-2.png, 15 ms)
2026-07-22 14:28:15 [crafting] FindImage: not found (C:\Users\link\Documents\GitHub\osrs-automation\Bots\..\Images\craft-marker-2.png, 15 ms)
2026-07-22 14:28:15 [crafting] FindImage: not found (C:\Users\link\Documents\GitHub\osrs-automation\Bots\..\Images\craft-marker-2.png, 15 ms)
2026-07-22 14:28:16 [crafting] FindImage: not found (C:\Users\link\Documents\GitHub\osrs-automation\Bots\..\Images\craft-marker-2.png, 0 ms)
2026-07-22 14:28:16 [crafting] FindImage: not found (C:\Users\link\Documents\GitHub\osrs-automation\Bots\..\Images\craft-marker-2.png, 0 ms)
2026-07-22 14:28:16 [crafting] FindImage: not found (C:\Users\link\Documents\GitHub\osrs-automation\Bots\..\Images\craft-marker-2.png, 0 ms)
2026-07-22 14:28:16 [crafting] FindImage: not found (C:\Users\link\Documents\GitHub\osrs-automation\Bots\..\Images\craft-marker-2.png, 0 ms)
2026-07-22 14:28:16 [crafting] FindImage: not found (C:\Users\link\Documents\GitHub\osrs-automation\Bots\..\Images\craft-marker-2.png, 16 ms)
2026-07-22 14:28:16 [crafting] FindImage: not found (C:\Users\link\Documents\GitHub\osrs-automation\Bots\..\Images\craft-marker-2.png, 16 ms)
2026-07-22 14:28:16 [crafting] FindImage: not found (C:\Users\link\Documents\GitHub\osrs-automation\Bots\..\Images\craft-marker-2.png, 16 ms)
2026-07-22 14:28:16 [crafting] FindImage: not found (C:\Users\link\Documents\GitHub\osrs-automation\Bots\..\Images\craft-marker-2.png, 16 ms)
2026-07-22 14:28:17 [crafting] FindImage: not found (C:\Users\link\Documents\GitHub\osrs-automation\Bots\..\Images\craft-marker-2.png, 16 ms)
2026-07-22 14:28:17 [crafting] FindImage: not found (C:\Users\link\Documents\GitHub\osrs-automation\Bots\..\Images\craft-marker-2.png, 0 ms)
2026-07-22 14:28:17 [crafting] FindImage: not found (C:\Users\link\Documents\GitHub\osrs-automation\Bots\..\Images\craft-marker-2.png, 0 ms)
2026-07-22 14:28:17 [crafting] FindImage: not found (C:\Users\link\Documents\GitHub\osrs-automation\Bots\..\Images\craft-marker-2.png, 0 ms)
2026-07-22 14:28:17 [crafting] FindImage: not found (C:\Users\link\Documents\GitHub\osrs-automation\Bots\..\Images\craft-marker-2.png, 16 ms)
2026-07-22 14:28:17 [crafting] FindImage: not found (C:\Users\link\Documents\GitHub\osrs-automation\Bots\..\Images\craft-marker-2.png, 16 ms)
2026-07-22 14:28:17 [crafting] FindImage: not found (C:\Users\link\Documents\GitHub\osrs-automation\Bots\..\Images\craft-marker-2.png, 16 ms)
2026-07-22 14:28:17 [crafting] FindImage: not found (C:\Users\link\Documents\GitHub\osrs-automation\Bots\..\Images\craft-marker-2.png, 16 ms)
2026-07-22 14:28:17 [crafting] FindImage: not found (C:\Users\link\Documents\GitHub\osrs-automation\Bots\..\Images\craft-marker-2.png, 16 ms)
2026-07-22 14:28:18 [crafting] FindImage: not found (C:\Users\link\Documents\GitHub\osrs-automation\Bots\..\Images\craft-marker-2.png, 16 ms)
2026-07-22 14:28:18 [crafting] FindImage: not found (C:\Users\link\Documents\GitHub\osrs-automation\Bots\..\Images\craft-marker-2.png, 16 ms)
2026-07-22 14:28:18 [crafting] FindImage: found at 1448,696 (C:\Users\link\Documents\GitHub\osrs-automation\Bots\..\Images\craft-marker-2.png, 16 ms)
2026-07-22 14:28:18 [crafting] Craft: waiting for slot 26 to empty
2026-07-22 14:28:32 [crafting] Craft: waiting for deposit-side marker
2026-07-22 14:28:32 [crafting] FindFilledBlock: found at 927,777 (21x21 0xFF00FF tol=0, 0 ms)
2026-07-22 14:28:32 [crafting] Craft: clicking deposit-side marker at 912,789
2026-07-22 14:28:33 [crafting] Craft: waiting for deposit-inventory button
2026-07-22 14:28:33 [crafting] FindImage: not found (C:\Users\link\Documents\GitHub\osrs-automation\Bots\..\Images\deposit-default.png, 0 ms)
2026-07-22 14:28:33 [crafting] FindImage: not found (C:\Users\link\Documents\GitHub\osrs-automation\Bots\..\Images\deposit-default.png, 15 ms)
2026-07-22 14:28:33 [crafting] FindImage: not found (C:\Users\link\Documents\GitHub\osrs-automation\Bots\..\Images\deposit-default.png, 0 ms)
2026-07-22 14:28:33 [crafting] FindImage: not found (C:\Users\link\Documents\GitHub\osrs-automation\Bots\..\Images\deposit-default.png, 0 ms)
2026-07-22 14:28:33 [crafting] FindImage: not found (C:\Users\link\Documents\GitHub\osrs-automation\Bots\..\Images\deposit-default.png, 0 ms)
2026-07-22 14:28:33 [crafting] FindImage: not found (C:\Users\link\Documents\GitHub\osrs-automation\Bots\..\Images\deposit-default.png, 0 ms)
2026-07-22 14:28:33 [crafting] FindImage: not found (C:\Users\link\Documents\GitHub\osrs-automation\Bots\..\Images\deposit-default.png, 0 ms)
2026-07-22 14:28:33 [crafting] FindImage: not found (C:\Users\link\Documents\GitHub\osrs-automation\Bots\..\Images\deposit-default.png, 0 ms)
2026-07-22 14:28:34 [crafting] FindImage: not found (C:\Users\link\Documents\GitHub\osrs-automation\Bots\..\Images\deposit-default.png, 0 ms)
2026-07-22 14:28:34 [crafting] FindImage: not found (C:\Users\link\Documents\GitHub\osrs-automation\Bots\..\Images\deposit-default.png, 0 ms)
2026-07-22 14:28:34 [crafting] FindImage: not found (C:\Users\link\Documents\GitHub\osrs-automation\Bots\..\Images\deposit-default.png, 16 ms)
2026-07-22 14:28:34 [crafting] FindImage: not found (C:\Users\link\Documents\GitHub\osrs-automation\Bots\..\Images\deposit-default.png, 16 ms)
2026-07-22 14:28:34 [crafting] FindImage: not found (C:\Users\link\Documents\GitHub\osrs-automation\Bots\..\Images\deposit-default.png, 0 ms)
2026-07-22 14:28:34 [crafting] FindImage: not found (C:\Users\link\Documents\GitHub\osrs-automation\Bots\..\Images\deposit-default.png, 0 ms)
2026-07-22 14:28:34 [crafting] FindImage: not found (C:\Users\link\Documents\GitHub\osrs-automation\Bots\..\Images\deposit-default.png, 0 ms)
2026-07-22 14:28:34 [crafting] FindImage: not found (C:\Users\link\Documents\GitHub\osrs-automation\Bots\..\Images\deposit-default.png, 0 ms)
2026-07-22 14:28:34 [crafting] FindImage: not found (C:\Users\link\Documents\GitHub\osrs-automation\Bots\..\Images\deposit-default.png, 15 ms)
2026-07-22 14:28:35 [crafting] FindImage: not found (C:\Users\link\Documents\GitHub\osrs-automation\Bots\..\Images\deposit-default.png, 15 ms)
2026-07-22 14:28:35 [crafting] FindImage: not found (C:\Users\link\Documents\GitHub\osrs-automation\Bots\..\Images\deposit-default.png, 15 ms)
2026-07-22 14:28:35 [crafting] FindImage: not found (C:\Users\link\Documents\GitHub\osrs-automation\Bots\..\Images\deposit-default.png, 0 ms)
2026-07-22 14:28:35 [crafting] FindImage: not found (C:\Users\link\Documents\GitHub\osrs-automation\Bots\..\Images\deposit-default.png, 15 ms)
2026-07-22 14:28:35 [crafting] FindImage: not found (C:\Users\link\Documents\GitHub\osrs-automation\Bots\..\Images\deposit-default.png, 15 ms)
2026-07-22 14:28:35 [crafting] FindImage: not found (C:\Users\link\Documents\GitHub\osrs-automation\Bots\..\Images\deposit-default.png, 15 ms)
2026-07-22 14:28:35 [crafting] FindImage: not found (C:\Users\link\Documents\GitHub\osrs-automation\Bots\..\Images\deposit-default.png, 0 ms)
2026-07-22 14:28:35 [crafting] FindImage: not found (C:\Users\link\Documents\GitHub\osrs-automation\Bots\..\Images\deposit-default.png, 15 ms)
2026-07-22 14:28:36 [crafting] FindImage: not found (C:\Users\link\Documents\GitHub\osrs-automation\Bots\..\Images\deposit-default.png, 15 ms)
2026-07-22 14:28:36 [crafting] FindImage: not found (C:\Users\link\Documents\GitHub\osrs-automation\Bots\..\Images\deposit-default.png, 15 ms)
2026-07-22 14:28:36 [crafting] FindImage: found at 1363,999 (C:\Users\link\Documents\GitHub\osrs-automation\Bots\..\Images\deposit-default.png, 15 ms)
2026-07-22 14:28:36 [crafting] Craft: clicking deposit-inventory button at 1363,999
2026-07-22 14:28:37 [crafting] Craft: waiting for start-craft marker
2026-07-22 14:28:37 [crafting] FindFilledBlock: found at 1544,578 (11x11 0xFFFF00 tol=0, 0 ms)
2026-07-22 14:28:37 [crafting] Craft: clicking start-craft marker at 1573,605
2026-07-22 14:28:37 [crafting] Craft: waiting for craft dialog marker
2026-07-22 14:28:37 [crafting] FindImage: not found (C:\Users\link\Documents\GitHub\osrs-automation\Bots\..\Images\craft-marker-2.png, 16 ms)
2026-07-22 14:28:37 [crafting] FindImage: not found (C:\Users\link\Documents\GitHub\osrs-automation\Bots\..\Images\craft-marker-2.png, 0 ms)
2026-07-22 14:28:37 [crafting] FindImage: not found (C:\Users\link\Documents\GitHub\osrs-automation\Bots\..\Images\craft-marker-2.png, 0 ms)
2026-07-22 14:28:37 [crafting] FindImage: not found (C:\Users\link\Documents\GitHub\osrs-automation\Bots\..\Images\craft-marker-2.png, 0 ms)
2026-07-22 14:28:37 [crafting] FindImage: not found (C:\Users\link\Documents\GitHub\osrs-automation\Bots\..\Images\craft-marker-2.png, 0 ms)
2026-07-22 14:28:37 [crafting] FindImage: not found (C:\Users\link\Documents\GitHub\osrs-automation\Bots\..\Images\craft-marker-2.png, 0 ms)
2026-07-22 14:28:37 [crafting] FindImage: not found (C:\Users\link\Documents\GitHub\osrs-automation\Bots\..\Images\craft-marker-2.png, 0 ms)
2026-07-22 14:28:38 [crafting] FindImage: not found (C:\Users\link\Documents\GitHub\osrs-automation\Bots\..\Images\craft-marker-2.png, 0 ms)
2026-07-22 14:28:38 [crafting] FindImage: not found (C:\Users\link\Documents\GitHub\osrs-automation\Bots\..\Images\craft-marker-2.png, 15 ms)
2026-07-22 14:28:38 [crafting] FindImage: not found (C:\Users\link\Documents\GitHub\osrs-automation\Bots\..\Images\craft-marker-2.png, 15 ms)
2026-07-22 14:28:38 [crafting] FindImage: not found (C:\Users\link\Documents\GitHub\osrs-automation\Bots\..\Images\craft-marker-2.png, 0 ms)
2026-07-22 14:28:38 [crafting] FindImage: not found (C:\Users\link\Documents\GitHub\osrs-automation\Bots\..\Images\craft-marker-2.png, 15 ms)
2026-07-22 14:28:38 [crafting] FindImage: not found (C:\Users\link\Documents\GitHub\osrs-automation\Bots\..\Images\craft-marker-2.png, 0 ms)
2026-07-22 14:28:38 [crafting] FindImage: not found (C:\Users\link\Documents\GitHub\osrs-automation\Bots\..\Images\craft-marker-2.png, 0 ms)
2026-07-22 14:28:38 [crafting] FindImage: not found (C:\Users\link\Documents\GitHub\osrs-automation\Bots\..\Images\craft-marker-2.png, 16 ms)
2026-07-22 14:28:39 [crafting] FindImage: not found (C:\Users\link\Documents\GitHub\osrs-automation\Bots\..\Images\craft-marker-2.png, 16 ms)
2026-07-22 14:28:39 [crafting] FindImage: not found (C:\Users\link\Documents\GitHub\osrs-automation\Bots\..\Images\craft-marker-2.png, 16 ms)
2026-07-22 14:28:39 [crafting] FindImage: not found (C:\Users\link\Documents\GitHub\osrs-automation\Bots\..\Images\craft-marker-2.png, 16 ms)
2026-07-22 14:28:39 [crafting] FindImage: not found (C:\Users\link\Documents\GitHub\osrs-automation\Bots\..\Images\craft-marker-2.png, 16 ms)
2026-07-22 14:28:39 [crafting] FindImage: not found (C:\Users\link\Documents\GitHub\osrs-automation\Bots\..\Images\craft-marker-2.png, 16 ms)
2026-07-22 14:28:39 [crafting] FindImage: not found (C:\Users\link\Documents\GitHub\osrs-automation\Bots\..\Images\craft-marker-2.png, 16 ms)
2026-07-22 14:28:39 [crafting] FindImage: not found (C:\Users\link\Documents\GitHub\osrs-automation\Bots\..\Images\craft-marker-2.png, 16 ms)
2026-07-22 14:28:39 [crafting] FindImage: not found (C:\Users\link\Documents\GitHub\osrs-automation\Bots\..\Images\craft-marker-2.png, 0 ms)
2026-07-22 14:28:40 [crafting] FindImage: not found (C:\Users\link\Documents\GitHub\osrs-automation\Bots\..\Images\craft-marker-2.png, 0 ms)
2026-07-22 14:28:40 [crafting] FindImage: not found (C:\Users\link\Documents\GitHub\osrs-automation\Bots\..\Images\craft-marker-2.png, 0 ms)
2026-07-22 14:28:40 [crafting] FindImage: not found (C:\Users\link\Documents\GitHub\osrs-automation\Bots\..\Images\craft-marker-2.png, 0 ms)
2026-07-22 14:28:40 [crafting] FindImage: not found (C:\Users\link\Documents\GitHub\osrs-automation\Bots\..\Images\craft-marker-2.png, 16 ms)
2026-07-22 14:28:40 [crafting] FindImage: not found (C:\Users\link\Documents\GitHub\osrs-automation\Bots\..\Images\craft-marker-2.png, 16 ms)
2026-07-22 14:28:40 [crafting] FindImage: not found (C:\Users\link\Documents\GitHub\osrs-automation\Bots\..\Images\craft-marker-2.png, 16 ms)
2026-07-22 14:28:40 [crafting] FindImage: not found (C:\Users\link\Documents\GitHub\osrs-automation\Bots\..\Images\craft-marker-2.png, 16 ms)
2026-07-22 14:28:40 [crafting] FindImage: not found (C:\Users\link\Documents\GitHub\osrs-automation\Bots\..\Images\craft-marker-2.png, 16 ms)
2026-07-22 14:28:41 [crafting] FindImage: not found (C:\Users\link\Documents\GitHub\osrs-automation\Bots\..\Images\craft-marker-2.png, 16 ms)
2026-07-22 14:28:41 [crafting] FindImage: found at 1448,696 (C:\Users\link\Documents\GitHub\osrs-automation\Bots\..\Images\craft-marker-2.png, 16 ms)
2026-07-22 14:28:41 [crafting] Craft: waiting for slot 26 to empty
2026-07-22 14:28:55 [crafting] Craft: waiting for deposit-side marker
2026-07-22 14:28:55 [crafting] FindFilledBlock: found at 927,777 (21x21 0xFF00FF tol=0, 0 ms)
2026-07-22 14:28:55 [crafting] Craft: clicking deposit-side marker at 912,789
2026-07-22 14:28:55 [crafting] Craft: waiting for deposit-inventory button
2026-07-22 14:28:55 [crafting] FindImage: not found (C:\Users\link\Documents\GitHub\osrs-automation\Bots\..\Images\deposit-default.png, 16 ms)
2026-07-22 14:28:55 [crafting] FindImage: not found (C:\Users\link\Documents\GitHub\osrs-automation\Bots\..\Images\deposit-default.png, 0 ms)
2026-07-22 14:28:56 [crafting] FindImage: not found (C:\Users\link\Documents\GitHub\osrs-automation\Bots\..\Images\deposit-default.png, 0 ms)
2026-07-22 14:28:56 [crafting] FindImage: not found (C:\Users\link\Documents\GitHub\osrs-automation\Bots\..\Images\deposit-default.png, 0 ms)
2026-07-22 14:28:56 [crafting] FindImage: not found (C:\Users\link\Documents\GitHub\osrs-automation\Bots\..\Images\deposit-default.png, 0 ms)
2026-07-22 14:28:56 [crafting] FindImage: not found (C:\Users\link\Documents\GitHub\osrs-automation\Bots\..\Images\deposit-default.png, 0 ms)
2026-07-22 14:28:56 [crafting] FindImage: not found (C:\Users\link\Documents\GitHub\osrs-automation\Bots\..\Images\deposit-default.png, 0 ms)
2026-07-22 14:28:56 [crafting] FindImage: not found (C:\Users\link\Documents\GitHub\osrs-automation\Bots\..\Images\deposit-default.png, 0 ms)
2026-07-22 14:28:56 [crafting] FindImage: not found (C:\Users\link\Documents\GitHub\osrs-automation\Bots\..\Images\deposit-default.png, 15 ms)
2026-07-22 14:28:56 [crafting] FindImage: not found (C:\Users\link\Documents\GitHub\osrs-automation\Bots\..\Images\deposit-default.png, 0 ms)
2026-07-22 14:28:56 [crafting] FindImage: not found (C:\Users\link\Documents\GitHub\osrs-automation\Bots\..\Images\deposit-default.png, 0 ms)
2026-07-22 14:28:57 [crafting] FindImage: not found (C:\Users\link\Documents\GitHub\osrs-automation\Bots\..\Images\deposit-default.png, 0 ms)
2026-07-22 14:28:57 [crafting] FindImage: not found (C:\Users\link\Documents\GitHub\osrs-automation\Bots\..\Images\deposit-default.png, 0 ms)
2026-07-22 14:28:57 [crafting] FindImage: not found (C:\Users\link\Documents\GitHub\osrs-automation\Bots\..\Images\deposit-default.png, 0 ms)
2026-07-22 14:28:57 [crafting] FindImage: not found (C:\Users\link\Documents\GitHub\osrs-automation\Bots\..\Images\deposit-default.png, 16 ms)
2026-07-22 14:28:57 [crafting] FindImage: not found (C:\Users\link\Documents\GitHub\osrs-automation\Bots\..\Images\deposit-default.png, 16 ms)
2026-07-22 14:28:57 [crafting] FindImage: not found (C:\Users\link\Documents\GitHub\osrs-automation\Bots\..\Images\deposit-default.png, 16 ms)
2026-07-22 14:28:57 [crafting] FindImage: not found (C:\Users\link\Documents\GitHub\osrs-automation\Bots\..\Images\deposit-default.png, 16 ms)
2026-07-22 14:28:57 [crafting] FindImage: not found (C:\Users\link\Documents\GitHub\osrs-automation\Bots\..\Images\deposit-default.png, 16 ms)
2026-07-22 14:28:58 [crafting] FindImage: not found (C:\Users\link\Documents\GitHub\osrs-automation\Bots\..\Images\deposit-default.png, 0 ms)
2026-07-22 14:28:58 [crafting] FindImage: not found (C:\Users\link\Documents\GitHub\osrs-automation\Bots\..\Images\deposit-default.png, 16 ms)
2026-07-22 14:28:58 [crafting] FindImage: not found (C:\Users\link\Documents\GitHub\osrs-automation\Bots\..\Images\deposit-default.png, 16 ms)
2026-07-22 14:28:58 [crafting] FindImage: not found (C:\Users\link\Documents\GitHub\osrs-automation\Bots\..\Images\deposit-default.png, 16 ms)
2026-07-22 14:28:58 [crafting] FindImage: not found (C:\Users\link\Documents\GitHub\osrs-automation\Bots\..\Images\deposit-default.png, 16 ms)
2026-07-22 14:28:58 [crafting] FindImage: not found (C:\Users\link\Documents\GitHub\osrs-automation\Bots\..\Images\deposit-default.png, 16 ms)
2026-07-22 14:28:58 [crafting] FindImage: not found (C:\Users\link\Documents\GitHub\osrs-automation\Bots\..\Images\deposit-default.png, 16 ms)
2026-07-22 14:28:58 [crafting] FindImage: not found (C:\Users\link\Documents\GitHub\osrs-automation\Bots\..\Images\deposit-default.png, 16 ms)
2026-07-22 14:28:59 [crafting] FindImage: not found (C:\Users\link\Documents\GitHub\osrs-automation\Bots\..\Images\deposit-default.png, 16 ms)
2026-07-22 14:28:59 [crafting] FindImage: found at 1363,999 (C:\Users\link\Documents\GitHub\osrs-automation\Bots\..\Images\deposit-default.png, 16 ms)
2026-07-22 14:28:59 [crafting] Craft: clicking deposit-inventory button at 1363,999
2026-07-22 14:28:59 [crafting] Craft: waiting for start-craft marker
2026-07-22 14:28:59 [crafting] FindFilledBlock: found at 1540,574 (11x11 0xFFFF00 tol=0, 16 ms)
2026-07-22 14:28:59 [crafting] Craft: clicking start-craft marker at 1573,605
2026-07-22 14:29:00 [crafting] Craft: waiting for craft dialog marker
2026-07-22 14:29:00 [crafting] FindImage: not found (C:\Users\link\Documents\GitHub\osrs-automation\Bots\..\Images\craft-marker-2.png, 16 ms)
2026-07-22 14:29:00 [crafting] FindImage: not found (C:\Users\link\Documents\GitHub\osrs-automation\Bots\..\Images\craft-marker-2.png, 0 ms)
2026-07-22 14:29:00 [crafting] FindImage: not found (C:\Users\link\Documents\GitHub\osrs-automation\Bots\..\Images\craft-marker-2.png, 0 ms)
2026-07-22 14:29:00 [crafting] FindImage: not found (C:\Users\link\Documents\GitHub\osrs-automation\Bots\..\Images\craft-marker-2.png, 0 ms)
2026-07-22 14:29:00 [crafting] FindImage: not found (C:\Users\link\Documents\GitHub\osrs-automation\Bots\..\Images\craft-marker-2.png, 16 ms)
2026-07-22 14:29:00 [crafting] FindImage: not found (C:\Users\link\Documents\GitHub\osrs-automation\Bots\..\Images\craft-marker-2.png, 16 ms)
2026-07-22 14:29:00 [crafting] FindImage: not found (C:\Users\link\Documents\GitHub\osrs-automation\Bots\..\Images\craft-marker-2.png, 0 ms)
2026-07-22 14:29:00 [crafting] FindImage: not found (C:\Users\link\Documents\GitHub\osrs-automation\Bots\..\Images\craft-marker-2.png, 0 ms)
2026-07-22 14:29:00 [crafting] FindImage: not found (C:\Users\link\Documents\GitHub\osrs-automation\Bots\..\Images\craft-marker-2.png, 0 ms)
2026-07-22 14:29:01 [crafting] FindImage: not found (C:\Users\link\Documents\GitHub\osrs-automation\Bots\..\Images\craft-marker-2.png, 0 ms)
2026-07-22 14:29:01 [crafting] FindImage: not found (C:\Users\link\Documents\GitHub\osrs-automation\Bots\..\Images\craft-marker-2.png, 0 ms)
2026-07-22 14:29:01 [crafting] FindImage: not found (C:\Users\link\Documents\GitHub\osrs-automation\Bots\..\Images\craft-marker-2.png, 0 ms)
2026-07-22 14:29:01 [crafting] FindImage: not found (C:\Users\link\Documents\GitHub\osrs-automation\Bots\..\Images\craft-marker-2.png, 0 ms)
2026-07-22 14:29:01 [crafting] FindImage: not found (C:\Users\link\Documents\GitHub\osrs-automation\Bots\..\Images\craft-marker-2.png, 0 ms)
2026-07-22 14:29:01 [crafting] FindImage: not found (C:\Users\link\Documents\GitHub\osrs-automation\Bots\..\Images\craft-marker-2.png, 0 ms)
2026-07-22 14:29:01 [crafting] FindImage: not found (C:\Users\link\Documents\GitHub\osrs-automation\Bots\..\Images\craft-marker-2.png, 0 ms)
2026-07-22 14:29:01 [crafting] FindImage: not found (C:\Users\link\Documents\GitHub\osrs-automation\Bots\..\Images\craft-marker-2.png, 0 ms)
2026-07-22 14:29:01 [crafting] FindImage: not found (C:\Users\link\Documents\GitHub\osrs-automation\Bots\..\Images\craft-marker-2.png, 0 ms)
2026-07-22 14:29:02 [crafting] FindImage: not found (C:\Users\link\Documents\GitHub\osrs-automation\Bots\..\Images\craft-marker-2.png, 15 ms)
2026-07-22 14:29:02 [crafting] FindImage: not found (C:\Users\link\Documents\GitHub\osrs-automation\Bots\..\Images\craft-marker-2.png, 15 ms)
2026-07-22 14:29:02 [crafting] FindImage: not found (C:\Users\link\Documents\GitHub\osrs-automation\Bots\..\Images\craft-marker-2.png, 0 ms)
2026-07-22 14:29:02 [crafting] FindImage: not found (C:\Users\link\Documents\GitHub\osrs-automation\Bots\..\Images\craft-marker-2.png, 0 ms)
2026-07-22 14:29:02 [crafting] FindImage: not found (C:\Users\link\Documents\GitHub\osrs-automation\Bots\..\Images\craft-marker-2.png, 0 ms)
2026-07-22 14:29:02 [crafting] FindImage: not found (C:\Users\link\Documents\GitHub\osrs-automation\Bots\..\Images\craft-marker-2.png, 0 ms)
2026-07-22 14:29:02 [crafting] FindImage: not found (C:\Users\link\Documents\GitHub\osrs-automation\Bots\..\Images\craft-marker-2.png, 0 ms)
2026-07-22 14:29:02 [crafting] FindImage: not found (C:\Users\link\Documents\GitHub\osrs-automation\Bots\..\Images\craft-marker-2.png, 0 ms)
2026-07-22 14:29:03 [crafting] FindImage: not found (C:\Users\link\Documents\GitHub\osrs-automation\Bots\..\Images\craft-marker-2.png, 0 ms)
2026-07-22 14:29:03 [crafting] FindImage: not found (C:\Users\link\Documents\GitHub\osrs-automation\Bots\..\Images\craft-marker-2.png, 16 ms)
2026-07-22 14:29:03 [crafting] FindImage: not found (C:\Users\link\Documents\GitHub\osrs-automation\Bots\..\Images\craft-marker-2.png, 16 ms)
2026-07-22 14:29:03 [crafting] FindImage: not found (C:\Users\link\Documents\GitHub\osrs-automation\Bots\..\Images\craft-marker-2.png, 16 ms)
2026-07-22 14:29:03 [crafting] FindImage: not found (C:\Users\link\Documents\GitHub\osrs-automation\Bots\..\Images\craft-marker-2.png, 0 ms)
2026-07-22 14:29:03 [crafting] FindImage: not found (C:\Users\link\Documents\GitHub\osrs-automation\Bots\..\Images\craft-marker-2.png, 0 ms)
2026-07-22 14:29:03 [crafting] FindImage: not found (C:\Users\link\Documents\GitHub\osrs-automation\Bots\..\Images\craft-marker-2.png, 0 ms)
2026-07-22 14:29:03 [crafting] FindImage: found at 1448,696 (C:\Users\link\Documents\GitHub\osrs-automation\Bots\..\Images\craft-marker-2.png, 16 ms)
2026-07-22 14:29:03 [crafting] Craft: waiting for slot 26 to empty
2026-07-22 14:29:03 [crafting] Craft: waiting for deposit-side marker
2026-07-22 14:29:03 [crafting] FindFilledBlock: not found (21x21 0xFF00FF tol=0, 16 ms)
2026-07-22 14:29:04 [crafting] FindFilledBlock: not found (21x21 0xFF00FF tol=0, 0 ms)
2026-07-22 14:29:04 [crafting] FindFilledBlock: not found (21x21 0xFF00FF tol=0, 0 ms)
2026-07-22 14:29:04 [crafting] FindFilledBlock: not found (21x21 0xFF00FF tol=0, 0 ms)
2026-07-22 14:29:04 [crafting] FindFilledBlock: not found (21x21 0xFF00FF tol=0, 0 ms)
2026-07-22 14:29:04 [crafting] FindFilledBlock: found at 929,773 (21x21 0xFF00FF tol=0, 0 ms)
2026-07-22 14:29:04 [crafting] Craft: clicking deposit-side marker at 912,789
2026-07-22 14:29:04 [crafting] Craft: waiting for deposit-inventory button
2026-07-22 14:29:04 [crafting] FindImage: not found (C:\Users\link\Documents\GitHub\osrs-automation\Bots\..\Images\deposit-default.png, 15 ms)
2026-07-22 14:29:04 [crafting] FindImage: not found (C:\Users\link\Documents\GitHub\osrs-automation\Bots\..\Images\deposit-default.png, 0 ms)
2026-07-22 14:29:04 [crafting] FindImage: not found (C:\Users\link\Documents\GitHub\osrs-automation\Bots\..\Images\deposit-default.png, 0 ms)
2026-07-22 14:29:05 [crafting] FindImage: not found (C:\Users\link\Documents\GitHub\osrs-automation\Bots\..\Images\deposit-default.png, 15 ms)
2026-07-22 14:29:05 [crafting] FindImage: not found (C:\Users\link\Documents\GitHub\osrs-automation\Bots\..\Images\deposit-default.png, 15 ms)
2026-07-22 14:29:05 [crafting] FindImage: not found (C:\Users\link\Documents\GitHub\osrs-automation\Bots\..\Images\deposit-default.png, 15 ms)
2026-07-22 14:29:05 [crafting] FindImage: not found (C:\Users\link\Documents\GitHub\osrs-automation\Bots\..\Images\deposit-default.png, 15 ms)
2026-07-22 14:29:05 [crafting] FindImage: not found (C:\Users\link\Documents\GitHub\osrs-automation\Bots\..\Images\deposit-default.png, 15 ms)
2026-07-22 14:29:05 [crafting] FindImage: not found (C:\Users\link\Documents\GitHub\osrs-automation\Bots\..\Images\deposit-default.png, 15 ms)
2026-07-22 14:29:05 [crafting] FindImage: not found (C:\Users\link\Documents\GitHub\osrs-automation\Bots\..\Images\deposit-default.png, 15 ms)
2026-07-22 14:29:05 [crafting] FindImage: not found (C:\Users\link\Documents\GitHub\osrs-automation\Bots\..\Images\deposit-default.png, 15 ms)
2026-07-22 14:29:06 [crafting] FindImage: not found (C:\Users\link\Documents\GitHub\osrs-automation\Bots\..\Images\deposit-default.png, 0 ms)
2026-07-22 14:29:06 [crafting] FindImage: not found (C:\Users\link\Documents\GitHub\osrs-automation\Bots\..\Images\deposit-default.png, 15 ms)
2026-07-22 14:29:06 [crafting] FindImage: not found (C:\Users\link\Documents\GitHub\osrs-automation\Bots\..\Images\deposit-default.png, 0 ms)
2026-07-22 14:29:06 [crafting] FindImage: not found (C:\Users\link\Documents\GitHub\osrs-automation\Bots\..\Images\deposit-default.png, 15 ms)
2026-07-22 14:29:06 [crafting] FindImage: not found (C:\Users\link\Documents\GitHub\osrs-automation\Bots\..\Images\deposit-default.png, 15 ms)
2026-07-22 14:29:06 [crafting] FindImage: not found (C:\Users\link\Documents\GitHub\osrs-automation\Bots\..\Images\deposit-default.png, 15 ms)
2026-07-22 14:29:06 [crafting] FindImage: not found (C:\Users\link\Documents\GitHub\osrs-automation\Bots\..\Images\deposit-default.png, 0 ms)
2026-07-22 14:29:06 [crafting] FindImage: not found (C:\Users\link\Documents\GitHub\osrs-automation\Bots\..\Images\deposit-default.png, 0 ms)
2026-07-22 14:29:07 [crafting] FindImage: not found (C:\Users\link\Documents\GitHub\osrs-automation\Bots\..\Images\deposit-default.png, 0 ms)
2026-07-22 14:29:07 [crafting] FindImage: not found (C:\Users\link\Documents\GitHub\osrs-automation\Bots\..\Images\deposit-default.png, 0 ms)
2026-07-22 14:29:07 [crafting] FindImage: not found (C:\Users\link\Documents\GitHub\osrs-automation\Bots\..\Images\deposit-default.png, 0 ms)
2026-07-22 14:29:07 [crafting] FindImage: not found (C:\Users\link\Documents\GitHub\osrs-automation\Bots\..\Images\deposit-default.png, 0 ms)
2026-07-22 14:29:07 [crafting] FindImage: not found (C:\Users\link\Documents\GitHub\osrs-automation\Bots\..\Images\deposit-default.png, 16 ms)
2026-07-22 14:29:07 [crafting] FindImage: not found (C:\Users\link\Documents\GitHub\osrs-automation\Bots\..\Images\deposit-default.png, 16 ms)
2026-07-22 14:29:07 [crafting] FindImage: not found (C:\Users\link\Documents\GitHub\osrs-automation\Bots\..\Images\deposit-default.png, 16 ms)
2026-07-22 14:29:07 [crafting] FindImage: not found (C:\Users\link\Documents\GitHub\osrs-automation\Bots\..\Images\deposit-default.png, 16 ms)
2026-07-22 14:29:08 [crafting] FindImage: not found (C:\Users\link\Documents\GitHub\osrs-automation\Bots\..\Images\deposit-default.png, 16 ms)
2026-07-22 14:29:08 [crafting] FindImage: found at 1363,999 (C:\Users\link\Documents\GitHub\osrs-automation\Bots\..\Images\deposit-default.png, 16 ms)
2026-07-22 14:29:08 [crafting] Craft: clicking deposit-inventory button at 1363,999
2026-07-22 14:29:08 [crafting] Craft: waiting for start-craft marker
2026-07-22 14:29:08 [crafting] FindFilledBlock: found at 1544,578 (11x11 0xFFFF00 tol=0, 0 ms)
2026-07-22 14:29:08 [crafting] Craft: clicking start-craft marker at 1573,605
2026-07-22 14:29:09 [crafting] Craft: waiting for craft dialog marker
2026-07-22 14:29:09 [crafting] FindImage: not found (C:\Users\link\Documents\GitHub\osrs-automation\Bots\..\Images\craft-marker-2.png, 15 ms)
2026-07-22 14:29:09 [crafting] FindImage: not found (C:\Users\link\Documents\GitHub\osrs-automation\Bots\..\Images\craft-marker-2.png, 15 ms)
2026-07-22 14:29:09 [crafting] FindImage: not found (C:\Users\link\Documents\GitHub\osrs-automation\Bots\..\Images\craft-marker-2.png, 15 ms)
2026-07-22 14:29:09 [crafting] FindImage: not found (C:\Users\link\Documents\GitHub\osrs-automation\Bots\..\Images\craft-marker-2.png, 15 ms)
2026-07-22 14:29:09 [crafting] FindImage: not found (C:\Users\link\Documents\GitHub\osrs-automation\Bots\..\Images\craft-marker-2.png, 15 ms)
2026-07-22 14:29:09 [crafting] FindImage: not found (C:\Users\link\Documents\GitHub\osrs-automation\Bots\..\Images\craft-marker-2.png, 15 ms)
2026-07-22 14:29:09 [crafting] FindImage: not found (C:\Users\link\Documents\GitHub\osrs-automation\Bots\..\Images\craft-marker-2.png, 15 ms)
2026-07-22 14:29:09 [crafting] FindImage: not found (C:\Users\link\Documents\GitHub\osrs-automation\Bots\..\Images\craft-marker-2.png, 15 ms)
2026-07-22 14:29:10 [crafting] FindImage: not found (C:\Users\link\Documents\GitHub\osrs-automation\Bots\..\Images\craft-marker-2.png, 15 ms)
2026-07-22 14:29:10 [crafting] Esc pressed - exiting
