2026-07-23 14:24:24 [woodcutting] Tracking stable target at 1148,686 (cooldown active, search 0 ms)
2026-07-23 14:24:24 [woodcutting] FindFilledBlock: found at 1148,686 (51x51 0x56FF50 tol=5, 15 ms)
2026-07-23 14:24:24 [woodcutting] Tracking stable target at 1148,686 (cooldown active, search 15 ms)
2026-07-23 14:24:25 [woodcutting] FindFilledBlock: found at 1148,686 (51x51 0x56FF50 tol=5, 16 ms)
2026-07-23 14:24:25 [woodcutting] Clicked STABLE target at 1148,686 (search 16 ms)
2026-07-23 14:24:25 [woodcutting] ReleasePendingModifiersNow: released Ctrl
2026-07-23 14:24:25 [woodcutting] FindFilledBlock: found at 1186,700 (51x51 0x56FF50 tol=5, 0 ms)
2026-07-23 14:24:25 [woodcutting] Tracking not-yet-stable target at 1186,700 (search 0 ms)
2026-07-23 14:24:25 [woodcutting] FindFilledBlock: found at 1186,700 (51x51 0x56FF50 tol=5, 16 ms)
2026-07-23 14:24:25 [woodcutting] Tracking not-yet-stable target at 1186,700 (search 16 ms)
2026-07-23 14:24:25 [woodcutting] FindFilledBlock: found at 1148,686 (51x51 0x56FF50 tol=5, 15 ms)
2026-07-23 14:24:25 [woodcutting] Tracking not-yet-stable target at 1148,686 (search 15 ms)
2026-07-23 14:24:25 [woodcutting] FindFilledBlock: found at 1148,686 (51x51 0x56FF50 tol=5, 15 ms)
2026-07-23 14:24:25 [woodcutting] Tracking not-yet-stable target at 1148,686 (search 15 ms)
2026-07-23 14:24:26 [woodcutting] FindFilledBlock: found at 1148,686 (51x51 0x56FF50 tol=5, 16 ms)
2026-07-23 14:24:26 [woodcutting] Tracking stable target at 1148,686 (cooldown active, search 16 ms)
2026-07-23 14:24:26 [woodcutting] FindFilledBlock: found at 1148,686 (51x51 0x56FF50 tol=5, 0 ms)
2026-07-23 14:24:26 [woodcutting] Tracking stable target at 1148,686 (cooldown active, search 0 ms)
2026-07-23 14:24:26 [woodcutting] FindFilledBlock: found at 1148,686 (51x51 0x56FF50 tol=5, 15 ms)
2026-07-23 14:24:26 [woodcutting] Tracking stable target at 1148,686 (cooldown active, search 15 ms)
2026-07-23 14:24:26 [woodcutting] FindFilledBlock: found at 1148,686 (51x51 0x56FF50 tol=5, 0 ms)
2026-07-23 14:24:26 [woodcutting] Tracking stable target at 1148,686 (cooldown active, search 16 ms)
2026-07-23 14:24:26 [woodcutting] FindFilledBlock: found at 1148,686 (51x51 0x56FF50 tol=5, 15 ms)
2026-07-23 14:24:26 [woodcutting] Clicked STABLE target at 1148,686 (search 15 ms)
2026-07-23 14:24:26 [woodcutting] ReleasePendingModifiersNow: released Ctrl
2026-07-23 14:24:27 [woodcutting] FindFilledBlock: found at 1186,700 (51x51 0x56FF50 tol=5, 16 ms)
2026-07-23 14:24:27 [woodcutting] Tracking not-yet-stable target at 1186,700 (search 16 ms)
2026-07-23 14:24:27 [woodcutting] FindFilledBlock: found at 1186,700 (51x51 0x56FF50 tol=5, 0 ms)
2026-07-23 14:24:27 [woodcutting] Tracking not-yet-stable target at 1186,700 (search 0 ms)
2026-07-23 14:24:27 [woodcutting] FindFilledBlock: found at 1148,686 (51x51 0x56FF50 tol=5, 15 ms)
2026-07-23 14:24:27 [woodcutting] Tracking not-yet-stable target at 1148,686 (search 15 ms)
2026-07-23 14:24:27 [woodcutting] FindFilledBlock: found at 1148,686 (51x51 0x56FF50 tol=5, 16 ms)
2026-07-23 14:24:27 [woodcutting] Tracking not-yet-stable target at 1148,686 (search 16 ms)
2026-07-23 14:24:27 [woodcutting] FindFilledBlock: found at 1148,686 (51x51 0x56FF50 tol=5, 16 ms)
2026-07-23 14:24:27 [woodcutting] Tracking stable target at 1148,686 (cooldown active, search 16 ms)
2026-07-23 14:24:27 [woodcutting] FindFilledBlock: found at 1148,686 (51x51 0x56FF50 tol=5, 16 ms)
2026-07-23 14:24:27 [woodcutting] Tracking stable target at 1148,686 (cooldown active, search 16 ms)
2026-07-23 14:24:28 [woodcutting] FindFilledBlock: found at 1148,686 (51x51 0x56FF50 tol=5, 16 ms)
2026-07-23 14:24:28 [woodcutting] Tracking stable target at 1148,686 (cooldown active, search 16 ms)
2026-07-23 14:24:28 [woodcutting] FindFilledBlock: found at 1148,686 (51x51 0x56FF50 tol=5, 16 ms)
2026-07-23 14:24:28 [woodcutting] Tracking stable target at 1148,686 (cooldown active, search 16 ms)
2026-07-23 14:24:28 [woodcutting] FindFilledBlock: found at 1148,686 (51x51 0x56FF50 tol=5, 15 ms)
2026-07-23 14:24:28 [woodcutting] Clicked STABLE target at 1148,686 (search 15 ms)
2026-07-23 14:24:28 [woodcutting] ReleasePendingModifiersNow: released Ctrl
2026-07-23 14:24:28 [woodcutting] FindFilledBlock: found at 1186,700 (51x51 0x56FF50 tol=5, 16 ms)
2026-07-23 14:24:28 [woodcutting] Tracking not-yet-stable target at 1186,700 (search 16 ms)
2026-07-23 14:24:29 [woodcutting] FindFilledBlock: found at 1148,686 (51x51 0x56FF50 tol=5, 16 ms)
2026-07-23 14:24:29 [woodcutting] Tracking not-yet-stable target at 1148,686 (search 16 ms)
2026-07-23 14:24:29 [woodcutting] FindFilledBlock: found at 1148,686 (51x51 0x56FF50 tol=5, 15 ms)
2026-07-23 14:24:29 [woodcutting] Tracking not-yet-stable target at 1148,686 (search 15 ms)
2026-07-23 14:24:29 [woodcutting] FindFilledBlock: found at 1148,686 (51x51 0x56FF50 tol=5, 16 ms)
2026-07-23 14:24:29 [woodcutting] Tracking stable target at 1148,686 (cooldown active, search 16 ms)
2026-07-23 14:24:29 [woodcutting] FindFilledBlock: found at 1148,686 (51x51 0x56FF50 tol=5, 0 ms)
2026-07-23 14:24:29 [woodcutting] Tracking stable target at 1148,686 (cooldown active, search 0 ms)
2026-07-23 14:24:29 [woodcutting] FindFilledBlock: found at 1148,686 (51x51 0x56FF50 tol=5, 15 ms)
2026-07-23 14:24:29 [woodcutting] Tracking stable target at 1148,686 (cooldown active, search 15 ms)
2026-07-23 14:24:29 [woodcutting] FindFilledBlock: found at 1148,686 (51x51 0x56FF50 tol=5, 0 ms)
2026-07-23 14:24:29 [woodcutting] Tracking stable target at 1148,686 (cooldown active, search 0 ms)
2026-07-23 14:24:29 [woodcutting] FindFilledBlock: found at 1148,686 (51x51 0x56FF50 tol=5, 16 ms)
2026-07-23 14:24:29 [woodcutting] Tracking stable target at 1148,686 (cooldown active, search 16 ms)
2026-07-23 14:24:30 [woodcutting] FindFilledBlock: found at 1148,686 (51x51 0x56FF50 tol=5, 0 ms)
2026-07-23 14:24:30 [woodcutting] Clicked STABLE target at 1148,686 (search 0 ms)
2026-07-23 14:24:30 [woodcutting] ReleasePendingModifiersNow: released Ctrl
2026-07-23 14:24:30 [woodcutting] FindFilledBlock: found at 1186,700 (51x51 0x56FF50 tol=5, 0 ms)
2026-07-23 14:24:30 [woodcutting] Tracking not-yet-stable target at 1186,700 (search 0 ms)
2026-07-23 14:24:30 [woodcutting] FindFilledBlock: found at 1186,700 (51x51 0x56FF50 tol=5, 16 ms)
2026-07-23 14:24:30 [woodcutting] Tracking not-yet-stable target at 1186,700 (search 16 ms)
2026-07-23 14:24:30 [woodcutting] FindFilledBlock: found at 1148,686 (51x51 0x56FF50 tol=5, 0 ms)
2026-07-23 14:24:30 [woodcutting] Tracking not-yet-stable target at 1148,686 (search 0 ms)
2026-07-23 14:24:30 [woodcutting] FindFilledBlock: found at 1148,686 (51x51 0x56FF50 tol=5, 15 ms)
2026-07-23 14:24:30 [woodcutting] Tracking not-yet-stable target at 1148,686 (search 15 ms)
2026-07-23 14:24:31 [woodcutting] FindFilledBlock: found at 1148,686 (51x51 0x56FF50 tol=5, 16 ms)
2026-07-23 14:24:31 [woodcutting] Tracking stable target at 1148,686 (cooldown active, search 16 ms)
2026-07-23 14:24:31 [woodcutting] FindFilledBlock: found at 1148,686 (51x51 0x56FF50 tol=5, 16 ms)
2026-07-23 14:24:31 [woodcutting] Tracking stable target at 1148,686 (cooldown active, search 16 ms)
2026-07-23 14:24:31 [woodcutting] FindFilledBlock: found at 1148,686 (51x51 0x56FF50 tol=5, 15 ms)
2026-07-23 14:24:31 [woodcutting] Tracking stable target at 1148,686 (cooldown active, search 15 ms)
2026-07-23 14:24:31 [woodcutting] FindFilledBlock: found at 1148,686 (51x51 0x56FF50 tol=5, 16 ms)
2026-07-23 14:24:31 [woodcutting] Tracking stable target at 1148,686 (cooldown active, search 16 ms)
2026-07-23 14:24:31 [woodcutting] FindFilledBlock: found at 1148,686 (51x51 0x56FF50 tol=5, 16 ms)
2026-07-23 14:24:31 [woodcutting] Clicked STABLE target at 1148,686 (search 16 ms)
2026-07-23 14:24:32 [woodcutting] ReleasePendingModifiersNow: released Ctrl
2026-07-23 14:24:32 [woodcutting] FindFilledBlock: found at 1186,700 (51x51 0x56FF50 tol=5, 16 ms)
2026-07-23 14:24:32 [woodcutting] Tracking not-yet-stable target at 1186,700 (search 16 ms)
2026-07-23 14:24:32 [woodcutting] FindFilledBlock: found at 1148,686 (51x51 0x56FF50 tol=5, 16 ms)
2026-07-23 14:24:32 [woodcutting] Tracking not-yet-stable target at 1148,686 (search 16 ms)
2026-07-23 14:24:32 [woodcutting] FindFilledBlock: found at 1148,686 (51x51 0x56FF50 tol=5, 16 ms)
2026-07-23 14:24:32 [woodcutting] Tracking not-yet-stable target at 1148,686 (search 16 ms)
2026-07-23 14:24:32 [woodcutting] FindFilledBlock: found at 1148,686 (51x51 0x56FF50 tol=5, 15 ms)
2026-07-23 14:24:32 [woodcutting] Tracking stable target at 1148,686 (cooldown active, search 15 ms)
2026-07-23 14:24:32 [woodcutting] FindFilledBlock: found at 1148,686 (51x51 0x56FF50 tol=5, 0 ms)
2026-07-23 14:24:32 [woodcutting] Tracking stable target at 1148,686 (cooldown active, search 0 ms)
2026-07-23 14:24:33 [woodcutting] FindFilledBlock: found at 1148,686 (51x51 0x56FF50 tol=5, 15 ms)
2026-07-23 14:24:33 [woodcutting] Tracking stable target at 1148,686 (cooldown active, search 15 ms)
2026-07-23 14:24:33 [woodcutting] FindFilledBlock: found at 1148,686 (51x51 0x56FF50 tol=5, 15 ms)
2026-07-23 14:24:33 [woodcutting] Tracking stable target at 1148,686 (cooldown active, search 15 ms)
2026-07-23 14:24:33 [woodcutting] FindFilledBlock: found at 1148,686 (51x51 0x56FF50 tol=5, 16 ms)
2026-07-23 14:24:33 [woodcutting] Tracking stable target at 1148,686 (cooldown active, search 16 ms)
2026-07-23 14:24:33 [woodcutting] FindFilledBlock: found at 1148,686 (51x51 0x56FF50 tol=5, 0 ms)
2026-07-23 14:24:33 [woodcutting] Clicked STABLE target at 1148,686 (search 0 ms)
2026-07-23 14:24:33 [woodcutting] ReleasePendingModifiersNow: released Ctrl
2026-07-23 14:24:33 [woodcutting] FindFilledBlock: found at 1186,700 (51x51 0x56FF50 tol=5, 0 ms)
2026-07-23 14:24:33 [woodcutting] Tracking not-yet-stable target at 1186,700 (search 0 ms)
2026-07-23 14:24:34 [woodcutting] FindFilledBlock: found at 1186,700 (51x51 0x56FF50 tol=5, 16 ms)
2026-07-23 14:24:34 [woodcutting] Tracking not-yet-stable target at 1186,700 (search 16 ms)
2026-07-23 14:24:34 [woodcutting] FindFilledBlock: found at 1148,686 (51x51 0x56FF50 tol=5, 0 ms)
2026-07-23 14:24:34 [woodcutting] Tracking not-yet-stable target at 1148,686 (search 0 ms)
2026-07-23 14:24:34 [woodcutting] FindFilledBlock: found at 1148,686 (51x51 0x56FF50 tol=5, 15 ms)
2026-07-23 14:24:34 [woodcutting] Tracking not-yet-stable target at 1148,686 (search 15 ms)
2026-07-23 14:24:34 [woodcutting] FindFilledBlock: found at 1148,686 (51x51 0x56FF50 tol=5, 15 ms)
2026-07-23 14:24:34 [woodcutting] Tracking stable target at 1148,686 (cooldown active, search 15 ms)
2026-07-23 14:24:34 [woodcutting] FindFilledBlock: found at 1148,686 (51x51 0x56FF50 tol=5, 0 ms)
2026-07-23 14:24:34 [woodcutting] Tracking stable target at 1148,686 (cooldown active, search 0 ms)
2026-07-23 14:24:34 [woodcutting] FindFilledBlock: found at 1148,686 (51x51 0x56FF50 tol=5, 16 ms)
2026-07-23 14:24:34 [woodcutting] Tracking stable target at 1148,686 (cooldown active, search 16 ms)
2026-07-23 14:24:34 [woodcutting] FindFilledBlock: found at 1148,686 (51x51 0x56FF50 tol=5, 16 ms)
2026-07-23 14:24:35 [woodcutting] Tracking stable target at 1148,686 (cooldown active, search 16 ms)
2026-07-23 14:24:35 [woodcutting] FindFilledBlock: found at 1148,686 (51x51 0x56FF50 tol=5, 16 ms)
2026-07-23 14:24:35 [woodcutting] Clicked STABLE target at 1148,686 (search 16 ms)
2026-07-23 14:24:35 [woodcutting] ReleasePendingModifiersNow: released Ctrl
2026-07-23 14:24:35 [woodcutting] FindFilledBlock: found at 1186,700 (51x51 0x56FF50 tol=5, 16 ms)
2026-07-23 14:24:35 [woodcutting] Tracking not-yet-stable target at 1186,700 (search 16 ms)
2026-07-23 14:24:35 [woodcutting] FindFilledBlock: found at 1148,686 (51x51 0x56FF50 tol=5, 16 ms)
2026-07-23 14:24:35 [woodcutting] Tracking not-yet-stable target at 1148,686 (search 16 ms)
2026-07-23 14:24:35 [woodcutting] FindFilledBlock: found at 1148,686 (51x51 0x56FF50 tol=5, 16 ms)
2026-07-23 14:24:35 [woodcutting] Tracking not-yet-stable target at 1148,686 (search 16 ms)
2026-07-23 14:24:36 [woodcutting] FindFilledBlock: found at 1148,686 (51x51 0x56FF50 tol=5, 15 ms)
2026-07-23 14:24:36 [woodcutting] Tracking stable target at 1148,686 (cooldown active, search 15 ms)
2026-07-23 14:24:36 [woodcutting] FindFilledBlock: found at 1148,686 (51x51 0x56FF50 tol=5, 15 ms)
2026-07-23 14:24:36 [woodcutting] Tracking stable target at 1148,686 (cooldown active, search 15 ms)
2026-07-23 14:24:36 [woodcutting] FindFilledBlock: found at 1148,686 (51x51 0x56FF50 tol=5, 16 ms)
2026-07-23 14:24:36 [woodcutting] Tracking stable target at 1148,686 (cooldown active, search 16 ms)
2026-07-23 14:24:36 [woodcutting] FindFilledBlock: found at 1148,686 (51x51 0x56FF50 tol=5, 16 ms)
2026-07-23 14:24:36 [woodcutting] Tracking stable target at 1148,686 (cooldown active, search 16 ms)
2026-07-23 14:24:36 [woodcutting] FindFilledBlock: found at 1148,686 (51x51 0x56FF50 tol=5, 15 ms)
2026-07-23 14:24:36 [woodcutting] Tracking stable target at 1148,686 (cooldown active, search 15 ms)
2026-07-23 14:24:36 [woodcutting] FindFilledBlock: found at 1148,686 (51x51 0x56FF50 tol=5, 0 ms)
2026-07-23 14:24:36 [woodcutting] Clicked STABLE target at 1148,686 (search 0 ms)
2026-07-23 14:24:37 [woodcutting] ReleasePendingModifiersNow: released Ctrl
2026-07-23 14:24:37 [woodcutting] FindFilledBlock: found at 1186,700 (51x51 0x56FF50 tol=5, 0 ms)
2026-07-23 14:24:37 [woodcutting] Tracking not-yet-stable target at 1186,700 (search 0 ms)
2026-07-23 14:24:37 [woodcutting] FindFilledBlock: found at 1148,686 (51x51 0x56FF50 tol=5, 16 ms)
2026-07-23 14:24:37 [woodcutting] Tracking not-yet-stable target at 1148,686 (search 16 ms)
2026-07-23 14:24:37 [woodcutting] FindFilledBlock: found at 1148,686 (51x51 0x56FF50 tol=5, 15 ms)
2026-07-23 14:24:37 [woodcutting] Tracking not-yet-stable target at 1148,686 (search 15 ms)
2026-07-23 14:24:37 [woodcutting] FindFilledBlock: found at 1148,686 (51x51 0x56FF50 tol=5, 0 ms)
2026-07-23 14:24:37 [woodcutting] Tracking stable target at 1148,686 (cooldown active, search 16 ms)
2026-07-23 14:24:37 [woodcutting] FindFilledBlock: found at 1148,686 (51x51 0x56FF50 tol=5, 16 ms)
2026-07-23 14:24:37 [woodcutting] Tracking stable target at 1148,686 (cooldown active, search 16 ms)
2026-07-23 14:24:38 [woodcutting] FindFilledBlock: found at 1148,686 (51x51 0x56FF50 tol=5, 16 ms)
2026-07-23 14:24:38 [woodcutting] Tracking stable target at 1148,686 (cooldown active, search 16 ms)
2026-07-23 14:24:38 [woodcutting] FindFilledBlock: found at 1148,686 (51x51 0x56FF50 tol=5, 15 ms)
2026-07-23 14:24:38 [woodcutting] Tracking stable target at 1148,686 (cooldown active, search 15 ms)
2026-07-23 14:24:38 [woodcutting] FindFilledBlock: found at 1148,686 (51x51 0x56FF50 tol=5, 0 ms)
2026-07-23 14:24:38 [woodcutting] Tracking stable target at 1148,686 (cooldown active, search 0 ms)
2026-07-23 14:24:38 [woodcutting] FindFilledBlock: found at 1148,686 (51x51 0x56FF50 tol=5, 16 ms)
2026-07-23 14:24:38 [woodcutting] Clicked STABLE target at 1148,686 (search 16 ms)
2026-07-23 14:24:38 [woodcutting] ReleasePendingModifiersNow: released Ctrl
2026-07-23 14:24:38 [woodcutting] FindFilledBlock: found at 1186,700 (51x51 0x56FF50 tol=5, 15 ms)
2026-07-23 14:24:38 [woodcutting] Tracking not-yet-stable target at 1186,700 (search 15 ms)
2026-07-23 14:24:39 [woodcutting] FindFilledBlock: found at 1186,700 (51x51 0x56FF50 tol=5, 16 ms)
2026-07-23 14:24:39 [woodcutting] Tracking not-yet-stable target at 1186,700 (search 16 ms)
2026-07-23 14:24:39 [woodcutting] FindFilledBlock: found at 1148,686 (51x51 0x56FF50 tol=5, 15 ms)
2026-07-23 14:24:39 [woodcutting] Tracking not-yet-stable target at 1148,686 (search 15 ms)
2026-07-23 14:24:39 [woodcutting] FindFilledBlock: found at 1148,686 (51x51 0x56FF50 tol=5, 15 ms)
2026-07-23 14:24:39 [woodcutting] Tracking not-yet-stable target at 1148,686 (search 15 ms)
2026-07-23 14:24:39 [woodcutting] FindFilledBlock: found at 1148,686 (51x51 0x56FF50 tol=5, 15 ms)
2026-07-23 14:24:39 [woodcutting] Tracking stable target at 1148,686 (cooldown active, search 15 ms)
2026-07-23 14:24:39 [woodcutting] FindFilledBlock: found at 1148,686 (51x51 0x56FF50 tol=5, 15 ms)
2026-07-23 14:24:39 [woodcutting] Tracking stable target at 1148,686 (cooldown active, search 15 ms)
2026-07-23 14:24:39 [woodcutting] FindFilledBlock: found at 1148,686 (51x51 0x56FF50 tol=5, 16 ms)
2026-07-23 14:24:39 [woodcutting] Tracking stable target at 1148,686 (cooldown active, search 16 ms)
2026-07-23 14:24:40 [woodcutting] FindFilledBlock: found at 1148,686 (51x51 0x56FF50 tol=5, 16 ms)
2026-07-23 14:24:40 [woodcutting] Tracking stable target at 1148,686 (cooldown active, search 16 ms)
2026-07-23 14:24:40 [woodcutting] FindFilledBlock: found at 1148,686 (51x51 0x56FF50 tol=5, 0 ms)
2026-07-23 14:24:40 [woodcutting] Clicked STABLE target at 1148,686 (search 0 ms)
2026-07-23 14:24:40 [woodcutting] ReleasePendingModifiersNow: released Ctrl
2026-07-23 14:24:40 [woodcutting] FindFilledBlock: found at 1186,700 (51x51 0x56FF50 tol=5, 15 ms)
2026-07-23 14:24:40 [woodcutting] Tracking not-yet-stable target at 1186,700 (search 15 ms)
2026-07-23 14:24:40 [woodcutting] FindFilledBlock: found at 1186,700 (51x51 0x56FF50 tol=5, 16 ms)
2026-07-23 14:24:40 [woodcutting] Tracking not-yet-stable target at 1186,700 (search 16 ms)
2026-07-23 14:24:40 [woodcutting] FindFilledBlock: found at 1148,686 (51x51 0x56FF50 tol=5, 16 ms)
2026-07-23 14:24:40 [woodcutting] Tracking not-yet-stable target at 1148,686 (search 16 ms)
2026-07-23 14:24:41 [woodcutting] FindFilledBlock: found at 1148,686 (51x51 0x56FF50 tol=5, 15 ms)
2026-07-23 14:24:41 [woodcutting] Tracking not-yet-stable target at 1148,686 (search 15 ms)
2026-07-23 14:24:41 [woodcutting] FindFilledBlock: found at 1148,686 (51x51 0x56FF50 tol=5, 16 ms)
2026-07-23 14:24:41 [woodcutting] Tracking stable target at 1148,686 (cooldown active, search 16 ms)
2026-07-23 14:24:41 [woodcutting] FindFilledBlock: found at 1148,686 (51x51 0x56FF50 tol=5, 16 ms)
2026-07-23 14:24:41 [woodcutting] Tracking stable target at 1148,686 (cooldown active, search 16 ms)
2026-07-23 14:24:41 [woodcutting] FindFilledBlock: found at 1148,686 (51x51 0x56FF50 tol=5, 15 ms)
2026-07-23 14:24:41 [woodcutting] Tracking stable target at 1148,686 (cooldown active, search 15 ms)
2026-07-23 14:24:41 [woodcutting] FindFilledBlock: found at 1148,686 (51x51 0x56FF50 tol=5, 16 ms)
2026-07-23 14:24:41 [woodcutting] Tracking stable target at 1148,686 (cooldown active, search 16 ms)
2026-07-23 14:24:41 [woodcutting] FindFilledBlock: found at 1148,686 (51x51 0x56FF50 tol=5, 16 ms)
2026-07-23 14:24:42 [woodcutting] Clicked STABLE target at 1148,686 (search 16 ms)
2026-07-23 14:24:42 [woodcutting] ReleasePendingModifiersNow: released Ctrl
2026-07-23 14:24:42 [woodcutting] FindFilledBlock: found at 1186,700 (51x51 0x56FF50 tol=5, 15 ms)
2026-07-23 14:24:42 [woodcutting] Tracking not-yet-stable target at 1186,700 (search 15 ms)
2026-07-23 14:24:42 [woodcutting] FindFilledBlock: found at 1186,700 (51x51 0x56FF50 tol=5, 15 ms)
2026-07-23 14:24:42 [woodcutting] Tracking not-yet-stable target at 1186,700 (search 15 ms)
2026-07-23 14:24:42 [woodcutting] FindFilledBlock: found at 1148,686 (51x51 0x56FF50 tol=5, 16 ms)
2026-07-23 14:24:42 [woodcutting] Tracking not-yet-stable target at 1148,686 (search 16 ms)
2026-07-23 14:24:42 [woodcutting] FindFilledBlock: found at 1148,686 (51x51 0x56FF50 tol=5, 16 ms)
2026-07-23 14:24:42 [woodcutting] Tracking not-yet-stable target at 1148,686 (search 16 ms)
2026-07-23 14:24:42 [woodcutting] FindFilledBlock: found at 1148,686 (51x51 0x56FF50 tol=5, 15 ms)
2026-07-23 14:24:42 [woodcutting] Tracking stable target at 1148,686 (cooldown active, search 15 ms)
2026-07-23 14:24:43 [woodcutting] FindFilledBlock: found at 1148,686 (51x51 0x56FF50 tol=5, 0 ms)
2026-07-23 14:24:43 [woodcutting] Tracking stable target at 1148,686 (cooldown active, search 0 ms)
2026-07-23 14:24:43 [woodcutting] FindFilledBlock: found at 1148,686 (51x51 0x56FF50 tol=5, 16 ms)
2026-07-23 14:24:43 [woodcutting] Tracking stable target at 1148,686 (cooldown active, search 16 ms)
2026-07-23 14:24:43 [woodcutting] FindFilledBlock: found at 1148,686 (51x51 0x56FF50 tol=5, 16 ms)
2026-07-23 14:24:43 [woodcutting] Tracking stable target at 1148,686 (cooldown active, search 16 ms)
2026-07-23 14:24:43 [woodcutting] FindFilledBlock: found at 1148,686 (51x51 0x56FF50 tol=5, 15 ms)
2026-07-23 14:24:43 [woodcutting] Clicked STABLE target at 1148,686 (search 15 ms)
2026-07-23 14:24:43 [woodcutting] ReleasePendingModifiersNow: released Ctrl
2026-07-23 14:24:43 [woodcutting] FindFilledBlock: found at 1186,700 (51x51 0x56FF50 tol=5, 15 ms)
2026-07-23 14:24:43 [woodcutting] Tracking not-yet-stable target at 1186,700 (search 15 ms)
2026-07-23 14:24:44 [woodcutting] FindFilledBlock: found at 1186,700 (51x51 0x56FF50 tol=5, 15 ms)
2026-07-23 14:24:44 [woodcutting] Tracking not-yet-stable target at 1186,700 (search 15 ms)
2026-07-23 14:24:44 [woodcutting] FindFilledBlock: found at 1148,686 (51x51 0x56FF50 tol=5, 16 ms)
2026-07-23 14:24:44 [woodcutting] Tracking not-yet-stable target at 1148,686 (search 16 ms)
2026-07-23 14:24:44 [woodcutting] FindFilledBlock: found at 1148,686 (51x51 0x56FF50 tol=5, 0 ms)
2026-07-23 14:24:44 [woodcutting] Tracking not-yet-stable target at 1148,686 (search 0 ms)
2026-07-23 14:24:44 [woodcutting] FindFilledBlock: found at 1148,686 (51x51 0x56FF50 tol=5, 15 ms)
2026-07-23 14:24:44 [woodcutting] Tracking stable target at 1148,686 (cooldown active, search 15 ms)
2026-07-23 14:24:44 [woodcutting] FindFilledBlock: found at 1148,686 (51x51 0x56FF50 tol=5, 0 ms)
2026-07-23 14:24:44 [woodcutting] Tracking stable target at 1148,686 (cooldown active, search 0 ms)
2026-07-23 14:24:44 [woodcutting] FindFilledBlock: found at 1148,686 (51x51 0x56FF50 tol=5, 15 ms)
2026-07-23 14:24:44 [woodcutting] Tracking stable target at 1148,686 (cooldown active, search 15 ms)
2026-07-23 14:24:45 [woodcutting] FindFilledBlock: found at 1148,686 (51x51 0x56FF50 tol=5, 0 ms)
2026-07-23 14:24:45 [woodcutting] Tracking stable target at 1148,686 (cooldown active, search 16 ms)
2026-07-23 14:24:45 [woodcutting] FindFilledBlock: found at 1148,686 (51x51 0x56FF50 tol=5, 16 ms)
2026-07-23 14:24:45 [woodcutting] Clicked STABLE target at 1148,686 (search 16 ms)
2026-07-23 14:24:45 [woodcutting] ReleasePendingModifiersNow: released Ctrl
2026-07-23 14:24:45 [woodcutting] FindFilledBlock: found at 1186,700 (51x51 0x56FF50 tol=5, 15 ms)
2026-07-23 14:24:45 [woodcutting] Tracking not-yet-stable target at 1186,700 (search 15 ms)
2026-07-23 14:24:45 [woodcutting] FindFilledBlock: found at 1186,700 (51x51 0x56FF50 tol=5, 16 ms)
2026-07-23 14:24:45 [woodcutting] Tracking not-yet-stable target at 1186,700 (search 16 ms)
2026-07-23 14:24:45 [woodcutting] FindFilledBlock: found at 1148,686 (51x51 0x56FF50 tol=5, 0 ms)
2026-07-23 14:24:45 [woodcutting] Tracking not-yet-stable target at 1148,686 (search 0 ms)
2026-07-23 14:24:46 [woodcutting] FindFilledBlock: found at 1148,686 (51x51 0x56FF50 tol=5, 16 ms)
2026-07-23 14:24:46 [woodcutting] Tracking not-yet-stable target at 1148,686 (search 16 ms)
2026-07-23 14:24:46 [woodcutting] FindFilledBlock: found at 1148,686 (51x51 0x56FF50 tol=5, 0 ms)
2026-07-23 14:24:46 [woodcutting] Tracking stable target at 1148,686 (cooldown active, search 16 ms)
2026-07-23 14:24:46 [woodcutting] FindFilledBlock: found at 1148,686 (51x51 0x56FF50 tol=5, 16 ms)
2026-07-23 14:24:46 [woodcutting] Tracking stable target at 1148,686 (cooldown active, search 16 ms)
2026-07-23 14:24:46 [woodcutting] FindFilledBlock: found at 1148,686 (51x51 0x56FF50 tol=5, 0 ms)
2026-07-23 14:24:46 [woodcutting] Tracking stable target at 1148,686 (cooldown active, search 0 ms)
2026-07-23 14:24:46 [woodcutting] FindFilledBlock: found at 1148,686 (51x51 0x56FF50 tol=5, 16 ms)
2026-07-23 14:24:46 [woodcutting] Tracking stable target at 1148,686 (cooldown active, search 16 ms)
2026-07-23 14:24:46 [woodcutting] FindFilledBlock: found at 1148,686 (51x51 0x56FF50 tol=5, 0 ms)
2026-07-23 14:24:46 [woodcutting] Clicked STABLE target at 1148,686 (search 0 ms)
2026-07-23 14:24:47 [woodcutting] ReleasePendingModifiersNow: released Ctrl
2026-07-23 14:24:47 [woodcutting] FindFilledBlock: found at 1186,700 (51x51 0x56FF50 tol=5, 0 ms)
2026-07-23 14:24:47 [woodcutting] Tracking not-yet-stable target at 1186,700 (search 0 ms)
2026-07-23 14:24:47 [woodcutting] FindFilledBlock: found at 1148,686 (51x51 0x56FF50 tol=5, 16 ms)
2026-07-23 14:24:47 [woodcutting] Tracking not-yet-stable target at 1148,686 (search 16 ms)
2026-07-23 14:24:47 [woodcutting] FindFilledBlock: found at 1148,686 (51x51 0x56FF50 tol=5, 0 ms)
2026-07-23 14:24:47 [woodcutting] Tracking not-yet-stable target at 1148,686 (search 0 ms)
2026-07-23 14:24:47 [woodcutting] FindFilledBlock: found at 1148,686 (51x51 0x56FF50 tol=5, 15 ms)
2026-07-23 14:24:47 [woodcutting] Tracking stable target at 1148,686 (cooldown active, search 15 ms)
2026-07-23 14:24:47 [woodcutting] FindFilledBlock: found at 1148,686 (51x51 0x56FF50 tol=5, 15 ms)
2026-07-23 14:24:47 [woodcutting] Tracking stable target at 1148,686 (cooldown active, search 15 ms)
2026-07-23 14:24:48 [woodcutting] FindFilledBlock: found at 1148,686 (51x51 0x56FF50 tol=5, 16 ms)
2026-07-23 14:24:48 [woodcutting] Tracking stable target at 1148,686 (cooldown active, search 16 ms)
2026-07-23 14:24:48 [woodcutting] FindFilledBlock: found at 1148,686 (51x51 0x56FF50 tol=5, 16 ms)
2026-07-23 14:24:48 [woodcutting] Tracking stable target at 1148,686 (cooldown active, search 16 ms)
2026-07-23 14:24:48 [woodcutting] FindFilledBlock: found at 1148,686 (51x51 0x56FF50 tol=5, 16 ms)
2026-07-23 14:24:48 [woodcutting] Tracking stable target at 1148,686 (cooldown active, search 16 ms)
2026-07-23 14:24:48 [woodcutting] FindFilledBlock: found at 1148,686 (51x51 0x56FF50 tol=5, 15 ms)
2026-07-23 14:24:48 [woodcutting] Clicked STABLE target at 1148,686 (search 15 ms)
2026-07-23 14:24:48 [woodcutting] ReleasePendingModifiersNow: released Ctrl
2026-07-23 14:24:48 [woodcutting] FindFilledBlock: found at 1186,700 (51x51 0x56FF50 tol=5, 16 ms)
2026-07-23 14:24:48 [woodcutting] Tracking not-yet-stable target at 1186,700 (search 16 ms)
2026-07-23 14:24:49 [woodcutting] FindFilledBlock: found at 1186,700 (51x51 0x56FF50 tol=5, 0 ms)
2026-07-23 14:24:49 [woodcutting] Tracking not-yet-stable target at 1186,700 (search 0 ms)
2026-07-23 14:24:49 [woodcutting] FindFilledBlock: found at 1148,686 (51x51 0x56FF50 tol=5, 0 ms)
2026-07-23 14:24:49 [woodcutting] Tracking not-yet-stable target at 1148,686 (search 15 ms)
2026-07-23 14:24:49 [woodcutting] FindFilledBlock: found at 1148,686 (51x51 0x56FF50 tol=5, 0 ms)
2026-07-23 14:24:49 [woodcutting] Tracking not-yet-stable target at 1148,686 (search 0 ms)
2026-07-23 14:24:49 [woodcutting] FindFilledBlock: found at 1148,686 (51x51 0x56FF50 tol=5, 0 ms)
2026-07-23 14:24:49 [woodcutting] Tracking stable target at 1148,686 (cooldown active, search 16 ms)
2026-07-23 14:24:49 [woodcutting] FindFilledBlock: found at 1148,686 (51x51 0x56FF50 tol=5, 0 ms)
2026-07-23 14:24:49 [woodcutting] Tracking stable target at 1148,686 (cooldown active, search 0 ms)
2026-07-23 14:24:49 [woodcutting] FindFilledBlock: found at 1148,686 (51x51 0x56FF50 tol=5, 15 ms)
2026-07-23 14:24:49 [woodcutting] Tracking stable target at 1148,686 (cooldown active, search 15 ms)
2026-07-23 14:24:50 [woodcutting] FindFilledBlock: found at 1148,686 (51x51 0x56FF50 tol=5, 15 ms)
2026-07-23 14:24:50 [woodcutting] Tracking stable target at 1148,686 (cooldown active, search 15 ms)
2026-07-23 14:24:50 [woodcutting] FindFilledBlock: found at 1148,686 (51x51 0x56FF50 tol=5, 16 ms)
2026-07-23 14:24:50 [woodcutting] Clicked STABLE target at 1148,686 (search 16 ms)
2026-07-23 14:24:50 [woodcutting] ReleasePendingModifiersNow: released Ctrl
2026-07-23 14:24:50 [woodcutting] FindFilledBlock: found at 1186,700 (51x51 0x56FF50 tol=5, 16 ms)
2026-07-23 14:24:50 [woodcutting] Tracking not-yet-stable target at 1186,700 (search 16 ms)
2026-07-23 14:24:50 [woodcutting] FindFilledBlock: found at 1148,686 (51x51 0x56FF50 tol=5, 16 ms)
2026-07-23 14:24:50 [woodcutting] Tracking not-yet-stable target at 1148,686 (search 16 ms)
2026-07-23 14:24:50 [woodcutting] FindFilledBlock: found at 1148,686 (51x51 0x56FF50 tol=5, 16 ms)
2026-07-23 14:24:50 [woodcutting] Tracking not-yet-stable target at 1148,686 (search 16 ms)
2026-07-23 14:24:51 [woodcutting] FindFilledBlock: found at 1148,686 (51x51 0x56FF50 tol=5, 16 ms)
2026-07-23 14:24:51 [woodcutting] Tracking stable target at 1148,686 (cooldown active, search 16 ms)
2026-07-23 14:24:51 [woodcutting] FindFilledBlock: found at 1148,686 (51x51 0x56FF50 tol=5, 16 ms)
2026-07-23 14:24:51 [woodcutting] Tracking stable target at 1148,686 (cooldown active, search 16 ms)
2026-07-23 14:24:51 [woodcutting] FindFilledBlock: found at 1148,686 (51x51 0x56FF50 tol=5, 15 ms)
2026-07-23 14:24:51 [woodcutting] Tracking stable target at 1148,686 (cooldown active, search 15 ms)
2026-07-23 14:24:51 [woodcutting] FindFilledBlock: found at 1148,686 (51x51 0x56FF50 tol=5, 16 ms)
2026-07-23 14:24:51 [woodcutting] Tracking stable target at 1148,686 (cooldown active, search 16 ms)
2026-07-23 14:24:51 [woodcutting] FindFilledBlock: found at 1148,686 (51x51 0x56FF50 tol=5, 15 ms)
2026-07-23 14:24:51 [woodcutting] Tracking stable target at 1148,686 (cooldown active, search 15 ms)
2026-07-23 14:24:51 [woodcutting] FindFilledBlock: found at 1148,686 (51x51 0x56FF50 tol=5, 15 ms)
2026-07-23 14:24:52 [woodcutting] Clicked STABLE target at 1148,686 (search 15 ms)
2026-07-23 14:24:52 [woodcutting] ReleasePendingModifiersNow: released Ctrl
2026-07-23 14:24:52 [woodcutting] FindFilledBlock: found at 1186,700 (51x51 0x56FF50 tol=5, 16 ms)
2026-07-23 14:24:52 [woodcutting] Tracking not-yet-stable target at 1186,700 (search 16 ms)
2026-07-23 14:24:52 [woodcutting] FindFilledBlock: found at 1186,700 (51x51 0x56FF50 tol=5, 16 ms)
2026-07-23 14:24:52 [woodcutting] Tracking not-yet-stable target at 1186,700 (search 16 ms)
2026-07-23 14:24:52 [woodcutting] FindFilledBlock: found at 1148,686 (51x51 0x56FF50 tol=5, 16 ms)
2026-07-23 14:24:52 [woodcutting] Tracking not-yet-stable target at 1148,686 (search 16 ms)
2026-07-23 14:24:52 [woodcutting] FindFilledBlock: found at 1148,686 (51x51 0x56FF50 tol=5, 16 ms)
2026-07-23 14:24:52 [woodcutting] Tracking not-yet-stable target at 1148,686 (search 16 ms)
2026-07-23 14:24:52 [woodcutting] FindFilledBlock: found at 1148,686 (51x51 0x56FF50 tol=5, 16 ms)
2026-07-23 14:24:52 [woodcutting] Tracking stable target at 1148,686 (cooldown active, search 16 ms)
2026-07-23 14:24:53 [woodcutting] FindFilledBlock: found at 1148,686 (51x51 0x56FF50 tol=5, 16 ms)
2026-07-23 14:24:53 [woodcutting] Tracking stable target at 1148,686 (cooldown active, search 16 ms)
2026-07-23 14:24:53 [woodcutting] FindFilledBlock: found at 1148,686 (51x51 0x56FF50 tol=5, 15 ms)
2026-07-23 14:24:53 [woodcutting] Tracking stable target at 1148,686 (cooldown active, search 15 ms)
2026-07-23 14:24:53 [woodcutting] FindFilledBlock: found at 1148,686 (51x51 0x56FF50 tol=5, 0 ms)
2026-07-23 14:24:53 [woodcutting] Tracking stable target at 1148,686 (cooldown active, search 0 ms)
2026-07-23 14:24:53 [woodcutting] FindFilledBlock: found at 1148,686 (51x51 0x56FF50 tol=5, 16 ms)
2026-07-23 14:24:53 [woodcutting] Clicked STABLE target at 1148,686 (search 16 ms)
2026-07-23 14:24:53 [woodcutting] ReleasePendingModifiersNow: released Ctrl
2026-07-23 14:24:53 [woodcutting] FindFilledBlock: found at 1186,700 (51x51 0x56FF50 tol=5, 15 ms)
2026-07-23 14:24:53 [woodcutting] Tracking not-yet-stable target at 1186,700 (search 15 ms)
2026-07-23 14:24:54 [woodcutting] FindFilledBlock: found at 1186,700 (51x51 0x56FF50 tol=5, 15 ms)
2026-07-23 14:24:54 [woodcutting] Tracking not-yet-stable target at 1186,700 (search 15 ms)
2026-07-23 14:24:54 [woodcutting] FindFilledBlock: found at 1148,686 (51x51 0x56FF50 tol=5, 16 ms)
2026-07-23 14:24:54 [woodcutting] Tracking not-yet-stable target at 1148,686 (search 16 ms)
2026-07-23 14:24:54 [woodcutting] FindFilledBlock: found at 1148,686 (51x51 0x56FF50 tol=5, 16 ms)
2026-07-23 14:24:54 [woodcutting] Tracking not-yet-stable target at 1148,686 (search 16 ms)
2026-07-23 14:24:54 [woodcutting] FindFilledBlock: found at 1148,686 (51x51 0x56FF50 tol=5, 15 ms)
2026-07-23 14:24:54 [woodcutting] Tracking stable target at 1148,686 (cooldown active, search 15 ms)
2026-07-23 14:24:54 [woodcutting] FindFilledBlock: found at 1148,686 (51x51 0x56FF50 tol=5, 16 ms)
2026-07-23 14:24:54 [woodcutting] Tracking stable target at 1148,686 (cooldown active, search 16 ms)
2026-07-23 14:24:54 [woodcutting] FindFilledBlock: found at 1148,686 (51x51 0x56FF50 tol=5, 15 ms)
2026-07-23 14:24:54 [woodcutting] Tracking stable target at 1148,686 (cooldown active, search 15 ms)
2026-07-23 14:24:55 [woodcutting] FindFilledBlock: found at 1148,686 (51x51 0x56FF50 tol=5, 16 ms)
2026-07-23 14:24:55 [woodcutting] Tracking stable target at 1148,686 (cooldown active, search 16 ms)
2026-07-23 14:24:55 [woodcutting] FindFilledBlock: found at 1148,686 (51x51 0x56FF50 tol=5, 15 ms)
2026-07-23 14:24:55 [woodcutting] Tracking stable target at 1148,686 (cooldown active, search 15 ms)
2026-07-23 14:24:55 [woodcutting] FindFilledBlock: found at 1148,686 (51x51 0x56FF50 tol=5, 15 ms)
2026-07-23 14:24:55 [woodcutting] Clicked STABLE target at 1148,686 (search 15 ms)
2026-07-23 14:24:55 [woodcutting] ReleasePendingModifiersNow: released Ctrl
2026-07-23 14:24:55 [woodcutting] FindFilledBlock: found at 1186,700 (51x51 0x56FF50 tol=5, 15 ms)
2026-07-23 14:24:55 [woodcutting] Tracking not-yet-stable target at 1186,700 (search 15 ms)
2026-07-23 14:24:55 [woodcutting] FindFilledBlock: found at 1186,700 (51x51 0x56FF50 tol=5, 16 ms)
2026-07-23 14:24:55 [woodcutting] Tracking not-yet-stable target at 1186,700 (search 16 ms)
2026-07-23 14:24:56 [woodcutting] FindFilledBlock: found at 1148,686 (51x51 0x56FF50 tol=5, 16 ms)
2026-07-23 14:24:56 [woodcutting] Tracking not-yet-stable target at 1148,686 (search 16 ms)
2026-07-23 14:24:56 [woodcutting] FindFilledBlock: found at 1148,686 (51x51 0x56FF50 tol=5, 15 ms)
2026-07-23 14:24:56 [woodcutting] Tracking not-yet-stable target at 1148,686 (search 15 ms)
2026-07-23 14:24:56 [woodcutting] FindFilledBlock: found at 1148,686 (51x51 0x56FF50 tol=5, 16 ms)
2026-07-23 14:24:56 [woodcutting] Tracking stable target at 1148,686 (cooldown active, search 16 ms)
2026-07-23 14:24:56 [woodcutting] FindFilledBlock: found at 1148,686 (51x51 0x56FF50 tol=5, 16 ms)
2026-07-23 14:24:56 [woodcutting] Tracking stable target at 1148,686 (cooldown active, search 16 ms)
2026-07-23 14:24:56 [woodcutting] FindFilledBlock: found at 1148,686 (51x51 0x56FF50 tol=5, 15 ms)
2026-07-23 14:24:56 [woodcutting] Tracking stable target at 1148,686 (cooldown active, search 15 ms)
2026-07-23 14:24:56 [woodcutting] FindFilledBlock: found at 1148,686 (51x51 0x56FF50 tol=5, 16 ms)
2026-07-23 14:24:56 [woodcutting] Tracking stable target at 1148,686 (cooldown active, search 16 ms)
2026-07-23 14:24:56 [woodcutting] FindFilledBlock: found at 1148,686 (51x51 0x56FF50 tol=5, 16 ms)
2026-07-23 14:24:56 [woodcutting] Tracking stable target at 1148,686 (cooldown active, search 16 ms)
2026-07-23 14:24:57 [woodcutting] FindFilledBlock: found at 1148,686 (51x51 0x56FF50 tol=5, 16 ms)
2026-07-23 14:24:57 [woodcutting] Clicked STABLE target at 1148,686 (search 16 ms)
2026-07-23 14:24:57 [woodcutting] ReleasePendingModifiersNow: released Ctrl
2026-07-23 14:24:57 [woodcutting] FindFilledBlock: found at 1186,700 (51x51 0x56FF50 tol=5, 16 ms)
2026-07-23 14:24:57 [woodcutting] Tracking not-yet-stable target at 1186,700 (search 16 ms)
2026-07-23 14:24:57 [woodcutting] FindFilledBlock: found at 1186,700 (51x51 0x56FF50 tol=5, 15 ms)
2026-07-23 14:24:57 [woodcutting] Tracking not-yet-stable target at 1186,700 (search 15 ms)
2026-07-23 14:24:57 [woodcutting] FindFilledBlock: found at 1148,686 (51x51 0x56FF50 tol=5, 0 ms)
2026-07-23 14:24:57 [woodcutting] Tracking not-yet-stable target at 1148,686 (search 0 ms)
2026-07-23 14:24:57 [woodcutting] FindFilledBlock: found at 1148,686 (51x51 0x56FF50 tol=5, 16 ms)
2026-07-23 14:24:57 [woodcutting] Tracking not-yet-stable target at 1148,686 (search 16 ms)
2026-07-23 14:24:58 [woodcutting] FindFilledBlock: found at 1148,686 (51x51 0x56FF50 tol=5, 0 ms)
2026-07-23 14:24:58 [woodcutting] Tracking stable target at 1148,686 (cooldown active, search 0 ms)
2026-07-23 14:24:58 [woodcutting] FindFilledBlock: found at 1148,686 (51x51 0x56FF50 tol=5, 16 ms)
2026-07-23 14:24:58 [woodcutting] Tracking stable target at 1148,686 (cooldown active, search 16 ms)
2026-07-23 14:24:58 [woodcutting] FindFilledBlock: found at 1148,686 (51x51 0x56FF50 tol=5, 16 ms)
2026-07-23 14:24:58 [woodcutting] Tracking stable target at 1148,686 (cooldown active, search 16 ms)
2026-07-23 14:24:58 [woodcutting] FindFilledBlock: found at 1148,686 (51x51 0x56FF50 tol=5, 16 ms)
2026-07-23 14:24:58 [woodcutting] Tracking stable target at 1148,686 (cooldown active, search 16 ms)
2026-07-23 14:24:58 [woodcutting] FindFilledBlock: found at 1148,686 (51x51 0x56FF50 tol=5, 15 ms)
2026-07-23 14:24:58 [woodcutting] Clicked STABLE target at 1148,686 (search 15 ms)
2026-07-23 14:24:59 [woodcutting] ReleasePendingModifiersNow: released Ctrl
2026-07-23 14:24:59 [woodcutting] FindFilledBlock: found at 1186,700 (51x51 0x56FF50 tol=5, 16 ms)
2026-07-23 14:24:59 [woodcutting] Tracking not-yet-stable target at 1186,700 (search 16 ms)
2026-07-23 14:24:59 [woodcutting] FindFilledBlock: found at 1186,700 (51x51 0x56FF50 tol=5, 16 ms)
2026-07-23 14:24:59 [woodcutting] Tracking not-yet-stable target at 1186,700 (search 16 ms)
2026-07-23 14:24:59 [woodcutting] FindFilledBlock: found at 1148,686 (51x51 0x56FF50 tol=5, 16 ms)
2026-07-23 14:24:59 [woodcutting] Tracking not-yet-stable target at 1148,686 (search 16 ms)
2026-07-23 14:24:59 [woodcutting] FindFilledBlock: found at 1148,686 (51x51 0x56FF50 tol=5, 16 ms)
2026-07-23 14:24:59 [woodcutting] Tracking not-yet-stable target at 1148,686 (search 16 ms)
2026-07-23 14:24:59 [woodcutting] FindFilledBlock: found at 1148,686 (51x51 0x56FF50 tol=5, 15 ms)
2026-07-23 14:24:59 [woodcutting] Tracking stable target at 1148,686 (cooldown active, search 15 ms)
2026-07-23 14:24:59 [woodcutting] FindFilledBlock: found at 1148,686 (51x51 0x56FF50 tol=5, 16 ms)
2026-07-23 14:24:59 [woodcutting] Tracking stable target at 1148,686 (cooldown active, search 16 ms)
2026-07-23 14:25:00 [woodcutting] FindFilledBlock: found at 1148,686 (51x51 0x56FF50 tol=5, 16 ms)
2026-07-23 14:25:00 [woodcutting] Tracking stable target at 1148,686 (cooldown active, search 16 ms)
2026-07-23 14:25:00 [woodcutting] FindFilledBlock: found at 1148,686 (51x51 0x56FF50 tol=5, 16 ms)
2026-07-23 14:25:00 [woodcutting] Tracking stable target at 1148,686 (cooldown active, search 16 ms)
2026-07-23 14:25:00 [woodcutting] FindFilledBlock: found at 1148,686 (51x51 0x56FF50 tol=5, 16 ms)
2026-07-23 14:25:00 [woodcutting] Clicked STABLE target at 1148,686 (search 16 ms)
2026-07-23 14:25:00 [woodcutting] ReleasePendingModifiersNow: released Ctrl
2026-07-23 14:25:00 [woodcutting] FindFilledBlock: found at 1186,700 (51x51 0x56FF50 tol=5, 16 ms)
2026-07-23 14:25:00 [woodcutting] Tracking not-yet-stable target at 1186,700 (search 16 ms)
2026-07-23 14:25:01 [woodcutting] FindFilledBlock: found at 1148,686 (51x51 0x56FF50 tol=5, 16 ms)
2026-07-23 14:25:01 [woodcutting] Tracking not-yet-stable target at 1148,686 (search 16 ms)
2026-07-23 14:25:01 [woodcutting] FindFilledBlock: found at 1148,686 (51x51 0x56FF50 tol=5, 16 ms)
2026-07-23 14:25:01 [woodcutting] Tracking not-yet-stable target at 1148,686 (search 16 ms)
2026-07-23 14:25:01 [woodcutting] FindFilledBlock: found at 1148,686 (51x51 0x56FF50 tol=5, 15 ms)
2026-07-23 14:25:01 [woodcutting] Tracking stable target at 1148,686 (cooldown active, search 15 ms)
2026-07-23 14:25:01 [woodcutting] FindFilledBlock: found at 1148,686 (51x51 0x56FF50 tol=5, 16 ms)
2026-07-23 14:25:01 [woodcutting] Tracking stable target at 1148,686 (cooldown active, search 16 ms)
2026-07-23 14:25:01 [woodcutting] FindFilledBlock: found at 1148,686 (51x51 0x56FF50 tol=5, 0 ms)
2026-07-23 14:25:01 [woodcutting] Tracking stable target at 1148,686 (cooldown active, search 0 ms)
2026-07-23 14:25:01 [woodcutting] FindFilledBlock: found at 1148,686 (51x51 0x56FF50 tol=5, 0 ms)
2026-07-23 14:25:01 [woodcutting] Tracking stable target at 1148,686 (cooldown active, search 0 ms)
2026-07-23 14:25:02 [woodcutting] FindFilledBlock: found at 1148,686 (51x51 0x56FF50 tol=5, 15 ms)
2026-07-23 14:25:02 [woodcutting] Tracking stable target at 1148,686 (cooldown active, search 15 ms)
2026-07-23 14:25:02 [woodcutting] FindFilledBlock: found at 1148,686 (51x51 0x56FF50 tol=5, 0 ms)
2026-07-23 14:25:02 [woodcutting] Clicked STABLE target at 1148,686 (search 0 ms)
2026-07-23 14:25:02 [woodcutting] ReleasePendingModifiersNow: released Ctrl
2026-07-23 14:25:02 [woodcutting] FindFilledBlock: found at 1186,700 (51x51 0x56FF50 tol=5, 15 ms)
2026-07-23 14:25:02 [woodcutting] Tracking not-yet-stable target at 1186,700 (search 15 ms)
2026-07-23 14:25:02 [woodcutting] FindFilledBlock: found at 1186,700 (51x51 0x56FF50 tol=5, 0 ms)
2026-07-23 14:25:02 [woodcutting] Tracking not-yet-stable target at 1186,700 (search 0 ms)
2026-07-23 14:25:02 [woodcutting] FindFilledBlock: found at 1148,686 (51x51 0x56FF50 tol=5, 15 ms)
2026-07-23 14:25:02 [woodcutting] Tracking not-yet-stable target at 1148,686 (search 15 ms)
2026-07-23 14:25:03 [woodcutting] FindFilledBlock: found at 1148,686 (51x51 0x56FF50 tol=5, 16 ms)
2026-07-23 14:25:03 [woodcutting] Tracking not-yet-stable target at 1148,686 (search 16 ms)
2026-07-23 14:25:03 [woodcutting] FindFilledBlock: found at 1148,686 (51x51 0x56FF50 tol=5, 16 ms)
2026-07-23 14:25:03 [woodcutting] Tracking stable target at 1148,686 (cooldown active, search 16 ms)
2026-07-23 14:25:03 [woodcutting] FindFilledBlock: found at 1148,686 (51x51 0x56FF50 tol=5, 0 ms)
2026-07-23 14:25:03 [woodcutting] Tracking stable target at 1148,686 (cooldown active, search 0 ms)
2026-07-23 14:25:03 [woodcutting] FindFilledBlock: found at 1148,686 (51x51 0x56FF50 tol=5, 15 ms)
2026-07-23 14:25:03 [woodcutting] Tracking stable target at 1148,686 (cooldown active, search 15 ms)
2026-07-23 14:25:03 [woodcutting] FindFilledBlock: found at 1148,686 (51x51 0x56FF50 tol=5, 0 ms)
2026-07-23 14:25:03 [woodcutting] Tracking stable target at 1148,686 (cooldown active, search 0 ms)
2026-07-23 14:25:03 [woodcutting] FindFilledBlock: found at 1148,686 (51x51 0x56FF50 tol=5, 16 ms)
2026-07-23 14:25:03 [woodcutting] Clicked STABLE target at 1148,686 (search 16 ms)
2026-07-23 14:25:04 [woodcutting] ReleasePendingModifiersNow: released Ctrl
2026-07-23 14:25:04 [woodcutting] FindFilledBlock: found at 1186,700 (51x51 0x56FF50 tol=5, 15 ms)
2026-07-23 14:25:04 [woodcutting] Tracking not-yet-stable target at 1186,700 (search 15 ms)
2026-07-23 14:25:04 [woodcutting] FindFilledBlock: found at 1186,700 (51x51 0x56FF50 tol=5, 16 ms)
2026-07-23 14:25:04 [woodcutting] Tracking not-yet-stable target at 1186,700 (search 16 ms)
2026-07-23 14:25:04 [woodcutting] FindFilledBlock: found at 1148,686 (51x51 0x56FF50 tol=5, 16 ms)
2026-07-23 14:25:04 [woodcutting] Tracking not-yet-stable target at 1148,686 (search 16 ms)
2026-07-23 14:25:04 [woodcutting] FindFilledBlock: found at 1148,686 (51x51 0x56FF50 tol=5, 16 ms)
2026-07-23 14:25:04 [woodcutting] Tracking not-yet-stable target at 1148,686 (search 16 ms)
2026-07-23 14:25:04 [woodcutting] FindFilledBlock: found at 1148,686 (51x51 0x56FF50 tol=5, 16 ms)
2026-07-23 14:25:04 [woodcutting] Tracking stable target at 1148,686 (cooldown active, search 16 ms)
2026-07-23 14:25:05 [woodcutting] FindFilledBlock: found at 1148,686 (51x51 0x56FF50 tol=5, 16 ms)
2026-07-23 14:25:05 [woodcutting] Tracking stable target at 1148,686 (cooldown active, search 16 ms)
2026-07-23 14:25:05 [woodcutting] FindFilledBlock: found at 1148,686 (51x51 0x56FF50 tol=5, 16 ms)
2026-07-23 14:25:05 [woodcutting] Tracking stable target at 1148,686 (cooldown active, search 16 ms)
2026-07-23 14:25:05 [woodcutting] FindFilledBlock: found at 1148,686 (51x51 0x56FF50 tol=5, 16 ms)
2026-07-23 14:25:05 [woodcutting] Tracking stable target at 1148,686 (cooldown active, search 16 ms)
2026-07-23 14:25:05 [woodcutting] FindFilledBlock: found at 1148,686 (51x51 0x56FF50 tol=5, 16 ms)
2026-07-23 14:25:05 [woodcutting] Clicked STABLE target at 1148,686 (search 16 ms)
2026-07-23 14:25:05 [woodcutting] ReleasePendingModifiersNow: released Ctrl
2026-07-23 14:25:05 [woodcutting] FindFilledBlock: found at 1186,700 (51x51 0x56FF50 tol=5, 15 ms)
2026-07-23 14:25:05 [woodcutting] Tracking not-yet-stable target at 1186,700 (search 15 ms)
2026-07-23 14:25:06 [woodcutting] FindFilledBlock: found at 1186,700 (51x51 0x56FF50 tol=5, 16 ms)
2026-07-23 14:25:06 [woodcutting] Tracking not-yet-stable target at 1186,700 (search 16 ms)
2026-07-23 14:25:06 [woodcutting] FindFilledBlock: found at 1148,686 (51x51 0x56FF50 tol=5, 0 ms)
2026-07-23 14:25:06 [woodcutting] Tracking not-yet-stable target at 1148,686 (search 0 ms)
2026-07-23 14:25:06 [woodcutting] FindFilledBlock: found at 1148,686 (51x51 0x56FF50 tol=5, 16 ms)
2026-07-23 14:25:06 [woodcutting] Tracking not-yet-stable target at 1148,686 (search 16 ms)
2026-07-23 14:25:06 [woodcutting] FindFilledBlock: found at 1148,686 (51x51 0x56FF50 tol=5, 16 ms)
2026-07-23 14:25:06 [woodcutting] Tracking stable target at 1148,686 (cooldown active, search 16 ms)
2026-07-23 14:25:06 [woodcutting] FindFilledBlock: found at 1148,686 (51x51 0x56FF50 tol=5, 16 ms)
2026-07-23 14:25:06 [woodcutting] Tracking stable target at 1148,686 (cooldown active, search 16 ms)
2026-07-23 14:25:06 [woodcutting] FindFilledBlock: found at 1148,686 (51x51 0x56FF50 tol=5, 16 ms)
2026-07-23 14:25:06 [woodcutting] Tracking stable target at 1148,686 (cooldown active, search 16 ms)
2026-07-23 14:25:07 [woodcutting] FindFilledBlock: found at 1148,686 (51x51 0x56FF50 tol=5, 15 ms)
2026-07-23 14:25:07 [woodcutting] Tracking stable target at 1148,686 (cooldown active, search 15 ms)
2026-07-23 14:25:07 [woodcutting] FindFilledBlock: found at 1148,686 (51x51 0x56FF50 tol=5, 16 ms)
2026-07-23 14:25:07 [woodcutting] Clicked STABLE target at 1148,686 (search 16 ms)
2026-07-23 14:25:07 [woodcutting] ReleasePendingModifiersNow: released Ctrl
2026-07-23 14:25:07 [woodcutting] FindFilledBlock: found at 1186,700 (51x51 0x56FF50 tol=5, 16 ms)
2026-07-23 14:25:07 [woodcutting] Tracking not-yet-stable target at 1186,700 (search 16 ms)
2026-07-23 14:25:07 [woodcutting] FindFilledBlock: found at 1186,700 (51x51 0x56FF50 tol=5, 16 ms)
2026-07-23 14:25:07 [woodcutting] Tracking not-yet-stable target at 1186,700 (search 16 ms)
2026-07-23 14:25:07 [woodcutting] FindFilledBlock: found at 1148,686 (51x51 0x56FF50 tol=5, 0 ms)
2026-07-23 14:25:07 [woodcutting] Tracking not-yet-stable target at 1148,686 (search 0 ms)
2026-07-23 14:25:08 [woodcutting] FindFilledBlock: found at 1148,686 (51x51 0x56FF50 tol=5, 15 ms)
2026-07-23 14:25:08 [woodcutting] Tracking not-yet-stable target at 1148,686 (search 15 ms)
2026-07-23 14:25:08 [woodcutting] FindFilledBlock: found at 1148,686 (51x51 0x56FF50 tol=5, 0 ms)
2026-07-23 14:25:08 [woodcutting] Tracking stable target at 1148,686 (cooldown active, search 0 ms)
2026-07-23 14:25:08 [woodcutting] FindFilledBlock: found at 1148,686 (51x51 0x56FF50 tol=5, 16 ms)
2026-07-23 14:25:08 [woodcutting] Tracking stable target at 1148,686 (cooldown active, search 16 ms)
2026-07-23 14:25:08 [woodcutting] FindFilledBlock: found at 1148,686 (51x51 0x56FF50 tol=5, 0 ms)
2026-07-23 14:25:08 [woodcutting] Tracking stable target at 1148,686 (cooldown active, search 0 ms)
2026-07-23 14:25:08 [woodcutting] FindFilledBlock: found at 1148,686 (51x51 0x56FF50 tol=5, 15 ms)
2026-07-23 14:25:08 [woodcutting] Tracking stable target at 1148,686 (cooldown active, search 15 ms)
2026-07-23 14:25:08 [woodcutting] FindFilledBlock: found at 1148,686 (51x51 0x56FF50 tol=5, 0 ms)
2026-07-23 14:25:08 [woodcutting] Clicked STABLE target at 1148,686 (search 0 ms)
2026-07-23 14:25:09 [woodcutting] ReleasePendingModifiersNow: released Ctrl
2026-07-23 14:25:09 [woodcutting] FindFilledBlock: found at 1186,700 (51x51 0x56FF50 tol=5, 15 ms)
2026-07-23 14:25:09 [woodcutting] Tracking not-yet-stable target at 1186,700 (search 15 ms)
2026-07-23 14:25:09 [woodcutting] FindFilledBlock: found at 1186,700 (51x51 0x56FF50 tol=5, 15 ms)
2026-07-23 14:25:09 [woodcutting] Tracking not-yet-stable target at 1186,700 (search 15 ms)
2026-07-23 14:25:09 [woodcutting] FindFilledBlock: found at 1148,686 (51x51 0x56FF50 tol=5, 0 ms)
2026-07-23 14:25:09 [woodcutting] Tracking not-yet-stable target at 1148,686 (search 0 ms)
2026-07-23 14:25:09 [woodcutting] FindFilledBlock: found at 1148,686 (51x51 0x56FF50 tol=5, 0 ms)
2026-07-23 14:25:09 [woodcutting] Tracking not-yet-stable target at 1148,686 (search 16 ms)
2026-07-23 14:25:09 [woodcutting] FindFilledBlock: found at 1148,686 (51x51 0x56FF50 tol=5, 0 ms)
2026-07-23 14:25:09 [woodcutting] Tracking stable target at 1148,686 (cooldown active, search 0 ms)
2026-07-23 14:25:09 [woodcutting] FindFilledBlock: found at 1148,686 (51x51 0x56FF50 tol=5, 0 ms)
2026-07-23 14:25:09 [woodcutting] Tracking stable target at 1148,686 (cooldown active, search 0 ms)
2026-07-23 14:25:10 [woodcutting] FindFilledBlock: found at 1148,686 (51x51 0x56FF50 tol=5, 16 ms)
2026-07-23 14:25:10 [woodcutting] Tracking stable target at 1148,686 (cooldown active, search 16 ms)
2026-07-23 14:25:10 [woodcutting] FindFilledBlock: found at 1148,686 (51x51 0x56FF50 tol=5, 16 ms)
2026-07-23 14:25:10 [woodcutting] Tracking stable target at 1148,686 (cooldown active, search 16 ms)
2026-07-23 14:25:10 [woodcutting] FindFilledBlock: found at 1148,686 (51x51 0x56FF50 tol=5, 0 ms)
2026-07-23 14:25:10 [woodcutting] Clicked STABLE target at 1148,686 (search 15 ms)
2026-07-23 14:25:10 [woodcutting] ReleasePendingModifiersNow: released Ctrl
2026-07-23 14:25:10 [woodcutting] FindFilledBlock: found at 1186,700 (51x51 0x56FF50 tol=5, 15 ms)
2026-07-23 14:25:10 [woodcutting] Tracking not-yet-stable target at 1186,700 (search 15 ms)
2026-07-23 14:25:11 [woodcutting] FindFilledBlock: found at 1186,700 (51x51 0x56FF50 tol=5, 16 ms)
2026-07-23 14:25:11 [woodcutting] Tracking not-yet-stable target at 1186,700 (search 16 ms)
2026-07-23 14:25:11 [woodcutting] FindFilledBlock: found at 1148,686 (51x51 0x56FF50 tol=5, 16 ms)
2026-07-23 14:25:11 [woodcutting] Tracking not-yet-stable target at 1148,686 (search 16 ms)
2026-07-23 14:25:11 [woodcutting] FindFilledBlock: found at 1148,686 (51x51 0x56FF50 tol=5, 15 ms)
2026-07-23 14:25:11 [woodcutting] Tracking not-yet-stable target at 1148,686 (search 15 ms)
2026-07-23 14:25:11 [woodcutting] FindFilledBlock: found at 1148,686 (51x51 0x56FF50 tol=5, 15 ms)
2026-07-23 14:25:11 [woodcutting] Tracking stable target at 1148,686 (cooldown active, search 15 ms)
2026-07-23 14:25:11 [woodcutting] FindFilledBlock: found at 1148,686 (51x51 0x56FF50 tol=5, 15 ms)
2026-07-23 14:25:11 [woodcutting] Tracking stable target at 1148,686 (cooldown active, search 15 ms)
2026-07-23 14:25:11 [woodcutting] FindFilledBlock: found at 1148,686 (51x51 0x56FF50 tol=5, 0 ms)
2026-07-23 14:25:11 [woodcutting] Tracking stable target at 1148,686 (cooldown active, search 0 ms)
2026-07-23 14:25:12 [woodcutting] FindFilledBlock: found at 1148,686 (51x51 0x56FF50 tol=5, 16 ms)
2026-07-23 14:25:12 [woodcutting] Tracking stable target at 1148,686 (cooldown active, search 16 ms)
2026-07-23 14:25:12 [woodcutting] FindFilledBlock: found at 1148,686 (51x51 0x56FF50 tol=5, 16 ms)
2026-07-23 14:25:12 [woodcutting] Clicked STABLE target at 1148,686 (search 16 ms)
2026-07-23 14:25:12 [woodcutting] ReleasePendingModifiersNow: released Ctrl
2026-07-23 14:25:12 [woodcutting] FindFilledBlock: found at 1186,700 (51x51 0x56FF50 tol=5, 16 ms)
2026-07-23 14:25:12 [woodcutting] Tracking not-yet-stable target at 1186,700 (search 16 ms)
2026-07-23 14:25:12 [woodcutting] FindFilledBlock: found at 1186,700 (51x51 0x56FF50 tol=5, 15 ms)
2026-07-23 14:25:12 [woodcutting] Tracking not-yet-stable target at 1186,700 (search 15 ms)
2026-07-23 14:25:12 [woodcutting] FindFilledBlock: found at 1148,686 (51x51 0x56FF50 tol=5, 15 ms)
2026-07-23 14:25:12 [woodcutting] Tracking not-yet-stable target at 1148,686 (search 15 ms)
2026-07-23 14:25:13 [woodcutting] FindFilledBlock: found at 1148,686 (51x51 0x56FF50 tol=5, 16 ms)
2026-07-23 14:25:13 [woodcutting] Tracking not-yet-stable target at 1148,686 (search 16 ms)
2026-07-23 14:25:13 [woodcutting] FindFilledBlock: found at 1148,686 (51x51 0x56FF50 tol=5, 16 ms)
2026-07-23 14:25:13 [woodcutting] Tracking stable target at 1148,686 (cooldown active, search 16 ms)
2026-07-23 14:25:13 [woodcutting] FindFilledBlock: found at 1148,686 (51x51 0x56FF50 tol=5, 15 ms)
2026-07-23 14:25:13 [woodcutting] Tracking stable target at 1148,686 (cooldown active, search 15 ms)
2026-07-23 14:25:13 [woodcutting] FindFilledBlock: found at 1148,686 (51x51 0x56FF50 tol=5, 15 ms)
2026-07-23 14:25:13 [woodcutting] Tracking stable target at 1148,686 (cooldown active, search 15 ms)
2026-07-23 14:25:13 [woodcutting] FindFilledBlock: found at 1148,686 (51x51 0x56FF50 tol=5, 16 ms)
2026-07-23 14:25:13 [woodcutting] Tracking stable target at 1148,686 (cooldown active, search 16 ms)
2026-07-23 14:25:13 [woodcutting] FindFilledBlock: found at 1148,686 (51x51 0x56FF50 tol=5, 16 ms)
2026-07-23 14:25:13 [woodcutting] Clicked STABLE target at 1148,686 (search 16 ms)
2026-07-23 14:25:13 [woodcutting] ReleasePendingModifiersNow: released Ctrl
2026-07-23 14:25:14 [woodcutting] FindFilledBlock: found at 1186,700 (51x51 0x56FF50 tol=5, 15 ms)
2026-07-23 14:25:14 [woodcutting] Tracking not-yet-stable target at 1186,700 (search 15 ms)
2026-07-23 14:25:14 [woodcutting] FindFilledBlock: found at 1186,700 (51x51 0x56FF50 tol=5, 16 ms)
2026-07-23 14:25:14 [woodcutting] Tracking not-yet-stable target at 1186,700 (search 16 ms)
2026-07-23 14:25:14 [woodcutting] FindFilledBlock: found at 1148,686 (51x51 0x56FF50 tol=5, 16 ms)
2026-07-23 14:25:14 [woodcutting] Tracking not-yet-stable target at 1148,686 (search 16 ms)
2026-07-23 14:25:14 [woodcutting] FindFilledBlock: found at 1148,686 (51x51 0x56FF50 tol=5, 16 ms)
2026-07-23 14:25:14 [woodcutting] Tracking not-yet-stable target at 1148,686 (search 16 ms)
2026-07-23 14:25:14 [woodcutting] FindFilledBlock: found at 1148,686 (51x51 0x56FF50 tol=5, 15 ms)
2026-07-23 14:25:14 [woodcutting] Tracking stable target at 1148,686 (cooldown active, search 15 ms)
2026-07-23 14:25:14 [woodcutting] FindFilledBlock: found at 1148,686 (51x51 0x56FF50 tol=5, 16 ms)
2026-07-23 14:25:14 [woodcutting] Tracking stable target at 1148,686 (cooldown active, search 16 ms)
2026-07-23 14:25:15 [woodcutting] FindFilledBlock: found at 1148,686 (51x51 0x56FF50 tol=5, 16 ms)
2026-07-23 14:25:15 [woodcutting] Tracking stable target at 1148,686 (cooldown active, search 16 ms)
2026-07-23 14:25:15 [woodcutting] FindFilledBlock: found at 1148,686 (51x51 0x56FF50 tol=5, 16 ms)
2026-07-23 14:25:15 [woodcutting] Tracking stable target at 1148,686 (cooldown active, search 16 ms)
2026-07-23 14:25:15 [woodcutting] FindFilledBlock: found at 1148,686 (51x51 0x56FF50 tol=5, 15 ms)
2026-07-23 14:25:15 [woodcutting] Tracking stable target at 1148,686 (cooldown active, search 15 ms)
2026-07-23 14:25:15 [woodcutting] FindFilledBlock: found at 1148,686 (51x51 0x56FF50 tol=5, 16 ms)
2026-07-23 14:25:15 [woodcutting] Clicked STABLE target at 1148,686 (search 16 ms)
2026-07-23 14:25:15 [woodcutting] ReleasePendingModifiersNow: released Ctrl
2026-07-23 14:25:15 [woodcutting] FindFilledBlock: found at 1186,700 (51x51 0x56FF50 tol=5, 16 ms)
2026-07-23 14:25:15 [woodcutting] Tracking not-yet-stable target at 1186,700 (search 16 ms)
2026-07-23 14:25:16 [woodcutting] FindFilledBlock: found at 1186,700 (51x51 0x56FF50 tol=5, 15 ms)
2026-07-23 14:25:16 [woodcutting] Tracking not-yet-stable target at 1186,700 (search 15 ms)
2026-07-23 14:25:16 [woodcutting] FindFilledBlock: found at 1148,686 (51x51 0x56FF50 tol=5, 15 ms)
2026-07-23 14:25:16 [woodcutting] Tracking not-yet-stable target at 1148,686 (search 15 ms)
2026-07-23 14:25:16 [woodcutting] FindFilledBlock: found at 1148,686 (51x51 0x56FF50 tol=5, 16 ms)
2026-07-23 14:25:16 [woodcutting] Tracking not-yet-stable target at 1148,686 (search 16 ms)
2026-07-23 14:25:16 [woodcutting] FindFilledBlock: found at 1148,686 (51x51 0x56FF50 tol=5, 16 ms)
2026-07-23 14:25:16 [woodcutting] Tracking stable target at 1148,686 (cooldown active, search 16 ms)
2026-07-23 14:25:16 [woodcutting] FindFilledBlock: found at 1148,686 (51x51 0x56FF50 tol=5, 16 ms)
2026-07-23 14:25:16 [woodcutting] Tracking stable target at 1148,686 (cooldown active, search 16 ms)
2026-07-23 14:25:16 [woodcutting] FindFilledBlock: found at 1148,686 (51x51 0x56FF50 tol=5, 16 ms)
2026-07-23 14:25:16 [woodcutting] Tracking stable target at 1148,686 (cooldown active, search 16 ms)
2026-07-23 14:25:17 [woodcutting] FindFilledBlock: found at 1148,686 (51x51 0x56FF50 tol=5, 15 ms)
2026-07-23 14:25:17 [woodcutting] Tracking stable target at 1148,686 (cooldown active, search 15 ms)
2026-07-23 14:25:17 [woodcutting] FindFilledBlock: found at 1148,686 (51x51 0x56FF50 tol=5, 15 ms)
2026-07-23 14:25:17 [woodcutting] Clicked STABLE target at 1148,686 (search 15 ms)
2026-07-23 14:25:17 [woodcutting] ReleasePendingModifiersNow: released Ctrl
2026-07-23 14:25:17 [woodcutting] FindFilledBlock: found at 1186,700 (51x51 0x56FF50 tol=5, 0 ms)
2026-07-23 14:25:17 [woodcutting] Tracking not-yet-stable target at 1186,700 (search 16 ms)
2026-07-23 14:25:17 [woodcutting] FindFilledBlock: found at 1186,700 (51x51 0x56FF50 tol=5, 15 ms)
2026-07-23 14:25:17 [woodcutting] Tracking not-yet-stable target at 1186,700 (search 15 ms)
2026-07-23 14:25:17 [woodcutting] FindFilledBlock: found at 1148,686 (51x51 0x56FF50 tol=5, 0 ms)
2026-07-23 14:25:17 [woodcutting] Tracking not-yet-stable target at 1148,686 (search 0 ms)
2026-07-23 14:25:18 [woodcutting] FindFilledBlock: found at 1148,686 (51x51 0x56FF50 tol=5, 16 ms)
2026-07-23 14:25:18 [woodcutting] Tracking not-yet-stable target at 1148,686 (search 16 ms)
2026-07-23 14:25:18 [woodcutting] FindFilledBlock: found at 1148,686 (51x51 0x56FF50 tol=5, 16 ms)
2026-07-23 14:25:18 [woodcutting] Tracking stable target at 1148,686 (cooldown active, search 16 ms)
2026-07-23 14:25:18 [woodcutting] FindFilledBlock: found at 1148,686 (51x51 0x56FF50 tol=5, 16 ms)
2026-07-23 14:25:18 [woodcutting] Tracking stable target at 1148,686 (cooldown active, search 16 ms)
2026-07-23 14:25:18 [woodcutting] FindFilledBlock: found at 1148,686 (51x51 0x56FF50 tol=5, 15 ms)
2026-07-23 14:25:18 [woodcutting] Tracking stable target at 1148,686 (cooldown active, search 15 ms)
2026-07-23 14:25:18 [woodcutting] FindFilledBlock: found at 1148,686 (51x51 0x56FF50 tol=5, 15 ms)
2026-07-23 14:25:18 [woodcutting] Tracking stable target at 1148,686 (cooldown active, search 15 ms)
2026-07-23 14:25:18 [woodcutting] FindFilledBlock: found at 1148,686 (51x51 0x56FF50 tol=5, 15 ms)
2026-07-23 14:25:19 [woodcutting] Clicked STABLE target at 1148,686 (search 15 ms)
2026-07-23 14:25:19 [woodcutting] ReleasePendingModifiersNow: released Ctrl
2026-07-23 14:25:19 [woodcutting] FindFilledBlock: found at 1186,700 (51x51 0x56FF50 tol=5, 16 ms)
2026-07-23 14:25:19 [woodcutting] Tracking not-yet-stable target at 1186,700 (search 16 ms)
2026-07-23 14:25:19 [woodcutting] FindFilledBlock: found at 1148,686 (51x51 0x56FF50 tol=5, 15 ms)
2026-07-23 14:25:19 [woodcutting] Tracking not-yet-stable target at 1148,686 (search 15 ms)
2026-07-23 14:25:19 [woodcutting] FindFilledBlock: found at 1148,686 (51x51 0x56FF50 tol=5, 16 ms)
2026-07-23 14:25:19 [woodcutting] Tracking not-yet-stable target at 1148,686 (search 16 ms)
2026-07-23 14:25:19 [woodcutting] FindFilledBlock: found at 1148,686 (51x51 0x56FF50 tol=5, 16 ms)
2026-07-23 14:25:19 [woodcutting] Tracking stable target at 1148,686 (cooldown active, search 16 ms)
2026-07-23 14:25:19 [woodcutting] FindFilledBlock: found at 1148,686 (51x51 0x56FF50 tol=5, 15 ms)
2026-07-23 14:25:19 [woodcutting] Tracking stable target at 1148,686 (cooldown active, search 15 ms)
2026-07-23 14:25:20 [woodcutting] FindFilledBlock: found at 1148,686 (51x51 0x56FF50 tol=5, 15 ms)
2026-07-23 14:25:20 [woodcutting] Tracking stable target at 1148,686 (cooldown active, search 15 ms)
2026-07-23 14:25:20 [woodcutting] FindFilledBlock: found at 1148,686 (51x51 0x56FF50 tol=5, 16 ms)
2026-07-23 14:25:20 [woodcutting] Tracking stable target at 1148,686 (cooldown active, search 16 ms)
2026-07-23 14:25:20 [woodcutting] FindFilledBlock: found at 1148,686 (51x51 0x56FF50 tol=5, 16 ms)
2026-07-23 14:25:20 [woodcutting] Tracking stable target at 1148,686 (cooldown active, search 16 ms)
2026-07-23 14:25:20 [woodcutting] FindFilledBlock: found at 1148,686 (51x51 0x56FF50 tol=5, 15 ms)
2026-07-23 14:25:20 [woodcutting] Clicked STABLE target at 1148,686 (search 15 ms)
2026-07-23 14:25:20 [woodcutting] ReleasePendingModifiersNow: released Ctrl
2026-07-23 14:25:20 [woodcutting] FindFilledBlock: found at 1186,700 (51x51 0x56FF50 tol=5, 0 ms)
2026-07-23 14:25:20 [woodcutting] Tracking not-yet-stable target at 1186,700 (search 0 ms)
2026-07-23 14:25:21 [woodcutting] FindFilledBlock: found at 1186,700 (51x51 0x56FF50 tol=5, 16 ms)
2026-07-23 14:25:21 [woodcutting] Tracking not-yet-stable target at 1186,700 (search 16 ms)
2026-07-23 14:25:21 [woodcutting] FindFilledBlock: found at 1148,686 (51x51 0x56FF50 tol=5, 0 ms)
2026-07-23 14:25:21 [woodcutting] Tracking not-yet-stable target at 1148,686 (search 0 ms)
2026-07-23 14:25:21 [woodcutting] FindFilledBlock: found at 1148,686 (51x51 0x56FF50 tol=5, 15 ms)
2026-07-23 14:25:21 [woodcutting] Tracking not-yet-stable target at 1148,686 (search 15 ms)
2026-07-23 14:25:21 [woodcutting] FindFilledBlock: found at 1148,686 (51x51 0x56FF50 tol=5, 0 ms)
2026-07-23 14:25:21 [woodcutting] Tracking stable target at 1148,686 (cooldown active, search 0 ms)
2026-07-23 14:25:21 [woodcutting] FindFilledBlock: found at 1148,686 (51x51 0x56FF50 tol=5, 16 ms)
2026-07-23 14:25:21 [woodcutting] Tracking stable target at 1148,686 (cooldown active, search 16 ms)
2026-07-23 14:25:21 [woodcutting] FindFilledBlock: found at 1148,686 (51x51 0x56FF50 tol=5, 0 ms)
2026-07-23 14:25:21 [woodcutting] Tracking stable target at 1148,686 (cooldown active, search 0 ms)
2026-07-23 14:25:22 [woodcutting] FindFilledBlock: found at 1148,686 (51x51 0x56FF50 tol=5, 16 ms)
2026-07-23 14:25:22 [woodcutting] Tracking stable target at 1148,686 (cooldown active, search 16 ms)
2026-07-23 14:25:22 [woodcutting] FindFilledBlock: found at 1148,686 (51x51 0x56FF50 tol=5, 0 ms)
2026-07-23 14:25:22 [woodcutting] Tracking stable target at 1148,686 (cooldown active, search 0 ms)
2026-07-23 14:25:22 [woodcutting] FindFilledBlock: found at 1148,686 (51x51 0x56FF50 tol=5, 15 ms)
2026-07-23 14:25:22 [woodcutting] Clicked STABLE target at 1148,686 (search 15 ms)
2026-07-23 14:25:22 [woodcutting] ReleasePendingModifiersNow: released Ctrl
2026-07-23 14:25:22 [woodcutting] FindFilledBlock: found at 1186,700 (51x51 0x56FF50 tol=5, 0 ms)
2026-07-23 14:25:22 [woodcutting] Tracking not-yet-stable target at 1186,700 (search 16 ms)
2026-07-23 14:25:22 [woodcutting] FindFilledBlock: found at 1186,700 (51x51 0x56FF50 tol=5, 16 ms)
2026-07-23 14:25:22 [woodcutting] Tracking not-yet-stable target at 1186,700 (search 16 ms)
2026-07-23 14:25:23 [woodcutting] FindFilledBlock: found at 1148,686 (51x51 0x56FF50 tol=5, 16 ms)
2026-07-23 14:25:23 [woodcutting] Tracking not-yet-stable target at 1148,686 (search 16 ms)
2026-07-23 14:25:23 [woodcutting] FindFilledBlock: found at 1148,686 (51x51 0x56FF50 tol=5, 15 ms)
2026-07-23 14:25:23 [woodcutting] Tracking not-yet-stable target at 1148,686 (search 15 ms)
2026-07-23 14:25:23 [woodcutting] FindFilledBlock: found at 1148,686 (51x51 0x56FF50 tol=5, 0 ms)
2026-07-23 14:25:23 [woodcutting] Tracking stable target at 1148,686 (cooldown active, search 0 ms)
2026-07-23 14:25:23 [woodcutting] FindFilledBlock: found at 1148,686 (51x51 0x56FF50 tol=5, 15 ms)
2026-07-23 14:25:23 [woodcutting] Tracking stable target at 1148,686 (cooldown active, search 15 ms)
2026-07-23 14:25:23 [woodcutting] FindFilledBlock: found at 1148,686 (51x51 0x56FF50 tol=5, 0 ms)
2026-07-23 14:25:23 [woodcutting] Tracking stable target at 1148,686 (cooldown active, search 0 ms)
2026-07-23 14:25:23 [woodcutting] FindFilledBlock: found at 1148,686 (51x51 0x56FF50 tol=5, 16 ms)
2026-07-23 14:25:23 [woodcutting] Tracking stable target at 1148,686 (cooldown active, search 16 ms)
2026-07-23 14:25:23 [woodcutting] FindFilledBlock: found at 1148,686 (51x51 0x56FF50 tol=5, 16 ms)
2026-07-23 14:25:24 [woodcutting] Clicked STABLE target at 1148,686 (search 16 ms)
2026-07-23 14:25:24 [woodcutting] ReleasePendingModifiersNow: released Ctrl
2026-07-23 14:25:24 [woodcutting] FindFilledBlock: found at 1186,700 (51x51 0x56FF50 tol=5, 15 ms)
2026-07-23 14:25:24 [woodcutting] Tracking not-yet-stable target at 1186,700 (search 15 ms)
2026-07-23 14:25:24 [woodcutting] FindFilledBlock: found at 1148,686 (51x51 0x56FF50 tol=5, 16 ms)
2026-07-23 14:25:24 [woodcutting] Tracking not-yet-stable target at 1148,686 (search 16 ms)
2026-07-23 14:25:24 [woodcutting] FindFilledBlock: found at 1148,686 (51x51 0x56FF50 tol=5, 0 ms)
2026-07-23 14:25:24 [woodcutting] Tracking not-yet-stable target at 1148,686 (search 0 ms)
2026-07-23 14:25:24 [woodcutting] FindFilledBlock: found at 1148,686 (51x51 0x56FF50 tol=5, 16 ms)
2026-07-23 14:25:24 [woodcutting] Tracking stable target at 1148,686 (cooldown active, search 16 ms)
2026-07-23 14:25:25 [woodcutting] FindFilledBlock: found at 1148,686 (51x51 0x56FF50 tol=5, 15 ms)
2026-07-23 14:25:25 [woodcutting] Tracking stable target at 1148,686 (cooldown active, search 15 ms)
2026-07-23 14:25:25 [woodcutting] FindFilledBlock: found at 1148,686 (51x51 0x56FF50 tol=5, 16 ms)
2026-07-23 14:25:25 [woodcutting] Tracking stable target at 1148,686 (cooldown active, search 16 ms)
2026-07-23 14:25:25 [woodcutting] FindFilledBlock: found at 1148,686 (51x51 0x56FF50 tol=5, 15 ms)
2026-07-23 14:25:25 [woodcutting] Tracking stable target at 1148,686 (cooldown active, search 15 ms)
2026-07-23 14:25:25 [woodcutting] FindFilledBlock: found at 1148,686 (51x51 0x56FF50 tol=5, 15 ms)
2026-07-23 14:25:25 [woodcutting] Tracking stable target at 1148,686 (cooldown active, search 15 ms)
2026-07-23 14:25:25 [woodcutting] FindFilledBlock: found at 1148,686 (51x51 0x56FF50 tol=5, 16 ms)
2026-07-23 14:25:25 [woodcutting] Clicked STABLE target at 1148,686 (search 16 ms)
2026-07-23 14:25:25 [woodcutting] ReleasePendingModifiersNow: released Ctrl
2026-07-23 14:25:26 [woodcutting] FindFilledBlock: found at 1186,700 (51x51 0x56FF50 tol=5, 16 ms)
2026-07-23 14:25:26 [woodcutting] Tracking not-yet-stable target at 1186,700 (search 16 ms)
2026-07-23 14:25:26 [woodcutting] FindFilledBlock: found at 1186,700 (51x51 0x56FF50 tol=5, 16 ms)
2026-07-23 14:25:26 [woodcutting] Tracking not-yet-stable target at 1186,700 (search 16 ms)
2026-07-23 14:25:26 [woodcutting] FindFilledBlock: found at 1148,686 (51x51 0x56FF50 tol=5, 15 ms)
2026-07-23 14:25:26 [woodcutting] Tracking not-yet-stable target at 1148,686 (search 15 ms)
2026-07-23 14:25:26 [woodcutting] FindFilledBlock: found at 1148,686 (51x51 0x56FF50 tol=5, 15 ms)
2026-07-23 14:25:26 [woodcutting] Tracking not-yet-stable target at 1148,686 (search 15 ms)
2026-07-23 14:25:26 [woodcutting] FindFilledBlock: found at 1148,686 (51x51 0x56FF50 tol=5, 16 ms)
2026-07-23 14:25:26 [woodcutting] Tracking stable target at 1148,686 (cooldown active, search 16 ms)
2026-07-23 14:25:26 [woodcutting] FindFilledBlock: found at 1148,686 (51x51 0x56FF50 tol=5, 0 ms)
2026-07-23 14:25:26 [woodcutting] Tracking stable target at 1148,686 (cooldown active, search 0 ms)
2026-07-23 14:25:26 [woodcutting] FindFilledBlock: found at 1148,686 (51x51 0x56FF50 tol=5, 15 ms)
2026-07-23 14:25:26 [woodcutting] Tracking stable target at 1148,686 (cooldown active, search 15 ms)
2026-07-23 14:25:27 [woodcutting] FindFilledBlock: found at 1148,686 (51x51 0x56FF50 tol=5, 0 ms)
2026-07-23 14:25:27 [woodcutting] Tracking stable target at 1148,686 (cooldown active, search 0 ms)
2026-07-23 14:25:27 [woodcutting] FindFilledBlock: found at 1148,686 (51x51 0x56FF50 tol=5, 16 ms)
2026-07-23 14:25:27 [woodcutting] Clicked STABLE target at 1148,686 (search 16 ms)
2026-07-23 14:25:27 [woodcutting] ReleasePendingModifiersNow: released Ctrl
2026-07-23 14:25:27 [woodcutting] FindFilledBlock: found at 1186,700 (51x51 0x56FF50 tol=5, 0 ms)
2026-07-23 14:25:27 [woodcutting] Tracking not-yet-stable target at 1186,700 (search 0 ms)
2026-07-23 14:25:27 [woodcutting] FindFilledBlock: found at 1186,700 (51x51 0x56FF50 tol=5, 16 ms)
2026-07-23 14:25:27 [woodcutting] Tracking not-yet-stable target at 1186,700 (search 16 ms)
2026-07-23 14:25:27 [woodcutting] FindFilledBlock: found at 1148,686 (51x51 0x56FF50 tol=5, 0 ms)
2026-07-23 14:25:27 [woodcutting] Tracking not-yet-stable target at 1148,686 (search 0 ms)
2026-07-23 14:25:28 [woodcutting] FindFilledBlock: found at 1148,686 (51x51 0x56FF50 tol=5, 15 ms)
2026-07-23 14:25:28 [woodcutting] Tracking not-yet-stable target at 1148,686 (search 15 ms)
2026-07-23 14:25:28 [woodcutting] FindFilledBlock: found at 1148,686 (51x51 0x56FF50 tol=5, 0 ms)
2026-07-23 14:25:28 [woodcutting] Tracking stable target at 1148,686 (cooldown active, search 0 ms)
2026-07-23 14:25:28 [woodcutting] FindFilledBlock: found at 1148,686 (51x51 0x56FF50 tol=5, 16 ms)
2026-07-23 14:25:28 [woodcutting] Tracking stable target at 1148,686 (cooldown active, search 16 ms)
2026-07-23 14:25:28 [woodcutting] FindFilledBlock: found at 1148,686 (51x51 0x56FF50 tol=5, 15 ms)
2026-07-23 14:25:28 [woodcutting] Tracking stable target at 1148,686 (cooldown active, search 15 ms)
2026-07-23 14:25:28 [woodcutting] FindFilledBlock: found at 1148,686 (51x51 0x56FF50 tol=5, 16 ms)
2026-07-23 14:25:28 [woodcutting] Tracking stable target at 1148,686 (cooldown active, search 16 ms)
2026-07-23 14:25:28 [woodcutting] FindFilledBlock: found at 1148,686 (51x51 0x56FF50 tol=5, 16 ms)
2026-07-23 14:25:29 [woodcutting] Clicked STABLE target at 1148,686 (search 16 ms)
2026-07-23 14:25:29 [woodcutting] ReleasePendingModifiersNow: released Ctrl
2026-07-23 14:25:29 [woodcutting] FindFilledBlock: found at 1186,700 (51x51 0x56FF50 tol=5, 16 ms)
2026-07-23 14:25:29 [woodcutting] Tracking not-yet-stable target at 1186,700 (search 16 ms)
2026-07-23 14:25:29 [woodcutting] FindFilledBlock: found at 1186,700 (51x51 0x56FF50 tol=5, 15 ms)
2026-07-23 14:25:29 [woodcutting] Tracking not-yet-stable target at 1186,700 (search 15 ms)
2026-07-23 14:25:29 [woodcutting] FindFilledBlock: found at 1148,686 (51x51 0x56FF50 tol=5, 16 ms)
2026-07-23 14:25:29 [woodcutting] Tracking not-yet-stable target at 1148,686 (search 16 ms)
2026-07-23 14:25:29 [woodcutting] FindFilledBlock: found at 1148,686 (51x51 0x56FF50 tol=5, 16 ms)
2026-07-23 14:25:29 [woodcutting] Tracking not-yet-stable target at 1148,686 (search 16 ms)
2026-07-23 14:25:29 [woodcutting] FindFilledBlock: found at 1148,686 (51x51 0x56FF50 tol=5, 16 ms)
2026-07-23 14:25:29 [woodcutting] Tracking stable target at 1148,686 (cooldown active, search 16 ms)
2026-07-23 14:25:30 [woodcutting] FindFilledBlock: found at 1148,686 (51x51 0x56FF50 tol=5, 16 ms)
2026-07-23 14:25:30 [woodcutting] Tracking stable target at 1148,686 (cooldown active, search 16 ms)
2026-07-23 14:25:30 [woodcutting] FindFilledBlock: found at 1148,686 (51x51 0x56FF50 tol=5, 0 ms)
2026-07-23 14:25:30 [woodcutting] Tracking stable target at 1148,686 (cooldown active, search 16 ms)
2026-07-23 14:25:30 [woodcutting] FindFilledBlock: found at 1148,686 (51x51 0x56FF50 tol=5, 15 ms)
2026-07-23 14:25:30 [woodcutting] Tracking stable target at 1148,686 (cooldown active, search 15 ms)
2026-07-23 14:25:30 [woodcutting] FindFilledBlock: found at 1148,686 (51x51 0x56FF50 tol=5, 15 ms)
2026-07-23 14:25:30 [woodcutting] Clicked STABLE target at 1148,686 (search 15 ms)
2026-07-23 14:25:30 [woodcutting] ReleasePendingModifiersNow: released Ctrl
2026-07-23 14:25:30 [woodcutting] FindFilledBlock: found at 1186,700 (51x51 0x56FF50 tol=5, 15 ms)
2026-07-23 14:25:30 [woodcutting] Tracking not-yet-stable target at 1186,700 (search 15 ms)
2026-07-23 14:25:31 [woodcutting] FindFilledBlock: found at 1186,700 (51x51 0x56FF50 tol=5, 15 ms)
2026-07-23 14:25:31 [woodcutting] Tracking not-yet-stable target at 1186,700 (search 15 ms)
2026-07-23 14:25:31 [woodcutting] FindFilledBlock: found at 1148,686 (51x51 0x56FF50 tol=5, 16 ms)
2026-07-23 14:25:31 [woodcutting] Tracking not-yet-stable target at 1148,686 (search 16 ms)
2026-07-23 14:25:31 [woodcutting] FindFilledBlock: found at 1148,686 (51x51 0x56FF50 tol=5, 15 ms)
2026-07-23 14:25:31 [woodcutting] Tracking not-yet-stable target at 1148,686 (search 15 ms)
2026-07-23 14:25:31 [woodcutting] FindFilledBlock: found at 1148,686 (51x51 0x56FF50 tol=5, 16 ms)
2026-07-23 14:25:31 [woodcutting] Tracking stable target at 1148,686 (cooldown active, search 16 ms)
2026-07-23 14:25:31 [woodcutting] FindFilledBlock: found at 1148,686 (51x51 0x56FF50 tol=5, 0 ms)
2026-07-23 14:25:31 [woodcutting] Tracking stable target at 1148,686 (cooldown active, search 0 ms)
2026-07-23 14:25:31 [woodcutting] FindFilledBlock: found at 1148,686 (51x51 0x56FF50 tol=5, 15 ms)
2026-07-23 14:25:31 [woodcutting] Tracking stable target at 1148,686 (cooldown active, search 15 ms)
2026-07-23 14:25:32 [woodcutting] FindFilledBlock: found at 1148,686 (51x51 0x56FF50 tol=5, 15 ms)
2026-07-23 14:25:32 [woodcutting] Tracking stable target at 1148,686 (cooldown active, search 15 ms)
2026-07-23 14:25:32 [woodcutting] FindFilledBlock: found at 1148,686 (51x51 0x56FF50 tol=5, 16 ms)
2026-07-23 14:25:32 [woodcutting] Clicked STABLE target at 1148,686 (search 16 ms)
2026-07-23 14:25:32 [woodcutting] ReleasePendingModifiersNow: released Ctrl
2026-07-23 14:25:32 [woodcutting] FindFilledBlock: found at 1186,700 (51x51 0x56FF50 tol=5, 16 ms)
2026-07-23 14:25:32 [woodcutting] Tracking not-yet-stable target at 1186,700 (search 16 ms)
2026-07-23 14:25:32 [woodcutting] FindFilledBlock: found at 1186,700 (51x51 0x56FF50 tol=5, 16 ms)
2026-07-23 14:25:32 [woodcutting] Tracking not-yet-stable target at 1186,700 (search 16 ms)
2026-07-23 14:25:32 [woodcutting] FindFilledBlock: found at 1148,686 (51x51 0x56FF50 tol=5, 16 ms)
2026-07-23 14:25:32 [woodcutting] Tracking not-yet-stable target at 1148,686 (search 16 ms)
2026-07-23 14:25:33 [woodcutting] FindFilledBlock: found at 1148,686 (51x51 0x56FF50 tol=5, 16 ms)
2026-07-23 14:25:33 [woodcutting] Tracking not-yet-stable target at 1148,686 (search 16 ms)
2026-07-23 14:25:33 [woodcutting] FindFilledBlock: found at 1148,686 (51x51 0x56FF50 tol=5, 0 ms)
2026-07-23 14:25:33 [woodcutting] Tracking stable target at 1148,686 (cooldown active, search 0 ms)
2026-07-23 14:25:33 [woodcutting] FindFilledBlock: found at 1148,686 (51x51 0x56FF50 tol=5, 16 ms)
2026-07-23 14:25:33 [woodcutting] Tracking stable target at 1148,686 (cooldown active, search 16 ms)
2026-07-23 14:25:33 [woodcutting] FindFilledBlock: found at 1148,686 (51x51 0x56FF50 tol=5, 0 ms)
2026-07-23 14:25:33 [woodcutting] Tracking stable target at 1148,686 (cooldown active, search 0 ms)
2026-07-23 14:25:33 [woodcutting] FindFilledBlock: found at 1148,686 (51x51 0x56FF50 tol=5, 15 ms)
2026-07-23 14:25:33 [woodcutting] Tracking stable target at 1148,686 (cooldown active, search 15 ms)
2026-07-23 14:25:33 [woodcutting] FindFilledBlock: found at 1148,686 (51x51 0x56FF50 tol=5, 0 ms)
2026-07-23 14:25:33 [woodcutting] Tracking stable target at 1148,686 (cooldown active, search 0 ms)
2026-07-23 14:25:34 [woodcutting] FindFilledBlock: found at 1148,686 (51x51 0x56FF50 tol=5, 0 ms)
2026-07-23 14:25:34 [woodcutting] Clicked STABLE target at 1148,686 (search 16 ms)
2026-07-23 14:25:34 [woodcutting] ReleasePendingModifiersNow: released Ctrl
2026-07-23 14:25:34 [woodcutting] FindFilledBlock: found at 1186,700 (51x51 0x56FF50 tol=5, 0 ms)
2026-07-23 14:25:34 [woodcutting] Tracking not-yet-stable target at 1186,700 (search 0 ms)
2026-07-23 14:25:34 [woodcutting] FindFilledBlock: found at 1186,700 (51x51 0x56FF50 tol=5, 16 ms)
2026-07-23 14:25:34 [woodcutting] Tracking not-yet-stable target at 1186,700 (search 16 ms)
2026-07-23 14:25:34 [woodcutting] FindFilledBlock: found at 1148,686 (51x51 0x56FF50 tol=5, 0 ms)
2026-07-23 14:25:34 [woodcutting] Tracking not-yet-stable target at 1148,686 (search 0 ms)
2026-07-23 14:25:34 [woodcutting] FindFilledBlock: found at 1148,686 (51x51 0x56FF50 tol=5, 15 ms)
2026-07-23 14:25:34 [woodcutting] Tracking not-yet-stable target at 1148,686 (search 15 ms)
2026-07-23 14:25:35 [woodcutting] FindFilledBlock: found at 1148,686 (51x51 0x56FF50 tol=5, 16 ms)
2026-07-23 14:25:35 [woodcutting] Tracking stable target at 1148,686 (cooldown active, search 16 ms)
2026-07-23 14:25:35 [woodcutting] FindFilledBlock: found at 1148,686 (51x51 0x56FF50 tol=5, 16 ms)
2026-07-23 14:25:35 [woodcutting] Tracking stable target at 1148,686 (cooldown active, search 16 ms)
2026-07-23 14:25:35 [woodcutting] FindFilledBlock: found at 1148,686 (51x51 0x56FF50 tol=5, 16 ms)
2026-07-23 14:25:35 [woodcutting] Tracking stable target at 1148,686 (cooldown active, search 16 ms)
2026-07-23 14:25:35 [woodcutting] FindFilledBlock: found at 1148,686 (51x51 0x56FF50 tol=5, 16 ms)
2026-07-23 14:25:35 [woodcutting] Tracking stable target at 1148,686 (cooldown active, search 16 ms)
2026-07-23 14:25:35 [woodcutting] FindFilledBlock: found at 1148,686 (51x51 0x56FF50 tol=5, 15 ms)
2026-07-23 14:25:35 [woodcutting] Clicked STABLE target at 1148,686 (search 15 ms)
2026-07-23 14:25:35 [woodcutting] ReleasePendingModifiersNow: released Ctrl
2026-07-23 14:25:36 [woodcutting] FindFilledBlock: found at 1186,700 (51x51 0x56FF50 tol=5, 16 ms)
2026-07-23 14:25:36 [woodcutting] Tracking not-yet-stable target at 1186,700 (search 16 ms)
2026-07-23 14:25:36 [woodcutting] FindFilledBlock: found at 1186,700 (51x51 0x56FF50 tol=5, 16 ms)
2026-07-23 14:25:36 [woodcutting] Tracking not-yet-stable target at 1186,700 (search 16 ms)
2026-07-23 14:25:36 [woodcutting] FindFilledBlock: found at 1148,686 (51x51 0x56FF50 tol=5, 16 ms)
2026-07-23 14:25:36 [woodcutting] Tracking not-yet-stable target at 1148,686 (search 16 ms)
2026-07-23 14:25:36 [woodcutting] FindFilledBlock: found at 1148,686 (51x51 0x56FF50 tol=5, 15 ms)
2026-07-23 14:25:36 [woodcutting] Tracking not-yet-stable target at 1148,686 (search 15 ms)
2026-07-23 14:25:36 [woodcutting] FindFilledBlock: found at 1148,686 (51x51 0x56FF50 tol=5, 16 ms)
2026-07-23 14:25:36 [woodcutting] Tracking stable target at 1148,686 (cooldown active, search 16 ms)
2026-07-23 14:25:36 [woodcutting] FindFilledBlock: found at 1148,686 (51x51 0x56FF50 tol=5, 16 ms)
2026-07-23 14:25:36 [woodcutting] Tracking stable target at 1148,686 (cooldown active, search 16 ms)
2026-07-23 14:25:37 [woodcutting] FindFilledBlock: found at 1148,686 (51x51 0x56FF50 tol=5, 16 ms)
2026-07-23 14:25:37 [woodcutting] Tracking stable target at 1148,686 (cooldown active, search 16 ms)
2026-07-23 14:25:37 [woodcutting] FindFilledBlock: found at 1148,686 (51x51 0x56FF50 tol=5, 16 ms)
2026-07-23 14:25:37 [woodcutting] Tracking stable target at 1148,686 (cooldown active, search 16 ms)
2026-07-23 14:25:37 [woodcutting] FindFilledBlock: found at 1148,686 (51x51 0x56FF50 tol=5, 16 ms)
2026-07-23 14:25:37 [woodcutting] Clicked STABLE target at 1148,686 (search 16 ms)
2026-07-23 14:25:37 [woodcutting] ReleasePendingModifiersNow: released Ctrl
2026-07-23 14:25:37 [woodcutting] FindFilledBlock: found at 1186,700 (51x51 0x56FF50 tol=5, 16 ms)
2026-07-23 14:25:37 [woodcutting] Tracking not-yet-stable target at 1186,700 (search 16 ms)
2026-07-23 14:25:37 [woodcutting] FindFilledBlock: found at 1186,700 (51x51 0x56FF50 tol=5, 15 ms)
2026-07-23 14:25:37 [woodcutting] Tracking not-yet-stable target at 1186,700 (search 15 ms)
2026-07-23 14:25:38 [woodcutting] FindFilledBlock: found at 1148,686 (51x51 0x56FF50 tol=5, 16 ms)
2026-07-23 14:25:38 [woodcutting] Tracking not-yet-stable target at 1148,686 (search 16 ms)
2026-07-23 14:25:38 [woodcutting] FindFilledBlock: found at 1148,686 (51x51 0x56FF50 tol=5, 16 ms)
2026-07-23 14:25:38 [woodcutting] Tracking not-yet-stable target at 1148,686 (search 16 ms)
2026-07-23 14:25:38 [woodcutting] FindFilledBlock: found at 1148,686 (51x51 0x56FF50 tol=5, 16 ms)
2026-07-23 14:25:38 [woodcutting] Tracking stable target at 1148,686 (cooldown active, search 16 ms)
2026-07-23 14:25:38 [woodcutting] FindFilledBlock: found at 1148,686 (51x51 0x56FF50 tol=5, 0 ms)
2026-07-23 14:25:38 [woodcutting] Tracking stable target at 1148,686 (cooldown active, search 0 ms)
2026-07-23 14:25:38 [woodcutting] FindFilledBlock: found at 1148,686 (51x51 0x56FF50 tol=5, 15 ms)
2026-07-23 14:25:38 [woodcutting] Tracking stable target at 1148,686 (cooldown active, search 15 ms)
2026-07-23 14:25:38 [woodcutting] FindFilledBlock: found at 1148,686 (51x51 0x56FF50 tol=5, 16 ms)
2026-07-23 14:25:38 [woodcutting] Tracking stable target at 1148,686 (cooldown active, search 16 ms)
2026-07-23 14:25:39 [woodcutting] FindFilledBlock: found at 1148,686 (51x51 0x56FF50 tol=5, 15 ms)
2026-07-23 14:25:39 [woodcutting] Clicked STABLE target at 1148,686 (search 15 ms)
2026-07-23 14:25:39 [woodcutting] ReleasePendingModifiersNow: released Ctrl
2026-07-23 14:25:39 [woodcutting] FindFilledBlock: found at 1186,700 (51x51 0x56FF50 tol=5, 16 ms)
2026-07-23 14:25:39 [woodcutting] Tracking not-yet-stable target at 1186,700 (search 16 ms)
2026-07-23 14:25:39 [woodcutting] FindFilledBlock: found at 1186,700 (51x51 0x56FF50 tol=5, 16 ms)
2026-07-23 14:25:39 [woodcutting] Tracking not-yet-stable target at 1186,700 (search 16 ms)
2026-07-23 14:25:39 [woodcutting] FindFilledBlock: found at 1148,686 (51x51 0x56FF50 tol=5, 16 ms)
2026-07-23 14:25:39 [woodcutting] Tracking not-yet-stable target at 1148,686 (search 16 ms)
2026-07-23 14:25:39 [woodcutting] FindFilledBlock: found at 1148,686 (51x51 0x56FF50 tol=5, 16 ms)
2026-07-23 14:25:39 [woodcutting] Tracking not-yet-stable target at 1148,686 (search 16 ms)
2026-07-23 14:25:40 [woodcutting] FindFilledBlock: found at 1148,686 (51x51 0x56FF50 tol=5, 16 ms)
2026-07-23 14:25:40 [woodcutting] Tracking stable target at 1148,686 (cooldown active, search 16 ms)
2026-07-23 14:25:40 [woodcutting] FindFilledBlock: found at 1148,686 (51x51 0x56FF50 tol=5, 15 ms)
2026-07-23 14:25:40 [woodcutting] Tracking stable target at 1148,686 (cooldown active, search 15 ms)
2026-07-23 14:25:40 [woodcutting] FindFilledBlock: found at 1148,686 (51x51 0x56FF50 tol=5, 15 ms)
2026-07-23 14:25:40 [woodcutting] Tracking stable target at 1148,686 (cooldown active, search 15 ms)
2026-07-23 14:25:40 [woodcutting] FindFilledBlock: found at 1148,686 (51x51 0x56FF50 tol=5, 15 ms)
2026-07-23 14:25:40 [woodcutting] Tracking stable target at 1148,686 (cooldown active, search 15 ms)
2026-07-23 14:25:40 [woodcutting] FindFilledBlock: found at 1148,686 (51x51 0x56FF50 tol=5, 16 ms)
2026-07-23 14:25:40 [woodcutting] Clicked STABLE target at 1148,686 (search 16 ms)
2026-07-23 14:25:40 [woodcutting] ReleasePendingModifiersNow: released Ctrl
2026-07-23 14:25:41 [woodcutting] FindFilledBlock: found at 1186,700 (51x51 0x56FF50 tol=5, 16 ms)
2026-07-23 14:25:41 [woodcutting] Tracking not-yet-stable target at 1186,700 (search 16 ms)
2026-07-23 14:25:41 [woodcutting] FindFilledBlock: found at 1186,700 (51x51 0x56FF50 tol=5, 16 ms)
2026-07-23 14:25:41 [woodcutting] Tracking not-yet-stable target at 1186,700 (search 16 ms)
2026-07-23 14:25:41 [woodcutting] FindFilledBlock: found at 1148,686 (51x51 0x56FF50 tol=5, 15 ms)
2026-07-23 14:25:41 [woodcutting] Tracking not-yet-stable target at 1148,686 (search 15 ms)
2026-07-23 14:25:41 [woodcutting] FindFilledBlock: found at 1148,686 (51x51 0x56FF50 tol=5, 0 ms)
2026-07-23 14:25:41 [woodcutting] Tracking not-yet-stable target at 1148,686 (search 0 ms)
2026-07-23 14:25:41 [woodcutting] FindFilledBlock: found at 1148,686 (51x51 0x56FF50 tol=5, 16 ms)
2026-07-23 14:25:41 [woodcutting] Tracking stable target at 1148,686 (cooldown active, search 16 ms)
2026-07-23 14:25:41 [woodcutting] FindFilledBlock: found at 1148,686 (51x51 0x56FF50 tol=5, 0 ms)
2026-07-23 14:25:41 [woodcutting] Tracking stable target at 1148,686 (cooldown active, search 0 ms)
2026-07-23 14:25:42 [woodcutting] FindFilledBlock: found at 1148,686 (51x51 0x56FF50 tol=5, 16 ms)
2026-07-23 14:25:42 [woodcutting] Tracking stable target at 1148,686 (cooldown active, search 16 ms)
2026-07-23 14:25:42 [woodcutting] FindFilledBlock: found at 1148,686 (51x51 0x56FF50 tol=5, 0 ms)
2026-07-23 14:25:42 [woodcutting] Tracking stable target at 1148,686 (cooldown active, search 0 ms)
2026-07-23 14:25:42 [woodcutting] FindFilledBlock: found at 1148,686 (51x51 0x56FF50 tol=5, 15 ms)
2026-07-23 14:25:42 [woodcutting] Clicked STABLE target at 1148,686 (search 15 ms)
2026-07-23 14:25:42 [woodcutting] ReleasePendingModifiersNow: released Ctrl
2026-07-23 14:25:42 [woodcutting] FindFilledBlock: found at 1186,700 (51x51 0x56FF50 tol=5, 16 ms)
2026-07-23 14:25:42 [woodcutting] Tracking not-yet-stable target at 1186,700 (search 16 ms)
2026-07-23 14:25:42 [woodcutting] FindFilledBlock: found at 1186,700 (51x51 0x56FF50 tol=5, 15 ms)
2026-07-23 14:25:42 [woodcutting] Tracking not-yet-stable target at 1186,700 (search 15 ms)
2026-07-23 14:25:43 [woodcutting] FindFilledBlock: found at 1148,686 (51x51 0x56FF50 tol=5, 0 ms)
2026-07-23 14:25:43 [woodcutting] Tracking not-yet-stable target at 1148,686 (search 0 ms)
2026-07-23 14:25:43 [woodcutting] FindFilledBlock: not found (51x51 0x56FF50 tol=5, 15 ms)
2026-07-23 14:25:43 [woodcutting] Target depleted or lost - re-acquiring (searched 15 ms)
2026-07-23 14:25:43 [woodcutting] FindFilledBlock: found at 1346,762 (51x51 0x008B07 tol=5, 0 ms)
2026-07-23 14:25:43 [woodcutting] FindFilledBlock: not found (51x51 0x56FF50 tol=5, 0 ms)
2026-07-23 14:25:43 [woodcutting] Acquired new target at 1346,762 (0x008B07, ring 128, 15 ms)
2026-07-23 14:25:43 [woodcutting] FindFilledBlock: found at 1346,762 (51x51 0x008B07 tol=5, 16 ms)
2026-07-23 14:25:43 [woodcutting] Clicked initial/re-click target at 1346,762 (search 16 ms)
2026-07-23 14:25:43 [woodcutting] ReleasePendingModifiersNow: released Ctrl
2026-07-23 14:25:44 [woodcutting] FindFilledBlock: found at 1384,770 (51x51 0x008B07 tol=5, 15 ms)
2026-07-23 14:25:44 [woodcutting] Tracking not-yet-stable target at 1384,770 (search 15 ms)
2026-07-23 14:25:44 [woodcutting] FindFilledBlock: found at 1346,762 (51x51 0x008B07 tol=5, 15 ms)
2026-07-23 14:25:44 [woodcutting] Tracking not-yet-stable target at 1346,762 (search 15 ms)
2026-07-23 14:25:44 [woodcutting] FindFilledBlock: found at 1346,762 (51x51 0x008B07 tol=5, 16 ms)
2026-07-23 14:25:44 [woodcutting] Tracking not-yet-stable target at 1346,762 (search 16 ms)
2026-07-23 14:25:44 [woodcutting] FindFilledBlock: found at 1344,760 (51x51 0x008B07 tol=5, 15 ms)
2026-07-23 14:25:44 [woodcutting] Tracking stable target at 1344,760 (cooldown active, search 15 ms)
2026-07-23 14:25:44 [woodcutting] FindFilledBlock: found at 1342,758 (51x51 0x008B07 tol=5, 16 ms)
2026-07-23 14:25:44 [woodcutting] Tracking stable target at 1342,758 (cooldown active, search 16 ms)
2026-07-23 14:25:44 [woodcutting] FindFilledBlock: found at 1340,756 (51x51 0x008B07 tol=5, 16 ms)
2026-07-23 14:25:44 [woodcutting] Tracking stable target at 1340,756 (cooldown active, search 16 ms)
2026-07-23 14:25:45 [woodcutting] FindFilledBlock: found at 1334,752 (51x51 0x008B07 tol=5, 16 ms)
2026-07-23 14:25:45 [woodcutting] Tracking not-yet-stable target at 1334,752 (search 16 ms)
2026-07-23 14:25:45 [woodcutting] FindFilledBlock: found at 1328,746 (51x51 0x008B07 tol=5, 16 ms)
2026-07-23 14:25:45 [woodcutting] Tracking not-yet-stable target at 1328,746 (search 16 ms)
2026-07-23 14:25:45 [woodcutting] FindFilledBlock: found at 1320,738 (51x51 0x008B07 tol=5, 16 ms)
2026-07-23 14:25:45 [woodcutting] Tracking not-yet-stable target at 1320,738 (search 16 ms)
2026-07-23 14:25:45 [woodcutting] FindFilledBlock: found at 1316,734 (51x51 0x008B07 tol=5, 16 ms)
2026-07-23 14:25:45 [woodcutting] Tracking not-yet-stable target at 1316,734 (search 16 ms)
2026-07-23 14:25:45 [woodcutting] FindFilledBlock: found at 1312,732 (51x51 0x008B07 tol=5, 16 ms)
2026-07-23 14:25:45 [woodcutting] Clicked STABLE target at 1312,732 (search 16 ms)
2026-07-23 14:25:45 [woodcutting] ReleasePendingModifiersNow: released Ctrl
2026-07-23 14:25:46 [woodcutting] FindFilledBlock: found at 1350,734 (51x51 0x008B07 tol=5, 15 ms)
2026-07-23 14:25:46 [woodcutting] Tracking not-yet-stable target at 1350,734 (search 15 ms)
2026-07-23 14:25:46 [woodcutting] FindFilledBlock: found at 1350,732 (51x51 0x008B07 tol=5, 15 ms)
2026-07-23 14:25:46 [woodcutting] Tracking not-yet-stable target at 1350,732 (search 15 ms)
2026-07-23 14:25:46 [woodcutting] FindFilledBlock: found at 1310,728 (51x51 0x008B07 tol=5, 15 ms)
2026-07-23 14:25:46 [woodcutting] Tracking not-yet-stable target at 1310,728 (search 15 ms)
2026-07-23 14:25:46 [woodcutting] FindFilledBlock: found at 1310,728 (51x51 0x008B07 tol=5, 16 ms)
2026-07-23 14:25:46 [woodcutting] Tracking not-yet-stable target at 1310,728 (search 16 ms)
2026-07-23 14:25:46 [woodcutting] FindFilledBlock: found at 1310,728 (51x51 0x008B07 tol=5, 16 ms)
2026-07-23 14:25:46 [woodcutting] Tracking stable target at 1310,728 (cooldown active, search 16 ms)
2026-07-23 14:25:46 [woodcutting] FindFilledBlock: found at 1308,728 (51x51 0x008B07 tol=5, 16 ms)
2026-07-23 14:25:46 [woodcutting] Tracking stable target at 1308,728 (cooldown active, search 16 ms)
2026-07-23 14:25:47 [woodcutting] FindFilledBlock: found at 1308,728 (51x51 0x008B07 tol=5, 15 ms)
2026-07-23 14:25:47 [woodcutting] Tracking stable target at 1308,728 (cooldown active, search 15 ms)
2026-07-23 14:25:47 [woodcutting] FindFilledBlock: found at 1308,728 (51x51 0x008B07 tol=5, 16 ms)
2026-07-23 14:25:47 [woodcutting] Tracking stable target at 1308,728 (cooldown active, search 16 ms)
2026-07-23 14:25:47 [woodcutting] FindFilledBlock: found at 1308,728 (51x51 0x008B07 tol=5, 15 ms)
2026-07-23 14:25:47 [woodcutting] Clicked STABLE target at 1308,728 (search 15 ms)
2026-07-23 14:25:47 [woodcutting] ReleasePendingModifiersNow: released Ctrl
2026-07-23 14:25:47 [woodcutting] FindFilledBlock: found at 1346,732 (51x51 0x008B07 tol=5, 16 ms)
2026-07-23 14:25:47 [woodcutting] Tracking not-yet-stable target at 1346,732 (search 16 ms)
2026-07-23 14:25:47 [woodcutting] FindFilledBlock: found at 1346,732 (51x51 0x008B07 tol=5, 0 ms)
2026-07-23 14:25:47 [woodcutting] Tracking not-yet-stable target at 1346,732 (search 0 ms)
2026-07-23 14:25:48 [woodcutting] FindFilledBlock: found at 1308,728 (51x51 0x008B07 tol=5, 16 ms)
2026-07-23 14:25:48 [woodcutting] Tracking not-yet-stable target at 1308,728 (search 16 ms)
2026-07-23 14:25:48 [woodcutting] FindFilledBlock: found at 1308,728 (51x51 0x008B07 tol=5, 0 ms)
2026-07-23 14:25:48 [woodcutting] Tracking not-yet-stable target at 1308,728 (search 0 ms)
2026-07-23 14:25:48 [woodcutting] FindFilledBlock: found at 1308,728 (51x51 0x008B07 tol=5, 15 ms)
2026-07-23 14:25:48 [woodcutting] Tracking stable target at 1308,728 (cooldown active, search 15 ms)
2026-07-23 14:25:48 [woodcutting] FindFilledBlock: found at 1308,728 (51x51 0x008B07 tol=5, 16 ms)
2026-07-23 14:25:48 [woodcutting] Tracking stable target at 1308,728 (cooldown active, search 16 ms)
2026-07-23 14:25:48 [woodcutting] FindFilledBlock: found at 1308,728 (51x51 0x008B07 tol=5, 15 ms)
2026-07-23 14:25:48 [woodcutting] Tracking stable target at 1308,728 (cooldown active, search 15 ms)
2026-07-23 14:25:48 [woodcutting] FindFilledBlock: found at 1308,728 (51x51 0x008B07 tol=5, 15 ms)
2026-07-23 14:25:48 [woodcutting] Tracking stable target at 1308,728 (cooldown active, search 15 ms)
2026-07-23 14:25:49 [woodcutting] FindFilledBlock: found at 1308,728 (51x51 0x008B07 tol=5, 16 ms)
2026-07-23 14:25:49 [woodcutting] Clicked STABLE target at 1308,728 (search 16 ms)
2026-07-23 14:25:49 [woodcutting] ReleasePendingModifiersNow: released Ctrl
2026-07-23 14:25:49 [woodcutting] FindFilledBlock: found at 1346,732 (51x51 0x008B07 tol=5, 16 ms)
2026-07-23 14:25:49 [woodcutting] Tracking not-yet-stable target at 1346,732 (search 16 ms)
2026-07-23 14:25:49 [woodcutting] FindFilledBlock: found at 1346,732 (51x51 0x008B07 tol=5, 16 ms)
2026-07-23 14:25:49 [woodcutting] Tracking not-yet-stable target at 1346,732 (search 16 ms)
2026-07-23 14:25:49 [woodcutting] FindFilledBlock: found at 1308,728 (51x51 0x008B07 tol=5, 0 ms)
2026-07-23 14:25:49 [woodcutting] Tracking not-yet-stable target at 1308,728 (search 0 ms)
2026-07-23 14:25:49 [woodcutting] FindFilledBlock: found at 1308,728 (51x51 0x008B07 tol=5, 16 ms)
2026-07-23 14:25:49 [woodcutting] Tracking not-yet-stable target at 1308,728 (search 16 ms)
2026-07-23 14:25:50 [woodcutting] FindFilledBlock: found at 1308,728 (51x51 0x008B07 tol=5, 15 ms)
2026-07-23 14:25:50 [woodcutting] Tracking stable target at 1308,728 (cooldown active, search 15 ms)
2026-07-23 14:25:50 [woodcutting] FindFilledBlock: found at 1308,728 (51x51 0x008B07 tol=5, 0 ms)
2026-07-23 14:25:50 [woodcutting] Tracking stable target at 1308,728 (cooldown active, search 0 ms)
2026-07-23 14:25:50 [woodcutting] FindFilledBlock: found at 1308,728 (51x51 0x008B07 tol=5, 15 ms)
2026-07-23 14:25:50 [woodcutting] Tracking stable target at 1308,728 (cooldown active, search 15 ms)
2026-07-23 14:25:50 [woodcutting] FindFilledBlock: found at 1308,728 (51x51 0x008B07 tol=5, 16 ms)
2026-07-23 14:25:50 [woodcutting] Tracking stable target at 1308,728 (cooldown active, search 16 ms)
2026-07-23 14:25:50 [woodcutting] FindFilledBlock: found at 1308,728 (51x51 0x008B07 tol=5, 16 ms)
2026-07-23 14:25:50 [woodcutting] Clicked STABLE target at 1308,728 (search 16 ms)
2026-07-23 14:25:50 [woodcutting] ReleasePendingModifiersNow: released Ctrl
2026-07-23 14:25:51 [woodcutting] FindFilledBlock: found at 1346,732 (51x51 0x008B07 tol=5, 0 ms)
2026-07-23 14:25:51 [woodcutting] Tracking not-yet-stable target at 1346,732 (search 0 ms)
2026-07-23 14:25:51 [woodcutting] FindFilledBlock: found at 1346,732 (51x51 0x008B07 tol=5, 16 ms)
2026-07-23 14:25:51 [woodcutting] Tracking not-yet-stable target at 1346,732 (search 16 ms)
2026-07-23 14:25:51 [woodcutting] FindFilledBlock: found at 1308,728 (51x51 0x008B07 tol=5, 16 ms)
2026-07-23 14:25:51 [woodcutting] Tracking not-yet-stable target at 1308,728 (search 16 ms)
2026-07-23 14:25:51 [woodcutting] FindFilledBlock: found at 1308,728 (51x51 0x008B07 tol=5, 16 ms)
2026-07-23 14:25:51 [woodcutting] Tracking not-yet-stable target at 1308,728 (search 16 ms)
2026-07-23 14:25:51 [woodcutting] FindFilledBlock: found at 1308,728 (51x51 0x008B07 tol=5, 0 ms)
2026-07-23 14:25:51 [woodcutting] Tracking stable target at 1308,728 (cooldown active, search 0 ms)
2026-07-23 14:25:51 [woodcutting] FindFilledBlock: found at 1308,728 (51x51 0x008B07 tol=5, 15 ms)
2026-07-23 14:25:51 [woodcutting] Tracking stable target at 1308,728 (cooldown active, search 15 ms)
2026-07-23 14:25:52 [woodcutting] FindFilledBlock: found at 1308,728 (51x51 0x008B07 tol=5, 15 ms)
2026-07-23 14:25:52 [woodcutting] Tracking stable target at 1308,728 (cooldown active, search 15 ms)
2026-07-23 14:25:52 [woodcutting] FindFilledBlock: found at 1308,728 (51x51 0x008B07 tol=5, 16 ms)
2026-07-23 14:25:52 [woodcutting] Tracking stable target at 1308,728 (cooldown active, search 16 ms)
2026-07-23 14:25:52 [woodcutting] FindFilledBlock: found at 1308,728 (51x51 0x008B07 tol=5, 16 ms)
2026-07-23 14:25:52 [woodcutting] Clicked STABLE target at 1308,728 (search 16 ms)
2026-07-23 14:25:52 [woodcutting] ReleasePendingModifiersNow: released Ctrl
2026-07-23 14:25:52 [woodcutting] FindFilledBlock: found at 1346,732 (51x51 0x008B07 tol=5, 0 ms)
2026-07-23 14:25:52 [woodcutting] Tracking not-yet-stable target at 1346,732 (search 0 ms)
2026-07-23 14:25:52 [woodcutting] FindFilledBlock: found at 1346,732 (51x51 0x008B07 tol=5, 16 ms)
2026-07-23 14:25:52 [woodcutting] Tracking not-yet-stable target at 1346,732 (search 16 ms)
2026-07-23 14:25:53 [woodcutting] FindFilledBlock: found at 1308,728 (51x51 0x008B07 tol=5, 16 ms)
2026-07-23 14:25:53 [woodcutting] Tracking not-yet-stable target at 1308,728 (search 16 ms)
2026-07-23 14:25:53 [woodcutting] FindFilledBlock: found at 1308,728 (51x51 0x008B07 tol=5, 15 ms)
2026-07-23 14:25:53 [woodcutting] Tracking not-yet-stable target at 1308,728 (search 15 ms)
2026-07-23 14:25:53 [woodcutting] FindFilledBlock: found at 1308,728 (51x51 0x008B07 tol=5, 16 ms)
2026-07-23 14:25:53 [woodcutting] Tracking stable target at 1308,728 (cooldown active, search 16 ms)
2026-07-23 14:25:53 [woodcutting] FindFilledBlock: found at 1308,728 (51x51 0x008B07 tol=5, 15 ms)
2026-07-23 14:25:53 [woodcutting] Tracking stable target at 1308,728 (cooldown active, search 15 ms)
2026-07-23 14:25:53 [woodcutting] FindFilledBlock: found at 1308,728 (51x51 0x008B07 tol=5, 16 ms)
2026-07-23 14:25:53 [woodcutting] Tracking stable target at 1308,728 (cooldown active, search 16 ms)
2026-07-23 14:25:53 [woodcutting] FindFilledBlock: found at 1308,728 (51x51 0x008B07 tol=5, 15 ms)
2026-07-23 14:25:53 [woodcutting] Tracking stable target at 1308,728 (cooldown active, search 15 ms)
2026-07-23 14:25:54 [woodcutting] FindFilledBlock: found at 1308,728 (51x51 0x008B07 tol=5, 16 ms)
2026-07-23 14:25:54 [woodcutting] Clicked STABLE target at 1308,728 (search 16 ms)
2026-07-23 14:25:54 [woodcutting] ReleasePendingModifiersNow: released Ctrl
2026-07-23 14:25:54 [woodcutting] FindFilledBlock: found at 1346,732 (51x51 0x008B07 tol=5, 15 ms)
2026-07-23 14:25:54 [woodcutting] Tracking not-yet-stable target at 1346,732 (search 15 ms)
2026-07-23 14:25:54 [woodcutting] FindFilledBlock: found at 1308,728 (51x51 0x008B07 tol=5, 16 ms)
2026-07-23 14:25:54 [woodcutting] Tracking not-yet-stable target at 1308,728 (search 16 ms)
2026-07-23 14:25:54 [woodcutting] FindFilledBlock: found at 1308,728 (51x51 0x008B07 tol=5, 16 ms)
2026-07-23 14:25:54 [woodcutting] Tracking not-yet-stable target at 1308,728 (search 16 ms)
2026-07-23 14:25:54 [woodcutting] FindFilledBlock: found at 1308,728 (51x51 0x008B07 tol=5, 16 ms)
2026-07-23 14:25:54 [woodcutting] Tracking stable target at 1308,728 (cooldown active, search 16 ms)
2026-07-23 14:25:55 [woodcutting] FindFilledBlock: found at 1308,728 (51x51 0x008B07 tol=5, 16 ms)
2026-07-23 14:25:55 [woodcutting] Tracking stable target at 1308,728 (cooldown active, search 16 ms)
2026-07-23 14:25:55 [woodcutting] FindFilledBlock: found at 1308,728 (51x51 0x008B07 tol=5, 16 ms)
2026-07-23 14:25:55 [woodcutting] Tracking stable target at 1308,728 (cooldown active, search 16 ms)
2026-07-23 14:25:55 [woodcutting] FindFilledBlock: found at 1308,728 (51x51 0x008B07 tol=5, 16 ms)
2026-07-23 14:25:55 [woodcutting] Tracking stable target at 1308,728 (cooldown active, search 16 ms)
2026-07-23 14:25:55 [woodcutting] FindFilledBlock: found at 1308,728 (51x51 0x008B07 tol=5, 0 ms)
2026-07-23 14:25:55 [woodcutting] Tracking stable target at 1308,728 (cooldown active, search 0 ms)
2026-07-23 14:25:55 [woodcutting] FindFilledBlock: found at 1308,728 (51x51 0x008B07 tol=5, 15 ms)
2026-07-23 14:25:55 [woodcutting] Clicked STABLE target at 1308,728 (search 15 ms)
2026-07-23 14:25:56 [woodcutting] ReleasePendingModifiersNow: released Ctrl
2026-07-23 14:25:56 [woodcutting] FindFilledBlock: found at 1346,732 (51x51 0x008B07 tol=5, 16 ms)
2026-07-23 14:25:56 [woodcutting] Tracking not-yet-stable target at 1346,732 (search 16 ms)
2026-07-23 14:25:56 [woodcutting] FindFilledBlock: found at 1346,732 (51x51 0x008B07 tol=5, 16 ms)
2026-07-23 14:25:56 [woodcutting] Tracking not-yet-stable target at 1346,732 (search 16 ms)
2026-07-23 14:25:56 [woodcutting] FindFilledBlock: found at 1308,728 (51x51 0x008B07 tol=5, 16 ms)
2026-07-23 14:25:56 [woodcutting] Tracking not-yet-stable target at 1308,728 (search 16 ms)
2026-07-23 14:25:56 [woodcutting] FindFilledBlock: found at 1308,728 (51x51 0x008B07 tol=5, 16 ms)
2026-07-23 14:25:56 [woodcutting] Tracking not-yet-stable target at 1308,728 (search 16 ms)
2026-07-23 14:25:56 [woodcutting] FindFilledBlock: found at 1308,728 (51x51 0x008B07 tol=5, 16 ms)
2026-07-23 14:25:56 [woodcutting] Tracking stable target at 1308,728 (cooldown active, search 16 ms)
2026-07-23 14:25:57 [woodcutting] FindFilledBlock: found at 1308,728 (51x51 0x008B07 tol=5, 16 ms)
2026-07-23 14:25:57 [woodcutting] Tracking stable target at 1308,728 (cooldown active, search 16 ms)
2026-07-23 14:25:57 [woodcutting] FindFilledBlock: found at 1308,728 (51x51 0x008B07 tol=5, 16 ms)
2026-07-23 14:25:57 [woodcutting] Tracking stable target at 1308,728 (cooldown active, search 16 ms)
2026-07-23 14:25:57 [woodcutting] FindFilledBlock: found at 1308,728 (51x51 0x008B07 tol=5, 16 ms)
2026-07-23 14:25:57 [woodcutting] Tracking stable target at 1308,728 (cooldown active, search 16 ms)
2026-07-23 14:25:57 [woodcutting] FindFilledBlock: found at 1308,728 (51x51 0x008B07 tol=5, 16 ms)
2026-07-23 14:25:57 [woodcutting] Clicked STABLE target at 1308,728 (search 16 ms)
2026-07-23 14:25:57 [woodcutting] ReleasePendingModifiersNow: released Ctrl
2026-07-23 14:25:57 [woodcutting] FindFilledBlock: found at 1346,732 (51x51 0x008B07 tol=5, 16 ms)
2026-07-23 14:25:57 [woodcutting] Tracking not-yet-stable target at 1346,732 (search 16 ms)
2026-07-23 14:25:58 [woodcutting] FindFilledBlock: found at 1346,732 (51x51 0x008B07 tol=5, 15 ms)
2026-07-23 14:25:58 [woodcutting] Tracking not-yet-stable target at 1346,732 (search 15 ms)
2026-07-23 14:25:58 [woodcutting] FindFilledBlock: found at 1308,728 (51x51 0x008B07 tol=5, 15 ms)
2026-07-23 14:25:58 [woodcutting] Tracking not-yet-stable target at 1308,728 (search 15 ms)
2026-07-23 14:25:58 [woodcutting] FindFilledBlock: found at 1308,728 (51x51 0x008B07 tol=5, 16 ms)
2026-07-23 14:25:58 [woodcutting] Tracking not-yet-stable target at 1308,728 (search 16 ms)
2026-07-23 14:25:58 [woodcutting] FindFilledBlock: found at 1308,728 (51x51 0x008B07 tol=5, 15 ms)
2026-07-23 14:25:58 [woodcutting] Tracking stable target at 1308,728 (cooldown active, search 15 ms)
2026-07-23 14:25:58 [woodcutting] FindFilledBlock: found at 1308,728 (51x51 0x008B07 tol=5, 16 ms)
2026-07-23 14:25:58 [woodcutting] Tracking stable target at 1308,728 (cooldown active, search 16 ms)
2026-07-23 14:25:58 [woodcutting] FindFilledBlock: found at 1308,728 (51x51 0x008B07 tol=5, 16 ms)
2026-07-23 14:25:58 [woodcutting] Tracking stable target at 1308,728 (cooldown active, search 16 ms)
2026-07-23 14:25:59 [woodcutting] FindFilledBlock: found at 1308,728 (51x51 0x008B07 tol=5, 0 ms)
2026-07-23 14:25:59 [woodcutting] Tracking stable target at 1308,728 (cooldown active, search 0 ms)
2026-07-23 14:25:59 [woodcutting] FindFilledBlock: found at 1308,728 (51x51 0x008B07 tol=5, 0 ms)
2026-07-23 14:25:59 [woodcutting] Clicked STABLE target at 1308,728 (search 0 ms)
2026-07-23 14:25:59 [woodcutting] ReleasePendingModifiersNow: released Ctrl
2026-07-23 14:25:59 [woodcutting] FindFilledBlock: found at 1346,732 (51x51 0x008B07 tol=5, 0 ms)
2026-07-23 14:25:59 [woodcutting] Tracking not-yet-stable target at 1346,732 (search 0 ms)
2026-07-23 14:25:59 [woodcutting] FindFilledBlock: found at 1346,732 (51x51 0x008B07 tol=5, 0 ms)
2026-07-23 14:25:59 [woodcutting] Tracking not-yet-stable target at 1346,732 (search 16 ms)
2026-07-23 14:25:59 [woodcutting] FindFilledBlock: found at 1308,728 (51x51 0x008B07 tol=5, 0 ms)
2026-07-23 14:25:59 [woodcutting] Tracking not-yet-stable target at 1308,728 (search 0 ms)
2026-07-23 14:26:00 [woodcutting] FindFilledBlock: found at 1308,728 (51x51 0x008B07 tol=5, 0 ms)
2026-07-23 14:26:00 [woodcutting] Tracking not-yet-stable target at 1308,728 (search 0 ms)
2026-07-23 14:26:00 [woodcutting] FindFilledBlock: found at 1308,728 (51x51 0x008B07 tol=5, 0 ms)
2026-07-23 14:26:00 [woodcutting] Tracking stable target at 1308,728 (cooldown active, search 0 ms)
2026-07-23 14:26:00 [woodcutting] FindFilledBlock: found at 1308,728 (51x51 0x008B07 tol=5, 16 ms)
2026-07-23 14:26:00 [woodcutting] Tracking stable target at 1308,728 (cooldown active, search 16 ms)
2026-07-23 14:26:00 [woodcutting] FindFilledBlock: found at 1308,728 (51x51 0x008B07 tol=5, 15 ms)
2026-07-23 14:26:00 [woodcutting] Tracking stable target at 1308,728 (cooldown active, search 15 ms)
2026-07-23 14:26:00 [woodcutting] FindFilledBlock: found at 1308,728 (51x51 0x008B07 tol=5, 16 ms)
2026-07-23 14:26:00 [woodcutting] Tracking stable target at 1308,728 (cooldown active, search 16 ms)
2026-07-23 14:26:00 [woodcutting] FindFilledBlock: found at 1308,728 (51x51 0x008B07 tol=5, 15 ms)
2026-07-23 14:26:01 [woodcutting] Clicked STABLE target at 1308,728 (search 15 ms)
2026-07-23 14:26:01 [woodcutting] ReleasePendingModifiersNow: released Ctrl
2026-07-23 14:26:01 [woodcutting] FindFilledBlock: found at 1346,732 (51x51 0x008B07 tol=5, 16 ms)
2026-07-23 14:26:01 [woodcutting] Tracking not-yet-stable target at 1346,732 (search 16 ms)
2026-07-23 14:26:01 [woodcutting] FindFilledBlock: found at 1346,732 (51x51 0x008B07 tol=5, 15 ms)
2026-07-23 14:26:01 [woodcutting] Tracking not-yet-stable target at 1346,732 (search 15 ms)
2026-07-23 14:26:01 [woodcutting] FindFilledBlock: found at 1308,728 (51x51 0x008B07 tol=5, 16 ms)
2026-07-23 14:26:01 [woodcutting] Tracking not-yet-stable target at 1308,728 (search 16 ms)
2026-07-23 14:26:01 [woodcutting] FindFilledBlock: found at 1308,728 (51x51 0x008B07 tol=5, 0 ms)
2026-07-23 14:26:01 [woodcutting] Tracking not-yet-stable target at 1308,728 (search 16 ms)
2026-07-23 14:26:01 [woodcutting] FindFilledBlock: found at 1308,728 (51x51 0x008B07 tol=5, 15 ms)
2026-07-23 14:26:01 [woodcutting] Tracking stable target at 1308,728 (cooldown active, search 15 ms)
2026-07-23 14:26:02 [woodcutting] FindFilledBlock: found at 1308,728 (51x51 0x008B07 tol=5, 0 ms)
2026-07-23 14:26:02 [woodcutting] Tracking stable target at 1308,728 (cooldown active, search 15 ms)
2026-07-23 14:26:02 [woodcutting] FindFilledBlock: found at 1308,728 (51x51 0x008B07 tol=5, 16 ms)
2026-07-23 14:26:02 [woodcutting] Tracking stable target at 1308,728 (cooldown active, search 16 ms)
2026-07-23 14:26:02 [woodcutting] FindFilledBlock: found at 1308,728 (51x51 0x008B07 tol=5, 16 ms)
2026-07-23 14:26:02 [woodcutting] Tracking stable target at 1308,728 (cooldown active, search 16 ms)
2026-07-23 14:26:02 [woodcutting] FindFilledBlock: found at 1308,728 (51x51 0x008B07 tol=5, 15 ms)
2026-07-23 14:26:02 [woodcutting] Clicked STABLE target at 1308,728 (search 15 ms)
2026-07-23 14:26:02 [woodcutting] ReleasePendingModifiersNow: released Ctrl
2026-07-23 14:26:02 [woodcutting] FindFilledBlock: found at 1346,732 (51x51 0x008B07 tol=5, 16 ms)
2026-07-23 14:26:02 [woodcutting] Tracking not-yet-stable target at 1346,732 (search 16 ms)
2026-07-23 14:26:03 [woodcutting] FindFilledBlock: found at 1346,732 (51x51 0x008B07 tol=5, 16 ms)
2026-07-23 14:26:03 [woodcutting] Tracking not-yet-stable target at 1346,732 (search 16 ms)
2026-07-23 14:26:03 [woodcutting] FindFilledBlock: found at 1308,728 (51x51 0x008B07 tol=5, 16 ms)
2026-07-23 14:26:03 [woodcutting] Tracking not-yet-stable target at 1308,728 (search 16 ms)
2026-07-23 14:26:03 [woodcutting] FindFilledBlock: found at 1308,728 (51x51 0x008B07 tol=5, 16 ms)
2026-07-23 14:26:03 [woodcutting] Tracking not-yet-stable target at 1308,728 (search 16 ms)
2026-07-23 14:26:03 [woodcutting] FindFilledBlock: found at 1308,728 (51x51 0x008B07 tol=5, 16 ms)
2026-07-23 14:26:03 [woodcutting] Tracking stable target at 1308,728 (cooldown active, search 16 ms)
2026-07-23 14:26:03 [woodcutting] FindFilledBlock: found at 1308,728 (51x51 0x008B07 tol=5, 15 ms)
2026-07-23 14:26:03 [woodcutting] Tracking stable target at 1308,728 (cooldown active, search 15 ms)
2026-07-23 14:26:04 [woodcutting] FindFilledBlock: found at 1308,728 (51x51 0x008B07 tol=5, 15 ms)
2026-07-23 14:26:04 [woodcutting] Tracking stable target at 1308,728 (cooldown active, search 15 ms)
2026-07-23 14:26:04 [woodcutting] FindFilledBlock: found at 1308,728 (51x51 0x008B07 tol=5, 15 ms)
2026-07-23 14:26:04 [woodcutting] Tracking stable target at 1308,728 (cooldown active, search 15 ms)
2026-07-23 14:26:04 [woodcutting] FindFilledBlock: found at 1308,728 (51x51 0x008B07 tol=5, 15 ms)
2026-07-23 14:26:04 [woodcutting] Clicked STABLE target at 1308,728 (search 15 ms)
2026-07-23 14:26:04 [woodcutting] ReleasePendingModifiersNow: released Ctrl
2026-07-23 14:26:04 [woodcutting] FindFilledBlock: found at 1346,732 (51x51 0x008B07 tol=5, 16 ms)
2026-07-23 14:26:04 [woodcutting] Tracking not-yet-stable target at 1346,732 (search 16 ms)
2026-07-23 14:26:04 [woodcutting] FindFilledBlock: found at 1346,732 (51x51 0x008B07 tol=5, 0 ms)
2026-07-23 14:26:04 [woodcutting] Tracking not-yet-stable target at 1346,732 (search 0 ms)
2026-07-23 14:26:05 [woodcutting] FindFilledBlock: found at 1308,728 (51x51 0x008B07 tol=5, 15 ms)
2026-07-23 14:26:05 [woodcutting] Tracking not-yet-stable target at 1308,728 (search 15 ms)
2026-07-23 14:26:05 [woodcutting] FindFilledBlock: found at 1308,728 (51x51 0x008B07 tol=5, 0 ms)
2026-07-23 14:26:05 [woodcutting] Tracking not-yet-stable target at 1308,728 (search 0 ms)
2026-07-23 14:26:05 [woodcutting] FindFilledBlock: found at 1308,728 (51x51 0x008B07 tol=5, 16 ms)
2026-07-23 14:26:05 [woodcutting] Tracking stable target at 1308,728 (cooldown active, search 16 ms)
2026-07-23 14:26:05 [woodcutting] FindFilledBlock: found at 1308,728 (51x51 0x008B07 tol=5, 16 ms)
2026-07-23 14:26:05 [woodcutting] Tracking stable target at 1308,728 (cooldown active, search 16 ms)
2026-07-23 14:26:05 [woodcutting] FindFilledBlock: found at 1308,728 (51x51 0x008B07 tol=5, 15 ms)
2026-07-23 14:26:05 [woodcutting] Tracking stable target at 1308,728 (cooldown active, search 15 ms)
2026-07-23 14:26:05 [woodcutting] FindFilledBlock: found at 1308,728 (51x51 0x008B07 tol=5, 16 ms)
2026-07-23 14:26:05 [woodcutting] Tracking stable target at 1308,728 (cooldown active, search 16 ms)
2026-07-23 14:26:05 [woodcutting] FindFilledBlock: found at 1308,728 (51x51 0x008B07 tol=5, 16 ms)
2026-07-23 14:26:05 [woodcutting] Tracking stable target at 1308,728 (cooldown active, search 16 ms)
2026-07-23 14:26:06 [woodcutting] FindFilledBlock: found at 1308,728 (51x51 0x008B07 tol=5, 0 ms)
2026-07-23 14:26:06 [woodcutting] Clicked STABLE target at 1308,728 (search 0 ms)
2026-07-23 14:26:06 [woodcutting] ReleasePendingModifiersNow: released Ctrl
2026-07-23 14:26:06 [woodcutting] FindFilledBlock: found at 1346,732 (51x51 0x008B07 tol=5, 0 ms)
2026-07-23 14:26:06 [woodcutting] Tracking not-yet-stable target at 1346,732 (search 0 ms)
2026-07-23 14:26:06 [woodcutting] FindFilledBlock: found at 1346,732 (51x51 0x008B07 tol=5, 16 ms)
2026-07-23 14:26:06 [woodcutting] Tracking not-yet-stable target at 1346,732 (search 16 ms)
2026-07-23 14:26:06 [woodcutting] FindFilledBlock: found at 1308,728 (51x51 0x008B07 tol=5, 0 ms)
2026-07-23 14:26:06 [woodcutting] Tracking not-yet-stable target at 1308,728 (search 0 ms)
2026-07-23 14:26:06 [woodcutting] FindFilledBlock: found at 1308,728 (51x51 0x008B07 tol=5, 0 ms)
2026-07-23 14:26:06 [woodcutting] Tracking not-yet-stable target at 1308,728 (search 0 ms)
2026-07-23 14:26:07 [woodcutting] FindFilledBlock: found at 1308,728 (51x51 0x008B07 tol=5, 0 ms)
2026-07-23 14:26:07 [woodcutting] Tracking stable target at 1308,728 (cooldown active, search 0 ms)
2026-07-23 14:26:07 [woodcutting] FindFilledBlock: found at 1308,728 (51x51 0x008B07 tol=5, 0 ms)
2026-07-23 14:26:07 [woodcutting] Tracking stable target at 1308,728 (cooldown active, search 16 ms)
2026-07-23 14:26:07 [woodcutting] FindFilledBlock: found at 1308,728 (51x51 0x008B07 tol=5, 15 ms)
2026-07-23 14:26:07 [woodcutting] Tracking stable target at 1308,728 (cooldown active, search 15 ms)
2026-07-23 14:26:07 [woodcutting] FindFilledBlock: found at 1308,728 (51x51 0x008B07 tol=5, 0 ms)
2026-07-23 14:26:07 [woodcutting] Tracking stable target at 1308,728 (cooldown active, search 0 ms)
2026-07-23 14:26:07 [woodcutting] FindFilledBlock: found at 1308,728 (51x51 0x008B07 tol=5, 16 ms)
2026-07-23 14:26:07 [woodcutting] Clicked STABLE target at 1308,728 (search 16 ms)
2026-07-23 14:26:07 [woodcutting] ReleasePendingModifiersNow: released Ctrl
2026-07-23 14:26:08 [woodcutting] FindFilledBlock: found at 1346,732 (51x51 0x008B07 tol=5, 15 ms)
2026-07-23 14:26:08 [woodcutting] Tracking not-yet-stable target at 1346,732 (search 15 ms)
2026-07-23 14:26:08 [woodcutting] FindFilledBlock: found at 1308,728 (51x51 0x008B07 tol=5, 15 ms)
2026-07-23 14:26:08 [woodcutting] Tracking not-yet-stable target at 1308,728 (search 15 ms)
2026-07-23 14:26:08 [woodcutting] FindFilledBlock: found at 1308,728 (51x51 0x008B07 tol=5, 15 ms)
2026-07-23 14:26:08 [woodcutting] Tracking not-yet-stable target at 1308,728 (search 15 ms)
2026-07-23 14:26:08 [woodcutting] FindFilledBlock: found at 1308,728 (51x51 0x008B07 tol=5, 15 ms)
2026-07-23 14:26:08 [woodcutting] Tracking stable target at 1308,728 (cooldown active, search 15 ms)
2026-07-23 14:26:08 [woodcutting] FindFilledBlock: found at 1308,728 (51x51 0x008B07 tol=5, 15 ms)
2026-07-23 14:26:08 [woodcutting] Tracking stable target at 1308,728 (cooldown active, search 15 ms)
2026-07-23 14:26:08 [woodcutting] FindFilledBlock: found at 1308,728 (51x51 0x008B07 tol=5, 15 ms)
2026-07-23 14:26:08 [woodcutting] Tracking stable target at 1308,728 (cooldown active, search 15 ms)
2026-07-23 14:26:09 [woodcutting] FindFilledBlock: found at 1308,728 (51x51 0x008B07 tol=5, 16 ms)
2026-07-23 14:26:09 [woodcutting] Tracking stable target at 1308,728 (cooldown active, search 16 ms)
2026-07-23 14:26:09 [woodcutting] FindFilledBlock: found at 1308,728 (51x51 0x008B07 tol=5, 16 ms)
2026-07-23 14:26:09 [woodcutting] Tracking stable target at 1308,728 (cooldown active, search 16 ms)
2026-07-23 14:26:09 [woodcutting] FindFilledBlock: found at 1308,728 (51x51 0x008B07 tol=5, 16 ms)
2026-07-23 14:26:09 [woodcutting] Clicked STABLE target at 1308,728 (search 16 ms)
2026-07-23 14:26:09 [woodcutting] ReleasePendingModifiersNow: released Ctrl
2026-07-23 14:26:09 [woodcutting] FindFilledBlock: found at 1346,732 (51x51 0x008B07 tol=5, 16 ms)
2026-07-23 14:26:09 [woodcutting] Tracking not-yet-stable target at 1346,732 (search 16 ms)
2026-07-23 14:26:09 [woodcutting] FindFilledBlock: found at 1346,732 (51x51 0x008B07 tol=5, 0 ms)
2026-07-23 14:26:09 [woodcutting] Tracking not-yet-stable target at 1346,732 (search 0 ms)
2026-07-23 14:26:10 [woodcutting] FindFilledBlock: found at 1308,728 (51x51 0x008B07 tol=5, 15 ms)
2026-07-23 14:26:10 [woodcutting] Tracking not-yet-stable target at 1308,728 (search 15 ms)
2026-07-23 14:26:10 [woodcutting] FindFilledBlock: found at 1308,728 (51x51 0x008B07 tol=5, 16 ms)
2026-07-23 14:26:10 [woodcutting] Tracking not-yet-stable target at 1308,728 (search 16 ms)
2026-07-23 14:26:10 [woodcutting] FindFilledBlock: found at 1308,728 (51x51 0x008B07 tol=5, 16 ms)
2026-07-23 14:26:10 [woodcutting] Tracking stable target at 1308,728 (cooldown active, search 16 ms)
2026-07-23 14:26:10 [woodcutting] FindFilledBlock: found at 1308,728 (51x51 0x008B07 tol=5, 16 ms)
2026-07-23 14:26:10 [woodcutting] Tracking stable target at 1308,728 (cooldown active, search 16 ms)
2026-07-23 14:26:10 [woodcutting] FindFilledBlock: found at 1308,728 (51x51 0x008B07 tol=5, 15 ms)
2026-07-23 14:26:10 [woodcutting] Tracking stable target at 1308,728 (cooldown active, search 15 ms)
2026-07-23 14:26:10 [woodcutting] FindFilledBlock: found at 1308,728 (51x51 0x008B07 tol=5, 16 ms)
2026-07-23 14:26:10 [woodcutting] Tracking stable target at 1308,728 (cooldown active, search 16 ms)
2026-07-23 14:26:11 [woodcutting] FindFilledBlock: found at 1308,728 (51x51 0x008B07 tol=5, 0 ms)
2026-07-23 14:26:11 [woodcutting] Clicked STABLE target at 1308,728 (search 0 ms)
2026-07-23 14:26:11 [woodcutting] ReleasePendingModifiersNow: released Ctrl
2026-07-23 14:26:11 [woodcutting] FindFilledBlock: found at 1346,732 (51x51 0x008B07 tol=5, 0 ms)
2026-07-23 14:26:11 [woodcutting] Tracking not-yet-stable target at 1346,732 (search 0 ms)
2026-07-23 14:26:11 [woodcutting] FindFilledBlock: found at 1346,732 (51x51 0x008B07 tol=5, 15 ms)
2026-07-23 14:26:11 [woodcutting] Tracking not-yet-stable target at 1346,732 (search 15 ms)
2026-07-23 14:26:11 [woodcutting] FindFilledBlock: found at 1308,728 (51x51 0x008B07 tol=5, 0 ms)
2026-07-23 14:26:11 [woodcutting] Tracking not-yet-stable target at 1308,728 (search 0 ms)
2026-07-23 14:26:11 [woodcutting] FindFilledBlock: found at 1308,728 (51x51 0x008B07 tol=5, 16 ms)
2026-07-23 14:26:11 [woodcutting] Tracking not-yet-stable target at 1308,728 (search 16 ms)
2026-07-23 14:26:12 [woodcutting] FindFilledBlock: found at 1308,728 (51x51 0x008B07 tol=5, 0 ms)
2026-07-23 14:26:12 [woodcutting] Tracking stable target at 1308,728 (cooldown active, search 0 ms)
2026-07-23 14:26:12 [woodcutting] FindFilledBlock: found at 1308,728 (51x51 0x008B07 tol=5, 15 ms)
2026-07-23 14:26:12 [woodcutting] Tracking stable target at 1308,728 (cooldown active, search 15 ms)
2026-07-23 14:26:12 [woodcutting] FindFilledBlock: found at 1308,728 (51x51 0x008B07 tol=5, 15 ms)
2026-07-23 14:26:12 [woodcutting] Tracking stable target at 1308,728 (cooldown active, search 15 ms)
2026-07-23 14:26:12 [woodcutting] FindFilledBlock: found at 1308,728 (51x51 0x008B07 tol=5, 15 ms)
2026-07-23 14:26:12 [woodcutting] Tracking stable target at 1308,728 (cooldown active, search 15 ms)
2026-07-23 14:26:12 [woodcutting] FindFilledBlock: found at 1308,728 (51x51 0x008B07 tol=5, 15 ms)
2026-07-23 14:26:12 [woodcutting] Clicked STABLE target at 1308,728 (search 15 ms)
2026-07-23 14:26:12 [woodcutting] ReleasePendingModifiersNow: released Ctrl
2026-07-23 14:26:13 [woodcutting] FindFilledBlock: found at 1346,732 (51x51 0x008B07 tol=5, 0 ms)
2026-07-23 14:26:13 [woodcutting] Tracking not-yet-stable target at 1346,732 (search 0 ms)
2026-07-23 14:26:13 [woodcutting] FindFilledBlock: found at 1308,728 (51x51 0x008B07 tol=5, 15 ms)
2026-07-23 14:26:13 [woodcutting] Tracking not-yet-stable target at 1308,728 (search 15 ms)
2026-07-23 14:26:13 [woodcutting] FindFilledBlock: found at 1308,728 (51x51 0x008B07 tol=5, 15 ms)
2026-07-23 14:26:13 [woodcutting] Tracking not-yet-stable target at 1308,728 (search 15 ms)
2026-07-23 14:26:13 [woodcutting] FindFilledBlock: found at 1308,728 (51x51 0x008B07 tol=5, 15 ms)
2026-07-23 14:26:13 [woodcutting] Tracking stable target at 1308,728 (cooldown active, search 15 ms)
2026-07-23 14:26:13 [woodcutting] FindFilledBlock: found at 1308,728 (51x51 0x008B07 tol=5, 15 ms)
2026-07-23 14:26:13 [woodcutting] Tracking stable target at 1308,728 (cooldown active, search 15 ms)
2026-07-23 14:26:14 [woodcutting] FindFilledBlock: found at 1308,728 (51x51 0x008B07 tol=5, 15 ms)
2026-07-23 14:26:14 [woodcutting] Tracking stable target at 1308,728 (cooldown active, search 15 ms)
2026-07-23 14:26:14 [woodcutting] FindFilledBlock: found at 1308,728 (51x51 0x008B07 tol=5, 16 ms)
2026-07-23 14:26:14 [woodcutting] Tracking stable target at 1308,728 (cooldown active, search 16 ms)
2026-07-23 14:26:14 [woodcutting] FindFilledBlock: found at 1308,728 (51x51 0x008B07 tol=5, 16 ms)
2026-07-23 14:26:14 [woodcutting] Tracking stable target at 1308,728 (cooldown active, search 16 ms)
2026-07-23 14:26:14 [woodcutting] FindFilledBlock: found at 1308,728 (51x51 0x008B07 tol=5, 0 ms)
2026-07-23 14:26:14 [woodcutting] Clicked STABLE target at 1308,728 (search 0 ms)
2026-07-23 14:26:14 [woodcutting] ReleasePendingModifiersNow: released Ctrl
2026-07-23 14:26:14 [woodcutting] FindFilledBlock: found at 1346,732 (51x51 0x008B07 tol=5, 0 ms)
2026-07-23 14:26:14 [woodcutting] Tracking not-yet-stable target at 1346,732 (search 0 ms)
2026-07-23 14:26:15 [woodcutting] FindFilledBlock: found at 1346,732 (51x51 0x008B07 tol=5, 0 ms)
2026-07-23 14:26:15 [woodcutting] Tracking not-yet-stable target at 1346,732 (search 16 ms)
2026-07-23 14:26:15 [woodcutting] FindFilledBlock: found at 1308,728 (51x51 0x008B07 tol=5, 0 ms)
2026-07-23 14:26:15 [woodcutting] Tracking not-yet-stable target at 1308,728 (search 0 ms)
2026-07-23 14:26:15 [woodcutting] FindFilledBlock: found at 1308,728 (51x51 0x008B07 tol=5, 0 ms)
2026-07-23 14:26:15 [woodcutting] Tracking not-yet-stable target at 1308,728 (search 15 ms)
2026-07-23 14:26:15 [woodcutting] FindFilledBlock: found at 1308,728 (51x51 0x008B07 tol=5, 16 ms)
2026-07-23 14:26:15 [woodcutting] Tracking stable target at 1308,728 (cooldown active, search 16 ms)
2026-07-23 14:26:15 [woodcutting] FindFilledBlock: found at 1308,728 (51x51 0x008B07 tol=5, 0 ms)
2026-07-23 14:26:15 [woodcutting] Tracking stable target at 1308,728 (cooldown active, search 16 ms)
2026-07-23 14:26:15 [woodcutting] FindFilledBlock: found at 1308,728 (51x51 0x008B07 tol=5, 15 ms)
2026-07-23 14:26:15 [woodcutting] Tracking stable target at 1308,728 (cooldown active, search 15 ms)
2026-07-23 14:26:15 [woodcutting] FindFilledBlock: found at 1308,728 (51x51 0x008B07 tol=5, 0 ms)
2026-07-23 14:26:15 [woodcutting] Tracking stable target at 1308,728 (cooldown active, search 15 ms)
2026-07-23 14:26:16 [woodcutting] FindFilledBlock: found at 1308,728 (51x51 0x008B07 tol=5, 16 ms)
2026-07-23 14:26:16 [woodcutting] Clicked STABLE target at 1308,728 (search 16 ms)
2026-07-23 14:26:16 [woodcutting] ReleasePendingModifiersNow: released Ctrl
2026-07-23 14:26:16 [woodcutting] FindFilledBlock: found at 1346,732 (51x51 0x008B07 tol=5, 15 ms)
2026-07-23 14:26:16 [woodcutting] Tracking not-yet-stable target at 1346,732 (search 15 ms)
2026-07-23 14:26:16 [woodcutting] FindFilledBlock: found at 1308,728 (51x51 0x008B07 tol=5, 15 ms)
2026-07-23 14:26:16 [woodcutting] Tracking not-yet-stable target at 1308,728 (search 15 ms)
2026-07-23 14:26:16 [woodcutting] FindFilledBlock: found at 1308,728 (51x51 0x008B07 tol=5, 15 ms)
2026-07-23 14:26:16 [woodcutting] Tracking not-yet-stable target at 1308,728 (search 15 ms)
2026-07-23 14:26:17 [woodcutting] FindFilledBlock: found at 1308,728 (51x51 0x008B07 tol=5, 15 ms)
2026-07-23 14:26:17 [woodcutting] Tracking stable target at 1308,728 (cooldown active, search 15 ms)
2026-07-23 14:26:17 [woodcutting] FindFilledBlock: found at 1308,728 (51x51 0x008B07 tol=5, 15 ms)
2026-07-23 14:26:17 [woodcutting] Tracking stable target at 1308,728 (cooldown active, search 15 ms)
2026-07-23 14:26:17 [woodcutting] FindFilledBlock: found at 1308,728 (51x51 0x008B07 tol=5, 15 ms)
2026-07-23 14:26:17 [woodcutting] Tracking stable target at 1308,728 (cooldown active, search 15 ms)
2026-07-23 14:26:17 [woodcutting] FindFilledBlock: found at 1308,728 (51x51 0x008B07 tol=5, 15 ms)
2026-07-23 14:26:17 [woodcutting] Tracking stable target at 1308,728 (cooldown active, search 15 ms)
2026-07-23 14:26:17 [woodcutting] FindFilledBlock: found at 1308,728 (51x51 0x008B07 tol=5, 15 ms)
2026-07-23 14:26:17 [woodcutting] Tracking stable target at 1308,728 (cooldown active, search 15 ms)
2026-07-23 14:26:17 [woodcutting] FindFilledBlock: found at 1308,728 (51x51 0x008B07 tol=5, 15 ms)
2026-07-23 14:26:17 [woodcutting] Clicked STABLE target at 1308,728 (search 15 ms)
2026-07-23 14:26:18 [woodcutting] ReleasePendingModifiersNow: released Ctrl
2026-07-23 14:26:18 [woodcutting] FindFilledBlock: found at 1346,732 (51x51 0x008B07 tol=5, 16 ms)
2026-07-23 14:26:18 [woodcutting] Tracking not-yet-stable target at 1346,732 (search 16 ms)
2026-07-23 14:26:18 [woodcutting] FindFilledBlock: found at 1308,728 (51x51 0x008B07 tol=5, 16 ms)
2026-07-23 14:26:18 [woodcutting] Tracking not-yet-stable target at 1308,728 (search 16 ms)
2026-07-23 14:26:18 [woodcutting] FindFilledBlock: found at 1308,728 (51x51 0x008B07 tol=5, 16 ms)
2026-07-23 14:26:18 [woodcutting] Tracking not-yet-stable target at 1308,728 (search 16 ms)
2026-07-23 14:26:18 [woodcutting] FindFilledBlock: found at 1308,728 (51x51 0x008B07 tol=5, 16 ms)
2026-07-23 14:26:18 [woodcutting] Tracking stable target at 1308,728 (cooldown active, search 16 ms)
2026-07-23 14:26:18 [woodcutting] FindFilledBlock: found at 1308,728 (51x51 0x008B07 tol=5, 16 ms)
2026-07-23 14:26:18 [woodcutting] Tracking stable target at 1308,728 (cooldown active, search 16 ms)
2026-07-23 14:26:19 [woodcutting] FindFilledBlock: found at 1308,728 (51x51 0x008B07 tol=5, 16 ms)
2026-07-23 14:26:19 [woodcutting] Tracking stable target at 1308,728 (cooldown active, search 16 ms)
2026-07-23 14:26:19 [woodcutting] FindFilledBlock: found at 1308,728 (51x51 0x008B07 tol=5, 16 ms)
2026-07-23 14:26:19 [woodcutting] Tracking stable target at 1308,728 (cooldown active, search 16 ms)
2026-07-23 14:26:19 [woodcutting] FindFilledBlock: found at 1308,728 (51x51 0x008B07 tol=5, 16 ms)
2026-07-23 14:26:19 [woodcutting] Tracking stable target at 1308,728 (cooldown active, search 16 ms)
2026-07-23 14:26:19 [woodcutting] FindFilledBlock: found at 1308,728 (51x51 0x008B07 tol=5, 16 ms)
2026-07-23 14:26:19 [woodcutting] Clicked STABLE target at 1308,728 (search 16 ms)
2026-07-23 14:26:19 [woodcutting] ReleasePendingModifiersNow: released Ctrl
2026-07-23 14:26:19 [woodcutting] FindFilledBlock: found at 1346,732 (51x51 0x008B07 tol=5, 0 ms)
2026-07-23 14:26:19 [woodcutting] Tracking not-yet-stable target at 1346,732 (search 0 ms)
2026-07-23 14:26:20 [woodcutting] FindFilledBlock: found at 1346,732 (51x51 0x008B07 tol=5, 16 ms)
2026-07-23 14:26:20 [woodcutting] Tracking not-yet-stable target at 1346,732 (search 16 ms)
2026-07-23 14:26:20 [woodcutting] FindFilledBlock: found at 1308,728 (51x51 0x008B07 tol=5, 16 ms)
2026-07-23 14:26:20 [woodcutting] Tracking not-yet-stable target at 1308,728 (search 16 ms)
2026-07-23 14:26:20 [woodcutting] FindFilledBlock: found at 1308,728 (51x51 0x008B07 tol=5, 15 ms)
2026-07-23 14:26:20 [woodcutting] Tracking not-yet-stable target at 1308,728 (search 15 ms)
2026-07-23 14:26:20 [woodcutting] FindFilledBlock: found at 1308,728 (51x51 0x008B07 tol=5, 15 ms)
2026-07-23 14:26:20 [woodcutting] Tracking stable target at 1308,728 (cooldown active, search 15 ms)
2026-07-23 14:26:20 [woodcutting] FindFilledBlock: found at 1308,728 (51x51 0x008B07 tol=5, 16 ms)
2026-07-23 14:26:20 [woodcutting] Tracking stable target at 1308,728 (cooldown active, search 16 ms)
2026-07-23 14:26:20 [woodcutting] FindFilledBlock: found at 1308,728 (51x51 0x008B07 tol=5, 0 ms)
2026-07-23 14:26:20 [woodcutting] Tracking stable target at 1308,728 (cooldown active, search 0 ms)
2026-07-23 14:26:21 [woodcutting] FindFilledBlock: found at 1308,728 (51x51 0x008B07 tol=5, 15 ms)
2026-07-23 14:26:21 [woodcutting] Tracking stable target at 1308,728 (cooldown active, search 15 ms)
2026-07-23 14:26:21 [woodcutting] FindFilledBlock: found at 1308,728 (51x51 0x008B07 tol=5, 0 ms)
2026-07-23 14:26:21 [woodcutting] Clicked STABLE target at 1308,728 (search 0 ms)
2026-07-23 14:26:21 [woodcutting] ReleasePendingModifiersNow: released Ctrl
2026-07-23 14:26:21 [woodcutting] FindFilledBlock: found at 1346,732 (51x51 0x008B07 tol=5, 0 ms)
2026-07-23 14:26:21 [woodcutting] Tracking not-yet-stable target at 1346,732 (search 0 ms)
2026-07-23 14:26:21 [woodcutting] FindFilledBlock: found at 1346,732 (51x51 0x008B07 tol=5, 15 ms)
2026-07-23 14:26:21 [woodcutting] Tracking not-yet-stable target at 1346,732 (search 15 ms)
2026-07-23 14:26:21 [woodcutting] FindFilledBlock: found at 1308,728 (51x51 0x008B07 tol=5, 0 ms)
2026-07-23 14:26:21 [woodcutting] Tracking not-yet-stable target at 1308,728 (search 0 ms)
2026-07-23 14:26:22 [woodcutting] FindFilledBlock: found at 1308,728 (51x51 0x008B07 tol=5, 15 ms)
2026-07-23 14:26:22 [woodcutting] Tracking not-yet-stable target at 1308,728 (search 15 ms)
2026-07-23 14:26:22 [woodcutting] FindFilledBlock: found at 1308,728 (51x51 0x008B07 tol=5, 0 ms)
2026-07-23 14:26:22 [woodcutting] Tracking stable target at 1308,728 (cooldown active, search 0 ms)
2026-07-23 14:26:22 [woodcutting] FindFilledBlock: found at 1308,728 (51x51 0x008B07 tol=5, 15 ms)
2026-07-23 14:26:22 [woodcutting] Tracking stable target at 1308,728 (cooldown active, search 15 ms)
2026-07-23 14:26:22 [woodcutting] FindFilledBlock: found at 1308,728 (51x51 0x008B07 tol=5, 16 ms)
2026-07-23 14:26:22 [woodcutting] Tracking stable target at 1308,728 (cooldown active, search 16 ms)
2026-07-23 14:26:22 [woodcutting] FindFilledBlock: found at 1308,728 (51x51 0x008B07 tol=5, 16 ms)
2026-07-23 14:26:22 [woodcutting] Tracking stable target at 1308,728 (cooldown active, search 16 ms)
2026-07-23 14:26:22 [woodcutting] FindFilledBlock: found at 1308,728 (51x51 0x008B07 tol=5, 16 ms)
2026-07-23 14:26:23 [woodcutting] Clicked STABLE target at 1308,728 (search 16 ms)
2026-07-23 14:26:23 [woodcutting] ReleasePendingModifiersNow: released Ctrl
2026-07-23 14:26:23 [woodcutting] FindFilledBlock: found at 1346,732 (51x51 0x008B07 tol=5, 15 ms)
2026-07-23 14:26:23 [woodcutting] Tracking not-yet-stable target at 1346,732 (search 15 ms)
2026-07-23 14:26:23 [woodcutting] FindFilledBlock: found at 1346,732 (51x51 0x008B07 tol=5, 16 ms)
2026-07-23 14:26:23 [woodcutting] Tracking not-yet-stable target at 1346,732 (search 16 ms)
2026-07-23 14:26:23 [woodcutting] FindFilledBlock: found at 1308,728 (51x51 0x008B07 tol=5, 16 ms)
2026-07-23 14:26:23 [woodcutting] Tracking not-yet-stable target at 1308,728 (search 16 ms)
2026-07-23 14:26:23 [woodcutting] FindFilledBlock: found at 1308,728 (51x51 0x008B07 tol=5, 16 ms)
2026-07-23 14:26:23 [woodcutting] Tracking not-yet-stable target at 1308,728 (search 16 ms)
2026-07-23 14:26:23 [woodcutting] FindFilledBlock: found at 1308,728 (51x51 0x008B07 tol=5, 16 ms)
2026-07-23 14:26:23 [woodcutting] Tracking stable target at 1308,728 (cooldown active, search 16 ms)
2026-07-23 14:26:24 [woodcutting] FindFilledBlock: found at 1308,728 (51x51 0x008B07 tol=5, 16 ms)
2026-07-23 14:26:24 [woodcutting] Tracking stable target at 1308,728 (cooldown active, search 16 ms)
2026-07-23 14:26:24 [woodcutting] FindFilledBlock: found at 1308,728 (51x51 0x008B07 tol=5, 16 ms)
2026-07-23 14:26:24 [woodcutting] Tracking stable target at 1308,728 (cooldown active, search 16 ms)
2026-07-23 14:26:24 [woodcutting] FindFilledBlock: found at 1308,728 (51x51 0x008B07 tol=5, 15 ms)
2026-07-23 14:26:24 [woodcutting] Tracking stable target at 1308,728 (cooldown active, search 15 ms)
2026-07-23 14:26:24 [woodcutting] FindFilledBlock: found at 1308,728 (51x51 0x008B07 tol=5, 16 ms)
2026-07-23 14:26:24 [woodcutting] Clicked STABLE target at 1308,728 (search 16 ms)
2026-07-23 14:26:24 [woodcutting] ReleasePendingModifiersNow: released Ctrl
2026-07-23 14:26:24 [woodcutting] FindFilledBlock: found at 1346,732 (51x51 0x008B07 tol=5, 16 ms)
2026-07-23 14:26:24 [woodcutting] Tracking not-yet-stable target at 1346,732 (search 16 ms)
2026-07-23 14:26:25 [woodcutting] FindFilledBlock: found at 1308,728 (51x51 0x008B07 tol=5, 16 ms)
2026-07-23 14:26:25 [woodcutting] Tracking not-yet-stable target at 1308,728 (search 16 ms)
2026-07-23 14:26:25 [woodcutting] FindFilledBlock: found at 1308,728 (51x51 0x008B07 tol=5, 16 ms)
2026-07-23 14:26:25 [woodcutting] Tracking not-yet-stable target at 1308,728 (search 16 ms)
2026-07-23 14:26:25 [woodcutting] FindFilledBlock: found at 1308,728 (51x51 0x008B07 tol=5, 16 ms)
2026-07-23 14:26:25 [woodcutting] Tracking stable target at 1308,728 (cooldown active, search 16 ms)
2026-07-23 14:26:25 [woodcutting] FindFilledBlock: found at 1308,728 (51x51 0x008B07 tol=5, 15 ms)
2026-07-23 14:26:25 [woodcutting] Tracking stable target at 1308,728 (cooldown active, search 15 ms)
2026-07-23 14:26:25 [woodcutting] FindFilledBlock: found at 1308,728 (51x51 0x008B07 tol=5, 16 ms)
2026-07-23 14:26:25 [woodcutting] Tracking stable target at 1308,728 (cooldown active, search 16 ms)
2026-07-23 14:26:25 [woodcutting] FindFilledBlock: found at 1308,728 (51x51 0x008B07 tol=5, 16 ms)
2026-07-23 14:26:25 [woodcutting] Tracking stable target at 1308,728 (cooldown active, search 16 ms)
2026-07-23 14:26:26 [woodcutting] FindFilledBlock: found at 1308,728 (51x51 0x008B07 tol=5, 16 ms)
2026-07-23 14:26:26 [woodcutting] Tracking stable target at 1308,728 (cooldown active, search 16 ms)
2026-07-23 14:26:26 [woodcutting] FindFilledBlock: found at 1308,728 (51x51 0x008B07 tol=5, 16 ms)
2026-07-23 14:26:26 [woodcutting] Clicked STABLE target at 1308,728 (search 16 ms)
2026-07-23 14:26:26 [woodcutting] ReleasePendingModifiersNow: released Ctrl
2026-07-23 14:26:26 [woodcutting] FindFilledBlock: found at 1346,732 (51x51 0x008B07 tol=5, 16 ms)
2026-07-23 14:26:26 [woodcutting] Tracking not-yet-stable target at 1346,732 (search 16 ms)
2026-07-23 14:26:26 [woodcutting] FindFilledBlock: found at 1308,728 (51x51 0x008B07 tol=5, 16 ms)
2026-07-23 14:26:26 [woodcutting] Tracking not-yet-stable target at 1308,728 (search 16 ms)
2026-07-23 14:26:27 [woodcutting] FindFilledBlock: found at 1308,728 (51x51 0x008B07 tol=5, 16 ms)
2026-07-23 14:26:27 [woodcutting] Tracking not-yet-stable target at 1308,728 (search 16 ms)
2026-07-23 14:26:27 [woodcutting] FindFilledBlock: found at 1308,728 (51x51 0x008B07 tol=5, 15 ms)
2026-07-23 14:26:27 [woodcutting] Tracking stable target at 1308,728 (cooldown active, search 15 ms)
2026-07-23 14:26:27 [woodcutting] FindFilledBlock: found at 1308,728 (51x51 0x008B07 tol=5, 15 ms)
2026-07-23 14:26:27 [woodcutting] Tracking stable target at 1308,728 (cooldown active, search 15 ms)
2026-07-23 14:26:27 [woodcutting] FindFilledBlock: found at 1308,728 (51x51 0x008B07 tol=5, 16 ms)
2026-07-23 14:26:27 [woodcutting] Tracking stable target at 1308,728 (cooldown active, search 16 ms)
2026-07-23 14:26:27 [woodcutting] FindFilledBlock: found at 1308,728 (51x51 0x008B07 tol=5, 0 ms)
2026-07-23 14:26:27 [woodcutting] Tracking stable target at 1308,728 (cooldown active, search 0 ms)
2026-07-23 14:26:27 [woodcutting] FindFilledBlock: found at 1308,728 (51x51 0x008B07 tol=5, 15 ms)
2026-07-23 14:26:27 [woodcutting] Tracking stable target at 1308,728 (cooldown active, search 15 ms)
2026-07-23 14:26:27 [woodcutting] FindFilledBlock: found at 1308,728 (51x51 0x008B07 tol=5, 0 ms)
2026-07-23 14:26:28 [woodcutting] Clicked STABLE target at 1308,728 (search 0 ms)
2026-07-23 14:26:28 [woodcutting] ReleasePendingModifiersNow: released Ctrl
2026-07-23 14:26:28 [woodcutting] FindFilledBlock: found at 1346,732 (51x51 0x008B07 tol=5, 15 ms)
2026-07-23 14:26:28 [woodcutting] Tracking not-yet-stable target at 1346,732 (search 15 ms)
2026-07-23 14:26:28 [woodcutting] FindFilledBlock: found at 1346,732 (51x51 0x008B07 tol=5, 16 ms)
2026-07-23 14:26:28 [woodcutting] Tracking not-yet-stable target at 1346,732 (search 16 ms)
2026-07-23 14:26:28 [woodcutting] FindFilledBlock: found at 1308,728 (51x51 0x008B07 tol=5, 0 ms)
2026-07-23 14:26:28 [woodcutting] Tracking not-yet-stable target at 1308,728 (search 0 ms)
2026-07-23 14:26:28 [woodcutting] FindFilledBlock: found at 1308,728 (51x51 0x008B07 tol=5, 15 ms)
2026-07-23 14:26:28 [woodcutting] Tracking not-yet-stable target at 1308,728 (search 15 ms)
2026-07-23 14:26:28 [woodcutting] FindFilledBlock: found at 1308,728 (51x51 0x008B07 tol=5, 0 ms)
2026-07-23 14:26:28 [woodcutting] Tracking stable target at 1308,728 (cooldown active, search 0 ms)
2026-07-23 14:26:29 [woodcutting] FindFilledBlock: found at 1308,728 (51x51 0x008B07 tol=5, 15 ms)
2026-07-23 14:26:29 [woodcutting] Tracking stable target at 1308,728 (cooldown active, search 15 ms)
2026-07-23 14:26:29 [woodcutting] FindFilledBlock: found at 1308,728 (51x51 0x008B07 tol=5, 0 ms)
2026-07-23 14:26:29 [woodcutting] Tracking stable target at 1308,728 (cooldown active, search 0 ms)
2026-07-23 14:26:29 [woodcutting] FindFilledBlock: found at 1308,728 (51x51 0x008B07 tol=5, 16 ms)
2026-07-23 14:26:29 [woodcutting] Tracking stable target at 1308,728 (cooldown active, search 16 ms)
2026-07-23 14:26:29 [woodcutting] FindFilledBlock: found at 1308,728 (51x51 0x008B07 tol=5, 16 ms)
2026-07-23 14:26:29 [woodcutting] Clicked STABLE target at 1308,728 (search 16 ms)
2026-07-23 14:26:29 [woodcutting] ReleasePendingModifiersNow: released Ctrl
2026-07-23 14:26:30 [woodcutting] FindFilledBlock: found at 1346,732 (51x51 0x008B07 tol=5, 15 ms)
2026-07-23 14:26:30 [woodcutting] Tracking not-yet-stable target at 1346,732 (search 15 ms)
2026-07-23 14:26:30 [woodcutting] FindFilledBlock: found at 1346,732 (51x51 0x008B07 tol=5, 16 ms)
2026-07-23 14:26:30 [woodcutting] Tracking not-yet-stable target at 1346,732 (search 16 ms)
2026-07-23 14:26:30 [woodcutting] FindFilledBlock: found at 1308,728 (51x51 0x008B07 tol=5, 16 ms)
2026-07-23 14:26:30 [woodcutting] Tracking not-yet-stable target at 1308,728 (search 16 ms)
2026-07-23 14:26:30 [woodcutting] FindFilledBlock: found at 1308,728 (51x51 0x008B07 tol=5, 0 ms)
2026-07-23 14:26:30 [woodcutting] Tracking not-yet-stable target at 1308,728 (search 0 ms)
2026-07-23 14:26:30 [woodcutting] FindFilledBlock: found at 1308,728 (51x51 0x008B07 tol=5, 15 ms)
2026-07-23 14:26:30 [woodcutting] Tracking stable target at 1308,728 (cooldown active, search 15 ms)
2026-07-23 14:26:30 [woodcutting] FindFilledBlock: found at 1308,728 (51x51 0x008B07 tol=5, 16 ms)
2026-07-23 14:26:30 [woodcutting] Tracking stable target at 1308,728 (cooldown active, search 16 ms)
2026-07-23 14:26:30 [woodcutting] FindFilledBlock: found at 1308,728 (51x51 0x008B07 tol=5, 16 ms)
2026-07-23 14:26:30 [woodcutting] Tracking stable target at 1308,728 (cooldown active, search 16 ms)
2026-07-23 14:26:31 [woodcutting] FindFilledBlock: found at 1308,728 (51x51 0x008B07 tol=5, 16 ms)
2026-07-23 14:26:31 [woodcutting] Tracking stable target at 1308,728 (cooldown active, search 16 ms)
2026-07-23 14:26:31 [woodcutting] FindFilledBlock: found at 1308,728 (51x51 0x008B07 tol=5, 0 ms)
2026-07-23 14:26:31 [woodcutting] Clicked STABLE target at 1308,728 (search 16 ms)
2026-07-23 14:26:31 [woodcutting] ReleasePendingModifiersNow: released Ctrl
2026-07-23 14:26:31 [woodcutting] FindFilledBlock: found at 1346,732 (51x51 0x008B07 tol=5, 0 ms)
2026-07-23 14:26:31 [woodcutting] Tracking not-yet-stable target at 1346,732 (search 0 ms)
2026-07-23 14:26:31 [woodcutting] FindFilledBlock: found at 1346,732 (51x51 0x008B07 tol=5, 15 ms)
2026-07-23 14:26:31 [woodcutting] Tracking not-yet-stable target at 1346,732 (search 15 ms)
2026-07-23 14:26:31 [woodcutting] FindFilledBlock: found at 1308,728 (51x51 0x008B07 tol=5, 0 ms)
2026-07-23 14:26:31 [woodcutting] Tracking not-yet-stable target at 1308,728 (search 0 ms)
2026-07-23 14:26:32 [woodcutting] FindFilledBlock: found at 1308,728 (51x51 0x008B07 tol=5, 15 ms)
2026-07-23 14:26:32 [woodcutting] Tracking not-yet-stable target at 1308,728 (search 15 ms)
2026-07-23 14:26:32 [woodcutting] FindFilledBlock: found at 1308,728 (51x51 0x008B07 tol=5, 0 ms)
2026-07-23 14:26:32 [woodcutting] Tracking stable target at 1308,728 (cooldown active, search 0 ms)
2026-07-23 14:26:32 [woodcutting] FindFilledBlock: found at 1308,728 (51x51 0x008B07 tol=5, 0 ms)
2026-07-23 14:26:32 [woodcutting] Tracking stable target at 1308,728 (cooldown active, search 16 ms)
2026-07-23 14:26:32 [woodcutting] FindFilledBlock: found at 1308,728 (51x51 0x008B07 tol=5, 0 ms)
2026-07-23 14:26:32 [woodcutting] Tracking stable target at 1308,728 (cooldown active, search 0 ms)
2026-07-23 14:26:32 [woodcutting] FindFilledBlock: found at 1308,728 (51x51 0x008B07 tol=5, 15 ms)
2026-07-23 14:26:32 [woodcutting] Tracking stable target at 1308,728 (cooldown active, search 15 ms)
2026-07-23 14:26:32 [woodcutting] FindFilledBlock: found at 1308,728 (51x51 0x008B07 tol=5, 0 ms)
2026-07-23 14:26:33 [woodcutting] Clicked STABLE target at 1308,728 (search 0 ms)
2026-07-23 14:26:33 [woodcutting] ReleasePendingModifiersNow: released Ctrl
2026-07-23 14:26:33 [woodcutting] FindFilledBlock: found at 1346,732 (51x51 0x008B07 tol=5, 15 ms)
2026-07-23 14:26:33 [woodcutting] Tracking not-yet-stable target at 1346,732 (search 15 ms)
2026-07-23 14:26:33 [woodcutting] FindFilledBlock: found at 1346,732 (51x51 0x008B07 tol=5, 0 ms)
2026-07-23 14:26:33 [woodcutting] Tracking not-yet-stable target at 1346,732 (search 0 ms)
2026-07-23 14:26:33 [woodcutting] FindFilledBlock: found at 1308,728 (51x51 0x008B07 tol=5, 15 ms)
2026-07-23 14:26:33 [woodcutting] Tracking not-yet-stable target at 1308,728 (search 15 ms)
2026-07-23 14:26:33 [woodcutting] FindFilledBlock: found at 1308,728 (51x51 0x008B07 tol=5, 0 ms)
2026-07-23 14:26:33 [woodcutting] Tracking not-yet-stable target at 1308,728 (search 0 ms)
2026-07-23 14:26:33 [woodcutting] FindFilledBlock: found at 1308,728 (51x51 0x008B07 tol=5, 15 ms)
2026-07-23 14:26:33 [woodcutting] Tracking stable target at 1308,728 (cooldown active, search 15 ms)
2026-07-23 14:26:34 [woodcutting] FindFilledBlock: found at 1308,728 (51x51 0x008B07 tol=5, 0 ms)
2026-07-23 14:26:34 [woodcutting] Tracking stable target at 1308,728 (cooldown active, search 0 ms)
2026-07-23 14:26:34 [woodcutting] FindFilledBlock: found at 1308,728 (51x51 0x008B07 tol=5, 15 ms)
2026-07-23 14:26:34 [woodcutting] Tracking stable target at 1308,728 (cooldown active, search 15 ms)
2026-07-23 14:26:34 [woodcutting] FindFilledBlock: found at 1308,728 (51x51 0x008B07 tol=5, 0 ms)
2026-07-23 14:26:34 [woodcutting] Tracking stable target at 1308,728 (cooldown active, search 0 ms)
2026-07-23 14:26:34 [woodcutting] FindFilledBlock: found at 1308,728 (51x51 0x008B07 tol=5, 16 ms)
2026-07-23 14:26:34 [woodcutting] Clicked STABLE target at 1308,728 (search 16 ms)
2026-07-23 14:26:34 [woodcutting] ReleasePendingModifiersNow: released Ctrl
2026-07-23 14:26:34 [woodcutting] FindFilledBlock: found at 1346,732 (51x51 0x008B07 tol=5, 0 ms)
2026-07-23 14:26:34 [woodcutting] Tracking not-yet-stable target at 1346,732 (search 15 ms)
2026-07-23 14:26:35 [woodcutting] FindFilledBlock: found at 1346,732 (51x51 0x008B07 tol=5, 16 ms)
2026-07-23 14:26:35 [woodcutting] Tracking not-yet-stable target at 1346,732 (search 16 ms)
2026-07-23 14:26:35 [woodcutting] FindFilledBlock: found at 1308,728 (51x51 0x008B07 tol=5, 0 ms)
2026-07-23 14:26:35 [woodcutting] Tracking not-yet-stable target at 1308,728 (search 16 ms)
2026-07-23 14:26:35 [woodcutting] FindFilledBlock: found at 1308,728 (51x51 0x008B07 tol=5, 15 ms)
2026-07-23 14:26:35 [woodcutting] Tracking not-yet-stable target at 1308,728 (search 15 ms)
2026-07-23 14:26:35 [woodcutting] FindFilledBlock: found at 1308,728 (51x51 0x008B07 tol=5, 16 ms)
2026-07-23 14:26:35 [woodcutting] Tracking stable target at 1308,728 (cooldown active, search 16 ms)
2026-07-23 14:26:35 [woodcutting] FindFilledBlock: found at 1308,728 (51x51 0x008B07 tol=5, 15 ms)
2026-07-23 14:26:35 [woodcutting] Tracking stable target at 1308,728 (cooldown active, search 15 ms)
2026-07-23 14:26:35 [woodcutting] FindFilledBlock: found at 1308,728 (51x51 0x008B07 tol=5, 15 ms)
2026-07-23 14:26:35 [woodcutting] Tracking stable target at 1308,728 (cooldown active, search 15 ms)
2026-07-23 14:26:36 [woodcutting] FindFilledBlock: found at 1308,728 (51x51 0x008B07 tol=5, 16 ms)
2026-07-23 14:26:36 [woodcutting] Tracking stable target at 1308,728 (cooldown active, search 16 ms)
2026-07-23 14:26:36 [woodcutting] FindFilledBlock: found at 1308,728 (51x51 0x008B07 tol=5, 15 ms)
2026-07-23 14:26:36 [woodcutting] Clicked STABLE target at 1308,728 (search 15 ms)
2026-07-23 14:26:36 [woodcutting] ReleasePendingModifiersNow: released Ctrl
2026-07-23 14:26:36 [woodcutting] FindFilledBlock: found at 1346,732 (51x51 0x008B07 tol=5, 16 ms)
2026-07-23 14:26:36 [woodcutting] Tracking not-yet-stable target at 1346,732 (search 16 ms)
2026-07-23 14:26:36 [woodcutting] FindFilledBlock: found at 1346,732 (51x51 0x008B07 tol=5, 16 ms)
2026-07-23 14:26:36 [woodcutting] Tracking not-yet-stable target at 1346,732 (search 16 ms)
2026-07-23 14:26:36 [woodcutting] FindFilledBlock: found at 1308,728 (51x51 0x008B07 tol=5, 15 ms)
2026-07-23 14:26:36 [woodcutting] Tracking not-yet-stable target at 1308,728 (search 15 ms)
2026-07-23 14:26:37 [woodcutting] FindFilledBlock: found at 1308,728 (51x51 0x008B07 tol=5, 0 ms)
2026-07-23 14:26:37 [woodcutting] Tracking not-yet-stable target at 1308,728 (search 0 ms)
2026-07-23 14:26:37 [woodcutting] FindFilledBlock: found at 1308,728 (51x51 0x008B07 tol=5, 16 ms)
2026-07-23 14:26:37 [woodcutting] Tracking stable target at 1308,728 (cooldown active, search 16 ms)
2026-07-23 14:26:37 [woodcutting] FindFilledBlock: found at 1308,728 (51x51 0x008B07 tol=5, 0 ms)
2026-07-23 14:26:37 [woodcutting] Tracking stable target at 1308,728 (cooldown active, search 0 ms)
2026-07-23 14:26:37 [woodcutting] FindFilledBlock: found at 1308,728 (51x51 0x008B07 tol=5, 15 ms)
2026-07-23 14:26:37 [woodcutting] Tracking stable target at 1308,728 (cooldown active, search 15 ms)
2026-07-23 14:26:37 [woodcutting] FindFilledBlock: found at 1308,728 (51x51 0x008B07 tol=5, 0 ms)
2026-07-23 14:26:37 [woodcutting] Tracking stable target at 1308,728 (cooldown active, search 0 ms)
2026-07-23 14:26:37 [woodcutting] FindFilledBlock: found at 1308,728 (51x51 0x008B07 tol=5, 16 ms)
2026-07-23 14:26:37 [woodcutting] Tracking stable target at 1308,728 (cooldown active, search 16 ms)
2026-07-23 14:26:38 [woodcutting] FindFilledBlock: found at 1308,728 (51x51 0x008B07 tol=5, 16 ms)
2026-07-23 14:26:38 [woodcutting] Clicked STABLE target at 1308,728 (search 16 ms)
2026-07-23 14:26:38 [woodcutting] ReleasePendingModifiersNow: released Ctrl
2026-07-23 14:26:38 [woodcutting] FindFilledBlock: found at 1346,732 (51x51 0x008B07 tol=5, 16 ms)
2026-07-23 14:26:38 [woodcutting] Tracking not-yet-stable target at 1346,732 (search 16 ms)
2026-07-23 14:26:38 [woodcutting] FindFilledBlock: found at 1346,732 (51x51 0x008B07 tol=5, 0 ms)
2026-07-23 14:26:38 [woodcutting] Tracking not-yet-stable target at 1346,732 (search 0 ms)
2026-07-23 14:26:38 [woodcutting] FindFilledBlock: found at 1308,728 (51x51 0x008B07 tol=5, 16 ms)
2026-07-23 14:26:38 [woodcutting] Tracking not-yet-stable target at 1308,728 (search 16 ms)
2026-07-23 14:26:38 [woodcutting] FindFilledBlock: found at 1308,728 (51x51 0x008B07 tol=5, 16 ms)
2026-07-23 14:26:38 [woodcutting] Tracking not-yet-stable target at 1308,728 (search 16 ms)
2026-07-23 14:26:39 [woodcutting] FindFilledBlock: found at 1308,728 (51x51 0x008B07 tol=5, 15 ms)
2026-07-23 14:26:39 [woodcutting] Tracking stable target at 1308,728 (cooldown active, search 15 ms)
2026-07-23 14:26:39 [woodcutting] FindFilledBlock: found at 1308,728 (51x51 0x008B07 tol=5, 0 ms)
2026-07-23 14:26:39 [woodcutting] Tracking stable target at 1308,728 (cooldown active, search 15 ms)
2026-07-23 14:26:39 [woodcutting] FindFilledBlock: found at 1308,728 (51x51 0x008B07 tol=5, 16 ms)
2026-07-23 14:26:39 [woodcutting] Tracking stable target at 1308,728 (cooldown active, search 16 ms)
2026-07-23 14:26:39 [woodcutting] FindFilledBlock: found at 1308,728 (51x51 0x008B07 tol=5, 0 ms)
2026-07-23 14:26:39 [woodcutting] Tracking stable target at 1308,728 (cooldown active, search 0 ms)
2026-07-23 14:26:39 [woodcutting] FindFilledBlock: found at 1308,728 (51x51 0x008B07 tol=5, 15 ms)
2026-07-23 14:26:39 [woodcutting] Clicked STABLE target at 1308,728 (search 15 ms)
2026-07-23 14:26:39 [woodcutting] ReleasePendingModifiersNow: released Ctrl
2026-07-23 14:26:40 [woodcutting] FindFilledBlock: found at 1346,732 (51x51 0x008B07 tol=5, 16 ms)
2026-07-23 14:26:40 [woodcutting] Tracking not-yet-stable target at 1346,732 (search 16 ms)
2026-07-23 14:26:40 [woodcutting] FindFilledBlock: found at 1308,728 (51x51 0x008B07 tol=5, 16 ms)
2026-07-23 14:26:40 [woodcutting] Tracking not-yet-stable target at 1308,728 (search 16 ms)
2026-07-23 14:26:40 [woodcutting] FindFilledBlock: found at 1308,728 (51x51 0x008B07 tol=5, 16 ms)
2026-07-23 14:26:40 [woodcutting] Tracking not-yet-stable target at 1308,728 (search 16 ms)
2026-07-23 14:26:40 [woodcutting] FindFilledBlock: found at 1308,728 (51x51 0x008B07 tol=5, 15 ms)
2026-07-23 14:26:40 [woodcutting] Tracking stable target at 1308,728 (cooldown active, search 15 ms)
2026-07-23 14:26:40 [woodcutting] FindFilledBlock: found at 1308,728 (51x51 0x008B07 tol=5, 0 ms)
2026-07-23 14:26:40 [woodcutting] Tracking stable target at 1308,728 (cooldown active, search 0 ms)
2026-07-23 14:26:40 [woodcutting] FindFilledBlock: found at 1308,728 (51x51 0x008B07 tol=5, 16 ms)
2026-07-23 14:26:40 [woodcutting] Tracking stable target at 1308,728 (cooldown active, search 16 ms)
2026-07-23 14:26:41 [woodcutting] FindFilledBlock: found at 1308,728 (51x51 0x008B07 tol=5, 0 ms)
2026-07-23 14:26:41 [woodcutting] Tracking stable target at 1308,728 (cooldown active, search 0 ms)
2026-07-23 14:26:41 [woodcutting] FindFilledBlock: found at 1308,728 (51x51 0x008B07 tol=5, 16 ms)
2026-07-23 14:26:41 [woodcutting] Tracking stable target at 1308,728 (cooldown active, search 16 ms)
2026-07-23 14:26:41 [woodcutting] FindFilledBlock: found at 1308,728 (51x51 0x008B07 tol=5, 0 ms)
2026-07-23 14:26:41 [woodcutting] Clicked STABLE target at 1308,728 (search 0 ms)
2026-07-23 14:26:41 [woodcutting] ReleasePendingModifiersNow: released Ctrl
2026-07-23 14:26:41 [woodcutting] FindFilledBlock: found at 1346,732 (51x51 0x008B07 tol=5, 16 ms)
2026-07-23 14:26:41 [woodcutting] Tracking not-yet-stable target at 1346,732 (search 16 ms)
2026-07-23 14:26:41 [woodcutting] FindFilledBlock: found at 1346,732 (51x51 0x008B07 tol=5, 16 ms)
2026-07-23 14:26:41 [woodcutting] Tracking not-yet-stable target at 1346,732 (search 16 ms)
2026-07-23 14:26:42 [woodcutting] FindFilledBlock: found at 1308,728 (51x51 0x008B07 tol=5, 15 ms)
2026-07-23 14:26:42 [woodcutting] Tracking not-yet-stable target at 1308,728 (search 15 ms)
2026-07-23 14:26:42 [woodcutting] FindFilledBlock: found at 1308,728 (51x51 0x008B07 tol=5, 0 ms)
2026-07-23 14:26:42 [woodcutting] Tracking not-yet-stable target at 1308,728 (search 0 ms)
2026-07-23 14:26:42 [woodcutting] FindFilledBlock: found at 1308,728 (51x51 0x008B07 tol=5, 16 ms)
2026-07-23 14:26:42 [woodcutting] Tracking stable target at 1308,728 (cooldown active, search 16 ms)
2026-07-23 14:26:42 [woodcutting] FindFilledBlock: found at 1308,728 (51x51 0x008B07 tol=5, 0 ms)
2026-07-23 14:26:42 [woodcutting] Tracking stable target at 1308,728 (cooldown active, search 0 ms)
2026-07-23 14:26:42 [woodcutting] FindFilledBlock: found at 1308,728 (51x51 0x008B07 tol=5, 15 ms)
2026-07-23 14:26:42 [woodcutting] Tracking stable target at 1308,728 (cooldown active, search 15 ms)
2026-07-23 14:26:42 [woodcutting] FindFilledBlock: found at 1308,728 (51x51 0x008B07 tol=5, 0 ms)
2026-07-23 14:26:42 [woodcutting] Tracking stable target at 1308,728 (cooldown active, search 0 ms)
2026-07-23 14:26:42 [woodcutting] FindFilledBlock: found at 1308,728 (51x51 0x008B07 tol=5, 16 ms)
2026-07-23 14:26:43 [woodcutting] Clicked STABLE target at 1308,728 (search 16 ms)
2026-07-23 14:26:43 [woodcutting] ReleasePendingModifiersNow: released Ctrl
2026-07-23 14:26:43 [woodcutting] FindFilledBlock: found at 1346,732 (51x51 0x008B07 tol=5, 15 ms)
2026-07-23 14:26:43 [woodcutting] Tracking not-yet-stable target at 1346,732 (search 15 ms)
2026-07-23 14:26:43 [woodcutting] FindFilledBlock: found at 1308,728 (51x51 0x008B07 tol=5, 16 ms)
2026-07-23 14:26:43 [woodcutting] Tracking not-yet-stable target at 1308,728 (search 16 ms)
2026-07-23 14:26:43 [woodcutting] FindFilledBlock: found at 1308,728 (51x51 0x008B07 tol=5, 16 ms)
2026-07-23 14:26:43 [woodcutting] Tracking not-yet-stable target at 1308,728 (search 16 ms)
2026-07-23 14:26:43 [woodcutting] FindFilledBlock: found at 1308,728 (51x51 0x008B07 tol=5, 16 ms)
2026-07-23 14:26:43 [woodcutting] Tracking stable target at 1308,728 (cooldown active, search 16 ms)
2026-07-23 14:26:44 [woodcutting] FindFilledBlock: found at 1308,728 (51x51 0x008B07 tol=5, 16 ms)
2026-07-23 14:26:44 [woodcutting] Tracking stable target at 1308,728 (cooldown active, search 16 ms)
2026-07-23 14:26:44 [woodcutting] FindFilledBlock: found at 1308,728 (51x51 0x008B07 tol=5, 0 ms)
2026-07-23 14:26:44 [woodcutting] Tracking stable target at 1308,728 (cooldown active, search 16 ms)
2026-07-23 14:26:44 [woodcutting] FindFilledBlock: found at 1308,728 (51x51 0x008B07 tol=5, 16 ms)
2026-07-23 14:26:44 [woodcutting] Tracking stable target at 1308,728 (cooldown active, search 16 ms)
2026-07-23 14:26:44 [woodcutting] FindFilledBlock: found at 1308,728 (51x51 0x008B07 tol=5, 15 ms)
2026-07-23 14:26:44 [woodcutting] Tracking stable target at 1308,728 (cooldown active, search 15 ms)
2026-07-23 14:26:44 [woodcutting] FindFilledBlock: found at 1308,728 (51x51 0x008B07 tol=5, 16 ms)
2026-07-23 14:26:44 [woodcutting] Clicked STABLE target at 1308,728 (search 16 ms)
2026-07-23 14:26:44 [woodcutting] ReleasePendingModifiersNow: released Ctrl
2026-07-23 14:26:45 [woodcutting] FindFilledBlock: found at 1346,732 (51x51 0x008B07 tol=5, 15 ms)
2026-07-23 14:26:45 [woodcutting] Tracking not-yet-stable target at 1346,732 (search 15 ms)
2026-07-23 14:26:45 [woodcutting] FindFilledBlock: found at 1308,728 (51x51 0x008B07 tol=5, 15 ms)
2026-07-23 14:26:45 [woodcutting] Tracking not-yet-stable target at 1308,728 (search 15 ms)
2026-07-23 14:26:45 [woodcutting] FindFilledBlock: found at 1308,728 (51x51 0x008B07 tol=5, 15 ms)
2026-07-23 14:26:45 [woodcutting] Tracking not-yet-stable target at 1308,728 (search 15 ms)
2026-07-23 14:26:45 [woodcutting] FindFilledBlock: found at 1308,728 (51x51 0x008B07 tol=5, 16 ms)
2026-07-23 14:26:45 [woodcutting] Tracking stable target at 1308,728 (cooldown active, search 16 ms)
2026-07-23 14:26:45 [woodcutting] FindFilledBlock: found at 1308,728 (51x51 0x008B07 tol=5, 16 ms)
2026-07-23 14:26:45 [woodcutting] Tracking stable target at 1308,728 (cooldown active, search 16 ms)
2026-07-23 14:26:45 [woodcutting] FindFilledBlock: found at 1308,728 (51x51 0x008B07 tol=5, 0 ms)
2026-07-23 14:26:45 [woodcutting] Tracking stable target at 1308,728 (cooldown active, search 0 ms)
2026-07-23 14:26:46 [woodcutting] FindFilledBlock: found at 1308,728 (51x51 0x008B07 tol=5, 0 ms)
2026-07-23 14:26:46 [woodcutting] Tracking stable target at 1308,728 (cooldown active, search 15 ms)
2026-07-23 14:26:46 [woodcutting] FindFilledBlock: found at 1308,728 (51x51 0x008B07 tol=5, 0 ms)
2026-07-23 14:26:46 [woodcutting] Tracking stable target at 1308,728 (cooldown active, search 0 ms)
2026-07-23 14:26:46 [woodcutting] FindFilledBlock: found at 1308,728 (51x51 0x008B07 tol=5, 0 ms)
2026-07-23 14:26:46 [woodcutting] Clicked STABLE target at 1308,728 (search 0 ms)
2026-07-23 14:26:46 [woodcutting] ReleasePendingModifiersNow: released Ctrl
2026-07-23 14:26:46 [woodcutting] FindFilledBlock: found at 1346,732 (51x51 0x008B07 tol=5, 0 ms)
2026-07-23 14:26:46 [woodcutting] Tracking not-yet-stable target at 1346,732 (search 0 ms)
2026-07-23 14:26:46 [woodcutting] FindFilledBlock: found at 1346,732 (51x51 0x008B07 tol=5, 0 ms)
2026-07-23 14:26:46 [woodcutting] Tracking not-yet-stable target at 1346,732 (search 0 ms)
2026-07-23 14:26:47 [woodcutting] FindFilledBlock: found at 1308,728 (51x51 0x008B07 tol=5, 0 ms)
2026-07-23 14:26:47 [woodcutting] Tracking not-yet-stable target at 1308,728 (search 0 ms)
2026-07-23 14:26:47 [woodcutting] FindFilledBlock: found at 1308,728 (51x51 0x008B07 tol=5, 15 ms)
2026-07-23 14:26:47 [woodcutting] Tracking not-yet-stable target at 1308,728 (search 15 ms)
2026-07-23 14:26:47 [woodcutting] FindFilledBlock: found at 1308,728 (51x51 0x008B07 tol=5, 0 ms)
2026-07-23 14:26:47 [woodcutting] Tracking stable target at 1308,728 (cooldown active, search 0 ms)
2026-07-23 14:26:47 [woodcutting] FindFilledBlock: found at 1308,728 (51x51 0x008B07 tol=5, 0 ms)
2026-07-23 14:26:47 [woodcutting] Tracking stable target at 1308,728 (cooldown active, search 0 ms)
2026-07-23 14:26:47 [woodcutting] FindFilledBlock: found at 1308,728 (51x51 0x008B07 tol=5, 0 ms)
2026-07-23 14:26:47 [woodcutting] Tracking stable target at 1308,728 (cooldown active, search 0 ms)
2026-07-23 14:26:47 [woodcutting] FindFilledBlock: found at 1308,728 (51x51 0x008B07 tol=5, 15 ms)
2026-07-23 14:26:47 [woodcutting] Tracking stable target at 1308,728 (cooldown active, search 15 ms)
2026-07-23 14:26:47 [woodcutting] FindFilledBlock: found at 1308,728 (51x51 0x008B07 tol=5, 0 ms)
2026-07-23 14:26:48 [woodcutting] Clicked STABLE target at 1308,728 (search 0 ms)
2026-07-23 14:26:48 [woodcutting] ReleasePendingModifiersNow: released Ctrl
2026-07-23 14:26:48 [woodcutting] FindFilledBlock: found at 1346,732 (51x51 0x008B07 tol=5, 16 ms)
2026-07-23 14:26:48 [woodcutting] Tracking not-yet-stable target at 1346,732 (search 16 ms)
2026-07-23 14:26:48 [woodcutting] FindFilledBlock: found at 1346,732 (51x51 0x008B07 tol=5, 15 ms)
2026-07-23 14:26:48 [woodcutting] Tracking not-yet-stable target at 1346,732 (search 15 ms)
2026-07-23 14:26:48 [woodcutting] FindFilledBlock: found at 1308,728 (51x51 0x008B07 tol=5, 15 ms)
2026-07-23 14:26:48 [woodcutting] Tracking not-yet-stable target at 1308,728 (search 15 ms)
2026-07-23 14:26:48 [woodcutting] FindFilledBlock: found at 1308,728 (51x51 0x008B07 tol=5, 15 ms)
2026-07-23 14:26:48 [woodcutting] Tracking not-yet-stable target at 1308,728 (search 15 ms)
2026-07-23 14:26:49 [woodcutting] FindFilledBlock: found at 1308,728 (51x51 0x008B07 tol=5, 16 ms)
2026-07-23 14:26:49 [woodcutting] Tracking stable target at 1308,728 (cooldown active, search 16 ms)
2026-07-23 14:26:49 [woodcutting] FindFilledBlock: found at 1308,728 (51x51 0x008B07 tol=5, 0 ms)
2026-07-23 14:26:49 [woodcutting] Tracking stable target at 1308,728 (cooldown active, search 0 ms)
2026-07-23 14:26:49 [woodcutting] FindFilledBlock: found at 1308,728 (51x51 0x008B07 tol=5, 15 ms)
2026-07-23 14:26:49 [woodcutting] Tracking stable target at 1308,728 (cooldown active, search 15 ms)
2026-07-23 14:26:49 [woodcutting] FindFilledBlock: found at 1308,728 (51x51 0x008B07 tol=5, 0 ms)
2026-07-23 14:26:49 [woodcutting] Tracking stable target at 1308,728 (cooldown active, search 0 ms)
2026-07-23 14:26:49 [woodcutting] FindFilledBlock: found at 1308,728 (51x51 0x008B07 tol=5, 15 ms)
2026-07-23 14:26:49 [woodcutting] Clicked STABLE target at 1308,728 (search 15 ms)
2026-07-23 14:26:49 [woodcutting] ReleasePendingModifiersNow: released Ctrl
2026-07-23 14:26:50 [woodcutting] FindFilledBlock: found at 1346,732 (51x51 0x008B07 tol=5, 0 ms)
2026-07-23 14:26:50 [woodcutting] Tracking not-yet-stable target at 1346,732 (search 0 ms)
2026-07-23 14:26:50 [woodcutting] FindFilledBlock: found at 1308,728 (51x51 0x008B07 tol=5, 15 ms)
2026-07-23 14:26:50 [woodcutting] Tracking not-yet-stable target at 1308,728 (search 15 ms)
2026-07-23 14:26:50 [woodcutting] FindFilledBlock: found at 1308,728 (51x51 0x008B07 tol=5, 0 ms)
2026-07-23 14:26:50 [woodcutting] Tracking not-yet-stable target at 1308,728 (search 0 ms)
2026-07-23 14:26:50 [woodcutting] FindFilledBlock: found at 1308,728 (51x51 0x008B07 tol=5, 16 ms)
2026-07-23 14:26:50 [woodcutting] Tracking stable target at 1308,728 (cooldown active, search 16 ms)
2026-07-23 14:26:50 [woodcutting] FindFilledBlock: found at 1308,728 (51x51 0x008B07 tol=5, 0 ms)
2026-07-23 14:26:50 [woodcutting] Tracking stable target at 1308,728 (cooldown active, search 0 ms)
2026-07-23 14:26:50 [woodcutting] FindFilledBlock: found at 1308,728 (51x51 0x008B07 tol=5, 15 ms)
2026-07-23 14:26:50 [woodcutting] Tracking stable target at 1308,728 (cooldown active, search 15 ms)
2026-07-23 14:26:50 [woodcutting] FindFilledBlock: found at 1308,728 (51x51 0x008B07 tol=5, 15 ms)
2026-07-23 14:26:50 [woodcutting] Tracking stable target at 1308,728 (cooldown active, search 15 ms)
2026-07-23 14:26:51 [woodcutting] FindFilledBlock: found at 1308,728 (51x51 0x008B07 tol=5, 15 ms)
2026-07-23 14:26:51 [woodcutting] Tracking stable target at 1308,728 (cooldown active, search 15 ms)
2026-07-23 14:26:51 [woodcutting] FindFilledBlock: found at 1308,728 (51x51 0x008B07 tol=5, 16 ms)
2026-07-23 14:26:51 [woodcutting] Clicked STABLE target at 1308,728 (search 16 ms)
2026-07-23 14:26:51 [woodcutting] ReleasePendingModifiersNow: released Ctrl
2026-07-23 14:26:51 [woodcutting] FindFilledBlock: found at 1346,732 (51x51 0x008B07 tol=5, 15 ms)
2026-07-23 14:26:51 [woodcutting] Tracking not-yet-stable target at 1346,732 (search 15 ms)
2026-07-23 14:26:51 [woodcutting] FindFilledBlock: found at 1308,728 (51x51 0x008B07 tol=5, 16 ms)
2026-07-23 14:26:51 [woodcutting] Tracking not-yet-stable target at 1308,728 (search 16 ms)
2026-07-23 14:26:52 [woodcutting] FindFilledBlock: found at 1308,728 (51x51 0x008B07 tol=5, 16 ms)
2026-07-23 14:26:52 [woodcutting] Tracking not-yet-stable target at 1308,728 (search 16 ms)
2026-07-23 14:26:52 [woodcutting] FindFilledBlock: found at 1308,728 (51x51 0x008B07 tol=5, 16 ms)
2026-07-23 14:26:52 [woodcutting] Tracking stable target at 1308,728 (cooldown active, search 16 ms)
2026-07-23 14:26:52 [woodcutting] FindFilledBlock: found at 1308,728 (51x51 0x008B07 tol=5, 16 ms)
2026-07-23 14:26:52 [woodcutting] Tracking stable target at 1308,728 (cooldown active, search 16 ms)
2026-07-23 14:26:52 [woodcutting] FindFilledBlock: found at 1308,728 (51x51 0x008B07 tol=5, 15 ms)
2026-07-23 14:26:52 [woodcutting] Tracking stable target at 1308,728 (cooldown active, search 15 ms)
2026-07-23 14:26:52 [woodcutting] FindFilledBlock: found at 1308,728 (51x51 0x008B07 tol=5, 15 ms)
2026-07-23 14:26:52 [woodcutting] Tracking stable target at 1308,728 (cooldown active, search 15 ms)
2026-07-23 14:26:52 [woodcutting] FindFilledBlock: found at 1308,728 (51x51 0x008B07 tol=5, 15 ms)
2026-07-23 14:26:52 [woodcutting] Tracking stable target at 1308,728 (cooldown active, search 15 ms)
2026-07-23 14:26:53 [woodcutting] FindFilledBlock: found at 1308,728 (51x51 0x008B07 tol=5, 15 ms)
2026-07-23 14:26:53 [woodcutting] Clicked STABLE target at 1308,728 (search 15 ms)
2026-07-23 14:26:53 [woodcutting] ReleasePendingModifiersNow: released Ctrl
2026-07-23 14:26:53 [woodcutting] FindFilledBlock: found at 1346,732 (51x51 0x008B07 tol=5, 16 ms)
2026-07-23 14:26:53 [woodcutting] Tracking not-yet-stable target at 1346,732 (search 16 ms)
2026-07-23 14:26:53 [woodcutting] FindFilledBlock: found at 1308,728 (51x51 0x008B07 tol=5, 15 ms)
2026-07-23 14:26:53 [woodcutting] Tracking not-yet-stable target at 1308,728 (search 15 ms)
2026-07-23 14:26:53 [woodcutting] FindFilledBlock: found at 1308,728 (51x51 0x008B07 tol=5, 16 ms)
2026-07-23 14:26:53 [woodcutting] Tracking not-yet-stable target at 1308,728 (search 16 ms)
2026-07-23 14:26:53 [woodcutting] FindFilledBlock: found at 1308,728 (51x51 0x008B07 tol=5, 16 ms)
2026-07-23 14:26:53 [woodcutting] Tracking stable target at 1308,728 (cooldown active, search 16 ms)
2026-07-23 14:26:54 [woodcutting] FindFilledBlock: found at 1308,728 (51x51 0x008B07 tol=5, 15 ms)
2026-07-23 14:26:54 [woodcutting] Tracking stable target at 1308,728 (cooldown active, search 15 ms)
2026-07-23 14:26:54 [woodcutting] FindFilledBlock: found at 1308,728 (51x51 0x008B07 tol=5, 15 ms)
2026-07-23 14:26:54 [woodcutting] Tracking stable target at 1308,728 (cooldown active, search 15 ms)
2026-07-23 14:26:54 [woodcutting] FindFilledBlock: found at 1308,728 (51x51 0x008B07 tol=5, 16 ms)
2026-07-23 14:26:54 [woodcutting] Tracking stable target at 1308,728 (cooldown active, search 16 ms)
2026-07-23 14:26:54 [woodcutting] FindFilledBlock: found at 1308,728 (51x51 0x008B07 tol=5, 16 ms)
2026-07-23 14:26:54 [woodcutting] Tracking stable target at 1308,728 (cooldown active, search 16 ms)
2026-07-23 14:26:54 [woodcutting] FindFilledBlock: found at 1308,728 (51x51 0x008B07 tol=5, 15 ms)
2026-07-23 14:26:54 [woodcutting] Clicked STABLE target at 1308,728 (search 15 ms)
2026-07-23 14:26:54 [woodcutting] ReleasePendingModifiersNow: released Ctrl
2026-07-23 14:26:55 [woodcutting] FindFilledBlock: found at 1346,732 (51x51 0x008B07 tol=5, 16 ms)
2026-07-23 14:26:55 [woodcutting] Tracking not-yet-stable target at 1346,732 (search 16 ms)
2026-07-23 14:26:55 [woodcutting] FindFilledBlock: found at 1346,732 (51x51 0x008B07 tol=5, 0 ms)
2026-07-23 14:26:55 [woodcutting] Tracking not-yet-stable target at 1346,732 (search 15 ms)
2026-07-23 14:26:55 [woodcutting] FindFilledBlock: found at 1308,728 (51x51 0x008B07 tol=5, 16 ms)
2026-07-23 14:26:55 [woodcutting] Tracking not-yet-stable target at 1308,728 (search 16 ms)
2026-07-23 14:26:55 [woodcutting] FindFilledBlock: found at 1308,728 (51x51 0x008B07 tol=5, 0 ms)
2026-07-23 14:26:55 [woodcutting] Tracking not-yet-stable target at 1308,728 (search 16 ms)
2026-07-23 14:26:55 [woodcutting] FindFilledBlock: found at 1308,728 (51x51 0x008B07 tol=5, 15 ms)
2026-07-23 14:26:55 [woodcutting] Tracking stable target at 1308,728 (cooldown active, search 15 ms)
2026-07-23 14:26:55 [woodcutting] FindFilledBlock: found at 1308,728 (51x51 0x008B07 tol=5, 0 ms)
2026-07-23 14:26:55 [woodcutting] Tracking stable target at 1308,728 (cooldown active, search 0 ms)
2026-07-23 14:26:56 [woodcutting] FindFilledBlock: found at 1308,728 (51x51 0x008B07 tol=5, 15 ms)
2026-07-23 14:26:56 [woodcutting] Tracking stable target at 1308,728 (cooldown active, search 15 ms)
2026-07-23 14:26:56 [woodcutting] FindFilledBlock: found at 1308,728 (51x51 0x008B07 tol=5, 16 ms)
2026-07-23 14:26:56 [woodcutting] Tracking stable target at 1308,728 (cooldown active, search 16 ms)
2026-07-23 14:26:56 [woodcutting] FindFilledBlock: found at 1308,728 (51x51 0x008B07 tol=5, 16 ms)
2026-07-23 14:26:56 [woodcutting] Clicked STABLE target at 1308,728 (search 16 ms)
2026-07-23 14:26:56 [woodcutting] ReleasePendingModifiersNow: released Ctrl
2026-07-23 14:26:56 [woodcutting] FindFilledBlock: found at 1346,732 (51x51 0x008B07 tol=5, 16 ms)
2026-07-23 14:26:56 [woodcutting] Tracking not-yet-stable target at 1346,732 (search 16 ms)
2026-07-23 14:26:56 [woodcutting] FindFilledBlock: found at 1308,728 (51x51 0x008B07 tol=5, 16 ms)
2026-07-23 14:26:56 [woodcutting] Tracking not-yet-stable target at 1308,728 (search 16 ms)
2026-07-23 14:26:57 [woodcutting] FindFilledBlock: found at 1308,728 (51x51 0x008B07 tol=5, 15 ms)
2026-07-23 14:26:57 [woodcutting] Tracking not-yet-stable target at 1308,728 (search 15 ms)
2026-07-23 14:26:57 [woodcutting] FindFilledBlock: found at 1308,728 (51x51 0x008B07 tol=5, 0 ms)
2026-07-23 14:26:57 [woodcutting] Tracking stable target at 1308,728 (cooldown active, search 0 ms)
2026-07-23 14:26:57 [woodcutting] FindFilledBlock: found at 1308,728 (51x51 0x008B07 tol=5, 16 ms)
2026-07-23 14:26:57 [woodcutting] Tracking stable target at 1308,728 (cooldown active, search 16 ms)
2026-07-23 14:26:57 [woodcutting] FindFilledBlock: found at 1308,728 (51x51 0x008B07 tol=5, 0 ms)
2026-07-23 14:26:57 [woodcutting] Tracking stable target at 1308,728 (cooldown active, search 0 ms)
2026-07-23 14:26:57 [woodcutting] FindFilledBlock: found at 1308,728 (51x51 0x008B07 tol=5, 15 ms)
2026-07-23 14:26:57 [woodcutting] Tracking stable target at 1308,728 (cooldown active, search 15 ms)
2026-07-23 14:26:57 [woodcutting] FindFilledBlock: found at 1308,728 (51x51 0x008B07 tol=5, 15 ms)
2026-07-23 14:26:57 [woodcutting] Tracking stable target at 1308,728 (cooldown active, search 15 ms)
2026-07-23 14:26:58 [woodcutting] FindFilledBlock: found at 1308,728 (51x51 0x008B07 tol=5, 15 ms)
2026-07-23 14:26:58 [woodcutting] Clicked STABLE target at 1308,728 (search 15 ms)
2026-07-23 14:26:58 [woodcutting] ReleasePendingModifiersNow: released Ctrl
2026-07-23 14:26:58 [woodcutting] FindFilledBlock: found at 1346,732 (51x51 0x008B07 tol=5, 16 ms)
2026-07-23 14:26:58 [woodcutting] Tracking not-yet-stable target at 1346,732 (search 16 ms)
2026-07-23 14:26:58 [woodcutting] FindFilledBlock: found at 1308,728 (51x51 0x008B07 tol=5, 15 ms)
2026-07-23 14:26:58 [woodcutting] Tracking not-yet-stable target at 1308,728 (search 15 ms)
2026-07-23 14:26:58 [woodcutting] FindFilledBlock: found at 1308,728 (51x51 0x008B07 tol=5, 15 ms)
2026-07-23 14:26:58 [woodcutting] Tracking not-yet-stable target at 1308,728 (search 15 ms)
2026-07-23 14:26:58 [woodcutting] FindFilledBlock: found at 1308,728 (51x51 0x008B07 tol=5, 16 ms)
2026-07-23 14:26:58 [woodcutting] Tracking stable target at 1308,728 (cooldown active, search 16 ms)
2026-07-23 14:26:59 [woodcutting] FindFilledBlock: found at 1308,728 (51x51 0x008B07 tol=5, 15 ms)
2026-07-23 14:26:59 [woodcutting] Tracking stable target at 1308,728 (cooldown active, search 15 ms)
2026-07-23 14:26:59 [woodcutting] FindFilledBlock: found at 1308,728 (51x51 0x008B07 tol=5, 16 ms)
2026-07-23 14:26:59 [woodcutting] Tracking stable target at 1308,728 (cooldown active, search 16 ms)
2026-07-23 14:26:59 [woodcutting] FindFilledBlock: found at 1308,728 (51x51 0x008B07 tol=5, 16 ms)
2026-07-23 14:26:59 [woodcutting] Tracking stable target at 1308,728 (cooldown active, search 16 ms)
2026-07-23 14:26:59 [woodcutting] FindFilledBlock: found at 1308,728 (51x51 0x008B07 tol=5, 16 ms)
2026-07-23 14:26:59 [woodcutting] Tracking stable target at 1308,728 (cooldown active, search 16 ms)
2026-07-23 14:26:59 [woodcutting] FindFilledBlock: found at 1308,728 (51x51 0x008B07 tol=5, 16 ms)
2026-07-23 14:26:59 [woodcutting] Clicked STABLE target at 1308,728 (search 16 ms)
2026-07-23 14:26:59 [woodcutting] ReleasePendingModifiersNow: released Ctrl
2026-07-23 14:27:00 [woodcutting] FindFilledBlock: found at 1346,732 (51x51 0x008B07 tol=5, 0 ms)
2026-07-23 14:27:00 [woodcutting] Tracking not-yet-stable target at 1346,732 (search 0 ms)
2026-07-23 14:27:00 [woodcutting] FindFilledBlock: found at 1308,728 (51x51 0x008B07 tol=5, 15 ms)
2026-07-23 14:27:00 [woodcutting] Tracking not-yet-stable target at 1308,728 (search 15 ms)
2026-07-23 14:27:00 [woodcutting] FindFilledBlock: found at 1308,728 (51x51 0x008B07 tol=5, 15 ms)
2026-07-23 14:27:00 [woodcutting] Tracking not-yet-stable target at 1308,728 (search 15 ms)
2026-07-23 14:27:00 [woodcutting] FindFilledBlock: found at 1308,728 (51x51 0x008B07 tol=5, 15 ms)
2026-07-23 14:27:00 [woodcutting] Tracking stable target at 1308,728 (cooldown active, search 15 ms)
2026-07-23 14:27:00 [woodcutting] FindFilledBlock: found at 1308,728 (51x51 0x008B07 tol=5, 16 ms)
2026-07-23 14:27:00 [woodcutting] Tracking stable target at 1308,728 (cooldown active, search 16 ms)
2026-07-23 14:27:00 [woodcutting] FindFilledBlock: found at 1308,728 (51x51 0x008B07 tol=5, 15 ms)
2026-07-23 14:27:00 [woodcutting] Tracking stable target at 1308,728 (cooldown active, search 15 ms)
2026-07-23 14:27:01 [woodcutting] FindFilledBlock: found at 1308,728 (51x51 0x008B07 tol=5, 15 ms)
2026-07-23 14:27:01 [woodcutting] Tracking stable target at 1308,728 (cooldown active, search 15 ms)
2026-07-23 14:27:01 [woodcutting] FindFilledBlock: found at 1308,728 (51x51 0x008B07 tol=5, 15 ms)
2026-07-23 14:27:01 [woodcutting] Tracking stable target at 1308,728 (cooldown active, search 15 ms)
2026-07-23 14:27:01 [woodcutting] FindFilledBlock: found at 1308,728 (51x51 0x008B07 tol=5, 15 ms)
2026-07-23 14:27:01 [woodcutting] Clicked STABLE target at 1308,728 (search 15 ms)
2026-07-23 14:27:01 [woodcutting] ReleasePendingModifiersNow: released Ctrl
2026-07-23 14:27:01 [woodcutting] FindFilledBlock: found at 1346,732 (51x51 0x008B07 tol=5, 16 ms)
2026-07-23 14:27:01 [woodcutting] Tracking not-yet-stable target at 1346,732 (search 16 ms)
2026-07-23 14:27:01 [woodcutting] FindFilledBlock: found at 1346,732 (51x51 0x008B07 tol=5, 16 ms)
2026-07-23 14:27:01 [woodcutting] Tracking not-yet-stable target at 1346,732 (search 16 ms)
2026-07-23 14:27:02 [woodcutting] FindFilledBlock: found at 1308,728 (51x51 0x008B07 tol=5, 15 ms)
2026-07-23 14:27:02 [woodcutting] Tracking not-yet-stable target at 1308,728 (search 15 ms)
2026-07-23 14:27:02 [woodcutting] FindFilledBlock: found at 1308,728 (51x51 0x008B07 tol=5, 15 ms)
2026-07-23 14:27:02 [woodcutting] Tracking not-yet-stable target at 1308,728 (search 15 ms)
2026-07-23 14:27:02 [woodcutting] FindFilledBlock: found at 1308,728 (51x51 0x008B07 tol=5, 15 ms)
2026-07-23 14:27:02 [woodcutting] Tracking stable target at 1308,728 (cooldown active, search 15 ms)
2026-07-23 14:27:02 [woodcutting] FindFilledBlock: found at 1308,728 (51x51 0x008B07 tol=5, 15 ms)
2026-07-23 14:27:02 [woodcutting] Tracking stable target at 1308,728 (cooldown active, search 15 ms)
2026-07-23 14:27:02 [woodcutting] FindFilledBlock: found at 1308,728 (51x51 0x008B07 tol=5, 16 ms)
2026-07-23 14:27:02 [woodcutting] Tracking stable target at 1308,728 (cooldown active, search 16 ms)
2026-07-23 14:27:02 [woodcutting] FindFilledBlock: found at 1308,728 (51x51 0x008B07 tol=5, 15 ms)
2026-07-23 14:27:02 [woodcutting] Tracking stable target at 1308,728 (cooldown active, search 15 ms)
2026-07-23 14:27:03 [woodcutting] FindFilledBlock: found at 1308,728 (51x51 0x008B07 tol=5, 15 ms)
2026-07-23 14:27:03 [woodcutting] Clicked STABLE target at 1308,728 (search 15 ms)
2026-07-23 14:27:03 [woodcutting] ReleasePendingModifiersNow: released Ctrl
2026-07-23 14:27:03 [woodcutting] FindFilledBlock: found at 1346,732 (51x51 0x008B07 tol=5, 16 ms)
2026-07-23 14:27:03 [woodcutting] Tracking not-yet-stable target at 1346,732 (search 16 ms)
2026-07-23 14:27:03 [woodcutting] FindFilledBlock: found at 1346,732 (51x51 0x008B07 tol=5, 16 ms)
2026-07-23 14:27:03 [woodcutting] Tracking not-yet-stable target at 1346,732 (search 16 ms)
2026-07-23 14:27:03 [woodcutting] FindFilledBlock: found at 1308,728 (51x51 0x008B07 tol=5, 16 ms)
2026-07-23 14:27:03 [woodcutting] Tracking not-yet-stable target at 1308,728 (search 16 ms)
2026-07-23 14:27:04 [woodcutting] FindFilledBlock: found at 1308,728 (51x51 0x008B07 tol=5, 16 ms)
2026-07-23 14:27:04 [woodcutting] Tracking not-yet-stable target at 1308,728 (search 16 ms)
2026-07-23 14:27:04 [woodcutting] FindFilledBlock: found at 1308,728 (51x51 0x008B07 tol=5, 16 ms)
2026-07-23 14:27:04 [woodcutting] Tracking stable target at 1308,728 (cooldown active, search 16 ms)
2026-07-23 14:27:04 [woodcutting] FindFilledBlock: found at 1308,728 (51x51 0x008B07 tol=5, 15 ms)
2026-07-23 14:27:04 [woodcutting] Tracking stable target at 1308,728 (cooldown active, search 15 ms)
2026-07-23 14:27:04 [woodcutting] FindFilledBlock: found at 1308,728 (51x51 0x008B07 tol=5, 0 ms)
2026-07-23 14:27:04 [woodcutting] Tracking stable target at 1308,728 (cooldown active, search 0 ms)
2026-07-23 14:27:04 [woodcutting] FindFilledBlock: found at 1308,728 (51x51 0x008B07 tol=5, 16 ms)
2026-07-23 14:27:04 [woodcutting] Tracking stable target at 1308,728 (cooldown active, search 16 ms)
2026-07-23 14:27:04 [woodcutting] FindFilledBlock: found at 1308,728 (51x51 0x008B07 tol=5, 0 ms)
2026-07-23 14:27:04 [woodcutting] Clicked STABLE target at 1308,728 (search 0 ms)
2026-07-23 14:27:05 [woodcutting] ReleasePendingModifiersNow: released Ctrl
2026-07-23 14:27:05 [woodcutting] FindFilledBlock: found at 1346,732 (51x51 0x008B07 tol=5, 16 ms)
2026-07-23 14:27:05 [woodcutting] Tracking not-yet-stable target at 1346,732 (search 16 ms)
2026-07-23 14:27:05 [woodcutting] FindFilledBlock: found at 1346,732 (51x51 0x008B07 tol=5, 0 ms)
2026-07-23 14:27:05 [woodcutting] Tracking not-yet-stable target at 1346,732 (search 0 ms)
2026-07-23 14:27:05 [woodcutting] FindFilledBlock: found at 1308,728 (51x51 0x008B07 tol=5, 16 ms)
2026-07-23 14:27:05 [woodcutting] Tracking not-yet-stable target at 1308,728 (search 16 ms)
2026-07-23 14:27:05 [woodcutting] FindFilledBlock: found at 1308,728 (51x51 0x008B07 tol=5, 0 ms)
2026-07-23 14:27:05 [woodcutting] Tracking not-yet-stable target at 1308,728 (search 0 ms)
2026-07-23 14:27:05 [woodcutting] FindFilledBlock: found at 1308,728 (51x51 0x008B07 tol=5, 16 ms)
2026-07-23 14:27:05 [woodcutting] Tracking stable target at 1308,728 (cooldown active, search 16 ms)
2026-07-23 14:27:05 [woodcutting] FindFilledBlock: found at 1308,728 (51x51 0x008B07 tol=5, 16 ms)
2026-07-23 14:27:05 [woodcutting] Tracking stable target at 1308,728 (cooldown active, search 16 ms)
2026-07-23 14:27:06 [woodcutting] FindFilledBlock: found at 1308,728 (51x51 0x008B07 tol=5, 0 ms)
2026-07-23 14:27:06 [woodcutting] Tracking stable target at 1308,728 (cooldown active, search 15 ms)
2026-07-23 14:27:06 [woodcutting] FindFilledBlock: found at 1308,728 (51x51 0x008B07 tol=5, 16 ms)
2026-07-23 14:27:06 [woodcutting] Tracking stable target at 1308,728 (cooldown active, search 16 ms)
2026-07-23 14:27:06 [woodcutting] FindFilledBlock: found at 1308,728 (51x51 0x008B07 tol=5, 15 ms)
2026-07-23 14:27:06 [woodcutting] Clicked STABLE target at 1308,728 (search 15 ms)
2026-07-23 14:27:06 [woodcutting] ReleasePendingModifiersNow: released Ctrl
2026-07-23 14:27:06 [woodcutting] FindFilledBlock: found at 1346,732 (51x51 0x008B07 tol=5, 16 ms)
2026-07-23 14:27:06 [woodcutting] Tracking not-yet-stable target at 1346,732 (search 16 ms)
2026-07-23 14:27:07 [woodcutting] FindFilledBlock: found at 1308,728 (51x51 0x008B07 tol=5, 0 ms)
2026-07-23 14:27:07 [woodcutting] Tracking not-yet-stable target at 1308,728 (search 0 ms)
2026-07-23 14:27:07 [woodcutting] FindFilledBlock: found at 1308,728 (51x51 0x008B07 tol=5, 15 ms)
2026-07-23 14:27:07 [woodcutting] Tracking not-yet-stable target at 1308,728 (search 15 ms)
2026-07-23 14:27:07 [woodcutting] FindFilledBlock: found at 1308,728 (51x51 0x008B07 tol=5, 15 ms)
2026-07-23 14:27:07 [woodcutting] Tracking stable target at 1308,728 (cooldown active, search 15 ms)
2026-07-23 14:27:07 [woodcutting] FindFilledBlock: found at 1308,728 (51x51 0x008B07 tol=5, 15 ms)
2026-07-23 14:27:07 [woodcutting] Tracking stable target at 1308,728 (cooldown active, search 15 ms)
2026-07-23 14:27:07 [woodcutting] FindFilledBlock: found at 1308,728 (51x51 0x008B07 tol=5, 15 ms)
2026-07-23 14:27:07 [woodcutting] Tracking stable target at 1308,728 (cooldown active, search 15 ms)
2026-07-23 14:27:07 [woodcutting] FindFilledBlock: found at 1308,728 (51x51 0x008B07 tol=5, 0 ms)
2026-07-23 14:27:07 [woodcutting] Tracking stable target at 1308,728 (cooldown active, search 15 ms)
2026-07-23 14:27:07 [woodcutting] FindFilledBlock: found at 1308,728 (51x51 0x008B07 tol=5, 16 ms)
2026-07-23 14:27:08 [woodcutting] Tracking stable target at 1308,728 (cooldown active, search 16 ms)
2026-07-23 14:27:08 [woodcutting] FindFilledBlock: found at 1308,728 (51x51 0x008B07 tol=5, 0 ms)
2026-07-23 14:27:08 [woodcutting] Clicked STABLE target at 1308,728 (search 0 ms)
2026-07-23 14:27:08 [woodcutting] ReleasePendingModifiersNow: released Ctrl
2026-07-23 14:27:08 [woodcutting] FindFilledBlock: found at 1346,732 (51x51 0x008B07 tol=5, 0 ms)
2026-07-23 14:27:08 [woodcutting] Tracking not-yet-stable target at 1346,732 (search 0 ms)
2026-07-23 14:27:08 [woodcutting] FindFilledBlock: found at 1308,728 (51x51 0x008B07 tol=5, 15 ms)
2026-07-23 14:27:08 [woodcutting] Tracking not-yet-stable target at 1308,728 (search 15 ms)
2026-07-23 14:27:08 [woodcutting] FindFilledBlock: found at 1308,728 (51x51 0x008B07 tol=5, 15 ms)
2026-07-23 14:27:08 [woodcutting] Tracking not-yet-stable target at 1308,728 (search 15 ms)
2026-07-23 14:27:09 [woodcutting] FindFilledBlock: found at 1308,728 (51x51 0x008B07 tol=5, 16 ms)
2026-07-23 14:27:09 [woodcutting] Tracking stable target at 1308,728 (cooldown active, search 16 ms)
2026-07-23 14:27:09 [woodcutting] FindFilledBlock: found at 1308,728 (51x51 0x008B07 tol=5, 16 ms)
2026-07-23 14:27:09 [woodcutting] Tracking stable target at 1308,728 (cooldown active, search 16 ms)
2026-07-23 14:27:09 [woodcutting] FindFilledBlock: found at 1308,728 (51x51 0x008B07 tol=5, 16 ms)
2026-07-23 14:27:09 [woodcutting] Tracking stable target at 1308,728 (cooldown active, search 16 ms)
2026-07-23 14:27:09 [woodcutting] FindFilledBlock: found at 1308,728 (51x51 0x008B07 tol=5, 16 ms)
2026-07-23 14:27:09 [woodcutting] Tracking stable target at 1308,728 (cooldown active, search 16 ms)
2026-07-23 14:27:09 [woodcutting] FindFilledBlock: found at 1308,728 (51x51 0x008B07 tol=5, 16 ms)
2026-07-23 14:27:09 [woodcutting] Tracking stable target at 1308,728 (cooldown active, search 16 ms)
2026-07-23 14:27:09 [woodcutting] FindFilledBlock: found at 1308,728 (51x51 0x008B07 tol=5, 16 ms)
2026-07-23 14:27:10 [woodcutting] Clicked STABLE target at 1308,728 (search 16 ms)
2026-07-23 14:27:10 [woodcutting] ReleasePendingModifiersNow: released Ctrl
2026-07-23 14:27:10 [woodcutting] FindFilledBlock: found at 1346,732 (51x51 0x008B07 tol=5, 15 ms)
2026-07-23 14:27:10 [woodcutting] Tracking not-yet-stable target at 1346,732 (search 15 ms)
2026-07-23 14:27:10 [woodcutting] FindFilledBlock: found at 1346,732 (51x51 0x008B07 tol=5, 16 ms)
2026-07-23 14:27:10 [woodcutting] Tracking not-yet-stable target at 1346,732 (search 16 ms)
2026-07-23 14:27:10 [woodcutting] FindFilledBlock: found at 1308,728 (51x51 0x008B07 tol=5, 16 ms)
2026-07-23 14:27:10 [woodcutting] Tracking not-yet-stable target at 1308,728 (search 16 ms)
2026-07-23 14:27:10 [woodcutting] FindFilledBlock: found at 1308,728 (51x51 0x008B07 tol=5, 16 ms)
2026-07-23 14:27:10 [woodcutting] Tracking not-yet-stable target at 1308,728 (search 16 ms)
2026-07-23 14:27:10 [woodcutting] FindFilledBlock: found at 1308,728 (51x51 0x008B07 tol=5, 15 ms)
2026-07-23 14:27:10 [woodcutting] Tracking stable target at 1308,728 (cooldown active, search 15 ms)
2026-07-23 14:27:11 [woodcutting] FindFilledBlock: found at 1308,728 (51x51 0x008B07 tol=5, 16 ms)
2026-07-23 14:27:11 [woodcutting] Tracking stable target at 1308,728 (cooldown active, search 16 ms)
2026-07-23 14:27:11 [woodcutting] FindFilledBlock: found at 1308,728 (51x51 0x008B07 tol=5, 16 ms)
2026-07-23 14:27:11 [woodcutting] Tracking stable target at 1308,728 (cooldown active, search 16 ms)
2026-07-23 14:27:11 [woodcutting] FindFilledBlock: found at 1308,728 (51x51 0x008B07 tol=5, 16 ms)
2026-07-23 14:27:11 [woodcutting] Tracking stable target at 1308,728 (cooldown active, search 16 ms)
2026-07-23 14:27:11 [woodcutting] FindFilledBlock: found at 1308,728 (51x51 0x008B07 tol=5, 0 ms)
2026-07-23 14:27:11 [woodcutting] Clicked STABLE target at 1308,728 (search 0 ms)
2026-07-23 14:27:11 [woodcutting] ReleasePendingModifiersNow: released Ctrl
2026-07-23 14:27:11 [woodcutting] FindFilledBlock: found at 1346,732 (51x51 0x008B07 tol=5, 0 ms)
2026-07-23 14:27:11 [woodcutting] Tracking not-yet-stable target at 1346,732 (search 0 ms)
2026-07-23 14:27:12 [woodcutting] FindFilledBlock: found at 1346,732 (51x51 0x008B07 tol=5, 16 ms)
2026-07-23 14:27:12 [woodcutting] Tracking not-yet-stable target at 1346,732 (search 16 ms)
2026-07-23 14:27:12 [woodcutting] FindFilledBlock: found at 1308,728 (51x51 0x008B07 tol=5, 0 ms)
2026-07-23 14:27:12 [woodcutting] Tracking not-yet-stable target at 1308,728 (search 0 ms)
2026-07-23 14:27:12 [woodcutting] FindFilledBlock: found at 1308,728 (51x51 0x008B07 tol=5, 15 ms)
2026-07-23 14:27:12 [woodcutting] Tracking not-yet-stable target at 1308,728 (search 15 ms)
2026-07-23 14:27:12 [woodcutting] FindFilledBlock: found at 1308,728 (51x51 0x008B07 tol=5, 0 ms)
2026-07-23 14:27:12 [woodcutting] Tracking stable target at 1308,728 (cooldown active, search 0 ms)
2026-07-23 14:27:12 [woodcutting] FindFilledBlock: found at 1308,728 (51x51 0x008B07 tol=5, 0 ms)
2026-07-23 14:27:12 [woodcutting] Tracking stable target at 1308,728 (cooldown active, search 16 ms)
2026-07-23 14:27:12 [woodcutting] FindFilledBlock: found at 1308,728 (51x51 0x008B07 tol=5, 16 ms)
2026-07-23 14:27:12 [woodcutting] Tracking stable target at 1308,728 (cooldown active, search 16 ms)
2026-07-23 14:27:13 [woodcutting] FindFilledBlock: found at 1308,728 (51x51 0x008B07 tol=5, 15 ms)
2026-07-23 14:27:13 [woodcutting] Tracking stable target at 1308,728 (cooldown active, search 15 ms)
2026-07-23 14:27:13 [woodcutting] FindFilledBlock: found at 1308,728 (51x51 0x008B07 tol=5, 16 ms)
2026-07-23 14:27:13 [woodcutting] Clicked STABLE target at 1308,728 (search 16 ms)
2026-07-23 14:27:13 [woodcutting] ReleasePendingModifiersNow: released Ctrl
2026-07-23 14:27:13 [woodcutting] FindFilledBlock: found at 1346,732 (51x51 0x008B07 tol=5, 16 ms)
2026-07-23 14:27:13 [woodcutting] Tracking not-yet-stable target at 1346,732 (search 16 ms)
2026-07-23 14:27:13 [woodcutting] FindFilledBlock: found at 1308,728 (51x51 0x008B07 tol=5, 16 ms)
2026-07-23 14:27:13 [woodcutting] Tracking not-yet-stable target at 1308,728 (search 16 ms)
2026-07-23 14:27:13 [woodcutting] FindFilledBlock: found at 1308,728 (51x51 0x008B07 tol=5, 16 ms)
2026-07-23 14:27:13 [woodcutting] Tracking not-yet-stable target at 1308,728 (search 16 ms)
2026-07-23 14:27:14 [woodcutting] FindFilledBlock: found at 1308,728 (51x51 0x008B07 tol=5, 16 ms)
2026-07-23 14:27:14 [woodcutting] Tracking stable target at 1308,728 (cooldown active, search 16 ms)
2026-07-23 14:27:14 [woodcutting] FindFilledBlock: found at 1308,728 (51x51 0x008B07 tol=5, 16 ms)
2026-07-23 14:27:14 [woodcutting] Tracking stable target at 1308,728 (cooldown active, search 16 ms)
2026-07-23 14:27:14 [woodcutting] FindFilledBlock: found at 1308,728 (51x51 0x008B07 tol=5, 16 ms)
2026-07-23 14:27:14 [woodcutting] Tracking stable target at 1308,728 (cooldown active, search 16 ms)
2026-07-23 14:27:14 [woodcutting] FindFilledBlock: found at 1308,728 (51x51 0x008B07 tol=5, 16 ms)
2026-07-23 14:27:14 [woodcutting] Tracking stable target at 1308,728 (cooldown active, search 16 ms)
2026-07-23 14:27:14 [woodcutting] FindFilledBlock: found at 1308,728 (51x51 0x008B07 tol=5, 16 ms)
2026-07-23 14:27:14 [woodcutting] Tracking stable target at 1308,728 (cooldown active, search 16 ms)
2026-07-23 14:27:14 [woodcutting] FindFilledBlock: found at 1308,728 (51x51 0x008B07 tol=5, 16 ms)
2026-07-23 14:27:15 [woodcutting] Clicked STABLE target at 1308,728 (search 16 ms)
2026-07-23 14:27:15 [woodcutting] ReleasePendingModifiersNow: released Ctrl
2026-07-23 14:27:15 [woodcutting] FindFilledBlock: found at 1346,732 (51x51 0x008B07 tol=5, 0 ms)
2026-07-23 14:27:15 [woodcutting] Tracking not-yet-stable target at 1346,732 (search 0 ms)
2026-07-23 14:27:15 [woodcutting] FindFilledBlock: found at 1346,732 (51x51 0x008B07 tol=5, 15 ms)
2026-07-23 14:27:15 [woodcutting] Tracking not-yet-stable target at 1346,732 (search 15 ms)
2026-07-23 14:27:15 [woodcutting] FindFilledBlock: found at 1308,728 (51x51 0x008B07 tol=5, 0 ms)
2026-07-23 14:27:15 [woodcutting] Tracking not-yet-stable target at 1308,728 (search 0 ms)
2026-07-23 14:27:15 [woodcutting] FindFilledBlock: found at 1308,728 (51x51 0x008B07 tol=5, 15 ms)
2026-07-23 14:27:15 [woodcutting] Tracking not-yet-stable target at 1308,728 (search 15 ms)
2026-07-23 14:27:15 [woodcutting] FindFilledBlock: found at 1308,728 (51x51 0x008B07 tol=5, 0 ms)
2026-07-23 14:27:15 [woodcutting] Tracking stable target at 1308,728 (cooldown active, search 0 ms)
2026-07-23 14:27:16 [woodcutting] FindFilledBlock: found at 1308,728 (51x51 0x008B07 tol=5, 16 ms)
2026-07-23 14:27:16 [woodcutting] Tracking stable target at 1308,728 (cooldown active, search 16 ms)
2026-07-23 14:27:16 [woodcutting] FindFilledBlock: found at 1308,728 (51x51 0x008B07 tol=5, 16 ms)
2026-07-23 14:27:16 [woodcutting] Tracking stable target at 1308,728 (cooldown active, search 16 ms)
2026-07-23 14:27:16 [woodcutting] FindFilledBlock: found at 1308,728 (51x51 0x008B07 tol=5, 15 ms)
2026-07-23 14:27:16 [woodcutting] Tracking stable target at 1308,728 (cooldown active, search 15 ms)
2026-07-23 14:27:16 [woodcutting] FindFilledBlock: found at 1308,728 (51x51 0x008B07 tol=5, 16 ms)
2026-07-23 14:27:16 [woodcutting] Clicked STABLE target at 1308,728 (search 16 ms)
2026-07-23 14:27:16 [woodcutting] ReleasePendingModifiersNow: released Ctrl
2026-07-23 14:27:16 [woodcutting] FindFilledBlock: found at 1346,732 (51x51 0x008B07 tol=5, 16 ms)
2026-07-23 14:27:16 [woodcutting] Tracking not-yet-stable target at 1346,732 (search 16 ms)
2026-07-23 14:27:17 [woodcutting] FindFilledBlock: found at 1346,732 (51x51 0x008B07 tol=5, 16 ms)
2026-07-23 14:27:17 [woodcutting] Tracking not-yet-stable target at 1346,732 (search 16 ms)
2026-07-23 14:27:17 [woodcutting] FindFilledBlock: found at 1308,728 (51x51 0x008B07 tol=5, 16 ms)
2026-07-23 14:27:17 [woodcutting] Tracking not-yet-stable target at 1308,728 (search 16 ms)
2026-07-23 14:27:17 [woodcutting] FindFilledBlock: found at 1308,728 (51x51 0x008B07 tol=5, 16 ms)
2026-07-23 14:27:17 [woodcutting] Tracking not-yet-stable target at 1308,728 (search 16 ms)
2026-07-23 14:27:17 [woodcutting] FindFilledBlock: found at 1308,728 (51x51 0x008B07 tol=5, 16 ms)
2026-07-23 14:27:17 [woodcutting] Tracking stable target at 1308,728 (cooldown active, search 16 ms)
2026-07-23 14:27:17 [woodcutting] FindFilledBlock: found at 1308,728 (51x51 0x008B07 tol=5, 0 ms)
2026-07-23 14:27:17 [woodcutting] Tracking stable target at 1308,728 (cooldown active, search 0 ms)
2026-07-23 14:27:17 [woodcutting] FindFilledBlock: found at 1308,728 (51x51 0x008B07 tol=5, 16 ms)
2026-07-23 14:27:17 [woodcutting] Tracking stable target at 1308,728 (cooldown active, search 16 ms)
2026-07-23 14:27:18 [woodcutting] FindFilledBlock: found at 1308,728 (51x51 0x008B07 tol=5, 0 ms)
2026-07-23 14:27:18 [woodcutting] Tracking stable target at 1308,728 (cooldown active, search 16 ms)
2026-07-23 14:27:18 [woodcutting] FindFilledBlock: found at 1308,728 (51x51 0x008B07 tol=5, 15 ms)
2026-07-23 14:27:18 [woodcutting] Clicked STABLE target at 1308,728 (search 15 ms)
2026-07-23 14:27:18 [woodcutting] ReleasePendingModifiersNow: released Ctrl
2026-07-23 14:27:18 [woodcutting] FindFilledBlock: found at 1346,732 (51x51 0x008B07 tol=5, 16 ms)
2026-07-23 14:27:18 [woodcutting] Tracking not-yet-stable target at 1346,732 (search 16 ms)
2026-07-23 14:27:18 [woodcutting] FindFilledBlock: found at 1346,732 (51x51 0x008B07 tol=5, 0 ms)
2026-07-23 14:27:18 [woodcutting] Tracking not-yet-stable target at 1346,732 (search 0 ms)
2026-07-23 14:27:18 [woodcutting] FindFilledBlock: found at 1308,728 (51x51 0x008B07 tol=5, 0 ms)
2026-07-23 14:27:18 [woodcutting] Tracking not-yet-stable target at 1308,728 (search 0 ms)
2026-07-23 14:27:19 [woodcutting] FindFilledBlock: found at 1308,728 (51x51 0x008B07 tol=5, 16 ms)
2026-07-23 14:27:19 [woodcutting] Tracking not-yet-stable target at 1308,728 (search 16 ms)
2026-07-23 14:27:19 [woodcutting] FindFilledBlock: found at 1308,728 (51x51 0x008B07 tol=5, 16 ms)
2026-07-23 14:27:19 [woodcutting] Tracking stable target at 1308,728 (cooldown active, search 16 ms)
2026-07-23 14:27:19 [woodcutting] FindFilledBlock: found at 1308,728 (51x51 0x008B07 tol=5, 16 ms)
2026-07-23 14:27:19 [woodcutting] Tracking stable target at 1308,728 (cooldown active, search 16 ms)
2026-07-23 14:27:19 [woodcutting] FindFilledBlock: found at 1308,728 (51x51 0x008B07 tol=5, 16 ms)
2026-07-23 14:27:19 [woodcutting] Tracking stable target at 1308,728 (cooldown active, search 16 ms)
2026-07-23 14:27:19 [woodcutting] FindFilledBlock: found at 1308,728 (51x51 0x008B07 tol=5, 0 ms)
2026-07-23 14:27:19 [woodcutting] Tracking stable target at 1308,728 (cooldown active, search 0 ms)
2026-07-23 14:27:19 [woodcutting] FindFilledBlock: found at 1308,728 (51x51 0x008B07 tol=5, 15 ms)
2026-07-23 14:27:19 [woodcutting] Clicked STABLE target at 1308,728 (search 15 ms)
2026-07-23 14:27:20 [woodcutting] ReleasePendingModifiersNow: released Ctrl
2026-07-23 14:27:20 [woodcutting] FindFilledBlock: found at 1346,732 (51x51 0x008B07 tol=5, 16 ms)
2026-07-23 14:27:20 [woodcutting] Tracking not-yet-stable target at 1346,732 (search 16 ms)
2026-07-23 14:27:20 [woodcutting] FindFilledBlock: found at 1346,732 (51x51 0x008B07 tol=5, 0 ms)
2026-07-23 14:27:20 [woodcutting] Tracking not-yet-stable target at 1346,732 (search 0 ms)
2026-07-23 14:27:20 [woodcutting] FindFilledBlock: found at 1308,728 (51x51 0x008B07 tol=5, 15 ms)
2026-07-23 14:27:20 [woodcutting] Tracking not-yet-stable target at 1308,728 (search 15 ms)
2026-07-23 14:27:20 [woodcutting] FindFilledBlock: found at 1308,728 (51x51 0x008B07 tol=5, 16 ms)
2026-07-23 14:27:20 [woodcutting] Tracking not-yet-stable target at 1308,728 (search 16 ms)
2026-07-23 14:27:20 [woodcutting] FindFilledBlock: found at 1308,728 (51x51 0x008B07 tol=5, 16 ms)
2026-07-23 14:27:20 [woodcutting] Tracking stable target at 1308,728 (cooldown active, search 16 ms)
2026-07-23 14:27:20 [woodcutting] FindFilledBlock: found at 1308,728 (51x51 0x008B07 tol=5, 16 ms)
2026-07-23 14:27:20 [woodcutting] Tracking stable target at 1308,728 (cooldown active, search 16 ms)
2026-07-23 14:27:21 [woodcutting] FindFilledBlock: found at 1308,728 (51x51 0x008B07 tol=5, 15 ms)
2026-07-23 14:27:21 [woodcutting] Tracking stable target at 1308,728 (cooldown active, search 15 ms)
2026-07-23 14:27:21 [woodcutting] FindFilledBlock: found at 1308,728 (51x51 0x008B07 tol=5, 15 ms)
2026-07-23 14:27:21 [woodcutting] Tracking stable target at 1308,728 (cooldown active, search 15 ms)
2026-07-23 14:27:21 [woodcutting] FindFilledBlock: found at 1308,728 (51x51 0x008B07 tol=5, 15 ms)
2026-07-23 14:27:21 [woodcutting] Clicked STABLE target at 1308,728 (search 15 ms)
2026-07-23 14:27:21 [woodcutting] ReleasePendingModifiersNow: released Ctrl
2026-07-23 14:27:21 [woodcutting] FindFilledBlock: found at 1346,732 (51x51 0x008B07 tol=5, 16 ms)
2026-07-23 14:27:21 [woodcutting] Tracking not-yet-stable target at 1346,732 (search 16 ms)
2026-07-23 14:27:22 [woodcutting] FindFilledBlock: found at 1308,728 (51x51 0x008B07 tol=5, 16 ms)
2026-07-23 14:27:22 [woodcutting] Tracking not-yet-stable target at 1308,728 (search 16 ms)
2026-07-23 14:27:22 [woodcutting] FindFilledBlock: found at 1308,728 (51x51 0x008B07 tol=5, 15 ms)
2026-07-23 14:27:22 [woodcutting] Tracking not-yet-stable target at 1308,728 (search 15 ms)
2026-07-23 14:27:22 [woodcutting] FindFilledBlock: found at 1308,728 (51x51 0x008B07 tol=5, 15 ms)
2026-07-23 14:27:22 [woodcutting] Tracking stable target at 1308,728 (cooldown active, search 15 ms)
2026-07-23 14:27:22 [woodcutting] FindFilledBlock: found at 1308,728 (51x51 0x008B07 tol=5, 16 ms)
2026-07-23 14:27:22 [woodcutting] Tracking stable target at 1308,728 (cooldown active, search 16 ms)
2026-07-23 14:27:22 [woodcutting] FindFilledBlock: found at 1308,728 (51x51 0x008B07 tol=5, 16 ms)
2026-07-23 14:27:22 [woodcutting] Tracking stable target at 1308,728 (cooldown active, search 16 ms)
2026-07-23 14:27:22 [woodcutting] FindFilledBlock: found at 1308,728 (51x51 0x008B07 tol=5, 16 ms)
2026-07-23 14:27:22 [woodcutting] Tracking stable target at 1308,728 (cooldown active, search 16 ms)
2026-07-23 14:27:23 [woodcutting] FindFilledBlock: found at 1308,728 (51x51 0x008B07 tol=5, 16 ms)
2026-07-23 14:27:23 [woodcutting] Tracking stable target at 1308,728 (cooldown active, search 16 ms)
2026-07-23 14:27:23 [woodcutting] FindFilledBlock: found at 1308,728 (51x51 0x008B07 tol=5, 16 ms)
2026-07-23 14:27:23 [woodcutting] Clicked STABLE target at 1308,728 (search 16 ms)
2026-07-23 14:27:23 [woodcutting] ReleasePendingModifiersNow: released Ctrl
2026-07-23 14:27:23 [woodcutting] FindFilledBlock: found at 1346,732 (51x51 0x008B07 tol=5, 16 ms)
2026-07-23 14:27:23 [woodcutting] Tracking not-yet-stable target at 1346,732 (search 16 ms)
2026-07-23 14:27:23 [woodcutting] FindFilledBlock: found at 1346,732 (51x51 0x008B07 tol=5, 16 ms)
2026-07-23 14:27:23 [woodcutting] Tracking not-yet-stable target at 1346,732 (search 16 ms)
2026-07-23 14:27:23 [woodcutting] FindFilledBlock: found at 1308,728 (51x51 0x008B07 tol=5, 16 ms)
2026-07-23 14:27:23 [woodcutting] Tracking not-yet-stable target at 1308,728 (search 16 ms)
2026-07-23 14:27:24 [woodcutting] FindFilledBlock: found at 1308,728 (51x51 0x008B07 tol=5, 15 ms)
2026-07-23 14:27:24 [woodcutting] Tracking not-yet-stable target at 1308,728 (search 15 ms)
2026-07-23 14:27:24 [woodcutting] FindFilledBlock: found at 1308,728 (51x51 0x008B07 tol=5, 0 ms)
2026-07-23 14:27:24 [woodcutting] Tracking stable target at 1308,728 (cooldown active, search 0 ms)
2026-07-23 14:27:24 [woodcutting] FindFilledBlock: found at 1308,728 (51x51 0x008B07 tol=5, 16 ms)
2026-07-23 14:27:24 [woodcutting] Tracking stable target at 1308,728 (cooldown active, search 16 ms)
2026-07-23 14:27:24 [woodcutting] FindFilledBlock: found at 1308,728 (51x51 0x008B07 tol=5, 0 ms)
2026-07-23 14:27:24 [woodcutting] Tracking stable target at 1308,728 (cooldown active, search 0 ms)
2026-07-23 14:27:24 [woodcutting] FindFilledBlock: found at 1308,728 (51x51 0x008B07 tol=5, 15 ms)
2026-07-23 14:27:24 [woodcutting] Tracking stable target at 1308,728 (cooldown active, search 15 ms)
2026-07-23 14:27:24 [woodcutting] FindFilledBlock: found at 1308,728 (51x51 0x008B07 tol=5, 0 ms)
2026-07-23 14:27:24 [woodcutting] Clicked STABLE target at 1308,728 (search 0 ms)
2026-07-23 14:27:25 [woodcutting] ReleasePendingModifiersNow: released Ctrl
2026-07-23 14:27:25 [woodcutting] FindFilledBlock: found at 1346,732 (51x51 0x008B07 tol=5, 0 ms)
2026-07-23 14:27:25 [woodcutting] Tracking not-yet-stable target at 1346,732 (search 0 ms)
2026-07-23 14:27:25 [woodcutting] FindFilledBlock: found at 1346,732 (51x51 0x008B07 tol=5, 15 ms)
2026-07-23 14:27:25 [woodcutting] Tracking not-yet-stable target at 1346,732 (search 15 ms)
2026-07-23 14:27:25 [woodcutting] FindFilledBlock: found at 1308,728 (51x51 0x008B07 tol=5, 0 ms)
2026-07-23 14:27:25 [woodcutting] Tracking not-yet-stable target at 1308,728 (search 0 ms)
2026-07-23 14:27:25 [woodcutting] FindFilledBlock: found at 1308,728 (51x51 0x008B07 tol=5, 16 ms)
2026-07-23 14:27:25 [woodcutting] Tracking not-yet-stable target at 1308,728 (search 16 ms)
2026-07-23 14:27:25 [woodcutting] FindFilledBlock: found at 1308,728 (51x51 0x008B07 tol=5, 0 ms)
2026-07-23 14:27:25 [woodcutting] Tracking stable target at 1308,728 (cooldown active, search 0 ms)
2026-07-23 14:27:26 [woodcutting] FindFilledBlock: found at 1308,728 (51x51 0x008B07 tol=5, 0 ms)
2026-07-23 14:27:26 [woodcutting] Tracking stable target at 1308,728 (cooldown active, search 15 ms)
2026-07-23 14:27:26 [woodcutting] FindFilledBlock: found at 1308,728 (51x51 0x008B07 tol=5, 16 ms)
2026-07-23 14:27:26 [woodcutting] Tracking stable target at 1308,728 (cooldown active, search 16 ms)
2026-07-23 14:27:26 [woodcutting] FindFilledBlock: found at 1308,728 (51x51 0x008B07 tol=5, 15 ms)
2026-07-23 14:27:26 [woodcutting] Tracking stable target at 1308,728 (cooldown active, search 15 ms)
2026-07-23 14:27:26 [woodcutting] FindFilledBlock: found at 1308,728 (51x51 0x008B07 tol=5, 15 ms)
2026-07-23 14:27:26 [woodcutting] Clicked STABLE target at 1308,728 (search 15 ms)
2026-07-23 14:27:26 [woodcutting] ReleasePendingModifiersNow: released Ctrl
2026-07-23 14:27:26 [woodcutting] FindFilledBlock: found at 1346,732 (51x51 0x008B07 tol=5, 16 ms)
2026-07-23 14:27:26 [woodcutting] Tracking not-yet-stable target at 1346,732 (search 16 ms)
2026-07-23 14:27:27 [woodcutting] FindFilledBlock: found at 1346,732 (51x51 0x008B07 tol=5, 16 ms)
2026-07-23 14:27:27 [woodcutting] Tracking not-yet-stable target at 1346,732 (search 16 ms)
2026-07-23 14:27:27 [woodcutting] FindFilledBlock: found at 1308,728 (51x51 0x008B07 tol=5, 15 ms)
2026-07-23 14:27:27 [woodcutting] Tracking not-yet-stable target at 1308,728 (search 15 ms)
2026-07-23 14:27:27 [woodcutting] FindFilledBlock: found at 1308,728 (51x51 0x008B07 tol=5, 15 ms)
2026-07-23 14:27:27 [woodcutting] Tracking not-yet-stable target at 1308,728 (search 15 ms)
2026-07-23 14:27:27 [woodcutting] FindFilledBlock: found at 1308,728 (51x51 0x008B07 tol=5, 16 ms)
2026-07-23 14:27:27 [woodcutting] Tracking stable target at 1308,728 (cooldown active, search 16 ms)
2026-07-23 14:27:27 [woodcutting] FindFilledBlock: found at 1308,728 (51x51 0x008B07 tol=5, 16 ms)
2026-07-23 14:27:27 [woodcutting] Tracking stable target at 1308,728 (cooldown active, search 16 ms)
2026-07-23 14:27:27 [woodcutting] FindFilledBlock: found at 1308,728 (51x51 0x008B07 tol=5, 16 ms)
2026-07-23 14:27:27 [woodcutting] Tracking stable target at 1308,728 (cooldown active, search 16 ms)
2026-07-23 14:27:27 [woodcutting] FindFilledBlock: found at 1308,728 (51x51 0x008B07 tol=5, 16 ms)
2026-07-23 14:27:27 [woodcutting] Tracking stable target at 1308,728 (cooldown active, search 16 ms)
2026-07-23 14:27:28 [woodcutting] FindFilledBlock: found at 1308,728 (51x51 0x008B07 tol=5, 15 ms)
2026-07-23 14:27:28 [woodcutting] Clicked STABLE target at 1308,728 (search 15 ms)
2026-07-23 14:27:28 [woodcutting] ReleasePendingModifiersNow: released Ctrl
2026-07-23 14:27:28 [woodcutting] FindFilledBlock: found at 1346,732 (51x51 0x008B07 tol=5, 16 ms)
2026-07-23 14:27:28 [woodcutting] Tracking not-yet-stable target at 1346,732 (search 16 ms)
2026-07-23 14:27:28 [woodcutting] FindFilledBlock: found at 1308,728 (51x51 0x008B07 tol=5, 16 ms)
2026-07-23 14:27:28 [woodcutting] Tracking not-yet-stable target at 1308,728 (search 16 ms)
2026-07-23 14:27:28 [woodcutting] FindFilledBlock: found at 1308,728 (51x51 0x008B07 tol=5, 16 ms)
2026-07-23 14:27:28 [woodcutting] Tracking not-yet-stable target at 1308,728 (search 16 ms)
2026-07-23 14:27:29 [woodcutting] FindFilledBlock: found at 1308,728 (51x51 0x008B07 tol=5, 0 ms)
2026-07-23 14:27:29 [woodcutting] Tracking stable target at 1308,728 (cooldown active, search 0 ms)
2026-07-23 14:27:29 [woodcutting] FindFilledBlock: found at 1308,728 (51x51 0x008B07 tol=5, 15 ms)
2026-07-23 14:27:29 [woodcutting] Tracking stable target at 1308,728 (cooldown active, search 15 ms)
2026-07-23 14:27:29 [woodcutting] FindFilledBlock: found at 1308,728 (51x51 0x008B07 tol=5, 0 ms)
2026-07-23 14:27:29 [woodcutting] Tracking stable target at 1308,728 (cooldown active, search 0 ms)
2026-07-23 14:27:29 [woodcutting] FindFilledBlock: found at 1308,728 (51x51 0x008B07 tol=5, 16 ms)
2026-07-23 14:27:29 [woodcutting] Tracking stable target at 1308,728 (cooldown active, search 16 ms)
2026-07-23 14:27:29 [woodcutting] FindFilledBlock: found at 1308,728 (51x51 0x008B07 tol=5, 0 ms)
2026-07-23 14:27:29 [woodcutting] Tracking stable target at 1308,728 (cooldown active, search 0 ms)
2026-07-23 14:27:29 [woodcutting] FindFilledBlock: found at 1308,728 (51x51 0x008B07 tol=5, 15 ms)
2026-07-23 14:27:29 [woodcutting] Clicked STABLE target at 1308,728 (search 15 ms)
2026-07-23 14:27:30 [woodcutting] ReleasePendingModifiersNow: released Ctrl
2026-07-23 14:27:30 [woodcutting] FindFilledBlock: found at 1346,732 (51x51 0x008B07 tol=5, 16 ms)
2026-07-23 14:27:30 [woodcutting] Tracking not-yet-stable target at 1346,732 (search 16 ms)
2026-07-23 14:27:30 [woodcutting] FindFilledBlock: found at 1346,732 (51x51 0x008B07 tol=5, 0 ms)
2026-07-23 14:27:30 [woodcutting] Tracking not-yet-stable target at 1346,732 (search 0 ms)
2026-07-23 14:27:30 [woodcutting] FindFilledBlock: found at 1308,728 (51x51 0x008B07 tol=5, 16 ms)
2026-07-23 14:27:30 [woodcutting] Tracking not-yet-stable target at 1308,728 (search 16 ms)
2026-07-23 14:27:30 [woodcutting] FindFilledBlock: found at 1308,728 (51x51 0x008B07 tol=5, 0 ms)
2026-07-23 14:27:30 [woodcutting] Tracking not-yet-stable target at 1308,728 (search 0 ms)
2026-07-23 14:27:30 [woodcutting] FindFilledBlock: found at 1308,728 (51x51 0x008B07 tol=5, 16 ms)
2026-07-23 14:27:30 [woodcutting] Tracking stable target at 1308,728 (cooldown active, search 16 ms)
2026-07-23 14:27:30 [woodcutting] FindFilledBlock: found at 1308,728 (51x51 0x008B07 tol=5, 0 ms)
2026-07-23 14:27:30 [woodcutting] Tracking stable target at 1308,728 (cooldown active, search 0 ms)
2026-07-23 14:27:31 [woodcutting] FindFilledBlock: found at 1308,728 (51x51 0x008B07 tol=5, 0 ms)
2026-07-23 14:27:31 [woodcutting] Tracking stable target at 1308,728 (cooldown active, search 0 ms)
2026-07-23 14:27:31 [woodcutting] FindFilledBlock: found at 1308,728 (51x51 0x008B07 tol=5, 0 ms)
2026-07-23 14:27:31 [woodcutting] Tracking stable target at 1308,728 (cooldown active, search 0 ms)
2026-07-23 14:27:31 [woodcutting] FindFilledBlock: found at 1308,728 (51x51 0x008B07 tol=5, 16 ms)
2026-07-23 14:27:31 [woodcutting] Clicked STABLE target at 1308,728 (search 16 ms)
2026-07-23 14:27:31 [woodcutting] ReleasePendingModifiersNow: released Ctrl
2026-07-23 14:27:31 [woodcutting] FindFilledBlock: found at 1346,732 (51x51 0x008B07 tol=5, 15 ms)
2026-07-23 14:27:31 [woodcutting] Tracking not-yet-stable target at 1346,732 (search 15 ms)
2026-07-23 14:27:32 [woodcutting] FindFilledBlock: found at 1308,728 (51x51 0x008B07 tol=5, 0 ms)
2026-07-23 14:27:32 [woodcutting] Tracking not-yet-stable target at 1308,728 (search 0 ms)
2026-07-23 14:27:32 [woodcutting] FindFilledBlock: found at 1308,728 (51x51 0x008B07 tol=5, 16 ms)
2026-07-23 14:27:32 [woodcutting] Tracking not-yet-stable target at 1308,728 (search 16 ms)
2026-07-23 14:27:32 [woodcutting] FindFilledBlock: found at 1308,728 (51x51 0x008B07 tol=5, 15 ms)
2026-07-23 14:27:32 [woodcutting] Tracking stable target at 1308,728 (cooldown active, search 15 ms)
2026-07-23 14:27:32 [woodcutting] FindFilledBlock: found at 1308,728 (51x51 0x008B07 tol=5, 15 ms)
2026-07-23 14:27:32 [woodcutting] Tracking stable target at 1308,728 (cooldown active, search 15 ms)
2026-07-23 14:27:32 [woodcutting] FindFilledBlock: found at 1308,728 (51x51 0x008B07 tol=5, 15 ms)
2026-07-23 14:27:32 [woodcutting] Tracking stable target at 1308,728 (cooldown active, search 15 ms)
2026-07-23 14:27:32 [woodcutting] FindFilledBlock: found at 1308,728 (51x51 0x008B07 tol=5, 15 ms)
2026-07-23 14:27:32 [woodcutting] Tracking stable target at 1308,728 (cooldown active, search 15 ms)
2026-07-23 14:27:33 [woodcutting] FindFilledBlock: found at 1308,728 (51x51 0x008B07 tol=5, 16 ms)
2026-07-23 14:27:33 [woodcutting] Tracking stable target at 1308,728 (cooldown active, search 16 ms)
2026-07-23 14:27:33 [woodcutting] FindFilledBlock: found at 1308,728 (51x51 0x008B07 tol=5, 16 ms)
2026-07-23 14:27:33 [woodcutting] Clicked STABLE target at 1308,728 (search 16 ms)
2026-07-23 14:27:33 [woodcutting] ReleasePendingModifiersNow: released Ctrl
2026-07-23 14:27:33 [woodcutting] FindFilledBlock: found at 1346,732 (51x51 0x008B07 tol=5, 16 ms)
2026-07-23 14:27:33 [woodcutting] Tracking not-yet-stable target at 1346,732 (search 16 ms)
2026-07-23 14:27:33 [woodcutting] FindFilledBlock: found at 1346,732 (51x51 0x008B07 tol=5, 16 ms)
2026-07-23 14:27:33 [woodcutting] Tracking not-yet-stable target at 1346,732 (search 16 ms)
2026-07-23 14:27:33 [woodcutting] FindFilledBlock: found at 1308,728 (51x51 0x008B07 tol=5, 16 ms)
2026-07-23 14:27:33 [woodcutting] Tracking not-yet-stable target at 1308,728 (search 16 ms)
2026-07-23 14:27:34 [woodcutting] FindFilledBlock: found at 1308,728 (51x51 0x008B07 tol=5, 0 ms)
2026-07-23 14:27:34 [woodcutting] Tracking not-yet-stable target at 1308,728 (search 0 ms)
2026-07-23 14:27:34 [woodcutting] FindFilledBlock: found at 1308,728 (51x51 0x008B07 tol=5, 15 ms)
2026-07-23 14:27:34 [woodcutting] Tracking stable target at 1308,728 (cooldown active, search 15 ms)
2026-07-23 14:27:34 [woodcutting] FindFilledBlock: found at 1308,728 (51x51 0x008B07 tol=5, 0 ms)
2026-07-23 14:27:34 [woodcutting] Tracking stable target at 1308,728 (cooldown active, search 0 ms)
2026-07-23 14:27:34 [woodcutting] FindFilledBlock: found at 1308,728 (51x51 0x008B07 tol=5, 0 ms)
2026-07-23 14:27:34 [woodcutting] Tracking stable target at 1308,728 (cooldown active, search 0 ms)
2026-07-23 14:27:34 [woodcutting] FindFilledBlock: found at 1308,728 (51x51 0x008B07 tol=5, 0 ms)
2026-07-23 14:27:34 [woodcutting] Tracking stable target at 1308,728 (cooldown active, search 0 ms)
2026-07-23 14:27:34 [woodcutting] FindFilledBlock: found at 1308,728 (51x51 0x008B07 tol=5, 16 ms)
2026-07-23 14:27:34 [woodcutting] Clicked STABLE target at 1308,728 (search 16 ms)
2026-07-23 14:27:35 [woodcutting] ReleasePendingModifiersNow: released Ctrl
2026-07-23 14:27:35 [woodcutting] FindFilledBlock: found at 1346,732 (51x51 0x008B07 tol=5, 0 ms)
2026-07-23 14:27:35 [woodcutting] Tracking not-yet-stable target at 1346,732 (search 0 ms)
2026-07-23 14:27:35 [woodcutting] FindFilledBlock: found at 1346,732 (51x51 0x008B07 tol=5, 16 ms)
2026-07-23 14:27:35 [woodcutting] Tracking not-yet-stable target at 1346,732 (search 16 ms)
2026-07-23 14:27:35 [woodcutting] FindFilledBlock: found at 1308,728 (51x51 0x008B07 tol=5, 0 ms)
2026-07-23 14:27:35 [woodcutting] Tracking not-yet-stable target at 1308,728 (search 0 ms)
2026-07-23 14:27:35 [woodcutting] FindFilledBlock: found at 1308,728 (51x51 0x008B07 tol=5, 15 ms)
2026-07-23 14:27:35 [woodcutting] Tracking not-yet-stable target at 1308,728 (search 15 ms)
2026-07-23 14:27:35 [woodcutting] FindFilledBlock: found at 1308,728 (51x51 0x008B07 tol=5, 0 ms)
2026-07-23 14:27:35 [woodcutting] Tracking stable target at 1308,728 (cooldown active, search 0 ms)
2026-07-23 14:27:36 [woodcutting] FindFilledBlock: found at 1308,728 (51x51 0x008B07 tol=5, 0 ms)
2026-07-23 14:27:36 [woodcutting] Tracking stable target at 1308,728 (cooldown active, search 0 ms)
2026-07-23 14:27:36 [woodcutting] FindFilledBlock: found at 1308,728 (51x51 0x008B07 tol=5, 0 ms)
2026-07-23 14:27:36 [woodcutting] Tracking stable target at 1308,728 (cooldown active, search 0 ms)
2026-07-23 14:27:36 [woodcutting] FindFilledBlock: found at 1308,728 (51x51 0x008B07 tol=5, 16 ms)
2026-07-23 14:27:36 [woodcutting] Tracking stable target at 1308,728 (cooldown active, search 16 ms)
2026-07-23 14:27:36 [woodcutting] FindFilledBlock: found at 1308,728 (51x51 0x008B07 tol=5, 0 ms)
2026-07-23 14:27:36 [woodcutting] Clicked STABLE target at 1308,728 (search 0 ms)
2026-07-23 14:27:36 [woodcutting] ReleasePendingModifiersNow: released Ctrl
2026-07-23 14:27:36 [woodcutting] FindFilledBlock: found at 1346,732 (51x51 0x008B07 tol=5, 0 ms)
2026-07-23 14:27:36 [woodcutting] Tracking not-yet-stable target at 1346,732 (search 0 ms)
2026-07-23 14:27:37 [woodcutting] FindFilledBlock: found at 1346,732 (51x51 0x008B07 tol=5, 0 ms)
2026-07-23 14:27:37 [woodcutting] Tracking not-yet-stable target at 1346,732 (search 15 ms)
2026-07-23 14:27:37 [woodcutting] FindFilledBlock: found at 1308,728 (51x51 0x008B07 tol=5, 0 ms)
2026-07-23 14:27:37 [woodcutting] Tracking not-yet-stable target at 1308,728 (search 0 ms)
2026-07-23 14:27:37 [woodcutting] FindFilledBlock: found at 1308,728 (51x51 0x008B07 tol=5, 16 ms)
2026-07-23 14:27:37 [woodcutting] Tracking not-yet-stable target at 1308,728 (search 16 ms)
2026-07-23 14:27:37 [woodcutting] FindFilledBlock: found at 1308,728 (51x51 0x008B07 tol=5, 0 ms)
2026-07-23 14:27:37 [woodcutting] Tracking stable target at 1308,728 (cooldown active, search 0 ms)
2026-07-23 14:27:37 [woodcutting] FindFilledBlock: found at 1308,728 (51x51 0x008B07 tol=5, 15 ms)
2026-07-23 14:27:37 [woodcutting] Tracking stable target at 1308,728 (cooldown active, search 15 ms)
2026-07-23 14:27:37 [woodcutting] FindFilledBlock: found at 1308,728 (51x51 0x008B07 tol=5, 0 ms)
2026-07-23 14:27:37 [woodcutting] Tracking stable target at 1308,728 (cooldown active, search 0 ms)
2026-07-23 14:27:37 [woodcutting] FindFilledBlock: found at 1308,728 (51x51 0x008B07 tol=5, 0 ms)
2026-07-23 14:27:37 [woodcutting] Tracking stable target at 1308,728 (cooldown active, search 0 ms)
2026-07-23 14:27:38 [woodcutting] FindFilledBlock: found at 1308,728 (51x51 0x008B07 tol=5, 16 ms)
2026-07-23 14:27:38 [woodcutting] Clicked STABLE target at 1308,728 (search 16 ms)
2026-07-23 14:27:38 [woodcutting] ReleasePendingModifiersNow: released Ctrl
2026-07-23 14:27:38 [woodcutting] FindFilledBlock: found at 1346,732 (51x51 0x008B07 tol=5, 16 ms)
2026-07-23 14:27:38 [woodcutting] Tracking not-yet-stable target at 1346,732 (search 16 ms)
2026-07-23 14:27:38 [woodcutting] FindFilledBlock: found at 1346,732 (51x51 0x008B07 tol=5, 0 ms)
2026-07-23 14:27:38 [woodcutting] Tracking not-yet-stable target at 1346,732 (search 0 ms)
2026-07-23 14:27:38 [woodcutting] FindFilledBlock: found at 1308,728 (51x51 0x008B07 tol=5, 15 ms)
2026-07-23 14:27:38 [woodcutting] Tracking not-yet-stable target at 1308,728 (search 15 ms)
2026-07-23 14:27:38 [woodcutting] FindFilledBlock: found at 1308,728 (51x51 0x008B07 tol=5, 0 ms)
2026-07-23 14:27:38 [woodcutting] Tracking not-yet-stable target at 1308,728 (search 0 ms)
2026-07-23 14:27:39 [woodcutting] FindFilledBlock: found at 1308,728 (51x51 0x008B07 tol=5, 16 ms)
2026-07-23 14:27:39 [woodcutting] Tracking stable target at 1308,728 (cooldown active, search 16 ms)
2026-07-23 14:27:39 [woodcutting] FindFilledBlock: found at 1308,728 (51x51 0x008B07 tol=5, 0 ms)
2026-07-23 14:27:39 [woodcutting] Tracking stable target at 1308,728 (cooldown active, search 0 ms)
2026-07-23 14:27:39 [woodcutting] FindFilledBlock: found at 1308,728 (51x51 0x008B07 tol=5, 15 ms)
2026-07-23 14:27:39 [woodcutting] Tracking stable target at 1308,728 (cooldown active, search 15 ms)
2026-07-23 14:27:39 [woodcutting] FindFilledBlock: found at 1308,728 (51x51 0x008B07 tol=5, 16 ms)
2026-07-23 14:27:39 [woodcutting] Tracking stable target at 1308,728 (cooldown active, search 16 ms)
2026-07-23 14:27:39 [woodcutting] FindFilledBlock: found at 1308,728 (51x51 0x008B07 tol=5, 15 ms)
2026-07-23 14:27:39 [woodcutting] Clicked STABLE target at 1308,728 (search 15 ms)
2026-07-23 14:27:39 [woodcutting] ReleasePendingModifiersNow: released Ctrl
2026-07-23 14:27:40 [woodcutting] FindFilledBlock: found at 1346,732 (51x51 0x008B07 tol=5, 16 ms)
2026-07-23 14:27:40 [woodcutting] Tracking not-yet-stable target at 1346,732 (search 16 ms)
2026-07-23 14:27:40 [woodcutting] FindFilledBlock: found at 1308,728 (51x51 0x008B07 tol=5, 16 ms)
2026-07-23 14:27:40 [woodcutting] Tracking not-yet-stable target at 1308,728 (search 16 ms)
2026-07-23 14:27:40 [woodcutting] FindFilledBlock: found at 1308,728 (51x51 0x008B07 tol=5, 16 ms)
2026-07-23 14:27:40 [woodcutting] Tracking not-yet-stable target at 1308,728 (search 16 ms)
2026-07-23 14:27:40 [woodcutting] FindFilledBlock: found at 1308,728 (51x51 0x008B07 tol=5, 16 ms)
2026-07-23 14:27:40 [woodcutting] Tracking stable target at 1308,728 (cooldown active, search 16 ms)
2026-07-23 14:27:40 [woodcutting] FindFilledBlock: found at 1308,728 (51x51 0x008B07 tol=5, 15 ms)
2026-07-23 14:27:40 [woodcutting] Tracking stable target at 1308,728 (cooldown active, search 15 ms)
2026-07-23 14:27:40 [woodcutting] FindFilledBlock: found at 1308,728 (51x51 0x008B07 tol=5, 15 ms)
2026-07-23 14:27:40 [woodcutting] Tracking stable target at 1308,728 (cooldown active, search 15 ms)
2026-07-23 14:27:41 [woodcutting] FindFilledBlock: found at 1308,728 (51x51 0x008B07 tol=5, 16 ms)
2026-07-23 14:27:41 [woodcutting] Tracking stable target at 1308,728 (cooldown active, search 16 ms)
2026-07-23 14:27:41 [woodcutting] FindFilledBlock: found at 1308,728 (51x51 0x008B07 tol=5, 16 ms)
2026-07-23 14:27:41 [woodcutting] Tracking stable target at 1308,728 (cooldown active, search 16 ms)
2026-07-23 14:27:41 [woodcutting] FindFilledBlock: found at 1308,728 (51x51 0x008B07 tol=5, 15 ms)
2026-07-23 14:27:41 [woodcutting] Clicked STABLE target at 1308,728 (search 15 ms)
2026-07-23 14:27:41 [woodcutting] ReleasePendingModifiersNow: released Ctrl
2026-07-23 14:27:41 [woodcutting] FindFilledBlock: found at 1346,732 (51x51 0x008B07 tol=5, 16 ms)
2026-07-23 14:27:41 [woodcutting] Tracking not-yet-stable target at 1346,732 (search 16 ms)
2026-07-23 14:27:41 [woodcutting] FindFilledBlock: found at 1346,732 (51x51 0x008B07 tol=5, 16 ms)
2026-07-23 14:27:41 [woodcutting] Tracking not-yet-stable target at 1346,732 (search 16 ms)
2026-07-23 14:27:42 [woodcutting] FindFilledBlock: found at 1308,728 (51x51 0x008B07 tol=5, 16 ms)
2026-07-23 14:27:42 [woodcutting] Tracking not-yet-stable target at 1308,728 (search 16 ms)
2026-07-23 14:27:42 [woodcutting] FindFilledBlock: found at 1308,728 (51x51 0x008B07 tol=5, 15 ms)
2026-07-23 14:27:42 [woodcutting] Tracking not-yet-stable target at 1308,728 (search 15 ms)
2026-07-23 14:27:42 [woodcutting] FindFilledBlock: found at 1308,728 (51x51 0x008B07 tol=5, 16 ms)
2026-07-23 14:27:42 [woodcutting] Tracking stable target at 1308,728 (cooldown active, search 16 ms)
2026-07-23 14:27:42 [woodcutting] FindFilledBlock: found at 1308,728 (51x51 0x008B07 tol=5, 0 ms)
2026-07-23 14:27:42 [woodcutting] Tracking stable target at 1308,728 (cooldown active, search 0 ms)
2026-07-23 14:27:42 [woodcutting] FindFilledBlock: found at 1308,728 (51x51 0x008B07 tol=5, 16 ms)
2026-07-23 14:27:42 [woodcutting] Tracking stable target at 1308,728 (cooldown active, search 16 ms)
2026-07-23 14:27:42 [woodcutting] FindFilledBlock: found at 1308,728 (51x51 0x008B07 tol=5, 16 ms)
2026-07-23 14:27:42 [woodcutting] Tracking stable target at 1308,728 (cooldown active, search 16 ms)
2026-07-23 14:27:43 [woodcutting] FindFilledBlock: found at 1308,728 (51x51 0x008B07 tol=5, 16 ms)
2026-07-23 14:27:43 [woodcutting] Tracking stable target at 1308,728 (cooldown active, search 16 ms)
2026-07-23 14:27:43 [woodcutting] FindFilledBlock: found at 1308,728 (51x51 0x008B07 tol=5, 0 ms)
2026-07-23 14:27:43 [woodcutting] Clicked STABLE target at 1308,728 (search 0 ms)
2026-07-23 14:27:43 [woodcutting] ReleasePendingModifiersNow: released Ctrl
2026-07-23 14:27:43 [woodcutting] FindFilledBlock: found at 1346,732 (51x51 0x008B07 tol=5, 16 ms)
2026-07-23 14:27:43 [woodcutting] Tracking not-yet-stable target at 1346,732 (search 16 ms)
2026-07-23 14:27:43 [woodcutting] FindFilledBlock: found at 1346,732 (51x51 0x008B07 tol=5, 15 ms)
2026-07-23 14:27:43 [woodcutting] Tracking not-yet-stable target at 1346,732 (search 15 ms)
2026-07-23 14:27:43 [woodcutting] FindFilledBlock: found at 1308,728 (51x51 0x008B07 tol=5, 16 ms)
2026-07-23 14:27:43 [woodcutting] Tracking not-yet-stable target at 1308,728 (search 16 ms)
2026-07-23 14:27:44 [woodcutting] FindFilledBlock: found at 1308,728 (51x51 0x008B07 tol=5, 16 ms)
2026-07-23 14:27:44 [woodcutting] Tracking not-yet-stable target at 1308,728 (search 16 ms)
2026-07-23 14:27:44 [woodcutting] FindFilledBlock: found at 1308,728 (51x51 0x008B07 tol=5, 16 ms)
2026-07-23 14:27:44 [woodcutting] Tracking stable target at 1308,728 (cooldown active, search 16 ms)
2026-07-23 14:27:44 [woodcutting] FindFilledBlock: found at 1308,728 (51x51 0x008B07 tol=5, 16 ms)
2026-07-23 14:27:44 [woodcutting] Tracking stable target at 1308,728 (cooldown active, search 16 ms)
2026-07-23 14:27:44 [woodcutting] FindFilledBlock: found at 1308,728 (51x51 0x008B07 tol=5, 16 ms)
2026-07-23 14:27:44 [woodcutting] Tracking stable target at 1308,728 (cooldown active, search 16 ms)
2026-07-23 14:27:44 [woodcutting] FindFilledBlock: found at 1308,728 (51x51 0x008B07 tol=5, 16 ms)
2026-07-23 14:27:44 [woodcutting] Tracking stable target at 1308,728 (cooldown active, search 16 ms)
2026-07-23 14:27:44 [woodcutting] FindFilledBlock: found at 1308,728 (51x51 0x008B07 tol=5, 16 ms)
2026-07-23 14:27:45 [woodcutting] Clicked STABLE target at 1308,728 (search 16 ms)
2026-07-23 14:27:45 [woodcutting] ReleasePendingModifiersNow: released Ctrl
2026-07-23 14:27:45 [woodcutting] FindFilledBlock: found at 1346,732 (51x51 0x008B07 tol=5, 15 ms)
2026-07-23 14:27:45 [woodcutting] Tracking not-yet-stable target at 1346,732 (search 15 ms)
2026-07-23 14:27:45 [woodcutting] FindFilledBlock: found at 1308,728 (51x51 0x008B07 tol=5, 15 ms)
2026-07-23 14:27:45 [woodcutting] Tracking not-yet-stable target at 1308,728 (search 15 ms)
2026-07-23 14:27:45 [woodcutting] FindFilledBlock: found at 1308,728 (51x51 0x008B07 tol=5, 15 ms)
2026-07-23 14:27:45 [woodcutting] Tracking not-yet-stable target at 1308,728 (search 15 ms)
2026-07-23 14:27:45 [woodcutting] FindFilledBlock: found at 1308,728 (51x51 0x008B07 tol=5, 15 ms)
2026-07-23 14:27:45 [woodcutting] Tracking stable target at 1308,728 (cooldown active, search 15 ms)
2026-07-23 14:27:45 [woodcutting] FindFilledBlock: found at 1308,728 (51x51 0x008B07 tol=5, 15 ms)
2026-07-23 14:27:45 [woodcutting] Tracking stable target at 1308,728 (cooldown active, search 15 ms)
2026-07-23 14:27:46 [woodcutting] FindFilledBlock: found at 1308,728 (51x51 0x008B07 tol=5, 15 ms)
2026-07-23 14:27:46 [woodcutting] Tracking stable target at 1308,728 (cooldown active, search 15 ms)
2026-07-23 14:27:46 [woodcutting] FindFilledBlock: found at 1308,728 (51x51 0x008B07 tol=5, 15 ms)
2026-07-23 14:27:46 [woodcutting] Tracking stable target at 1308,728 (cooldown active, search 15 ms)
2026-07-23 14:27:46 [woodcutting] FindFilledBlock: found at 1308,728 (51x51 0x008B07 tol=5, 15 ms)
2026-07-23 14:27:46 [woodcutting] Tracking stable target at 1308,728 (cooldown active, search 15 ms)
2026-07-23 14:27:46 [woodcutting] FindFilledBlock: found at 1308,728 (51x51 0x008B07 tol=5, 16 ms)
2026-07-23 14:27:46 [woodcutting] Clicked STABLE target at 1308,728 (search 16 ms)
2026-07-23 14:27:46 [woodcutting] ReleasePendingModifiersNow: released Ctrl
2026-07-23 14:27:46 [woodcutting] FindFilledBlock: found at 1346,732 (51x51 0x008B07 tol=5, 16 ms)
2026-07-23 14:27:46 [woodcutting] Tracking not-yet-stable target at 1346,732 (search 16 ms)
2026-07-23 14:27:47 [woodcutting] FindFilledBlock: found at 1346,732 (51x51 0x008B07 tol=5, 0 ms)
2026-07-23 14:27:47 [woodcutting] Tracking not-yet-stable target at 1346,732 (search 0 ms)
2026-07-23 14:27:47 [woodcutting] FindFilledBlock: found at 1308,728 (51x51 0x008B07 tol=5, 15 ms)
2026-07-23 14:27:47 [woodcutting] Tracking not-yet-stable target at 1308,728 (search 15 ms)
2026-07-23 14:27:47 [woodcutting] FindFilledBlock: found at 1308,728 (51x51 0x008B07 tol=5, 16 ms)
2026-07-23 14:27:47 [woodcutting] Tracking not-yet-stable target at 1308,728 (search 16 ms)
2026-07-23 14:27:47 [woodcutting] FindFilledBlock: found at 1308,728 (51x51 0x008B07 tol=5, 0 ms)
2026-07-23 14:27:47 [woodcutting] Tracking stable target at 1308,728 (cooldown active, search 0 ms)
2026-07-23 14:27:47 [woodcutting] FindFilledBlock: found at 1308,728 (51x51 0x008B07 tol=5, 15 ms)
2026-07-23 14:27:47 [woodcutting] Tracking stable target at 1308,728 (cooldown active, search 15 ms)
2026-07-23 14:27:47 [woodcutting] FindFilledBlock: found at 1308,728 (51x51 0x008B07 tol=5, 15 ms)
2026-07-23 14:27:47 [woodcutting] Tracking stable target at 1308,728 (cooldown active, search 15 ms)
2026-07-23 14:27:48 [woodcutting] FindFilledBlock: found at 1308,728 (51x51 0x008B07 tol=5, 0 ms)
2026-07-23 14:27:48 [woodcutting] Tracking stable target at 1308,728 (cooldown active, search 15 ms)
2026-07-23 14:27:48 [woodcutting] FindFilledBlock: found at 1308,728 (51x51 0x008B07 tol=5, 16 ms)
2026-07-23 14:27:48 [woodcutting] Clicked STABLE target at 1308,728 (search 16 ms)
2026-07-23 14:27:48 [woodcutting] ReleasePendingModifiersNow: released Ctrl
2026-07-23 14:27:48 [woodcutting] FindFilledBlock: found at 1346,732 (51x51 0x008B07 tol=5, 16 ms)
2026-07-23 14:27:48 [woodcutting] Tracking not-yet-stable target at 1346,732 (search 16 ms)
2026-07-23 14:27:48 [woodcutting] FindFilledBlock: found at 1308,728 (51x51 0x008B07 tol=5, 16 ms)
2026-07-23 14:27:48 [woodcutting] Tracking not-yet-stable target at 1308,728 (search 16 ms)
2026-07-23 14:27:49 [woodcutting] FindFilledBlock: found at 1308,728 (51x51 0x008B07 tol=5, 15 ms)
2026-07-23 14:27:49 [woodcutting] Tracking not-yet-stable target at 1308,728 (search 15 ms)
2026-07-23 14:27:49 [woodcutting] FindFilledBlock: found at 1308,728 (51x51 0x008B07 tol=5, 16 ms)
2026-07-23 14:27:49 [woodcutting] Tracking stable target at 1308,728 (cooldown active, search 16 ms)
2026-07-23 14:27:49 [woodcutting] TrackAndClick: until-condition met (450063 ms total)
2026-07-23 14:27:49 [woodcutting] Woodcutting: cycle 1 - banking
2026-07-23 14:27:49 [woodcutting] Woodcutting: waiting for deposit-box marker
2026-07-23 14:27:49 [woodcutting] FindFilledBlock: found at 1390,344 (19x19 0xCC5D02 tol=5, 15 ms)
2026-07-23 14:27:49 [woodcutting] Woodcutting: clicking deposit-box marker at 1390,344
2026-07-23 14:27:49 [woodcutting] Woodcutting: waiting for deposit box
2026-07-23 14:27:49 [woodcutting] FindImage: not found (C:\Users\link\Documents\GitHub\osrs-automation\v7\Bots\..\Images\deposit-box.png, 0 ms)
2026-07-23 14:27:49 [woodcutting] ReleasePendingModifiersNow: released Ctrl
2026-07-23 14:27:49 [woodcutting] FindImage: not found (C:\Users\link\Documents\GitHub\osrs-automation\v7\Bots\..\Images\deposit-box.png, 0 ms)
2026-07-23 14:27:49 [woodcutting] FindImage: not found (C:\Users\link\Documents\GitHub\osrs-automation\v7\Bots\..\Images\deposit-box.png, 15 ms)
2026-07-23 14:27:49 [woodcutting] FindImage: not found (C:\Users\link\Documents\GitHub\osrs-automation\v7\Bots\..\Images\deposit-box.png, 15 ms)
2026-07-23 14:27:49 [woodcutting] FindImage: not found (C:\Users\link\Documents\GitHub\osrs-automation\v7\Bots\..\Images\deposit-box.png, 15 ms)
2026-07-23 14:27:50 [woodcutting] FindImage: not found (C:\Users\link\Documents\GitHub\osrs-automation\v7\Bots\..\Images\deposit-box.png, 15 ms)
2026-07-23 14:27:50 [woodcutting] FindImage: not found (C:\Users\link\Documents\GitHub\osrs-automation\v7\Bots\..\Images\deposit-box.png, 15 ms)
2026-07-23 14:27:50 [woodcutting] FindImage: not found (C:\Users\link\Documents\GitHub\osrs-automation\v7\Bots\..\Images\deposit-box.png, 15 ms)
2026-07-23 14:27:50 [woodcutting] FindImage: not found (C:\Users\link\Documents\GitHub\osrs-automation\v7\Bots\..\Images\deposit-box.png, 15 ms)
2026-07-23 14:27:50 [woodcutting] FindImage: not found (C:\Users\link\Documents\GitHub\osrs-automation\v7\Bots\..\Images\deposit-box.png, 15 ms)
2026-07-23 14:27:50 [woodcutting] FindImage: not found (C:\Users\link\Documents\GitHub\osrs-automation\v7\Bots\..\Images\deposit-box.png, 15 ms)
2026-07-23 14:27:50 [woodcutting] FindImage: not found (C:\Users\link\Documents\GitHub\osrs-automation\v7\Bots\..\Images\deposit-box.png, 0 ms)
2026-07-23 14:27:50 [woodcutting] FindImage: not found (C:\Users\link\Documents\GitHub\osrs-automation\v7\Bots\..\Images\deposit-box.png, 0 ms)
2026-07-23 14:27:51 [woodcutting] FindImage: not found (C:\Users\link\Documents\GitHub\osrs-automation\v7\Bots\..\Images\deposit-box.png, 16 ms)
2026-07-23 14:27:51 [woodcutting] FindImage: not found (C:\Users\link\Documents\GitHub\osrs-automation\v7\Bots\..\Images\deposit-box.png, 0 ms)
2026-07-23 14:27:51 [woodcutting] FindImage: not found (C:\Users\link\Documents\GitHub\osrs-automation\v7\Bots\..\Images\deposit-box.png, 0 ms)
2026-07-23 14:27:51 [woodcutting] FindImage: not found (C:\Users\link\Documents\GitHub\osrs-automation\v7\Bots\..\Images\deposit-box.png, 16 ms)
2026-07-23 14:27:51 [woodcutting] FindImage: not found (C:\Users\link\Documents\GitHub\osrs-automation\v7\Bots\..\Images\deposit-box.png, 15 ms)
2026-07-23 14:27:51 [woodcutting] FindImage: not found (C:\Users\link\Documents\GitHub\osrs-automation\v7\Bots\..\Images\deposit-box.png, 0 ms)
2026-07-23 14:27:51 [woodcutting] FindImage: not found (C:\Users\link\Documents\GitHub\osrs-automation\v7\Bots\..\Images\deposit-box.png, 16 ms)
2026-07-23 14:27:51 [woodcutting] FindImage: not found (C:\Users\link\Documents\GitHub\osrs-automation\v7\Bots\..\Images\deposit-box.png, 16 ms)
2026-07-23 14:27:52 [woodcutting] FindImage: not found (C:\Users\link\Documents\GitHub\osrs-automation\v7\Bots\..\Images\deposit-box.png, 16 ms)
2026-07-23 14:27:52 [woodcutting] FindImage: not found (C:\Users\link\Documents\GitHub\osrs-automation\v7\Bots\..\Images\deposit-box.png, 16 ms)
2026-07-23 14:27:52 [woodcutting] FindImage: not found (C:\Users\link\Documents\GitHub\osrs-automation\v7\Bots\..\Images\deposit-box.png, 16 ms)
2026-07-23 14:27:52 [woodcutting] FindImage: not found (C:\Users\link\Documents\GitHub\osrs-automation\v7\Bots\..\Images\deposit-box.png, 16 ms)
2026-07-23 14:27:52 [woodcutting] FindImage: not found (C:\Users\link\Documents\GitHub\osrs-automation\v7\Bots\..\Images\deposit-box.png, 31 ms)
2026-07-23 14:27:52 [woodcutting] FindImage: not found (C:\Users\link\Documents\GitHub\osrs-automation\v7\Bots\..\Images\deposit-box.png, 15 ms)
2026-07-23 14:27:52 [woodcutting] FindImage: not found (C:\Users\link\Documents\GitHub\osrs-automation\v7\Bots\..\Images\deposit-box.png, 15 ms)
2026-07-23 14:27:52 [woodcutting] FindImage: not found (C:\Users\link\Documents\GitHub\osrs-automation\v7\Bots\..\Images\deposit-box.png, 15 ms)
2026-07-23 14:27:53 [woodcutting] FindImage: not found (C:\Users\link\Documents\GitHub\osrs-automation\v7\Bots\..\Images\deposit-box.png, 15 ms)
2026-07-23 14:27:53 [woodcutting] FindImage: not found (C:\Users\link\Documents\GitHub\osrs-automation\v7\Bots\..\Images\deposit-box.png, 15 ms)
2026-07-23 14:27:53 [woodcutting] FindImage: not found (C:\Users\link\Documents\GitHub\osrs-automation\v7\Bots\..\Images\deposit-box.png, 0 ms)
2026-07-23 14:27:53 [woodcutting] FindImage: not found (C:\Users\link\Documents\GitHub\osrs-automation\v7\Bots\..\Images\deposit-box.png, 16 ms)
2026-07-23 14:27:53 [woodcutting] FindImage: not found (C:\Users\link\Documents\GitHub\osrs-automation\v7\Bots\..\Images\deposit-box.png, 31 ms)
2026-07-23 14:27:53 [woodcutting] FindImage: not found (C:\Users\link\Documents\GitHub\osrs-automation\v7\Bots\..\Images\deposit-box.png, 15 ms)
2026-07-23 14:27:53 [woodcutting] FindImage: not found (C:\Users\link\Documents\GitHub\osrs-automation\v7\Bots\..\Images\deposit-box.png, 15 ms)
2026-07-23 14:27:53 [woodcutting] FindImage: not found (C:\Users\link\Documents\GitHub\osrs-automation\v7\Bots\..\Images\deposit-box.png, 15 ms)
2026-07-23 14:27:54 [woodcutting] FindImage: found at 815,801 (C:\Users\link\Documents\GitHub\osrs-automation\v7\Bots\..\Images\deposit-box.png, 0 ms)
2026-07-23 14:27:54 [woodcutting] Woodcutting: clicking deposit box at 815,801
2026-07-23 14:27:54 [woodcutting] Woodcutting: waiting for inventory to confirm the deposit
2026-07-23 14:27:54 [woodcutting] ReleasePendingModifiersNow: released Ctrl
2026-07-23 14:27:54 [woodcutting] Woodcutting: deposit confirmed
2026-07-23 14:27:54 [woodcutting] Woodcutting: cycle 2 - gathering
2026-07-23 14:27:54 [woodcutting] FindFilledBlock: not found (51x51 0x008B07 tol=5, 16 ms)
2026-07-23 14:27:54 [woodcutting] FindFilledBlock: not found (51x51 0x56FF50 tol=5, 0 ms)
2026-07-23 14:27:54 [woodcutting] Acquire ring 128: not found (31 ms)
2026-07-23 14:27:54 [woodcutting] FindFilledBlock: not found (51x51 0x008B07 tol=5, 16 ms)
2026-07-23 14:27:54 [woodcutting] FindFilledBlock: not found (51x51 0x56FF50 tol=5, 15 ms)
2026-07-23 14:27:54 [woodcutting] Acquire ring 256: not found (31 ms)
2026-07-23 14:27:54 [woodcutting] FindFilledBlock: found at 64,1250 (51x51 0x008B07 tol=5, 63 ms)
2026-07-23 14:27:54 [woodcutting] FindFilledBlock: found at 1014,1012 (51x51 0x56FF50 tol=5, 78 ms)
2026-07-23 14:27:55 [woodcutting] Acquired new target at 1014,1012 (0x56FF50, region-wide, 219 ms)
2026-07-23 14:27:55 [woodcutting] FindFilledBlock: found at 1010,1016 (51x51 0x56FF50 tol=5, 16 ms)
2026-07-23 14:27:55 [woodcutting] Clicked initial/re-click target at 1010,1016 (search 16 ms)
2026-07-23 14:27:55 [woodcutting] ReleasePendingModifiersNow: released Ctrl
2026-07-23 14:27:55 [woodcutting] FindFilledBlock: found at 1048,1028 (51x51 0x56FF50 tol=5, 15 ms)
2026-07-23 14:27:55 [woodcutting] Tracking not-yet-stable target at 1048,1028 (search 15 ms)
2026-07-23 14:27:55 [woodcutting] FindFilledBlock: found at 1008,1014 (51x51 0x56FF50 tol=5, 16 ms)
2026-07-23 14:27:55 [woodcutting] Tracking not-yet-stable target at 1008,1014 (search 16 ms)
2026-07-23 14:27:55 [woodcutting] FindFilledBlock: found at 1008,1014 (51x51 0x56FF50 tol=5, 16 ms)
2026-07-23 14:27:55 [woodcutting] Tracking not-yet-stable target at 1008,1014 (search 16 ms)
2026-07-23 14:27:56 [woodcutting] FindFilledBlock: found at 1012,1014 (51x51 0x56FF50 tol=5, 0 ms)
2026-07-23 14:27:56 [woodcutting] Tracking stable target at 1012,1014 (cooldown active, search 0 ms)
2026-07-23 14:27:56 [woodcutting] FindFilledBlock: found at 1018,1014 (51x51 0x56FF50 tol=5, 16 ms)
2026-07-23 14:27:56 [woodcutting] Tracking not-yet-stable target at 1018,1014 (search 16 ms)
2026-07-23 14:27:56 [woodcutting] FindFilledBlock: found at 1026,1012 (51x51 0x56FF50 tol=5, 15 ms)
2026-07-23 14:27:56 [woodcutting] Tracking not-yet-stable target at 1026,1012 (search 15 ms)
2026-07-23 14:27:56 [woodcutting] FindFilledBlock: found at 1032,1010 (51x51 0x56FF50 tol=5, 16 ms)
2026-07-23 14:27:56 [woodcutting] Tracking not-yet-stable target at 1032,1010 (search 16 ms)
2026-07-23 14:27:56 [woodcutting] FindFilledBlock: found at 1038,1006 (51x51 0x56FF50 tol=5, 16 ms)
2026-07-23 14:27:56 [woodcutting] Tracking not-yet-stable target at 1038,1006 (search 16 ms)
2026-07-23 14:27:56 [woodcutting] FindFilledBlock: found at 1040,1000 (51x51 0x56FF50 tol=5, 16 ms)
2026-07-23 14:27:56 [woodcutting] Tracking not-yet-stable target at 1040,1000 (search 16 ms)
2026-07-23 14:27:57 [woodcutting] FindFilledBlock: found at 1042,988 (51x51 0x56FF50 tol=5, 16 ms)
2026-07-23 14:27:57 [woodcutting] Tracking not-yet-stable target at 1042,988 (search 16 ms)
2026-07-23 14:27:57 [woodcutting] FindFilledBlock: found at 1042,970 (51x51 0x56FF50 tol=5, 16 ms)
2026-07-23 14:27:57 [woodcutting] Tracking not-yet-stable target at 1042,970 (search 16 ms)
2026-07-23 14:27:57 [woodcutting] FindFilledBlock: found at 1042,950 (51x51 0x56FF50 tol=5, 16 ms)
2026-07-23 14:27:57 [woodcutting] Tracking not-yet-stable target at 1042,950 (search 16 ms)
2026-07-23 14:27:57 [woodcutting] FindFilledBlock: found at 1042,930 (51x51 0x56FF50 tol=5, 16 ms)
2026-07-23 14:27:57 [woodcutting] Tracking not-yet-stable target at 1042,930 (search 16 ms)
2026-07-23 14:27:57 [woodcutting] FindFilledBlock: found at 1032,912 (51x51 0x56FF50 tol=5, 16 ms)
2026-07-23 14:27:57 [woodcutting] Tracking not-yet-stable target at 1032,912 (search 16 ms)
2026-07-23 14:27:57 [woodcutting] FindFilledBlock: found at 1022,894 (51x51 0x56FF50 tol=5, 16 ms)
2026-07-23 14:27:57 [woodcutting] Tracking not-yet-stable target at 1022,894 (search 16 ms)
2026-07-23 14:27:58 [woodcutting] FindFilledBlock: found at 1016,878 (51x51 0x56FF50 tol=5, 15 ms)
2026-07-23 14:27:58 [woodcutting] Tracking not-yet-stable target at 1016,878 (search 15 ms)
2026-07-23 14:27:58 [woodcutting] FindFilledBlock: found at 1012,862 (51x51 0x56FF50 tol=5, 16 ms)
2026-07-23 14:27:58 [woodcutting] Tracking not-yet-stable target at 1012,862 (search 16 ms)
2026-07-23 14:27:58 [woodcutting] FindFilledBlock: found at 1014,850 (51x51 0x56FF50 tol=5, 15 ms)
2026-07-23 14:27:58 [woodcutting] Clicked initial/re-click target at 1014,850 (search 15 ms)
2026-07-23 14:27:58 [woodcutting] ReleasePendingModifiersNow: released Ctrl
2026-07-23 14:27:58 [woodcutting] FindFilledBlock: found at 1056,840 (51x51 0x56FF50 tol=5, 16 ms)
2026-07-23 14:27:58 [woodcutting] Tracking not-yet-stable target at 1056,840 (search 16 ms)
2026-07-23 14:27:58 [woodcutting] FindFilledBlock: found at 1074,838 (51x51 0x56FF50 tol=5, 16 ms)
2026-07-23 14:27:58 [woodcutting] Tracking not-yet-stable target at 1074,838 (search 16 ms)
2026-07-23 14:27:59 [woodcutting] FindFilledBlock: found at 1098,832 (51x51 0x56FF50 tol=5, 16 ms)
2026-07-23 14:27:59 [woodcutting] Tracking not-yet-stable target at 1098,832 (search 16 ms)
2026-07-23 14:27:59 [woodcutting] FindFilledBlock: found at 1114,824 (51x51 0x56FF50 tol=5, 16 ms)
2026-07-23 14:27:59 [woodcutting] Tracking not-yet-stable target at 1114,824 (search 16 ms)
2026-07-23 14:27:59 [woodcutting] FindFilledBlock: found at 1130,812 (51x51 0x56FF50 tol=5, 16 ms)
2026-07-23 14:27:59 [woodcutting] Tracking not-yet-stable target at 1130,812 (search 16 ms)
2026-07-23 14:27:59 [woodcutting] FindFilledBlock: found at 1144,802 (51x51 0x56FF50 tol=5, 15 ms)
2026-07-23 14:27:59 [woodcutting] Tracking not-yet-stable target at 1144,802 (search 15 ms)
2026-07-23 14:27:59 [woodcutting] FindFilledBlock: found at 1156,790 (51x51 0x56FF50 tol=5, 15 ms)
2026-07-23 14:27:59 [woodcutting] Tracking not-yet-stable target at 1156,790 (search 15 ms)
2026-07-23 14:27:59 [woodcutting] FindFilledBlock: found at 1166,782 (51x51 0x56FF50 tol=5, 15 ms)
2026-07-23 14:27:59 [woodcutting] Tracking not-yet-stable target at 1166,782 (search 15 ms)
2026-07-23 14:28:00 [woodcutting] FindFilledBlock: found at 1174,774 (51x51 0x56FF50 tol=5, 16 ms)
2026-07-23 14:28:00 [woodcutting] Tracking not-yet-stable target at 1174,774 (search 16 ms)
2026-07-23 14:28:00 [woodcutting] FindFilledBlock: found at 1180,768 (51x51 0x56FF50 tol=5, 16 ms)
2026-07-23 14:28:00 [woodcutting] Tracking not-yet-stable target at 1180,768 (search 16 ms)
2026-07-23 14:28:00 [woodcutting] FindFilledBlock: found at 1184,764 (51x51 0x56FF50 tol=5, 16 ms)
2026-07-23 14:28:00 [woodcutting] Tracking not-yet-stable target at 1184,764 (search 16 ms)
2026-07-23 14:28:00 [woodcutting] FindFilledBlock: found at 1186,762 (51x51 0x56FF50 tol=5, 16 ms)
2026-07-23 14:28:00 [woodcutting] Clicked STABLE target at 1186,762 (search 16 ms)
2026-07-23 14:28:00 [woodcutting] ReleasePendingModifiersNow: released Ctrl
2026-07-23 14:28:00 [woodcutting] FindFilledBlock: found at 1224,774 (51x51 0x56FF50 tol=5, 16 ms)
2026-07-23 14:28:00 [woodcutting] Tracking not-yet-stable target at 1224,774 (search 16 ms)
2026-07-23 14:28:01 [woodcutting] FindFilledBlock: found at 1224,774 (51x51 0x56FF50 tol=5, 16 ms)
2026-07-23 14:28:01 [woodcutting] Tracking not-yet-stable target at 1224,774 (search 16 ms)
2026-07-23 14:28:01 [woodcutting] FindFilledBlock: found at 1188,762 (51x51 0x56FF50 tol=5, 16 ms)
2026-07-23 14:28:01 [woodcutting] Tracking not-yet-stable target at 1188,762 (search 16 ms)
2026-07-23 14:28:01 [woodcutting] FindFilledBlock: found at 1188,762 (51x51 0x56FF50 tol=5, 15 ms)
2026-07-23 14:28:01 [woodcutting] Tracking not-yet-stable target at 1188,762 (search 15 ms)
2026-07-23 14:28:01 [woodcutting] FindFilledBlock: found at 1188,762 (51x51 0x56FF50 tol=5, 16 ms)
2026-07-23 14:28:01 [woodcutting] Tracking stable target at 1188,762 (cooldown active, search 16 ms)
2026-07-23 14:28:01 [woodcutting] FindFilledBlock: found at 1188,762 (51x51 0x56FF50 tol=5, 16 ms)
2026-07-23 14:28:01 [woodcutting] Tracking stable target at 1188,762 (cooldown active, search 16 ms)
2026-07-23 14:28:01 [woodcutting] FindFilledBlock: found at 1188,762 (51x51 0x56FF50 tol=5, 16 ms)
2026-07-23 14:28:01 [woodcutting] Tracking stable target at 1188,762 (cooldown active, search 16 ms)
2026-07-23 14:28:02 [woodcutting] FindFilledBlock: found at 1188,762 (51x51 0x56FF50 tol=5, 15 ms)
2026-07-23 14:28:02 [woodcutting] Tracking stable target at 1188,762 (cooldown active, search 15 ms)
2026-07-23 14:28:02 [woodcutting] FindFilledBlock: found at 1188,762 (51x51 0x56FF50 tol=5, 16 ms)
2026-07-23 14:28:02 [woodcutting] Clicked STABLE target at 1188,762 (search 16 ms)
2026-07-23 14:28:02 [woodcutting] ReleasePendingModifiersNow: released Ctrl
2026-07-23 14:28:02 [woodcutting] FindFilledBlock: found at 1226,774 (51x51 0x56FF50 tol=5, 16 ms)
2026-07-23 14:28:02 [woodcutting] Tracking not-yet-stable target at 1226,774 (search 16 ms)
2026-07-23 14:28:02 [woodcutting] FindFilledBlock: found at 1226,774 (51x51 0x56FF50 tol=5, 16 ms)
2026-07-23 14:28:02 [woodcutting] Tracking not-yet-stable target at 1226,774 (search 16 ms)
2026-07-23 14:28:02 [woodcutting] FindFilledBlock: found at 1188,762 (51x51 0x56FF50 tol=5, 16 ms)
2026-07-23 14:28:02 [woodcutting] Tracking not-yet-stable target at 1188,762 (search 16 ms)
2026-07-23 14:28:03 [woodcutting] FindFilledBlock: found at 1188,762 (51x51 0x56FF50 tol=5, 16 ms)
2026-07-23 14:28:03 [woodcutting] Tracking not-yet-stable target at 1188,762 (search 16 ms)
2026-07-23 14:28:03 [woodcutting] FindFilledBlock: found at 1188,762 (51x51 0x56FF50 tol=5, 15 ms)
2026-07-23 14:28:03 [woodcutting] Tracking stable target at 1188,762 (cooldown active, search 15 ms)
2026-07-23 14:28:03 [woodcutting] FindFilledBlock: found at 1188,762 (51x51 0x56FF50 tol=5, 15 ms)
2026-07-23 14:28:03 [woodcutting] Tracking stable target at 1188,762 (cooldown active, search 15 ms)
2026-07-23 14:28:03 [woodcutting] FindFilledBlock: found at 1188,762 (51x51 0x56FF50 tol=5, 16 ms)
2026-07-23 14:28:03 [woodcutting] Tracking stable target at 1188,762 (cooldown active, search 16 ms)
2026-07-23 14:28:03 [woodcutting] FindFilledBlock: found at 1188,762 (51x51 0x56FF50 tol=5, 0 ms)
2026-07-23 14:28:03 [woodcutting] Tracking stable target at 1188,762 (cooldown active, search 0 ms)
2026-07-23 14:28:03 [woodcutting] FindFilledBlock: found at 1188,762 (51x51 0x56FF50 tol=5, 16 ms)
2026-07-23 14:28:03 [woodcutting] Clicked STABLE target at 1188,762 (search 16 ms)
2026-07-23 14:28:04 [woodcutting] ReleasePendingModifiersNow: released Ctrl
2026-07-23 14:28:04 [woodcutting] FindFilledBlock: found at 1226,774 (51x51 0x56FF50 tol=5, 0 ms)
2026-07-23 14:28:04 [woodcutting] Tracking not-yet-stable target at 1226,774 (search 15 ms)
2026-07-23 14:28:04 [woodcutting] FindFilledBlock: found at 1226,774 (51x51 0x56FF50 tol=5, 16 ms)
2026-07-23 14:28:04 [woodcutting] Tracking not-yet-stable target at 1226,774 (search 16 ms)
2026-07-23 14:28:04 [woodcutting] FindFilledBlock: found at 1188,762 (51x51 0x56FF50 tol=5, 16 ms)
2026-07-23 14:28:04 [woodcutting] Tracking not-yet-stable target at 1188,762 (search 16 ms)
2026-07-23 14:28:04 [woodcutting] FindFilledBlock: found at 1188,762 (51x51 0x56FF50 tol=5, 15 ms)
2026-07-23 14:28:04 [woodcutting] Tracking not-yet-stable target at 1188,762 (search 15 ms)
2026-07-23 14:28:04 [woodcutting] F12 pressed - exiting

2026-07-23 14:45:51 [woodcutting] Script loaded. F5=start  F6=stop  F12=exit  F8=probe.
2026-07-23 14:45:58 [woodcutting] Woodcutting: started
2026-07-23 14:45:58 [woodcutting] Woodcutting: cycle 1 - gathering
2026-07-23 14:45:59 [woodcutting] FindFilledBlock: found at 1330,706 (51x51 0x008B07 tol=5, 0 ms)
2026-07-23 14:45:59 [woodcutting] FindFilledBlock: found at 1134,622 (51x51 0x56FF50 tol=5, 0 ms)
2026-07-23 14:45:59 [woodcutting] Acquired new target at 1330,706 (0x008B07, ring 160, 16 ms)
2026-07-23 14:45:59 [woodcutting] FindFilledBlock: found at 1336,698 (51x51 0x008B07 tol=5, 16 ms)
2026-07-23 14:45:59 [woodcutting] Clicked initial/re-click target at 1336,698 (search 16 ms)
2026-07-23 14:45:59 [woodcutting] ReleasePendingModifiersNow: released Ctrl
2026-07-23 14:45:59 [woodcutting] FindFilledBlock: found at 1374,698 (51x51 0x008B07 tol=5, 16 ms)
2026-07-23 14:45:59 [woodcutting] Tracking not-yet-stable target at 1374,698 (search 16 ms)
2026-07-23 14:45:59 [woodcutting] FindFilledBlock: found at 1342,690 (51x51 0x008B07 tol=5, 15 ms)
2026-07-23 14:45:59 [woodcutting] Tracking not-yet-stable target at 1342,690 (search 15 ms)
2026-07-23 14:45:59 [woodcutting] FindFilledBlock: found at 1340,690 (51x51 0x008B07 tol=5, 16 ms)
2026-07-23 14:45:59 [woodcutting] Tracking not-yet-stable target at 1340,690 (search 16 ms)
2026-07-23 14:46:00 [woodcutting] FindFilledBlock: found at 1338,690 (51x51 0x008B07 tol=5, 0 ms)
2026-07-23 14:46:00 [woodcutting] Tracking stable target at 1338,690 (cooldown active, search 0 ms)
2026-07-23 14:46:00 [woodcutting] FindFilledBlock: found at 1332,688 (51x51 0x008B07 tol=5, 0 ms)
2026-07-23 14:46:00 [woodcutting] Tracking not-yet-stable target at 1332,688 (search 0 ms)
2026-07-23 14:46:00 [woodcutting] FindFilledBlock: found at 1326,688 (51x51 0x008B07 tol=5, 0 ms)
2026-07-23 14:46:00 [woodcutting] Tracking not-yet-stable target at 1326,688 (search 0 ms)
2026-07-23 14:46:00 [woodcutting] FindFilledBlock: found at 1318,688 (51x51 0x008B07 tol=5, 16 ms)
2026-07-23 14:46:00 [woodcutting] Tracking not-yet-stable target at 1318,688 (search 16 ms)
2026-07-23 14:46:00 [woodcutting] FindFilledBlock: found at 1316,688 (51x51 0x008B07 tol=5, 0 ms)
2026-07-23 14:46:00 [woodcutting] Tracking not-yet-stable target at 1316,688 (search 0 ms)
2026-07-23 14:46:00 [woodcutting] FindFilledBlock: found at 1312,688 (51x51 0x008B07 tol=5, 16 ms)
2026-07-23 14:46:00 [woodcutting] Clicked STABLE target at 1312,688 (search 16 ms)
2026-07-23 14:46:01 [woodcutting] ReleasePendingModifiersNow: released Ctrl
2026-07-23 14:46:01 [woodcutting] FindFilledBlock: found at 1350,694 (51x51 0x008B07 tol=5, 0 ms)
2026-07-23 14:46:01 [woodcutting] Tracking not-yet-stable target at 1350,694 (search 16 ms)
2026-07-23 14:46:01 [woodcutting] FindFilledBlock: found at 1350,694 (51x51 0x008B07 tol=5, 0 ms)
2026-07-23 14:46:01 [woodcutting] Tracking not-yet-stable target at 1350,694 (search 0 ms)
2026-07-23 14:46:01 [woodcutting] FindFilledBlock: found at 1310,688 (51x51 0x008B07 tol=5, 0 ms)
2026-07-23 14:46:01 [woodcutting] Tracking not-yet-stable target at 1310,688 (search 15 ms)
2026-07-23 14:46:01 [woodcutting] FindFilledBlock: found at 1310,688 (51x51 0x008B07 tol=5, 0 ms)
2026-07-23 14:46:01 [woodcutting] Tracking not-yet-stable target at 1310,688 (search 0 ms)
2026-07-23 14:46:01 [woodcutting] FindFilledBlock: found at 1310,688 (51x51 0x008B07 tol=5, 0 ms)
2026-07-23 14:46:01 [woodcutting] Tracking stable target at 1310,688 (cooldown active, search 16 ms)
2026-07-23 14:46:02 [woodcutting] FindFilledBlock: found at 1310,688 (51x51 0x008B07 tol=5, 16 ms)
2026-07-23 14:46:02 [woodcutting] Tracking stable target at 1310,688 (cooldown active, search 16 ms)
2026-07-23 14:46:02 [woodcutting] FindFilledBlock: found at 1310,688 (51x51 0x008B07 tol=5, 0 ms)
2026-07-23 14:46:02 [woodcutting] Tracking stable target at 1310,688 (cooldown active, search 0 ms)
2026-07-23 14:46:02 [woodcutting] FindFilledBlock: found at 1310,688 (51x51 0x008B07 tol=5, 16 ms)
2026-07-23 14:46:02 [woodcutting] Tracking stable target at 1310,688 (cooldown active, search 16 ms)
2026-07-23 14:46:02 [woodcutting] FindFilledBlock: found at 1310,688 (51x51 0x008B07 tol=5, 0 ms)
2026-07-23 14:46:02 [woodcutting] Clicked STABLE target at 1310,688 (search 0 ms)
2026-07-23 14:46:02 [woodcutting] ReleasePendingModifiersNow: released Ctrl
2026-07-23 14:46:02 [woodcutting] FindFilledBlock: found at 1348,694 (51x51 0x008B07 tol=5, 16 ms)
2026-07-23 14:46:02 [woodcutting] Tracking not-yet-stable target at 1348,694 (search 16 ms)
2026-07-23 14:46:03 [woodcutting] FindFilledBlock: found at 1310,688 (51x51 0x008B07 tol=5, 16 ms)
2026-07-23 14:46:03 [woodcutting] Tracking not-yet-stable target at 1310,688 (search 16 ms)
2026-07-23 14:46:03 [woodcutting] FindFilledBlock: found at 1310,688 (51x51 0x008B07 tol=5, 16 ms)
2026-07-23 14:46:03 [woodcutting] Tracking not-yet-stable target at 1310,688 (search 16 ms)
2026-07-23 14:46:03 [woodcutting] FindFilledBlock: found at 1310,688 (51x51 0x008B07 tol=5, 16 ms)
2026-07-23 14:46:03 [woodcutting] Tracking stable target at 1310,688 (cooldown active, search 16 ms)
2026-07-23 14:46:03 [woodcutting] FindFilledBlock: found at 1310,688 (51x51 0x008B07 tol=5, 16 ms)
2026-07-23 14:46:03 [woodcutting] Tracking stable target at 1310,688 (cooldown active, search 16 ms)
2026-07-23 14:46:03 [woodcutting] FindFilledBlock: found at 1310,688 (51x51 0x008B07 tol=5, 16 ms)
2026-07-23 14:46:03 [woodcutting] Tracking stable target at 1310,688 (cooldown active, search 16 ms)
2026-07-23 14:46:03 [woodcutting] FindFilledBlock: found at 1310,688 (51x51 0x008B07 tol=5, 15 ms)
2026-07-23 14:46:03 [woodcutting] Tracking stable target at 1310,688 (cooldown active, search 15 ms)
2026-07-23 14:46:04 [woodcutting] FindFilledBlock: found at 1310,688 (51x51 0x008B07 tol=5, 16 ms)
2026-07-23 14:46:04 [woodcutting] Tracking stable target at 1310,688 (cooldown active, search 16 ms)
2026-07-23 14:46:04 [woodcutting] FindFilledBlock: found at 1310,688 (51x51 0x008B07 tol=5, 0 ms)
2026-07-23 14:46:04 [woodcutting] Clicked STABLE target at 1310,688 (search 0 ms)
2026-07-23 14:46:04 [woodcutting] ReleasePendingModifiersNow: released Ctrl
2026-07-23 14:46:04 [woodcutting] FindFilledBlock: found at 1348,694 (51x51 0x008B07 tol=5, 16 ms)
2026-07-23 14:46:04 [woodcutting] Tracking not-yet-stable target at 1348,694 (search 16 ms)
2026-07-23 14:46:04 [woodcutting] FindFilledBlock: found at 1348,694 (51x51 0x008B07 tol=5, 16 ms)
2026-07-23 14:46:04 [woodcutting] Tracking not-yet-stable target at 1348,694 (search 16 ms)
2026-07-23 14:46:04 [woodcutting] FindFilledBlock: found at 1310,688 (51x51 0x008B07 tol=5, 0 ms)
2026-07-23 14:46:04 [woodcutting] Tracking not-yet-stable target at 1310,688 (search 0 ms)
2026-07-23 14:46:05 [woodcutting] FindFilledBlock: found at 1310,688 (51x51 0x008B07 tol=5, 16 ms)
2026-07-23 14:46:05 [woodcutting] Tracking not-yet-stable target at 1310,688 (search 16 ms)
2026-07-23 14:46:05 [woodcutting] FindFilledBlock: found at 1310,688 (51x51 0x008B07 tol=5, 0 ms)
2026-07-23 14:46:05 [woodcutting] Tracking stable target at 1310,688 (cooldown active, search 0 ms)
2026-07-23 14:46:05 [woodcutting] FindFilledBlock: found at 1310,688 (51x51 0x008B07 tol=5, 16 ms)
2026-07-23 14:46:05 [woodcutting] Tracking stable target at 1310,688 (cooldown active, search 16 ms)
2026-07-23 14:46:05 [woodcutting] FindFilledBlock: found at 1310,688 (51x51 0x008B07 tol=5, 0 ms)
2026-07-23 14:46:05 [woodcutting] Tracking stable target at 1310,688 (cooldown active, search 0 ms)
2026-07-23 14:46:05 [woodcutting] FindFilledBlock: found at 1310,688 (51x51 0x008B07 tol=5, 16 ms)
2026-07-23 14:46:05 [woodcutting] Tracking stable target at 1310,688 (cooldown active, search 16 ms)
2026-07-23 14:46:05 [woodcutting] FindFilledBlock: found at 1310,688 (51x51 0x008B07 tol=5, 0 ms)
2026-07-23 14:46:05 [woodcutting] Clicked STABLE target at 1310,688 (search 0 ms)
2026-07-23 14:46:06 [woodcutting] ReleasePendingModifiersNow: released Ctrl
2026-07-23 14:46:06 [woodcutting] FindFilledBlock: found at 1348,694 (51x51 0x008B07 tol=5, 0 ms)
2026-07-23 14:46:06 [woodcutting] Tracking not-yet-stable target at 1348,694 (search 0 ms)
2026-07-23 14:46:06 [woodcutting] FindFilledBlock: found at 1348,694 (51x51 0x008B07 tol=5, 16 ms)
2026-07-23 14:46:06 [woodcutting] Tracking not-yet-stable target at 1348,694 (search 16 ms)
2026-07-23 14:46:06 [woodcutting] FindFilledBlock: found at 1310,688 (51x51 0x008B07 tol=5, 0 ms)
2026-07-23 14:46:06 [woodcutting] Tracking not-yet-stable target at 1310,688 (search 0 ms)
2026-07-23 14:46:06 [woodcutting] FindFilledBlock: found at 1310,688 (51x51 0x008B07 tol=5, 16 ms)
2026-07-23 14:46:06 [woodcutting] Tracking not-yet-stable target at 1310,688 (search 16 ms)
2026-07-23 14:46:06 [woodcutting] FindFilledBlock: found at 1310,688 (51x51 0x008B07 tol=5, 0 ms)
2026-07-23 14:46:06 [woodcutting] Tracking stable target at 1310,688 (cooldown active, search 0 ms)
2026-07-23 14:46:06 [woodcutting] FindFilledBlock: found at 1310,688 (51x51 0x008B07 tol=5, 16 ms)
2026-07-23 14:46:06 [woodcutting] Tracking stable target at 1310,688 (cooldown active, search 16 ms)
2026-07-23 14:46:07 [woodcutting] FindFilledBlock: found at 1310,688 (51x51 0x008B07 tol=5, 15 ms)
2026-07-23 14:46:07 [woodcutting] Tracking stable target at 1310,688 (cooldown active, search 15 ms)
2026-07-23 14:46:07 [woodcutting] FindFilledBlock: found at 1310,688 (51x51 0x008B07 tol=5, 16 ms)
2026-07-23 14:46:07 [woodcutting] Tracking stable target at 1310,688 (cooldown active, search 16 ms)
2026-07-23 14:46:07 [woodcutting] FindFilledBlock: found at 1310,688 (51x51 0x008B07 tol=5, 0 ms)
2026-07-23 14:46:07 [woodcutting] Clicked STABLE target at 1310,688 (search 0 ms)
2026-07-23 14:46:07 [woodcutting] ReleasePendingModifiersNow: released Ctrl
2026-07-23 14:46:07 [woodcutting] FindFilledBlock: found at 1348,694 (51x51 0x008B07 tol=5, 0 ms)
2026-07-23 14:46:07 [woodcutting] Tracking not-yet-stable target at 1348,694 (search 0 ms)
2026-07-23 14:46:07 [woodcutting] FindFilledBlock: found at 1348,694 (51x51 0x008B07 tol=5, 16 ms)
2026-07-23 14:46:07 [woodcutting] Tracking not-yet-stable target at 1348,694 (search 16 ms)
2026-07-23 14:46:08 [woodcutting] FindFilledBlock: found at 1310,688 (51x51 0x008B07 tol=5, 0 ms)
2026-07-23 14:46:08 [woodcutting] Tracking not-yet-stable target at 1310,688 (search 0 ms)
2026-07-23 14:46:08 [woodcutting] FindFilledBlock: found at 1310,688 (51x51 0x008B07 tol=5, 0 ms)
2026-07-23 14:46:08 [woodcutting] Tracking not-yet-stable target at 1310,688 (search 0 ms)
2026-07-23 14:46:08 [woodcutting] FindFilledBlock: found at 1310,688 (51x51 0x008B07 tol=5, 0 ms)
2026-07-23 14:46:08 [woodcutting] Tracking stable target at 1310,688 (cooldown active, search 0 ms)
2026-07-23 14:46:08 [woodcutting] FindFilledBlock: found at 1310,688 (51x51 0x008B07 tol=5, 0 ms)
2026-07-23 14:46:08 [woodcutting] Tracking stable target at 1310,688 (cooldown active, search 0 ms)
2026-07-23 14:46:08 [woodcutting] FindFilledBlock: found at 1310,688 (51x51 0x008B07 tol=5, 0 ms)
2026-07-23 14:46:08 [woodcutting] Tracking stable target at 1310,688 (cooldown active, search 16 ms)
2026-07-23 14:46:08 [woodcutting] FindFilledBlock: found at 1310,688 (51x51 0x008B07 tol=5, 0 ms)
2026-07-23 14:46:08 [woodcutting] Tracking stable target at 1310,688 (cooldown active, search 15 ms)
2026-07-23 14:46:09 [woodcutting] FindFilledBlock: found at 1310,688 (51x51 0x008B07 tol=5, 16 ms)
2026-07-23 14:46:09 [woodcutting] Clicked STABLE target at 1310,688 (search 16 ms)
2026-07-23 14:46:09 [woodcutting] ReleasePendingModifiersNow: released Ctrl
2026-07-23 14:46:09 [woodcutting] FindFilledBlock: found at 1348,694 (51x51 0x008B07 tol=5, 16 ms)
2026-07-23 14:46:09 [woodcutting] Tracking not-yet-stable target at 1348,694 (search 16 ms)
2026-07-23 14:46:09 [woodcutting] FindFilledBlock: found at 1348,694 (51x51 0x008B07 tol=5, 0 ms)
2026-07-23 14:46:09 [woodcutting] Tracking not-yet-stable target at 1348,694 (search 0 ms)
2026-07-23 14:46:09 [woodcutting] FindFilledBlock: found at 1310,688 (51x51 0x008B07 tol=5, 0 ms)
2026-07-23 14:46:09 [woodcutting] Tracking not-yet-stable target at 1310,688 (search 0 ms)
2026-07-23 14:46:09 [woodcutting] FindFilledBlock: found at 1310,688 (51x51 0x008B07 tol=5, 0 ms)
2026-07-23 14:46:09 [woodcutting] Tracking not-yet-stable target at 1310,688 (search 0 ms)
2026-07-23 14:46:10 [woodcutting] FindFilledBlock: found at 1310,688 (51x51 0x008B07 tol=5, 0 ms)
2026-07-23 14:46:10 [woodcutting] Tracking stable target at 1310,688 (cooldown active, search 0 ms)
2026-07-23 14:46:10 [woodcutting] FindFilledBlock: found at 1310,688 (51x51 0x008B07 tol=5, 0 ms)
2026-07-23 14:46:10 [woodcutting] Tracking stable target at 1310,688 (cooldown active, search 0 ms)
2026-07-23 14:46:10 [woodcutting] FindFilledBlock: found at 1310,688 (51x51 0x008B07 tol=5, 0 ms)
2026-07-23 14:46:10 [woodcutting] Tracking stable target at 1310,688 (cooldown active, search 0 ms)
2026-07-23 14:46:10 [woodcutting] FindFilledBlock: found at 1310,688 (51x51 0x008B07 tol=5, 15 ms)
2026-07-23 14:46:10 [woodcutting] Tracking stable target at 1310,688 (cooldown active, search 15 ms)
2026-07-23 14:46:10 [woodcutting] FindFilledBlock: found at 1310,688 (51x51 0x008B07 tol=5, 0 ms)
2026-07-23 14:46:10 [woodcutting] Clicked STABLE target at 1310,688 (search 16 ms)
2026-07-23 14:46:10 [woodcutting] ReleasePendingModifiersNow: released Ctrl
2026-07-23 14:46:11 [woodcutting] FindFilledBlock: found at 1348,694 (51x51 0x008B07 tol=5, 16 ms)
2026-07-23 14:46:11 [woodcutting] Tracking not-yet-stable target at 1348,694 (search 16 ms)
2026-07-23 14:46:11 [woodcutting] FindFilledBlock: found at 1310,688 (51x51 0x008B07 tol=5, 16 ms)
2026-07-23 14:46:11 [woodcutting] Tracking not-yet-stable target at 1310,688 (search 16 ms)
2026-07-23 14:46:11 [woodcutting] FindFilledBlock: found at 1310,688 (51x51 0x008B07 tol=5, 16 ms)
2026-07-23 14:46:11 [woodcutting] Tracking not-yet-stable target at 1310,688 (search 16 ms)
2026-07-23 14:46:11 [woodcutting] FindFilledBlock: found at 1310,688 (51x51 0x008B07 tol=5, 16 ms)
2026-07-23 14:46:11 [woodcutting] Tracking stable target at 1310,688 (cooldown active, search 16 ms)
2026-07-23 14:46:11 [woodcutting] FindFilledBlock: found at 1310,688 (51x51 0x008B07 tol=5, 15 ms)
2026-07-23 14:46:11 [woodcutting] Tracking stable target at 1310,688 (cooldown active, search 15 ms)
2026-07-23 14:46:11 [woodcutting] FindFilledBlock: found at 1310,688 (51x51 0x008B07 tol=5, 16 ms)
2026-07-23 14:46:11 [woodcutting] Tracking stable target at 1310,688 (cooldown active, search 16 ms)
2026-07-23 14:46:12 [woodcutting] FindFilledBlock: found at 1310,688 (51x51 0x008B07 tol=5, 15 ms)
2026-07-23 14:46:12 [woodcutting] Tracking stable target at 1310,688 (cooldown active, search 15 ms)
2026-07-23 14:46:12 [woodcutting] FindFilledBlock: found at 1310,688 (51x51 0x008B07 tol=5, 16 ms)
2026-07-23 14:46:12 [woodcutting] Tracking stable target at 1310,688 (cooldown active, search 16 ms)
2026-07-23 14:46:12 [woodcutting] FindFilledBlock: found at 1310,688 (51x51 0x008B07 tol=5, 16 ms)
2026-07-23 14:46:12 [woodcutting] Clicked STABLE target at 1310,688 (search 16 ms)
2026-07-23 14:46:12 [woodcutting] ReleasePendingModifiersNow: released Ctrl
2026-07-23 14:46:12 [woodcutting] FindFilledBlock: found at 1348,694 (51x51 0x008B07 tol=5, 16 ms)
2026-07-23 14:46:12 [woodcutting] Tracking not-yet-stable target at 1348,694 (search 16 ms)
2026-07-23 14:46:13 [woodcutting] FindFilledBlock: found at 1348,694 (51x51 0x008B07 tol=5, 16 ms)
2026-07-23 14:46:13 [woodcutting] Tracking not-yet-stable target at 1348,694 (search 16 ms)
2026-07-23 14:46:13 [woodcutting] FindFilledBlock: found at 1310,688 (51x51 0x008B07 tol=5, 16 ms)
2026-07-23 14:46:13 [woodcutting] Tracking not-yet-stable target at 1310,688 (search 16 ms)
2026-07-23 14:46:13 [woodcutting] FindFilledBlock: found at 1310,688 (51x51 0x008B07 tol=5, 16 ms)
2026-07-23 14:46:13 [woodcutting] Tracking not-yet-stable target at 1310,688 (search 16 ms)
2026-07-23 14:46:13 [woodcutting] FindFilledBlock: found at 1310,688 (51x51 0x008B07 tol=5, 16 ms)
2026-07-23 14:46:13 [woodcutting] Tracking stable target at 1310,688 (cooldown active, search 16 ms)
2026-07-23 14:46:13 [woodcutting] FindFilledBlock: found at 1310,688 (51x51 0x008B07 tol=5, 16 ms)
2026-07-23 14:46:13 [woodcutting] Tracking stable target at 1310,688 (cooldown active, search 16 ms)
2026-07-23 14:46:13 [woodcutting] FindFilledBlock: found at 1310,688 (51x51 0x008B07 tol=5, 15 ms)
2026-07-23 14:46:13 [woodcutting] Tracking stable target at 1310,688 (cooldown active, search 15 ms)
2026-07-23 14:46:13 [woodcutting] FindFilledBlock: found at 1310,688 (51x51 0x008B07 tol=5, 15 ms)
2026-07-23 14:46:13 [woodcutting] Tracking stable target at 1310,688 (cooldown active, search 15 ms)
2026-07-23 14:46:14 [woodcutting] FindFilledBlock: found at 1310,688 (51x51 0x008B07 tol=5, 16 ms)
2026-07-23 14:46:14 [woodcutting] Clicked STABLE target at 1310,688 (search 16 ms)
2026-07-23 14:46:14 [woodcutting] ReleasePendingModifiersNow: released Ctrl
2026-07-23 14:46:14 [woodcutting] FindFilledBlock: found at 1348,694 (51x51 0x008B07 tol=5, 0 ms)
2026-07-23 14:46:14 [woodcutting] Tracking not-yet-stable target at 1348,694 (search 0 ms)
2026-07-23 14:46:14 [woodcutting] FindFilledBlock: found at 1348,694 (51x51 0x008B07 tol=5, 16 ms)
2026-07-23 14:46:14 [woodcutting] Tracking not-yet-stable target at 1348,694 (search 16 ms)
2026-07-23 14:46:14 [woodcutting] FindFilledBlock: found at 1310,688 (51x51 0x008B07 tol=5, 0 ms)
2026-07-23 14:46:14 [woodcutting] Tracking not-yet-stable target at 1310,688 (search 0 ms)
2026-07-23 14:46:14 [woodcutting] FindFilledBlock: found at 1310,688 (51x51 0x008B07 tol=5, 16 ms)
2026-07-23 14:46:14 [woodcutting] Tracking not-yet-stable target at 1310,688 (search 16 ms)
2026-07-23 14:46:15 [woodcutting] FindFilledBlock: found at 1310,688 (51x51 0x008B07 tol=5, 15 ms)
2026-07-23 14:46:15 [woodcutting] Tracking stable target at 1310,688 (cooldown active, search 15 ms)
2026-07-23 14:46:15 [woodcutting] FindFilledBlock: found at 1310,688 (51x51 0x008B07 tol=5, 16 ms)
2026-07-23 14:46:15 [woodcutting] Tracking stable target at 1310,688 (cooldown active, search 16 ms)
2026-07-23 14:46:15 [woodcutting] FindFilledBlock: found at 1310,688 (51x51 0x008B07 tol=5, 0 ms)
2026-07-23 14:46:15 [woodcutting] Tracking stable target at 1310,688 (cooldown active, search 0 ms)
2026-07-23 14:46:15 [woodcutting] FindFilledBlock: found at 1310,688 (51x51 0x008B07 tol=5, 15 ms)
2026-07-23 14:46:15 [woodcutting] Tracking stable target at 1310,688 (cooldown active, search 15 ms)
2026-07-23 14:46:15 [woodcutting] FindFilledBlock: found at 1310,688 (51x51 0x008B07 tol=5, 0 ms)
2026-07-23 14:46:15 [woodcutting] Clicked STABLE target at 1310,688 (search 0 ms)
2026-07-23 14:46:15 [woodcutting] ReleasePendingModifiersNow: released Ctrl
2026-07-23 14:46:16 [woodcutting] FindFilledBlock: found at 1348,694 (51x51 0x008B07 tol=5, 15 ms)
2026-07-23 14:46:16 [woodcutting] Tracking not-yet-stable target at 1348,694 (search 15 ms)
2026-07-23 14:46:16 [woodcutting] FindFilledBlock: found at 1348,694 (51x51 0x008B07 tol=5, 16 ms)
2026-07-23 14:46:16 [woodcutting] Tracking not-yet-stable target at 1348,694 (search 16 ms)
2026-07-23 14:46:16 [woodcutting] FindFilledBlock: found at 1310,688 (51x51 0x008B07 tol=5, 0 ms)
2026-07-23 14:46:16 [woodcutting] Tracking not-yet-stable target at 1310,688 (search 0 ms)
2026-07-23 14:46:16 [woodcutting] FindFilledBlock: found at 1310,688 (51x51 0x008B07 tol=5, 15 ms)
2026-07-23 14:46:16 [woodcutting] Tracking not-yet-stable target at 1310,688 (search 15 ms)
2026-07-23 14:46:16 [woodcutting] FindFilledBlock: found at 1310,688 (51x51 0x008B07 tol=5, 0 ms)
2026-07-23 14:46:16 [woodcutting] Tracking stable target at 1310,688 (cooldown active, search 0 ms)
2026-07-23 14:46:16 [woodcutting] FindFilledBlock: found at 1310,688 (51x51 0x008B07 tol=5, 16 ms)
2026-07-23 14:46:16 [woodcutting] Tracking stable target at 1310,688 (cooldown active, search 16 ms)
2026-07-23 14:46:17 [woodcutting] FindFilledBlock: found at 1310,688 (51x51 0x008B07 tol=5, 16 ms)
2026-07-23 14:46:17 [woodcutting] Tracking stable target at 1310,688 (cooldown active, search 16 ms)
2026-07-23 14:46:17 [woodcutting] FindFilledBlock: found at 1310,688 (51x51 0x008B07 tol=5, 15 ms)
2026-07-23 14:46:17 [woodcutting] Tracking stable target at 1310,688 (cooldown active, search 15 ms)
2026-07-23 14:46:17 [woodcutting] FindFilledBlock: found at 1310,688 (51x51 0x008B07 tol=5, 0 ms)
2026-07-23 14:46:17 [woodcutting] Clicked STABLE target at 1310,688 (search 0 ms)
2026-07-23 14:46:17 [woodcutting] ReleasePendingModifiersNow: released Ctrl
2026-07-23 14:46:17 [woodcutting] FindFilledBlock: found at 1348,694 (51x51 0x008B07 tol=5, 0 ms)
2026-07-23 14:46:17 [woodcutting] Tracking not-yet-stable target at 1348,694 (search 0 ms)
2026-07-23 14:46:17 [woodcutting] FindFilledBlock: found at 1348,694 (51x51 0x008B07 tol=5, 16 ms)
2026-07-23 14:46:17 [woodcutting] Tracking not-yet-stable target at 1348,694 (search 16 ms)
2026-07-23 14:46:18 [woodcutting] FindFilledBlock: found at 1310,688 (51x51 0x008B07 tol=5, 16 ms)
2026-07-23 14:46:18 [woodcutting] Tracking not-yet-stable target at 1310,688 (search 16 ms)
2026-07-23 14:46:18 [woodcutting] FindFilledBlock: found at 1310,688 (51x51 0x008B07 tol=5, 16 ms)
2026-07-23 14:46:18 [woodcutting] Tracking not-yet-stable target at 1310,688 (search 16 ms)
2026-07-23 14:46:18 [woodcutting] FindFilledBlock: found at 1310,688 (51x51 0x008B07 tol=5, 16 ms)
2026-07-23 14:46:18 [woodcutting] Tracking stable target at 1310,688 (cooldown active, search 16 ms)
2026-07-23 14:46:18 [woodcutting] FindFilledBlock: found at 1310,688 (51x51 0x008B07 tol=5, 16 ms)
2026-07-23 14:46:18 [woodcutting] Tracking stable target at 1310,688 (cooldown active, search 16 ms)
2026-07-23 14:46:18 [woodcutting] FindFilledBlock: found at 1310,688 (51x51 0x008B07 tol=5, 16 ms)
2026-07-23 14:46:18 [woodcutting] Tracking stable target at 1310,688 (cooldown active, search 16 ms)
2026-07-23 14:46:18 [woodcutting] FindFilledBlock: found at 1310,688 (51x51 0x008B07 tol=5, 0 ms)
2026-07-23 14:46:18 [woodcutting] Tracking stable target at 1310,688 (cooldown active, search 0 ms)
2026-07-23 14:46:19 [woodcutting] FindFilledBlock: found at 1310,688 (51x51 0x008B07 tol=5, 16 ms)
2026-07-23 14:46:19 [woodcutting] Clicked STABLE target at 1310,688 (search 16 ms)
2026-07-23 14:46:19 [woodcutting] ReleasePendingModifiersNow: released Ctrl
2026-07-23 14:46:19 [woodcutting] FindFilledBlock: found at 1348,694 (51x51 0x008B07 tol=5, 16 ms)
2026-07-23 14:46:19 [woodcutting] Tracking not-yet-stable target at 1348,694 (search 16 ms)
2026-07-23 14:46:19 [woodcutting] FindFilledBlock: found at 1348,694 (51x51 0x008B07 tol=5, 16 ms)
2026-07-23 14:46:19 [woodcutting] Tracking not-yet-stable target at 1348,694 (search 16 ms)
2026-07-23 14:46:19 [woodcutting] FindFilledBlock: found at 1310,688 (51x51 0x008B07 tol=5, 15 ms)
2026-07-23 14:46:19 [woodcutting] Tracking not-yet-stable target at 1310,688 (search 15 ms)
2026-07-23 14:46:19 [woodcutting] FindFilledBlock: found at 1310,688 (51x51 0x008B07 tol=5, 0 ms)
2026-07-23 14:46:19 [woodcutting] Tracking not-yet-stable target at 1310,688 (search 0 ms)
2026-07-23 14:46:20 [woodcutting] FindFilledBlock: found at 1310,688 (51x51 0x008B07 tol=5, 16 ms)
2026-07-23 14:46:20 [woodcutting] Tracking stable target at 1310,688 (cooldown active, search 16 ms)
2026-07-23 14:46:20 [woodcutting] FindFilledBlock: found at 1310,688 (51x51 0x008B07 tol=5, 0 ms)
2026-07-23 14:46:20 [woodcutting] Tracking stable target at 1310,688 (cooldown active, search 0 ms)
2026-07-23 14:46:20 [woodcutting] FindFilledBlock: found at 1310,688 (51x51 0x008B07 tol=5, 15 ms)
2026-07-23 14:46:20 [woodcutting] Tracking stable target at 1310,688 (cooldown active, search 15 ms)
2026-07-23 14:46:20 [woodcutting] FindFilledBlock: found at 1310,688 (51x51 0x008B07 tol=5, 0 ms)
2026-07-23 14:46:20 [woodcutting] Tracking stable target at 1310,688 (cooldown active, search 0 ms)
2026-07-23 14:46:20 [woodcutting] FindFilledBlock: found at 1310,688 (51x51 0x008B07 tol=5, 16 ms)
2026-07-23 14:46:20 [woodcutting] Clicked STABLE target at 1310,688 (search 16 ms)
2026-07-23 14:46:20 [woodcutting] ReleasePendingModifiersNow: released Ctrl
2026-07-23 14:46:21 [woodcutting] FindFilledBlock: found at 1348,694 (51x51 0x008B07 tol=5, 0 ms)
2026-07-23 14:46:21 [woodcutting] Tracking not-yet-stable target at 1348,694 (search 0 ms)
2026-07-23 14:46:21 [woodcutting] FindFilledBlock: found at 1348,694 (51x51 0x008B07 tol=5, 15 ms)
2026-07-23 14:46:21 [woodcutting] Tracking not-yet-stable target at 1348,694 (search 15 ms)
2026-07-23 14:46:21 [woodcutting] FindFilledBlock: found at 1310,688 (51x51 0x008B07 tol=5, 0 ms)
2026-07-23 14:46:21 [woodcutting] Tracking not-yet-stable target at 1310,688 (search 0 ms)
2026-07-23 14:46:21 [woodcutting] FindFilledBlock: found at 1310,688 (51x51 0x008B07 tol=5, 0 ms)
2026-07-23 14:46:21 [woodcutting] Tracking not-yet-stable target at 1310,688 (search 0 ms)
2026-07-23 14:46:21 [woodcutting] FindFilledBlock: found at 1310,688 (51x51 0x008B07 tol=5, 15 ms)
2026-07-23 14:46:21 [woodcutting] Tracking stable target at 1310,688 (cooldown active, search 15 ms)
2026-07-23 14:46:21 [woodcutting] FindFilledBlock: found at 1310,688 (51x51 0x008B07 tol=5, 15 ms)
2026-07-23 14:46:21 [woodcutting] Tracking stable target at 1310,688 (cooldown active, search 15 ms)
2026-07-23 14:46:22 [woodcutting] FindFilledBlock: found at 1310,688 (51x51 0x008B07 tol=5, 15 ms)
2026-07-23 14:46:22 [woodcutting] Tracking stable target at 1310,688 (cooldown active, search 15 ms)
2026-07-23 14:46:22 [woodcutting] FindFilledBlock: found at 1310,688 (51x51 0x008B07 tol=5, 15 ms)
2026-07-23 14:46:22 [woodcutting] Tracking stable target at 1310,688 (cooldown active, search 15 ms)
2026-07-23 14:46:22 [woodcutting] FindFilledBlock: found at 1310,688 (51x51 0x008B07 tol=5, 16 ms)
2026-07-23 14:46:22 [woodcutting] Clicked STABLE target at 1310,688 (search 16 ms)
2026-07-23 14:46:22 [woodcutting] ReleasePendingModifiersNow: released Ctrl
2026-07-23 14:46:22 [woodcutting] FindFilledBlock: found at 1348,694 (51x51 0x008B07 tol=5, 0 ms)
2026-07-23 14:46:22 [woodcutting] Tracking not-yet-stable target at 1348,694 (search 0 ms)
2026-07-23 14:46:22 [woodcutting] FindFilledBlock: found at 1348,694 (51x51 0x008B07 tol=5, 16 ms)
2026-07-23 14:46:22 [woodcutting] Tracking not-yet-stable target at 1348,694 (search 16 ms)
2026-07-23 14:46:23 [woodcutting] FindFilledBlock: found at 1310,688 (51x51 0x008B07 tol=5, 15 ms)
2026-07-23 14:46:23 [woodcutting] Tracking not-yet-stable target at 1310,688 (search 15 ms)
2026-07-23 14:46:23 [woodcutting] FindFilledBlock: found at 1310,688 (51x51 0x008B07 tol=5, 0 ms)
2026-07-23 14:46:23 [woodcutting] Tracking not-yet-stable target at 1310,688 (search 0 ms)
2026-07-23 14:46:23 [woodcutting] FindFilledBlock: found at 1310,688 (51x51 0x008B07 tol=5, 16 ms)
2026-07-23 14:46:23 [woodcutting] Tracking stable target at 1310,688 (cooldown active, search 16 ms)
2026-07-23 14:46:23 [woodcutting] FindFilledBlock: found at 1310,688 (51x51 0x008B07 tol=5, 16 ms)
2026-07-23 14:46:23 [woodcutting] Tracking stable target at 1310,688 (cooldown active, search 16 ms)
2026-07-23 14:46:23 [woodcutting] FindFilledBlock: found at 1310,688 (51x51 0x008B07 tol=5, 15 ms)
2026-07-23 14:46:23 [woodcutting] Tracking stable target at 1310,688 (cooldown active, search 15 ms)
2026-07-23 14:46:23 [woodcutting] FindFilledBlock: found at 1310,688 (51x51 0x008B07 tol=5, 15 ms)
2026-07-23 14:46:23 [woodcutting] Tracking stable target at 1310,688 (cooldown active, search 15 ms)
2026-07-23 14:46:24 [woodcutting] FindFilledBlock: found at 1310,688 (51x51 0x008B07 tol=5, 16 ms)
2026-07-23 14:46:24 [woodcutting] Clicked STABLE target at 1310,688 (search 16 ms)
2026-07-23 14:46:24 [woodcutting] ReleasePendingModifiersNow: released Ctrl
2026-07-23 14:46:24 [woodcutting] FindFilledBlock: found at 1348,694 (51x51 0x008B07 tol=5, 16 ms)
2026-07-23 14:46:24 [woodcutting] Tracking not-yet-stable target at 1348,694 (search 16 ms)
2026-07-23 14:46:24 [woodcutting] FindFilledBlock: found at 1348,694 (51x51 0x008B07 tol=5, 16 ms)
2026-07-23 14:46:24 [woodcutting] Tracking not-yet-stable target at 1348,694 (search 16 ms)
2026-07-23 14:46:24 [woodcutting] FindFilledBlock: found at 1310,688 (51x51 0x008B07 tol=5, 16 ms)
2026-07-23 14:46:24 [woodcutting] Tracking not-yet-stable target at 1310,688 (search 16 ms)
2026-07-23 14:46:24 [woodcutting] FindFilledBlock: found at 1310,688 (51x51 0x008B07 tol=5, 15 ms)
2026-07-23 14:46:24 [woodcutting] Tracking not-yet-stable target at 1310,688 (search 15 ms)
2026-07-23 14:46:25 [woodcutting] FindFilledBlock: found at 1310,688 (51x51 0x008B07 tol=5, 16 ms)
2026-07-23 14:46:25 [woodcutting] Tracking stable target at 1310,688 (cooldown active, search 16 ms)
2026-07-23 14:46:25 [woodcutting] FindFilledBlock: found at 1310,688 (51x51 0x008B07 tol=5, 16 ms)
2026-07-23 14:46:25 [woodcutting] Tracking stable target at 1310,688 (cooldown active, search 16 ms)
2026-07-23 14:46:25 [woodcutting] FindFilledBlock: found at 1310,688 (51x51 0x008B07 tol=5, 15 ms)
2026-07-23 14:46:25 [woodcutting] Tracking stable target at 1310,688 (cooldown active, search 15 ms)
2026-07-23 14:46:25 [woodcutting] FindFilledBlock: found at 1310,688 (51x51 0x008B07 tol=5, 15 ms)
2026-07-23 14:46:25 [woodcutting] Tracking stable target at 1310,688 (cooldown active, search 15 ms)
2026-07-23 14:46:25 [woodcutting] FindFilledBlock: found at 1310,688 (51x51 0x008B07 tol=5, 15 ms)
2026-07-23 14:46:25 [woodcutting] Clicked STABLE target at 1310,688 (search 15 ms)
2026-07-23 14:46:25 [woodcutting] ReleasePendingModifiersNow: released Ctrl
2026-07-23 14:46:26 [woodcutting] FindFilledBlock: found at 1348,694 (51x51 0x008B07 tol=5, 0 ms)
2026-07-23 14:46:26 [woodcutting] Tracking not-yet-stable target at 1348,694 (search 0 ms)
2026-07-23 14:46:26 [woodcutting] FindFilledBlock: found at 1348,694 (51x51 0x008B07 tol=5, 16 ms)
2026-07-23 14:46:26 [woodcutting] Tracking not-yet-stable target at 1348,694 (search 16 ms)
2026-07-23 14:46:26 [woodcutting] FindFilledBlock: found at 1310,688 (51x51 0x008B07 tol=5, 16 ms)
2026-07-23 14:46:26 [woodcutting] Tracking not-yet-stable target at 1310,688 (search 16 ms)
2026-07-23 14:46:26 [woodcutting] FindFilledBlock: found at 1310,688 (51x51 0x008B07 tol=5, 16 ms)
2026-07-23 14:46:26 [woodcutting] Tracking not-yet-stable target at 1310,688 (search 16 ms)
2026-07-23 14:46:26 [woodcutting] FindFilledBlock: found at 1310,688 (51x51 0x008B07 tol=5, 0 ms)
2026-07-23 14:46:26 [woodcutting] Tracking stable target at 1310,688 (cooldown active, search 0 ms)
2026-07-23 14:46:26 [woodcutting] FindFilledBlock: found at 1310,688 (51x51 0x008B07 tol=5, 0 ms)
2026-07-23 14:46:26 [woodcutting] Tracking stable target at 1310,688 (cooldown active, search 0 ms)
2026-07-23 14:46:26 [woodcutting] FindFilledBlock: found at 1310,688 (51x51 0x008B07 tol=5, 0 ms)
2026-07-23 14:46:26 [woodcutting] Tracking stable target at 1310,688 (cooldown active, search 0 ms)
2026-07-23 14:46:27 [woodcutting] FindFilledBlock: found at 1310,688 (51x51 0x008B07 tol=5, 0 ms)
2026-07-23 14:46:27 [woodcutting] Tracking stable target at 1310,688 (cooldown active, search 0 ms)
2026-07-23 14:46:27 [woodcutting] FindFilledBlock: found at 1310,688 (51x51 0x008B07 tol=5, 16 ms)
2026-07-23 14:46:27 [woodcutting] Clicked STABLE target at 1310,688 (search 16 ms)
2026-07-23 14:46:27 [woodcutting] ReleasePendingModifiersNow: released Ctrl
2026-07-23 14:46:27 [woodcutting] FindFilledBlock: found at 1348,694 (51x51 0x008B07 tol=5, 16 ms)
2026-07-23 14:46:27 [woodcutting] Tracking not-yet-stable target at 1348,694 (search 16 ms)
2026-07-23 14:46:27 [woodcutting] FindFilledBlock: found at 1348,694 (51x51 0x008B07 tol=5, 0 ms)
2026-07-23 14:46:27 [woodcutting] Tracking not-yet-stable target at 1348,694 (search 0 ms)
2026-07-23 14:46:27 [woodcutting] FindFilledBlock: found at 1310,688 (51x51 0x008B07 tol=5, 16 ms)
2026-07-23 14:46:27 [woodcutting] Tracking not-yet-stable target at 1310,688 (search 16 ms)
2026-07-23 14:46:28 [woodcutting] FindFilledBlock: found at 1310,688 (51x51 0x008B07 tol=5, 0 ms)
2026-07-23 14:46:28 [woodcutting] Tracking not-yet-stable target at 1310,688 (search 15 ms)
2026-07-23 14:46:28 [woodcutting] FindFilledBlock: found at 1310,688 (51x51 0x008B07 tol=5, 16 ms)
2026-07-23 14:46:28 [woodcutting] Tracking stable target at 1310,688 (cooldown active, search 16 ms)
2026-07-23 14:46:28 [woodcutting] FindFilledBlock: found at 1310,688 (51x51 0x008B07 tol=5, 16 ms)
2026-07-23 14:46:28 [woodcutting] Tracking stable target at 1310,688 (cooldown active, search 16 ms)
2026-07-23 14:46:28 [woodcutting] FindFilledBlock: found at 1310,688 (51x51 0x008B07 tol=5, 0 ms)
2026-07-23 14:46:28 [woodcutting] Tracking stable target at 1310,688 (cooldown active, search 0 ms)
2026-07-23 14:46:28 [woodcutting] FindFilledBlock: found at 1310,688 (51x51 0x008B07 tol=5, 16 ms)
2026-07-23 14:46:28 [woodcutting] Tracking stable target at 1310,688 (cooldown active, search 16 ms)
2026-07-23 14:46:28 [woodcutting] FindFilledBlock: found at 1310,688 (51x51 0x008B07 tol=5, 15 ms)
2026-07-23 14:46:29 [woodcutting] Clicked STABLE target at 1310,688 (search 15 ms)
2026-07-23 14:46:29 [woodcutting] ReleasePendingModifiersNow: released Ctrl
2026-07-23 14:46:29 [woodcutting] FindFilledBlock: found at 1348,694 (51x51 0x008B07 tol=5, 15 ms)
2026-07-23 14:46:29 [woodcutting] Tracking not-yet-stable target at 1348,694 (search 15 ms)
2026-07-23 14:46:29 [woodcutting] FindFilledBlock: found at 1348,694 (51x51 0x008B07 tol=5, 16 ms)
2026-07-23 14:46:29 [woodcutting] Tracking not-yet-stable target at 1348,694 (search 16 ms)
2026-07-23 14:46:29 [woodcutting] FindFilledBlock: found at 1310,688 (51x51 0x008B07 tol=5, 16 ms)
2026-07-23 14:46:29 [woodcutting] Tracking not-yet-stable target at 1310,688 (search 16 ms)
2026-07-23 14:46:29 [woodcutting] FindFilledBlock: found at 1310,688 (51x51 0x008B07 tol=5, 0 ms)
2026-07-23 14:46:29 [woodcutting] Tracking not-yet-stable target at 1310,688 (search 0 ms)
2026-07-23 14:46:29 [woodcutting] FindFilledBlock: found at 1310,688 (51x51 0x008B07 tol=5, 16 ms)
2026-07-23 14:46:29 [woodcutting] Tracking stable target at 1310,688 (cooldown active, search 16 ms)
2026-07-23 14:46:30 [woodcutting] FindFilledBlock: found at 1310,688 (51x51 0x008B07 tol=5, 15 ms)
2026-07-23 14:46:30 [woodcutting] Tracking stable target at 1310,688 (cooldown active, search 15 ms)
2026-07-23 14:46:30 [woodcutting] FindFilledBlock: found at 1310,688 (51x51 0x008B07 tol=5, 0 ms)
2026-07-23 14:46:30 [woodcutting] Tracking stable target at 1310,688 (cooldown active, search 0 ms)
2026-07-23 14:46:30 [woodcutting] FindFilledBlock: found at 1310,688 (51x51 0x008B07 tol=5, 16 ms)
2026-07-23 14:46:30 [woodcutting] Tracking stable target at 1310,688 (cooldown active, search 16 ms)
2026-07-23 14:46:30 [woodcutting] FindFilledBlock: found at 1310,688 (51x51 0x008B07 tol=5, 16 ms)
2026-07-23 14:46:30 [woodcutting] Clicked STABLE target at 1310,688 (search 16 ms)
2026-07-23 14:46:30 [woodcutting] ReleasePendingModifiersNow: released Ctrl
2026-07-23 14:46:30 [woodcutting] FindFilledBlock: found at 1348,694 (51x51 0x008B07 tol=5, 15 ms)
2026-07-23 14:46:30 [woodcutting] Tracking not-yet-stable target at 1348,694 (search 15 ms)
2026-07-23 14:46:31 [woodcutting] FindFilledBlock: found at 1348,694 (51x51 0x008B07 tol=5, 15 ms)
2026-07-23 14:46:31 [woodcutting] Tracking not-yet-stable target at 1348,694 (search 15 ms)
2026-07-23 14:46:31 [woodcutting] FindFilledBlock: found at 1310,688 (51x51 0x008B07 tol=5, 0 ms)
2026-07-23 14:46:31 [woodcutting] Tracking not-yet-stable target at 1310,688 (search 0 ms)
2026-07-23 14:46:31 [woodcutting] FindFilledBlock: found at 1310,688 (51x51 0x008B07 tol=5, 0 ms)
2026-07-23 14:46:31 [woodcutting] Tracking not-yet-stable target at 1310,688 (search 0 ms)
2026-07-23 14:46:31 [woodcutting] FindFilledBlock: found at 1310,688 (51x51 0x008B07 tol=5, 0 ms)
2026-07-23 14:46:31 [woodcutting] Tracking stable target at 1310,688 (cooldown active, search 0 ms)
2026-07-23 14:46:31 [woodcutting] FindFilledBlock: found at 1310,688 (51x51 0x008B07 tol=5, 16 ms)
2026-07-23 14:46:31 [woodcutting] Tracking stable target at 1310,688 (cooldown active, search 16 ms)
2026-07-23 14:46:31 [woodcutting] FindFilledBlock: found at 1310,688 (51x51 0x008B07 tol=5, 0 ms)
2026-07-23 14:46:31 [woodcutting] Tracking stable target at 1310,688 (cooldown active, search 0 ms)
2026-07-23 14:46:32 [woodcutting] FindFilledBlock: found at 1310,688 (51x51 0x008B07 tol=5, 15 ms)
2026-07-23 14:46:32 [woodcutting] Tracking stable target at 1310,688 (cooldown active, search 15 ms)
2026-07-23 14:46:32 [woodcutting] FindFilledBlock: found at 1310,688 (51x51 0x008B07 tol=5, 0 ms)
2026-07-23 14:46:32 [woodcutting] Clicked STABLE target at 1310,688 (search 0 ms)
2026-07-23 14:46:32 [woodcutting] ReleasePendingModifiersNow: released Ctrl
2026-07-23 14:46:32 [woodcutting] FindFilledBlock: found at 1348,694 (51x51 0x008B07 tol=5, 16 ms)
2026-07-23 14:46:32 [woodcutting] Tracking not-yet-stable target at 1348,694 (search 16 ms)
2026-07-23 14:46:32 [woodcutting] FindFilledBlock: found at 1348,694 (51x51 0x008B07 tol=5, 15 ms)
2026-07-23 14:46:32 [woodcutting] Tracking not-yet-stable target at 1348,694 (search 15 ms)
2026-07-23 14:46:32 [woodcutting] FindFilledBlock: found at 1310,688 (51x51 0x008B07 tol=5, 15 ms)
2026-07-23 14:46:32 [woodcutting] Tracking not-yet-stable target at 1310,688 (search 15 ms)
2026-07-23 14:46:33 [woodcutting] FindFilledBlock: found at 1310,688 (51x51 0x008B07 tol=5, 16 ms)
2026-07-23 14:46:33 [woodcutting] Tracking not-yet-stable target at 1310,688 (search 16 ms)
2026-07-23 14:46:33 [woodcutting] FindFilledBlock: found at 1310,688 (51x51 0x008B07 tol=5, 16 ms)
2026-07-23 14:46:33 [woodcutting] Tracking stable target at 1310,688 (cooldown active, search 16 ms)
2026-07-23 14:46:33 [woodcutting] FindFilledBlock: found at 1310,688 (51x51 0x008B07 tol=5, 0 ms)
2026-07-23 14:46:33 [woodcutting] Tracking stable target at 1310,688 (cooldown active, search 0 ms)
2026-07-23 14:46:33 [woodcutting] FindFilledBlock: found at 1310,688 (51x51 0x008B07 tol=5, 16 ms)
2026-07-23 14:46:33 [woodcutting] Tracking stable target at 1310,688 (cooldown active, search 16 ms)
2026-07-23 14:46:33 [woodcutting] FindFilledBlock: found at 1310,688 (51x51 0x008B07 tol=5, 0 ms)
2026-07-23 14:46:33 [woodcutting] Tracking stable target at 1310,688 (cooldown active, search 0 ms)
2026-07-23 14:46:33 [woodcutting] FindFilledBlock: found at 1310,688 (51x51 0x008B07 tol=5, 16 ms)
2026-07-23 14:46:34 [woodcutting] Clicked STABLE target at 1310,688 (search 16 ms)
2026-07-23 14:46:34 [woodcutting] ReleasePendingModifiersNow: released Ctrl
2026-07-23 14:46:34 [woodcutting] FindFilledBlock: found at 1348,694 (51x51 0x008B07 tol=5, 16 ms)
2026-07-23 14:46:34 [woodcutting] Tracking not-yet-stable target at 1348,694 (search 16 ms)
2026-07-23 14:46:34 [woodcutting] FindFilledBlock: found at 1310,688 (51x51 0x008B07 tol=5, 16 ms)
2026-07-23 14:46:34 [woodcutting] Tracking not-yet-stable target at 1310,688 (search 16 ms)
2026-07-23 14:46:34 [woodcutting] FindFilledBlock: found at 1310,688 (51x51 0x008B07 tol=5, 16 ms)
2026-07-23 14:46:34 [woodcutting] Tracking not-yet-stable target at 1310,688 (search 16 ms)
2026-07-23 14:46:34 [woodcutting] FindFilledBlock: found at 1310,688 (51x51 0x008B07 tol=5, 0 ms)
2026-07-23 14:46:34 [woodcutting] Tracking stable target at 1310,688 (cooldown active, search 0 ms)
2026-07-23 14:46:34 [woodcutting] FindFilledBlock: found at 1310,688 (51x51 0x008B07 tol=5, 0 ms)
2026-07-23 14:46:34 [woodcutting] Tracking stable target at 1310,688 (cooldown active, search 0 ms)
2026-07-23 14:46:35 [woodcutting] FindFilledBlock: found at 1310,688 (51x51 0x008B07 tol=5, 15 ms)
2026-07-23 14:46:35 [woodcutting] Tracking stable target at 1310,688 (cooldown active, search 15 ms)
2026-07-23 14:46:35 [woodcutting] FindFilledBlock: found at 1310,688 (51x51 0x008B07 tol=5, 16 ms)
2026-07-23 14:46:35 [woodcutting] Tracking stable target at 1310,688 (cooldown active, search 16 ms)
2026-07-23 14:46:35 [woodcutting] FindFilledBlock: found at 1310,688 (51x51 0x008B07 tol=5, 0 ms)
2026-07-23 14:46:35 [woodcutting] Tracking stable target at 1310,688 (cooldown active, search 0 ms)
2026-07-23 14:46:35 [woodcutting] FindFilledBlock: found at 1310,688 (51x51 0x008B07 tol=5, 16 ms)
2026-07-23 14:46:35 [woodcutting] Clicked STABLE target at 1310,688 (search 16 ms)
2026-07-23 14:46:35 [woodcutting] ReleasePendingModifiersNow: released Ctrl
2026-07-23 14:46:35 [woodcutting] FindFilledBlock: found at 1348,694 (51x51 0x008B07 tol=5, 16 ms)
2026-07-23 14:46:36 [woodcutting] Tracking not-yet-stable target at 1348,694 (search 16 ms)
2026-07-23 14:46:36 [woodcutting] FindFilledBlock: found at 1348,694 (51x51 0x008B07 tol=5, 0 ms)
2026-07-23 14:46:36 [woodcutting] Tracking not-yet-stable target at 1348,694 (search 0 ms)
2026-07-23 14:46:36 [woodcutting] FindFilledBlock: found at 1310,688 (51x51 0x008B07 tol=5, 0 ms)
2026-07-23 14:46:36 [woodcutting] Tracking not-yet-stable target at 1310,688 (search 0 ms)
2026-07-23 14:46:36 [woodcutting] FindFilledBlock: found at 1310,688 (51x51 0x008B07 tol=5, 0 ms)
2026-07-23 14:46:36 [woodcutting] Tracking not-yet-stable target at 1310,688 (search 0 ms)
2026-07-23 14:46:36 [woodcutting] FindFilledBlock: found at 1310,688 (51x51 0x008B07 tol=5, 0 ms)
2026-07-23 14:46:36 [woodcutting] Tracking stable target at 1310,688 (cooldown active, search 0 ms)
2026-07-23 14:46:36 [woodcutting] FindFilledBlock: found at 1310,688 (51x51 0x008B07 tol=5, 0 ms)
2026-07-23 14:46:36 [woodcutting] Tracking stable target at 1310,688 (cooldown active, search 0 ms)
2026-07-23 14:46:36 [woodcutting] FindFilledBlock: found at 1310,688 (51x51 0x008B07 tol=5, 0 ms)
2026-07-23 14:46:36 [woodcutting] Tracking stable target at 1310,688 (cooldown active, search 0 ms)
2026-07-23 14:46:37 [woodcutting] FindFilledBlock: found at 1310,688 (51x51 0x008B07 tol=5, 15 ms)
2026-07-23 14:46:37 [woodcutting] Tracking stable target at 1310,688 (cooldown active, search 15 ms)
2026-07-23 14:46:37 [woodcutting] FindFilledBlock: found at 1310,688 (51x51 0x008B07 tol=5, 0 ms)
2026-07-23 14:46:37 [woodcutting] Clicked STABLE target at 1310,688 (search 0 ms)
2026-07-23 14:46:37 [woodcutting] ReleasePendingModifiersNow: released Ctrl
2026-07-23 14:46:37 [woodcutting] FindFilledBlock: found at 1348,694 (51x51 0x008B07 tol=5, 15 ms)
2026-07-23 14:46:37 [woodcutting] Tracking not-yet-stable target at 1348,694 (search 15 ms)
2026-07-23 14:46:37 [woodcutting] FindFilledBlock: found at 1348,694 (51x51 0x008B07 tol=5, 16 ms)
2026-07-23 14:46:37 [woodcutting] Tracking not-yet-stable target at 1348,694 (search 16 ms)
2026-07-23 14:46:37 [woodcutting] FindFilledBlock: found at 1310,688 (51x51 0x008B07 tol=5, 16 ms)
2026-07-23 14:46:37 [woodcutting] Tracking not-yet-stable target at 1310,688 (search 16 ms)
2026-07-23 14:46:38 [woodcutting] FindFilledBlock: found at 1310,688 (51x51 0x008B07 tol=5, 16 ms)
2026-07-23 14:46:38 [woodcutting] Tracking not-yet-stable target at 1310,688 (search 16 ms)
2026-07-23 14:46:38 [woodcutting] FindFilledBlock: found at 1310,688 (51x51 0x008B07 tol=5, 15 ms)
2026-07-23 14:46:38 [woodcutting] Tracking stable target at 1310,688 (cooldown active, search 15 ms)
2026-07-23 14:46:38 [woodcutting] FindFilledBlock: found at 1310,688 (51x51 0x008B07 tol=5, 16 ms)
2026-07-23 14:46:38 [woodcutting] Tracking stable target at 1310,688 (cooldown active, search 16 ms)
2026-07-23 14:46:38 [woodcutting] FindFilledBlock: found at 1310,688 (51x51 0x008B07 tol=5, 0 ms)
2026-07-23 14:46:38 [woodcutting] Tracking stable target at 1310,688 (cooldown active, search 0 ms)
2026-07-23 14:46:38 [woodcutting] FindFilledBlock: found at 1310,688 (51x51 0x008B07 tol=5, 16 ms)
2026-07-23 14:46:38 [woodcutting] Tracking stable target at 1310,688 (cooldown active, search 16 ms)
2026-07-23 14:46:38 [woodcutting] FindFilledBlock: found at 1310,688 (51x51 0x008B07 tol=5, 15 ms)
2026-07-23 14:46:39 [woodcutting] Clicked STABLE target at 1310,688 (search 15 ms)
2026-07-23 14:46:39 [woodcutting] ReleasePendingModifiersNow: released Ctrl
2026-07-23 14:46:39 [woodcutting] FindFilledBlock: found at 1348,694 (51x51 0x008B07 tol=5, 15 ms)
2026-07-23 14:46:39 [woodcutting] Tracking not-yet-stable target at 1348,694 (search 15 ms)
2026-07-23 14:46:39 [woodcutting] FindFilledBlock: found at 1348,694 (51x51 0x008B07 tol=5, 16 ms)
2026-07-23 14:46:39 [woodcutting] Tracking not-yet-stable target at 1348,694 (search 16 ms)
2026-07-23 14:46:39 [woodcutting] FindFilledBlock: found at 1310,688 (51x51 0x008B07 tol=5, 0 ms)
2026-07-23 14:46:39 [woodcutting] Tracking not-yet-stable target at 1310,688 (search 0 ms)
2026-07-23 14:46:39 [woodcutting] FindFilledBlock: found at 1310,688 (51x51 0x008B07 tol=5, 0 ms)
2026-07-23 14:46:39 [woodcutting] Tracking not-yet-stable target at 1310,688 (search 0 ms)
2026-07-23 14:46:39 [woodcutting] FindFilledBlock: found at 1310,688 (51x51 0x008B07 tol=5, 0 ms)
2026-07-23 14:46:39 [woodcutting] Tracking stable target at 1310,688 (cooldown active, search 0 ms)
2026-07-23 14:46:40 [woodcutting] FindFilledBlock: found at 1310,688 (51x51 0x008B07 tol=5, 16 ms)
2026-07-23 14:46:40 [woodcutting] Tracking stable target at 1310,688 (cooldown active, search 16 ms)
2026-07-23 14:46:40 [woodcutting] FindFilledBlock: found at 1310,688 (51x51 0x008B07 tol=5, 0 ms)
2026-07-23 14:46:40 [woodcutting] Tracking stable target at 1310,688 (cooldown active, search 0 ms)
2026-07-23 14:46:40 [woodcutting] FindFilledBlock: found at 1310,688 (51x51 0x008B07 tol=5, 0 ms)
2026-07-23 14:46:40 [woodcutting] Tracking stable target at 1310,688 (cooldown active, search 0 ms)
2026-07-23 14:46:40 [woodcutting] FindFilledBlock: found at 1310,688 (51x51 0x008B07 tol=5, 16 ms)
2026-07-23 14:46:40 [woodcutting] Clicked STABLE target at 1310,688 (search 16 ms)
2026-07-23 14:46:40 [woodcutting] ReleasePendingModifiersNow: released Ctrl
2026-07-23 14:46:40 [woodcutting] FindFilledBlock: found at 1348,694 (51x51 0x008B07 tol=5, 0 ms)
2026-07-23 14:46:40 [woodcutting] Tracking not-yet-stable target at 1348,694 (search 0 ms)
2026-07-23 14:46:41 [woodcutting] FindFilledBlock: found at 1310,688 (51x51 0x008B07 tol=5, 15 ms)
2026-07-23 14:46:41 [woodcutting] Tracking not-yet-stable target at 1310,688 (search 15 ms)
2026-07-23 14:46:41 [woodcutting] FindFilledBlock: found at 1310,688 (51x51 0x008B07 tol=5, 16 ms)
2026-07-23 14:46:41 [woodcutting] Tracking not-yet-stable target at 1310,688 (search 16 ms)
2026-07-23 14:46:41 [woodcutting] FindFilledBlock: found at 1310,688 (51x51 0x008B07 tol=5, 16 ms)
2026-07-23 14:46:41 [woodcutting] Tracking stable target at 1310,688 (cooldown active, search 16 ms)
2026-07-23 14:46:41 [woodcutting] FindFilledBlock: found at 1310,688 (51x51 0x008B07 tol=5, 16 ms)
2026-07-23 14:46:41 [woodcutting] Tracking stable target at 1310,688 (cooldown active, search 16 ms)
2026-07-23 14:46:41 [woodcutting] FindFilledBlock: found at 1310,688 (51x51 0x008B07 tol=5, 16 ms)
2026-07-23 14:46:41 [woodcutting] Tracking stable target at 1310,688 (cooldown active, search 16 ms)
2026-07-23 14:46:41 [woodcutting] FindFilledBlock: found at 1310,688 (51x51 0x008B07 tol=5, 15 ms)
2026-07-23 14:46:41 [woodcutting] Tracking stable target at 1310,688 (cooldown active, search 15 ms)
2026-07-23 14:46:42 [woodcutting] FindFilledBlock: found at 1310,688 (51x51 0x008B07 tol=5, 16 ms)
2026-07-23 14:46:42 [woodcutting] Tracking stable target at 1310,688 (cooldown active, search 16 ms)
2026-07-23 14:46:42 [woodcutting] FindFilledBlock: found at 1310,688 (51x51 0x008B07 tol=5, 0 ms)
2026-07-23 14:46:42 [woodcutting] Clicked STABLE target at 1310,688 (search 0 ms)
2026-07-23 14:46:42 [woodcutting] ReleasePendingModifiersNow: released Ctrl
2026-07-23 14:46:42 [woodcutting] FindFilledBlock: found at 1348,694 (51x51 0x008B07 tol=5, 15 ms)
2026-07-23 14:46:42 [woodcutting] Tracking not-yet-stable target at 1348,694 (search 15 ms)
2026-07-23 14:46:42 [woodcutting] FindFilledBlock: found at 1348,694 (51x51 0x008B07 tol=5, 0 ms)
2026-07-23 14:46:42 [woodcutting] Tracking not-yet-stable target at 1348,694 (search 0 ms)
2026-07-23 14:46:42 [woodcutting] FindFilledBlock: found at 1310,688 (51x51 0x008B07 tol=5, 16 ms)
2026-07-23 14:46:42 [woodcutting] Tracking not-yet-stable target at 1310,688 (search 16 ms)
2026-07-23 14:46:43 [woodcutting] FindFilledBlock: found at 1310,688 (51x51 0x008B07 tol=5, 16 ms)
2026-07-23 14:46:43 [woodcutting] Tracking not-yet-stable target at 1310,688 (search 16 ms)
2026-07-23 14:46:43 [woodcutting] FindFilledBlock: found at 1310,688 (51x51 0x008B07 tol=5, 16 ms)
2026-07-23 14:46:43 [woodcutting] Tracking stable target at 1310,688 (cooldown active, search 16 ms)
2026-07-23 14:46:43 [woodcutting] FindFilledBlock: found at 1310,688 (51x51 0x008B07 tol=5, 15 ms)
2026-07-23 14:46:43 [woodcutting] Tracking stable target at 1310,688 (cooldown active, search 15 ms)
2026-07-23 14:46:43 [woodcutting] FindFilledBlock: found at 1310,688 (51x51 0x008B07 tol=5, 16 ms)
2026-07-23 14:46:43 [woodcutting] Tracking stable target at 1310,688 (cooldown active, search 16 ms)
2026-07-23 14:46:43 [woodcutting] FindFilledBlock: found at 1310,688 (51x51 0x008B07 tol=5, 16 ms)
2026-07-23 14:46:43 [woodcutting] Tracking stable target at 1310,688 (cooldown active, search 16 ms)
2026-07-23 14:46:43 [woodcutting] FindFilledBlock: found at 1310,688 (51x51 0x008B07 tol=5, 16 ms)
2026-07-23 14:46:44 [woodcutting] Clicked STABLE target at 1310,688 (search 16 ms)
2026-07-23 14:46:44 [woodcutting] ReleasePendingModifiersNow: released Ctrl
2026-07-23 14:46:44 [woodcutting] FindFilledBlock: found at 1348,694 (51x51 0x008B07 tol=5, 16 ms)
2026-07-23 14:46:44 [woodcutting] Tracking not-yet-stable target at 1348,694 (search 16 ms)
2026-07-23 14:46:44 [woodcutting] FindFilledBlock: found at 1348,694 (51x51 0x008B07 tol=5, 0 ms)
2026-07-23 14:46:44 [woodcutting] Tracking not-yet-stable target at 1348,694 (search 0 ms)
2026-07-23 14:46:44 [woodcutting] FindFilledBlock: found at 1310,688 (51x51 0x008B07 tol=5, 16 ms)
2026-07-23 14:46:44 [woodcutting] Tracking not-yet-stable target at 1310,688 (search 16 ms)
2026-07-23 14:46:44 [woodcutting] FindFilledBlock: found at 1310,688 (51x51 0x008B07 tol=5, 0 ms)
2026-07-23 14:46:44 [woodcutting] Tracking not-yet-stable target at 1310,688 (search 0 ms)
2026-07-23 14:46:44 [woodcutting] FindFilledBlock: found at 1310,688 (51x51 0x008B07 tol=5, 16 ms)
2026-07-23 14:46:44 [woodcutting] Tracking stable target at 1310,688 (cooldown active, search 16 ms)
2026-07-23 14:46:45 [woodcutting] FindFilledBlock: found at 1310,688 (51x51 0x008B07 tol=5, 16 ms)
2026-07-23 14:46:45 [woodcutting] Tracking stable target at 1310,688 (cooldown active, search 16 ms)
2026-07-23 14:46:45 [woodcutting] FindFilledBlock: found at 1310,688 (51x51 0x008B07 tol=5, 16 ms)
2026-07-23 14:46:45 [woodcutting] Tracking stable target at 1310,688 (cooldown active, search 16 ms)
2026-07-23 14:46:45 [woodcutting] FindFilledBlock: found at 1310,688 (51x51 0x008B07 tol=5, 15 ms)
2026-07-23 14:46:45 [woodcutting] Tracking stable target at 1310,688 (cooldown active, search 15 ms)
2026-07-23 14:46:45 [woodcutting] FindFilledBlock: found at 1310,688 (51x51 0x008B07 tol=5, 15 ms)
2026-07-23 14:46:45 [woodcutting] Clicked STABLE target at 1310,688 (search 15 ms)
2026-07-23 14:46:45 [woodcutting] ReleasePendingModifiersNow: released Ctrl
2026-07-23 14:46:45 [woodcutting] FindFilledBlock: found at 1348,694 (51x51 0x008B07 tol=5, 15 ms)
2026-07-23 14:46:45 [woodcutting] Tracking not-yet-stable target at 1348,694 (search 15 ms)
2026-07-23 14:46:46 [woodcutting] FindFilledBlock: found at 1348,694 (51x51 0x008B07 tol=5, 16 ms)
2026-07-23 14:46:46 [woodcutting] Tracking not-yet-stable target at 1348,694 (search 16 ms)
2026-07-23 14:46:46 [woodcutting] FindFilledBlock: found at 1310,688 (51x51 0x008B07 tol=5, 15 ms)
2026-07-23 14:46:46 [woodcutting] Tracking not-yet-stable target at 1310,688 (search 15 ms)
2026-07-23 14:46:46 [woodcutting] FindFilledBlock: found at 1310,688 (51x51 0x008B07 tol=5, 16 ms)
2026-07-23 14:46:46 [woodcutting] Tracking not-yet-stable target at 1310,688 (search 16 ms)
2026-07-23 14:46:46 [woodcutting] FindFilledBlock: found at 1310,688 (51x51 0x008B07 tol=5, 16 ms)
2026-07-23 14:46:46 [woodcutting] Tracking stable target at 1310,688 (cooldown active, search 16 ms)
2026-07-23 14:46:46 [woodcutting] FindFilledBlock: found at 1310,688 (51x51 0x008B07 tol=5, 16 ms)
2026-07-23 14:46:46 [woodcutting] Tracking stable target at 1310,688 (cooldown active, search 16 ms)
2026-07-23 14:46:46 [woodcutting] FindFilledBlock: found at 1310,688 (51x51 0x008B07 tol=5, 15 ms)
2026-07-23 14:46:46 [woodcutting] Tracking stable target at 1310,688 (cooldown active, search 15 ms)
2026-07-23 14:46:47 [woodcutting] FindFilledBlock: found at 1310,688 (51x51 0x008B07 tol=5, 16 ms)
2026-07-23 14:46:47 [woodcutting] Tracking stable target at 1310,688 (cooldown active, search 16 ms)
2026-07-23 14:46:47 [woodcutting] FindFilledBlock: found at 1310,688 (51x51 0x008B07 tol=5, 16 ms)
2026-07-23 14:46:47 [woodcutting] Clicked STABLE target at 1310,688 (search 16 ms)
2026-07-23 14:46:47 [woodcutting] ReleasePendingModifiersNow: released Ctrl
2026-07-23 14:46:47 [woodcutting] FindFilledBlock: found at 1348,694 (51x51 0x008B07 tol=5, 0 ms)
2026-07-23 14:46:47 [woodcutting] Tracking not-yet-stable target at 1348,694 (search 0 ms)
2026-07-23 14:46:47 [woodcutting] FindFilledBlock: found at 1348,694 (51x51 0x008B07 tol=5, 16 ms)
2026-07-23 14:46:47 [woodcutting] Tracking not-yet-stable target at 1348,694 (search 16 ms)
2026-07-23 14:46:47 [woodcutting] FindFilledBlock: found at 1310,688 (51x51 0x008B07 tol=5, 0 ms)
2026-07-23 14:46:47 [woodcutting] Tracking not-yet-stable target at 1310,688 (search 0 ms)
2026-07-23 14:46:48 [woodcutting] FindFilledBlock: found at 1310,688 (51x51 0x008B07 tol=5, 16 ms)
2026-07-23 14:46:48 [woodcutting] Tracking not-yet-stable target at 1310,688 (search 16 ms)
2026-07-23 14:46:48 [woodcutting] FindFilledBlock: found at 1310,688 (51x51 0x008B07 tol=5, 0 ms)
2026-07-23 14:46:48 [woodcutting] Tracking stable target at 1310,688 (cooldown active, search 0 ms)
2026-07-23 14:46:48 [woodcutting] FindFilledBlock: found at 1310,688 (51x51 0x008B07 tol=5, 16 ms)
2026-07-23 14:46:48 [woodcutting] Tracking stable target at 1310,688 (cooldown active, search 16 ms)
2026-07-23 14:46:48 [woodcutting] FindFilledBlock: found at 1310,688 (51x51 0x008B07 tol=5, 0 ms)
2026-07-23 14:46:48 [woodcutting] Tracking stable target at 1310,688 (cooldown active, search 0 ms)
2026-07-23 14:46:48 [woodcutting] FindFilledBlock: found at 1310,688 (51x51 0x008B07 tol=5, 0 ms)
2026-07-23 14:46:48 [woodcutting] Tracking stable target at 1310,688 (cooldown active, search 0 ms)
2026-07-23 14:46:48 [woodcutting] FindFilledBlock: found at 1310,688 (51x51 0x008B07 tol=5, 15 ms)
2026-07-23 14:46:48 [woodcutting] Clicked STABLE target at 1310,688 (search 15 ms)
2026-07-23 14:46:49 [woodcutting] ReleasePendingModifiersNow: released Ctrl
2026-07-23 14:46:49 [woodcutting] FindFilledBlock: found at 1348,694 (51x51 0x008B07 tol=5, 16 ms)
2026-07-23 14:46:49 [woodcutting] Tracking not-yet-stable target at 1348,694 (search 16 ms)
2026-07-23 14:46:49 [woodcutting] FindFilledBlock: found at 1310,688 (51x51 0x008B07 tol=5, 16 ms)
2026-07-23 14:46:49 [woodcutting] Tracking not-yet-stable target at 1310,688 (search 16 ms)
2026-07-23 14:46:49 [woodcutting] FindFilledBlock: found at 1310,688 (51x51 0x008B07 tol=5, 15 ms)
2026-07-23 14:46:49 [woodcutting] Tracking not-yet-stable target at 1310,688 (search 15 ms)
2026-07-23 14:46:49 [woodcutting] FindFilledBlock: found at 1310,688 (51x51 0x008B07 tol=5, 15 ms)
2026-07-23 14:46:49 [woodcutting] Tracking stable target at 1310,688 (cooldown active, search 15 ms)
2026-07-23 14:46:49 [woodcutting] FindFilledBlock: found at 1310,688 (51x51 0x008B07 tol=5, 16 ms)
2026-07-23 14:46:49 [woodcutting] Tracking stable target at 1310,688 (cooldown active, search 16 ms)
2026-07-23 14:46:50 [woodcutting] FindFilledBlock: found at 1310,688 (51x51 0x008B07 tol=5, 16 ms)
2026-07-23 14:46:50 [woodcutting] Tracking stable target at 1310,688 (cooldown active, search 16 ms)
2026-07-23 14:46:50 [woodcutting] FindFilledBlock: found at 1310,688 (51x51 0x008B07 tol=5, 15 ms)
2026-07-23 14:46:50 [woodcutting] Tracking stable target at 1310,688 (cooldown active, search 15 ms)
2026-07-23 14:46:50 [woodcutting] FindFilledBlock: found at 1310,688 (51x51 0x008B07 tol=5, 15 ms)
2026-07-23 14:46:50 [woodcutting] Tracking stable target at 1310,688 (cooldown active, search 15 ms)
2026-07-23 14:46:50 [woodcutting] FindFilledBlock: found at 1310,688 (51x51 0x008B07 tol=5, 16 ms)
2026-07-23 14:46:50 [woodcutting] Clicked STABLE target at 1310,688 (search 16 ms)
2026-07-23 14:46:50 [woodcutting] ReleasePendingModifiersNow: released Ctrl
2026-07-23 14:46:50 [woodcutting] FindFilledBlock: found at 1348,694 (51x51 0x008B07 tol=5, 16 ms)
2026-07-23 14:46:50 [woodcutting] Tracking not-yet-stable target at 1348,694 (search 16 ms)
2026-07-23 14:46:51 [woodcutting] FindFilledBlock: found at 1348,694 (51x51 0x008B07 tol=5, 0 ms)
2026-07-23 14:46:51 [woodcutting] Tracking not-yet-stable target at 1348,694 (search 0 ms)
2026-07-23 14:46:51 [woodcutting] FindFilledBlock: found at 1310,688 (51x51 0x008B07 tol=5, 0 ms)
2026-07-23 14:46:51 [woodcutting] Tracking not-yet-stable target at 1310,688 (search 0 ms)
2026-07-23 14:46:51 [woodcutting] FindFilledBlock: found at 1310,688 (51x51 0x008B07 tol=5, 0 ms)
2026-07-23 14:46:51 [woodcutting] Tracking not-yet-stable target at 1310,688 (search 0 ms)
2026-07-23 14:46:51 [woodcutting] FindFilledBlock: found at 1310,688 (51x51 0x008B07 tol=5, 16 ms)
2026-07-23 14:46:51 [woodcutting] Tracking stable target at 1310,688 (cooldown active, search 16 ms)
2026-07-23 14:46:51 [woodcutting] FindFilledBlock: found at 1310,688 (51x51 0x008B07 tol=5, 0 ms)
2026-07-23 14:46:51 [woodcutting] Tracking stable target at 1310,688 (cooldown active, search 0 ms)
2026-07-23 14:46:51 [woodcutting] FindFilledBlock: found at 1310,688 (51x51 0x008B07 tol=5, 0 ms)
2026-07-23 14:46:51 [woodcutting] Tracking stable target at 1310,688 (cooldown active, search 0 ms)
2026-07-23 14:46:51 [woodcutting] FindFilledBlock: found at 1310,688 (51x51 0x008B07 tol=5, 0 ms)
2026-07-23 14:46:51 [woodcutting] Tracking stable target at 1310,688 (cooldown active, search 0 ms)
2026-07-23 14:46:52 [woodcutting] FindFilledBlock: found at 1310,688 (51x51 0x008B07 tol=5, 0 ms)
2026-07-23 14:46:52 [woodcutting] Tracking stable target at 1310,688 (cooldown active, search 0 ms)
2026-07-23 14:46:52 [woodcutting] FindFilledBlock: found at 1310,688 (51x51 0x008B07 tol=5, 0 ms)
2026-07-23 14:46:52 [woodcutting] Clicked STABLE target at 1310,688 (search 0 ms)
2026-07-23 14:46:52 [woodcutting] ReleasePendingModifiersNow: released Ctrl
2026-07-23 14:46:52 [woodcutting] FindFilledBlock: found at 1348,694 (51x51 0x008B07 tol=5, 16 ms)
2026-07-23 14:46:52 [woodcutting] Tracking not-yet-stable target at 1348,694 (search 16 ms)
2026-07-23 14:46:52 [woodcutting] FindFilledBlock: found at 1348,694 (51x51 0x008B07 tol=5, 0 ms)
2026-07-23 14:46:52 [woodcutting] Tracking not-yet-stable target at 1348,694 (search 0 ms)
2026-07-23 14:46:52 [woodcutting] FindFilledBlock: found at 1310,688 (51x51 0x008B07 tol=5, 15 ms)
2026-07-23 14:46:52 [woodcutting] Tracking not-yet-stable target at 1310,688 (search 15 ms)
2026-07-23 14:46:53 [woodcutting] FindFilledBlock: found at 1310,688 (51x51 0x008B07 tol=5, 15 ms)
2026-07-23 14:46:53 [woodcutting] Tracking not-yet-stable target at 1310,688 (search 15 ms)
2026-07-23 14:46:53 [woodcutting] FindFilledBlock: found at 1310,688 (51x51 0x008B07 tol=5, 16 ms)
2026-07-23 14:46:53 [woodcutting] Tracking stable target at 1310,688 (cooldown active, search 16 ms)
2026-07-23 14:46:53 [woodcutting] FindFilledBlock: found at 1310,688 (51x51 0x008B07 tol=5, 0 ms)
2026-07-23 14:46:53 [woodcutting] Tracking stable target at 1310,688 (cooldown active, search 0 ms)
2026-07-23 14:46:53 [woodcutting] FindFilledBlock: found at 1310,688 (51x51 0x008B07 tol=5, 16 ms)
2026-07-23 14:46:53 [woodcutting] Tracking stable target at 1310,688 (cooldown active, search 16 ms)
2026-07-23 14:46:53 [woodcutting] FindFilledBlock: found at 1310,688 (51x51 0x008B07 tol=5, 15 ms)
2026-07-23 14:46:53 [woodcutting] Tracking stable target at 1310,688 (cooldown active, search 15 ms)
2026-07-23 14:46:53 [woodcutting] FindFilledBlock: found at 1310,688 (51x51 0x008B07 tol=5, 15 ms)
2026-07-23 14:46:54 [woodcutting] Clicked STABLE target at 1310,688 (search 15 ms)
2026-07-23 14:46:54 [woodcutting] ReleasePendingModifiersNow: released Ctrl
2026-07-23 14:46:54 [woodcutting] FindFilledBlock: found at 1348,694 (51x51 0x008B07 tol=5, 15 ms)
2026-07-23 14:46:54 [woodcutting] Tracking not-yet-stable target at 1348,694 (search 15 ms)
2026-07-23 14:46:54 [woodcutting] FindFilledBlock: found at 1310,688 (51x51 0x008B07 tol=5, 15 ms)
2026-07-23 14:46:54 [woodcutting] Tracking not-yet-stable target at 1310,688 (search 15 ms)
2026-07-23 14:46:54 [woodcutting] FindFilledBlock: found at 1310,688 (51x51 0x008B07 tol=5, 16 ms)
2026-07-23 14:46:54 [woodcutting] Tracking not-yet-stable target at 1310,688 (search 16 ms)
2026-07-23 14:46:54 [woodcutting] FindFilledBlock: found at 1310,688 (51x51 0x008B07 tol=5, 0 ms)
2026-07-23 14:46:54 [woodcutting] Tracking stable target at 1310,688 (cooldown active, search 0 ms)
2026-07-23 14:46:54 [woodcutting] FindFilledBlock: found at 1310,688 (51x51 0x008B07 tol=5, 16 ms)
2026-07-23 14:46:54 [woodcutting] Tracking stable target at 1310,688 (cooldown active, search 16 ms)
2026-07-23 14:46:55 [woodcutting] FindFilledBlock: found at 1310,688 (51x51 0x008B07 tol=5, 0 ms)
2026-07-23 14:46:55 [woodcutting] Tracking stable target at 1310,688 (cooldown active, search 0 ms)
2026-07-23 14:46:55 [woodcutting] FindFilledBlock: found at 1310,688 (51x51 0x008B07 tol=5, 0 ms)
2026-07-23 14:46:55 [woodcutting] Tracking stable target at 1310,688 (cooldown active, search 0 ms)
2026-07-23 14:46:55 [woodcutting] FindFilledBlock: found at 1310,688 (51x51 0x008B07 tol=5, 0 ms)
2026-07-23 14:46:55 [woodcutting] Tracking stable target at 1310,688 (cooldown active, search 0 ms)
2026-07-23 14:46:55 [woodcutting] FindFilledBlock: found at 1310,688 (51x51 0x008B07 tol=5, 0 ms)
2026-07-23 14:46:55 [woodcutting] Clicked STABLE target at 1310,688 (search 0 ms)
2026-07-23 14:46:55 [woodcutting] ReleasePendingModifiersNow: released Ctrl
2026-07-23 14:46:56 [woodcutting] FindFilledBlock: found at 1348,694 (51x51 0x008B07 tol=5, 0 ms)
2026-07-23 14:46:56 [woodcutting] Tracking not-yet-stable target at 1348,694 (search 0 ms)
2026-07-23 14:46:56 [woodcutting] FindFilledBlock: found at 1348,694 (51x51 0x008B07 tol=5, 16 ms)
2026-07-23 14:46:56 [woodcutting] Tracking not-yet-stable target at 1348,694 (search 16 ms)
2026-07-23 14:46:56 [woodcutting] FindFilledBlock: found at 1310,688 (51x51 0x008B07 tol=5, 16 ms)
2026-07-23 14:46:56 [woodcutting] Tracking not-yet-stable target at 1310,688 (search 16 ms)
2026-07-23 14:46:56 [woodcutting] FindFilledBlock: found at 1310,688 (51x51 0x008B07 tol=5, 16 ms)
2026-07-23 14:46:56 [woodcutting] Tracking not-yet-stable target at 1310,688 (search 16 ms)
2026-07-23 14:46:56 [woodcutting] FindFilledBlock: found at 1310,688 (51x51 0x008B07 tol=5, 16 ms)
2026-07-23 14:46:56 [woodcutting] Tracking stable target at 1310,688 (cooldown active, search 16 ms)
2026-07-23 14:46:56 [woodcutting] FindFilledBlock: found at 1310,688 (51x51 0x008B07 tol=5, 0 ms)
2026-07-23 14:46:56 [woodcutting] Tracking stable target at 1310,688 (cooldown active, search 0 ms)
2026-07-23 14:46:56 [woodcutting] FindFilledBlock: found at 1310,688 (51x51 0x008B07 tol=5, 15 ms)
2026-07-23 14:46:56 [woodcutting] Tracking stable target at 1310,688 (cooldown active, search 15 ms)
2026-07-23 14:46:57 [woodcutting] FindFilledBlock: found at 1310,688 (51x51 0x008B07 tol=5, 16 ms)
2026-07-23 14:46:57 [woodcutting] Tracking stable target at 1310,688 (cooldown active, search 16 ms)
2026-07-23 14:46:57 [woodcutting] FindFilledBlock: found at 1310,688 (51x51 0x008B07 tol=5, 0 ms)
2026-07-23 14:46:57 [woodcutting] Clicked STABLE target at 1310,688 (search 16 ms)
2026-07-23 14:46:57 [woodcutting] ReleasePendingModifiersNow: released Ctrl
2026-07-23 14:46:57 [woodcutting] FindFilledBlock: found at 1348,694 (51x51 0x008B07 tol=5, 16 ms)
2026-07-23 14:46:57 [woodcutting] Tracking not-yet-stable target at 1348,694 (search 16 ms)
2026-07-23 14:46:57 [woodcutting] FindFilledBlock: found at 1310,688 (51x51 0x008B07 tol=5, 16 ms)
2026-07-23 14:46:57 [woodcutting] Tracking not-yet-stable target at 1310,688 (search 16 ms)
2026-07-23 14:46:58 [woodcutting] FindFilledBlock: found at 1310,688 (51x51 0x008B07 tol=5, 16 ms)
2026-07-23 14:46:58 [woodcutting] Tracking not-yet-stable target at 1310,688 (search 16 ms)
2026-07-23 14:46:58 [woodcutting] FindFilledBlock: found at 1310,688 (51x51 0x008B07 tol=5, 16 ms)
2026-07-23 14:46:58 [woodcutting] Tracking stable target at 1310,688 (cooldown active, search 16 ms)
2026-07-23 14:46:58 [woodcutting] FindFilledBlock: found at 1310,688 (51x51 0x008B07 tol=5, 15 ms)
2026-07-23 14:46:58 [woodcutting] Tracking stable target at 1310,688 (cooldown active, search 15 ms)
2026-07-23 14:46:58 [woodcutting] FindFilledBlock: found at 1310,688 (51x51 0x008B07 tol=5, 0 ms)
2026-07-23 14:46:58 [woodcutting] Tracking stable target at 1310,688 (cooldown active, search 0 ms)
2026-07-23 14:46:58 [woodcutting] FindFilledBlock: found at 1310,688 (51x51 0x008B07 tol=5, 16 ms)
2026-07-23 14:46:58 [woodcutting] Tracking stable target at 1310,688 (cooldown active, search 16 ms)
2026-07-23 14:46:58 [woodcutting] FindFilledBlock: found at 1310,688 (51x51 0x008B07 tol=5, 0 ms)
2026-07-23 14:46:58 [woodcutting] Tracking stable target at 1310,688 (cooldown active, search 0 ms)
2026-07-23 14:46:58 [woodcutting] FindFilledBlock: found at 1310,688 (51x51 0x008B07 tol=5, 0 ms)
2026-07-23 14:46:59 [woodcutting] Clicked STABLE target at 1310,688 (search 16 ms)
2026-07-23 14:46:59 [woodcutting] ReleasePendingModifiersNow: released Ctrl
2026-07-23 14:46:59 [woodcutting] FindFilledBlock: found at 1348,694 (51x51 0x008B07 tol=5, 0 ms)
2026-07-23 14:46:59 [woodcutting] Tracking not-yet-stable target at 1348,694 (search 0 ms)
2026-07-23 14:46:59 [woodcutting] FindFilledBlock: found at 1348,694 (51x51 0x008B07 tol=5, 16 ms)
2026-07-23 14:46:59 [woodcutting] Tracking not-yet-stable target at 1348,694 (search 16 ms)
2026-07-23 14:46:59 [woodcutting] FindFilledBlock: found at 1310,688 (51x51 0x008B07 tol=5, 16 ms)
2026-07-23 14:46:59 [woodcutting] Tracking not-yet-stable target at 1310,688 (search 16 ms)
2026-07-23 14:46:59 [woodcutting] FindFilledBlock: found at 1310,688 (51x51 0x008B07 tol=5, 0 ms)
2026-07-23 14:46:59 [woodcutting] Tracking not-yet-stable target at 1310,688 (search 0 ms)
2026-07-23 14:47:00 [woodcutting] FindFilledBlock: found at 1310,688 (51x51 0x008B07 tol=5, 16 ms)
2026-07-23 14:47:00 [woodcutting] Tracking stable target at 1310,688 (cooldown active, search 16 ms)
2026-07-23 14:47:00 [woodcutting] FindFilledBlock: found at 1310,688 (51x51 0x008B07 tol=5, 16 ms)
2026-07-23 14:47:00 [woodcutting] Tracking stable target at 1310,688 (cooldown active, search 16 ms)
2026-07-23 14:47:00 [woodcutting] FindFilledBlock: found at 1310,688 (51x51 0x008B07 tol=5, 16 ms)
2026-07-23 14:47:00 [woodcutting] Tracking stable target at 1310,688 (cooldown active, search 16 ms)
2026-07-23 14:47:00 [woodcutting] FindFilledBlock: found at 1310,688 (51x51 0x008B07 tol=5, 16 ms)
2026-07-23 14:47:00 [woodcutting] Tracking stable target at 1310,688 (cooldown active, search 16 ms)
2026-07-23 14:47:00 [woodcutting] FindFilledBlock: found at 1310,688 (51x51 0x008B07 tol=5, 15 ms)
2026-07-23 14:47:00 [woodcutting] Clicked STABLE target at 1310,688 (search 15 ms)
2026-07-23 14:47:00 [woodcutting] ReleasePendingModifiersNow: released Ctrl
2026-07-23 14:47:01 [woodcutting] FindFilledBlock: found at 1348,694 (51x51 0x008B07 tol=5, 15 ms)
2026-07-23 14:47:01 [woodcutting] Tracking not-yet-stable target at 1348,694 (search 15 ms)
2026-07-23 14:47:01 [woodcutting] FindFilledBlock: found at 1348,694 (51x51 0x008B07 tol=5, 16 ms)
2026-07-23 14:47:01 [woodcutting] Tracking not-yet-stable target at 1348,694 (search 16 ms)
2026-07-23 14:47:01 [woodcutting] FindFilledBlock: found at 1310,688 (51x51 0x008B07 tol=5, 0 ms)
2026-07-23 14:47:01 [woodcutting] Tracking not-yet-stable target at 1310,688 (search 0 ms)
2026-07-23 14:47:01 [woodcutting] FindFilledBlock: found at 1310,688 (51x51 0x008B07 tol=5, 16 ms)
2026-07-23 14:47:01 [woodcutting] Tracking not-yet-stable target at 1310,688 (search 16 ms)
2026-07-23 14:47:01 [woodcutting] FindFilledBlock: found at 1310,688 (51x51 0x008B07 tol=5, 0 ms)
2026-07-23 14:47:01 [woodcutting] Tracking stable target at 1310,688 (cooldown active, search 0 ms)
2026-07-23 14:47:01 [woodcutting] FindFilledBlock: found at 1310,688 (51x51 0x008B07 tol=5, 0 ms)
2026-07-23 14:47:01 [woodcutting] Tracking stable target at 1310,688 (cooldown active, search 0 ms)
2026-07-23 14:47:01 [woodcutting] FindFilledBlock: found at 1310,688 (51x51 0x008B07 tol=5, 15 ms)
2026-07-23 14:47:01 [woodcutting] Tracking stable target at 1310,688 (cooldown active, search 15 ms)
2026-07-23 14:47:02 [woodcutting] FindFilledBlock: found at 1310,688 (51x51 0x008B07 tol=5, 0 ms)
2026-07-23 14:47:02 [woodcutting] Tracking stable target at 1310,688 (cooldown active, search 0 ms)
2026-07-23 14:47:02 [woodcutting] FindFilledBlock: found at 1310,688 (51x51 0x008B07 tol=5, 16 ms)
2026-07-23 14:47:02 [woodcutting] Clicked STABLE target at 1310,688 (search 16 ms)
2026-07-23 14:47:02 [woodcutting] ReleasePendingModifiersNow: released Ctrl
2026-07-23 14:47:02 [woodcutting] FindFilledBlock: found at 1348,694 (51x51 0x008B07 tol=5, 16 ms)
2026-07-23 14:47:02 [woodcutting] Tracking not-yet-stable target at 1348,694 (search 16 ms)
2026-07-23 14:47:02 [woodcutting] FindFilledBlock: found at 1310,688 (51x51 0x008B07 tol=5, 16 ms)
2026-07-23 14:47:02 [woodcutting] Tracking not-yet-stable target at 1310,688 (search 16 ms)
2026-07-23 14:47:03 [woodcutting] FindFilledBlock: found at 1310,688 (51x51 0x008B07 tol=5, 0 ms)
2026-07-23 14:47:03 [woodcutting] Tracking not-yet-stable target at 1310,688 (search 0 ms)
2026-07-23 14:47:03 [woodcutting] FindFilledBlock: found at 1310,688 (51x51 0x008B07 tol=5, 16 ms)
2026-07-23 14:47:03 [woodcutting] Tracking stable target at 1310,688 (cooldown active, search 16 ms)
2026-07-23 14:47:03 [woodcutting] FindFilledBlock: found at 1310,688 (51x51 0x008B07 tol=5, 0 ms)
2026-07-23 14:47:03 [woodcutting] Tracking stable target at 1310,688 (cooldown active, search 0 ms)
2026-07-23 14:47:03 [woodcutting] FindFilledBlock: found at 1310,688 (51x51 0x008B07 tol=5, 16 ms)
2026-07-23 14:47:03 [woodcutting] Tracking stable target at 1310,688 (cooldown active, search 16 ms)
2026-07-23 14:47:03 [woodcutting] FindFilledBlock: found at 1310,688 (51x51 0x008B07 tol=5, 16 ms)
2026-07-23 14:47:03 [woodcutting] Tracking stable target at 1310,688 (cooldown active, search 16 ms)
2026-07-23 14:47:03 [woodcutting] FindFilledBlock: found at 1310,688 (51x51 0x008B07 tol=5, 0 ms)
2026-07-23 14:47:03 [woodcutting] Tracking stable target at 1310,688 (cooldown active, search 0 ms)
2026-07-23 14:47:03 [woodcutting] FindFilledBlock: found at 1310,688 (51x51 0x008B07 tol=5, 0 ms)
2026-07-23 14:47:04 [woodcutting] Clicked STABLE target at 1310,688 (search 0 ms)
2026-07-23 14:47:04 [woodcutting] ReleasePendingModifiersNow: released Ctrl
2026-07-23 14:47:04 [woodcutting] FindFilledBlock: found at 1348,694 (51x51 0x008B07 tol=5, 15 ms)
2026-07-23 14:47:04 [woodcutting] Tracking not-yet-stable target at 1348,694 (search 15 ms)
2026-07-23 14:47:04 [woodcutting] FindFilledBlock: found at 1348,694 (51x51 0x008B07 tol=5, 16 ms)
2026-07-23 14:47:04 [woodcutting] Tracking not-yet-stable target at 1348,694 (search 16 ms)
2026-07-23 14:47:04 [woodcutting] FindFilledBlock: found at 1310,688 (51x51 0x008B07 tol=5, 16 ms)
2026-07-23 14:47:04 [woodcutting] Tracking not-yet-stable target at 1310,688 (search 16 ms)
2026-07-23 14:47:04 [woodcutting] FindFilledBlock: found at 1310,688 (51x51 0x008B07 tol=5, 16 ms)
2026-07-23 14:47:04 [woodcutting] Tracking not-yet-stable target at 1310,688 (search 16 ms)
2026-07-23 14:47:04 [woodcutting] FindFilledBlock: found at 1310,688 (51x51 0x008B07 tol=5, 0 ms)
2026-07-23 14:47:04 [woodcutting] Tracking stable target at 1310,688 (cooldown active, search 0 ms)
2026-07-23 14:47:05 [woodcutting] FindFilledBlock: found at 1310,688 (51x51 0x008B07 tol=5, 16 ms)
2026-07-23 14:47:05 [woodcutting] Tracking stable target at 1310,688 (cooldown active, search 16 ms)
2026-07-23 14:47:05 [woodcutting] FindFilledBlock: found at 1310,688 (51x51 0x008B07 tol=5, 0 ms)
2026-07-23 14:47:05 [woodcutting] Tracking stable target at 1310,688 (cooldown active, search 0 ms)
2026-07-23 14:47:05 [woodcutting] FindFilledBlock: found at 1310,688 (51x51 0x008B07 tol=5, 16 ms)
2026-07-23 14:47:05 [woodcutting] Tracking stable target at 1310,688 (cooldown active, search 16 ms)
2026-07-23 14:47:05 [woodcutting] FindFilledBlock: found at 1310,688 (51x51 0x008B07 tol=5, 0 ms)
2026-07-23 14:47:05 [woodcutting] Tracking stable target at 1310,688 (cooldown active, search 0 ms)
2026-07-23 14:47:05 [woodcutting] FindFilledBlock: found at 1310,688 (51x51 0x008B07 tol=5, 0 ms)
2026-07-23 14:47:05 [woodcutting] Clicked STABLE target at 1310,688 (search 0 ms)
2026-07-23 14:47:05 [woodcutting] ReleasePendingModifiersNow: released Ctrl
2026-07-23 14:47:06 [woodcutting] FindFilledBlock: found at 1348,694 (51x51 0x008B07 tol=5, 0 ms)
2026-07-23 14:47:06 [woodcutting] Tracking not-yet-stable target at 1348,694 (search 0 ms)
2026-07-23 14:47:06 [woodcutting] FindFilledBlock: found at 1310,688 (51x51 0x008B07 tol=5, 16 ms)
2026-07-23 14:47:06 [woodcutting] Tracking not-yet-stable target at 1310,688 (search 16 ms)
2026-07-23 14:47:06 [woodcutting] FindFilledBlock: found at 1310,688 (51x51 0x008B07 tol=5, 15 ms)
2026-07-23 14:47:06 [woodcutting] Tracking not-yet-stable target at 1310,688 (search 15 ms)
2026-07-23 14:47:06 [woodcutting] FindFilledBlock: found at 1310,688 (51x51 0x008B07 tol=5, 16 ms)
2026-07-23 14:47:06 [woodcutting] Tracking stable target at 1310,688 (cooldown active, search 16 ms)
2026-07-23 14:47:06 [woodcutting] FindFilledBlock: found at 1310,688 (51x51 0x008B07 tol=5, 15 ms)
2026-07-23 14:47:06 [woodcutting] Tracking stable target at 1310,688 (cooldown active, search 15 ms)
2026-07-23 14:47:06 [woodcutting] FindFilledBlock: found at 1310,688 (51x51 0x008B07 tol=5, 16 ms)
2026-07-23 14:47:06 [woodcutting] Tracking stable target at 1310,688 (cooldown active, search 16 ms)
2026-07-23 14:47:07 [woodcutting] FindFilledBlock: found at 1310,688 (51x51 0x008B07 tol=5, 15 ms)
2026-07-23 14:47:07 [woodcutting] Tracking stable target at 1310,688 (cooldown active, search 15 ms)
2026-07-23 14:47:07 [woodcutting] FindFilledBlock: found at 1310,688 (51x51 0x008B07 tol=5, 16 ms)
2026-07-23 14:47:07 [woodcutting] Tracking stable target at 1310,688 (cooldown active, search 16 ms)
2026-07-23 14:47:07 [woodcutting] FindFilledBlock: found at 1310,688 (51x51 0x008B07 tol=5, 16 ms)
2026-07-23 14:47:07 [woodcutting] Tracking stable target at 1310,688 (cooldown active, search 16 ms)
2026-07-23 14:47:07 [woodcutting] FindFilledBlock: found at 1310,688 (51x51 0x008B07 tol=5, 0 ms)
2026-07-23 14:47:07 [woodcutting] Clicked STABLE target at 1310,688 (search 0 ms)
2026-07-23 14:47:07 [woodcutting] ReleasePendingModifiersNow: released Ctrl
2026-07-23 14:47:07 [woodcutting] FindFilledBlock: found at 1348,694 (51x51 0x008B07 tol=5, 0 ms)
2026-07-23 14:47:07 [woodcutting] Tracking not-yet-stable target at 1348,694 (search 0 ms)
2026-07-23 14:47:08 [woodcutting] FindFilledBlock: found at 1348,694 (51x51 0x008B07 tol=5, 0 ms)
2026-07-23 14:47:08 [woodcutting] Tracking not-yet-stable target at 1348,694 (search 0 ms)
2026-07-23 14:47:08 [woodcutting] FindFilledBlock: found at 1310,688 (51x51 0x008B07 tol=5, 15 ms)
2026-07-23 14:47:08 [woodcutting] Tracking not-yet-stable target at 1310,688 (search 15 ms)
2026-07-23 14:47:08 [woodcutting] FindFilledBlock: found at 1310,688 (51x51 0x008B07 tol=5, 0 ms)
2026-07-23 14:47:08 [woodcutting] Tracking not-yet-stable target at 1310,688 (search 0 ms)
2026-07-23 14:47:08 [woodcutting] FindFilledBlock: found at 1310,688 (51x51 0x008B07 tol=5, 16 ms)
2026-07-23 14:47:08 [woodcutting] Tracking stable target at 1310,688 (cooldown active, search 16 ms)
2026-07-23 14:47:08 [woodcutting] FindFilledBlock: found at 1310,688 (51x51 0x008B07 tol=5, 0 ms)
2026-07-23 14:47:08 [woodcutting] Tracking stable target at 1310,688 (cooldown active, search 0 ms)
2026-07-23 14:47:08 [woodcutting] FindFilledBlock: found at 1310,688 (51x51 0x008B07 tol=5, 15 ms)
2026-07-23 14:47:08 [woodcutting] Tracking stable target at 1310,688 (cooldown active, search 15 ms)
2026-07-23 14:47:09 [woodcutting] FindFilledBlock: found at 1310,688 (51x51 0x008B07 tol=5, 16 ms)
2026-07-23 14:47:09 [woodcutting] Tracking stable target at 1310,688 (cooldown active, search 16 ms)
2026-07-23 14:47:09 [woodcutting] FindFilledBlock: found at 1310,688 (51x51 0x008B07 tol=5, 15 ms)
2026-07-23 14:47:09 [woodcutting] Clicked STABLE target at 1310,688 (search 15 ms)
2026-07-23 14:47:09 [woodcutting] ReleasePendingModifiersNow: released Ctrl
2026-07-23 14:47:09 [woodcutting] FindFilledBlock: found at 1348,694 (51x51 0x008B07 tol=5, 15 ms)
2026-07-23 14:47:09 [woodcutting] Tracking not-yet-stable target at 1348,694 (search 15 ms)
2026-07-23 14:47:09 [woodcutting] FindFilledBlock: found at 1348,694 (51x51 0x008B07 tol=5, 16 ms)
2026-07-23 14:47:09 [woodcutting] Tracking not-yet-stable target at 1348,694 (search 16 ms)
2026-07-23 14:47:09 [woodcutting] FindFilledBlock: found at 1310,688 (51x51 0x008B07 tol=5, 0 ms)
2026-07-23 14:47:09 [woodcutting] Tracking not-yet-stable target at 1310,688 (search 0 ms)
2026-07-23 14:47:09 [woodcutting] FindFilledBlock: found at 1310,688 (51x51 0x008B07 tol=5, 0 ms)
2026-07-23 14:47:10 [woodcutting] Tracking not-yet-stable target at 1310,688 (search 16 ms)
2026-07-23 14:47:10 [woodcutting] FindFilledBlock: found at 1310,688 (51x51 0x008B07 tol=5, 0 ms)
2026-07-23 14:47:10 [woodcutting] Tracking stable target at 1310,688 (cooldown active, search 0 ms)
2026-07-23 14:47:10 [woodcutting] FindFilledBlock: found at 1310,688 (51x51 0x008B07 tol=5, 0 ms)
2026-07-23 14:47:10 [woodcutting] Tracking stable target at 1310,688 (cooldown active, search 0 ms)
2026-07-23 14:47:10 [woodcutting] FindFilledBlock: found at 1310,688 (51x51 0x008B07 tol=5, 0 ms)
2026-07-23 14:47:10 [woodcutting] Tracking stable target at 1310,688 (cooldown active, search 0 ms)
2026-07-23 14:47:10 [woodcutting] FindFilledBlock: found at 1310,688 (51x51 0x008B07 tol=5, 0 ms)
2026-07-23 14:47:10 [woodcutting] Tracking stable target at 1310,688 (cooldown active, search 0 ms)
2026-07-23 14:47:10 [woodcutting] FindFilledBlock: found at 1310,688 (51x51 0x008B07 tol=5, 15 ms)
2026-07-23 14:47:10 [woodcutting] Clicked STABLE target at 1310,688 (search 15 ms)
2026-07-23 14:47:11 [woodcutting] ReleasePendingModifiersNow: released Ctrl
2026-07-23 14:47:11 [woodcutting] FindFilledBlock: found at 1348,694 (51x51 0x008B07 tol=5, 0 ms)
2026-07-23 14:47:11 [woodcutting] Tracking not-yet-stable target at 1348,694 (search 0 ms)
2026-07-23 14:47:11 [woodcutting] FindFilledBlock: found at 1348,694 (51x51 0x008B07 tol=5, 0 ms)
2026-07-23 14:47:11 [woodcutting] Tracking not-yet-stable target at 1348,694 (search 0 ms)
2026-07-23 14:47:11 [woodcutting] FindFilledBlock: found at 1310,688 (51x51 0x008B07 tol=5, 15 ms)
2026-07-23 14:47:11 [woodcutting] Tracking not-yet-stable target at 1310,688 (search 15 ms)
2026-07-23 14:47:11 [woodcutting] FindFilledBlock: found at 1310,688 (51x51 0x008B07 tol=5, 16 ms)
2026-07-23 14:47:11 [woodcutting] Tracking not-yet-stable target at 1310,688 (search 16 ms)
2026-07-23 14:47:11 [woodcutting] FindFilledBlock: found at 1310,688 (51x51 0x008B07 tol=5, 15 ms)
2026-07-23 14:47:11 [woodcutting] Tracking stable target at 1310,688 (cooldown active, search 15 ms)
2026-07-23 14:47:11 [woodcutting] FindFilledBlock: found at 1310,688 (51x51 0x008B07 tol=5, 15 ms)
2026-07-23 14:47:11 [woodcutting] Tracking stable target at 1310,688 (cooldown active, search 15 ms)
2026-07-23 14:47:12 [woodcutting] FindFilledBlock: found at 1310,688 (51x51 0x008B07 tol=5, 16 ms)
2026-07-23 14:47:12 [woodcutting] Tracking stable target at 1310,688 (cooldown active, search 16 ms)
2026-07-23 14:47:12 [woodcutting] FindFilledBlock: found at 1310,688 (51x51 0x008B07 tol=5, 0 ms)
2026-07-23 14:47:12 [woodcutting] Tracking stable target at 1310,688 (cooldown active, search 0 ms)
2026-07-23 14:47:12 [woodcutting] FindFilledBlock: found at 1310,688 (51x51 0x008B07 tol=5, 0 ms)
2026-07-23 14:47:12 [woodcutting] Clicked STABLE target at 1310,688 (search 0 ms)
2026-07-23 14:47:12 [woodcutting] ReleasePendingModifiersNow: released Ctrl
2026-07-23 14:47:12 [woodcutting] FindFilledBlock: found at 1348,694 (51x51 0x008B07 tol=5, 0 ms)
2026-07-23 14:47:12 [woodcutting] Tracking not-yet-stable target at 1348,694 (search 0 ms)
2026-07-23 14:47:12 [woodcutting] FindFilledBlock: found at 1310,688 (51x51 0x008B07 tol=5, 16 ms)
2026-07-23 14:47:12 [woodcutting] Tracking not-yet-stable target at 1310,688 (search 16 ms)
2026-07-23 14:47:13 [woodcutting] FindFilledBlock: found at 1310,688 (51x51 0x008B07 tol=5, 15 ms)
2026-07-23 14:47:13 [woodcutting] Tracking not-yet-stable target at 1310,688 (search 15 ms)
2026-07-23 14:47:13 [woodcutting] FindFilledBlock: found at 1310,688 (51x51 0x008B07 tol=5, 0 ms)
2026-07-23 14:47:13 [woodcutting] Tracking stable target at 1310,688 (cooldown active, search 0 ms)
2026-07-23 14:47:13 [woodcutting] FindFilledBlock: found at 1310,688 (51x51 0x008B07 tol=5, 15 ms)
2026-07-23 14:47:13 [woodcutting] Tracking stable target at 1310,688 (cooldown active, search 15 ms)
2026-07-23 14:47:13 [woodcutting] FindFilledBlock: found at 1310,688 (51x51 0x008B07 tol=5, 0 ms)
2026-07-23 14:47:13 [woodcutting] Tracking stable target at 1310,688 (cooldown active, search 0 ms)
2026-07-23 14:47:13 [woodcutting] FindFilledBlock: found at 1310,688 (51x51 0x008B07 tol=5, 16 ms)
2026-07-23 14:47:13 [woodcutting] Tracking stable target at 1310,688 (cooldown active, search 16 ms)
2026-07-23 14:47:13 [woodcutting] FindFilledBlock: found at 1310,688 (51x51 0x008B07 tol=5, 16 ms)
2026-07-23 14:47:13 [woodcutting] Tracking stable target at 1310,688 (cooldown active, search 16 ms)
2026-07-23 14:47:14 [woodcutting] FindFilledBlock: found at 1310,688 (51x51 0x008B07 tol=5, 16 ms)
2026-07-23 14:47:14 [woodcutting] Clicked STABLE target at 1310,688 (search 16 ms)
2026-07-23 14:47:14 [woodcutting] ReleasePendingModifiersNow: released Ctrl
2026-07-23 14:47:14 [woodcutting] FindFilledBlock: found at 1348,694 (51x51 0x008B07 tol=5, 16 ms)
2026-07-23 14:47:14 [woodcutting] Tracking not-yet-stable target at 1348,694 (search 16 ms)
2026-07-23 14:47:14 [woodcutting] FindFilledBlock: found at 1348,694 (51x51 0x008B07 tol=5, 16 ms)
2026-07-23 14:47:14 [woodcutting] Tracking not-yet-stable target at 1348,694 (search 16 ms)
2026-07-23 14:47:14 [woodcutting] FindFilledBlock: found at 1310,688 (51x51 0x008B07 tol=5, 15 ms)
2026-07-23 14:47:14 [woodcutting] Tracking not-yet-stable target at 1310,688 (search 15 ms)
2026-07-23 14:47:14 [woodcutting] FindFilledBlock: found at 1310,688 (51x51 0x008B07 tol=5, 15 ms)
2026-07-23 14:47:14 [woodcutting] Tracking not-yet-stable target at 1310,688 (search 15 ms)
2026-07-23 14:47:15 [woodcutting] FindFilledBlock: found at 1310,688 (51x51 0x008B07 tol=5, 15 ms)
2026-07-23 14:47:15 [woodcutting] Tracking stable target at 1310,688 (cooldown active, search 15 ms)
2026-07-23 14:47:15 [woodcutting] FindFilledBlock: found at 1310,688 (51x51 0x008B07 tol=5, 16 ms)
2026-07-23 14:47:15 [woodcutting] Tracking stable target at 1310,688 (cooldown active, search 16 ms)
2026-07-23 14:47:15 [woodcutting] FindFilledBlock: found at 1310,688 (51x51 0x008B07 tol=5, 0 ms)
2026-07-23 14:47:15 [woodcutting] Tracking stable target at 1310,688 (cooldown active, search 0 ms)
2026-07-23 14:47:15 [woodcutting] FindFilledBlock: found at 1310,688 (51x51 0x008B07 tol=5, 16 ms)
2026-07-23 14:47:15 [woodcutting] Tracking stable target at 1310,688 (cooldown active, search 16 ms)
2026-07-23 14:47:15 [woodcutting] FindFilledBlock: found at 1310,688 (51x51 0x008B07 tol=5, 0 ms)
2026-07-23 14:47:15 [woodcutting] Tracking stable target at 1310,688 (cooldown active, search 0 ms)
2026-07-23 14:47:15 [woodcutting] FindFilledBlock: found at 1310,688 (51x51 0x008B07 tol=5, 16 ms)
2026-07-23 14:47:16 [woodcutting] Clicked STABLE target at 1310,688 (search 16 ms)
2026-07-23 14:47:16 [woodcutting] ReleasePendingModifiersNow: released Ctrl
2026-07-23 14:47:16 [woodcutting] FindFilledBlock: found at 1348,694 (51x51 0x008B07 tol=5, 16 ms)
2026-07-23 14:47:16 [woodcutting] Tracking not-yet-stable target at 1348,694 (search 16 ms)
2026-07-23 14:47:16 [woodcutting] FindFilledBlock: found at 1348,694 (51x51 0x008B07 tol=5, 0 ms)
2026-07-23 14:47:16 [woodcutting] Tracking not-yet-stable target at 1348,694 (search 0 ms)
2026-07-23 14:47:16 [woodcutting] FindFilledBlock: found at 1310,688 (51x51 0x008B07 tol=5, 15 ms)
2026-07-23 14:47:16 [woodcutting] Tracking not-yet-stable target at 1310,688 (search 15 ms)
2026-07-23 14:47:16 [woodcutting] FindFilledBlock: found at 1310,688 (51x51 0x008B07 tol=5, 0 ms)
2026-07-23 14:47:16 [woodcutting] Tracking not-yet-stable target at 1310,688 (search 0 ms)
2026-07-23 14:47:16 [woodcutting] FindFilledBlock: found at 1310,688 (51x51 0x008B07 tol=5, 16 ms)
2026-07-23 14:47:16 [woodcutting] Tracking stable target at 1310,688 (cooldown active, search 16 ms)
2026-07-23 14:47:17 [woodcutting] FindFilledBlock: found at 1310,688 (51x51 0x008B07 tol=5, 0 ms)
2026-07-23 14:47:17 [woodcutting] Tracking stable target at 1310,688 (cooldown active, search 0 ms)
2026-07-23 14:47:17 [woodcutting] FindFilledBlock: found at 1310,688 (51x51 0x008B07 tol=5, 0 ms)
2026-07-23 14:47:17 [woodcutting] Tracking stable target at 1310,688 (cooldown active, search 0 ms)
2026-07-23 14:47:17 [woodcutting] FindFilledBlock: found at 1310,688 (51x51 0x008B07 tol=5, 0 ms)
2026-07-23 14:47:17 [woodcutting] Tracking stable target at 1310,688 (cooldown active, search 0 ms)
2026-07-23 14:47:17 [woodcutting] FindFilledBlock: found at 1310,688 (51x51 0x008B07 tol=5, 0 ms)
2026-07-23 14:47:17 [woodcutting] Clicked STABLE target at 1310,688 (search 0 ms)
2026-07-23 14:47:17 [woodcutting] ReleasePendingModifiersNow: released Ctrl
2026-07-23 14:47:17 [woodcutting] FindFilledBlock: found at 1348,694 (51x51 0x008B07 tol=5, 0 ms)
2026-07-23 14:47:17 [woodcutting] Tracking not-yet-stable target at 1348,694 (search 0 ms)
2026-07-23 14:47:18 [woodcutting] FindFilledBlock: found at 1348,694 (51x51 0x008B07 tol=5, 0 ms)
2026-07-23 14:47:18 [woodcutting] Tracking not-yet-stable target at 1348,694 (search 16 ms)
2026-07-23 14:47:18 [woodcutting] FindFilledBlock: found at 1310,688 (51x51 0x008B07 tol=5, 15 ms)
2026-07-23 14:47:18 [woodcutting] Tracking not-yet-stable target at 1310,688 (search 15 ms)
2026-07-23 14:47:18 [woodcutting] FindFilledBlock: found at 1310,688 (51x51 0x008B07 tol=5, 16 ms)
2026-07-23 14:47:18 [woodcutting] Tracking not-yet-stable target at 1310,688 (search 16 ms)
2026-07-23 14:47:18 [woodcutting] FindFilledBlock: found at 1310,688 (51x51 0x008B07 tol=5, 15 ms)
2026-07-23 14:47:18 [woodcutting] Tracking stable target at 1310,688 (cooldown active, search 15 ms)
2026-07-23 14:47:18 [woodcutting] FindFilledBlock: found at 1310,688 (51x51 0x008B07 tol=5, 16 ms)
2026-07-23 14:47:18 [woodcutting] Tracking stable target at 1310,688 (cooldown active, search 16 ms)
2026-07-23 14:47:18 [woodcutting] FindFilledBlock: found at 1310,688 (51x51 0x008B07 tol=5, 16 ms)
2026-07-23 14:47:18 [woodcutting] Tracking stable target at 1310,688 (cooldown active, search 16 ms)
2026-07-23 14:47:19 [woodcutting] FindFilledBlock: found at 1310,688 (51x51 0x008B07 tol=5, 15 ms)
2026-07-23 14:47:19 [woodcutting] Tracking stable target at 1310,688 (cooldown active, search 15 ms)
2026-07-23 14:47:19 [woodcutting] FindFilledBlock: found at 1310,688 (51x51 0x008B07 tol=5, 16 ms)
2026-07-23 14:47:19 [woodcutting] Clicked STABLE target at 1310,688 (search 16 ms)
2026-07-23 14:47:19 [woodcutting] ReleasePendingModifiersNow: released Ctrl
2026-07-23 14:47:19 [woodcutting] FindFilledBlock: found at 1348,694 (51x51 0x008B07 tol=5, 15 ms)
2026-07-23 14:47:19 [woodcutting] Tracking not-yet-stable target at 1348,694 (search 15 ms)
2026-07-23 14:47:19 [woodcutting] FindFilledBlock: found at 1310,688 (51x51 0x008B07 tol=5, 0 ms)
2026-07-23 14:47:19 [woodcutting] Tracking not-yet-stable target at 1310,688 (search 0 ms)
2026-07-23 14:47:19 [woodcutting] FindFilledBlock: found at 1310,688 (51x51 0x008B07 tol=5, 15 ms)
2026-07-23 14:47:19 [woodcutting] Tracking not-yet-stable target at 1310,688 (search 15 ms)
2026-07-23 14:47:20 [woodcutting] FindFilledBlock: found at 1310,688 (51x51 0x008B07 tol=5, 16 ms)
2026-07-23 14:47:20 [woodcutting] Tracking stable target at 1310,688 (cooldown active, search 16 ms)
2026-07-23 14:47:20 [woodcutting] FindFilledBlock: found at 1310,688 (51x51 0x008B07 tol=5, 16 ms)
2026-07-23 14:47:20 [woodcutting] Tracking stable target at 1310,688 (cooldown active, search 16 ms)
2026-07-23 14:47:20 [woodcutting] FindFilledBlock: found at 1310,688 (51x51 0x008B07 tol=5, 16 ms)
2026-07-23 14:47:20 [woodcutting] Tracking stable target at 1310,688 (cooldown active, search 16 ms)
2026-07-23 14:47:20 [woodcutting] FindFilledBlock: found at 1310,688 (51x51 0x008B07 tol=5, 16 ms)
2026-07-23 14:47:20 [woodcutting] Tracking stable target at 1310,688 (cooldown active, search 16 ms)
2026-07-23 14:47:20 [woodcutting] FindFilledBlock: found at 1310,688 (51x51 0x008B07 tol=5, 0 ms)
2026-07-23 14:47:20 [woodcutting] Tracking stable target at 1310,688 (cooldown active, search 0 ms)
2026-07-23 14:47:20 [woodcutting] FindFilledBlock: found at 1310,688 (51x51 0x008B07 tol=5, 16 ms)
2026-07-23 14:47:21 [woodcutting] Clicked STABLE target at 1310,688 (search 16 ms)
2026-07-23 14:47:21 [woodcutting] ReleasePendingModifiersNow: released Ctrl
2026-07-23 14:47:21 [woodcutting] FindFilledBlock: found at 1348,694 (51x51 0x008B07 tol=5, 0 ms)
2026-07-23 14:47:21 [woodcutting] Tracking not-yet-stable target at 1348,694 (search 0 ms)
2026-07-23 14:47:21 [woodcutting] FindFilledBlock: found at 1348,694 (51x51 0x008B07 tol=5, 0 ms)
2026-07-23 14:47:21 [woodcutting] Tracking not-yet-stable target at 1348,694 (search 0 ms)
2026-07-23 14:47:21 [woodcutting] FindFilledBlock: found at 1310,688 (51x51 0x008B07 tol=5, 0 ms)
2026-07-23 14:47:21 [woodcutting] Tracking not-yet-stable target at 1310,688 (search 0 ms)
2026-07-23 14:47:21 [woodcutting] FindFilledBlock: found at 1310,688 (51x51 0x008B07 tol=5, 0 ms)
2026-07-23 14:47:21 [woodcutting] Tracking not-yet-stable target at 1310,688 (search 0 ms)
2026-07-23 14:47:21 [woodcutting] FindFilledBlock: found at 1310,688 (51x51 0x008B07 tol=5, 0 ms)
2026-07-23 14:47:21 [woodcutting] Tracking stable target at 1310,688 (cooldown active, search 0 ms)
2026-07-23 14:47:22 [woodcutting] FindFilledBlock: found at 1310,688 (51x51 0x008B07 tol=5, 0 ms)
2026-07-23 14:47:22 [woodcutting] Tracking stable target at 1310,688 (cooldown active, search 0 ms)
2026-07-23 14:47:22 [woodcutting] FindFilledBlock: found at 1310,688 (51x51 0x008B07 tol=5, 0 ms)
2026-07-23 14:47:22 [woodcutting] Tracking stable target at 1310,688 (cooldown active, search 0 ms)
2026-07-23 14:47:22 [woodcutting] FindFilledBlock: found at 1310,688 (51x51 0x008B07 tol=5, 0 ms)
2026-07-23 14:47:22 [woodcutting] Tracking stable target at 1310,688 (cooldown active, search 0 ms)
2026-07-23 14:47:22 [woodcutting] FindFilledBlock: found at 1310,688 (51x51 0x008B07 tol=5, 0 ms)
2026-07-23 14:47:22 [woodcutting] Clicked STABLE target at 1310,688 (search 0 ms)
2026-07-23 14:47:22 [woodcutting] ReleasePendingModifiersNow: released Ctrl
2026-07-23 14:47:22 [woodcutting] FindFilledBlock: found at 1348,694 (51x51 0x008B07 tol=5, 0 ms)
2026-07-23 14:47:22 [woodcutting] Tracking not-yet-stable target at 1348,694 (search 0 ms)
2026-07-23 14:47:23 [woodcutting] FindFilledBlock: found at 1348,694 (51x51 0x008B07 tol=5, 16 ms)
2026-07-23 14:47:23 [woodcutting] Tracking not-yet-stable target at 1348,694 (search 16 ms)
2026-07-23 14:47:23 [woodcutting] FindFilledBlock: found at 1310,688 (51x51 0x008B07 tol=5, 15 ms)
2026-07-23 14:47:23 [woodcutting] Tracking not-yet-stable target at 1310,688 (search 15 ms)
2026-07-23 14:47:23 [woodcutting] FindFilledBlock: found at 1310,688 (51x51 0x008B07 tol=5, 0 ms)
2026-07-23 14:47:23 [woodcutting] Tracking not-yet-stable target at 1310,688 (search 0 ms)
2026-07-23 14:47:23 [woodcutting] FindFilledBlock: found at 1310,688 (51x51 0x008B07 tol=5, 15 ms)
2026-07-23 14:47:23 [woodcutting] Tracking stable target at 1310,688 (cooldown active, search 15 ms)
2026-07-23 14:47:23 [woodcutting] FindFilledBlock: found at 1310,688 (51x51 0x008B07 tol=5, 16 ms)
2026-07-23 14:47:23 [woodcutting] Tracking stable target at 1310,688 (cooldown active, search 16 ms)
2026-07-23 14:47:23 [woodcutting] FindFilledBlock: found at 1310,688 (51x51 0x008B07 tol=5, 16 ms)
2026-07-23 14:47:23 [woodcutting] Tracking stable target at 1310,688 (cooldown active, search 16 ms)
2026-07-23 14:47:24 [woodcutting] FindFilledBlock: found at 1310,688 (51x51 0x008B07 tol=5, 16 ms)
2026-07-23 14:47:24 [woodcutting] Tracking stable target at 1310,688 (cooldown active, search 16 ms)
2026-07-23 14:47:24 [woodcutting] FindFilledBlock: found at 1310,688 (51x51 0x008B07 tol=5, 15 ms)
2026-07-23 14:47:24 [woodcutting] Clicked STABLE target at 1310,688 (search 15 ms)
2026-07-23 14:47:24 [woodcutting] ReleasePendingModifiersNow: released Ctrl
2026-07-23 14:47:24 [woodcutting] FindFilledBlock: found at 1348,694 (51x51 0x008B07 tol=5, 0 ms)
2026-07-23 14:47:24 [woodcutting] Tracking not-yet-stable target at 1348,694 (search 0 ms)
2026-07-23 14:47:24 [woodcutting] FindFilledBlock: found at 1348,694 (51x51 0x008B07 tol=5, 0 ms)
2026-07-23 14:47:24 [woodcutting] Tracking not-yet-stable target at 1348,694 (search 0 ms)
2026-07-23 14:47:24 [woodcutting] FindFilledBlock: found at 1310,688 (51x51 0x008B07 tol=5, 16 ms)
2026-07-23 14:47:24 [woodcutting] Tracking not-yet-stable target at 1310,688 (search 16 ms)
2026-07-23 14:47:25 [woodcutting] FindFilledBlock: found at 1310,688 (51x51 0x008B07 tol=5, 0 ms)
2026-07-23 14:47:25 [woodcutting] Tracking not-yet-stable target at 1310,688 (search 0 ms)
2026-07-23 14:47:25 [woodcutting] FindFilledBlock: found at 1310,688 (51x51 0x008B07 tol=5, 15 ms)
2026-07-23 14:47:25 [woodcutting] Tracking stable target at 1310,688 (cooldown active, search 15 ms)
2026-07-23 14:47:25 [woodcutting] FindFilledBlock: found at 1310,688 (51x51 0x008B07 tol=5, 0 ms)
2026-07-23 14:47:25 [woodcutting] Tracking stable target at 1310,688 (cooldown active, search 0 ms)
2026-07-23 14:47:25 [woodcutting] FindFilledBlock: found at 1310,688 (51x51 0x008B07 tol=5, 0 ms)
2026-07-23 14:47:25 [woodcutting] Tracking stable target at 1310,688 (cooldown active, search 0 ms)
2026-07-23 14:47:25 [woodcutting] FindFilledBlock: found at 1310,688 (51x51 0x008B07 tol=5, 0 ms)
2026-07-23 14:47:25 [woodcutting] Tracking stable target at 1310,688 (cooldown active, search 0 ms)
2026-07-23 14:47:25 [woodcutting] FindFilledBlock: found at 1310,688 (51x51 0x008B07 tol=5, 0 ms)
2026-07-23 14:47:26 [woodcutting] Clicked STABLE target at 1310,688 (search 0 ms)
2026-07-23 14:47:26 [woodcutting] ReleasePendingModifiersNow: released Ctrl
2026-07-23 14:47:26 [woodcutting] FindFilledBlock: found at 1348,694 (51x51 0x008B07 tol=5, 16 ms)
2026-07-23 14:47:26 [woodcutting] Tracking not-yet-stable target at 1348,694 (search 16 ms)
2026-07-23 14:47:26 [woodcutting] FindFilledBlock: found at 1348,694 (51x51 0x008B07 tol=5, 0 ms)
2026-07-23 14:47:26 [woodcutting] Tracking not-yet-stable target at 1348,694 (search 0 ms)
2026-07-23 14:47:26 [woodcutting] FindFilledBlock: found at 1310,688 (51x51 0x008B07 tol=5, 15 ms)
2026-07-23 14:47:26 [woodcutting] Tracking not-yet-stable target at 1310,688 (search 15 ms)
2026-07-23 14:47:26 [woodcutting] FindFilledBlock: found at 1310,688 (51x51 0x008B07 tol=5, 16 ms)
2026-07-23 14:47:26 [woodcutting] Tracking not-yet-stable target at 1310,688 (search 16 ms)
2026-07-23 14:47:26 [woodcutting] FindFilledBlock: found at 1310,688 (51x51 0x008B07 tol=5, 0 ms)
2026-07-23 14:47:26 [woodcutting] Tracking stable target at 1310,688 (cooldown active, search 16 ms)
2026-07-23 14:47:27 [woodcutting] FindFilledBlock: found at 1310,688 (51x51 0x008B07 tol=5, 0 ms)
2026-07-23 14:47:27 [woodcutting] Tracking stable target at 1310,688 (cooldown active, search 0 ms)
2026-07-23 14:47:27 [woodcutting] FindFilledBlock: found at 1310,688 (51x51 0x008B07 tol=5, 16 ms)
2026-07-23 14:47:27 [woodcutting] Tracking stable target at 1310,688 (cooldown active, search 16 ms)
2026-07-23 14:47:27 [woodcutting] FindFilledBlock: found at 1310,688 (51x51 0x008B07 tol=5, 15 ms)
2026-07-23 14:47:27 [woodcutting] Tracking stable target at 1310,688 (cooldown active, search 15 ms)
2026-07-23 14:47:27 [woodcutting] FindFilledBlock: found at 1310,688 (51x51 0x008B07 tol=5, 16 ms)
2026-07-23 14:47:27 [woodcutting] Clicked STABLE target at 1310,688 (search 16 ms)
2026-07-23 14:47:27 [woodcutting] ReleasePendingModifiersNow: released Ctrl
2026-07-23 14:47:27 [woodcutting] FindFilledBlock: found at 1348,694 (51x51 0x008B07 tol=5, 16 ms)
2026-07-23 14:47:27 [woodcutting] Tracking not-yet-stable target at 1348,694 (search 16 ms)
2026-07-23 14:47:28 [woodcutting] FindFilledBlock: found at 1348,694 (51x51 0x008B07 tol=5, 16 ms)
2026-07-23 14:47:28 [woodcutting] Tracking not-yet-stable target at 1348,694 (search 16 ms)
2026-07-23 14:47:28 [woodcutting] FindFilledBlock: found at 1310,688 (51x51 0x008B07 tol=5, 16 ms)
2026-07-23 14:47:28 [woodcutting] Tracking not-yet-stable target at 1310,688 (search 16 ms)
2026-07-23 14:47:28 [woodcutting] FindFilledBlock: found at 1310,688 (51x51 0x008B07 tol=5, 15 ms)
2026-07-23 14:47:28 [woodcutting] Tracking not-yet-stable target at 1310,688 (search 15 ms)
2026-07-23 14:47:28 [woodcutting] FindFilledBlock: found at 1310,688 (51x51 0x008B07 tol=5, 16 ms)
2026-07-23 14:47:28 [woodcutting] Tracking stable target at 1310,688 (cooldown active, search 16 ms)
2026-07-23 14:47:28 [woodcutting] FindFilledBlock: found at 1310,688 (51x51 0x008B07 tol=5, 16 ms)
2026-07-23 14:47:28 [woodcutting] Tracking stable target at 1310,688 (cooldown active, search 16 ms)
2026-07-23 14:47:28 [woodcutting] FindFilledBlock: found at 1310,688 (51x51 0x008B07 tol=5, 0 ms)
2026-07-23 14:47:28 [woodcutting] Tracking stable target at 1310,688 (cooldown active, search 0 ms)
2026-07-23 14:47:29 [woodcutting] FindFilledBlock: found at 1310,688 (51x51 0x008B07 tol=5, 0 ms)
2026-07-23 14:47:29 [woodcutting] Tracking stable target at 1310,688 (cooldown active, search 0 ms)
2026-07-23 14:47:29 [woodcutting] FindFilledBlock: found at 1310,688 (51x51 0x008B07 tol=5, 0 ms)
2026-07-23 14:47:29 [woodcutting] Clicked STABLE target at 1310,688 (search 0 ms)
2026-07-23 14:47:29 [woodcutting] ReleasePendingModifiersNow: released Ctrl
2026-07-23 14:47:29 [woodcutting] FindFilledBlock: found at 1348,694 (51x51 0x008B07 tol=5, 16 ms)
2026-07-23 14:47:29 [woodcutting] Tracking not-yet-stable target at 1348,694 (search 16 ms)
2026-07-23 14:47:29 [woodcutting] FindFilledBlock: found at 1310,688 (51x51 0x008B07 tol=5, 16 ms)
2026-07-23 14:47:29 [woodcutting] Tracking not-yet-stable target at 1310,688 (search 16 ms)
2026-07-23 14:47:29 [woodcutting] FindFilledBlock: found at 1310,688 (51x51 0x008B07 tol=5, 16 ms)
2026-07-23 14:47:29 [woodcutting] Tracking not-yet-stable target at 1310,688 (search 16 ms)
2026-07-23 14:47:30 [woodcutting] FindFilledBlock: found at 1310,688 (51x51 0x008B07 tol=5, 15 ms)
2026-07-23 14:47:30 [woodcutting] Tracking stable target at 1310,688 (cooldown active, search 15 ms)
2026-07-23 14:47:30 [woodcutting] FindFilledBlock: found at 1310,688 (51x51 0x008B07 tol=5, 15 ms)
2026-07-23 14:47:30 [woodcutting] Tracking stable target at 1310,688 (cooldown active, search 15 ms)
2026-07-23 14:47:30 [woodcutting] FindFilledBlock: found at 1310,688 (51x51 0x008B07 tol=5, 16 ms)
2026-07-23 14:47:30 [woodcutting] Tracking stable target at 1310,688 (cooldown active, search 16 ms)
2026-07-23 14:47:30 [woodcutting] FindFilledBlock: found at 1310,688 (51x51 0x008B07 tol=5, 16 ms)
2026-07-23 14:47:30 [woodcutting] Tracking stable target at 1310,688 (cooldown active, search 16 ms)
2026-07-23 14:47:30 [woodcutting] FindFilledBlock: found at 1310,688 (51x51 0x008B07 tol=5, 15 ms)
2026-07-23 14:47:30 [woodcutting] Tracking stable target at 1310,688 (cooldown active, search 15 ms)
2026-07-23 14:47:30 [woodcutting] FindFilledBlock: found at 1310,688 (51x51 0x008B07 tol=5, 15 ms)
2026-07-23 14:47:30 [woodcutting] Clicked STABLE target at 1310,688 (search 15 ms)
2026-07-23 14:47:31 [woodcutting] ReleasePendingModifiersNow: released Ctrl
2026-07-23 14:47:31 [woodcutting] FindFilledBlock: found at 1348,694 (51x51 0x008B07 tol=5, 16 ms)
2026-07-23 14:47:31 [woodcutting] Tracking not-yet-stable target at 1348,694 (search 16 ms)
2026-07-23 14:47:31 [woodcutting] FindFilledBlock: found at 1348,694 (51x51 0x008B07 tol=5, 0 ms)
2026-07-23 14:47:31 [woodcutting] Tracking not-yet-stable target at 1348,694 (search 0 ms)
2026-07-23 14:47:31 [woodcutting] FindFilledBlock: found at 1310,688 (51x51 0x008B07 tol=5, 0 ms)
2026-07-23 14:47:31 [woodcutting] Tracking not-yet-stable target at 1310,688 (search 0 ms)
2026-07-23 14:47:31 [woodcutting] FindFilledBlock: found at 1310,688 (51x51 0x008B07 tol=5, 15 ms)
2026-07-23 14:47:31 [woodcutting] Tracking not-yet-stable target at 1310,688 (search 15 ms)
2026-07-23 14:47:31 [woodcutting] FindFilledBlock: found at 1310,688 (51x51 0x008B07 tol=5, 0 ms)
2026-07-23 14:47:31 [woodcutting] Tracking stable target at 1310,688 (cooldown active, search 0 ms)
2026-07-23 14:47:32 [woodcutting] FindFilledBlock: found at 1310,688 (51x51 0x008B07 tol=5, 16 ms)
2026-07-23 14:47:32 [woodcutting] Tracking stable target at 1310,688 (cooldown active, search 16 ms)
2026-07-23 14:47:32 [woodcutting] FindFilledBlock: found at 1310,688 (51x51 0x008B07 tol=5, 0 ms)
2026-07-23 14:47:32 [woodcutting] Tracking stable target at 1310,688 (cooldown active, search 0 ms)
2026-07-23 14:47:32 [woodcutting] FindFilledBlock: found at 1310,688 (51x51 0x008B07 tol=5, 15 ms)
2026-07-23 14:47:32 [woodcutting] Tracking stable target at 1310,688 (cooldown active, search 15 ms)
2026-07-23 14:47:32 [woodcutting] FindFilledBlock: found at 1310,688 (51x51 0x008B07 tol=5, 16 ms)
2026-07-23 14:47:32 [woodcutting] Clicked STABLE target at 1310,688 (search 16 ms)
2026-07-23 14:47:32 [woodcutting] ReleasePendingModifiersNow: released Ctrl
2026-07-23 14:47:32 [woodcutting] FindFilledBlock: found at 1348,694 (51x51 0x008B07 tol=5, 15 ms)
2026-07-23 14:47:32 [woodcutting] Tracking not-yet-stable target at 1348,694 (search 15 ms)
2026-07-23 14:47:33 [woodcutting] FindFilledBlock: found at 1348,694 (51x51 0x008B07 tol=5, 0 ms)
2026-07-23 14:47:33 [woodcutting] Tracking not-yet-stable target at 1348,694 (search 0 ms)
2026-07-23 14:47:33 [woodcutting] FindFilledBlock: found at 1310,688 (51x51 0x008B07 tol=5, 15 ms)
2026-07-23 14:47:33 [woodcutting] Tracking not-yet-stable target at 1310,688 (search 15 ms)
2026-07-23 14:47:33 [woodcutting] FindFilledBlock: found at 1310,688 (51x51 0x008B07 tol=5, 16 ms)
2026-07-23 14:47:33 [woodcutting] Tracking not-yet-stable target at 1310,688 (search 16 ms)
2026-07-23 14:47:33 [woodcutting] FindFilledBlock: found at 1310,688 (51x51 0x008B07 tol=5, 16 ms)
2026-07-23 14:47:33 [woodcutting] Tracking stable target at 1310,688 (cooldown active, search 16 ms)
2026-07-23 14:47:33 [woodcutting] FindFilledBlock: found at 1310,688 (51x51 0x008B07 tol=5, 15 ms)
2026-07-23 14:47:33 [woodcutting] Tracking stable target at 1310,688 (cooldown active, search 15 ms)
2026-07-23 14:47:33 [woodcutting] FindFilledBlock: found at 1310,688 (51x51 0x008B07 tol=5, 15 ms)
2026-07-23 14:47:33 [woodcutting] Tracking stable target at 1310,688 (cooldown active, search 15 ms)
2026-07-23 14:47:34 [woodcutting] FindFilledBlock: found at 1310,688 (51x51 0x008B07 tol=5, 0 ms)
2026-07-23 14:47:34 [woodcutting] Tracking stable target at 1310,688 (cooldown active, search 0 ms)
2026-07-23 14:47:34 [woodcutting] FindFilledBlock: found at 1310,688 (51x51 0x008B07 tol=5, 16 ms)
2026-07-23 14:47:34 [woodcutting] Clicked STABLE target at 1310,688 (search 16 ms)
2026-07-23 14:47:34 [woodcutting] ReleasePendingModifiersNow: released Ctrl
2026-07-23 14:47:34 [woodcutting] FindFilledBlock: found at 1348,694 (51x51 0x008B07 tol=5, 0 ms)
2026-07-23 14:47:34 [woodcutting] Tracking not-yet-stable target at 1348,694 (search 0 ms)
2026-07-23 14:47:34 [woodcutting] FindFilledBlock: found at 1348,694 (51x51 0x008B07 tol=5, 16 ms)
2026-07-23 14:47:34 [woodcutting] Tracking not-yet-stable target at 1348,694 (search 16 ms)
2026-07-23 14:47:34 [woodcutting] FindFilledBlock: found at 1310,688 (51x51 0x008B07 tol=5, 0 ms)
2026-07-23 14:47:34 [woodcutting] Tracking not-yet-stable target at 1310,688 (search 0 ms)
2026-07-23 14:47:35 [woodcutting] FindFilledBlock: found at 1310,688 (51x51 0x008B07 tol=5, 15 ms)
2026-07-23 14:47:35 [woodcutting] Tracking not-yet-stable target at 1310,688 (search 15 ms)
2026-07-23 14:47:35 [woodcutting] FindFilledBlock: found at 1310,688 (51x51 0x008B07 tol=5, 0 ms)
2026-07-23 14:47:35 [woodcutting] Tracking stable target at 1310,688 (cooldown active, search 0 ms)
2026-07-23 14:47:35 [woodcutting] FindFilledBlock: found at 1310,688 (51x51 0x008B07 tol=5, 15 ms)
2026-07-23 14:47:35 [woodcutting] Tracking stable target at 1310,688 (cooldown active, search 15 ms)
2026-07-23 14:47:35 [woodcutting] FindFilledBlock: found at 1310,688 (51x51 0x008B07 tol=5, 0 ms)
2026-07-23 14:47:35 [woodcutting] Tracking stable target at 1310,688 (cooldown active, search 0 ms)
2026-07-23 14:47:35 [woodcutting] FindFilledBlock: found at 1310,688 (51x51 0x008B07 tol=5, 16 ms)
2026-07-23 14:47:35 [woodcutting] Tracking stable target at 1310,688 (cooldown active, search 16 ms)
2026-07-23 14:47:35 [woodcutting] FindFilledBlock: found at 1310,688 (51x51 0x008B07 tol=5, 15 ms)
2026-07-23 14:47:35 [woodcutting] Clicked STABLE target at 1310,688 (search 15 ms)
2026-07-23 14:47:36 [woodcutting] ReleasePendingModifiersNow: released Ctrl
2026-07-23 14:47:36 [woodcutting] FindFilledBlock: found at 1348,694 (51x51 0x008B07 tol=5, 16 ms)
2026-07-23 14:47:36 [woodcutting] Tracking not-yet-stable target at 1348,694 (search 16 ms)
2026-07-23 14:47:36 [woodcutting] FindFilledBlock: found at 1348,694 (51x51 0x008B07 tol=5, 0 ms)
2026-07-23 14:47:36 [woodcutting] Tracking not-yet-stable target at 1348,694 (search 0 ms)
2026-07-23 14:47:36 [woodcutting] FindFilledBlock: found at 1310,688 (51x51 0x008B07 tol=5, 16 ms)
2026-07-23 14:47:36 [woodcutting] Tracking not-yet-stable target at 1310,688 (search 16 ms)
2026-07-23 14:47:36 [woodcutting] FindFilledBlock: found at 1310,688 (51x51 0x008B07 tol=5, 0 ms)
2026-07-23 14:47:36 [woodcutting] Tracking not-yet-stable target at 1310,688 (search 0 ms)
2026-07-23 14:47:36 [woodcutting] FindFilledBlock: found at 1310,688 (51x51 0x008B07 tol=5, 0 ms)
2026-07-23 14:47:36 [woodcutting] Tracking stable target at 1310,688 (cooldown active, search 0 ms)
2026-07-23 14:47:36 [woodcutting] FindFilledBlock: found at 1310,688 (51x51 0x008B07 tol=5, 0 ms)
2026-07-23 14:47:36 [woodcutting] Tracking stable target at 1310,688 (cooldown active, search 0 ms)
2026-07-23 14:47:37 [woodcutting] FindFilledBlock: found at 1310,688 (51x51 0x008B07 tol=5, 0 ms)
2026-07-23 14:47:37 [woodcutting] Tracking stable target at 1310,688 (cooldown active, search 0 ms)
2026-07-23 14:47:37 [woodcutting] FindFilledBlock: found at 1310,688 (51x51 0x008B07 tol=5, 16 ms)
2026-07-23 14:47:37 [woodcutting] Tracking stable target at 1310,688 (cooldown active, search 16 ms)
2026-07-23 14:47:37 [woodcutting] FindFilledBlock: found at 1310,688 (51x51 0x008B07 tol=5, 0 ms)
2026-07-23 14:47:37 [woodcutting] Tracking stable target at 1310,688 (cooldown active, search 0 ms)
2026-07-23 14:47:37 [woodcutting] FindFilledBlock: found at 1310,688 (51x51 0x008B07 tol=5, 15 ms)
2026-07-23 14:47:37 [woodcutting] Clicked STABLE target at 1310,688 (search 15 ms)
2026-07-23 14:47:37 [woodcutting] ReleasePendingModifiersNow: released Ctrl
2026-07-23 14:47:37 [woodcutting] FindFilledBlock: found at 1348,694 (51x51 0x008B07 tol=5, 16 ms)
2026-07-23 14:47:37 [woodcutting] Tracking not-yet-stable target at 1348,694 (search 16 ms)
2026-07-23 14:47:38 [woodcutting] FindFilledBlock: found at 1348,694 (51x51 0x008B07 tol=5, 16 ms)
2026-07-23 14:47:38 [woodcutting] Tracking not-yet-stable target at 1348,694 (search 16 ms)
2026-07-23 14:47:38 [woodcutting] FindFilledBlock: found at 1310,688 (51x51 0x008B07 tol=5, 0 ms)
2026-07-23 14:47:38 [woodcutting] Tracking not-yet-stable target at 1310,688 (search 0 ms)
2026-07-23 14:47:38 [woodcutting] FindFilledBlock: found at 1310,688 (51x51 0x008B07 tol=5, 15 ms)
2026-07-23 14:47:38 [woodcutting] Tracking not-yet-stable target at 1310,688 (search 15 ms)
2026-07-23 14:47:38 [woodcutting] FindFilledBlock: found at 1310,688 (51x51 0x008B07 tol=5, 0 ms)
2026-07-23 14:47:38 [woodcutting] Tracking stable target at 1310,688 (cooldown active, search 0 ms)
2026-07-23 14:47:38 [woodcutting] FindFilledBlock: found at 1310,688 (51x51 0x008B07 tol=5, 16 ms)
2026-07-23 14:47:38 [woodcutting] Tracking stable target at 1310,688 (cooldown active, search 16 ms)
2026-07-23 14:47:38 [woodcutting] FindFilledBlock: found at 1310,688 (51x51 0x008B07 tol=5, 15 ms)
2026-07-23 14:47:38 [woodcutting] Tracking stable target at 1310,688 (cooldown active, search 15 ms)
2026-07-23 14:47:39 [woodcutting] FindFilledBlock: found at 1310,688 (51x51 0x008B07 tol=5, 16 ms)
2026-07-23 14:47:39 [woodcutting] Tracking stable target at 1310,688 (cooldown active, search 16 ms)
2026-07-23 14:47:39 [woodcutting] FindFilledBlock: found at 1310,688 (51x51 0x008B07 tol=5, 16 ms)
2026-07-23 14:47:39 [woodcutting] Clicked STABLE target at 1310,688 (search 16 ms)
2026-07-23 14:47:39 [woodcutting] ReleasePendingModifiersNow: released Ctrl
2026-07-23 14:47:39 [woodcutting] FindFilledBlock: found at 1348,694 (51x51 0x008B07 tol=5, 16 ms)
2026-07-23 14:47:39 [woodcutting] Tracking not-yet-stable target at 1348,694 (search 16 ms)
2026-07-23 14:47:39 [woodcutting] FindFilledBlock: found at 1348,694 (51x51 0x008B07 tol=5, 15 ms)
2026-07-23 14:47:39 [woodcutting] Tracking not-yet-stable target at 1348,694 (search 15 ms)
2026-07-23 14:47:39 [woodcutting] FindFilledBlock: found at 1310,688 (51x51 0x008B07 tol=5, 16 ms)
2026-07-23 14:47:39 [woodcutting] Tracking not-yet-stable target at 1310,688 (search 16 ms)
2026-07-23 14:47:40 [woodcutting] FindFilledBlock: found at 1310,688 (51x51 0x008B07 tol=5, 16 ms)
2026-07-23 14:47:40 [woodcutting] Tracking not-yet-stable target at 1310,688 (search 16 ms)
2026-07-23 14:47:40 [woodcutting] FindFilledBlock: found at 1310,688 (51x51 0x008B07 tol=5, 15 ms)
2026-07-23 14:47:40 [woodcutting] Tracking stable target at 1310,688 (cooldown active, search 15 ms)
2026-07-23 14:47:40 [woodcutting] FindFilledBlock: found at 1310,688 (51x51 0x008B07 tol=5, 16 ms)
2026-07-23 14:47:40 [woodcutting] Tracking stable target at 1310,688 (cooldown active, search 16 ms)
2026-07-23 14:47:40 [woodcutting] FindFilledBlock: found at 1310,688 (51x51 0x008B07 tol=5, 15 ms)
2026-07-23 14:47:40 [woodcutting] Tracking stable target at 1310,688 (cooldown active, search 15 ms)
2026-07-23 14:47:40 [woodcutting] FindFilledBlock: found at 1310,688 (51x51 0x008B07 tol=5, 15 ms)
2026-07-23 14:47:40 [woodcutting] Tracking stable target at 1310,688 (cooldown active, search 15 ms)
2026-07-23 14:47:40 [woodcutting] FindFilledBlock: found at 1310,688 (51x51 0x008B07 tol=5, 16 ms)
2026-07-23 14:47:40 [woodcutting] Tracking stable target at 1310,688 (cooldown active, search 16 ms)
2026-07-23 14:47:41 [woodcutting] FindFilledBlock: found at 1310,688 (51x51 0x008B07 tol=5, 16 ms)
2026-07-23 14:47:41 [woodcutting] Clicked STABLE target at 1310,688 (search 16 ms)
2026-07-23 14:47:41 [woodcutting] ReleasePendingModifiersNow: released Ctrl
2026-07-23 14:47:41 [woodcutting] FindFilledBlock: found at 1348,694 (51x51 0x008B07 tol=5, 16 ms)
2026-07-23 14:47:41 [woodcutting] Tracking not-yet-stable target at 1348,694 (search 16 ms)
2026-07-23 14:47:41 [woodcutting] FindFilledBlock: found at 1348,694 (51x51 0x008B07 tol=5, 0 ms)
2026-07-23 14:47:41 [woodcutting] Tracking not-yet-stable target at 1348,694 (search 0 ms)
2026-07-23 14:47:41 [woodcutting] FindFilledBlock: found at 1310,688 (51x51 0x008B07 tol=5, 15 ms)
2026-07-23 14:47:41 [woodcutting] Tracking not-yet-stable target at 1310,688 (search 15 ms)
2026-07-23 14:47:41 [woodcutting] FindFilledBlock: found at 1310,688 (51x51 0x008B07 tol=5, 0 ms)
2026-07-23 14:47:41 [woodcutting] Tracking not-yet-stable target at 1310,688 (search 0 ms)
2026-07-23 14:47:42 [woodcutting] FindFilledBlock: found at 1310,688 (51x51 0x008B07 tol=5, 16 ms)
2026-07-23 14:47:42 [woodcutting] Tracking stable target at 1310,688 (cooldown active, search 16 ms)
2026-07-23 14:47:42 [woodcutting] FindFilledBlock: found at 1310,688 (51x51 0x008B07 tol=5, 0 ms)
2026-07-23 14:47:42 [woodcutting] Tracking stable target at 1310,688 (cooldown active, search 0 ms)
2026-07-23 14:47:42 [woodcutting] FindFilledBlock: found at 1310,688 (51x51 0x008B07 tol=5, 16 ms)
2026-07-23 14:47:42 [woodcutting] Tracking stable target at 1310,688 (cooldown active, search 16 ms)
2026-07-23 14:47:42 [woodcutting] FindFilledBlock: found at 1310,688 (51x51 0x008B07 tol=5, 0 ms)
2026-07-23 14:47:42 [woodcutting] Tracking stable target at 1310,688 (cooldown active, search 0 ms)
2026-07-23 14:47:42 [woodcutting] FindFilledBlock: found at 1310,688 (51x51 0x008B07 tol=5, 0 ms)
2026-07-23 14:47:42 [woodcutting] Clicked STABLE target at 1310,688 (search 16 ms)
2026-07-23 14:47:42 [woodcutting] ReleasePendingModifiersNow: released Ctrl
2026-07-23 14:47:43 [woodcutting] FindFilledBlock: found at 1348,694 (51x51 0x008B07 tol=5, 15 ms)
2026-07-23 14:47:43 [woodcutting] Tracking not-yet-stable target at 1348,694 (search 15 ms)
2026-07-23 14:47:43 [woodcutting] FindFilledBlock: found at 1310,688 (51x51 0x008B07 tol=5, 16 ms)
2026-07-23 14:47:43 [woodcutting] Tracking not-yet-stable target at 1310,688 (search 16 ms)
2026-07-23 14:47:43 [woodcutting] FindFilledBlock: found at 1310,688 (51x51 0x008B07 tol=5, 15 ms)
2026-07-23 14:47:43 [woodcutting] Tracking not-yet-stable target at 1310,688 (search 15 ms)
2026-07-23 14:47:43 [woodcutting] FindFilledBlock: found at 1310,688 (51x51 0x008B07 tol=5, 16 ms)
2026-07-23 14:47:43 [woodcutting] Tracking stable target at 1310,688 (cooldown active, search 16 ms)
2026-07-23 14:47:43 [woodcutting] FindFilledBlock: found at 1310,688 (51x51 0x008B07 tol=5, 0 ms)
2026-07-23 14:47:43 [woodcutting] Tracking stable target at 1310,688 (cooldown active, search 0 ms)
2026-07-23 14:47:43 [woodcutting] FindFilledBlock: found at 1310,688 (51x51 0x008B07 tol=5, 16 ms)
2026-07-23 14:47:43 [woodcutting] Tracking stable target at 1310,688 (cooldown active, search 16 ms)
2026-07-23 14:47:44 [woodcutting] FindFilledBlock: found at 1310,688 (51x51 0x008B07 tol=5, 15 ms)
2026-07-23 14:47:44 [woodcutting] Tracking stable target at 1310,688 (cooldown active, search 15 ms)
2026-07-23 14:47:44 [woodcutting] FindFilledBlock: found at 1310,688 (51x51 0x008B07 tol=5, 16 ms)
2026-07-23 14:47:44 [woodcutting] Tracking stable target at 1310,688 (cooldown active, search 16 ms)
2026-07-23 14:47:44 [woodcutting] FindFilledBlock: found at 1310,688 (51x51 0x008B07 tol=5, 0 ms)
2026-07-23 14:47:44 [woodcutting] Clicked STABLE target at 1310,688 (search 0 ms)
2026-07-23 14:47:44 [woodcutting] ReleasePendingModifiersNow: released Ctrl
2026-07-23 14:47:44 [woodcutting] FindFilledBlock: found at 1348,694 (51x51 0x008B07 tol=5, 15 ms)
2026-07-23 14:47:44 [woodcutting] Tracking not-yet-stable target at 1348,694 (search 15 ms)
2026-07-23 14:47:44 [woodcutting] FindFilledBlock: found at 1348,694 (51x51 0x008B07 tol=5, 15 ms)
2026-07-23 14:47:44 [woodcutting] Tracking not-yet-stable target at 1348,694 (search 15 ms)
2026-07-23 14:47:45 [woodcutting] FindFilledBlock: found at 1310,688 (51x51 0x008B07 tol=5, 16 ms)
2026-07-23 14:47:45 [woodcutting] Tracking not-yet-stable target at 1310,688 (search 16 ms)
2026-07-23 14:47:45 [woodcutting] FindFilledBlock: found at 1310,688 (51x51 0x008B07 tol=5, 15 ms)
2026-07-23 14:47:45 [woodcutting] Tracking not-yet-stable target at 1310,688 (search 15 ms)
2026-07-23 14:47:45 [woodcutting] FindFilledBlock: found at 1310,688 (51x51 0x008B07 tol=5, 16 ms)
2026-07-23 14:47:45 [woodcutting] Tracking stable target at 1310,688 (cooldown active, search 16 ms)
2026-07-23 14:47:45 [woodcutting] FindFilledBlock: found at 1310,688 (51x51 0x008B07 tol=5, 15 ms)
2026-07-23 14:47:45 [woodcutting] Tracking stable target at 1310,688 (cooldown active, search 15 ms)
2026-07-23 14:47:45 [woodcutting] FindFilledBlock: found at 1310,688 (51x51 0x008B07 tol=5, 15 ms)
2026-07-23 14:47:45 [woodcutting] Tracking stable target at 1310,688 (cooldown active, search 15 ms)
2026-07-23 14:47:45 [woodcutting] FindFilledBlock: found at 1310,688 (51x51 0x008B07 tol=5, 16 ms)
2026-07-23 14:47:45 [woodcutting] Tracking stable target at 1310,688 (cooldown active, search 16 ms)
2026-07-23 14:47:45 [woodcutting] FindFilledBlock: found at 1310,688 (51x51 0x008B07 tol=5, 0 ms)
2026-07-23 14:47:45 [woodcutting] Tracking stable target at 1310,688 (cooldown active, search 0 ms)
2026-07-23 14:47:46 [woodcutting] FindFilledBlock: found at 1310,688 (51x51 0x008B07 tol=5, 16 ms)
2026-07-23 14:47:46 [woodcutting] Clicked STABLE target at 1310,688 (search 16 ms)
2026-07-23 14:47:46 [woodcutting] ReleasePendingModifiersNow: released Ctrl
2026-07-23 14:47:46 [woodcutting] FindFilledBlock: found at 1348,694 (51x51 0x008B07 tol=5, 0 ms)
2026-07-23 14:47:46 [woodcutting] Tracking not-yet-stable target at 1348,694 (search 16 ms)
2026-07-23 14:47:46 [woodcutting] FindFilledBlock: found at 1348,694 (51x51 0x008B07 tol=5, 15 ms)
2026-07-23 14:47:46 [woodcutting] Tracking not-yet-stable target at 1348,694 (search 15 ms)
2026-07-23 14:47:46 [woodcutting] FindFilledBlock: found at 1310,688 (51x51 0x008B07 tol=5, 15 ms)
2026-07-23 14:47:46 [woodcutting] Tracking not-yet-stable target at 1310,688 (search 15 ms)
2026-07-23 14:47:46 [woodcutting] FindFilledBlock: found at 1310,688 (51x51 0x008B07 tol=5, 16 ms)
2026-07-23 14:47:46 [woodcutting] Tracking not-yet-stable target at 1310,688 (search 16 ms)
2026-07-23 14:47:47 [woodcutting] FindFilledBlock: found at 1310,688 (51x51 0x008B07 tol=5, 16 ms)
2026-07-23 14:47:47 [woodcutting] Tracking stable target at 1310,688 (cooldown active, search 16 ms)
2026-07-23 14:47:47 [woodcutting] FindFilledBlock: found at 1310,688 (51x51 0x008B07 tol=5, 15 ms)
2026-07-23 14:47:47 [woodcutting] Tracking stable target at 1310,688 (cooldown active, search 15 ms)
2026-07-23 14:47:47 [woodcutting] FindFilledBlock: found at 1310,688 (51x51 0x008B07 tol=5, 16 ms)
2026-07-23 14:47:47 [woodcutting] Tracking stable target at 1310,688 (cooldown active, search 16 ms)
2026-07-23 14:47:47 [woodcutting] FindFilledBlock: found at 1310,688 (51x51 0x008B07 tol=5, 15 ms)
2026-07-23 14:47:47 [woodcutting] Tracking stable target at 1310,688 (cooldown active, search 15 ms)
2026-07-23 14:47:47 [woodcutting] FindFilledBlock: found at 1310,688 (51x51 0x008B07 tol=5, 16 ms)
2026-07-23 14:47:47 [woodcutting] Tracking stable target at 1310,688 (cooldown active, search 16 ms)
2026-07-23 14:47:47 [woodcutting] FindFilledBlock: found at 1310,688 (51x51 0x008B07 tol=5, 15 ms)
2026-07-23 14:47:47 [woodcutting] Clicked STABLE target at 1310,688 (search 15 ms)
2026-07-23 14:47:48 [woodcutting] ReleasePendingModifiersNow: released Ctrl
2026-07-23 14:47:48 [woodcutting] FindFilledBlock: found at 1348,694 (51x51 0x008B07 tol=5, 16 ms)
2026-07-23 14:47:48 [woodcutting] Tracking not-yet-stable target at 1348,694 (search 16 ms)
2026-07-23 14:47:48 [woodcutting] FindFilledBlock: found at 1348,694 (51x51 0x008B07 tol=5, 0 ms)
2026-07-23 14:47:48 [woodcutting] Tracking not-yet-stable target at 1348,694 (search 0 ms)
2026-07-23 14:47:48 [woodcutting] FindFilledBlock: found at 1310,688 (51x51 0x008B07 tol=5, 16 ms)
2026-07-23 14:47:48 [woodcutting] Tracking not-yet-stable target at 1310,688 (search 16 ms)
2026-07-23 14:47:48 [woodcutting] FindFilledBlock: found at 1310,688 (51x51 0x008B07 tol=5, 0 ms)
2026-07-23 14:47:48 [woodcutting] Tracking not-yet-stable target at 1310,688 (search 0 ms)
2026-07-23 14:47:48 [woodcutting] FindFilledBlock: found at 1310,688 (51x51 0x008B07 tol=5, 16 ms)
2026-07-23 14:47:48 [woodcutting] Tracking stable target at 1310,688 (cooldown active, search 16 ms)
2026-07-23 14:47:48 [woodcutting] FindFilledBlock: found at 1310,688 (51x51 0x008B07 tol=5, 16 ms)
2026-07-23 14:47:48 [woodcutting] Tracking stable target at 1310,688 (cooldown active, search 16 ms)
2026-07-23 14:47:49 [woodcutting] FindFilledBlock: found at 1310,688 (51x51 0x008B07 tol=5, 16 ms)
2026-07-23 14:47:49 [woodcutting] Tracking stable target at 1310,688 (cooldown active, search 16 ms)
2026-07-23 14:47:49 [woodcutting] FindFilledBlock: found at 1310,688 (51x51 0x008B07 tol=5, 15 ms)
2026-07-23 14:47:49 [woodcutting] Tracking stable target at 1310,688 (cooldown active, search 15 ms)
2026-07-23 14:47:49 [woodcutting] FindFilledBlock: found at 1310,688 (51x51 0x008B07 tol=5, 16 ms)
2026-07-23 14:47:49 [woodcutting] Tracking stable target at 1310,688 (cooldown active, search 16 ms)
2026-07-23 14:47:49 [woodcutting] FindFilledBlock: found at 1310,688 (51x51 0x008B07 tol=5, 0 ms)
2026-07-23 14:47:49 [woodcutting] Clicked STABLE target at 1310,688 (search 0 ms)
2026-07-23 14:47:49 [woodcutting] ReleasePendingModifiersNow: released Ctrl
2026-07-23 14:47:49 [woodcutting] FindFilledBlock: found at 1348,694 (51x51 0x008B07 tol=5, 0 ms)
2026-07-23 14:47:49 [woodcutting] Tracking not-yet-stable target at 1348,694 (search 0 ms)
2026-07-23 14:47:50 [woodcutting] FindFilledBlock: found at 1310,688 (51x51 0x008B07 tol=5, 0 ms)
2026-07-23 14:47:50 [woodcutting] Tracking not-yet-stable target at 1310,688 (search 0 ms)
2026-07-23 14:47:50 [woodcutting] FindFilledBlock: found at 1310,688 (51x51 0x008B07 tol=5, 0 ms)
2026-07-23 14:47:50 [woodcutting] Tracking not-yet-stable target at 1310,688 (search 0 ms)
2026-07-23 14:47:50 [woodcutting] FindFilledBlock: found at 1310,688 (51x51 0x008B07 tol=5, 0 ms)
2026-07-23 14:47:50 [woodcutting] Tracking stable target at 1310,688 (cooldown active, search 0 ms)
2026-07-23 14:47:50 [woodcutting] FindFilledBlock: found at 1310,688 (51x51 0x008B07 tol=5, 0 ms)
2026-07-23 14:47:50 [woodcutting] Tracking stable target at 1310,688 (cooldown active, search 0 ms)
2026-07-23 14:47:50 [woodcutting] FindFilledBlock: found at 1310,688 (51x51 0x008B07 tol=5, 0 ms)
2026-07-23 14:47:50 [woodcutting] Tracking stable target at 1310,688 (cooldown active, search 0 ms)
2026-07-23 14:47:50 [woodcutting] FindFilledBlock: found at 1310,688 (51x51 0x008B07 tol=5, 16 ms)
2026-07-23 14:47:50 [woodcutting] Tracking stable target at 1310,688 (cooldown active, search 16 ms)
2026-07-23 14:47:51 [woodcutting] FindFilledBlock: found at 1310,688 (51x51 0x008B07 tol=5, 0 ms)
2026-07-23 14:47:51 [woodcutting] Tracking stable target at 1310,688 (cooldown active, search 0 ms)
2026-07-23 14:47:51 [woodcutting] FindFilledBlock: found at 1310,688 (51x51 0x008B07 tol=5, 15 ms)
2026-07-23 14:47:51 [woodcutting] Clicked STABLE target at 1310,688 (search 15 ms)
2026-07-23 14:47:51 [woodcutting] ReleasePendingModifiersNow: released Ctrl
2026-07-23 14:47:51 [woodcutting] FindFilledBlock: found at 1348,694 (51x51 0x008B07 tol=5, 16 ms)
2026-07-23 14:47:51 [woodcutting] Tracking not-yet-stable target at 1348,694 (search 16 ms)
2026-07-23 14:47:51 [woodcutting] FindFilledBlock: found at 1348,694 (51x51 0x008B07 tol=5, 15 ms)
2026-07-23 14:47:51 [woodcutting] Tracking not-yet-stable target at 1348,694 (search 15 ms)
2026-07-23 14:47:51 [woodcutting] FindFilledBlock: found at 1310,688 (51x51 0x008B07 tol=5, 16 ms)
2026-07-23 14:47:51 [woodcutting] Tracking not-yet-stable target at 1310,688 (search 16 ms)
2026-07-23 14:47:52 [woodcutting] FindFilledBlock: found at 1310,688 (51x51 0x008B07 tol=5, 15 ms)
2026-07-23 14:47:52 [woodcutting] Tracking not-yet-stable target at 1310,688 (search 15 ms)
2026-07-23 14:47:52 [woodcutting] FindFilledBlock: found at 1310,688 (51x51 0x008B07 tol=5, 16 ms)
2026-07-23 14:47:52 [woodcutting] Tracking stable target at 1310,688 (cooldown active, search 16 ms)
2026-07-23 14:47:52 [woodcutting] FindFilledBlock: found at 1310,688 (51x51 0x008B07 tol=5, 16 ms)
2026-07-23 14:47:52 [woodcutting] Tracking stable target at 1310,688 (cooldown active, search 16 ms)
2026-07-23 14:47:52 [woodcutting] FindFilledBlock: found at 1310,688 (51x51 0x008B07 tol=5, 16 ms)
2026-07-23 14:47:52 [woodcutting] Tracking stable target at 1310,688 (cooldown active, search 16 ms)
2026-07-23 14:47:52 [woodcutting] FindFilledBlock: found at 1310,688 (51x51 0x008B07 tol=5, 15 ms)
2026-07-23 14:47:52 [woodcutting] Tracking stable target at 1310,688 (cooldown active, search 15 ms)
2026-07-23 14:47:52 [woodcutting] FindFilledBlock: found at 1310,688 (51x51 0x008B07 tol=5, 0 ms)
2026-07-23 14:47:52 [woodcutting] Clicked STABLE target at 1310,688 (search 0 ms)
2026-07-23 14:47:53 [woodcutting] ReleasePendingModifiersNow: released Ctrl
2026-07-23 14:47:53 [woodcutting] FindFilledBlock: found at 1348,694 (51x51 0x008B07 tol=5, 0 ms)
2026-07-23 14:47:53 [woodcutting] Tracking not-yet-stable target at 1348,694 (search 0 ms)
2026-07-23 14:47:53 [woodcutting] FindFilledBlock: found at 1348,694 (51x51 0x008B07 tol=5, 0 ms)
2026-07-23 14:47:53 [woodcutting] Tracking not-yet-stable target at 1348,694 (search 16 ms)
2026-07-23 14:47:53 [woodcutting] FindFilledBlock: found at 1310,688 (51x51 0x008B07 tol=5, 0 ms)
2026-07-23 14:47:53 [woodcutting] Tracking not-yet-stable target at 1310,688 (search 0 ms)
2026-07-23 14:47:53 [woodcutting] FindFilledBlock: found at 1310,688 (51x51 0x008B07 tol=5, 16 ms)
2026-07-23 14:47:53 [woodcutting] Tracking not-yet-stable target at 1310,688 (search 16 ms)
2026-07-23 14:47:53 [woodcutting] FindFilledBlock: found at 1310,688 (51x51 0x008B07 tol=5, 15 ms)
2026-07-23 14:47:53 [woodcutting] Tracking stable target at 1310,688 (cooldown active, search 15 ms)
2026-07-23 14:47:54 [woodcutting] FindFilledBlock: found at 1310,688 (51x51 0x008B07 tol=5, 16 ms)
2026-07-23 14:47:54 [woodcutting] Tracking stable target at 1310,688 (cooldown active, search 16 ms)
2026-07-23 14:47:54 [woodcutting] FindFilledBlock: found at 1310,688 (51x51 0x008B07 tol=5, 15 ms)
2026-07-23 14:47:54 [woodcutting] Tracking stable target at 1310,688 (cooldown active, search 15 ms)
2026-07-23 14:47:54 [woodcutting] FindFilledBlock: found at 1310,688 (51x51 0x008B07 tol=5, 15 ms)
2026-07-23 14:47:54 [woodcutting] Tracking stable target at 1310,688 (cooldown active, search 15 ms)
2026-07-23 14:47:54 [woodcutting] FindFilledBlock: found at 1310,688 (51x51 0x008B07 tol=5, 16 ms)
2026-07-23 14:47:54 [woodcutting] Clicked STABLE target at 1310,688 (search 16 ms)
2026-07-23 14:47:54 [woodcutting] ReleasePendingModifiersNow: released Ctrl
2026-07-23 14:47:54 [woodcutting] FindFilledBlock: found at 1348,694 (51x51 0x008B07 tol=5, 0 ms)
2026-07-23 14:47:54 [woodcutting] Tracking not-yet-stable target at 1348,694 (search 0 ms)
2026-07-23 14:47:55 [woodcutting] FindFilledBlock: found at 1348,694 (51x51 0x008B07 tol=5, 16 ms)
2026-07-23 14:47:55 [woodcutting] Tracking not-yet-stable target at 1348,694 (search 16 ms)
2026-07-23 14:47:55 [woodcutting] FindFilledBlock: found at 1310,688 (51x51 0x008B07 tol=5, 0 ms)
2026-07-23 14:47:55 [woodcutting] Tracking not-yet-stable target at 1310,688 (search 0 ms)
2026-07-23 14:47:55 [woodcutting] FindFilledBlock: found at 1310,688 (51x51 0x008B07 tol=5, 16 ms)
2026-07-23 14:47:55 [woodcutting] Tracking not-yet-stable target at 1310,688 (search 16 ms)
2026-07-23 14:47:55 [woodcutting] FindFilledBlock: found at 1310,688 (51x51 0x008B07 tol=5, 0 ms)
2026-07-23 14:47:55 [woodcutting] Tracking stable target at 1310,688 (cooldown active, search 0 ms)
2026-07-23 14:47:55 [woodcutting] FindFilledBlock: found at 1310,688 (51x51 0x008B07 tol=5, 16 ms)
2026-07-23 14:47:55 [woodcutting] Tracking stable target at 1310,688 (cooldown active, search 16 ms)
2026-07-23 14:47:55 [woodcutting] FindFilledBlock: found at 1310,688 (51x51 0x008B07 tol=5, 0 ms)
2026-07-23 14:47:55 [woodcutting] Tracking stable target at 1310,688 (cooldown active, search 0 ms)
2026-07-23 14:47:55 [woodcutting] FindFilledBlock: found at 1310,688 (51x51 0x008B07 tol=5, 0 ms)
2026-07-23 14:47:56 [woodcutting] Tracking stable target at 1310,688 (cooldown active, search 16 ms)
2026-07-23 14:47:56 [woodcutting] FindFilledBlock: found at 1310,688 (51x51 0x008B07 tol=5, 0 ms)
2026-07-23 14:47:56 [woodcutting] Tracking stable target at 1310,688 (cooldown active, search 0 ms)
2026-07-23 14:47:56 [woodcutting] FindFilledBlock: found at 1310,688 (51x51 0x008B07 tol=5, 0 ms)
2026-07-23 14:47:56 [woodcutting] Clicked STABLE target at 1310,688 (search 0 ms)
2026-07-23 14:47:56 [woodcutting] ReleasePendingModifiersNow: released Ctrl
2026-07-23 14:47:56 [woodcutting] FindFilledBlock: found at 1348,694 (51x51 0x008B07 tol=5, 0 ms)
2026-07-23 14:47:56 [woodcutting] Tracking not-yet-stable target at 1348,694 (search 0 ms)
2026-07-23 14:47:56 [woodcutting] FindFilledBlock: found at 1348,694 (51x51 0x008B07 tol=5, 0 ms)
2026-07-23 14:47:56 [woodcutting] Tracking not-yet-stable target at 1348,694 (search 16 ms)
2026-07-23 14:47:57 [woodcutting] FindFilledBlock: found at 1310,688 (51x51 0x008B07 tol=5, 0 ms)
2026-07-23 14:47:57 [woodcutting] Tracking not-yet-stable target at 1310,688 (search 0 ms)
2026-07-23 14:47:57 [woodcutting] FindFilledBlock: found at 1310,688 (51x51 0x008B07 tol=5, 0 ms)
2026-07-23 14:47:57 [woodcutting] Tracking not-yet-stable target at 1310,688 (search 0 ms)
2026-07-23 14:47:57 [woodcutting] FindFilledBlock: found at 1310,688 (51x51 0x008B07 tol=5, 16 ms)
2026-07-23 14:47:57 [woodcutting] Tracking stable target at 1310,688 (cooldown active, search 16 ms)
2026-07-23 14:47:57 [woodcutting] FindFilledBlock: found at 1310,688 (51x51 0x008B07 tol=5, 16 ms)
2026-07-23 14:47:57 [woodcutting] Tracking stable target at 1310,688 (cooldown active, search 16 ms)
2026-07-23 14:47:57 [woodcutting] FindFilledBlock: found at 1310,688 (51x51 0x008B07 tol=5, 15 ms)
2026-07-23 14:47:57 [woodcutting] Tracking stable target at 1310,688 (cooldown active, search 15 ms)
2026-07-23 14:47:57 [woodcutting] FindFilledBlock: found at 1310,688 (51x51 0x008B07 tol=5, 16 ms)
2026-07-23 14:47:57 [woodcutting] Tracking stable target at 1310,688 (cooldown active, search 16 ms)
2026-07-23 14:47:57 [woodcutting] FindFilledBlock: found at 1310,688 (51x51 0x008B07 tol=5, 15 ms)
2026-07-23 14:47:58 [woodcutting] Clicked STABLE target at 1310,688 (search 15 ms)
2026-07-23 14:47:58 [woodcutting] ReleasePendingModifiersNow: released Ctrl
2026-07-23 14:47:58 [woodcutting] FindFilledBlock: found at 1348,694 (51x51 0x008B07 tol=5, 15 ms)
2026-07-23 14:47:58 [woodcutting] Tracking not-yet-stable target at 1348,694 (search 15 ms)
2026-07-23 14:47:58 [woodcutting] FindFilledBlock: found at 1348,694 (51x51 0x008B07 tol=5, 15 ms)
2026-07-23 14:47:58 [woodcutting] Tracking not-yet-stable target at 1348,694 (search 15 ms)
2026-07-23 14:47:58 [woodcutting] FindFilledBlock: found at 1310,688 (51x51 0x008B07 tol=5, 16 ms)
2026-07-23 14:47:58 [woodcutting] Tracking not-yet-stable target at 1310,688 (search 16 ms)
2026-07-23 14:47:58 [woodcutting] FindFilledBlock: found at 1310,688 (51x51 0x008B07 tol=5, 16 ms)
2026-07-23 14:47:58 [woodcutting] Tracking not-yet-stable target at 1310,688 (search 16 ms)
2026-07-23 14:47:58 [woodcutting] FindFilledBlock: found at 1310,688 (51x51 0x008B07 tol=5, 15 ms)
2026-07-23 14:47:58 [woodcutting] Tracking stable target at 1310,688 (cooldown active, search 15 ms)
2026-07-23 14:47:59 [woodcutting] FindFilledBlock: found at 1310,688 (51x51 0x008B07 tol=5, 15 ms)
2026-07-23 14:47:59 [woodcutting] Tracking stable target at 1310,688 (cooldown active, search 15 ms)
2026-07-23 14:47:59 [woodcutting] FindFilledBlock: found at 1310,688 (51x51 0x008B07 tol=5, 0 ms)
2026-07-23 14:47:59 [woodcutting] Tracking stable target at 1310,688 (cooldown active, search 0 ms)
2026-07-23 14:47:59 [woodcutting] FindFilledBlock: found at 1310,688 (51x51 0x008B07 tol=5, 16 ms)
2026-07-23 14:47:59 [woodcutting] Tracking stable target at 1310,688 (cooldown active, search 16 ms)
2026-07-23 14:47:59 [woodcutting] FindFilledBlock: found at 1310,688 (51x51 0x008B07 tol=5, 16 ms)
2026-07-23 14:47:59 [woodcutting] Clicked STABLE target at 1310,688 (search 16 ms)
2026-07-23 14:47:59 [woodcutting] ReleasePendingModifiersNow: released Ctrl
2026-07-23 14:47:59 [woodcutting] FindFilledBlock: found at 1348,694 (51x51 0x008B07 tol=5, 15 ms)
2026-07-23 14:47:59 [woodcutting] Tracking not-yet-stable target at 1348,694 (search 15 ms)
2026-07-23 14:48:00 [woodcutting] FindFilledBlock: found at 1348,694 (51x51 0x008B07 tol=5, 15 ms)
2026-07-23 14:48:00 [woodcutting] Tracking not-yet-stable target at 1348,694 (search 15 ms)
2026-07-23 14:48:00 [woodcutting] FindFilledBlock: found at 1310,688 (51x51 0x008B07 tol=5, 0 ms)
2026-07-23 14:48:00 [woodcutting] Tracking not-yet-stable target at 1310,688 (search 16 ms)
2026-07-23 14:48:00 [woodcutting] FindFilledBlock: found at 1310,688 (51x51 0x008B07 tol=5, 16 ms)
2026-07-23 14:48:00 [woodcutting] Tracking not-yet-stable target at 1310,688 (search 16 ms)
2026-07-23 14:48:00 [woodcutting] FindFilledBlock: found at 1310,688 (51x51 0x008B07 tol=5, 0 ms)
2026-07-23 14:48:00 [woodcutting] Tracking stable target at 1310,688 (cooldown active, search 0 ms)
2026-07-23 14:48:00 [woodcutting] FindFilledBlock: found at 1310,688 (51x51 0x008B07 tol=5, 16 ms)
2026-07-23 14:48:00 [woodcutting] Tracking stable target at 1310,688 (cooldown active, search 16 ms)
2026-07-23 14:48:00 [woodcutting] FindFilledBlock: found at 1310,688 (51x51 0x008B07 tol=5, 16 ms)
2026-07-23 14:48:00 [woodcutting] Tracking stable target at 1310,688 (cooldown active, search 16 ms)
2026-07-23 14:48:01 [woodcutting] FindFilledBlock: found at 1310,688 (51x51 0x008B07 tol=5, 16 ms)
2026-07-23 14:48:01 [woodcutting] Tracking stable target at 1310,688 (cooldown active, search 16 ms)
2026-07-23 14:48:01 [woodcutting] FindFilledBlock: found at 1310,688 (51x51 0x008B07 tol=5, 16 ms)
2026-07-23 14:48:01 [woodcutting] Clicked STABLE target at 1310,688 (search 16 ms)
2026-07-23 14:48:01 [woodcutting] ReleasePendingModifiersNow: released Ctrl
2026-07-23 14:48:01 [woodcutting] FindFilledBlock: found at 1348,694 (51x51 0x008B07 tol=5, 15 ms)
2026-07-23 14:48:01 [woodcutting] Tracking not-yet-stable target at 1348,694 (search 15 ms)
2026-07-23 14:48:01 [woodcutting] FindFilledBlock: found at 1348,694 (51x51 0x008B07 tol=5, 16 ms)
2026-07-23 14:48:01 [woodcutting] Tracking not-yet-stable target at 1348,694 (search 16 ms)
2026-07-23 14:48:01 [woodcutting] FindFilledBlock: found at 1310,688 (51x51 0x008B07 tol=5, 16 ms)
2026-07-23 14:48:01 [woodcutting] Tracking not-yet-stable target at 1310,688 (search 16 ms)
2026-07-23 14:48:02 [woodcutting] FindFilledBlock: found at 1310,688 (51x51 0x008B07 tol=5, 0 ms)
2026-07-23 14:48:02 [woodcutting] Tracking not-yet-stable target at 1310,688 (search 0 ms)
2026-07-23 14:48:02 [woodcutting] FindFilledBlock: found at 1310,688 (51x51 0x008B07 tol=5, 16 ms)
2026-07-23 14:48:02 [woodcutting] Tracking stable target at 1310,688 (cooldown active, search 16 ms)
2026-07-23 14:48:02 [woodcutting] FindFilledBlock: found at 1310,688 (51x51 0x008B07 tol=5, 0 ms)
2026-07-23 14:48:02 [woodcutting] Tracking stable target at 1310,688 (cooldown active, search 0 ms)
2026-07-23 14:48:02 [woodcutting] FindFilledBlock: found at 1310,688 (51x51 0x008B07 tol=5, 0 ms)
2026-07-23 14:48:02 [woodcutting] Tracking stable target at 1310,688 (cooldown active, search 0 ms)
2026-07-23 14:48:02 [woodcutting] FindFilledBlock: found at 1310,688 (51x51 0x008B07 tol=5, 15 ms)
2026-07-23 14:48:02 [woodcutting] Tracking stable target at 1310,688 (cooldown active, search 15 ms)
2026-07-23 14:48:02 [woodcutting] FindFilledBlock: found at 1310,688 (51x51 0x008B07 tol=5, 0 ms)
2026-07-23 14:48:02 [woodcutting] Tracking stable target at 1310,688 (cooldown active, search 0 ms)
2026-07-23 14:48:03 [woodcutting] FindFilledBlock: found at 1310,688 (51x51 0x008B07 tol=5, 0 ms)
2026-07-23 14:48:03 [woodcutting] Clicked STABLE target at 1310,688 (search 0 ms)
2026-07-23 14:48:03 [woodcutting] ReleasePendingModifiersNow: released Ctrl
2026-07-23 14:48:03 [woodcutting] FindFilledBlock: found at 1348,694 (51x51 0x008B07 tol=5, 0 ms)
2026-07-23 14:48:03 [woodcutting] Tracking not-yet-stable target at 1348,694 (search 0 ms)
2026-07-23 14:48:03 [woodcutting] FindFilledBlock: found at 1348,694 (51x51 0x008B07 tol=5, 0 ms)
2026-07-23 14:48:03 [woodcutting] Tracking not-yet-stable target at 1348,694 (search 0 ms)
2026-07-23 14:48:03 [woodcutting] FindFilledBlock: found at 1310,688 (51x51 0x008B07 tol=5, 0 ms)
2026-07-23 14:48:03 [woodcutting] Tracking not-yet-stable target at 1310,688 (search 0 ms)
2026-07-23 14:48:03 [woodcutting] FindFilledBlock: found at 1310,688 (51x51 0x008B07 tol=5, 0 ms)
2026-07-23 14:48:03 [woodcutting] Tracking not-yet-stable target at 1310,688 (search 0 ms)
2026-07-23 14:48:04 [woodcutting] FindFilledBlock: found at 1310,688 (51x51 0x008B07 tol=5, 15 ms)
2026-07-23 14:48:04 [woodcutting] Tracking stable target at 1310,688 (cooldown active, search 15 ms)
2026-07-23 14:48:04 [woodcutting] FindFilledBlock: found at 1310,688 (51x51 0x008B07 tol=5, 16 ms)
2026-07-23 14:48:04 [woodcutting] Tracking stable target at 1310,688 (cooldown active, search 16 ms)
2026-07-23 14:48:04 [woodcutting] FindFilledBlock: found at 1310,688 (51x51 0x008B07 tol=5, 16 ms)
2026-07-23 14:48:04 [woodcutting] Tracking stable target at 1310,688 (cooldown active, search 16 ms)
2026-07-23 14:48:04 [woodcutting] FindFilledBlock: found at 1310,688 (51x51 0x008B07 tol=5, 16 ms)
2026-07-23 14:48:04 [woodcutting] Tracking stable target at 1310,688 (cooldown active, search 16 ms)
2026-07-23 14:48:04 [woodcutting] FindFilledBlock: found at 1310,688 (51x51 0x008B07 tol=5, 16 ms)
2026-07-23 14:48:04 [woodcutting] Clicked STABLE target at 1310,688 (search 16 ms)
2026-07-23 14:48:04 [woodcutting] ReleasePendingModifiersNow: released Ctrl
2026-07-23 14:48:05 [woodcutting] FindFilledBlock: found at 1348,694 (51x51 0x008B07 tol=5, 16 ms)
2026-07-23 14:48:05 [woodcutting] Tracking not-yet-stable target at 1348,694 (search 16 ms)
2026-07-23 14:48:05 [woodcutting] FindFilledBlock: found at 1348,694 (51x51 0x008B07 tol=5, 15 ms)
2026-07-23 14:48:05 [woodcutting] Tracking not-yet-stable target at 1348,694 (search 15 ms)
2026-07-23 14:48:05 [woodcutting] FindFilledBlock: found at 1310,688 (51x51 0x008B07 tol=5, 15 ms)
2026-07-23 14:48:05 [woodcutting] Tracking not-yet-stable target at 1310,688 (search 15 ms)
2026-07-23 14:48:05 [woodcutting] FindFilledBlock: found at 1310,688 (51x51 0x008B07 tol=5, 15 ms)
2026-07-23 14:48:05 [woodcutting] Tracking not-yet-stable target at 1310,688 (search 15 ms)
2026-07-23 14:48:05 [woodcutting] FindFilledBlock: found at 1310,688 (51x51 0x008B07 tol=5, 0 ms)
2026-07-23 14:48:05 [woodcutting] Tracking stable target at 1310,688 (cooldown active, search 0 ms)
2026-07-23 14:48:05 [woodcutting] FindFilledBlock: found at 1310,688 (51x51 0x008B07 tol=5, 16 ms)
2026-07-23 14:48:05 [woodcutting] Tracking stable target at 1310,688 (cooldown active, search 16 ms)
2026-07-23 14:48:06 [woodcutting] FindFilledBlock: found at 1310,688 (51x51 0x008B07 tol=5, 15 ms)
2026-07-23 14:48:06 [woodcutting] Tracking stable target at 1310,688 (cooldown active, search 15 ms)
2026-07-23 14:48:06 [woodcutting] FindFilledBlock: found at 1310,688 (51x51 0x008B07 tol=5, 0 ms)
2026-07-23 14:48:06 [woodcutting] Tracking stable target at 1310,688 (cooldown active, search 0 ms)
2026-07-23 14:48:06 [woodcutting] FindFilledBlock: found at 1310,688 (51x51 0x008B07 tol=5, 16 ms)
2026-07-23 14:48:06 [woodcutting] Clicked STABLE target at 1310,688 (search 16 ms)
2026-07-23 14:48:06 [woodcutting] ReleasePendingModifiersNow: released Ctrl
2026-07-23 14:48:06 [woodcutting] FindFilledBlock: found at 1348,694 (51x51 0x008B07 tol=5, 16 ms)
2026-07-23 14:48:06 [woodcutting] Tracking not-yet-stable target at 1348,694 (search 16 ms)
2026-07-23 14:48:06 [woodcutting] FindFilledBlock: found at 1348,694 (51x51 0x008B07 tol=5, 0 ms)
2026-07-23 14:48:06 [woodcutting] Tracking not-yet-stable target at 1348,694 (search 0 ms)
2026-07-23 14:48:07 [woodcutting] FindFilledBlock: found at 1310,688 (51x51 0x008B07 tol=5, 0 ms)
2026-07-23 14:48:07 [woodcutting] Tracking not-yet-stable target at 1310,688 (search 0 ms)
2026-07-23 14:48:07 [woodcutting] FindFilledBlock: found at 1310,688 (51x51 0x008B07 tol=5, 15 ms)
2026-07-23 14:48:07 [woodcutting] Tracking not-yet-stable target at 1310,688 (search 15 ms)
2026-07-23 14:48:07 [woodcutting] FindFilledBlock: found at 1310,688 (51x51 0x008B07 tol=5, 0 ms)
2026-07-23 14:48:07 [woodcutting] Tracking stable target at 1310,688 (cooldown active, search 0 ms)
2026-07-23 14:48:07 [woodcutting] FindFilledBlock: found at 1310,688 (51x51 0x008B07 tol=5, 16 ms)
2026-07-23 14:48:07 [woodcutting] Tracking stable target at 1310,688 (cooldown active, search 16 ms)
2026-07-23 14:48:07 [woodcutting] FindFilledBlock: found at 1310,688 (51x51 0x008B07 tol=5, 0 ms)
2026-07-23 14:48:07 [woodcutting] Tracking stable target at 1310,688 (cooldown active, search 16 ms)
2026-07-23 14:48:07 [woodcutting] FindFilledBlock: found at 1310,688 (51x51 0x008B07 tol=5, 15 ms)
2026-07-23 14:48:07 [woodcutting] Tracking stable target at 1310,688 (cooldown active, search 15 ms)
2026-07-23 14:48:08 [woodcutting] FindFilledBlock: found at 1310,688 (51x51 0x008B07 tol=5, 16 ms)
2026-07-23 14:48:08 [woodcutting] Clicked STABLE target at 1310,688 (search 16 ms)
2026-07-23 14:48:08 [woodcutting] ReleasePendingModifiersNow: released Ctrl
2026-07-23 14:48:08 [woodcutting] FindFilledBlock: found at 1348,694 (51x51 0x008B07 tol=5, 15 ms)
2026-07-23 14:48:08 [woodcutting] Tracking not-yet-stable target at 1348,694 (search 15 ms)
2026-07-23 14:48:08 [woodcutting] FindFilledBlock: found at 1348,694 (51x51 0x008B07 tol=5, 15 ms)
2026-07-23 14:48:08 [woodcutting] Tracking not-yet-stable target at 1348,694 (search 15 ms)
2026-07-23 14:48:08 [woodcutting] FindFilledBlock: found at 1310,688 (51x51 0x008B07 tol=5, 16 ms)
2026-07-23 14:48:08 [woodcutting] Tracking not-yet-stable target at 1310,688 (search 16 ms)
2026-07-23 14:48:08 [woodcutting] FindFilledBlock: found at 1310,688 (51x51 0x008B07 tol=5, 16 ms)
2026-07-23 14:48:08 [woodcutting] Tracking not-yet-stable target at 1310,688 (search 16 ms)
2026-07-23 14:48:09 [woodcutting] FindFilledBlock: found at 1310,688 (51x51 0x008B07 tol=5, 15 ms)
2026-07-23 14:48:09 [woodcutting] Tracking stable target at 1310,688 (cooldown active, search 15 ms)
2026-07-23 14:48:09 [woodcutting] FindFilledBlock: found at 1310,688 (51x51 0x008B07 tol=5, 15 ms)
2026-07-23 14:48:09 [woodcutting] Tracking stable target at 1310,688 (cooldown active, search 15 ms)
2026-07-23 14:48:09 [woodcutting] FindFilledBlock: found at 1310,688 (51x51 0x008B07 tol=5, 16 ms)
2026-07-23 14:48:09 [woodcutting] Tracking stable target at 1310,688 (cooldown active, search 16 ms)
2026-07-23 14:48:09 [woodcutting] FindFilledBlock: found at 1310,688 (51x51 0x008B07 tol=5, 16 ms)
2026-07-23 14:48:09 [woodcutting] Tracking stable target at 1310,688 (cooldown active, search 16 ms)
2026-07-23 14:48:09 [woodcutting] FindFilledBlock: found at 1310,688 (51x51 0x008B07 tol=5, 0 ms)
2026-07-23 14:48:09 [woodcutting] Clicked STABLE target at 1310,688 (search 0 ms)
2026-07-23 14:48:09 [woodcutting] ReleasePendingModifiersNow: released Ctrl
2026-07-23 14:48:10 [woodcutting] FindFilledBlock: found at 1348,694 (51x51 0x008B07 tol=5, 16 ms)
2026-07-23 14:48:10 [woodcutting] Tracking not-yet-stable target at 1348,694 (search 16 ms)
2026-07-23 14:48:10 [woodcutting] FindFilledBlock: found at 1348,694 (51x51 0x008B07 tol=5, 15 ms)
2026-07-23 14:48:10 [woodcutting] Tracking not-yet-stable target at 1348,694 (search 15 ms)
2026-07-23 14:48:10 [woodcutting] FindFilledBlock: found at 1310,688 (51x51 0x008B07 tol=5, 16 ms)
2026-07-23 14:48:10 [woodcutting] Tracking not-yet-stable target at 1310,688 (search 16 ms)
2026-07-23 14:48:10 [woodcutting] FindFilledBlock: found at 1310,688 (51x51 0x008B07 tol=5, 16 ms)
2026-07-23 14:48:10 [woodcutting] Tracking not-yet-stable target at 1310,688 (search 16 ms)
2026-07-23 14:48:10 [woodcutting] FindFilledBlock: found at 1310,688 (51x51 0x008B07 tol=5, 15 ms)
2026-07-23 14:48:10 [woodcutting] Tracking stable target at 1310,688 (cooldown active, search 15 ms)
2026-07-23 14:48:10 [woodcutting] FindFilledBlock: found at 1310,688 (51x51 0x008B07 tol=5, 15 ms)
2026-07-23 14:48:10 [woodcutting] Tracking stable target at 1310,688 (cooldown active, search 15 ms)
2026-07-23 14:48:11 [woodcutting] FindFilledBlock: found at 1310,688 (51x51 0x008B07 tol=5, 16 ms)
2026-07-23 14:48:11 [woodcutting] Tracking stable target at 1310,688 (cooldown active, search 16 ms)
2026-07-23 14:48:11 [woodcutting] FindFilledBlock: found at 1310,688 (51x51 0x008B07 tol=5, 0 ms)
2026-07-23 14:48:11 [woodcutting] Tracking stable target at 1310,688 (cooldown active, search 0 ms)
2026-07-23 14:48:11 [woodcutting] FindFilledBlock: found at 1310,688 (51x51 0x008B07 tol=5, 16 ms)
2026-07-23 14:48:11 [woodcutting] Tracking stable target at 1310,688 (cooldown active, search 16 ms)
2026-07-23 14:48:11 [woodcutting] FindFilledBlock: found at 1310,688 (51x51 0x008B07 tol=5, 0 ms)
2026-07-23 14:48:11 [woodcutting] Clicked STABLE target at 1310,688 (search 0 ms)
2026-07-23 14:48:11 [woodcutting] ReleasePendingModifiersNow: released Ctrl
2026-07-23 14:48:11 [woodcutting] FindFilledBlock: found at 1348,694 (51x51 0x008B07 tol=5, 0 ms)
2026-07-23 14:48:11 [woodcutting] Tracking not-yet-stable target at 1348,694 (search 0 ms)
2026-07-23 14:48:11 [woodcutting] FindFilledBlock: found at 1348,694 (51x51 0x008B07 tol=5, 16 ms)
2026-07-23 14:48:12 [woodcutting] Tracking not-yet-stable target at 1348,694 (search 16 ms)
2026-07-23 14:48:12 [woodcutting] FindFilledBlock: found at 1310,688 (51x51 0x008B07 tol=5, 0 ms)
2026-07-23 14:48:12 [woodcutting] Tracking not-yet-stable target at 1310,688 (search 16 ms)
2026-07-23 14:48:12 [woodcutting] FindFilledBlock: found at 1310,688 (51x51 0x008B07 tol=5, 0 ms)
2026-07-23 14:48:12 [woodcutting] Tracking not-yet-stable target at 1310,688 (search 0 ms)
2026-07-23 14:48:12 [woodcutting] FindFilledBlock: found at 1310,688 (51x51 0x008B07 tol=5, 15 ms)
2026-07-23 14:48:12 [woodcutting] Tracking stable target at 1310,688 (cooldown active, search 15 ms)
2026-07-23 14:48:12 [woodcutting] FindFilledBlock: found at 1310,688 (51x51 0x008B07 tol=5, 16 ms)
2026-07-23 14:48:12 [woodcutting] Tracking stable target at 1310,688 (cooldown active, search 16 ms)
2026-07-23 14:48:12 [woodcutting] FindFilledBlock: found at 1310,688 (51x51 0x008B07 tol=5, 16 ms)
2026-07-23 14:48:12 [woodcutting] Tracking stable target at 1310,688 (cooldown active, search 16 ms)
2026-07-23 14:48:12 [woodcutting] FindFilledBlock: found at 1310,688 (51x51 0x008B07 tol=5, 15 ms)
2026-07-23 14:48:12 [woodcutting] Tracking stable target at 1310,688 (cooldown active, search 15 ms)
2026-07-23 14:48:13 [woodcutting] FindFilledBlock: found at 1310,688 (51x51 0x008B07 tol=5, 16 ms)
2026-07-23 14:48:13 [woodcutting] Clicked STABLE target at 1310,688 (search 16 ms)
2026-07-23 14:48:13 [woodcutting] ReleasePendingModifiersNow: released Ctrl
2026-07-23 14:48:13 [woodcutting] FindFilledBlock: found at 1348,694 (51x51 0x008B07 tol=5, 16 ms)
2026-07-23 14:48:13 [woodcutting] Tracking not-yet-stable target at 1348,694 (search 16 ms)
2026-07-23 14:48:13 [woodcutting] FindFilledBlock: found at 1310,688 (51x51 0x008B07 tol=5, 15 ms)
2026-07-23 14:48:13 [woodcutting] Tracking not-yet-stable target at 1310,688 (search 15 ms)
2026-07-23 14:48:13 [woodcutting] FindFilledBlock: found at 1310,688 (51x51 0x008B07 tol=5, 15 ms)
2026-07-23 14:48:13 [woodcutting] Tracking not-yet-stable target at 1310,688 (search 15 ms)
2026-07-23 14:48:14 [woodcutting] FindFilledBlock: found at 1310,688 (51x51 0x008B07 tol=5, 16 ms)
2026-07-23 14:48:14 [woodcutting] Tracking stable target at 1310,688 (cooldown active, search 16 ms)
2026-07-23 14:48:14 [woodcutting] FindFilledBlock: found at 1310,688 (51x51 0x008B07 tol=5, 0 ms)
2026-07-23 14:48:14 [woodcutting] Tracking stable target at 1310,688 (cooldown active, search 0 ms)
2026-07-23 14:48:14 [woodcutting] FindFilledBlock: found at 1310,688 (51x51 0x008B07 tol=5, 0 ms)
2026-07-23 14:48:14 [woodcutting] Tracking stable target at 1310,688 (cooldown active, search 0 ms)
2026-07-23 14:48:14 [woodcutting] FindFilledBlock: found at 1310,688 (51x51 0x008B07 tol=5, 0 ms)
2026-07-23 14:48:14 [woodcutting] Tracking stable target at 1310,688 (cooldown active, search 0 ms)
2026-07-23 14:48:14 [woodcutting] FindFilledBlock: found at 1310,688 (51x51 0x008B07 tol=5, 0 ms)
2026-07-23 14:48:14 [woodcutting] Tracking stable target at 1310,688 (cooldown active, search 0 ms)
2026-07-23 14:48:14 [woodcutting] FindFilledBlock: found at 1310,688 (51x51 0x008B07 tol=5, 16 ms)
2026-07-23 14:48:14 [woodcutting] Clicked STABLE target at 1310,688 (search 16 ms)
2026-07-23 14:48:15 [woodcutting] ReleasePendingModifiersNow: released Ctrl
2026-07-23 14:48:15 [woodcutting] FindFilledBlock: found at 1348,694 (51x51 0x008B07 tol=5, 15 ms)
2026-07-23 14:48:15 [woodcutting] Tracking not-yet-stable target at 1348,694 (search 15 ms)
2026-07-23 14:48:15 [woodcutting] FindFilledBlock: found at 1310,688 (51x51 0x008B07 tol=5, 16 ms)
2026-07-23 14:48:15 [woodcutting] Tracking not-yet-stable target at 1310,688 (search 16 ms)
2026-07-23 14:48:15 [woodcutting] FindFilledBlock: found at 1310,688 (51x51 0x008B07 tol=5, 15 ms)
2026-07-23 14:48:15 [woodcutting] Tracking not-yet-stable target at 1310,688 (search 15 ms)
2026-07-23 14:48:15 [woodcutting] FindFilledBlock: found at 1310,688 (51x51 0x008B07 tol=5, 16 ms)
2026-07-23 14:48:15 [woodcutting] Tracking stable target at 1310,688 (cooldown active, search 16 ms)
2026-07-23 14:48:15 [woodcutting] FindFilledBlock: found at 1310,688 (51x51 0x008B07 tol=5, 0 ms)
2026-07-23 14:48:15 [woodcutting] Tracking stable target at 1310,688 (cooldown active, search 0 ms)
2026-07-23 14:48:15 [woodcutting] FindFilledBlock: found at 1310,688 (51x51 0x008B07 tol=5, 16 ms)
2026-07-23 14:48:15 [woodcutting] Tracking stable target at 1310,688 (cooldown active, search 16 ms)
2026-07-23 14:48:16 [woodcutting] FindFilledBlock: found at 1310,688 (51x51 0x008B07 tol=5, 15 ms)
2026-07-23 14:48:16 [woodcutting] Tracking stable target at 1310,688 (cooldown active, search 15 ms)
2026-07-23 14:48:16 [woodcutting] FindFilledBlock: found at 1310,688 (51x51 0x008B07 tol=5, 0 ms)
2026-07-23 14:48:16 [woodcutting] Tracking stable target at 1310,688 (cooldown active, search 0 ms)
2026-07-23 14:48:16 [woodcutting] FindFilledBlock: found at 1310,688 (51x51 0x008B07 tol=5, 0 ms)
2026-07-23 14:48:16 [woodcutting] Clicked STABLE target at 1310,688 (search 0 ms)
2026-07-23 14:48:16 [woodcutting] ReleasePendingModifiersNow: released Ctrl
2026-07-23 14:48:16 [woodcutting] FindFilledBlock: found at 1348,694 (51x51 0x008B07 tol=5, 15 ms)
2026-07-23 14:48:16 [woodcutting] Tracking not-yet-stable target at 1348,694 (search 15 ms)
2026-07-23 14:48:16 [woodcutting] FindFilledBlock: found at 1348,694 (51x51 0x008B07 tol=5, 0 ms)
2026-07-23 14:48:17 [woodcutting] Tracking not-yet-stable target at 1348,694 (search 16 ms)
2026-07-23 14:48:17 [woodcutting] FindFilledBlock: found at 1310,688 (51x51 0x008B07 tol=5, 16 ms)
2026-07-23 14:48:17 [woodcutting] Tracking not-yet-stable target at 1310,688 (search 16 ms)
2026-07-23 14:48:17 [woodcutting] FindFilledBlock: found at 1310,688 (51x51 0x008B07 tol=5, 0 ms)
2026-07-23 14:48:17 [woodcutting] Tracking not-yet-stable target at 1310,688 (search 0 ms)
2026-07-23 14:48:17 [woodcutting] FindFilledBlock: found at 1310,688 (51x51 0x008B07 tol=5, 15 ms)
2026-07-23 14:48:17 [woodcutting] Tracking stable target at 1310,688 (cooldown active, search 15 ms)
2026-07-23 14:48:17 [woodcutting] FindFilledBlock: found at 1310,688 (51x51 0x008B07 tol=5, 16 ms)
2026-07-23 14:48:17 [woodcutting] Tracking stable target at 1310,688 (cooldown active, search 16 ms)
2026-07-23 14:48:17 [woodcutting] FindFilledBlock: found at 1310,688 (51x51 0x008B07 tol=5, 0 ms)
2026-07-23 14:48:17 [woodcutting] Tracking stable target at 1310,688 (cooldown active, search 0 ms)
2026-07-23 14:48:17 [woodcutting] FindFilledBlock: found at 1310,688 (51x51 0x008B07 tol=5, 16 ms)
2026-07-23 14:48:17 [woodcutting] Tracking stable target at 1310,688 (cooldown active, search 16 ms)
2026-07-23 14:48:18 [woodcutting] FindFilledBlock: found at 1310,688 (51x51 0x008B07 tol=5, 16 ms)
2026-07-23 14:48:18 [woodcutting] Clicked STABLE target at 1310,688 (search 16 ms)
2026-07-23 14:48:18 [woodcutting] ReleasePendingModifiersNow: released Ctrl
2026-07-23 14:48:18 [woodcutting] FindFilledBlock: found at 1348,694 (51x51 0x008B07 tol=5, 15 ms)
2026-07-23 14:48:18 [woodcutting] Tracking not-yet-stable target at 1348,694 (search 15 ms)
2026-07-23 14:48:18 [woodcutting] FindFilledBlock: found at 1348,694 (51x51 0x008B07 tol=5, 0 ms)
2026-07-23 14:48:18 [woodcutting] Tracking not-yet-stable target at 1348,694 (search 0 ms)
2026-07-23 14:48:18 [woodcutting] FindFilledBlock: found at 1310,688 (51x51 0x008B07 tol=5, 16 ms)
2026-07-23 14:48:18 [woodcutting] Tracking not-yet-stable target at 1310,688 (search 16 ms)
2026-07-23 14:48:18 [woodcutting] FindFilledBlock: found at 1310,688 (51x51 0x008B07 tol=5, 0 ms)
2026-07-23 14:48:18 [woodcutting] Tracking not-yet-stable target at 1310,688 (search 0 ms)
2026-07-23 14:48:19 [woodcutting] FindFilledBlock: found at 1310,688 (51x51 0x008B07 tol=5, 15 ms)
2026-07-23 14:48:19 [woodcutting] Tracking stable target at 1310,688 (cooldown active, search 15 ms)
2026-07-23 14:48:19 [woodcutting] FindFilledBlock: found at 1310,688 (51x51 0x008B07 tol=5, 0 ms)
2026-07-23 14:48:19 [woodcutting] Tracking stable target at 1310,688 (cooldown active, search 0 ms)
2026-07-23 14:48:19 [woodcutting] FindFilledBlock: found at 1310,688 (51x51 0x008B07 tol=5, 0 ms)
2026-07-23 14:48:19 [woodcutting] Tracking stable target at 1310,688 (cooldown active, search 16 ms)
2026-07-23 14:48:19 [woodcutting] FindFilledBlock: found at 1310,688 (51x51 0x008B07 tol=5, 0 ms)
2026-07-23 14:48:19 [woodcutting] Tracking stable target at 1310,688 (cooldown active, search 0 ms)
2026-07-23 14:48:19 [woodcutting] FindFilledBlock: found at 1310,688 (51x51 0x008B07 tol=5, 16 ms)
2026-07-23 14:48:19 [woodcutting] Clicked STABLE target at 1310,688 (search 16 ms)
2026-07-23 14:48:19 [woodcutting] ReleasePendingModifiersNow: released Ctrl
2026-07-23 14:48:20 [woodcutting] FindFilledBlock: found at 1348,694 (51x51 0x008B07 tol=5, 0 ms)
2026-07-23 14:48:20 [woodcutting] Tracking not-yet-stable target at 1348,694 (search 0 ms)
2026-07-23 14:48:20 [woodcutting] FindFilledBlock: found at 1348,694 (51x51 0x008B07 tol=5, 16 ms)
2026-07-23 14:48:20 [woodcutting] Tracking not-yet-stable target at 1348,694 (search 16 ms)
2026-07-23 14:48:20 [woodcutting] FindFilledBlock: found at 1310,688 (51x51 0x008B07 tol=5, 15 ms)
2026-07-23 14:48:20 [woodcutting] Tracking not-yet-stable target at 1310,688 (search 15 ms)
2026-07-23 14:48:20 [woodcutting] FindFilledBlock: found at 1310,688 (51x51 0x008B07 tol=5, 15 ms)
2026-07-23 14:48:20 [woodcutting] Tracking not-yet-stable target at 1310,688 (search 15 ms)
2026-07-23 14:48:20 [woodcutting] FindFilledBlock: found at 1310,688 (51x51 0x008B07 tol=5, 16 ms)
2026-07-23 14:48:20 [woodcutting] Tracking stable target at 1310,688 (cooldown active, search 16 ms)
2026-07-23 14:48:20 [woodcutting] FindFilledBlock: found at 1310,688 (51x51 0x008B07 tol=5, 16 ms)
2026-07-23 14:48:20 [woodcutting] Tracking stable target at 1310,688 (cooldown active, search 16 ms)
2026-07-23 14:48:21 [woodcutting] FindFilledBlock: found at 1310,688 (51x51 0x008B07 tol=5, 0 ms)
2026-07-23 14:48:21 [woodcutting] Tracking stable target at 1310,688 (cooldown active, search 0 ms)
2026-07-23 14:48:21 [woodcutting] FindFilledBlock: found at 1310,688 (51x51 0x008B07 tol=5, 0 ms)
2026-07-23 14:48:21 [woodcutting] Tracking stable target at 1310,688 (cooldown active, search 16 ms)
2026-07-23 14:48:21 [woodcutting] FindFilledBlock: found at 1310,688 (51x51 0x008B07 tol=5, 0 ms)
2026-07-23 14:48:21 [woodcutting] Clicked STABLE target at 1310,688 (search 0 ms)
2026-07-23 14:48:21 [woodcutting] ReleasePendingModifiersNow: released Ctrl
2026-07-23 14:48:21 [woodcutting] FindFilledBlock: found at 1348,694 (51x51 0x008B07 tol=5, 0 ms)
2026-07-23 14:48:21 [woodcutting] Tracking not-yet-stable target at 1348,694 (search 0 ms)
2026-07-23 14:48:21 [woodcutting] FindFilledBlock: found at 1348,694 (51x51 0x008B07 tol=5, 0 ms)
2026-07-23 14:48:21 [woodcutting] Tracking not-yet-stable target at 1348,694 (search 16 ms)
2026-07-23 14:48:22 [woodcutting] FindFilledBlock: found at 1310,688 (51x51 0x008B07 tol=5, 16 ms)
2026-07-23 14:48:22 [woodcutting] Tracking not-yet-stable target at 1310,688 (search 16 ms)
2026-07-23 14:48:22 [woodcutting] FindFilledBlock: found at 1310,688 (51x51 0x008B07 tol=5, 0 ms)
2026-07-23 14:48:22 [woodcutting] Tracking not-yet-stable target at 1310,688 (search 0 ms)
2026-07-23 14:48:22 [woodcutting] FindFilledBlock: found at 1310,688 (51x51 0x008B07 tol=5, 16 ms)
2026-07-23 14:48:22 [woodcutting] Tracking stable target at 1310,688 (cooldown active, search 16 ms)
2026-07-23 14:48:22 [woodcutting] FindFilledBlock: found at 1310,688 (51x51 0x008B07 tol=5, 0 ms)
2026-07-23 14:48:22 [woodcutting] Tracking stable target at 1310,688 (cooldown active, search 0 ms)
2026-07-23 14:48:22 [woodcutting] FindFilledBlock: found at 1310,688 (51x51 0x008B07 tol=5, 15 ms)
2026-07-23 14:48:22 [woodcutting] Tracking stable target at 1310,688 (cooldown active, search 15 ms)
2026-07-23 14:48:22 [woodcutting] FindFilledBlock: found at 1310,688 (51x51 0x008B07 tol=5, 16 ms)
2026-07-23 14:48:22 [woodcutting] Tracking stable target at 1310,688 (cooldown active, search 16 ms)
2026-07-23 14:48:23 [woodcutting] FindFilledBlock: found at 1310,688 (51x51 0x008B07 tol=5, 16 ms)
2026-07-23 14:48:23 [woodcutting] Clicked STABLE target at 1310,688 (search 16 ms)
2026-07-23 14:48:23 [woodcutting] ReleasePendingModifiersNow: released Ctrl
2026-07-23 14:48:23 [woodcutting] FindFilledBlock: found at 1348,694 (51x51 0x008B07 tol=5, 15 ms)
2026-07-23 14:48:23 [woodcutting] Tracking not-yet-stable target at 1348,694 (search 15 ms)
2026-07-23 14:48:23 [woodcutting] FindFilledBlock: found at 1348,694 (51x51 0x008B07 tol=5, 15 ms)
2026-07-23 14:48:23 [woodcutting] Tracking not-yet-stable target at 1348,694 (search 15 ms)
2026-07-23 14:48:23 [woodcutting] FindFilledBlock: found at 1310,688 (51x51 0x008B07 tol=5, 0 ms)
2026-07-23 14:48:23 [woodcutting] Tracking not-yet-stable target at 1310,688 (search 0 ms)
2026-07-23 14:48:23 [woodcutting] FindFilledBlock: found at 1310,688 (51x51 0x008B07 tol=5, 16 ms)
2026-07-23 14:48:23 [woodcutting] Tracking not-yet-stable target at 1310,688 (search 16 ms)
2026-07-23 14:48:24 [woodcutting] FindFilledBlock: found at 1310,688 (51x51 0x008B07 tol=5, 0 ms)
2026-07-23 14:48:24 [woodcutting] Tracking stable target at 1310,688 (cooldown active, search 0 ms)
2026-07-23 14:48:24 [woodcutting] FindFilledBlock: found at 1310,688 (51x51 0x008B07 tol=5, 15 ms)
2026-07-23 14:48:24 [woodcutting] Tracking stable target at 1310,688 (cooldown active, search 15 ms)
2026-07-23 14:48:24 [woodcutting] FindFilledBlock: found at 1310,688 (51x51 0x008B07 tol=5, 0 ms)
2026-07-23 14:48:24 [woodcutting] Tracking stable target at 1310,688 (cooldown active, search 0 ms)
2026-07-23 14:48:24 [woodcutting] FindFilledBlock: found at 1310,688 (51x51 0x008B07 tol=5, 16 ms)
2026-07-23 14:48:24 [woodcutting] Tracking stable target at 1310,688 (cooldown active, search 16 ms)
2026-07-23 14:48:24 [woodcutting] FindFilledBlock: found at 1310,688 (51x51 0x008B07 tol=5, 0 ms)
2026-07-23 14:48:24 [woodcutting] Clicked STABLE target at 1310,688 (search 0 ms)
2026-07-23 14:48:24 [woodcutting] ReleasePendingModifiersNow: released Ctrl
2026-07-23 14:48:25 [woodcutting] FindFilledBlock: found at 1348,694 (51x51 0x008B07 tol=5, 0 ms)
2026-07-23 14:48:25 [woodcutting] Tracking not-yet-stable target at 1348,694 (search 0 ms)
2026-07-23 14:48:25 [woodcutting] FindFilledBlock: found at 1348,694 (51x51 0x008B07 tol=5, 0 ms)
2026-07-23 14:48:25 [woodcutting] Tracking not-yet-stable target at 1348,694 (search 16 ms)
2026-07-23 14:48:25 [woodcutting] FindFilledBlock: found at 1310,688 (51x51 0x008B07 tol=5, 0 ms)
2026-07-23 14:48:25 [woodcutting] Tracking not-yet-stable target at 1310,688 (search 0 ms)
2026-07-23 14:48:25 [woodcutting] FindFilledBlock: found at 1310,688 (51x51 0x008B07 tol=5, 0 ms)
2026-07-23 14:48:25 [woodcutting] Tracking not-yet-stable target at 1310,688 (search 16 ms)
2026-07-23 14:48:25 [woodcutting] FindFilledBlock: found at 1310,688 (51x51 0x008B07 tol=5, 16 ms)
2026-07-23 14:48:25 [woodcutting] Tracking stable target at 1310,688 (cooldown active, search 16 ms)
2026-07-23 14:48:25 [woodcutting] FindFilledBlock: found at 1310,688 (51x51 0x008B07 tol=5, 16 ms)
2026-07-23 14:48:25 [woodcutting] Tracking stable target at 1310,688 (cooldown active, search 16 ms)
2026-07-23 14:48:26 [woodcutting] FindFilledBlock: found at 1310,688 (51x51 0x008B07 tol=5, 15 ms)
2026-07-23 14:48:26 [woodcutting] Tracking stable target at 1310,688 (cooldown active, search 15 ms)
2026-07-23 14:48:26 [woodcutting] FindFilledBlock: found at 1310,688 (51x51 0x008B07 tol=5, 15 ms)
2026-07-23 14:48:26 [woodcutting] Tracking stable target at 1310,688 (cooldown active, search 15 ms)
2026-07-23 14:48:26 [woodcutting] FindFilledBlock: found at 1310,688 (51x51 0x008B07 tol=5, 16 ms)
2026-07-23 14:48:26 [woodcutting] Clicked STABLE target at 1310,688 (search 16 ms)
2026-07-23 14:48:26 [woodcutting] ReleasePendingModifiersNow: released Ctrl
2026-07-23 14:48:26 [woodcutting] FindFilledBlock: found at 1348,694 (51x51 0x008B07 tol=5, 15 ms)
2026-07-23 14:48:26 [woodcutting] Tracking not-yet-stable target at 1348,694 (search 15 ms)
2026-07-23 14:48:26 [woodcutting] FindFilledBlock: found at 1348,694 (51x51 0x008B07 tol=5, 16 ms)
2026-07-23 14:48:26 [woodcutting] Tracking not-yet-stable target at 1348,694 (search 16 ms)
2026-07-23 14:48:27 [woodcutting] FindFilledBlock: found at 1310,688 (51x51 0x008B07 tol=5, 15 ms)
2026-07-23 14:48:27 [woodcutting] Tracking not-yet-stable target at 1310,688 (search 15 ms)
2026-07-23 14:48:27 [woodcutting] FindFilledBlock: found at 1310,688 (51x51 0x008B07 tol=5, 15 ms)
2026-07-23 14:48:27 [woodcutting] Tracking not-yet-stable target at 1310,688 (search 15 ms)
2026-07-23 14:48:27 [woodcutting] FindFilledBlock: found at 1310,688 (51x51 0x008B07 tol=5, 16 ms)
2026-07-23 14:48:27 [woodcutting] Tracking stable target at 1310,688 (cooldown active, search 16 ms)
2026-07-23 14:48:27 [woodcutting] FindFilledBlock: found at 1310,688 (51x51 0x008B07 tol=5, 16 ms)
2026-07-23 14:48:27 [woodcutting] Tracking stable target at 1310,688 (cooldown active, search 16 ms)
2026-07-23 14:48:27 [woodcutting] FindFilledBlock: found at 1310,688 (51x51 0x008B07 tol=5, 15 ms)
2026-07-23 14:48:27 [woodcutting] Tracking stable target at 1310,688 (cooldown active, search 15 ms)
2026-07-23 14:48:27 [woodcutting] FindFilledBlock: found at 1310,688 (51x51 0x008B07 tol=5, 16 ms)
2026-07-23 14:48:27 [woodcutting] Tracking stable target at 1310,688 (cooldown active, search 16 ms)
2026-07-23 14:48:27 [woodcutting] FindFilledBlock: found at 1310,688 (51x51 0x008B07 tol=5, 16 ms)
2026-07-23 14:48:28 [woodcutting] Clicked STABLE target at 1310,688 (search 16 ms)
2026-07-23 14:48:28 [woodcutting] ReleasePendingModifiersNow: released Ctrl
2026-07-23 14:48:28 [woodcutting] FindFilledBlock: found at 1348,694 (51x51 0x008B07 tol=5, 15 ms)
2026-07-23 14:48:28 [woodcutting] Tracking not-yet-stable target at 1348,694 (search 15 ms)
2026-07-23 14:48:28 [woodcutting] FindFilledBlock: found at 1348,694 (51x51 0x008B07 tol=5, 0 ms)
2026-07-23 14:48:28 [woodcutting] Tracking not-yet-stable target at 1348,694 (search 0 ms)
2026-07-23 14:48:28 [woodcutting] FindFilledBlock: found at 1310,688 (51x51 0x008B07 tol=5, 16 ms)
2026-07-23 14:48:28 [woodcutting] Tracking not-yet-stable target at 1310,688 (search 16 ms)
2026-07-23 14:48:28 [woodcutting] FindFilledBlock: found at 1310,688 (51x51 0x008B07 tol=5, 16 ms)
2026-07-23 14:48:28 [woodcutting] Tracking not-yet-stable target at 1310,688 (search 16 ms)
2026-07-23 14:48:29 [woodcutting] FindFilledBlock: found at 1310,688 (51x51 0x008B07 tol=5, 0 ms)
2026-07-23 14:48:29 [woodcutting] Tracking stable target at 1310,688 (cooldown active, search 16 ms)
2026-07-23 14:48:29 [woodcutting] FindFilledBlock: found at 1310,688 (51x51 0x008B07 tol=5, 15 ms)
2026-07-23 14:48:29 [woodcutting] Tracking stable target at 1310,688 (cooldown active, search 15 ms)
2026-07-23 14:48:29 [woodcutting] FindFilledBlock: found at 1310,688 (51x51 0x008B07 tol=5, 15 ms)
2026-07-23 14:48:29 [woodcutting] Tracking stable target at 1310,688 (cooldown active, search 15 ms)
2026-07-23 14:48:29 [woodcutting] FindFilledBlock: found at 1310,688 (51x51 0x008B07 tol=5, 16 ms)
2026-07-23 14:48:29 [woodcutting] Tracking stable target at 1310,688 (cooldown active, search 16 ms)
2026-07-23 14:48:29 [woodcutting] FindFilledBlock: found at 1310,688 (51x51 0x008B07 tol=5, 16 ms)
2026-07-23 14:48:29 [woodcutting] Clicked STABLE target at 1310,688 (search 16 ms)
2026-07-23 14:48:29 [woodcutting] ReleasePendingModifiersNow: released Ctrl
2026-07-23 14:48:30 [woodcutting] FindFilledBlock: found at 1348,694 (51x51 0x008B07 tol=5, 16 ms)
2026-07-23 14:48:30 [woodcutting] Tracking not-yet-stable target at 1348,694 (search 16 ms)
2026-07-23 14:48:30 [woodcutting] FindFilledBlock: found at 1348,694 (51x51 0x008B07 tol=5, 0 ms)
2026-07-23 14:48:30 [woodcutting] Tracking not-yet-stable target at 1348,694 (search 0 ms)
2026-07-23 14:48:30 [woodcutting] FindFilledBlock: found at 1310,688 (51x51 0x008B07 tol=5, 15 ms)
2026-07-23 14:48:30 [woodcutting] Tracking not-yet-stable target at 1310,688 (search 15 ms)
2026-07-23 14:48:30 [woodcutting] FindFilledBlock: found at 1310,688 (51x51 0x008B07 tol=5, 0 ms)
2026-07-23 14:48:30 [woodcutting] Tracking not-yet-stable target at 1310,688 (search 0 ms)
2026-07-23 14:48:30 [woodcutting] FindFilledBlock: found at 1310,688 (51x51 0x008B07 tol=5, 0 ms)
2026-07-23 14:48:30 [woodcutting] Tracking stable target at 1310,688 (cooldown active, search 16 ms)
2026-07-23 14:48:30 [woodcutting] FindFilledBlock: found at 1310,688 (51x51 0x008B07 tol=5, 0 ms)
2026-07-23 14:48:30 [woodcutting] Tracking stable target at 1310,688 (cooldown active, search 0 ms)
2026-07-23 14:48:30 [woodcutting] FindFilledBlock: found at 1310,688 (51x51 0x008B07 tol=5, 0 ms)
2026-07-23 14:48:30 [woodcutting] Tracking stable target at 1310,688 (cooldown active, search 0 ms)
2026-07-23 14:48:31 [woodcutting] FindFilledBlock: found at 1310,688 (51x51 0x008B07 tol=5, 15 ms)
2026-07-23 14:48:31 [woodcutting] Tracking stable target at 1310,688 (cooldown active, search 15 ms)
2026-07-23 14:48:31 [woodcutting] FindFilledBlock: found at 1310,688 (51x51 0x008B07 tol=5, 0 ms)
2026-07-23 14:48:31 [woodcutting] Clicked STABLE target at 1310,688 (search 0 ms)
2026-07-23 14:48:31 [woodcutting] ReleasePendingModifiersNow: released Ctrl
2026-07-23 14:48:31 [woodcutting] FindFilledBlock: found at 1348,694 (51x51 0x008B07 tol=5, 15 ms)
2026-07-23 14:48:31 [woodcutting] Tracking not-yet-stable target at 1348,694 (search 15 ms)
2026-07-23 14:48:31 [woodcutting] FindFilledBlock: found at 1348,694 (51x51 0x008B07 tol=5, 16 ms)
2026-07-23 14:48:31 [woodcutting] Tracking not-yet-stable target at 1348,694 (search 16 ms)
2026-07-23 14:48:32 [woodcutting] FindFilledBlock: found at 1310,688 (51x51 0x008B07 tol=5, 15 ms)
2026-07-23 14:48:32 [woodcutting] Tracking not-yet-stable target at 1310,688 (search 15 ms)
2026-07-23 14:48:32 [woodcutting] FindFilledBlock: found at 1310,688 (51x51 0x008B07 tol=5, 16 ms)
2026-07-23 14:48:32 [woodcutting] Tracking not-yet-stable target at 1310,688 (search 16 ms)
2026-07-23 14:48:32 [woodcutting] FindFilledBlock: found at 1310,688 (51x51 0x008B07 tol=5, 15 ms)
2026-07-23 14:48:32 [woodcutting] Tracking stable target at 1310,688 (cooldown active, search 15 ms)
2026-07-23 14:48:32 [woodcutting] FindFilledBlock: found at 1310,688 (51x51 0x008B07 tol=5, 15 ms)
2026-07-23 14:48:32 [woodcutting] Tracking stable target at 1310,688 (cooldown active, search 15 ms)
2026-07-23 14:48:32 [woodcutting] FindFilledBlock: found at 1310,688 (51x51 0x008B07 tol=5, 16 ms)
2026-07-23 14:48:32 [woodcutting] Tracking stable target at 1310,688 (cooldown active, search 16 ms)
2026-07-23 14:48:32 [woodcutting] FindFilledBlock: found at 1310,688 (51x51 0x008B07 tol=5, 16 ms)
2026-07-23 14:48:32 [woodcutting] Tracking stable target at 1310,688 (cooldown active, search 16 ms)
2026-07-23 14:48:32 [woodcutting] FindFilledBlock: found at 1310,688 (51x51 0x008B07 tol=5, 15 ms)
2026-07-23 14:48:33 [woodcutting] Clicked STABLE target at 1310,688 (search 15 ms)
2026-07-23 14:48:33 [woodcutting] ReleasePendingModifiersNow: released Ctrl
2026-07-23 14:48:33 [woodcutting] FindFilledBlock: found at 1348,694 (51x51 0x008B07 tol=5, 16 ms)
2026-07-23 14:48:33 [woodcutting] Tracking not-yet-stable target at 1348,694 (search 16 ms)
2026-07-23 14:48:33 [woodcutting] FindFilledBlock: found at 1348,694 (51x51 0x008B07 tol=5, 16 ms)
2026-07-23 14:48:33 [woodcutting] Tracking not-yet-stable target at 1348,694 (search 16 ms)
2026-07-23 14:48:33 [woodcutting] FindFilledBlock: found at 1310,688 (51x51 0x008B07 tol=5, 16 ms)
2026-07-23 14:48:33 [woodcutting] Tracking not-yet-stable target at 1310,688 (search 16 ms)
2026-07-23 14:48:33 [woodcutting] FindFilledBlock: found at 1310,688 (51x51 0x008B07 tol=5, 15 ms)
2026-07-23 14:48:33 [woodcutting] Tracking not-yet-stable target at 1310,688 (search 15 ms)
2026-07-23 14:48:33 [woodcutting] FindFilledBlock: found at 1310,688 (51x51 0x008B07 tol=5, 16 ms)
2026-07-23 14:48:33 [woodcutting] Tracking stable target at 1310,688 (cooldown active, search 16 ms)
2026-07-23 14:48:34 [woodcutting] FindFilledBlock: found at 1310,688 (51x51 0x008B07 tol=5, 0 ms)
2026-07-23 14:48:34 [woodcutting] Tracking stable target at 1310,688 (cooldown active, search 0 ms)
2026-07-23 14:48:34 [woodcutting] FindFilledBlock: found at 1310,688 (51x51 0x008B07 tol=5, 0 ms)
2026-07-23 14:48:34 [woodcutting] Tracking stable target at 1310,688 (cooldown active, search 0 ms)
2026-07-23 14:48:34 [woodcutting] FindFilledBlock: found at 1310,688 (51x51 0x008B07 tol=5, 15 ms)
2026-07-23 14:48:34 [woodcutting] Tracking stable target at 1310,688 (cooldown active, search 15 ms)
2026-07-23 14:48:34 [woodcutting] FindFilledBlock: found at 1310,688 (51x51 0x008B07 tol=5, 0 ms)
2026-07-23 14:48:34 [woodcutting] Tracking stable target at 1310,688 (cooldown active, search 0 ms)
2026-07-23 14:48:34 [woodcutting] FindFilledBlock: found at 1310,688 (51x51 0x008B07 tol=5, 16 ms)
2026-07-23 14:48:34 [woodcutting] Clicked STABLE target at 1310,688 (search 16 ms)
2026-07-23 14:48:34 [woodcutting] ReleasePendingModifiersNow: released Ctrl
2026-07-23 14:48:35 [woodcutting] FindFilledBlock: found at 1348,694 (51x51 0x008B07 tol=5, 16 ms)
2026-07-23 14:48:35 [woodcutting] Tracking not-yet-stable target at 1348,694 (search 16 ms)
2026-07-23 14:48:35 [woodcutting] FindFilledBlock: found at 1310,688 (51x51 0x008B07 tol=5, 0 ms)
2026-07-23 14:48:35 [woodcutting] Tracking not-yet-stable target at 1310,688 (search 16 ms)
2026-07-23 14:48:35 [woodcutting] FindFilledBlock: found at 1310,688 (51x51 0x008B07 tol=5, 15 ms)
2026-07-23 14:48:35 [woodcutting] Tracking not-yet-stable target at 1310,688 (search 15 ms)
2026-07-23 14:48:35 [woodcutting] FindFilledBlock: found at 1310,688 (51x51 0x008B07 tol=5, 15 ms)
2026-07-23 14:48:35 [woodcutting] Tracking stable target at 1310,688 (cooldown active, search 15 ms)
2026-07-23 14:48:35 [woodcutting] FindFilledBlock: found at 1310,688 (51x51 0x008B07 tol=5, 16 ms)
2026-07-23 14:48:35 [woodcutting] Tracking stable target at 1310,688 (cooldown active, search 16 ms)
2026-07-23 14:48:35 [woodcutting] FindFilledBlock: found at 1310,688 (51x51 0x008B07 tol=5, 15 ms)
2026-07-23 14:48:35 [woodcutting] Tracking stable target at 1310,688 (cooldown active, search 15 ms)
2026-07-23 14:48:36 [woodcutting] FindFilledBlock: found at 1310,688 (51x51 0x008B07 tol=5, 16 ms)
2026-07-23 14:48:36 [woodcutting] Tracking stable target at 1310,688 (cooldown active, search 16 ms)
2026-07-23 14:48:36 [woodcutting] FindFilledBlock: found at 1310,688 (51x51 0x008B07 tol=5, 16 ms)
2026-07-23 14:48:36 [woodcutting] Tracking stable target at 1310,688 (cooldown active, search 16 ms)
2026-07-23 14:48:36 [woodcutting] FindFilledBlock: found at 1310,688 (51x51 0x008B07 tol=5, 0 ms)
2026-07-23 14:48:36 [woodcutting] Clicked STABLE target at 1310,688 (search 0 ms)
2026-07-23 14:48:36 [woodcutting] ReleasePendingModifiersNow: released Ctrl
2026-07-23 14:48:36 [woodcutting] FindFilledBlock: found at 1348,694 (51x51 0x008B07 tol=5, 0 ms)
2026-07-23 14:48:36 [woodcutting] Tracking not-yet-stable target at 1348,694 (search 0 ms)
2026-07-23 14:48:36 [woodcutting] FindFilledBlock: found at 1348,694 (51x51 0x008B07 tol=5, 16 ms)
2026-07-23 14:48:36 [woodcutting] Tracking not-yet-stable target at 1348,694 (search 16 ms)
2026-07-23 14:48:37 [woodcutting] FindFilledBlock: found at 1310,688 (51x51 0x008B07 tol=5, 0 ms)
2026-07-23 14:48:37 [woodcutting] Tracking not-yet-stable target at 1310,688 (search 0 ms)
2026-07-23 14:48:37 [woodcutting] FindFilledBlock: found at 1310,688 (51x51 0x008B07 tol=5, 15 ms)
2026-07-23 14:48:37 [woodcutting] Tracking not-yet-stable target at 1310,688 (search 15 ms)
2026-07-23 14:48:37 [woodcutting] FindFilledBlock: found at 1310,688 (51x51 0x008B07 tol=5, 16 ms)
2026-07-23 14:48:37 [woodcutting] Tracking stable target at 1310,688 (cooldown active, search 16 ms)
2026-07-23 14:48:37 [woodcutting] FindFilledBlock: found at 1310,688 (51x51 0x008B07 tol=5, 16 ms)
2026-07-23 14:48:37 [woodcutting] Tracking stable target at 1310,688 (cooldown active, search 16 ms)
2026-07-23 14:48:37 [woodcutting] FindFilledBlock: found at 1310,688 (51x51 0x008B07 tol=5, 15 ms)
2026-07-23 14:48:37 [woodcutting] Tracking stable target at 1310,688 (cooldown active, search 15 ms)
2026-07-23 14:48:37 [woodcutting] FindFilledBlock: found at 1310,688 (51x51 0x008B07 tol=5, 15 ms)
2026-07-23 14:48:37 [woodcutting] Tracking stable target at 1310,688 (cooldown active, search 15 ms)
2026-07-23 14:48:38 [woodcutting] FindFilledBlock: found at 1310,688 (51x51 0x008B07 tol=5, 0 ms)
2026-07-23 14:48:38 [woodcutting] Clicked STABLE target at 1310,688 (search 0 ms)
2026-07-23 14:48:38 [woodcutting] ReleasePendingModifiersNow: released Ctrl
2026-07-23 14:48:38 [woodcutting] FindFilledBlock: found at 1348,694 (51x51 0x008B07 tol=5, 16 ms)
2026-07-23 14:48:38 [woodcutting] Tracking not-yet-stable target at 1348,694 (search 16 ms)
2026-07-23 14:48:38 [woodcutting] FindFilledBlock: found at 1348,694 (51x51 0x008B07 tol=5, 16 ms)
2026-07-23 14:48:38 [woodcutting] Tracking not-yet-stable target at 1348,694 (search 16 ms)
2026-07-23 14:48:38 [woodcutting] FindFilledBlock: found at 1310,688 (51x51 0x008B07 tol=5, 15 ms)
2026-07-23 14:48:38 [woodcutting] Tracking not-yet-stable target at 1310,688 (search 15 ms)
2026-07-23 14:48:38 [woodcutting] FindFilledBlock: found at 1310,688 (51x51 0x008B07 tol=5, 16 ms)
2026-07-23 14:48:38 [woodcutting] Tracking not-yet-stable target at 1310,688 (search 16 ms)
2026-07-23 14:48:38 [woodcutting] FindFilledBlock: found at 1310,688 (51x51 0x008B07 tol=5, 16 ms)
2026-07-23 14:48:38 [woodcutting] Tracking stable target at 1310,688 (cooldown active, search 16 ms)
2026-07-23 14:48:39 [woodcutting] FindFilledBlock: found at 1310,688 (51x51 0x008B07 tol=5, 15 ms)
2026-07-23 14:48:39 [woodcutting] Tracking stable target at 1310,688 (cooldown active, search 15 ms)
2026-07-23 14:48:39 [woodcutting] FindFilledBlock: found at 1310,688 (51x51 0x008B07 tol=5, 16 ms)
2026-07-23 14:48:39 [woodcutting] Tracking stable target at 1310,688 (cooldown active, search 16 ms)
2026-07-23 14:48:39 [woodcutting] FindFilledBlock: found at 1310,688 (51x51 0x008B07 tol=5, 16 ms)
2026-07-23 14:48:39 [woodcutting] Tracking stable target at 1310,688 (cooldown active, search 16 ms)
2026-07-23 14:48:39 [woodcutting] FindFilledBlock: found at 1310,688 (51x51 0x008B07 tol=5, 16 ms)
2026-07-23 14:48:39 [woodcutting] Tracking stable target at 1310,688 (cooldown active, search 16 ms)
2026-07-23 14:48:39 [woodcutting] FindFilledBlock: found at 1310,688 (51x51 0x008B07 tol=5, 15 ms)
2026-07-23 14:48:39 [woodcutting] Clicked STABLE target at 1310,688 (search 15 ms)
2026-07-23 14:48:39 [woodcutting] ReleasePendingModifiersNow: released Ctrl
2026-07-23 14:48:40 [woodcutting] FindFilledBlock: found at 1348,694 (51x51 0x008B07 tol=5, 15 ms)
2026-07-23 14:48:40 [woodcutting] Tracking not-yet-stable target at 1348,694 (search 15 ms)
2026-07-23 14:48:40 [woodcutting] FindFilledBlock: found at 1348,694 (51x51 0x008B07 tol=5, 16 ms)
2026-07-23 14:48:40 [woodcutting] Tracking not-yet-stable target at 1348,694 (search 16 ms)
2026-07-23 14:48:40 [woodcutting] FindFilledBlock: found at 1310,688 (51x51 0x008B07 tol=5, 0 ms)
2026-07-23 14:48:40 [woodcutting] Tracking not-yet-stable target at 1310,688 (search 0 ms)
2026-07-23 14:48:40 [woodcutting] FindFilledBlock: found at 1310,688 (51x51 0x008B07 tol=5, 0 ms)
2026-07-23 14:48:40 [woodcutting] Tracking not-yet-stable target at 1310,688 (search 0 ms)
2026-07-23 14:48:40 [woodcutting] FindFilledBlock: found at 1310,688 (51x51 0x008B07 tol=5, 15 ms)
2026-07-23 14:48:40 [woodcutting] Tracking stable target at 1310,688 (cooldown active, search 15 ms)
2026-07-23 14:48:40 [woodcutting] FindFilledBlock: found at 1310,688 (51x51 0x008B07 tol=5, 0 ms)
2026-07-23 14:48:40 [woodcutting] Tracking stable target at 1310,688 (cooldown active, search 0 ms)
2026-07-23 14:48:41 [woodcutting] FindFilledBlock: found at 1310,688 (51x51 0x008B07 tol=5, 15 ms)
2026-07-23 14:48:41 [woodcutting] Tracking stable target at 1310,688 (cooldown active, search 15 ms)
2026-07-23 14:48:41 [woodcutting] FindFilledBlock: found at 1310,688 (51x51 0x008B07 tol=5, 16 ms)
2026-07-23 14:48:41 [woodcutting] Tracking stable target at 1310,688 (cooldown active, search 16 ms)
2026-07-23 14:48:41 [woodcutting] FindFilledBlock: found at 1310,688 (51x51 0x008B07 tol=5, 16 ms)
2026-07-23 14:48:41 [woodcutting] Clicked STABLE target at 1310,688 (search 16 ms)
2026-07-23 14:48:41 [woodcutting] ReleasePendingModifiersNow: released Ctrl
2026-07-23 14:48:41 [woodcutting] FindFilledBlock: found at 1348,694 (51x51 0x008B07 tol=5, 16 ms)
2026-07-23 14:48:41 [woodcutting] Tracking not-yet-stable target at 1348,694 (search 16 ms)
2026-07-23 14:48:41 [woodcutting] FindFilledBlock: found at 1348,694 (51x51 0x008B07 tol=5, 0 ms)
2026-07-23 14:48:41 [woodcutting] Tracking not-yet-stable target at 1348,694 (search 0 ms)
2026-07-23 14:48:42 [woodcutting] FindFilledBlock: found at 1310,688 (51x51 0x008B07 tol=5, 0 ms)
2026-07-23 14:48:42 [woodcutting] Tracking not-yet-stable target at 1310,688 (search 0 ms)
2026-07-23 14:48:42 [woodcutting] FindFilledBlock: found at 1310,688 (51x51 0x008B07 tol=5, 0 ms)
2026-07-23 14:48:42 [woodcutting] Tracking not-yet-stable target at 1310,688 (search 0 ms)
2026-07-23 14:48:42 [woodcutting] FindFilledBlock: found at 1310,688 (51x51 0x008B07 tol=5, 0 ms)
2026-07-23 14:48:42 [woodcutting] Tracking stable target at 1310,688 (cooldown active, search 0 ms)
2026-07-23 14:48:42 [woodcutting] FindFilledBlock: found at 1310,688 (51x51 0x008B07 tol=5, 0 ms)
2026-07-23 14:48:42 [woodcutting] Tracking stable target at 1310,688 (cooldown active, search 0 ms)
2026-07-23 14:48:42 [woodcutting] FindFilledBlock: found at 1310,688 (51x51 0x008B07 tol=5, 0 ms)
2026-07-23 14:48:42 [woodcutting] Tracking stable target at 1310,688 (cooldown active, search 16 ms)
2026-07-23 14:48:42 [woodcutting] FindFilledBlock: found at 1310,688 (51x51 0x008B07 tol=5, 15 ms)
2026-07-23 14:48:42 [woodcutting] Tracking stable target at 1310,688 (cooldown active, search 15 ms)
2026-07-23 14:48:43 [woodcutting] FindFilledBlock: found at 1310,688 (51x51 0x008B07 tol=5, 16 ms)
2026-07-23 14:48:43 [woodcutting] Clicked STABLE target at 1310,688 (search 16 ms)
2026-07-23 14:48:43 [woodcutting] ReleasePendingModifiersNow: released Ctrl
2026-07-23 14:48:43 [woodcutting] FindFilledBlock: found at 1348,694 (51x51 0x008B07 tol=5, 15 ms)
2026-07-23 14:48:43 [woodcutting] Tracking not-yet-stable target at 1348,694 (search 15 ms)
2026-07-23 14:48:43 [woodcutting] FindFilledBlock: found at 1348,694 (51x51 0x008B07 tol=5, 16 ms)
2026-07-23 14:48:43 [woodcutting] Tracking not-yet-stable target at 1348,694 (search 16 ms)
2026-07-23 14:48:43 [woodcutting] FindFilledBlock: found at 1310,688 (51x51 0x008B07 tol=5, 16 ms)
2026-07-23 14:48:43 [woodcutting] Tracking not-yet-stable target at 1310,688 (search 16 ms)
2026-07-23 14:48:43 [woodcutting] FindFilledBlock: found at 1310,688 (51x51 0x008B07 tol=5, 15 ms)
2026-07-23 14:48:43 [woodcutting] Tracking not-yet-stable target at 1310,688 (search 15 ms)
2026-07-23 14:48:44 [woodcutting] FindFilledBlock: found at 1310,688 (51x51 0x008B07 tol=5, 0 ms)
2026-07-23 14:48:44 [woodcutting] Tracking stable target at 1310,688 (cooldown active, search 0 ms)
2026-07-23 14:48:44 [woodcutting] FindFilledBlock: found at 1310,688 (51x51 0x008B07 tol=5, 0 ms)
2026-07-23 14:48:44 [woodcutting] Tracking stable target at 1310,688 (cooldown active, search 0 ms)
2026-07-23 14:48:44 [woodcutting] FindFilledBlock: found at 1310,688 (51x51 0x008B07 tol=5, 0 ms)
2026-07-23 14:48:44 [woodcutting] Tracking stable target at 1310,688 (cooldown active, search 0 ms)
2026-07-23 14:48:44 [woodcutting] FindFilledBlock: found at 1310,688 (51x51 0x008B07 tol=5, 0 ms)
2026-07-23 14:48:44 [woodcutting] Tracking stable target at 1310,688 (cooldown active, search 16 ms)
2026-07-23 14:48:44 [woodcutting] FindFilledBlock: found at 1310,688 (51x51 0x008B07 tol=5, 0 ms)
2026-07-23 14:48:44 [woodcutting] Clicked STABLE target at 1310,688 (search 0 ms)
2026-07-23 14:48:44 [woodcutting] ReleasePendingModifiersNow: released Ctrl
2026-07-23 14:48:45 [woodcutting] FindFilledBlock: found at 1348,694 (51x51 0x008B07 tol=5, 15 ms)
2026-07-23 14:48:45 [woodcutting] Tracking not-yet-stable target at 1348,694 (search 15 ms)
2026-07-23 14:48:45 [woodcutting] FindFilledBlock: found at 1348,694 (51x51 0x008B07 tol=5, 0 ms)
2026-07-23 14:48:45 [woodcutting] Tracking not-yet-stable target at 1348,694 (search 0 ms)
2026-07-23 14:48:45 [woodcutting] FindFilledBlock: found at 1310,688 (51x51 0x008B07 tol=5, 16 ms)
2026-07-23 14:48:45 [woodcutting] Tracking not-yet-stable target at 1310,688 (search 16 ms)
2026-07-23 14:48:45 [woodcutting] FindFilledBlock: found at 1310,688 (51x51 0x008B07 tol=5, 0 ms)
2026-07-23 14:48:45 [woodcutting] Tracking not-yet-stable target at 1310,688 (search 0 ms)
2026-07-23 14:48:45 [woodcutting] FindFilledBlock: found at 1310,688 (51x51 0x008B07 tol=5, 15 ms)
2026-07-23 14:48:45 [woodcutting] Tracking stable target at 1310,688 (cooldown active, search 15 ms)
2026-07-23 14:48:45 [woodcutting] FindFilledBlock: found at 1310,688 (51x51 0x008B07 tol=5, 0 ms)
2026-07-23 14:48:45 [woodcutting] Tracking stable target at 1310,688 (cooldown active, search 0 ms)
2026-07-23 14:48:46 [woodcutting] FindFilledBlock: found at 1310,688 (51x51 0x008B07 tol=5, 16 ms)
2026-07-23 14:48:46 [woodcutting] Tracking stable target at 1310,688 (cooldown active, search 16 ms)
2026-07-23 14:48:46 [woodcutting] FindFilledBlock: found at 1310,688 (51x51 0x008B07 tol=5, 0 ms)
2026-07-23 14:48:46 [woodcutting] Tracking stable target at 1310,688 (cooldown active, search 0 ms)
2026-07-23 14:48:46 [woodcutting] FindFilledBlock: found at 1310,688 (51x51 0x008B07 tol=5, 15 ms)
2026-07-23 14:48:46 [woodcutting] Clicked STABLE target at 1310,688 (search 15 ms)
2026-07-23 14:48:46 [woodcutting] ReleasePendingModifiersNow: released Ctrl
2026-07-23 14:48:46 [woodcutting] FindFilledBlock: found at 1348,694 (51x51 0x008B07 tol=5, 16 ms)
2026-07-23 14:48:46 [woodcutting] Tracking not-yet-stable target at 1348,694 (search 16 ms)
2026-07-23 14:48:46 [woodcutting] FindFilledBlock: found at 1348,694 (51x51 0x008B07 tol=5, 16 ms)
2026-07-23 14:48:46 [woodcutting] Tracking not-yet-stable target at 1348,694 (search 16 ms)
2026-07-23 14:48:47 [woodcutting] FindFilledBlock: found at 1310,688 (51x51 0x008B07 tol=5, 15 ms)
2026-07-23 14:48:47 [woodcutting] Tracking not-yet-stable target at 1310,688 (search 15 ms)
2026-07-23 14:48:47 [woodcutting] FindFilledBlock: found at 1310,688 (51x51 0x008B07 tol=5, 16 ms)
2026-07-23 14:48:47 [woodcutting] Tracking not-yet-stable target at 1310,688 (search 16 ms)
2026-07-23 14:48:47 [woodcutting] FindFilledBlock: found at 1310,688 (51x51 0x008B07 tol=5, 15 ms)
2026-07-23 14:48:47 [woodcutting] Tracking stable target at 1310,688 (cooldown active, search 15 ms)
2026-07-23 14:48:47 [woodcutting] FindFilledBlock: found at 1310,688 (51x51 0x008B07 tol=5, 16 ms)
2026-07-23 14:48:47 [woodcutting] Tracking stable target at 1310,688 (cooldown active, search 16 ms)
2026-07-23 14:48:47 [woodcutting] FindFilledBlock: found at 1310,688 (51x51 0x008B07 tol=5, 0 ms)
2026-07-23 14:48:47 [woodcutting] Tracking stable target at 1310,688 (cooldown active, search 0 ms)
2026-07-23 14:48:47 [woodcutting] FindFilledBlock: found at 1310,688 (51x51 0x008B07 tol=5, 0 ms)
2026-07-23 14:48:47 [woodcutting] Tracking stable target at 1310,688 (cooldown active, search 16 ms)
2026-07-23 14:48:48 [woodcutting] FindFilledBlock: found at 1310,688 (51x51 0x008B07 tol=5, 0 ms)
2026-07-23 14:48:48 [woodcutting] Clicked STABLE target at 1310,688 (search 0 ms)
2026-07-23 14:48:48 [woodcutting] ReleasePendingModifiersNow: released Ctrl
2026-07-23 14:48:48 [woodcutting] FindFilledBlock: found at 1348,694 (51x51 0x008B07 tol=5, 0 ms)
2026-07-23 14:48:48 [woodcutting] Tracking not-yet-stable target at 1348,694 (search 0 ms)
2026-07-23 14:48:48 [woodcutting] FindFilledBlock: found at 1348,694 (51x51 0x008B07 tol=5, 0 ms)
2026-07-23 14:48:48 [woodcutting] Tracking not-yet-stable target at 1348,694 (search 16 ms)
2026-07-23 14:48:48 [woodcutting] FindFilledBlock: found at 1310,688 (51x51 0x008B07 tol=5, 0 ms)
2026-07-23 14:48:48 [woodcutting] Tracking not-yet-stable target at 1310,688 (search 0 ms)
2026-07-23 14:48:48 [woodcutting] FindFilledBlock: found at 1310,688 (51x51 0x008B07 tol=5, 16 ms)
2026-07-23 14:48:48 [woodcutting] Tracking not-yet-stable target at 1310,688 (search 16 ms)
2026-07-23 14:48:49 [woodcutting] FindFilledBlock: found at 1310,688 (51x51 0x008B07 tol=5, 15 ms)
2026-07-23 14:48:49 [woodcutting] Tracking stable target at 1310,688 (cooldown active, search 15 ms)
2026-07-23 14:48:49 [woodcutting] FindFilledBlock: found at 1310,688 (51x51 0x008B07 tol=5, 15 ms)
2026-07-23 14:48:49 [woodcutting] Tracking stable target at 1310,688 (cooldown active, search 15 ms)
2026-07-23 14:48:49 [woodcutting] FindFilledBlock: found at 1310,688 (51x51 0x008B07 tol=5, 0 ms)
2026-07-23 14:48:49 [woodcutting] Tracking stable target at 1310,688 (cooldown active, search 16 ms)
2026-07-23 14:48:49 [woodcutting] FindFilledBlock: found at 1310,688 (51x51 0x008B07 tol=5, 15 ms)
2026-07-23 14:48:49 [woodcutting] Tracking stable target at 1310,688 (cooldown active, search 15 ms)
2026-07-23 14:48:49 [woodcutting] FindFilledBlock: found at 1310,688 (51x51 0x008B07 tol=5, 16 ms)
2026-07-23 14:48:49 [woodcutting] Clicked STABLE target at 1310,688 (search 16 ms)
2026-07-23 14:48:49 [woodcutting] ReleasePendingModifiersNow: released Ctrl
2026-07-23 14:48:50 [woodcutting] FindFilledBlock: found at 1348,694 (51x51 0x008B07 tol=5, 0 ms)
2026-07-23 14:48:50 [woodcutting] Tracking not-yet-stable target at 1348,694 (search 16 ms)
2026-07-23 14:48:50 [woodcutting] FindFilledBlock: found at 1348,694 (51x51 0x008B07 tol=5, 0 ms)
2026-07-23 14:48:50 [woodcutting] Tracking not-yet-stable target at 1348,694 (search 0 ms)
2026-07-23 14:48:50 [woodcutting] FindFilledBlock: found at 1310,688 (51x51 0x008B07 tol=5, 15 ms)
2026-07-23 14:48:50 [woodcutting] Tracking not-yet-stable target at 1310,688 (search 15 ms)
2026-07-23 14:48:50 [woodcutting] FindFilledBlock: found at 1310,688 (51x51 0x008B07 tol=5, 0 ms)
2026-07-23 14:48:50 [woodcutting] Tracking not-yet-stable target at 1310,688 (search 0 ms)
2026-07-23 14:48:50 [woodcutting] FindFilledBlock: found at 1310,688 (51x51 0x008B07 tol=5, 16 ms)
2026-07-23 14:48:50 [woodcutting] Tracking stable target at 1310,688 (cooldown active, search 16 ms)
2026-07-23 14:48:50 [woodcutting] FindFilledBlock: found at 1310,688 (51x51 0x008B07 tol=5, 0 ms)
2026-07-23 14:48:50 [woodcutting] Tracking stable target at 1310,688 (cooldown active, search 0 ms)
2026-07-23 14:48:50 [woodcutting] FindFilledBlock: found at 1310,688 (51x51 0x008B07 tol=5, 15 ms)
2026-07-23 14:48:50 [woodcutting] Tracking stable target at 1310,688 (cooldown active, search 15 ms)
2026-07-23 14:48:51 [woodcutting] FindFilledBlock: found at 1310,688 (51x51 0x008B07 tol=5, 0 ms)
2026-07-23 14:48:51 [woodcutting] Tracking stable target at 1310,688 (cooldown active, search 0 ms)
2026-07-23 14:48:51 [woodcutting] FindFilledBlock: found at 1310,688 (51x51 0x008B07 tol=5, 16 ms)
2026-07-23 14:48:51 [woodcutting] Tracking stable target at 1310,688 (cooldown active, search 16 ms)
2026-07-23 14:48:51 [woodcutting] FindFilledBlock: found at 1310,688 (51x51 0x008B07 tol=5, 0 ms)
2026-07-23 14:48:51 [woodcutting] Clicked STABLE target at 1310,688 (search 0 ms)
2026-07-23 14:48:51 [woodcutting] ReleasePendingModifiersNow: released Ctrl
2026-07-23 14:48:51 [woodcutting] FindFilledBlock: found at 1348,694 (51x51 0x008B07 tol=5, 0 ms)
2026-07-23 14:48:51 [woodcutting] Tracking not-yet-stable target at 1348,694 (search 0 ms)
2026-07-23 14:48:51 [woodcutting] FindFilledBlock: found at 1348,694 (51x51 0x008B07 tol=5, 15 ms)
2026-07-23 14:48:51 [woodcutting] Tracking not-yet-stable target at 1348,694 (search 15 ms)
2026-07-23 14:48:52 [woodcutting] FindFilledBlock: found at 1310,688 (51x51 0x008B07 tol=5, 0 ms)
2026-07-23 14:48:52 [woodcutting] Tracking not-yet-stable target at 1310,688 (search 0 ms)
2026-07-23 14:48:52 [woodcutting] FindFilledBlock: found at 1310,688 (51x51 0x008B07 tol=5, 16 ms)
2026-07-23 14:48:52 [woodcutting] Tracking not-yet-stable target at 1310,688 (search 16 ms)
2026-07-23 14:48:52 [woodcutting] FindFilledBlock: found at 1310,688 (51x51 0x008B07 tol=5, 0 ms)
2026-07-23 14:48:52 [woodcutting] Tracking stable target at 1310,688 (cooldown active, search 0 ms)
2026-07-23 14:48:52 [woodcutting] FindFilledBlock: found at 1310,688 (51x51 0x008B07 tol=5, 0 ms)
2026-07-23 14:48:52 [woodcutting] Tracking stable target at 1310,688 (cooldown active, search 0 ms)
2026-07-23 14:48:52 [woodcutting] FindFilledBlock: found at 1310,688 (51x51 0x008B07 tol=5, 0 ms)
2026-07-23 14:48:52 [woodcutting] Tracking stable target at 1310,688 (cooldown active, search 0 ms)
2026-07-23 14:48:52 [woodcutting] FindFilledBlock: found at 1310,688 (51x51 0x008B07 tol=5, 0 ms)
2026-07-23 14:48:52 [woodcutting] Tracking stable target at 1310,688 (cooldown active, search 0 ms)
2026-07-23 14:48:53 [woodcutting] FindFilledBlock: found at 1310,688 (51x51 0x008B07 tol=5, 0 ms)
2026-07-23 14:48:53 [woodcutting] Clicked STABLE target at 1310,688 (search 0 ms)
2026-07-23 14:48:53 [woodcutting] ReleasePendingModifiersNow: released Ctrl
2026-07-23 14:48:53 [woodcutting] FindFilledBlock: found at 1348,694 (51x51 0x008B07 tol=5, 0 ms)
2026-07-23 14:48:53 [woodcutting] Tracking not-yet-stable target at 1348,694 (search 0 ms)
2026-07-23 14:48:53 [woodcutting] FindFilledBlock: found at 1348,694 (51x51 0x008B07 tol=5, 0 ms)
2026-07-23 14:48:53 [woodcutting] Tracking not-yet-stable target at 1348,694 (search 0 ms)
2026-07-23 14:48:53 [woodcutting] FindFilledBlock: found at 1310,688 (51x51 0x008B07 tol=5, 15 ms)
2026-07-23 14:48:53 [woodcutting] Tracking not-yet-stable target at 1310,688 (search 15 ms)
2026-07-23 14:48:53 [woodcutting] FindFilledBlock: found at 1310,688 (51x51 0x008B07 tol=5, 0 ms)
2026-07-23 14:48:53 [woodcutting] Tracking not-yet-stable target at 1310,688 (search 0 ms)
2026-07-23 14:48:54 [woodcutting] FindFilledBlock: found at 1310,688 (51x51 0x008B07 tol=5, 16 ms)
2026-07-23 14:48:54 [woodcutting] Tracking stable target at 1310,688 (cooldown active, search 16 ms)
2026-07-23 14:48:54 [woodcutting] FindFilledBlock: found at 1310,688 (51x51 0x008B07 tol=5, 0 ms)
2026-07-23 14:48:54 [woodcutting] Tracking stable target at 1310,688 (cooldown active, search 0 ms)
2026-07-23 14:48:54 [woodcutting] FindFilledBlock: found at 1310,688 (51x51 0x008B07 tol=5, 15 ms)
2026-07-23 14:48:54 [woodcutting] Tracking stable target at 1310,688 (cooldown active, search 15 ms)
2026-07-23 14:48:54 [woodcutting] FindFilledBlock: found at 1310,688 (51x51 0x008B07 tol=5, 0 ms)
2026-07-23 14:48:54 [woodcutting] Tracking stable target at 1310,688 (cooldown active, search 0 ms)
2026-07-23 14:48:54 [woodcutting] FindFilledBlock: found at 1310,688 (51x51 0x008B07 tol=5, 16 ms)
2026-07-23 14:48:54 [woodcutting] Clicked STABLE target at 1310,688 (search 16 ms)
2026-07-23 14:48:54 [woodcutting] ReleasePendingModifiersNow: released Ctrl
2026-07-23 14:48:55 [woodcutting] FindFilledBlock: found at 1348,694 (51x51 0x008B07 tol=5, 15 ms)
2026-07-23 14:48:55 [woodcutting] Tracking not-yet-stable target at 1348,694 (search 15 ms)
2026-07-23 14:48:55 [woodcutting] FindFilledBlock: found at 1310,688 (51x51 0x008B07 tol=5, 15 ms)
2026-07-23 14:48:55 [woodcutting] Tracking not-yet-stable target at 1310,688 (search 15 ms)
2026-07-23 14:48:55 [woodcutting] FindFilledBlock: found at 1310,688 (51x51 0x008B07 tol=5, 16 ms)
2026-07-23 14:48:55 [woodcutting] Tracking not-yet-stable target at 1310,688 (search 16 ms)
2026-07-23 14:48:55 [woodcutting] FindFilledBlock: found at 1310,688 (51x51 0x008B07 tol=5, 16 ms)
2026-07-23 14:48:55 [woodcutting] Tracking stable target at 1310,688 (cooldown active, search 16 ms)
2026-07-23 14:48:55 [woodcutting] FindFilledBlock: found at 1310,688 (51x51 0x008B07 tol=5, 0 ms)
2026-07-23 14:48:55 [woodcutting] Tracking stable target at 1310,688 (cooldown active, search 0 ms)
2026-07-23 14:48:55 [woodcutting] FindFilledBlock: found at 1310,688 (51x51 0x008B07 tol=5, 15 ms)
2026-07-23 14:48:55 [woodcutting] Tracking stable target at 1310,688 (cooldown active, search 15 ms)
2026-07-23 14:48:56 [woodcutting] FindFilledBlock: found at 1310,688 (51x51 0x008B07 tol=5, 0 ms)
2026-07-23 14:48:56 [woodcutting] Tracking stable target at 1310,688 (cooldown active, search 0 ms)
2026-07-23 14:48:56 [woodcutting] FindFilledBlock: found at 1310,688 (51x51 0x008B07 tol=5, 15 ms)
2026-07-23 14:48:56 [woodcutting] Tracking stable target at 1310,688 (cooldown active, search 15 ms)
2026-07-23 14:48:56 [woodcutting] FindFilledBlock: found at 1310,688 (51x51 0x008B07 tol=5, 0 ms)
2026-07-23 14:48:56 [woodcutting] Clicked STABLE target at 1310,688 (search 0 ms)
2026-07-23 14:48:56 [woodcutting] ReleasePendingModifiersNow: released Ctrl
2026-07-23 14:48:56 [woodcutting] FindFilledBlock: found at 1348,694 (51x51 0x008B07 tol=5, 15 ms)
2026-07-23 14:48:56 [woodcutting] Tracking not-yet-stable target at 1348,694 (search 15 ms)
2026-07-23 14:48:56 [woodcutting] FindFilledBlock: found at 1310,688 (51x51 0x008B07 tol=5, 15 ms)
2026-07-23 14:48:56 [woodcutting] Tracking not-yet-stable target at 1310,688 (search 15 ms)
2026-07-23 14:48:57 [woodcutting] FindFilledBlock: found at 1310,688 (51x51 0x008B07 tol=5, 0 ms)
2026-07-23 14:48:57 [woodcutting] Tracking not-yet-stable target at 1310,688 (search 15 ms)
2026-07-23 14:48:57 [woodcutting] FindFilledBlock: not found (51x51 0x008B07 tol=5, 16 ms)
2026-07-23 14:48:57 [woodcutting] Target depleted or lost - re-acquiring (searched 16 ms)
2026-07-23 14:48:57 [woodcutting] FindFilledBlock: not found (51x51 0x008B07 tol=5, 16 ms)
2026-07-23 14:48:57 [woodcutting] FindFilledBlock: found at 1114,608 (51x51 0x56FF50 tol=5, 0 ms)
2026-07-23 14:48:57 [woodcutting] Acquired new target at 1114,608 (0x56FF50, ring 160, 31 ms)
2026-07-23 14:48:57 [woodcutting] FindFilledBlock: found at 1112,608 (51x51 0x56FF50 tol=5, 16 ms)
2026-07-23 14:48:57 [woodcutting] Clicked initial/re-click target at 1112,608 (search 16 ms)
2026-07-23 14:48:57 [woodcutting] ReleasePendingModifiersNow: released Ctrl
2026-07-23 14:48:57 [woodcutting] FindFilledBlock: found at 1150,626 (51x51 0x56FF50 tol=5, 16 ms)
2026-07-23 14:48:57 [woodcutting] Tracking not-yet-stable target at 1150,626 (search 16 ms)
2026-07-23 14:48:58 [woodcutting] FindFilledBlock: found at 1150,626 (51x51 0x56FF50 tol=5, 16 ms)
2026-07-23 14:48:58 [woodcutting] Tracking not-yet-stable target at 1150,626 (search 16 ms)
2026-07-23 14:48:58 [woodcutting] FindFilledBlock: found at 1112,608 (51x51 0x56FF50 tol=5, 15 ms)
2026-07-23 14:48:58 [woodcutting] Tracking not-yet-stable target at 1112,608 (search 15 ms)
2026-07-23 14:48:58 [woodcutting] FindFilledBlock: found at 1112,608 (51x51 0x56FF50 tol=5, 16 ms)
2026-07-23 14:48:58 [woodcutting] Tracking not-yet-stable target at 1112,608 (search 16 ms)
2026-07-23 14:48:58 [woodcutting] FindFilledBlock: found at 1114,608 (51x51 0x56FF50 tol=5, 16 ms)
2026-07-23 14:48:58 [woodcutting] Tracking stable target at 1114,608 (cooldown active, search 16 ms)
2026-07-23 14:48:58 [woodcutting] FindFilledBlock: found at 1116,612 (51x51 0x56FF50 tol=5, 0 ms)
2026-07-23 14:48:58 [woodcutting] Tracking stable target at 1116,612 (cooldown active, search 0 ms)
2026-07-23 14:48:58 [woodcutting] FindFilledBlock: found at 1120,616 (51x51 0x56FF50 tol=5, 15 ms)
2026-07-23 14:48:58 [woodcutting] Tracking stable target at 1120,616 (cooldown active, search 15 ms)
2026-07-23 14:48:59 [woodcutting] FindFilledBlock: found at 1126,620 (51x51 0x56FF50 tol=5, 0 ms)
2026-07-23 14:48:59 [woodcutting] Tracking not-yet-stable target at 1126,620 (search 0 ms)
2026-07-23 14:48:59 [woodcutting] FindFilledBlock: found at 1132,628 (51x51 0x56FF50 tol=5, 15 ms)
2026-07-23 14:48:59 [woodcutting] Tracking not-yet-stable target at 1132,628 (search 15 ms)
2026-07-23 14:48:59 [woodcutting] FindFilledBlock: found at 1138,634 (51x51 0x56FF50 tol=5, 0 ms)
2026-07-23 14:48:59 [woodcutting] Tracking not-yet-stable target at 1138,634 (search 0 ms)
2026-07-23 14:48:59 [woodcutting] FindFilledBlock: found at 1142,638 (51x51 0x56FF50 tol=5, 16 ms)
2026-07-23 14:48:59 [woodcutting] Tracking not-yet-stable target at 1142,638 (search 16 ms)
2026-07-23 14:48:59 [woodcutting] FindFilledBlock: found at 1144,642 (51x51 0x56FF50 tol=5, 15 ms)
2026-07-23 14:48:59 [woodcutting] Clicked STABLE target at 1144,642 (search 15 ms)
2026-07-23 14:48:59 [woodcutting] ReleasePendingModifiersNow: released Ctrl
2026-07-23 14:49:00 [woodcutting] FindFilledBlock: found at 1182,662 (51x51 0x56FF50 tol=5, 16 ms)
2026-07-23 14:49:00 [woodcutting] Tracking not-yet-stable target at 1182,662 (search 16 ms)
2026-07-23 14:49:00 [woodcutting] FindFilledBlock: found at 1148,644 (51x51 0x56FF50 tol=5, 16 ms)
2026-07-23 14:49:00 [woodcutting] Tracking not-yet-stable target at 1148,644 (search 16 ms)
2026-07-23 14:49:00 [woodcutting] FindFilledBlock: found at 1148,646 (51x51 0x56FF50 tol=5, 15 ms)
2026-07-23 14:49:00 [woodcutting] Tracking not-yet-stable target at 1148,646 (search 15 ms)
2026-07-23 14:49:00 [woodcutting] FindFilledBlock: found at 1148,646 (51x51 0x56FF50 tol=5, 16 ms)
2026-07-23 14:49:00 [woodcutting] Tracking stable target at 1148,646 (cooldown active, search 16 ms)
2026-07-23 14:49:00 [woodcutting] FindFilledBlock: found at 1148,646 (51x51 0x56FF50 tol=5, 16 ms)
2026-07-23 14:49:00 [woodcutting] Tracking stable target at 1148,646 (cooldown active, search 16 ms)
2026-07-23 14:49:00 [woodcutting] FindFilledBlock: found at 1148,646 (51x51 0x56FF50 tol=5, 16 ms)
2026-07-23 14:49:00 [woodcutting] Tracking stable target at 1148,646 (cooldown active, search 16 ms)
2026-07-23 14:49:01 [woodcutting] FindFilledBlock: found at 1148,646 (51x51 0x56FF50 tol=5, 15 ms)
2026-07-23 14:49:01 [woodcutting] Tracking stable target at 1148,646 (cooldown active, search 15 ms)
2026-07-23 14:49:01 [woodcutting] FindFilledBlock: found at 1148,646 (51x51 0x56FF50 tol=5, 16 ms)
2026-07-23 14:49:01 [woodcutting] Tracking stable target at 1148,646 (cooldown active, search 16 ms)
2026-07-23 14:49:01 [woodcutting] F12 pressed - exiting
